Date,Close,High,Low,Open,Volume,Ticker
2005-09-30,1.6034557819366455,1.6046516956150103,1.5517118247129291,1.565171668935696,531633200,AAPL
2005-10-03,1.6282806396484375,1.6312712720496803,1.6055491977768992,1.619905950450592,507553200,AAPL
2005-10-04,1.6076430082321167,1.655498520323836,1.6043525736372883,1.643534392715467,539459200,AAPL
2005-10-05,1.578629970550537,1.6258875599761464,1.5777330606162594,1.6249897515345881,610769600,AAPL
2005-10-06,1.546327829360962,1.5998655816844325,1.5215027737338,1.591191892161088,757537200,AAPL
2005-10-07,1.534363865852356,1.553206961872725,1.511931432786993,1.5469259964220323,677882800,AAPL
2005-10-10,1.506548523902893,1.5526094137381057,1.5038560962022296,1.5481221673492251,507505600,AAPL
2005-10-11,1.543038010597229,1.5514127002200333,1.5074455297832232,1.5322706951310168,1225884800,AAPL
2005-10-12,1.4730501174926758,1.504455258962336,1.4317745690687562,1.4551039230303855,2697486400,AAPL
2005-10-13,1.6073436737060547,1.6136246397379945,1.4736474704198037,1.4787318242691,1865575600,AAPL
2005-10-14,1.6151196956634521,1.6255881063983513,1.5789293121595265,1.6160175042974043,1035552000,AAPL
2005-10-17,1.5983705520629883,1.621999804547991,1.575639907016638,1.614522024926842,616834400,AAPL
2005-10-18,1.5615818500518799,1.6136246981330384,1.561282846746631,1.5926879775453073,609588000,AAPL
2005-10-19,1.6432350873947144,1.6438330939968904,1.5316724133046096,1.5573944842624496,1008683200,AAPL
2005-10-20,1.679126501083374,1.6898938135647847,1.6255878437726055,1.6291771808794198,1357762000,AAPL
2005-10-21,1.664770245552063,1.7042511707928807,1.6557976483411379,1.7000637258146882,796726000,AAPL
2005-10-24,1.6985673904418945,1.6985673904418945,1.6477212605054636,1.6525066106608575,609753200,AAPL
2005-10-25,1.6779295206069946,1.7003618519690054,1.6656672928331564,1.686903012222969,465127600,AAPL
2005-10-26,1.7057466506958008,1.721598120437,1.6725467976781554,1.6833141125109898,631593200,AAPL
2005-10-27,1.6572926044464111,1.705147299533207,1.6572926044464111,1.704549293050216,411541200,AAPL
2005-10-28,1.6291773319244385,1.6878002483024883,1.6202047370816377,1.6761360247580823,769787200,AAPL
2005-10-31,1.722495675086975,1.7341598977009625,1.6375518893797558,1.6510117289947976,940844800,AAPL
2005-11-01,1.7198033332824707,1.7389461340474492,1.700960234664585,1.7120274502602295,749686000,AAPL
2005-11-02,1.793082356452942,1.7945780721244722,1.7227951009874456,1.7263845390634163,857060400,AAPL
2005-11-03,1.8499109745025635,1.8639678236190107,1.7966712150494502,1.8023543743284582,884382800,AAPL
2005-11-04,1.8289741277694702,1.8316658562988688,1.783212346749936,1.8050458771231435,878035200,AAPL
2005-11-07,1.801457166671753,1.844527431433498,1.7987654373546957,1.8200011670124077,638831200,AAPL
2005-11-08,1.7915871143341064,1.805943865690867,1.7676588626256349,1.79308203106092,473765600,AAPL
2005-11-09,1.797867774963379,1.830767717788751,1.7945774412447522,1.7945774412447522,552930000,AAPL
2005-11-10,1.8298712968826294,1.8304693035651327,1.764967505162697,1.8137199250781604,665344400,AAPL
2005-11-11,1.8406381607055664,1.8576866381892387,1.8346560986633709,1.8406381607055664,425448800,AAPL
2005-11-14,1.8379464149475098,1.8537980788130919,1.821795049010354,1.840637943211876,369933200,AAPL
2005-11-15,1.8627722263336182,1.8866994817622695,1.8382459658873516,1.8424334102971625,536841200,AAPL
2005-11-16,1.9426311254501343,1.9459206619292468,1.8869987241174346,1.8887935431408485,784515200,AAPL
2005-11-17,1.9297696352005005,1.9704464664006438,1.9216938499896692,1.9617726745462274,676205600,AAPL
2005-11-18,1.9309664964675903,1.956988485154087,1.9252843320948612,1.953399045666823,524960800,AAPL
2005-11-21,1.942929744720459,1.9498087185715007,1.905841549148151,1.9387424998397498,511711200,AAPL
2005-11-22,1.9895886182785034,1.996767294227048,1.9297697796252493,1.9393402826588109,540282400,AAPL
2005-11-23,2.007235050201416,2.03325601987651,1.994673120150704,2.000355280009927,485853200,AAPL
2005-11-25,2.07393479347229,2.079916059740216,2.018900395015814,2.0236866459741685,395012800,AAPL
2005-11-28,2.0835039615631104,2.1256762902835584,2.0658574820070976,2.115207884025939,1018519600,AAPL
2005-11-29,2.036846399307251,2.1026473104928365,2.0144138575434893,2.0933757097060006,891433200,AAPL
2005-11-30,2.0284714698791504,2.059278698479993,2.019498773700057,2.0467165644262377,595674800,AAPL
2005-12-01,2.1415300369262695,2.1454183786055676,2.058082039439668,2.062269484325066,812893200,AAPL
2005-12-02,2.1723363399505615,2.1756258748075195,2.1146104441714884,2.161568030125336,895762000,AAPL
2005-12-05,2.1481101512908936,2.1693458803489167,2.138239745289725,2.15199849304893,583671200,AAPL
2005-12-06,2.2148077487945557,2.2381369899134507,2.1938709329331627,2.2112183122352063,857029600,AAPL
2005-12-07,2.211817502975464,2.227071967598414,2.1869931325302727,2.220192193870376,679464800,AAPL
2005-12-08,2.215704917907715,2.218397444895856,2.171438656080211,2.189384842635207,790479200,AAPL
2005-12-09,2.2231833934783936,2.2309600767610904,2.193871878571769,2.2195939553718658,555402400,AAPL
2005-12-12,2.240530490875244,2.253690431110401,2.2300620797843607,2.239334477553716,524994400,AAPL
2005-12-13,2.242624044418335,2.2569807968471927,2.219593699434096,2.2387357032253448,493816400,AAPL
2005-12-14,2.153792381286621,2.1923754845488426,2.101749638045791,2.169345144034785,1450716400,AAPL
2005-12-15,2.1588780879974365,2.1792169126005727,2.134052913591056,2.1738328535661484,561162000,AAPL
2005-12-16,2.126875638961792,2.1624681428964907,2.1253799223769834,2.1576826884327196,671171200,AAPL
2005-12-19,2.1349496841430664,2.1714390724587,2.1247803761468775,2.126874098313103,529295200,AAPL
2005-12-20,2.15678334236145,2.1648591275816536,2.127172928560685,2.1424265905271946,479108000,AAPL
2005-12-21,2.1983580589294434,2.2016483935813085,2.1696445529554085,2.1714391720373287,475736800,AAPL
2005-12-22,2.213909864425659,2.2279677090672023,2.201347934508066,2.210620329578211,370610800,AAPL
2005-12-23,2.19387149810791,2.2210892858721283,2.1923757826830355,2.2183977568469904,229857600,AAPL
2005-12-27,2.220191240310669,2.2486056360383992,2.211816553012638,2.2133122682106343,590590000,AAPL
2005-12-28,2.200451612472534,2.236044089528195,2.1929738338695457,2.2273702976323198,398115200,AAPL
2005-12-29,2.1370432376861572,2.2079292848996213,2.1361455289205087,2.20673247299097,490025200,AAPL
2005-12-30,2.1502037048339844,2.1663550773530593,2.1038437089340523,2.120892191350745,624262800,AAPL
2006-01-03,2.2357451915740967,2.2357451915740967,2.1609709927111425,2.1648593341140487,807234400,AAPL
2006-01-04,2.2423248291015625,2.2725332465969594,2.228266982127936,2.247110079798519,619603600,AAPL
2006-01-05,2.2246785163879395,2.240231080135849,2.2058354189450986,2.2381373582714654,449422400,AAPL
2006-01-06,2.2821052074432373,2.2940693359913653,2.22976334305538,2.2507001686778696,704457600,AAPL
2006-01-09,2.2746269702911377,2.309023633285799,2.265355371534791,2.2949657850670127,675040800,AAPL
2006-01-10,2.418492317199707,2.4492995391806587,2.2680468424081326,2.280608774094219,2279869200,AAPL
2006-01-11,2.50941801071167,2.536335893179709,2.470236101948304,2.507623392035261,1493794400,AAPL
2006-01-12,2.521082639694214,2.584192008972909,2.5010437262533127,2.541421454969376,1280809600,AAPL
2006-01-13,2.5599653720855713,2.572527304138103,2.5303549610558114,2.542019184386784,776305600,AAPL
2006-01-17,2.533644914627075,2.583594146957676,2.508520846707107,2.5632553305438783,835623600,AAPL
2006-01-18,2.46724534034729,2.5139050392466333,2.4481033349478176,2.4848926284510733,1200637200,AAPL
2006-01-19,2.3640568256378174,2.442420647551992,2.3550843307583174,2.4301576189115788,1695848000,AAPL
2006-01-20,2.2758238315582275,2.39396658476195,2.268047149396339,2.371235942606417,1134758800,AAPL
2006-01-23,2.3230817317962646,2.3796108362372292,2.2731324981065764,2.2761229309597004,1059730000,AAPL
2006-01-24,2.2743282318115234,2.3754235077133368,2.2662524460786515,2.3556824984757534,1142254400,AAPL
2006-01-25,2.219294309616089,2.3179959376356063,2.190879714485266,2.314706202837558,1275786400,AAPL
2006-01-26,2.163362979888916,2.25608334247082,2.151399654700366,2.2291646627868498,1181387200,AAPL
2006-01-27,2.1543915271759033,2.2013493427009707,2.12657572184976,2.1819082292332324,953864800,AAPL
2006-01-30,2.2432219982147217,2.291077505735733,2.11969518781335,2.1286686819992653,1398401200,AAPL
2006-01-31,2.258476495742798,2.283301659224878,2.205835736118735,2.2581775922446425,913542000,AAPL
2006-02-01,2.255783796310425,2.28688992149634,2.2324543521722156,2.241726748474321,521186400,AAPL
2006-02-02,2.156484842300415,2.253990492813163,2.1549891265707544,2.246213809294431,707322000,AAPL
2006-02-03,2.1490066051483154,2.1771221014510287,2.124780248451061,2.1606716279448093,692123600,AAPL
2006-02-06,2.0129177570343018,2.1687475093722792,1.9961683793031624,2.1540918537746157,1651767600,AAPL
2006-02-07,2.0218920707702637,2.078122489662615,1.9943753673930318,2.041931192068451,1388830800,AAPL
2006-02-08,2.058081865310669,2.0661576511920936,1.9740358681911447,2.048510363856932,953114400,AAPL
2006-02-09,1.9426311254501343,2.070644311083936,1.9300689896332384,2.0667557694796437,1149764000,AAPL
2006-02-10,2.0132179260253906,2.023985241946861,1.8813164091379686,1.949509942422905,1760477600,AAPL
2006-02-13,1.9354524612426758,1.9964689270096334,1.9333589381002636,1.9928794882369925,883498000,AAPL
2006-02-14,2.0230867862701416,2.0368455284660474,1.944125966208713,1.947116597784296,1160938800,AAPL
2006-02-15,2.070345163345337,2.0823092921216975,1.9964686648350176,2.0087308984889334,1159771200,AAPL
2006-02-16,2.1107218265533447,2.123881962178048,2.0781209898954263,2.0909820224528284,948175200,AAPL
2006-02-17,2.1023473739624023,2.120293559994745,2.0820087624623302,2.1026464770629416,575999200,AAPL
2006-02-21,2.066157102584839,2.117601039006792,2.0541929785298203,2.111320073546199,779606800,AAPL
2006-02-22,2.1331543922424316,2.1436228001029773,2.033853969269236,2.0637642764944313,978238800,AAPL
2006-02-23,2.1460158824920654,2.183402975820505,2.136444382471315,2.14721269437275,856917600,AAPL
2006-02-24,2.1373419761657715,2.180112320639679,2.12956509610623,2.157680587083254,534744000,AAPL
2006-02-27,2.1232850551605225,2.157082920593175,2.1131157452748344,2.153194379036485,791240800,AAPL
2006-02-28,2.0485105514526367,2.165457509832365,2.0368463250068998,2.1409320451030633,1266980400,AAPL
2006-03-01,2.0667550563812256,2.0784202778324676,2.03445311714601,2.058978375192602,763817600,AAPL
2006-03-02,2.0820083618164062,2.093374477117972,2.0538936741173712,2.063464971492792,625273600,AAPL
2006-03-03,2.025480031967163,2.090982830341162,2.019797870166118,2.075728168678366,737668400,AAPL
2006-03-06,1.9584821462631226,2.0254796492177216,1.9423315757820867,2.024582739175307,912665600,AAPL
2006-03-07,1.9833077192306519,2.000955008803103,1.9465194210075163,1.9668574415381646,872877600,AAPL
2006-03-08,1.9638662338256836,2.009927117682748,1.9545946357646626,1.9827093317521332,653251200,AAPL
2006-03-09,1.9121217727661133,1.9880927455284507,1.9085331353564388,1.9734370961727437,799304800,AAPL
2006-03-10,1.8899900913238525,1.928872107572057,1.867856455704076,1.9157119668105058,1043142800,AAPL
2006-03-13,1.964463710784912,1.9824096941478162,1.9378447372982361,1.9456206179387077,861187600,AAPL
2006-03-14,2.013516664505005,2.013516664505005,1.9590812839515652,1.967156870064869,642020400,AAPL
2006-03-15,1.980913758277893,2.0350504060422634,1.9596780430644014,2.025180006476058,891996000,AAPL
2006-03-16,1.9234884977340698,2.000954411230761,1.9231893946046819,1.9994586959155105,749638400,AAPL
2006-03-17,1.9339568614959717,1.9602767382448816,1.9175063894400617,1.936648390259686,812042000,AAPL
2006-03-20,1.9139175415039062,1.9578847156696604,1.9103281032634907,1.950706837530666,605441200,AAPL
2006-03-21,1.8487147092819214,1.924386028406538,1.8361527731329812,1.8487147092819214,1345366400,AAPL
2006-03-22,1.8445278406143188,1.891785361279509,1.832563709136128,1.8591835023382708,1345895600,AAPL
2006-03-23,1.7993632555007935,1.851406212088243,1.7829135784338905,1.8490133865742568,1427826400,AAPL
2006-03-24,1.793381690979004,1.822693199626644,1.7655650990229728,1.8020554823507393,1071980000,AAPL
2006-03-27,1.7799218893051147,1.8358531792486967,1.7766323537050688,1.8050459545565989,1108072000,AAPL
2006-03-28,1.7559945583343506,1.7987649086301956,1.7422358142308147,1.7835112478681705,1370322800,AAPL
2006-03-29,1.8642668724060059,1.869950032128011,1.7248885932089453,1.7685566563323576,2346834000,AAPL
2006-03-30,1.8768293857574463,1.8932798632617722,1.840339990766421,1.8789231083066988,1390650800,AAPL
2006-03-31,1.875931978225708,1.9025517585311893,1.8615752270758053,1.8917844447541612,815357200,AAPL
2006-04-03,1.873839020729065,1.9178062022062117,1.872642408004361,1.9043473539964009,815791200,AAPL
2006-04-04,1.8295719623565674,1.8609769897040143,1.8259825254287732,1.85738755277622,931924000,AAPL
2006-04-05,2.010226011276245,2.010226011276245,1.9187022506054674,1.9354516265315653,2233408800,AAPL
2006-04-06,2.1307623386383057,2.154988695644986,2.0398365776406373,2.0428280085017723,2663768800,AAPL
2006-04-07,2.087393283843994,2.129864735590367,2.047912464433935,2.1214900465743445,1545238800,AAPL
2006-04-10,2.0538947582244873,2.121490284603065,2.04731468747398,2.1023480790848996,903515200,AAPL
2006-04-11,2.033555507659912,2.0727372199641456,2.006038618039442,2.063465621714877,939316000,AAPL
2006-04-12,1.9952712059020996,2.0389394631083313,1.9830081775494626,2.034154212485551,739894400,AAPL
2006-04-13,1.9880942106246948,2.0171058286765096,1.9683533957977049,1.9842058683102877,734678000,AAPL
2006-04-17,1.938443899154663,1.999160463176914,1.9246851492125567,1.9892900556097508,721938000,AAPL
2006-04-18,1.9806160926818848,1.9880938724521773,1.9378457321773581,1.9453225136058478,794844400,AAPL
2006-04-19,1.9635674953460693,2.0039452234354087,1.9581832391961704,1.998561965627153,1086033200,AAPL
2006-04-20,2.0227878093719482,2.0936736420688633,1.980017266891452,2.07901799046823,1666982800,AAPL
2006-04-21,2.0051424503326416,2.0529979716659645,1.9880941642034953,2.0395383255072943,788986800,AAPL
2006-04-24,1.9665578603744507,2.0015525291221827,1.9590810803972303,1.9994588071000405,707028000,AAPL
2006-04-25,1.979119896888733,1.9916818290759235,1.9608756042076096,1.9728389307951375,529062800,AAPL
2006-04-26,2.038341522216797,2.0422290642608543,1.9859996721090745,1.9934766514066509,710886400,AAPL
2006-04-27,2.0745317935943604,2.0894863496859344,2.01441306844809,2.0257793856579775,845947200,AAPL
2006-04-28,2.1053388118743896,2.132556595116433,2.0697465411237244,2.075129797947909,760037600,AAPL
2006-05-01,2.081709146499634,2.139734135367372,2.0685492123229494,2.1167036016363867,750380400,AAPL
2006-05-02,2.14212703704834,2.152894348071469,2.0969638718287316,2.0981598847543803,771663200,AAPL
2006-05-03,2.1277713775634766,2.1519985385925264,2.099058666598977,2.1484091003023162,686991200,AAPL
2006-05-04,2.127472162246704,2.1801129233076195,2.1074330482181747,2.1301636914819184,860420400,AAPL
2006-05-05,2.1502037048339844,2.1609710202889008,2.128070068873439,2.1493065949363666,563911600,AAPL
2006-05-08,2.1502037048339844,2.207330816520483,2.1451193499635326,2.183104456581096,594851600,AAPL
2006-05-09,2.1244802474975586,2.170242007256225,2.112217024738797,2.1481085853598514,531666800,AAPL
2006-05-10,2.1116204261779785,2.1334539588986585,2.0820092128194445,2.1322573465693733,459888800,AAPL
2006-05-11,2.038341522216797,2.1187980684004093,2.0203953342907637,2.117302353071594,812688800,AAPL
2006-05-12,2.024881601333618,2.054492011564508,1.9997575382380768,2.029367948468966,641774000,AAPL
2006-05-15,2.027574062347412,2.0452211528179984,2.007534944723812,2.0150119264265576,529177600,AAPL
2006-05-16,1.943527340888977,2.041332064085073,1.9366483684909666,2.03684571696993,936740000,AAPL
2006-05-17,1.9519020318984985,1.9650629684891279,1.916309559361975,1.9354515599992759,754194000,AAPL
2006-05-18,1.8896912336349487,1.9818130296069998,1.8878966142974984,1.9644648430099403,658442400,AAPL
2006-05-19,1.9294700622558594,1.9405362761816929,1.8789220457741822,1.8920827797383029,985866000,AAPL
2006-05-22,1.89567232131958,1.913917416534476,1.8774280247781014,1.910327978528433,718975600,AAPL
2006-05-23,1.8887929916381836,1.9498084345467936,1.884306644228916,1.9399388296493756,694414000,AAPL
2006-05-24,1.8944752216339111,1.9037470160200238,1.841235682157791,1.8840070151545607,916031200,AAPL
2006-05-25,1.9240868091583252,1.9276762473204545,1.8929806745507731,1.9219932863719913,463372000,AAPL
2006-05-26,1.9007569551467896,1.9309651715508307,1.8884939271817485,1.9234883923988217,432950000,AAPL
2006-05-30,1.831067681312561,1.8932791305887964,1.831067681312561,1.8929800274832234,563402000,AAPL
2006-05-31,1.787698745727539,1.8481161826768873,1.755395806090023,1.8472184739150874,1280977600,AAPL
2006-06-01,1.8594822883605957,1.862772823645832,1.7802217193458718,1.790092127191161,942508000,AAPL
2006-06-02,1.8442274332046509,1.887296878391199,1.8208979923245532,1.8840073435660982,685787200,AAPL
2006-06-05,1.7945780754089355,1.8289745442081256,1.7936811651421074,1.8289745442081256,605785600,AAPL
2006-06-06,1.7862030267715454,1.8134208136086347,1.7619766706823066,1.8011575848226584,726037200,AAPL
2006-06-07,1.7515078783035278,1.8065414465855425,1.745226913378549,1.7975687536460154,750506400,AAPL
2006-06-08,1.8173096179962158,1.8223937736871725,1.709335353192886,1.747919268902757,1397482800,AAPL
2006-06-09,1.7718467712402344,1.8412369223735072,1.7676593260933335,1.8298715988370422,775838000,AAPL
2006-06-12,1.7048490047454834,1.7865023860915783,1.7036531908808272,1.7766327785895,717785600,AAPL
2006-06-13,1.7446287870407104,1.767659133838709,1.715616376397762,1.7230939562039493,1080643200,AAPL
2006-06-14,1.7230935096740723,1.7580881747616548,1.6955768217915073,1.7431334183614255,878136000,AAPL
2006-06-15,1.7760337591171265,1.7868010743106824,1.6973720184301904,1.7138222940702654,1190383600,AAPL
2006-06-16,1.7215981483459473,1.7703515667337937,1.7204023346460766,1.7634717943439553,838101600,AAPL
2006-06-19,1.710830807685852,1.7401423195112837,1.7048487442510667,1.7296739081687482,704575200,AAPL
2006-06-20,1.7189061641693115,1.7452270370425849,1.7135221087538848,1.7230934078599074,672974400,AAPL
2006-06-21,1.7305718660354614,1.7559950402864648,1.7138224853446444,1.7269826274581288,863296000,AAPL
2006-06-22,1.7820154428482056,1.787100595184552,1.7368524694322258,1.740740011288228,965633200,AAPL
2006-06-23,1.759582757949829,1.799662572278834,1.7565923260346112,1.7862027334702109,660203600,AAPL
2006-06-26,1.7643698453903198,1.7706508136408121,1.7458256445363136,1.7697531046013546,466536000,AAPL
2006-06-27,1.7177094221115112,1.7712480799840955,1.7168125121205227,1.76735973956457,550611600,AAPL
2006-06-28,1.6755374670028687,1.71382227444646,1.657293171488358,1.7135225722634597,850704400,AAPL
2006-06-29,1.7637709379196167,1.7673603761912084,1.6866047039707628,1.6976711236606272,873398400,AAPL
2006-06-30,1.712924599647522,1.727281352807352,1.6898942534906956,1.7224961012013205,739695600,AAPL
2006-07-03,1.7332628965377808,1.740141868367686,1.7150178074601876,1.7204018628239803,194770800,AAPL
2006-07-05,1.7048490047454834,1.7227951977919493,1.6916890621831833,1.7093353533387303,518240800,AAPL
2006-07-06,1.6680604219436646,1.7168128403860206,1.6632742721106712,1.7075412412331015,633208800,AAPL
2006-07-07,1.6569929122924805,1.6913894687663136,1.6351591849980904,1.659386336060911,799360800,AAPL
2006-07-10,1.64503014087677,1.6895952192552453,1.6300754802413548,1.6659668654347068,529345600,AAPL
2006-07-11,1.6644706726074219,1.6746400785261173,1.6309719229183026,1.64831930431532,825022800,AAPL
2006-07-12,1.5840141773223877,1.6522076917452209,1.5828174653443907,1.6501139699130232,927329200,AAPL
2006-07-13,1.5627778768539429,1.6187091696406501,1.5376538103253405,1.556197906811927,1249906000,AAPL
2006-07-14,1.5155211687088013,1.5819207723675657,1.5002675065577191,1.5702556492964013,993036800,AAPL
2006-07-17,1.566367268562317,1.588500702167948,1.5448325404322023,1.5472251659826823,1024542400,AAPL
2006-07-18,1.5822199583053589,1.6106335637674205,1.5508148217279716,1.5899958426874883,1000448400,AAPL
2006-07-19,1.6181113719940186,1.647422886564313,1.5660685134137209,1.5840146055644608,1390743200,AAPL
2006-07-20,1.8095324039459229,1.842134249348827,1.7862031559248834,1.82329134910068,1972146400,AAPL
2006-07-21,1.8161125183105469,1.8289743539602075,1.783810573953077,1.7891946306826643,891892400,AAPL
2006-07-24,1.837048888206482,1.8573874994228337,1.8074384803393428,1.832263438332905,722856400,AAPL
2006-07-25,1.8523032665252686,1.8570885165257855,1.8179066115833078,1.847816919940039,589069600,AAPL
2006-07-26,1.910327434539795,1.9333579746450322,1.8448256505445857,1.854397149721177,898427600,AAPL
2006-07-27,1.896270513534546,1.9447240174152476,1.8801189462377323,1.9291704566463228,735044800,AAPL
2006-07-28,1.9617723226547241,1.9644640509071793,1.8992611719509616,1.9124211094475176,691507600,AAPL
2006-07-31,2.0326592922210693,2.052698210922141,1.9824109463357857,1.998861424837022,892841600,AAPL
2006-08-01,2.0093297958374023,2.031761340308848,1.972241593939423,2.0105256097646214,711765600,AAPL
2006-08-02,2.038640022277832,2.0541925818730484,2.019198124774291,2.023385367716715,550768400,AAPL
2006-08-03,2.081411123275757,2.0936741528938563,2.0281723593300813,2.0311629915267027,841044400,AAPL
2006-08-04,2.042827844619751,2.052099442596873,1.9429293963994514,2.0054407522363293,1852866400,AAPL
2006-08-07,2.010226011276245,2.0817098622576973,1.9833071289406388,2.025479671885575,1245512800,AAPL
2006-08-08,1.9375455379486084,2.0072355756414617,1.9294707509987084,2.006636770318578,997864000,AAPL
2006-08-09,1.9019522666931152,1.9620707785334837,1.896270107718605,1.9569866259588842,955838800,AAPL
2006-08-10,1.91631019115448,1.9384436296197063,1.8753344479641134,1.8917849252869299,697760000,AAPL
2006-08-11,1.9037479162216187,1.9181046684609306,1.8717446762674947,1.8911857829707626,777529200,AAPL
2006-08-14,1.912421703338623,1.950706712654591,1.9022531930439353,1.9157120381540678,717620400,AAPL
2006-08-15,1.9874948263168335,1.9889905418244218,1.9381444009682094,1.954294973690449,861352800,AAPL
2006-08-16,2.0332562923431396,2.03594802076141,1.983905874769033,2.0069364157286778,781284000,AAPL
2006-08-17,2.021592617034912,2.053595661282413,2.0093295854307374,2.033854849965651,581148400,AAPL
2006-08-18,2.0311636924743652,2.045819352708376,2.0117225798039984,2.0251816273434255,536354000,AAPL
2006-08-21,1.9907842874526978,2.0132168155317456,1.978521262619091,2.01291691382212,526226400,AAPL
2006-08-22,2.022488832473755,2.0434256500679933,1.9889900840576058,1.994374139508107,576968000,AAPL
2006-08-23,2.0132179260253906,2.0532967567001856,2.0021507082288683,2.0338548489267647,536258800,AAPL
2006-08-24,2.0281717777252197,2.0395370952875296,1.9821109036629831,2.0305644025973963,655191600,AAPL
2006-08-25,2.0562875270843506,2.065260024728631,2.0132180608458494,2.014114971174045,543958800,AAPL
2006-08-28,2.0033469200134277,2.0520993295883634,1.9943742259905728,2.048809794361461,738161200,AAPL
2006-08-29,1.9883919954299927,2.0117214371847947,1.9477145746487854,2.0036456538449166,947332400,AAPL
2006-08-30,2.002748727798462,2.028470794371205,1.9943740411076236,2.0141140459952815,680142400,AAPL
2006-08-31,2.0293686389923096,2.042828483651488,1.993776154245669,2.0123203543424064,574697200,AAPL
2006-09-01,2.0452208518981934,2.053296637874483,2.0284714729136946,2.048211484404569,408494800,AAPL
2006-09-05,2.1379406452178955,2.138538651974721,2.050305400610939,2.062867336203237,1012457600,AAPL
2006-09-06,2.0945701599121094,2.144220463283695,2.084700558781035,2.1259751787974457,974103200,AAPL
2006-09-07,2.1774210929870605,2.1977599082479538,2.101151983354115,2.1116203943111196,1267957600,AAPL
2006-09-08,2.1690471172332764,2.200452360428821,2.150802018099341,2.1944702952477284,895921600,AAPL
2006-09-11,2.168447732925415,2.2052360093539947,2.1361448041100486,2.16635401163481,949124400,AAPL
2006-09-12,2.1723363399505615,2.1968615943651373,2.13704277571076,2.1777195963559297,1684687200,AAPL
2006-09-13,2.219294309616089,2.222883546853872,2.1624661176959084,2.1789163890324947,1146138000,AAPL
2006-09-14,2.2183971405029297,2.2333516949085754,2.1971604233235436,2.20493730276525,801729600,AAPL
2006-09-15,2.216304302215576,2.2426241846967465,2.192077143704464,2.231258862580566,981853600,AAPL
2006-09-18,2.2100234031677246,2.2390352178521633,2.192376312971991,2.207331074818069,705278000,AAPL
2006-09-19,2.2064335346221924,2.224079821107017,2.1774209295463702,2.2163039381851926,710049200,AAPL
2006-09-20,2.2509987354278564,2.263560868855472,2.2198926048619367,2.2246788545701683,822791200,AAPL
2006-09-21,2.2327544689178467,2.2749278316948307,2.2139113616301307,2.250700665703121,794124800,AAPL
2006-09-22,2.1834025382995605,2.2234813521526173,2.170840608440841,2.222284540511756,665112000,AAPL
2006-09-25,2.2656540870666504,2.2689444208615503,2.204937554953674,2.207629083538858,858992400,AAPL
2006-09-26,2.321286678314209,2.3263710326223355,2.276122700827299,2.2785155260719026,1102948000,AAPL
2006-09-27,2.2853949069976807,2.3170990373913725,2.2677476241695262,2.308125544922652,810373200,AAPL
2006-09-28,2.303340196609497,2.3173980431371373,2.271636264484418,2.3036392997271062,723609600,AAPL
2006-09-29,2.302443504333496,2.3185940758702346,2.2934700106199934,2.3063318452301353,405812400,AAPL
2006-10-02,2.239034652709961,2.2692436713376307,2.222285076081237,2.246213327934161,712639200,AAPL
2006-10-03,2.215704917907715,2.241726688744162,2.1890859391942543,2.226772132286557,790708800,AAPL
2006-10-04,2.2545883655548096,2.2569809914422954,2.18818885405873,2.2163043546714953,829082800,AAPL
2006-10-05,2.2381386756896973,2.277918615855121,2.2172020437270117,2.229166175708702,683883200,AAPL
2006-10-06,2.219893217086792,2.244419484036563,2.2076301834461027,2.2258752821156125,466958800,AAPL
2006-10-09,2.2321560382843018,2.245615682114162,2.1992550860369096,2.207330872334826,438222400,AAPL
2006-10-10,2.207629442214966,2.2306597858381054,2.1857957108642094,2.2294639722390226,531588400,AAPL
2006-10-11,2.1902811527252197,2.212713680106571,2.171438061340046,2.195964309912693,571855200,AAPL
2006-10-12,2.2509987354278564,2.2548872762925596,2.201348607723633,2.2016483098975956,592855200,AAPL
2006-10-13,2.2438199520111084,2.299451321949315,2.2354452663316744,2.262064239605866,684196800,AAPL
2006-10-16,2.2551846504211426,2.269541393126323,2.236939569156505,2.24890368780099,508692800,AAPL
2006-10-17,2.2219862937927246,2.251297804906292,2.214509313685847,2.2444188314600306,480925200,AAPL
2006-10-18,2.229166269302368,2.2542903485135035,2.2106220636205762,2.2357461428317116,1133907600,AAPL
2006-10-19,2.3625614643096924,2.3912749697054583,2.337737298521482,2.3706372500156934,1512977200,AAPL
2006-10-20,2.3912746906280518,2.3924715025222425,2.352990686796159,2.361963381641196,639413600,AAPL
2006-10-23,2.436439275741577,2.449599218164918,2.38529322510432,2.392472101583842,832507200,AAPL
2006-10-24,2.4241766929626465,2.443019799618431,2.3987535140413443,2.428961945941417,463212400,AAPL
2006-10-25,2.443018913269043,2.452589415754319,2.422979001468216,2.4331483092809005,485214800,AAPL
2006-10-26,2.458272933959961,2.4705359656893306,2.426568792922199,2.4495991406884636,432756800,AAPL
2006-10-27,2.405034303665161,2.466049763725349,2.393070174761794,2.445112937481203,594966400,AAPL
2006-10-30,2.405332326889038,2.419689076650262,2.3778156391556498,2.392471292361689,499917600,AAPL
2006-10-31,2.4250731468200684,2.4430193396244175,2.399649972685674,2.4361403650528173,501474400,AAPL
2006-11-01,2.3676462173461914,2.43404591280471,2.3437181671159903,2.425671225008539,611192400,AAPL
2006-11-02,2.362262010574341,2.3724313164633917,2.3479052612205007,2.3604673919465737,465483200,AAPL
2006-11-03,2.3416237831115723,2.3787119609619567,2.326669030490357,2.3736276086328343,431888800,AAPL
2006-11-06,2.3840973377227783,2.3945657502314455,2.34581232714372,2.3613658934750954,434576800,AAPL
2006-11-07,2.408024311065674,2.422680166712274,2.396658989622367,2.406229692047518,525932400,AAPL
2006-11-08,2.4660496711730957,2.4732275492406073,2.389480646743837,2.3933689884914995,690916800,AAPL
2006-11-09,2.492669105529785,2.533046835349204,2.4561789182354086,2.479508366420741,923053600,AAPL
2006-11-10,2.486088991165161,2.5004457479702684,2.4675457870639366,2.4989508306761383,373864400,AAPL
2006-11-13,2.5228772163391113,2.52586784832493,2.4717319784035086,2.4890793610687454,450674000,AAPL
2006-11-14,2.5423178672790527,2.5423178672790527,2.5094179236971286,2.536335805231785,588954800,AAPL
2006-11-15,2.5139048099517822,2.5692372984148966,2.5124090944507493,2.54381412826405,655323200,AAPL
2006-11-16,2.560563802719116,2.581201723931489,2.5309533844767187,2.5384303655008935,693940800,AAPL
2006-11-17,2.567741870880127,2.5704343986859493,2.5423186978781307,2.546506142679295,466424000,AAPL
2006-11-20,2.586285352706909,2.6021378191409186,2.548300252234929,2.554282315040216,570794000,AAPL
2006-11-21,2.6499931812286377,2.6499931812286377,2.605427414722483,2.6146998112420885,622666800,AAPL
2006-11-22,2.701138973236084,2.714298914403629,2.627561386559012,2.6616581513917077,671941200,AAPL
2006-11-24,2.740619659423828,2.7839888205361234,2.67691248102961,2.6778093912057397,518677600,AAPL
2006-11-27,2.6781082153320312,2.7863813636498618,2.676912401688747,2.7669404567886153,1074836000,AAPL
2006-11-28,2.746004104614258,2.750789356689463,2.689175093102587,2.702634937367031,1036173600,AAPL
2006-11-29,2.745704412460327,2.7860831496645537,2.699344608876142,2.781596800791535,1157083200,AAPL
2006-11-30,2.7415168285369873,2.772024955517234,2.723571435259263,2.7579673048238544,870486400,AAPL
2006-12-01,2.7313475608825684,2.7615557776154387,2.694857180366641,2.7457033124534376,795079600,AAPL
2006-12-04,2.7253661155700684,2.7531817133384755,2.706821917831654,2.748097558215856,709536800,AAPL
2006-12-05,2.7298524379730225,2.76155637683483,2.717888310726406,2.7412177598522725,662838400,AAPL
2006-12-06,2.686781644821167,2.733441132803126,2.681996394210406,2.7110087980114312,638184400,AAPL
2006-12-07,2.6033339500427246,2.706821644568913,2.599146505889741,2.6927639960093654,1004827600,AAPL
2006-12-08,2.639824867248535,2.673622734321924,2.602138658098067,2.6090176332053656,784277200,AAPL
2006-12-11,2.654479503631592,2.670929975642588,2.6335428841355784,2.6589658507849143,499780400,AAPL
2006-12-12,2.576416254043579,2.6571719214327643,2.5581711585704254,2.650292947191532,1026620000,AAPL
2006-12-13,2.663452386856079,2.664050393473074,2.6066241874294587,2.6305516401687523,857052000,AAPL
2006-12-14,2.6484975814819336,2.6918669373831685,2.6398239898373292,2.6634523390095026,832330800,AAPL
2006-12-15,2.623673439025879,2.66853832461732,2.6120090120359043,2.6625562600044432,739939200,AAPL
2006-12-18,2.556375741958618,2.632047030696458,2.530054868321698,2.620980615120627,721576800,AAPL
2006-12-19,2.581500291824341,2.592566709492088,2.501043737522302,2.53424279085721,911405600,AAPL
2006-12-20,2.5351412296295166,2.5922683527273422,2.534543222801101,2.5862862877592847,567691600,AAPL
2006-12-21,2.479508399963379,2.5566752216218522,2.458571577179333,2.5333459727892604,903599200,AAPL
2006-12-22,2.458570957183838,2.5136053281605992,2.4406255699934207,2.496257148824187,613303600,AAPL
2006-12-26,2.4379334449768066,2.4696383759653613,2.419390049721258,2.457076244487259,490688800,AAPL
2006-12-27,2.4382338523864746,2.4525898080791495,2.2961630227806125,2.337437668282873,1935754800,AAPL
2006-12-28,2.4187915325164795,2.4301576512563505,2.3823021482439897,2.3993504278463864,1119876800,AAPL
2006-12-29,2.537533760070801,2.5542831420117262,2.493267678990057,2.510913971305522,1076429200,AAPL
2007-01-03,2.5064263343811035,2.589575394218529,2.4495981462141123,2.580901604468369,1238319600,AAPL
2007-01-04,2.562058925628662,2.570732516443174,2.507024552640332,2.5139043234760785,847260400,AAPL
2007-01-05,2.5438144207000732,2.5782102904645696,2.524373511313431,2.565349252161544,834741600,AAPL
2007-01-08,2.556375741958618,2.588079872493993,2.5506925832812426,2.571031394803341,797106800,AAPL
2007-01-09,2.7687337398529053,2.780996767449987,2.5468042283673515,2.5856872325551263,3349298400,AAPL
2007-01-10,2.9012343883514404,2.9251616413794532,2.7950549692503115,2.8339377787209683,2952880000,AAPL
2007-01-11,2.8653433322906494,2.894654846556627,2.8444067075306845,2.869530777043656,1440252800,AAPL
2007-01-12,2.8300492763519287,2.8432092148491694,2.788474740643324,2.829151367971858,1312690400,AAPL
2007-01-16,2.904223918914795,2.908710264985126,2.85487371280464,2.8617526836006277,1244076400,AAPL
2007-01-17,2.8399202823638916,2.919180852603862,2.836032738492901,2.9179850385184296,1646260000,AAPL
2007-01-18,2.664050340652466,2.75497609687088,2.663452334047328,2.754676993734153,2364605600,AAPL
2007-01-19,2.6470017433166504,2.681398402840126,2.635636423632112,2.6508902835892454,1364473600,AAPL
2007-01-22,2.5958566665649414,2.6667427080420314,2.5617599093634444,2.666143902799524,1454026000,AAPL
2007-01-23,2.5632548332214355,2.617391299867641,2.557572672621367,2.5641525419169833,1207424400,AAPL
2007-01-24,2.593165397644043,2.6066242406652096,2.574621202088887,2.592566592341541,927813600,AAPL
2007-01-25,2.5797054767608643,2.6470018861438205,2.5731254073591736,2.6054275480885365,905973600,AAPL
2007-01-26,2.553684949874878,2.6132048923914413,2.542019924474492,2.605428208791184,986874000,AAPL
2007-01-29,2.570434331893921,2.591670059542948,2.5581711010091674,2.581201647480414,901664400,AAPL
2007-01-30,2.5587685108184814,2.586884004668614,2.549795816478996,2.5850893859333945,577970400,AAPL
2007-01-31,2.564152479171753,2.572228263204595,2.5228770483437586,2.538130708067562,856069200,AAPL
2007-02-01,2.5345425605773926,2.5803035486111168,2.5345425605773926,2.5791077349351172,664342000,AAPL
2007-02-02,2.534841537475586,2.5497960962382855,2.5034363051684343,2.5159984380249605,621530000,AAPL
2007-02-05,2.510613441467285,2.5491973347236097,2.510613441467285,2.5213807516915687,578852400,AAPL
2007-02-06,2.5168957710266113,2.5264672732743976,2.478312655513475,2.525868467858099,864393600,AAPL
2007-02-07,2.5767149925231934,2.583593965790746,2.4989499687949044,2.5267657636951353,1066825200,AAPL
2007-02-08,2.5776121616363525,2.5874825667993178,2.5545818152611477,2.555179622297963,679030800,AAPL
2007-02-09,2.4905753135681152,2.578209943972835,2.488780694603753,2.568639241834564,860540800,AAPL
2007-02-12,2.538729667663574,2.547702362242381,2.501342375354218,2.525269827122118,724071600,AAPL
2007-02-13,2.5333456993103027,2.5509919859480368,2.521381573675721,2.5471044437900714,580986000,AAPL
2007-02-14,2.5512921810150146,2.561460891095776,2.529457647513373,2.5312524663736458,507981600,AAPL
2007-02-15,2.5485994815826416,2.5608625112724304,2.5357384452510288,2.5554792534860455,363661200,AAPL
2007-02-16,2.537233591079712,2.554580971174609,2.5321484392483926,2.549795521436065,399868000,AAPL
2007-02-20,2.5692381858825684,2.5770148708988208,2.51719521526967,2.531851075824203,617702400,AAPL
2007-02-21,2.6679391860961914,2.67661277936533,2.5710321474856093,2.571630154203866,1155313600,AAPL
2007-02-22,2.6772115230560303,2.7160935396111046,2.647900209461083,2.7157946360930416,838224800,AAPL
2007-02-23,2.664050340652466,2.7020362393484505,2.6574702713127927,2.6667428678879537,517893600,AAPL
2007-02-26,2.6473004817962646,2.6918664417086715,2.6203824024072357,2.6870801933885087,615848800,AAPL
2007-02-27,2.5103156566619873,2.6045309684432514,2.4947630889134307,2.5812017174837,1145813200,AAPL
2007-02-28,2.530654191970825,2.5602646068320367,2.482499780091312,2.482499780091312,919475200,AAPL
2007-03-01,2.6039328575134277,2.64131995452997,2.5049313070733,2.513305996039499,1415528800,AAPL
2007-03-02,2.5545804500579834,2.6182883964489676,2.548598389519749,2.59525786271325,860000400,AAPL
2007-03-05,2.5817999839782715,2.6514892450627574,2.56505060111076,2.5689391430765802,838899600,AAPL
2007-03-06,2.6377298831939697,2.641319319986216,2.614101537467717,2.626064862541101,723186800,AAPL
2007-03-07,2.623673439025879,2.6610605441828454,2.6155976517984953,2.6335438456371256,626284400,AAPL
2007-03-08,2.632047176361084,2.653581802493047,2.615895607757194,2.649694260576445,511011200,AAPL
2007-03-09,2.631150007247925,2.6574698814083306,2.6141015302924857,2.6559749649489777,451836000,AAPL
2007-03-12,2.687979221343994,2.691568659760613,2.6317490122984672,2.6341416384622516,729408400,AAPL
2007-03-13,2.6440117359161377,2.7098124369551457,2.6440117359161377,2.674219958224114,867890800,AAPL
2007-03-14,2.6918673515319824,2.6918673515319824,2.6296550874153293,2.649993704543145,796586000,AAPL
2007-03-15,2.6790058612823486,2.7026342100970173,2.671228980162315,2.690670084786678,559498800,AAPL
2007-03-16,2.6796040534973145,2.691568180527913,2.6715284674200026,2.6781083379501482,571704000,AAPL
2007-03-19,2.7256646156311035,2.738226747830463,2.679603730457876,2.699044835533852,712961200,AAPL
2007-03-20,2.736132860183716,2.746900173224573,2.723570728744975,2.7322445196029634,488916400,AAPL
2007-03-21,2.807616710662842,2.811505051245578,2.7412172153127177,2.7513865217838758,686896000,AAPL
2007-03-22,2.810307502746582,2.8222714239620714,2.781594810635068,2.8034285325749164,561492400,AAPL
2007-03-23,2.797149181365967,2.813599658571013,2.7905693099533377,2.7920650257011075,450884000,AAPL
2007-03-26,2.866837978363037,2.8683336938732698,2.7905688667780577,2.8112065860595457,864987200,AAPL
2007-03-27,2.8551738262176514,2.896149563651274,2.8414150801216462,2.8626508066126286,932052800,AAPL
2007-03-28,2.788773536682129,2.8533786111944477,2.786082007996974,2.8378250496226745,942337200,AAPL
2007-03-29,2.804028272628784,2.8171892140116856,2.7585663789393,2.8171892140116856,725723600,AAPL
2007-03-30,2.778904438018799,2.8318451149523916,2.774119185293324,2.8198809847967365,600558000,AAPL
2007-04-02,2.801037073135376,2.8189822635839317,2.7821939742423454,2.8156927279773676,501992400,AAPL
2007-04-03,2.826460123062134,2.8482938547103913,2.8043266892538026,2.81569280881555,583934400,AAPL
2007-04-04,2.8195810317993164,2.845602006861224,2.8153935878033503,2.8396199440098435,476784000,AAPL
2007-04-05,2.831845760345459,2.831845760345459,2.7971501743235336,2.815096373647053,355516000,AAPL
2007-04-09,2.801037073135376,2.850387295293434,2.782791781198707,2.8476957663115536,413341600,AAPL
2007-04-10,2.8189828395843506,2.8192827414654205,2.793858769149504,2.801635452547579,352466800,AAPL
2007-04-11,2.7693331241607666,2.8100097571371596,2.7615562421613777,2.808514041635929,549018400,AAPL
2007-04-12,2.757368564605713,2.760958001709474,2.7134014043628856,2.7528822174796956,656675600,AAPL
2007-04-13,2.6990456581115723,2.7337412335549387,2.6936623989611714,2.718786471348539,719941600,AAPL
2007-04-16,2.7346372604370117,2.7367309823766393,2.6993436896025207,2.708915189566274,609033600,AAPL
2007-04-17,2.7023351192474365,2.7606590323905698,2.6828934155297643,2.751685539030401,751920400,AAPL
2007-04-18,2.7038300037384033,2.717289844281861,2.6799027516352565,2.6966521276099265,464044000,AAPL
2007-04-19,2.6999423503875732,2.7292538569687994,2.686781613517332,2.697548926436857,425913600,AAPL
2007-04-20,2.7208802700042725,2.7271612383595523,2.708318133625329,2.718486845085344,522779600,AAPL
2007-04-23,2.7968504428863525,2.8055240373220522,2.734339264756596,2.7394234207215185,780290000,AAPL
2007-04-24,2.788773536682129,2.882989020760552,2.730748730667433,2.8103083618512685,1055252800,AAPL
2007-04-25,2.85188364982605,2.853379565230455,2.805523849738421,2.8183848885836658,1187144000,AAPL
2007-04-26,2.9562673568725586,3.0657362962654617,2.940115989118869,3.038219609701178,1737778000,AAPL
2007-04-27,2.988569736480713,2.9894674451915413,2.9218719360156022,2.9365275897911314,699403600,AAPL
2007-04-30,2.9849820137023926,3.020873401339901,2.9810936718879626,2.993655607643998,616509600,AAPL
2007-05-01,2.9751110076904297,3.0014318857665425,2.947594315994555,2.978700445233,532523600,AAPL
2007-05-02,3.002627372741699,3.00711371992812,2.975110684039262,2.9804947399332424,505145200,AAPL
2007-05-03,3.0029261112213135,3.0343311367176824,2.9912616898203472,3.012796513103156,576077600,AAPL
2007-05-04,3.0151889324188232,3.038817276032579,3.0059173363490506,3.014889829351901,381987200,AAPL
2007-05-07,3.108208417892456,3.121069250885314,3.0211710219520604,3.0232645437717824,861557200,AAPL
2007-05-08,3.142305374145508,3.1449971024509966,3.0932532630741583,3.0947489782834467,783997200,AAPL
2007-05-09,3.196741819381714,3.199134445235816,3.1372212828524315,3.137820088238099,717757600,AAPL
2007-05-10,3.2105000019073486,3.255364884724536,3.168028543792447,3.189264272849898,1197257600,AAPL
2007-05-11,3.252372980117798,3.2640382033629254,3.1937501567435675,3.2224636615959166,653696400,AAPL
2007-05-14,3.270916700363159,3.290058701362022,3.2377168524865167,3.2786933816146973,651946400,AAPL
2007-05-15,3.215883731842041,3.2960413878497774,3.184777599951988,3.2771982867404046,954514400,AAPL
2007-05-16,3.2105000019073486,3.255065981180753,3.0932543381022324,3.2460924854795645,1126767600,AAPL
2007-05-17,3.2733101844787598,3.286172021567342,3.2048177472219703,3.2048177472219703,735291200,AAPL
2007-05-18,3.2906579971313477,3.3092019943126174,3.2831802182219034,3.2969389640255398,621345200,AAPL
2007-05-21,3.3492815494537354,3.3633384031438767,3.291555623493834,3.2993323075966683,639892400,AAPL
2007-05-22,3.395939588546753,3.402220755240711,3.35017800064368,3.364534553750329,572409600,AAPL
2007-05-23,3.376498222351074,3.43960738655134,3.367524728955661,3.4102960779659033,911374800,AAPL
2007-05-24,3.310696840286255,3.4234561371400045,3.301126337735857,3.374106111888474,887362000,AAPL
2007-05-25,3.398332357406616,3.4031176088047514,3.3349240825170603,3.349878841726672,632959600,AAPL
2007-05-29,3.420167922973633,3.435421390629387,3.3705175802615033,3.423158556250433,645694000,AAPL
2007-05-30,3.5523672103881836,3.5556569458526486,3.395640746618797,3.4186708915533885,1478444800,AAPL
2007-05-31,3.6247479915618896,3.6540593014166327,3.575397569448007,3.591249237631713,1297066400,AAPL
2007-06-01,3.541299343109131,3.624747513108112,3.538010007585907,3.62205558512923,885262000,AAPL
2007-06-04,3.6289358139038086,3.6408999423972754,3.5263458080927235,3.5481803425933003,886673200,AAPL
2007-06-05,3.6690146923065186,3.6696132980429006,3.604110895289583,3.63132848780097,920785600,AAPL
2007-06-06,3.698026418685913,3.71028964826964,3.6474795818947636,3.6579477931783555,1112241200,AAPL
2007-06-07,3.7108867168426514,3.8167672179355474,3.684566841958979,3.738404601476904,1915079600,AAPL
2007-06-08,3.7234485149383545,3.7635279254159477,3.6576474394553093,3.7632280236845803,1241682400,AAPL
2007-06-11,3.594839096069336,3.773100210497665,3.575398186750161,3.768614061836087,1874258400,AAPL
2007-06-12,3.600522518157959,3.640302450165913,3.5386093458594785,3.569715283959439,1426566400,AAPL
2007-06-13,3.5143821239471436,3.6247484028149466,3.451572053035982,3.6235523894229162,1721353200,AAPL
2007-06-14,3.551769971847534,3.5727064026946613,3.4820805052185446,3.5054097622966163,973266000,AAPL
2007-06-15,3.604111671447754,3.609196426939938,3.584969461872804,3.6077009106187075,811218800,AAPL
2007-06-18,3.741396427154541,3.744087956586468,3.6651271087266784,3.687259547258682,910604800,AAPL
2007-06-19,3.6986260414123535,3.739003776824242,3.67619369995904,3.729432474087157,943026000,AAPL
2007-06-20,3.6355156898498535,3.7285351814400576,3.6340205732872346,3.7049068289043685,897512000,AAPL
2007-06-21,3.7058041095733643,3.7174691347541096,3.610691684889198,3.6400030007724853,867045200,AAPL
2007-06-22,3.6788830757141113,3.7222522171775942,3.6603390868543215,3.7043060350521566,631876000,AAPL
2007-06-25,3.6591439247131348,3.7413952818937313,3.620859126615058,3.7144764017840703,965403600,AAPL
2007-06-26,3.5786869525909424,3.7087940284365883,3.5508711581106702,3.7081958221322107,1345005200,AAPL
2007-06-27,3.6456847190856934,3.6501712666857284,3.567022980518492,3.6074007109087676,974696800,AAPL
2007-06-28,3.6059043407440186,3.663630041511595,3.5891549663421034,3.659741701179443,838143600,AAPL
2007-06-29,3.6501712799072266,3.70879430408332,3.6217576763474595,3.6480775576862934,1137841600,AAPL
2007-07-02,3.6268417835235596,3.6516665466332343,3.5682187633472005,3.620560617289311,994862400,AAPL
2007-07-03,3.803607225418091,3.8104861969452104,3.6340193725034307,3.6489741272183442,1162481600,AAPL
2007-07-05,3.9705021381378174,3.977082804902684,3.8490686897978312,3.852359222848532,1453051600,AAPL
2007-07-06,3.9570441246032715,3.9881504536489696,3.9002161220206006,3.9818692873409933,874694800,AAPL
2007-07-09,3.898122549057007,3.974990466134601,3.863726083962578,3.9594371013483634,995820000,AAPL
2007-07-10,3.9585399627685547,4.02284514370246,3.8526594437472768,3.854753165809231,1255007600,AAPL
2007-07-11,3.9597363471984863,3.998918468359712,3.9274343985386038,3.9501658431548865,821772000,AAPL
2007-07-12,4.009983062744141,4.015067814998377,3.9597345450224264,4.003402795121011,704608800,AAPL
2007-07-13,4.119453430175781,4.123041868944758,4.02344332528012,4.038697185072838,907606000,AAPL
2007-07-16,4.130520343780518,4.1867505391376385,4.112574154408041,4.139193935973891,936112800,AAPL
2007-07-17,4.154746055603027,4.175383771830211,4.112573713112936,4.136501963041977,709959600,AAPL
2007-07-18,4.131118297576904,4.140689598915723,4.068906036884591,4.133212019744771,756856800,AAPL
2007-07-19,4.187349319458008,4.211576680742474,4.176881105894063,4.196322016893283,732891600,AAPL
2007-07-20,4.299509525299072,4.312370561355184,4.187348240568149,4.236699461425209,1167773600,AAPL
2007-07-23,4.298013687133789,4.343476563647689,4.215163718514229,4.286348665210774,1036490000,AAPL
2007-07-24,4.034509658813477,4.217257268802113,4.012376028372966,4.153849005967594,1795292800,AAPL
2007-07-25,4.105396270751953,4.138297220142932,4.03780055162184,4.1080877999475405,1496182800,AAPL
2007-07-26,4.366805076599121,4.441578848935833,4.096422285209544,4.36411274957787,2186629200,AAPL
2007-07-27,4.3025007247924805,4.454142447133775,4.3004074018124125,4.37248887412664,1161098400,AAPL
2007-07-30,4.230118751525879,4.350355820097176,4.174487163763111,4.316857066446558,1106988400,AAPL
2007-07-31,3.9408926963806152,4.291433986735858,3.9337146204049356,4.276179327360561,1762392800,AAPL
2007-08-01,4.037802219390869,4.04916774521815,3.821554930684015,3.997124970108747,1750156800,AAPL
2007-08-02,4.082366943359375,4.096424796553306,4.012377978659551,4.087152196173705,852644800,AAPL
2007-08-03,3.9435853958129883,4.0662144992683675,3.9331167849954127,4.045576780136103,679187600,AAPL
2007-08-06,4.0452775955200195,4.0458754025037456,3.8374056912250434,3.9749903495577095,925170400,AAPL
2007-08-07,4.038697242736816,4.1047978352311825,3.9669140902144493,4.036005314616736,949936400,AAPL
2007-08-08,4.0081892013549805,4.093432004628832,3.948071462863833,4.090441372364775,808096800,AAPL
2007-08-09,3.780278444290161,3.9779808337809692,3.7413958335852784,3.921451536618023,1125395600,AAPL
2007-08-10,3.7387044429779053,3.8209558241171013,3.5981295367294184,3.6824742408764877,1410749200,AAPL
2007-08-13,3.8221516609191895,3.86881054896796,3.783567758322736,3.8380033273812697,752911600,AAPL
2007-08-14,3.709691047668457,3.837404875220356,3.700119349240955,3.8371061714603423,739006800,AAPL
2007-08-15,3.5861656665802,3.734517665813175,3.578687686904412,3.671108583211459,992852000,AAPL
2007-08-16,3.5009212493896484,3.544290396878467,3.338512471623967,3.4997252364182847,1866690000,AAPL
2007-08-17,3.650768756866455,3.693838402656701,3.5837712638572565,3.6492732414567355,1195062400,AAPL
2007-08-20,3.6555533409118652,3.7237476331624992,3.6041088181987972,3.7075964690163317,803317200,AAPL
2007-08-21,3.8155713081359863,3.857145850337955,3.6190657156632446,3.6552564007734447,1303047200,AAPL
2007-08-22,3.9633262157440186,3.970504293862891,3.89812330953577,3.924743097430292,1061765600,AAPL
2007-08-23,3.9202542304992676,3.9881498381043556,3.8810733202577494,3.9806718609838065,866838000,AAPL
2007-08-24,4.046772003173828,4.048865724721853,3.882568007221984,3.904103428858813,911834000,AAPL
2007-08-27,3.955547571182251,4.027630215226258,3.9510610249963376,3.989644922858636,707439600,AAPL
2007-08-28,3.793137788772583,3.9603327805065116,3.787454831474764,3.9178605516171743,1179365600,AAPL
2007-08-29,4.010283946990967,4.01327537869183,3.8744950710285293,3.8846633830561723,1166860800,AAPL
2007-08-30,4.075187683105469,4.135007125504819,3.9570447136537235,3.968111132792764,1435582400,AAPL
2007-08-31,4.141883850097656,4.1768785063927005,4.109880623534972,4.172092857759327,876887200,AAPL
2007-09-04,4.311770915985107,4.35872930032932,4.182561980947314,4.185552612376198,1316842800,AAPL
2007-09-05,4.090441703796387,4.362020606423361,4.0707008936321225,4.335999428062038,2328222400,AAPL
2007-09-06,4.0380988121032715,4.11466721102561,3.969306694648004,4.054549483034099,1901261600,AAPL
2007-09-07,3.941192626953125,3.9570450982021983,3.8882529523928704,3.9483715038366323,1430576000,AAPL
2007-09-10,4.088944911956787,4.128724425046703,4.006394455530639,4.097319399167507,1487838800,AAPL
2007-09-11,4.052456378936768,4.136502368364855,4.000413228914788,4.124538242228007,971885600,AAPL
2007-09-12,4.093130588531494,4.169399854568456,4.0602300581882655,4.067408529973597,1022770000,AAPL
2007-09-13,4.103600978851318,4.157438342658677,4.087150307184954,4.152353190261555,656163200,AAPL
2007-09-14,4.1517558097839355,4.156840164030053,4.07369188381409,4.08475830109876,607320000,AAPL
2007-09-17,4.139791488647461,4.204994375348831,4.115565332492772,4.157139869978489,793371600,AAPL
2007-09-18,4.214865207672119,4.272591320473324,4.122444724699224,4.159234015058767,1064089600,AAPL
2007-09-19,4.2103776931762695,4.281861330510366,4.169400971758404,4.277674286850109,1026880400,AAPL
2007-09-20,4.196621894836426,4.240888781080218,4.167011468696013,4.191836242341224,691840800,AAPL
2007-09-21,4.311473369598389,4.326428129488536,4.196620542093102,4.22144530773627,1138880400,AAPL
2007-09-24,4.434999942779541,4.4819587408032735,4.386247723758423,4.388640149764956,1052161600,AAPL
2007-09-25,4.581557750701904,4.58275456282782,4.39133211058557,4.391931115653596,1192550800,AAPL
2007-09-26,4.569291591644287,4.6359903638922,4.5238295321331305,4.620138703266297,975268000,AAPL
2007-09-27,4.621037006378174,4.621634813233257,4.555834128833576,4.599203279055749,658198800,AAPL
2007-09-28,4.5902299880981445,4.624028639408783,4.568695362927386,4.589333078107908,615101200,AAPL
2007-10-01,4.676071643829346,4.708075683742198,4.5740802559124685,4.624926597950871,837068400,AAPL
2007-10-02,4.739182949066162,4.743370394719096,4.662614111616849,4.682354128164228,792069600,AAPL
2007-10-03,4.723329067230225,4.7610152681909375,4.696111477278976,4.719142022163117,692518400,AAPL
2007-10-04,4.6730804443359375,4.72811382483412,4.591128180532949,4.725721399047072,656958400,AAPL
2007-10-05,4.828909873962402,4.832798215341425,4.716749375030295,4.736788489618025,943471200,AAPL
2007-10-08,5.0221266746521,5.0221266746521,4.874372505299565,4.889926269342473,835928800,AAPL
2007-10-09,5.020631313323975,5.11783745744111,4.985337934347509,5.090619465539344,1104286400,AAPL
2007-10-10,4.988626956939697,5.021227997894943,4.953034485550147,5.0113583939456925,667590000,AAPL
2007-10-11,4.852240085601807,5.140867055764971,4.58245501770467,5.069383395187375,1643992000,AAPL
2007-10-12,5.002386569976807,5.003284278942166,4.839378914806063,4.8755700038241185,988176000,AAPL
2007-10-15,4.994311809539795,5.071777560045462,4.890226666588501,5.0242221366400726,1077930000,AAPL
2007-10-16,5.072076797485352,5.090022192720829,4.939576461811165,4.951241887188769,1067830400,AAPL
2007-10-17,5.166891098022461,5.175564694040188,5.060113620195943,5.165096478293931,1127613200,AAPL
2007-10-18,5.1893229484558105,5.209959875347581,5.116044646574163,5.129503494575891,823676000,AAPL
2007-10-19,5.097199440002441,5.223118665645682,5.084637108282432,5.211453643334245,1291780000,AAPL
2007-10-22,5.215044975280762,5.231196551121378,5.083442737199696,5.0951077641956966,1649499600,AAPL
2007-10-23,5.5679755210876465,5.640955080130753,5.466283262458443,5.639759067067509,1795164000,AAPL
2007-10-24,5.561097145080566,5.599381147967986,5.361002341141929,5.557507907496445,1288481600,AAPL
2007-10-25,5.466882228851318,5.560200818484418,5.4333834732242225,5.5293935919912265,973602000,AAPL
2007-10-26,5.5243096351623535,5.544348749878914,5.469874053516155,5.541955924399517,706876800,AAPL
2007-10-29,5.535971641540527,5.580836701957832,5.524307420677601,5.546738952544914,540554000,AAPL
2007-10-30,5.593100070953369,5.663985911957048,5.525205261103703,5.568574414163675,939414000,AAPL
2007-10-31,5.681336402893066,5.686420758764757,5.531787973808771,5.611945248133387,833310800,AAPL
2007-11-01,5.606262683868408,5.685822544677444,5.383734675653429,5.640957460091617,805036400,AAPL
2007-11-02,5.619121074676514,5.6660790610381895,5.488116718728905,5.659200089415889,1002114400,AAPL
2007-11-05,5.56857442855835,5.65172269883521,5.510549622030328,5.541954650555432,804176800,AAPL
2007-11-06,5.736368179321289,5.742648945968097,5.541357323395414,5.594596085337118,954727200,AAPL
2007-11-07,5.5721635818481445,5.762987786733416,5.567079227922148,5.7010742368559075,994327600,AAPL
2007-11-08,5.248243808746338,5.59011076393697,5.017939546683398,5.583231789989096,1890378000,AAPL
2007-11-09,4.9461565017700195,5.237775749775242,4.941370850284596,5.119034567650323,1526380800,AAPL
2007-11-12,4.598906517028809,5.015846860780838,4.505289197061147,4.943465072753869,1769065200,AAPL
2007-11-13,5.0834431648254395,5.113951300198418,4.598907030277294,4.810966464796681,1739446800,AAPL
2007-11-14,4.968289375305176,5.311054050352005,4.897403515235521,5.298791218658857,1449168000,AAPL
2007-11-15,4.914150238037109,5.0723725484054825,4.794511819736368,4.976661574162992,1487410400,AAPL
2007-11-16,4.976662635803223,4.99550573163726,4.7655006406920934,4.944060797463656,1383494000,AAPL
2007-11-19,4.903683185577393,5.030799209656617,4.848350708581302,4.967989155046683,1154428800,AAPL
2007-11-20,5.050241947174072,5.138176295170243,4.891122631784014,4.955129920734646,1543642800,AAPL
2007-11-21,5.038576602935791,5.154924532368539,4.925218506961642,4.96021277647018,1217809600,AAPL
2007-11-23,5.1306986808776855,5.145952143601842,5.077160013077468,5.144456627778559,465757600,AAPL
2007-11-26,5.160606861114502,5.302078627962992,5.154923503122401,5.192011886590389,1305754800,AAPL
2007-11-27,5.2285027503967285,5.257814062588724,5.084936821821027,5.240765581115963,1317030400,AAPL
2007-11-28,5.390316486358643,5.401681612683305,5.244655979764175,5.288623364636686,1150912000,AAPL
2007-11-29,5.512044906616211,5.538364779819929,5.358308717839345,5.366683604134516,1050926800,AAPL
2007-11-30,5.450132369995117,5.614036895703202,5.374760376155011,5.603269582107939,1187802000,AAPL
2007-12-03,5.349635124206543,5.507558356688391,5.31494036473095,5.4393640520546125,961469600,AAPL
2007-12-04,5.3780517578125,5.410652809295351,5.293706250966435,5.298492301604887,773799600,AAPL
2007-12-05,5.54823637008667,5.563191128052289,5.45581589397855,5.470172445652079,892402000,AAPL
2007-12-06,5.681336402893066,5.685822951606422,5.566782255099389,5.568875977832287,899810800,AAPL
2007-12-07,5.811441421508789,5.832079138800447,5.624206450186161,5.698980637724742,1066066400,AAPL
2007-12-10,5.808748245239258,5.852117398444502,5.7632861688923995,5.7902050500320765,722377600,AAPL
2007-12-11,5.639161109924316,5.887112416922407,5.604765447484214,5.824900162987967,1110925200,AAPL
2007-12-12,5.708552837371826,5.816824988672792,5.556013417542793,5.785718658773523,1225660800,AAPL
2007-12-13,5.737565040588379,5.746239832267591,5.617627849236996,5.688513711971663,864617600,AAPL
2007-12-14,5.694494247436523,5.778540229384658,5.6690712803316305,5.693896440519538,674312800,AAPL
2007-12-17,5.515335559844971,5.7620900707256615,5.472864110065446,5.704365158793642,1024693600,AAPL
2007-12-18,5.4728617668151855,5.602968787501712,5.341857437052509,5.578742241118598,1222603200,AAPL
2007-12-19,5.477049827575684,5.52251269389418,5.410650146452869,5.472862384747514,827478400,AAPL
2007-12-20,5.599381923675537,5.617925921092522,5.4833330870718475,5.546143156148832,774057200,AAPL
2007-12-21,5.799776554107666,5.799776554107666,5.679540275212563,5.686419248742893,993960800,AAPL
2007-12-24,5.9460344314575195,5.961886898362876,5.826097263338477,5.833274940244966,480202800,AAPL
2007-12-26,5.950521469116211,6.01064000904172,5.886814090441678,5.952316088159064,703732400,AAPL
2007-12-27,5.939156532287598,6.070459244480268,5.916126384311419,5.9505220546740665,795527600,AAPL
2007-12-28,5.976841449737549,6.028584695405369,5.888608020471383,5.999572888950574,699647200,AAPL
2007-12-31,5.924498558044434,5.996879508242661,5.914628156197018,5.966969998287257,539333200,AAPL
2008-01-02,5.827591419219971,5.989702115759152,5.759099200678481,5.96009170551729,1079178800,AAPL
2008-01-03,5.830284118652344,5.903861893607848,5.763286612764501,5.844641069345426,842066400,AAPL
2008-01-04,5.385229110717773,5.772558925419043,5.350534341459422,5.7261991326825346,1455832000,AAPL
2008-01-07,5.313145637512207,5.491407077233329,5.091515050495125,5.421119052465536,2072193200,AAPL
2008-01-08,5.1220269203186035,5.457314552034612,5.108567670333365,5.387923380869913,1523816000,AAPL
2008-01-09,5.365788459777832,5.368779092245012,5.033791117608752,5.123520075041383,1813882000,AAPL
2008-01-10,5.324512958526611,5.413643708576824,5.246449026023863,5.311352818077121,1482975200,AAPL
2008-01-11,5.16509485244751,5.319428905825786,5.0846380899617625,5.2640956136206976,1232285600,AAPL
2008-01-14,5.347243785858154,5.366385588309368,5.239269548073514,5.309557588567589,1100450400,AAPL
2008-01-15,5.055925369262695,5.360404856614816,4.924920556304182,5.315540971434733,2343278000,AAPL
2008-01-16,4.774773597717285,5.0550260571003145,4.686839269589267,4.941967863413802,2213845200,AAPL
2008-01-17,4.812160015106201,4.945856329216813,4.73828353295637,4.830704410602768,1757859600,AAPL
2008-01-18,4.826218605041504,4.957522114106646,4.7738767432022735,4.836686817674664,1724343600,AAPL
2008-01-22,4.655135154724121,4.784943147390905,4.366806859709105,4.428420521193814,2434754000,AAPL
2008-01-23,4.159534454345703,4.187350261926123,3.7728026818362785,4.07339470263011,3372969600,AAPL
2008-01-24,4.0557475090026855,4.208286990029792,3.948372224783815,4.187051056079869,2005866800,AAPL
2008-01-25,3.888550281524658,4.160129901420764,3.876586956411697,4.157139269810811,1554739200,AAPL
2008-01-28,3.888550281524658,3.9839621720360223,3.7820715765111412,3.8332178063601927,1474844000,AAPL
2008-01-29,3.934312582015991,3.971699677064172,3.8598382937426985,3.922648357848187,1099982800,AAPL
2008-01-30,3.95345401763916,4.051258731965712,3.888251140979173,3.9292274658787796,1243051600,AAPL
2008-01-31,4.048567771911621,4.087150478821078,3.8703062975526556,3.8718010145482373,1345674400,AAPL
2008-02-01,4.00041389465332,4.085356808340998,3.9534554904248043,4.074888595565817,1010744000,AAPL
2008-02-04,3.9376025199890137,4.064717745371538,3.9307227492489623,4.014170518721073,899234000,AAPL
2008-02-05,3.869110107421875,4.007890789097983,3.8553513610576435,3.9011133492044223,1141042000,AAPL
2008-02-06,3.648975372314453,3.9456793405514494,3.642096398440104,3.9130774929314636,1573272400,AAPL
2008-02-07,3.6262431144714355,3.732123620796969,3.5075015735012403,3.5882582167691384,2083331600,AAPL
2008-02-08,3.753061056137085,3.7596409264300026,3.6370110248077197,3.6513679767268177,1355972800,AAPL
2008-02-11,3.871800422668457,3.887652886334761,3.8045042245415073,3.828731175336462,1201432400,AAPL
2008-02-12,3.7345175743103027,3.9181621508970346,3.6974291760740625,3.909189454046751,1225980000,AAPL
2008-02-13,3.8703067302703857,3.8816722512876276,3.7575472322529033,3.7889522661364268,968534000,AAPL
2008-02-14,3.8122811317443848,3.912179572414205,3.798821092644697,3.8703059362688585,954097200,AAPL
2008-02-15,3.7276360988616943,3.80091476142675,3.7105880207391513,3.776688608200492,901300400,AAPL
2008-02-19,3.654358386993408,3.7910457297277267,3.632225552802974,3.768314289907034,1005046000,AAPL
2008-02-20,3.7034106254577637,3.726739872998039,3.6394037479586556,3.654957112101049,967439200,AAPL
2008-02-21,3.635215997695923,3.7826710461203525,3.614878182770512,3.7701091139381258,938114800,AAPL
2008-02-22,3.573004961013794,3.6642290307427117,3.4656289209631472,3.6633321205802125,1529878000,AAPL
2008-02-25,3.5813801288604736,3.5942411666811585,3.489258343114329,3.5469832620442063,1256774400,AAPL
2008-02-26,3.563732385635376,3.6217576016017907,3.452767905572751,3.5185694045768936,1504888000,AAPL
2008-02-27,3.6776883602142334,3.6803798891459905,3.5320283252731235,3.5362153699095438,1475138000,AAPL
2008-02-28,3.8855607509613037,3.9540537816992782,3.761734830042675,3.804505386688139,1618254400,AAPL
2008-02-29,3.73930287361145,3.8945334462445986,3.7327226029910077,3.8670167495962064,1255480800,AAPL
2008-03-03,3.6408982276916504,3.7680146370480103,3.529335577388381,3.721953562714402,1593043200,AAPL
2008-03-04,3.72733736038208,3.73511404095331,3.6011190473416836,3.6486752420560027,1785383600,AAPL
2008-03-05,3.7234485149383545,3.742890213728786,3.656451027222052,3.6962305359682777,1221836000,AAPL
2008-03-06,3.616971015930176,3.8134765335994314,3.6133813798987804,3.7270377465472926,1473698800,AAPL
2008-03-07,3.65645170211792,3.6782858300684107,3.560741501147146,3.60141792723971,1230462800,AAPL
2008-03-10,3.5798823833465576,3.6926418321970575,3.570311086169307,3.6483757807617656,999588800,AAPL
2008-03-11,3.808992862701416,3.8128812053890537,3.648976599309216,3.7117870908682655,1163943200,AAPL
2008-03-12,3.76951003074646,3.8487707615758207,3.743787960653198,3.7997194463908306,1059629200,AAPL
2008-03-13,3.8266384601593018,3.873297356156079,3.6788846904978323,3.711785639499283,1262102800,AAPL
2008-03-14,3.786858081817627,3.8972239307166032,3.7147750335921943,3.884661600551703,1156640800,AAPL
2008-03-17,3.790447473526001,3.846079865287389,3.665425940665135,3.665425940665135,1072598800,AAPL
2008-03-18,3.97259783744812,3.977982095175216,3.848473185921014,3.8637270520234837,1205120000,AAPL
2008-03-19,3.8783819675445557,4.016564445024045,3.878381967544556,3.9815705702110873,1010536800,AAPL
2008-03-20,3.9860565662384033,3.9866543731919974,3.8637257759048333,3.921750588047875,908787600,AAPL
2008-03-24,4.173290729522705,4.212771549661286,3.9971233534365362,4.0081893721574335,1066920400,AAPL
2008-03-25,4.216659069061279,4.280067331993352,4.107489227617279,4.186150950716726,1052391200,AAPL
2008-03-26,4.3386921882629395,4.359030809357169,4.206491750155608,4.213370725376381,1182084400,AAPL
2008-03-27,4.194825649261475,4.346168242323901,4.187048967711288,4.335400928744888,999829600,AAPL
2008-03-28,4.277376651763916,4.326427974928843,4.235204302260893,4.241186365737923,714610400,AAPL
2008-03-31,4.292031764984131,4.358132360033246,4.262720456328059,4.285152792192449,768065200,AAPL
2008-04-01,4.472386837005615,4.476275178011757,4.295322561688867,4.375778914180639,1032567200,AAPL
2008-04-02,4.411372184753418,4.522337078955221,4.362320855964382,4.449955300594071,1044968400,AAPL
2008-04-03,4.534598350524902,4.595015979766879,4.3967150137173485,4.398509632348588,1051568000,AAPL
2008-04-04,4.578567981719971,4.627320214729314,4.50887852095017,4.5519481914756055,854417200,AAPL
2008-04-07,4.662611484527588,4.776267864282821,4.639281842657117,4.669789160071996,1158326400,AAPL
2008-04-08,4.571389675140381,4.6793639665328115,4.555837102678365,4.592626408143256,1014294400,AAPL
2008-04-09,4.529515266418457,4.602793963304227,4.500203947398857,4.585446773955298,873398400,AAPL
2008-04-10,4.622532367706299,4.648553537502594,4.504389044812786,4.5202415083631236,955763200,AAPL
2008-04-11,4.400903224945068,4.585146377191827,4.378769591298477,4.567799192736735,1210076000,AAPL
2008-04-14,4.420045852661133,4.464013226323309,4.32313920695195,4.389837626141401,845087600,AAPL
2008-04-15,4.437990665435791,4.478069684864017,4.358431232156269,4.468497985682287,698037200,AAPL
2008-04-16,4.597111225128174,4.609074554628279,4.504989434875459,4.537889589342552,795774000,AAPL
2008-04-17,4.620737552642822,4.665901318012772,4.586641000315329,4.611166254302574,704267200,AAPL
2008-04-18,4.816647529602051,4.853136917555576,4.737087685421686,4.759220520857376,1026765600,AAPL
2008-04-21,5.029603481292725,5.0397729890380925,4.838182245184705,4.851641089115521,1039152800,AAPL
2008-04-22,4.791522979736328,5.024817842857388,4.728413014616041,5.006871654100921,1439572400,AAPL
2008-04-23,4.871978759765625,4.930302663607493,4.817842299133613,4.906674318453579,1504190800,AAPL
2008-04-24,5.052933216094971,5.084039549326042,4.76131478633282,4.945259259592495,1696066400,AAPL
2008-04-25,5.076562404632568,5.1175379424464476,4.9775608506058475,5.105574614065621,992474000,AAPL
2008-04-28,5.151636123657227,5.196799109614264,5.058616625590092,5.077160624696038,787214400,AAPL
2008-04-29,5.235681533813477,5.253925628980507,5.092114809088511,5.117836882763133,923476400,AAPL
2008-04-30,5.202780246734619,5.383733258209631,5.171973021888875,5.269777754406049,1139524400,AAPL
2008-05-01,5.383734226226807,5.383734226226807,5.229998774849816,5.232989407524917,903576800,AAPL
2008-05-02,5.4118475914001465,5.441158895954716,5.340363948578684,5.389415258674691,1006082000,AAPL
2008-05-05,5.525203704833984,5.542551281304406,5.415136185388382,5.44115774976226,854557200,AAPL
2008-05-06,5.582932472229004,5.596690419595982,5.44893744461653,5.523112635944364,918870400,AAPL
2008-05-07,5.461198806762695,5.628992472540584,5.399884260799878,5.564686495860189,1157133600,AAPL
2008-05-08,5.535077095031738,5.578146756775566,5.475556757687444,5.496493182505534,899085600,AAPL
2008-05-09,5.486922740936279,5.510850197951769,5.424710474155243,5.4782491475857595,673072400,AAPL
2008-05-12,5.627797603607178,5.6490335344067955,5.468977376477243,5.539564543427318,818563200,AAPL
2008-05-13,5.681632041931152,5.72619720063451,5.618821995587881,5.6412535274673505,823236400,AAPL
2008-05-14,5.570968151092529,5.749827450680323,5.550330432087912,5.719618829752647,916823600,AAPL
2008-05-15,5.674755096435547,5.679840250411168,5.509354613095332,5.5874193539527335,873208000,AAPL
2008-05-16,5.611645221710205,5.691803675153988,5.593101224068763,5.686120315453038,765769200,AAPL
2008-05-19,5.491410255432129,5.643650215018492,5.422617706228326,5.61882544404521,945820400,AAPL
2008-05-20,5.560201644897461,5.5679775296281715,5.387323584789301,5.438169532777307,969850000,AAPL
2008-05-21,5.329598426818848,5.621516377930171,5.271573600722341,5.553322042454137,1157657200,AAPL
2008-05-22,5.2955002784729,5.4235132417958685,5.144456770170575,5.361600881681612,1206735600,AAPL
2008-05-23,5.418725490570068,5.443251540099613,5.317930163810314,5.406761369172,906917200,AAPL
2008-05-27,5.576052665710449,5.576052665710449,5.4387679033530425,5.465985493418822,789905200,AAPL
2008-05-28,5.593401908874512,5.621516814788119,5.494999338840115,5.605365239812524,743979600,AAPL
2008-05-29,5.583829879760742,5.628993664503348,5.54823739746392,5.585923602170757,647186400,AAPL
2008-05-30,5.64544153213501,5.669070676636077,5.604465606136555,5.6065593278012065,610184400,AAPL
2008-06-02,5.566183090209961,5.672361522498911,5.519224291134706,5.640956487839451,679840000,AAPL
2008-06-03,5.544349670410156,5.628994288450637,5.4537237863515005,5.588914854353022,750520400,AAPL
2008-06-04,5.538963317871094,5.595791704743777,5.480340711864995,5.503969056379811,726983600,AAPL
2008-06-05,5.6657819747924805,5.6780452056496875,5.554219279667989,5.573361484596193,755445600,AAPL
2008-06-06,5.552423477172852,5.681334129938681,5.549731948358428,5.623010218009276,966422800,AAPL
2008-06-09,5.431888103485107,5.531487462891362,5.256618037724505,5.527001314656434,1888392800,AAPL
2008-06-10,5.552423477172852,5.58652003574287,5.354421199873445,5.39898716659298,1140941200,AAPL
2008-06-11,5.407960891723633,5.563191850654245,5.371471501176443,5.5135415206349485,961550800,AAPL
2008-06-12,5.182140827178955,5.461497085067033,5.120527196393564,5.428297045944369,1308333600,AAPL
2008-06-13,5.155522346496582,5.209060607700875,4.944361131593652,5.133688617110415,1345957200,AAPL
2008-06-16,5.289218902587891,5.320923038991411,5.05682133712467,5.123519744703835,1051730400,AAPL
2008-06-17,5.426504135131836,5.443253511819796,5.306267067546517,5.326904785097329,899656800,AAPL
2008-06-18,5.3463454246521,5.449533592518928,5.3044721909398485,5.417230858812855,811468000,AAPL
2008-06-19,5.4106526374816895,5.45372309849283,5.288023920799457,5.340365782239838,791949200,AAPL
2008-06-20,5.2422614097595215,5.413643531173775,5.234185624246282,5.3642923072662105,888367200,AAPL
2008-06-23,5.179152488708496,5.260506557416839,5.131296778327879,5.226409194052556,645780800,AAPL
2008-06-24,5.181843280792236,5.2575143782847915,5.1333897702785505,5.155522603893835,621947200,AAPL
2008-06-25,5.305670738220215,5.348740804176586,5.200687901705405,5.222521638573435,644450800,AAPL
2008-06-26,5.032593727111816,5.2293991732492575,5.025116149648297,5.206368633998199,869610000,AAPL
2008-06-27,5.087329864501953,5.101686418039093,4.909666566055202,4.980253320338108,1042249600,AAPL
2008-06-30,5.008068561553955,5.144456404011654,4.983542502455574,5.09031993157355,684196800,AAPL
2008-07-01,5.224615097045898,5.225811509891803,4.905180454587271,4.912059429114492,1111280800,AAPL
2008-07-02,5.0302019119262695,5.307463729189215,5.0302019119262695,5.240167121199411,837519200,AAPL
2008-07-03,5.088226795196533,5.149542149668564,4.957521897575227,5.072375125007939,523362000,AAPL
2008-07-07,5.238970756530762,5.297892481775036,5.141465921610032,5.17915212114207,820391600,AAPL
2008-07-08,5.370273113250732,5.374759659707639,5.166588696146126,5.246148522635617,888350400,AAPL
2008-07-09,5.2117533683776855,5.410951288810983,5.208463632823662,5.389715362944036,895776000,AAPL
2008-07-10,5.2829389572143555,5.304174486282126,5.125614264035272,5.2317935067210275,840688800,AAPL
2008-07-11,5.161802291870117,5.297293190184215,5.114545603123931,5.2482418829788235,930011600,AAPL
2008-07-14,5.200686454772949,5.362796365118516,5.176759001975828,5.361002544931516,886054400,AAPL
2008-07-15,5.073869228363037,5.196499123796365,4.9766635000066595,5.158812925584039,1040043200,AAPL
2008-07-16,5.168681621551514,5.1722704588275725,5.04276243175244,5.090616923237536,747790400,AAPL
2008-07-17,5.1387739181518555,5.233588028623304,5.126211584623892,5.207266948850428,757526000,AAPL
2008-07-18,4.939575672149658,5.074169708929788,4.935089523726343,5.040371049137714,868414400,AAPL
2008-07-21,4.973672389984131,5.009862669633291,4.819039271043144,4.99191648236437,1360469600,AAPL
2008-07-22,4.84596061706543,4.868093460613062,4.382659630205621,4.456536940690465,1879592400,AAPL
2008-07-23,4.972774982452393,5.035884147490432,4.832199701691673,4.93478968243921,1061768400,AAPL
2008-07-24,4.756529331207275,4.942866222748183,4.739181745814943,4.914750523359758,839619200,AAPL
2008-07-25,4.8489484786987305,4.875269152363361,4.745161698888227,4.797503543778616,633637200,AAPL
2008-07-28,4.618045330047607,4.859415483730116,4.606679015640821,4.85552714436396,780712800,AAPL
2008-07-29,4.698204517364502,4.769090361418768,4.595614540386518,4.648255093616119,684070800,AAPL
2008-07-30,4.781952381134033,4.8001972763784435,4.668295964346317,4.719142308611441,725183200,AAPL
2008-07-31,4.75413703918457,4.8513431891913585,4.695215302478102,4.7119646833799,637498400,AAPL
2008-08-01,4.685642242431641,4.785241988000153,4.658424656104091,4.782549261140011,544639200,AAPL
2008-08-04,4.5830512046813965,4.722729539619898,4.573479906674083,4.68384654080172,592527600,AAPL
2008-08-05,4.804683208465576,4.809468459553273,4.6306091676464565,4.648554558064457,688371600,AAPL
2008-08-06,4.910861492156982,5.0068707900795255,4.7257206701350905,4.784642382370965,791408800,AAPL
2008-08-07,4.8923211097717285,4.969488167704348,4.830407921569235,4.866598224678363,672372400,AAPL
2008-08-08,5.071176528930664,5.074167959075754,4.897700735401284,4.900990869290672,713997200,AAPL
2008-08-11,5.191115379333496,5.279049710617902,5.0747670468688995,5.086731173123007,891304400,AAPL
2008-08-12,5.285928726196289,5.362496727246652,5.189619520314725,5.189918623428279,836278800,AAPL
2008-08-13,5.362795829772949,5.383732648382875,5.261103566531739,5.323315816134473,842346400,AAPL
2008-08-14,5.3633952140808105,5.397193072142891,5.319129144862123,5.333784800216035,711300800,AAPL
2008-08-15,5.256318092346191,5.376255241071176,5.235680377728117,5.3550197195881,708251600,AAPL
2008-08-18,5.245850563049316,5.318231531649063,5.198892165237346,5.2512340206345325,552014400,AAPL
2008-08-19,5.190219402313232,5.29609954267757,5.138774448844966,5.220427628525802,616204400,AAPL
2008-08-20,5.2593092918396,5.292209837805681,5.192610491171555,5.227306055272773,506951200,AAPL
2008-08-21,5.212950229644775,5.2476446005641115,5.141167065061717,5.2183332881161455,539744800,AAPL
2008-08-22,5.287724018096924,5.308959543189748,5.251233832934033,5.258711411724923,439611200,AAPL
2008-08-25,5.160905838012695,5.270973783220482,5.1342860611854935,5.268580159723598,484425200,AAPL
2008-08-26,5.193509101867676,5.230596698801348,5.16270187314625,5.167188420921705,445550000,AAPL
2008-08-27,5.224315166473389,5.256917012024489,5.150139578457954,5.183638334164709,477780800,AAPL
2008-08-28,5.196500301361084,5.271573611648009,5.166889881485741,5.242561398207995,431384800,AAPL
2008-08-29,5.07058048248291,5.189321651449729,5.055924825769579,5.173170478812926,599289600,AAPL
2008-09-02,4.970680236816406,5.1893197945517375,4.935087769247239,5.156419254681565,780763200,AAPL
2008-09-03,4.993711471557617,5.0451564135384945,4.905179337149373,4.99012223383756,734834800,AAPL
2008-09-04,4.822030067443848,5.022126068953413,4.809767238394959,4.960810725699098,743386000,AAPL
2008-09-05,4.7909255027771,4.857325218808861,4.7152539863735115,4.7433696887156085,786884000,AAPL
2008-09-08,4.723329067230225,4.931799585200941,4.530113210352833,4.922228283706574,1045979200,AAPL
2008-09-09,4.536694049835205,4.78434553885034,4.48016513565619,4.691625931838745,1245025600,AAPL
2008-09-10,4.534598350524902,4.635692804065217,4.450552773981368,4.555834271657986,973142800,AAPL
2008-09-11,4.565706253051758,4.575875762145625,4.366807012008068,4.432009914145364,971135200,AAPL
2008-09-12,4.454739093780518,4.513661197915772,4.381759545322869,4.513661197915772,793027200,AAPL
2008-09-15,4.198117256164551,4.417355160960541,4.198117256164551,4.24806670356446,920634400,AAPL
2008-09-16,4.183759689331055,4.262123129794987,3.952558508183448,4.003703557652032,1199836400,AAPL
2008-09-17,3.8233482837677,4.142783274282021,3.8233482837676998,4.142184668618436,1200455200,AAPL
2008-09-18,4.010585308074951,4.050663958325424,3.6094965075297143,3.905302927237537,1676253600,AAPL
2008-09-19,4.214566230773926,4.312969179396924,4.076981963944747,4.265113469714587,1430875600,AAPL
2008-09-22,3.9196557998657227,4.19482462847769,3.9079915790521174,4.185552433501104,856713200,AAPL
2008-09-23,3.793738842010498,4.061728955798484,3.7883545843509907,3.9435863706325534,1280364400,AAPL
2008-09-24,3.8496692180633545,3.91666673377372,3.74319088083199,3.806599158342866,1047015200,AAPL
2008-09-25,3.945976495742798,4.031518375187284,3.843984746357801,3.8822687407579854,1006045600,AAPL
2008-09-26,3.8356120586395264,3.8822709656187464,3.678885556423579,3.7360126773649633,1126451200,AAPL
2008-09-29,3.1482880115509033,3.5795847889628143,3.008609829525317,3.5777901699857186,2622057200,AAPL
2008-09-30,3.3995285034179688,3.439607122460102,3.17939360445217,3.237716714673103,1626682400,AAPL
2008-10-01,3.2637391090393066,3.3606461399198433,3.211995259066792,3.34748619946922,1296484000,AAPL
2008-10-02,2.9939544200897217,3.2538689002613865,2.9909637875519617,3.2305396503140034,1609364400,AAPL
2008-10-03,2.9033281803131104,3.1853754811352353,2.8309466108761248,3.110602084680753,2294398400,AAPL
2008-10-06,2.935331106185913,2.9544731080025834,2.6182893674738623,2.75048975970511,2107417200,AAPL
2008-10-07,2.666743755340576,3.035828363481389,2.6604625873790346,3.005320232719238,1878772000,AAPL
2008-10-08,2.6855859756469727,2.8811946502604733,2.5626571725668263,2.569536145910637,2207741200,AAPL
2008-10-09,2.6541812419891357,2.8653433047490995,2.5901741568644785,2.792064819291038,1617383600,AAPL
2008-10-10,2.8952534198760986,2.9909644648488376,2.542319166166069,2.5632559946916795,2219299600,AAPL
2008-10-13,3.2978355884552,3.305911373335865,3.0214706730364704,3.1270520860893685,1539076000,AAPL
2008-10-14,3.11299467086792,3.4814813854361724,3.084879172922616,3.477293941110737,1980994400,AAPL
2008-10-15,2.9296481609344482,3.200330929740486,2.927853541976309,3.105815728956814,1584175600,AAPL
2008-10-16,3.047492742538452,3.093553632799814,2.7439100105919887,2.984083868257756,1980521200,AAPL
2008-10-17,2.9131972789764404,3.0519785299550493,2.5689379764391385,2.978998966554409,1762227600,AAPL
2008-10-20,2.9443042278289795,2.991860838191405,2.8007384848157635,2.984383058485961,1549170000,AAPL
2008-10-21,2.7364308834075928,2.9281519293137106,2.7265604835699313,2.899737541238743,2193660000,AAPL
2008-10-22,2.897345542907715,3.0283493110075552,2.7795019123394975,2.912300299103186,2248808800,AAPL
2008-10-23,2.9380226135253906,2.968530734024291,2.7486951207032746,2.886578471541408,1675430400,AAPL
2008-10-24,2.882690191268921,2.928153070167315,2.695156514652161,2.701736384437739,1590058400,AAPL
2008-10-27,2.7543785572052,2.9200777296758784,2.747498784557551,2.843508711371576,1208771200,AAPL
2008-10-28,2.9882712364196777,3.0059185240089095,2.762753225236574,2.8542762041885674,1634133200,AAPL
2008-10-29,3.127051830291748,3.2763006927736353,2.98916848700518,3.0166851753039983,1950978400,AAPL
2008-10-30,3.3211655616760254,3.355562029326303,3.2185755631176862,3.237119561634833,1638089600,AAPL
2008-10-31,3.2179763317108154,3.313388416373828,3.1446978747723633,3.212293373240996,1659756000,AAPL
2008-11-03,3.1991336345672607,3.2631407027315906,3.136323378197585,3.168326612777299,1057938000,AAPL
2008-11-04,3.3196699619293213,3.3435974136297633,3.1904602052677737,3.289759848630526,1398681200,AAPL
2008-11-05,3.089665412902832,3.2816846656396956,3.0803930145151512,3.257458306037368,1256455200,AAPL
2008-11-06,2.9640438556671143,3.0741107948409754,2.9311431156453613,3.022367758659122,1319074400,AAPL
2008-11-07,2.9383223056793213,2.986476925101552,2.862950092281306,2.968232627271913,1095253600,AAPL
2008-11-10,2.8677358627319336,3.00292710875231,2.826460421642589,2.9960481347952177,1123822000,AAPL
2008-11-11,2.834535598754883,2.906318351455451,2.7594623123709527,2.8357314122396917,1224538000,AAPL
2008-11-12,2.695455312728882,2.788773692343795,2.6921657773013576,2.7645465384640073,1178976400,AAPL
2008-11-13,2.8844852447509766,2.8844852447509766,2.572826733875822,2.687978657538084,1854087200,AAPL
2008-11-14,2.6990456581115723,2.8112071733330835,2.6918677795759924,2.804327399686475,1405266800,AAPL
2008-11-17,2.636234760284424,2.708317424040843,2.6099148801390446,2.6464042677535438,1162526400,AAPL
2008-11-18,2.6891744136810303,2.721477352881892,2.5979505523774815,2.6810994276370006,1209695200,AAPL
2008-11-19,2.580901622772217,2.7391231616444096,2.5785089977563724,2.6751170980268575,1171900800,AAPL
2008-11-20,2.407426595687866,2.5856878985740663,2.3927707394834745,2.5494974120055653,1716814400,AAPL
2008-11-21,2.469938039779663,2.5159989364879505,2.3670489299738198,2.450496131161567,1569271200,AAPL
2008-11-24,2.7801008224487305,2.83513421534667,2.5375335119262257,2.548599931280039,1442257600,AAPL
2008-11-25,2.715794324874878,2.832741061671717,2.6368326900576484,2.830348436122957,1235292800,AAPL
2008-11-26,2.8414154052734375,2.848893185197487,2.6873812453736186,2.6894749678452103,899836000,AAPL
2008-11-28,2.7717254161834717,2.8342365727954593,2.747498262275211,2.8324419540120096,297774400,AAPL
2008-12-01,2.6598620414733887,2.7597604603351535,2.6595631381010882,2.7307480644063897,923767600,AAPL
2008-12-02,2.7657439708709717,2.771128028091325,2.587183754766901,2.692764388068526,1148722400,AAPL
2008-12-03,2.868333339691162,2.8782037430288754,2.6559753077407127,2.673920696954216,1338680000,AAPL
2008-12-04,2.7340400218963623,2.8476964494772137,2.6637519636159577,2.8243669974582013,1091370000,AAPL
2008-12-05,2.8115060329437256,2.826161891358528,2.657770169377461,2.702335951074242,1043795200,AAPL
2008-12-08,2.9825892448425293,3.0148911926672257,2.8653433852787735,2.9096096608588113,1185142000,AAPL
2008-12-09,2.9927573204040527,3.0986378419014624,2.9075155158621113,2.9323406786977646,1203496000,AAPL
2008-12-10,2.937424421310425,2.975708621911956,2.886279385693872,2.927255115009481,938047600,AAPL
2008-12-11,2.8414154052734375,3.028051415751314,2.836331050036301,2.911703261998324,1040617200,AAPL
2008-12-12,2.939218759536743,2.9610522851507732,2.767537392269661,2.775613175102472,1041174400,AAPL
2008-12-15,2.833937644958496,2.8776049046320558,2.7815957955679385,2.871025035152623,891758000,AAPL
2008-12-16,2.854276180267334,2.8856812157662133,2.774118524015875,2.8109078161381205,1093506400,AAPL
2008-12-17,2.666743755340576,2.724767786491948,2.6326459864064944,2.7226740638381006,1293860400,AAPL
2008-12-18,2.6748180389404297,2.716691473260017,2.6452068329872866,2.6712286021869156,857416000,AAPL
2008-12-19,2.6918673515319824,2.7199820524205998,2.655975768209177,2.690072532763826,801920000,AAPL
2008-12-22,2.564452648162842,2.6927647419896616,2.533047407320207,2.692465638753016,844740400,AAPL
2008-12-23,2.58359432220459,2.6281595006915195,2.569237568370535,2.598249979568255,635031600,AAPL
2008-12-24,2.5435144901275635,2.579704964484336,2.5288588385367645,2.5764152299392404,271334000,AAPL
2008-12-26,2.566545009613037,2.614699610577792,2.549496731844905,2.5913701676827627,308324800,AAPL
2008-12-29,2.5904734134674072,2.6206826381586623,2.5444125172411005,2.58778168423244,686000000,AAPL
2008-12-30,2.580901622772217,2.6335425678132967,2.5339430373510914,2.6146994727623687,967601600,AAPL
2008-12-31,2.5527865886688232,2.6242704418690623,2.552487685198165,2.5713307836169736,607541200,AAPL
2009-01-02,2.714298963546753,2.7229735550953333,2.5471048720626306,2.5686395031524563,746015200,AAPL
2009-01-05,2.8288519382476807,2.8767074310111806,2.7729206626102365,2.7866796034711525,1181608400,AAPL
2009-01-06,2.7821946144104004,2.90631925407631,2.763351511181673,2.869829859816891,1289310400,AAPL
2009-01-07,2.722076177597046,2.7666413637639016,2.6996438332204717,2.7460044375579593,753048800,AAPL
2009-01-08,2.7726223468780518,2.786082187522432,2.69306271056767,2.704727932415241,673500800,AAPL
2009-01-09,2.709213972091675,2.7929610489234378,2.6960540337778527,2.7878766952050813,546845600,AAPL
2009-01-12,2.6517879962921143,2.721477227136155,2.61858814854885,2.7056247615717064,617716400,AAPL
2009-01-13,2.6233744621276855,2.684091023193632,2.5826978184799283,2.639226934115208,798397600,AAPL
2009-01-14,2.5521888732910156,2.6096150851806734,2.5339437793998814,2.5794066630386534,1021664000,AAPL
2009-01-15,2.493866205215454,2.5159996497025197,2.394267402205265,2.409820174768715,1831634000,AAPL
2009-01-16,2.4624593257904053,2.523773864183532,2.404734224279588,2.521381239042479,1047625600,AAPL
2009-01-20,2.338932752609253,2.4525891460107343,2.338932752609253,2.450495424112564,919914800,AAPL
2009-01-21,2.477414131164551,2.4789098463686603,2.372132433131117,2.374525058320123,1089270000,AAPL
2009-01-22,2.6428143978118896,2.691866709162795,2.566844204065772,2.6332436972351667,1409528400,AAPL
2009-01-23,2.6428143978118896,2.6879781690394626,2.5871830160084155,2.596753516916839,763770000,AAPL
2009-01-26,2.6810989379882812,2.720878849361134,2.641019324527537,2.6577688975101927,692238400,AAPL
2009-01-27,2.713701009750366,2.738227272235074,2.6840905919219202,2.6975496367813387,618038400,AAPL
2009-01-28,2.8174867630004883,2.8414142110890372,2.736730527526091,2.7552745194298254,861406000,AAPL
2009-01-29,2.7815959453582764,2.8216747683273113,2.7696318195939074,2.7842874743186186,592729200,AAPL
2009-01-30,2.695756196975708,2.8001400327724313,2.692166758436578,2.769632700381393,651478800,AAPL
2009-02-02,2.737029552459717,2.7516852049153546,2.6589656406167235,2.66494770257273,558247200,AAPL
2009-02-03,2.7809972763061523,2.792961402656644,2.7002418194602953,2.74929314015067,599309200,AAPL
2009-02-04,2.798046112060547,2.8788025832579476,2.7845872659213615,2.788176704206442,808421600,AAPL
2009-02-05,2.8850834369659424,2.9087117915838387,2.7702304014663417,2.774716749891273,749246400,AAPL
2009-02-06,2.9825892448425293,2.9909639348350576,2.901234970866283,2.901832777933914,687209600,AAPL
2009-02-09,3.066035509109497,3.0806911622174344,2.9760074693474836,2.990963024239728,715010800,AAPL
2009-02-10,2.9260594844818115,3.06603596772247,2.9030291404861663,3.030743193010192,849060800,AAPL
2009-02-11,2.8958499431610107,2.940415110413861,2.8644449139645567,2.882391101318659,674973600,AAPL
2009-02-12,2.969129800796509,2.983486556765312,2.866240681417287,2.866240681417287,817188400,AAPL
2009-02-13,2.965839385986328,2.9891688329840402,2.934733256987718,2.960754233033702,608977600,AAPL
2009-02-17,2.8273565769195557,2.902429859385395,2.8198795982539044,2.8973455059060202,678238400,AAPL
2009-02-18,2.8225724697113037,2.866838549439231,2.7732220344447973,2.842911289544256,684779200,AAPL
2009-02-19,2.711008310317993,2.8189815228072814,2.6951558477190827,2.7926614511730805,922804400,AAPL
2009-02-20,2.7277584075927734,2.763649786936811,2.661956713510694,2.673920839405911,750316000,AAPL
2009-02-23,2.600641965866089,2.7516854496604144,2.587482027397249,2.7412172396429004,786982000,AAPL
2009-02-24,2.6993441581726074,2.7184863627496894,2.602138218361479,2.6155972627333095,807105600,AAPL
2009-02-25,2.726562023162842,2.7792029873454096,2.6694349104028325,2.6876800055853547,833053200,AAPL
2009-02-26,2.667639970779419,2.779202653485875,2.66076099747412,2.7516857619230284,629868400,AAPL
2009-02-27,2.671229124069214,2.730749053348162,2.622177006327493,2.629953688198166,706658400,AAPL
2009-03-02,2.630251407623291,2.7277571932466658,2.6221758259074393,2.635635461547582,770929600,AAPL
2009-03-03,2.643113851547241,2.713999906153874,2.6284581953482014,2.6598632299656697,724340400,AAPL
2009-03-04,2.726860523223877,2.774716025381583,2.675416382533657,2.6972501122132027,741403600,AAPL
2009-03-05,2.6571714878082275,2.7477973463081558,2.6455072636225387,2.705625000135611,706899200,AAPL
2009-03-06,2.5512921810150146,2.6440119762454017,2.4624601283620406,2.642217157385129,1011147200,AAPL
2009-03-09,2.4857890605926514,2.620083174095148,2.469638489574408,2.5177928965076832,698297600,AAPL
2009-03-10,2.6508898735046387,2.667041240001732,2.5231756549232296,2.538429312852362,844258800,AAPL
2009-03-11,2.7720253467559814,2.81359989863715,2.679305737942361,2.6861847131578083,846372800,AAPL
2009-03-12,2.881793260574341,2.888673034032613,2.751686353736286,2.778605244440295,768457200,AAPL
2009-03-13,2.869229555130005,2.907215643627483,2.8417128723718155,2.880296767650837,601168400,AAPL
2009-03-16,2.8539764881134033,2.912898405246161,2.8168883001307514,2.887176335524778,797244000,AAPL
2009-03-17,2.9807941913604736,2.981691101499609,2.843508437252051,2.8485935902848856,786646000,AAPL
2009-03-18,3.0364255905151367,3.0950484120895267,2.9825888188286496,2.988270980184925,796037200,AAPL
2009-03-19,3.039416551589966,3.0866732461315243,2.998440024084421,3.0462955238573093,500180800,AAPL
2009-03-20,3.0385193824768066,3.083982268072791,3.008012055516657,3.053474142439247,695587200,AAPL
2009-03-23,3.2200710773468018,3.235025836634329,3.0433054951121536,3.0720182016605926,666397200,AAPL
2009-03-24,3.185375452041626,3.273309786505154,3.1521763981645203,3.181188207369634,640612000,AAPL
2009-03-25,3.1850762367248535,3.241007325499297,3.106414307812794,3.2176780794175963,646618000,AAPL
2009-03-26,3.2861719131469727,3.289461449272209,3.2176786794765335,3.2251554606447037,616252000,AAPL
2009-03-27,3.1958439350128174,3.2460920702154685,3.18238489119301,3.2371193743355966,492872800,AAPL
2009-03-30,3.1252572536468506,3.1408098173845804,3.069027064478618,3.1258552602251193,502796000,AAPL
2009-03-31,3.1441006660461426,3.213789903738706,3.140511228538803,3.153970271430122,570080000,AAPL
2009-04-01,3.25087833404541,3.260149933470877,3.1073116053171748,3.1132936688207167,589372000,AAPL
2009-04-02,3.3711140155792236,3.432129858055951,3.2834787923477755,3.2942463057065106,812366800,AAPL
2009-04-03,3.4692177772521973,3.473405221120925,3.3953412999656347,3.4153804112355783,636241200,AAPL
2009-04-06,3.542795419692993,3.5517681140288806,3.3881623000964805,3.4378126197444208,658064400,AAPL
2009-04-07,3.439607620239258,3.4895570485534764,3.4153806639711832,3.485369604374881,536580800,AAPL
2009-04-08,3.479088306427002,3.4931453555355,3.4270455573299072,3.4524685259215473,455630000,AAPL
2009-04-09,3.5762939453125,3.5891549794291584,3.528139144311896,3.5418982864124193,530756800,AAPL
2009-04-13,3.5957345962524414,3.618466031192869,3.559245218185903,3.589453431518011,389236400,AAPL
2009-04-14,3.5386083126068115,3.5942406999953915,3.5069041772878577,3.576294510943172,454622000,AAPL
2009-04-15,3.5185704231262207,3.5368149229972765,3.462340209228537,3.5054094805769096,412882400,AAPL
2009-04-16,3.6325252056121826,3.6833711509166562,3.5529653538693315,3.5649294815519887,593446000,AAPL
2009-04-17,3.691446304321289,3.716271465670613,3.596633004709187,3.6244487981298215,497495600,AAPL
2009-04-20,3.604111671447754,3.67858678689783,3.5640326327123777,3.6409005742764227,466466000,AAPL
2009-04-21,3.6417970657348633,3.6531633878052943,3.5472828411279886,3.5559564354564066,470685600,AAPL
2009-04-22,3.6343188285827637,3.749172026834307,3.625046232833656,3.6678175782386484,938767200,AAPL
2009-04-23,3.7506673336029053,3.80450510321171,3.6941380349166533,3.7871575194352403,945156800,AAPL
2009-04-24,3.7058041095733643,3.742892108910482,3.6779883097388906,3.7279373477590756,540764000,AAPL
2009-04-27,3.7306277751922607,3.738703559470071,3.6687146270722137,3.6758935013224336,480690000,AAPL
2009-04-28,3.7058041095733643,3.774895353681633,3.6866619034852803,3.689353433036416,455856800,AAPL
2009-04-29,3.7428910732269287,3.794036110597254,3.70370936226332,3.7342174818805813,458110800,AAPL
2009-04-30,3.7635293006896973,3.7985231732904,3.73631171111026,3.7751935255532594,498489600,AAPL
2009-05-01,3.80570125579834,3.826937179166366,3.762631202788917,3.762631202788917,397516000,AAPL
2009-05-04,3.9501659870147705,3.955549445652445,3.8188624684403365,3.835611849468449,609358400,AAPL
2009-05-05,3.969308376312256,3.973794525493794,3.9217517606918006,3.9405948651318985,398255200,AAPL
2009-05-06,3.963026762008667,3.992936283421599,3.8948324302219053,3.9878519283436336,473538800,AAPL
2009-05-07,3.860137462615967,3.9597360281328413,3.825441892399044,3.957941409017999,531776000,AAPL
2009-05-08,3.864025592803955,3.9250414413630654,3.776390360836562,3.859538645925432,467964000,AAPL
2009-05-11,3.8753907680511475,3.9169653062219782,3.8021120954206773,3.809590073326401,404658800,AAPL
2009-05-12,3.721355676651001,3.879578037355067,3.686361808533354,3.8750914904156426,609481600,AAPL
2009-05-13,3.573902130126953,3.7093930789620484,3.5706115957215734,3.685165720729043,595971600,AAPL
2009-05-14,3.67738938331604,3.6947377691901377,3.5801836334207473,3.5825760598133014,447826400,AAPL
2009-05-15,3.6615376472473145,3.7273387563006013,3.6373106865003315,3.6585462158014836,367567200,AAPL
2009-05-18,3.7880544662475586,3.7895503813843154,3.6361140543245574,3.7007191388786627,458841600,AAPL
2009-05-19,3.8119826316833496,3.86761422082522,3.7608367911656315,3.793139532370678,372422400,AAPL
2009-05-20,3.7647252082824707,3.864623666775968,3.7476767275440483,3.8173661662937968,388584000,AAPL
2009-05-21,3.714177131652832,3.7919419387619757,3.6755940308580533,3.7431897321925063,407946000,AAPL
2009-05-22,3.6639294624328613,3.71417758999726,3.6414971271381154,3.7102892493278237,297998400,AAPL
2009-05-26,3.9115800857543945,3.913076000435971,3.725243266464862,3.7315244309140128,636927200,AAPL
2009-05-27,3.979477643966675,4.037202568036642,3.9154703543433516,3.941492334164947,646422000,AAPL
2009-05-28,4.039893627166748,4.049464527746148,3.9489678753110833,3.99143932067855,487552800,AAPL
2009-05-29,4.0620269775390625,4.064718506647053,4.003403956087717,4.049465044134012,456534400,AAPL
2009-06-01,4.167907238006592,4.187049040404582,4.067709682207374,4.081767529869085,452499600,AAPL
2009-06-02,4.172094345092773,4.227426829795942,4.1379969857609264,4.157139986455319,456223600,AAPL
2009-06-03,4.215763568878174,4.220548820974181,4.159533362553659,4.187349162833002,565199600,AAPL
2009-06-04,4.299210071563721,4.31237061025438,4.188545099994573,4.1912366290264655,550634000,AAPL
2009-06-05,4.327027797698975,4.378770659870578,4.283359524737307,4.346169605769651,632716000,AAPL
2009-06-08,4.3025007247924805,4.313866246603948,4.170300310341613,4.301603814564851,931652400,AAPL
2009-06-09,4.268702983856201,4.323736369528624,4.203798794283894,4.301304031221636,676964400,AAPL
2009-06-10,4.194825649261475,4.257636109926171,4.136502134981595,4.255542387970351,688623600,AAPL
2009-06-11,4.185853004455566,4.234007820528917,4.143979754859811,4.1738900745783045,524823600,AAPL
2009-06-12,4.0967230796813965,4.160430064505647,4.068906482121641,4.151756471054911,563085600,AAPL
2009-06-15,4.070401191711426,4.095525456160863,4.034510012884085,4.068008765925578,539750400,AAPL
2009-06-16,4.0781779289245605,4.1415857926421955,4.070699951710524,4.0874493268193755,514805200,AAPL
2009-06-17,4.055149078369141,4.111080186191657,4.023744036869168,4.087750133491335,571412800,AAPL
2009-06-18,4.064119815826416,4.1275280747197876,4.055446225394357,4.070998787685654,427680400,AAPL
2009-06-19,4.1717963218688965,4.172394128922209,4.094629294903039,4.129622771372425,721856800,AAPL
2009-06-22,4.1086859703063965,4.2340074021875065,4.077580438882683,4.207388418278274,634914000,AAPL
2009-06-23,4.0081892013549805,4.0961235337328175,3.974391742276839,4.079674057938847,706532400,AAPL
2009-06-24,4.0742902755737305,4.112574685842211,4.033613838419798,4.05036321799517,485525600,AAPL
2009-06-25,4.18316125869751,4.193330766875911,4.044081873229012,4.060232646368384,589447600,AAPL
2009-06-26,4.26032829284668,4.293827050609124,4.179572030928503,4.181067546840817,439384400,AAPL
2009-06-29,4.246271133422852,4.305491975828949,4.2334100938233235,4.290836316842963,567616000,AAPL
2009-06-30,4.2600297927856445,4.30100573657421,4.241187088296185,4.264516341157777,434224000,AAPL
2009-07-01,4.271992206573486,4.326727685633578,4.262720807267034,4.292032118336232,414178800,AAPL
2009-07-02,4.187946796417236,4.271992799539039,4.181067822104403,4.224736090945513,370479200,AAPL
2009-07-06,4.145775318145752,4.1571416415639035,4.075188544882478,4.148466848196637,498688400,AAPL
2009-07-07,4.049763202667236,4.177776542775196,4.043183333358488,4.141884967019193,461596800,AAPL
2009-07-08,4.104198455810547,4.128724510441169,4.020451585288362,4.065316650525932,575929200,AAPL
2009-07-09,4.0784759521484375,4.127228553764406,4.065614919681908,4.1203495826016265,343025200,AAPL
2009-07-10,4.1430840492248535,4.156542898337971,4.077282125385394,4.07788113062735,445275600,AAPL
2009-07-13,4.257336139678955,4.257336139678955,4.11347152667945,4.173589259475571,483501200,AAPL
2009-07-14,4.255244731903076,4.282462732356637,4.222045863572039,4.248067051511159,347247600,AAPL
2009-07-15,4.393127918243408,4.396717157255756,4.316559482663921,4.338094118064436,485587200,AAPL
2009-07-16,4.412267684936523,4.427223239900944,4.3539445746710115,4.359627134472985,393570800,AAPL
2009-07-17,4.538785934448242,4.546861718538723,4.445467759419028,4.458927399569829,602154000,AAPL
2009-07-20,4.573480606079102,4.637188769509863,4.513063774851282,4.5842487173205875,735526400,AAPL
2009-07-21,4.531606674194336,4.589033668604125,4.478966127881259,4.5848466246950625,874781600,AAPL
2009-07-22,4.688035011291504,4.747555735148289,4.669191913545754,4.71944004108888,874104000,AAPL
2009-07-23,4.7203369140625,4.738880106723598,4.652740817046526,4.68474444677078,526962800,AAPL
2009-07-24,4.785242080688477,4.785540784489514,4.6808570823246605,4.694316324183197,438362400,AAPL
2009-07-27,4.788531303405762,4.811860948256285,4.703588410333839,4.790625025319993,433311200,AAPL
2009-07-28,4.7855401039123535,4.788530735527112,4.713756559090069,4.752041355930566,363554800,AAPL
2009-07-29,4.786437511444092,4.7989998427456335,4.733198752322119,4.75264005619027,382158000,AAPL
2009-07-30,4.868988513946533,4.926713417515252,4.830404612078626,4.836386674280875,469604800,AAPL
2009-07-31,4.886934280395508,4.9350886868436,4.872577329998101,4.874970155064335,422536800,AAPL
2009-08-03,4.977860927581787,4.9841416951695185,4.931201229765579,4.941370338782719,394240000,AAPL
2009-08-04,4.951539039611816,4.952137245888013,4.911460417116558,4.932995044386361,395810800,AAPL
2009-08-05,4.938377380371094,5.006570473327019,4.911458507743839,4.957519175094571,423183600,AAPL
2009-08-06,4.902487277984619,4.980252090158951,4.877961222220063,4.952435500836911,341616800,AAPL
2009-08-07,4.950342655181885,4.982944500713105,4.929107129216504,4.949744848190701,387354800,AAPL
2009-08-10,4.9267144203186035,4.9829446184552735,4.89501028286669,4.954830118391954,300294400,AAPL
2009-08-11,4.870184421539307,4.916544204592575,4.8417704253673985,4.895906090441936,355342400,AAPL
2009-08-12,4.944361686706543,4.986234930772073,4.859118884113753,4.861810413196234,445071200,AAPL
2009-08-13,5.037382125854492,5.044860107328536,4.979955892388008,4.984442441670336,439980800,AAPL
2009-08-14,4.98832893371582,5.031697296674715,4.9509418355739925,5.023023703950273,305816000,AAPL
2009-08-17,4.77327823638916,4.892916703149148,4.76819308341255,4.891719891191326,524381200,AAPL
2009-08-18,4.905179977416992,4.912358054457414,4.827714249864105,4.8342941205397665,431152400,AAPL
2009-08-19,4.923125743865967,4.944062568887148,4.858820551450304,4.867793248266969,413271600,AAPL
2009-08-20,4.974869251251221,4.986534274964681,4.923425102989855,4.934491121685678,342031200,AAPL
2009-08-21,5.06130838394165,5.065795730828332,4.988927402785506,5.014350776656971,416074400,AAPL
2009-08-24,5.056522369384766,5.105873593615022,5.032894017698206,5.088226506637369,406929600,AAPL
2009-08-25,5.0666913986206055,5.112752084303834,5.058615613817263,5.068486017465792,324354800,AAPL
2009-08-26,5.007174491882324,5.071180605960559,4.987732775996481,5.052337496054235,303998800,AAPL
2009-08-27,5.068187713623047,5.071776153206077,4.930005235444123,5.047250889797244,449181600,AAPL
2009-08-28,5.086134433746338,5.15911403332842,5.040672334645794,5.152534160810943,453700800,AAPL
2009-08-31,5.031098365783691,5.0502401660036895,4.979952932375745,5.029602450908569,311337600,AAPL
2009-09-01,4.944061756134033,5.084637444070838,4.933294441856727,5.024518907736183,469028000,AAPL
2009-09-02,4.940471649169922,5.013151700720822,4.908468019037328,4.923722276074025,364249200,AAPL
2009-09-03,4.981449127197266,4.997899402346436,4.9350893334744566,4.978159391636775,293955200,AAPL
2009-09-04,5.09390926361084,5.10557428674082,4.997600443019161,5.003283403005561,374628800,AAPL
2009-09-08,5.1722731590271,5.1785539270414835,5.144457359431354,5.173768675063078,315047600,AAPL
2009-09-09,5.118734359741211,5.218332914429732,5.07566390500431,5.167785679533924,811087200,AAPL
2009-09-10,5.161206245422363,5.181843965405718,5.108864387185942,5.146251485831484,491134000,AAPL
2009-09-11,5.149240970611572,5.179749088687436,5.110657867187959,5.1716733046664904,348961200,AAPL
2009-09-14,5.1959004402160645,5.20128349733252,5.092113661399103,5.1094608424924886,322011200,AAPL
2009-09-15,5.238970756530762,5.25362641205174,5.192013157700888,5.205472001243764,426470800,AAPL
2009-09-16,5.439664840698242,5.465985520713261,5.320325469449008,5.323615604367971,754023200,AAPL
2009-09-17,5.519820690155029,5.586818181981654,5.442654492394918,5.4429535954715815,810572000,AAPL
2009-09-18,5.53387975692749,5.579641339754036,5.52610267588008,5.558106712151332,601582800,AAPL
2009-09-21,5.503969669342041,5.538066226059028,5.432186919231807,5.512045453356278,437715600,AAPL
2009-09-22,5.517727375030518,5.5446462545764925,5.468974767952964,5.538963695037867,356753600,AAPL
2009-09-23,5.54823637008667,5.649929443058836,5.534178522222543,5.545245737962861,593563600,AAPL
2009-09-24,5.497989654541016,5.614038510380124,5.466584614797052,5.5990837485656995,550880400,AAPL
2009-09-25,5.454617977142334,5.548235246207684,5.426802188867922,5.44385066540243,445239200,AAPL
2009-09-28,5.567677021026611,5.583529487041307,5.483332333722883,5.499483503533307,337444800,AAPL
2009-09-29,5.5446457862854,5.605063009772748,5.5126425561011265,5.585024301862354,345385600,AAPL
2009-09-30,5.543750286102295,5.576650833873033,5.461798019824942,5.567079533089314,539585200,AAPL
2009-10-01,5.409457206726074,5.569772132973273,5.404670756740649,5.543751351974582,524711600,AAPL
2009-10-02,5.530291557312012,5.56139789290362,5.424113108740911,5.4259077280637,553308000,AAPL
2009-10-05,5.563788414001465,5.588912676579927,5.511446566354891,5.569172669462728,423133200,AAPL
2009-10-06,5.6831278800964355,5.6831278800964355,5.60207372879104,5.615233467583179,605085600,AAPL
2009-10-07,5.690305709838867,5.699278402581513,5.653815534720047,5.675650058779402,465668000,AAPL
2009-10-08,5.660996437072754,5.726199332209271,5.6496301170279795,5.702570979936873,438211200,AAPL
2009-10-09,5.696887016296387,5.703765989290595,5.641554931187976,5.6520231419200195,293272000,AAPL
2009-10-12,5.707056522369385,5.7279933431669905,5.672062253103996,5.713337688409659,288024800,AAPL
2009-10-13,5.683426856994629,5.717822512671851,5.673855558577412,5.701671345929348,348020400,AAPL
2009-10-14,5.721413612365723,5.752219639679654,5.6897094769223555,5.750126316951997,375510800,AAPL
2009-10-15,5.699578762054443,5.710346075586452,5.668772337134618,5.671762969150388,373556400,AAPL
2009-10-16,5.624505043029785,5.69359626464864,5.618223877669308,5.663387648969066,431426800,AAPL
2009-10-19,5.678642272949219,5.682829717086677,5.549732408175931,5.6185245359446965,942230800,AAPL
2009-10-20,5.944836616516113,6.034266845679067,5.91761903320819,5.999871187339086,1141039200,AAPL
2009-10-21,6.129081726074219,6.242439833279657,5.958896012019529,5.967569604800989,1193726800,AAPL
2009-10-22,6.137454509735107,6.216715232126609,6.056998173643351,6.122499754404172,791392000,AAPL
2009-10-23,6.099768161773682,6.155400537032926,6.078532641365096,6.15240990551291,420786800,AAPL
2009-10-26,6.056102275848389,6.183816123360974,5.984917325080293,6.091694751232437,484338400,AAPL
2009-10-27,5.903264999389648,6.065972739698394,5.875747106969971,6.031577071354757,756551600,AAPL
2009-10-28,5.754613876342773,5.9227058723241015,5.7157308617732845,5.913433274286702,818386800,AAPL
2009-10-29,5.872755527496338,5.886514671155929,5.746836301320573,5.832377801949724,570270400,AAPL
2009-10-30,5.637966156005859,5.886215814107121,5.628095750717896,5.864082976680246,717525200,AAPL
2009-11-02,5.662192344665527,5.768969381334753,5.550330554090303,5.676848000704964,678983200,AAPL
2009-11-03,5.64544153213501,5.668471671773026,5.560797352946974,5.6185234515992155,522541600,AAPL
2009-11-04,5.707056522369385,5.797981482361125,5.68970933864572,5.704664096547827,487530400,AAPL
2009-11-05,5.8033671379089355,5.832379351275736,5.737266524982026,5.754614511562809,384801200,AAPL
2009-11-06,5.812637805938721,5.8380607774965565,5.754613785859161,5.757903521493571,295097600,AAPL
2009-11-09,6.025595188140869,6.0387549300318035,5.870065120956178,5.890402940181869,528855600,AAPL
2009-11-10,6.071056365966797,6.1308749913723535,6.012134251219376,6.0124333543298185,401195200,AAPL
2009-11-11,6.079133033752441,6.131474891118071,6.036660782441435,6.118314351480759,443870000,AAPL
2009-11-12,6.041446208953857,6.127585512338337,6.0246968334063284,6.075841870081096,363731200,AAPL
2009-11-13,6.115025997161865,6.126391520988274,6.043841023118509,6.067768483735872,343240800,AAPL
2009-11-16,6.1802263259887695,6.22120225490569,6.13177281916551,6.145829866956218,485206400,AAPL
2009-11-17,6.191293716430664,6.204453456943885,6.131474681111173,6.163777024077565,396513600,AAPL
2009-11-18,6.1601881980896,6.191294531836099,6.1015655677027185,6.177536583184268,374320800,AAPL
2009-11-19,5.99717903137207,6.119808917484285,5.975943508017584,6.119808917484285,542326400,AAPL
2009-11-20,5.979533672332764,5.993591521487739,5.9149289842013015,5.956503526645846,406666400,AAPL
2009-11-23,6.157793045043945,6.161382281887258,6.070157442799231,6.071653357487153,474896800,AAPL
2009-11-24,6.114726543426514,6.157796209671089,6.0686658449420205,6.14134553235154,318438400,AAPL
2009-11-25,6.107247829437256,6.15091609336256,6.0943867925291215,6.143438114813789,286454000,AAPL
2009-11-27,5.99957275390625,6.070457800189176,5.933173056594631,5.95859602414808,295257200,AAPL
2009-11-30,5.979234218597412,6.032173876322439,5.945137259766963,6.015125396907215,424858000,AAPL
2009-12-01,5.891300201416016,6.064776036001128,5.887112757293045,6.0489235689641685,465763200,AAPL
2009-12-02,5.869166851043701,6.024397800196328,5.854810298409721,5.950820018693425,715260000,AAPL
2009-12-03,5.876645565032959,5.951420172976463,5.870364796669592,5.904760469398073,448719600,AAPL
2009-12-04,5.782129287719727,5.978335741445102,5.6912035373363015,5.97295268400273,826884800,AAPL
2009-12-07,5.651424884796143,5.79558982431967,5.643349498154061,5.782130580358403,714758800,AAPL
2009-12-08,5.678939342498779,5.753115699790131,5.643945484176844,5.6636854865113175,690398800,AAPL
2009-12-09,5.9161272048950195,5.926894522368461,5.692103666634853,5.72111628203672,684782000,AAPL
2009-12-10,5.875149250030518,5.972953994235115,5.865877450689749,5.966971930572236,489669600,AAPL
2009-12-11,5.822508811950684,5.9221081842201,5.785420812575555,5.915527514261848,429774800,AAPL
2009-12-14,5.891599655151367,5.905058899351727,5.759399239992062,5.843445239617762,495790400,AAPL
2009-12-15,5.807554244995117,5.907452723815321,5.780635753862158,5.8572045808535185,419459600,AAPL
2009-12-16,5.833276271820068,5.8772436461094815,5.818919716719945,5.835369994342111,352984800,AAPL
2009-12-17,5.738460063934326,5.8323764303255325,5.71273799883557,5.810243202695611,388838800,AAPL
2009-12-18,5.84523868560791,5.847332407515684,5.760594097254378,5.777643374982876,608770400,AAPL
2009-12-21,5.928985118865967,5.974447992481674,5.852416320778413,5.863782638187226,611906400,AAPL
2009-12-22,5.992692947387695,6.007348601436983,5.941846613242363,5.965176258071067,349515600,AAPL
2009-12-23,6.044734954833984,6.053109841458898,6.006151853750354,6.017816075733336,345525600,AAPL
2009-12-24,6.252309799194336,6.261582397535695,6.082124075346995,6.088106139220963,500889200,AAPL
2009-12-28,6.329178333282471,6.399166490676997,6.2693588867813785,6.332468868067339,644565600,AAPL
2009-12-29,6.25410270690918,6.362376036715273,6.243036291107391,6.359684108708638,445205600,AAPL
2009-12-30,6.330074310302734,6.340842424063861,6.230475747233474,6.2460283138398465,412084400,AAPL
2009-12-31,6.302856922149658,6.381220759411859,6.2977725672893,6.37464048927449,352410800,AAPL
2010-01-04,6.4009599685668945,6.415615623607645,6.352207353035695,6.38361238517111,493729600,AAPL
2010-01-05,6.4120259284973145,6.448216606206639,6.378227676336188,6.418606196930499,601904800,AAPL
2010-01-06,6.310036659240723,6.4374518393889,6.3034563882052295,6.412028464270341,552160000,AAPL
2010-01-07,6.298369407653809,6.340841654503294,6.252607824913886,6.333364075949399,477131200,AAPL
2010-01-08,6.340242385864258,6.34084099142261,6.252907072844147,6.289994261246595,447610800,AAPL
2010-01-11,6.2843122482299805,6.37075065328172,6.234661929332783,6.364768590923839,462229600,AAPL
2010-01-12,6.212828159332275,6.274143507304267,6.173945947274488,6.256795125014308,594459600,AAPL
2010-01-13,6.300464630126953,6.3088395201018255,6.104557216735154,6.217316732162141,605892000,AAPL
2010-01-14,6.263973712921143,6.294780937072148,6.251710883490853,6.284312726485799,432894000,AAPL
2010-01-15,6.159289836883545,6.328877718847598,6.157495218089961,6.308837808985911,594067600,AAPL
2010-01-19,6.431767463684082,6.436254011409336,6.198472972021278,6.231074020814712,730007600,AAPL
2010-01-20,6.332766532897949,6.447020743269509,6.266067727427677,6.427878540710491,612152800,AAPL
2010-01-21,6.223295211791992,6.3800220408090045,6.197573143978454,6.343233557680792,608154400,AAPL
2010-01-22,5.914630889892578,6.206249745083103,5.8969845983188955,6.184715111590551,881767600,AAPL
2010-01-25,6.07374906539917,6.122501284452414,5.987609349670378,6.056999687322368,1065699600,AAPL
2010-01-26,6.1595916748046875,6.391989720379774,6.059095373764522,6.159890778069751,1867110000,AAPL
2010-01-27,6.2176127433776855,6.298368179999374,5.967866859733425,6.186805525077104,1722568400,AAPL
2010-01-28,5.960688591003418,6.1464276066653785,5.943042308303537,6.129379530113733,1173502400,AAPL
2010-01-29,5.74444580078125,6.0477297161660655,5.690309309004682,6.0142309498886135,1245952400,AAPL
2010-02-01,5.824301719665527,5.8622870175083985,5.721711744779524,5.753714980178916,749876400,AAPL
2010-02-02,5.85809850692749,5.871857248041766,5.783922942820175,5.859594421602537,698342400,AAPL
2010-02-03,5.958893775939941,5.987906373835569,5.815028396728403,5.8374607272105505,615328000,AAPL
2010-02-04,5.74414587020874,5.933174297167158,5.72978891686705,5.884122171923134,757652000,AAPL
2010-02-05,5.846136569976807,5.862288141671456,5.70825319890673,5.761492766189791,850306800,AAPL
2010-02-08,5.806056976318359,5.918517357098311,5.802467738760923,5.85301536902158,478270800,AAPL
2010-02-09,5.867969512939453,5.907150820836944,5.824899465424511,5.874848484869028,632886800,AAPL
2010-02-10,5.835967540740967,5.88023441257806,5.81024546562418,5.858997687205293,370361600,AAPL
2010-02-11,5.942147254943848,5.974450002046287,5.804263870855666,5.8287899345560845,550345600,AAPL
2010-02-12,5.993292808532715,6.030979012175346,5.8473336450499405,5.925397581735357,655468800,AAPL
2010-02-16,6.083618640899658,6.092292232255824,6.02738845097008,6.039950382981633,543737600,AAPL
2010-02-17,6.058197021484375,6.110837586259954,6.007648981055815,6.107248347933426,436396800,AAPL
2010-02-18,6.06956148147583,6.098274985616274,6.009442944080628,6.03067846985391,422825200,AAPL
2010-02-19,6.031874179840088,6.0776361564729,6.015124805208472,6.037557538201606,415469600,AAPL
2010-02-22,5.994487285614014,6.056699535800011,5.957698800315727,6.051914285275399,390563600,AAPL
2010-02-23,5.893990516662598,6.021704740755746,5.853612797516256,5.981924828452925,575094800,AAPL
2010-02-24,6.001668930053711,6.024998185222485,5.917323010326344,5.928988037247519,460566400,AAPL
2010-02-25,6.041746139526367,6.067468214648124,5.888908006704064,5.9035636633669295,665126000,AAPL
2010-02-26,6.120107650756836,6.1365579224193905,6.041744632862045,6.053110151670317,507460800,AAPL
2010-03-01,6.250813961029053,6.266067422499071,6.144933446129398,6.153906140994697,550093600,AAPL
2010-03-02,6.246626377105713,6.305847200165035,6.2134263286390725,6.2789283174990125,566546400,AAPL
2010-03-03,6.260983467102051,6.277135039754284,6.219409720029263,6.249319241082196,372052800,AAPL
2010-03-04,6.3022565841674805,6.308537748992315,6.240044340102625,6.259486440087486,366041200,AAPL
2010-03-05,6.5487141609191895,6.571146499349718,6.419504386736821,6.4287765850139325,899620400,AAPL
2010-03-08,6.5526018142700195,6.5828100332820405,6.527776653083687,6.580417607508027,429889600,AAPL
2010-03-09,6.670445442199707,6.7296662644469905,6.51700913091817,6.52957106301053,920259200,AAPL
2010-03-10,6.724881649017334,6.744024252235201,6.675830325618281,6.694673426324186,596218000,AAPL
2010-03-11,6.744621753692627,6.744621753692627,6.679419257258576,6.69706634484542,405700400,AAPL
2010-03-12,6.77752161026001,6.811319064080451,6.752098244945543,6.800551351992941,416323600,AAPL
2010-03-15,6.694973945617676,6.744623086532371,6.587597879663725,6.741034646343361,493502800,AAPL
2010-03-16,6.713216304779053,6.72906837203263,6.655191892342553,6.705140919248978,446908000,AAPL
2010-03-17,6.7033467292785645,6.773035769422474,6.67792375915226,6.726675977268429,450956800,AAPL
2010-03-18,6.719198703765869,6.729666914965301,6.6581828575083435,6.702747630729637,342109600,AAPL
2010-03-19,6.647415637969971,6.736845486856345,6.616907514737708,6.72338624388319,559445600,AAPL
2010-03-22,6.722189903259277,6.759577399628265,6.584605641755818,6.594176943056466,456419600,AAPL
2010-03-23,6.830162525177002,6.842724856615765,6.702746988032144,6.748808071301029,602431200,AAPL
2010-03-24,6.8603715896606445,6.885196750244812,6.804739205860796,6.808627945907905,597780400,AAPL
2010-03-25,6.779018878936768,6.908229068993572,6.767054750596289,6.906733153614286,542284400,AAPL
2010-03-26,6.906134605407715,6.9375392391052015,6.835846561024789,6.84781068738954,640875200,AAPL
2010-03-29,6.950698375701904,6.994964840733215,6.927668632460086,6.968944066160007,540744400,AAPL
2010-03-30,7.054185390472412,7.102938799948749,7.006329689697342,7.076617725252188,527310000,AAPL
2010-03-31,7.028763294219971,7.0769185061524205,7.012612521411764,7.043419749160303,430659600,AAPL
2010-04-01,7.057775497436523,7.140325573135186,6.961466676451424,7.10084555357292,603145200,AAPL
2010-04-05,7.133148670196533,7.133746876578261,7.02188467921546,7.028166245560301,684507600,AAPL
2010-04-06,7.164552211761475,7.18548863091343,7.088581618713748,7.124473193455096,447017200,AAPL
2010-04-07,7.196256637573242,7.235737451272503,7.138231430183873,7.164851208886285,628502000,AAPL
2010-04-08,7.176816940307617,7.2243731496641725,7.119689428839531,7.191472597329194,572989200,AAPL
2010-04-09,7.231850624084473,7.234842454789354,7.192071096076456,7.221083707444722,334182800,AAPL
2010-04-12,7.246801853179932,7.270131091696683,7.232444907217004,7.24410952647538,333026400,AAPL
2010-04-13,7.250993251800537,7.26206047090728,7.21151242318658,7.233945565300326,306210800,AAPL
2010-04-14,7.34849739074707,7.3520866286540985,7.3000442763488325,7.336234560568051,404076400,AAPL
2010-04-15,7.445106029510498,7.448395765061185,7.343113844685574,7.351189230981519,376784800,AAPL
2010-04-16,7.399641990661621,7.5115041633448625,7.314399596755565,7.434635858262052,750545600,AAPL
2010-04-19,7.389771938323975,7.414297595729281,7.231250477875138,7.388575525832338,566924400,AAPL
2010-04-20,7.315594673156738,7.454973509199437,7.266842070716127,7.433737590548452,738326400,AAPL
2010-04-21,7.753178119659424,7.783985358961467,7.6487930689167145,7.740615781573668,982391200,AAPL
2010-04-22,7.97001838684082,7.9783932742481385,7.6628462695876305,7.723862507739158,793424800,AAPL
2010-04-23,8.100423812866211,8.140801534588055,7.985870117428201,8.015480127221611,796955600,AAPL
2010-04-26,8.060644149780273,8.14917627244023,8.02146204253912,8.131829091101883,479068800,AAPL
2010-04-27,7.837522029876709,8.010997925236891,7.792059932246855,7.993949438957301,709343600,AAPL
2010-04-28,7.824361801147461,7.896144182227952,7.669130814697251,7.873712637394161,758402400,AAPL
2010-04-29,8.03492259979248,8.075599027165739,7.836621621986638,7.866829839393643,558840800,AAPL
2010-04-30,7.809106349945068,8.09264897386774,7.806414820686979,8.054962772214257,542463600,AAPL
2010-05-03,7.966431140899658,8.012193530621698,7.862644328410753,7.891358235271145,454342000,AAPL
2010-05-04,7.737023830413818,7.874907602385421,7.679298912792746,7.862944273741804,723819600,AAPL
2010-05-05,7.656569480895996,7.720875487455963,7.439425293783739,7.5680373069036735,883103200,AAPL
2010-05-06,7.365248680114746,7.724163759114939,5.959495092117335,7.591963330418404,1285860800,AAPL
2010-05-07,7.054484844207764,7.374817532721413,6.735947573287515,7.289276426883525,1676018400,AAPL
2010-05-10,7.596745491027832,7.616486296574275,7.433439183964184,7.484884120957468,984306400,AAPL
2010-05-11,7.67241907119751,7.773214037086835,7.492362968807289,7.532441193439764,848906800,AAPL
2010-05-12,7.839012622833252,7.8701185417073445,7.737619483107373,7.753769450641536,654379600,AAPL
2010-05-13,7.7274556159973145,7.926055396241703,7.668832173453949,7.872815812585612,599712400,AAPL
2010-05-14,7.5916643142700195,7.67122417863112,7.46245490949826,7.631743349690074,759362800,AAPL
2010-05-17,7.603628158569336,7.662251592639168,7.408916349661816,7.617985113526888,762834800,AAPL
2010-05-18,7.547994136810303,7.73313458308721,7.485183277671348,7.686176589304152,782678400,AAPL
2010-05-19,7.427757263183594,7.5647433066442655,7.32337306265432,7.462452428758872,1025726800,AAPL
2010-05-20,7.111316204071045,7.293465676856702,7.064955603159949,7.234542740394576,1282915200,AAPL
2010-05-21,7.247699737548828,7.312902604700326,6.919590482444725,6.963557432513809,1223891200,AAPL
2010-05-24,7.380499362945557,7.504325660158623,7.365545005431255,7.396052725380588,754238800,AAPL
2010-05-25,7.334442615509033,7.380502921427977,7.093370972246833,7.158872591246512,1048006400,AAPL
2010-05-26,7.301239490509033,7.541115418786998,7.290471777377569,7.479800472576074,850654000,AAPL
2010-05-27,7.577606678009033,7.593758252551482,7.450790102221649,7.495355285819243,666282400,AAPL
2010-05-28,7.683186054229736,7.758558451126116,7.577604638342463,7.758259747311009,815614800,AAPL
2010-06-01,7.801328659057617,7.954166768821738,7.745397570160581,7.7672316999373505,876472800,AAPL
2010-06-02,7.89464807510376,7.920070646555952,7.786374324858422,7.912293964132214,688548000,AAPL
2010-06-03,7.869823455810547,7.942503534500642,7.788767689103584,7.931436317102936,650106800,AAPL
2010-06-04,7.655671119689941,7.8333336405625635,7.615891589387879,7.722967347594688,758304400,AAPL
2010-06-07,7.505523681640625,7.751081408831783,7.493858257976977,7.7253593333483215,886942000,AAPL
2010-06-08,7.457367420196533,7.591063716718781,7.347299870329625,7.574313942344747,1000770400,AAPL
2010-06-09,7.274021148681641,7.534236077945992,7.252786024608087,7.521374244108151,854630000,AAPL
2010-06-10,7.492660999298096,7.506717648032547,7.24411149611018,7.323073123029511,776356000,AAPL
2010-06-11,7.582392692565918,7.592860905756815,7.3987473118770755,7.424469389700075,545759200,AAPL
2010-06-14,7.605422019958496,7.751081683584313,7.5973466329364445,7.655670558628494,602960400,AAPL
2010-06-15,7.767233371734619,7.772019022981305,7.641911925069058,7.6460993699099085,585074000,AAPL
2010-06-16,7.993349552154541,8.008303911664578,7.79534725117339,7.8094047005290905,783678000,AAPL
2010-06-17,8.1315336227417,8.162340855338444,8.06064735698264,8.093547912801228,872855200,AAPL
2010-06-18,8.1973295211792,8.225146505242542,8.118069206543518,8.142894361318014,784621600,AAPL
2010-06-21,8.080687522888184,8.345088403573456,8.037617454038418,8.305607573683966,776490400,AAPL
2010-06-22,8.190752983093262,8.254161257488855,8.12046573515664,8.14020574561061,717262000,AAPL
2010-06-23,8.104613304138184,8.214980382607449,8.012790623120056,8.212587557129883,768457200,AAPL
2010-06-24,8.045693397521973,8.171313562635369,8.018774106134646,8.10551164902877,714277200,AAPL
2010-06-25,7.976896286010742,8.083674089404033,7.950276511098641,8.077393324030233,549942400,AAPL
2010-06-28,8.02475357055664,8.068123126623819,7.911694979385824,7.98377683961519,584948000,AAPL
2010-06-29,7.661952972412109,7.907810263658174,7.606021860292635,7.899734076227757,1133344800,AAPL
2010-06-30,7.5231709480285645,7.715788623766222,7.477708857328405,7.678102417874339,739452000,AAPL
2010-07-01,7.431942462921143,7.620971597000244,7.274618252115919,7.606016444512566,1022896000,AAPL
2010-07-02,7.385887145996094,7.505226547560184,7.274024127682404,7.492065205867698,693842800,AAPL
2010-07-06,7.436430931091309,7.56115333435484,7.362553660680602,7.507316371718679,615235600,AAPL
2010-07-07,7.7367262840271,7.739718115286182,7.469933365463219,7.492065409248708,654556000,AAPL
2010-07-08,7.719377517700195,7.863243360332998,7.623666890525599,7.8506810260386715,738144400,AAPL
2010-07-09,7.76513671875,7.773510806167226,7.631739143473429,7.683482777378995,433322400,AAPL
2010-07-12,7.695446968078613,7.83183477662873,7.622766916980813,7.732534950989005,562878400,AAPL
2010-07-13,7.53124475479126,7.668829008206998,7.370629958311328,7.666436981695789,1190924000,AAPL
2010-07-14,7.5590620040893555,7.650884696389172,7.447499297847674,7.458866018936064,812047600,AAPL
2010-07-15,7.520773887634277,7.685874773685441,7.396648920385231,7.42446510399385,824866000,AAPL
2010-07-16,7.4744181632995605,7.626059893929495,7.429852983845418,7.572521618341599,1039858400,AAPL
2010-07-19,7.3452067375183105,7.473818697747353,7.166347843425876,7.473818697747353,1024478000,AAPL
2010-07-20,7.533935546875,7.564144562537885,7.178609827137813,7.265048631789958,1074950800,AAPL
2010-07-21,7.60422420501709,7.930538146984099,7.597046528250666,7.928743528124173,1185671200,AAPL
2010-07-22,7.747189521789551,7.776500820601888,7.636224292277571,7.70711051369689,645318800,AAPL
2010-07-23,7.7747087478637695,7.787869285737431,7.665239397025341,7.689466351501593,533388800,AAPL
2010-07-26,7.754969596862793,7.7794952578466665,7.708011597724236,7.776504226181152,420551600,AAPL
2010-07-27,7.8985371589660645,7.920071791656586,7.785478540325525,7.802527024151949,584771600,AAPL
2010-07-28,7.805215358734131,7.9556614181276535,7.783980237286156,7.886271098372767,519985200,AAPL
2010-07-29,7.719974994659424,7.855764638793119,7.659857254329041,7.797740221310619,643806800,AAPL
2010-07-30,7.694252014160156,7.767530285301903,7.623963975684945,7.653575585285505,448210000,AAPL
2010-08-02,7.8318352699279785,7.8539681003681245,7.765137276174835,7.789662931383988,428055600,AAPL
2010-08-03,7.834229469299316,7.874008990054059,7.759156575682284,7.806712778300799,417653600,AAPL
2010-08-04,7.865633487701416,7.904515292689545,7.78577495805127,7.861446044373093,420375200,AAPL
2010-08-05,7.8273491859436035,7.871615645854022,7.7929527289483485,7.828246095902637,289097200,AAPL
2010-08-06,7.779195308685303,7.821068946625821,7.705616740165816,7.76992271266994,444897600,AAPL
2010-08-09,7.828845977783203,7.8408101042855085,7.763643085692301,7.820769793057481,303128000,AAPL
2010-08-10,7.758859634399414,7.7899663721228505,7.703227229067595,7.772020177282406,451920000,AAPL
2010-08-11,7.483088970184326,7.647592476681469,7.471723851320727,7.6389188863189466,620054400,AAPL
2010-08-12,7.530946254730225,7.570127570176572,7.361358359220192,7.378406839784377,534920400,AAPL
2010-08-13,7.450486660003662,7.533634909673297,7.450187157625112,7.526755939042754,354869200,AAPL
2010-08-16,7.406821250915527,7.47770750101608,7.376312728943909,7.405026631976021,318430000,AAPL
2010-08-17,7.536328315734863,7.615888138967453,7.453477959232001,7.479799030701691,422640400,AAPL
2010-08-18,7.56923246383667,7.617088186602002,7.524667276257059,7.547997330458533,339696000,AAPL
2010-08-19,7.473819732666016,7.581494487020337,7.437928147881242,7.562351882509301,426706000,AAPL
2010-08-20,7.466643810272217,7.594656827038645,7.447501199212598,7.459166627163899,384230000,AAPL
2010-08-23,7.351784706115723,7.537224610236242,7.335335235799956,7.53094384530309,414041600,AAPL
2010-08-24,7.176218509674072,7.268040391080274,7.137934101097717,7.258171184096274,602565600,AAPL
2010-08-25,7.264749526977539,7.29765087184718,7.094564235763863,7.119688100445603,596867600,AAPL
2010-08-26,7.186686038970947,7.350291869754729,7.186686038970948,7.341318775158002,466505200,AAPL
2010-08-27,7.226764678955078,7.256375490214745,7.045512171095575,7.230653419077083,548391200,AAPL
2010-08-30,7.253087043762207,7.350293594688819,7.198651055773907,7.2010438815612385,383289200,AAPL
2010-08-31,7.271032333374023,7.314700599891343,7.188780953842124,7.233644834431,420786800,AAPL
2010-09-01,7.487280368804932,7.521077838166618,7.366146347475025,7.401738436343192,697037600,AAPL
2010-09-02,7.5423126220703125,7.5423126220703125,7.4346378640852695,7.51509462970012,415427600,AAPL
2010-09-03,7.73971700668335,7.740015710562321,7.612002728933492,7.629649419323485,520788800,AAPL
2010-09-07,7.711001873016357,7.76244601527035,7.6643425822844975,7.676007205299147,342557600,AAPL
2010-09-08,7.863842487335205,7.907809464502354,7.7495866498674335,7.7699256696773995,526551200,AAPL
2010-09-09,7.86832857131958,7.97151639031998,7.863842422206001,7.927250709623704,438575200,AAPL
2010-09-10,7.878496170043945,7.91109801487135,7.818377633402759,7.871915900579639,387542400,AAPL
2010-09-13,7.987069129943848,8.024157128875412,7.948785516859763,7.950579337425267,388780000,AAPL
2010-09-14,8.017574310302734,8.050773557662273,7.94160371734453,7.962241432696976,408150400,AAPL
2010-09-15,8.082181930541992,8.086968380742555,8.010996961423706,8.020867767035043,429368800,AAPL
2010-09-16,8.272103309631348,8.275094340109879,8.060642646173829,8.082776271714962,652103200,AAPL
2010-09-17,8.236214637756348,8.313680350186583,8.185667407811946,8.305604166502249,634477200,AAPL
2010-09-20,8.471305847167969,8.487756123038723,8.250572488242902,8.257451462174775,658677600,AAPL
2010-09-21,8.487456321716309,8.594532862367732,8.458145009233784,8.490148649628532,668074400,AAPL
2010-09-22,8.60649299621582,8.613371966713885,8.446775169531458,8.455748260620018,585289600,AAPL
2010-09-23,8.641489028930664,8.75634222775931,8.55415331636774,8.564023319713414,786116800,AAPL
2010-09-24,8.743184089660645,8.779375176755218,8.69024482106867,8.736604618073825,649488000,AAPL
2010-09-27,8.708483695983887,8.815260676731983,8.703997550105926,8.792829148669249,482834800,AAPL
2010-09-28,8.579879760742188,8.72673586939222,8.225152074909543,8.72673586939222,1035042400,AAPL
2010-09-29,8.595132827758789,8.668112420062398,8.55415688239965,8.590945382450963,469644000,AAPL
2010-09-30,8.486860275268555,8.673795396960612,8.412086066857034,8.643885873330703,673391600,AAPL
2010-10-01,8.450065612792969,8.571498249547016,8.415070957254631,8.558637218459426,448142800,AAPL
2010-10-04,8.334016799926758,8.461430698200703,8.307994436804865,8.422548901384575,435302000,AAPL
2010-10-05,8.642090797424316,8.657343862982982,8.429133307242257,8.434517963645886,501967200,AAPL
2010-10-06,8.649566650390625,8.733313945944845,8.532021892497168,8.661530777947915,670868800,AAPL
2010-10-07,8.650463104248047,8.68814930191243,8.5813722743122,8.683961857874912,408399600,AAPL
2010-10-08,8.795524597167969,8.808385633179148,8.67379321011488,8.724937851675328,658403200,AAPL
2010-10-11,8.834110260009766,8.890340869351542,8.811380011563392,8.815567456841126,427753200,AAPL
2010-10-12,8.929221153259277,8.95793505621728,8.748267338022602,8.835603862173237,558544000,AAPL
2010-10-13,8.977075576782227,9.031510746015243,8.966906070937721,8.978870195460669,630092400,AAPL
2010-10-14,9.041983604431152,9.046768457604546,8.98485528484515,9.023439203524283,435296400,AAPL
2010-10-15,9.413751602172852,9.421528279695247,9.11974015994917,9.195411217619593,922194000,AAPL
2010-10-18,9.511260032653809,9.541168741193626,9.400294794499658,9.525317477083668,1093010800,AAPL
2010-10-19,9.256730079650879,9.38474301570612,8.973486223937583,9.074580678835826,1232784000,AAPL
2010-10-20,9.287837982177734,9.399101966483217,9.178369415583122,9.242076394731294,721624400,AAPL
2010-10-21,9.257630348205566,9.413758221026683,9.176275877347058,9.34257325869384,551460000,AAPL
2010-10-22,9.19631290435791,9.27318040720884,9.16131903837755,9.244167804775827,372778000,AAPL
2010-10-25,9.237296104431152,9.319846232040897,9.225331970571556,9.244774087430311,392462000,AAPL
2010-10-26,9.213659286499023,9.264206505484328,9.141875350978157,9.1783659241934,392929600,AAPL
2010-10-27,9.207079887390137,9.268992229787852,9.140381096921761,9.201696031817916,399002800,AAPL
2010-10-28,9.129613876342773,9.21216392964486,8.999806335508065,9.21066801492205,551051200,AAPL
2010-10-29,9.002199172973633,9.148756499346115,8.998908639490683,9.099405685160459,430511200,AAPL
2010-11-01,9.097911834716797,9.140383686479423,9.0386910039908,9.039289210334971,423889200,AAPL
2010-11-02,9.252840995788574,9.27766615359437,9.182255060656244,9.182255060656244,433930000,AAPL
2010-11-03,9.355731964111328,9.35812478917745,9.228017721563369,9.312960615390995,508348400,AAPL
2010-11-04,9.519339561462402,9.576467072573273,9.422431725535933,9.434994059478765,642488000,AAPL
2010-11-05,9.485240936279297,9.558220510447216,9.473875814798715,9.510963808206565,361253200,AAPL
2010-11-08,9.529804229736328,9.564199885683164,9.474171855923277,9.48733239135011,281758400,AAPL
2010-11-09,9.453836441040039,9.609965099173525,9.406579738105798,9.60248712067848,383544000,AAPL
2010-11-10,9.512157440185547,9.534290269026103,9.37816165882488,9.470582512165368,384227200,AAPL
2010-11-11,9.470885276794434,9.523227130438876,9.399101318913132,9.421533655999795,361284000,AAPL
2010-11-12,9.213064193725586,9.466398602340327,9.081462785188558,9.451444241706449,795846800,AAPL
2010-11-15,9.183453559875488,9.288137271979405,9.160423015424893,9.22592541078386,403606000,AAPL
2010-11-16,9.020447731018066,9.20020437704384,8.952552496762566,9.143974567932863,657650000,AAPL
2010-11-17,8.987842559814453,9.09222674245398,8.905889910826149,9.008778977358181,479449600,AAPL
2010-11-18,9.225025177001953,9.26211316076988,9.113163818202889,9.128416877487508,494491200,AAPL
2010-11-19,9.17418098449707,9.224130010992447,9.129615814535198,9.211268975276823,384843200,AAPL
2010-11-22,9.372481346130371,9.372481346130371,9.148458300094875,9.172684454862516,393075200,AAPL
2010-11-23,9.23399543762207,9.324323750488572,9.169092079324104,9.285440358104042,519447600,AAPL
2010-11-24,9.415555000305176,9.433501195938291,9.324331301194407,9.331807684697816,413725200,AAPL
2010-11-26,9.421531677246094,9.502287914062618,9.359918038157048,9.383845486643258,237585600,AAPL
2010-11-29,9.477465629577637,9.495709725556694,9.313261577705719,9.436488893233834,445785200,AAPL
2010-11-30,9.306382179260254,9.402392299024001,9.298007290598202,9.377865839370848,501858000,AAPL
2010-12-01,9.463409423828125,9.503787160447677,9.42153577177443,9.429611159363644,461750800,AAPL
2010-12-02,9.515751838684082,9.54117441579759,9.418245780850441,9.497207438005544,462837200,AAPL
2010-12-03,9.494513511657715,9.530703796159289,9.461612962593255,9.481652475060516,342092800,AAPL
2010-12-06,9.575567245483398,9.640770123501914,9.523822808865317,9.5304030770214,448481600,AAPL
2010-12-07,9.517545700073242,9.690422565105028,9.51485417049362,9.684740802069587,391454000,AAPL
2010-12-08,9.601293563842773,9.601593066434864,9.484646488969743,9.56001811328483,321935600,AAPL
2010-12-09,9.563904762268066,9.64585664026793,9.54177112621885,9.634791020253427,294151200,AAPL
2010-12-10,9.58782958984375,9.602485242791396,9.529206179379985,9.56061160636676,262511200,AAPL
2010-12-13,9.621030807495117,9.722425583812484,9.600992093174948,9.701787864480751,439815600,AAPL
2010-12-14,9.579756736755371,9.647053755793438,9.541172824984455,9.622826796992799,351008000,AAPL
2010-12-15,9.581851959228516,9.660812813616397,9.546857281679744,9.571083444590254,417312000,AAPL
2010-12-16,9.608470916748047,9.649148156031787,9.574075244426798,9.603685265223667,322030800,AAPL
2010-12-17,9.589327812194824,9.624621188739573,9.577961891361868,9.619835537862539,386929200,AAPL
2010-12-20,9.637181282043457,9.66828800809109,9.518141428977286,9.618936390140611,385610400,AAPL
2010-12-21,9.696706771850586,9.702389335106576,9.632401560247505,9.660815175201131,256354000,AAPL
2010-12-22,9.725414276123047,9.742164050939547,9.677259871535442,9.701486825058412,265921600,AAPL
2010-12-23,9.67875862121582,9.72511842065104,9.665897582551565,9.72063227184789,223157200,AAPL
2010-12-27,9.71106243133545,9.73379428053643,9.616548191204934,9.656328527969828,249816000,AAPL
2010-12-28,9.734685897827148,9.770277967739744,9.722423070400572,9.747845635192506,175924000,AAPL
2010-12-29,9.729303359985352,9.76399852465854,9.723620001135085,9.757118753279086,163139200,AAPL
2010-12-30,9.680553436279297,9.735885534440012,9.66230853947815,9.734988624130624,157494400,AAPL
2010-12-31,9.647650718688965,9.67516740966199,9.610263224484418,9.659315342137171,193508000,AAPL
2011-01-03,9.857314109802246,9.877951821996227,9.715841953774056,9.739769400353756,445138400,AAPL
2011-01-04,9.908761978149414,9.94495226182154,9.814845185015239,9.943157642895155,309080800,AAPL
2011-01-05,9.989815711975098,9.999985218791295,9.855222492924417,9.85671840796932,255519600,AAPL
2011-01-06,9.981742858886719,10.027204946967698,9.956917693154294,10.011352877043393,300428800,AAPL
2011-01-07,10.053228378295898,10.060107353679886,9.927009203352915,9.989520584326948,311931200,AAPL
2011-01-10,10.242548942565918,10.265878180439605,10.084626534691832,10.134276040765702,448560000,AAPL
2011-01-11,10.21832275390625,10.317621765655327,10.153418594091333,10.315229740076717,444108000,AAPL
2011-01-12,10.301472663879395,10.30177216631891,10.229092108989686,10.266479597519435,302590400,AAPL
2011-01-13,10.33916187286377,10.367875779123056,10.284427985740516,10.323609305646727,296780400,AAPL
2011-01-14,10.422908782958984,10.422908782958984,10.302074293284244,10.34544305624793,308840000,AAPL
2011-01-18,10.188715934753418,10.311644542998547,9.75053977151162,9.855821691958365,1880998000,AAPL
2011-01-19,10.134580612182617,10.426498130001184,10.075957985807777,10.419020151108166,1135612800,AAPL
2011-01-20,9.950339317321777,10.11843135076289,9.873770482528181,10.062500240920441,764789200,AAPL
2011-01-21,9.772075653076172,10.016138261854556,9.769383325068606,9.982938207583866,754401200,AAPL
2011-01-24,10.093005180358887,10.093005180358887,9.772074295464193,9.77656124196231,574683200,AAPL
2011-01-25,10.21114730834961,10.212344519596952,10.006865052704812,10.05950640729027,546868000,AAPL
2011-01-26,10.284429550170898,10.336771418408008,10.214142286465352,10.257809761530414,506875600,AAPL
2011-01-27,10.265286445617676,10.309552923682455,10.253921321885393,10.282334929889588,285026000,AAPL
2011-01-28,10.05262565612793,10.300876468739999,9.975758944983784,10.293997495899537,592057200,AAPL
2011-01-31,10.148933410644531,10.170468832646348,9.998787656164136,10.04365152132168,377246800,AAPL
2011-02-01,10.319717407226562,10.338260999236532,10.1985834569914,10.208154755408469,426633200,AAPL
2011-02-02,10.298482894897461,10.326298286711793,10.275452354272138,10.302371634747116,258955200,AAPL
2011-02-03,10.272165298461914,10.296093555874302,10.125907419059347,10.282933014297488,393797600,AAPL
2011-02-04,10.363686561584473,10.369668624365161,10.27425671969633,10.278144661167143,321840400,AAPL
2011-02-07,10.524599075317383,10.565574201750456,10.397781761839383,10.405258939713747,485021600,AAPL
2011-02-08,10.623900413513184,10.633471714422077,10.532676747081865,10.578438331542552,381040800,AAPL
2011-02-09,10.712433815002441,10.73755848097989,10.614031668614125,10.623602171265526,482745200,AAPL
2011-02-10,10.604157447814941,10.767464529352655,10.408548033388325,10.68940062476056,928550000,AAPL
2011-02-11,10.67325210571289,10.701665707465818,10.574250957959135,10.610442040425745,367572800,AAPL
2011-02-14,10.742940902709961,10.751913198496897,10.669064421670639,10.671457246860033,310416400,AAPL
2011-02-15,10.764474868774414,10.766568990023002,10.694187629841531,10.743238945861098,284174800,AAPL
2011-02-16,10.861083984375,10.914023241763925,10.782421059102687,10.791393354339956,481157600,AAPL
2011-02-17,10.716621398925781,10.77554352546373,10.663381833286747,10.685216764054907,530583200,AAPL
2011-02-18,10.485118865966797,10.752510652936936,10.45401214299031,10.728881906935618,816057200,AAPL
2011-02-22,10.127697944641113,10.330784554634837,10.101078967039726,10.233578044872623,872555600,AAPL
2011-02-23,10.247639656066895,10.308056105438341,10.127701271552064,10.132487721345617,671854400,AAPL
2011-02-24,10.255413055419922,10.323308266224656,10.120521141187886,10.289510811388473,499900800,AAPL
2011-02-25,10.413337707519531,10.421413093575461,10.312841440876097,10.32659938768645,380018800,AAPL
2011-02-28,10.564383506774902,10.619416903324268,10.501872130196343,10.505461368928716,403074000,AAPL
2011-03-01,10.447733879089355,10.639454622952494,10.398981259220522,10.631977442859903,456136800,AAPL
2011-03-02,10.531780242919922,10.598479055747886,10.420516253147476,10.46717555174196,602590800,AAPL
2011-03-03,10.754303932189941,10.761182903424112,10.64543281135098,10.683418501687495,500788400,AAPL
2011-03-04,10.767468452453613,10.776142045307807,10.700171435189594,10.769561775369898,453266800,AAPL
2011-03-07,10.628686904907227,10.81741660275179,10.507552922653913,10.80934041824114,546123200,AAPL
2011-03-08,10.640650749206543,10.689702870268711,10.535667533529143,10.6152273791681,356316800,AAPL
2011-03-09,10.542248725891113,10.610742159603783,10.486318425054296,10.608648037900002,453306000,AAPL
2011-03-10,10.368769645690918,10.461490010089099,10.315829594575575,10.442047909096404,507539200,AAPL
2011-03-11,10.527891159057617,10.537761963263925,10.318824027778634,10.328693234638198,471080400,AAPL
2011-03-14,10.574848175048828,10.662184690908814,10.507551968062561,10.56348225620689,435957200,AAPL
2011-03-15,10.331681251525879,10.40376309410209,10.172262910596242,10.232081926742952,721081200,AAPL
2011-03-16,9.870481491088867,10.259008288242567,9.758320549949254,10.229098757183584,1162011200,AAPL
2011-03-17,10.00895881652832,10.157609479516017,9.88991816568108,10.074460405935323,659422400,AAPL
2011-03-18,9.890218734741211,10.115438244862993,9.870179220398727,10.083434602950847,753214000,AAPL
2011-03-21,10.148334503173828,10.161494239259076,10.02749926186669,10.049334184779516,409402000,AAPL
2011-03-22,10.205167770385742,10.2476404272733,10.143554104923986,10.245845807968193,325922800,AAPL
2011-03-23,10.145048141479492,10.175854569168264,10.048140314297997,10.147739670601943,372996400,AAPL
2011-03-24,10.317924499511719,10.348731722063022,10.13517688276286,10.224606720492282,404712000,AAPL
2011-03-25,10.51443099975586,10.529983563795847,10.379238781422124,10.410644210641063,448910000,AAPL
2011-03-28,10.481531143188477,10.597581576403943,10.481531143188477,10.562586904669036,309355200,AAPL
2011-03-29,10.497081756591797,10.497081756591797,10.350525234313798,10.398380131871582,352900800,AAPL
2011-03-30,10.427396774291992,10.494694602153904,10.391804687694968,10.48751532591253,329406000,AAPL
2011-03-31,10.423808097839355,10.462391215881512,10.350529804346055,10.359502102428928,274019200,AAPL
2011-04-01,10.305663108825684,10.515928258722838,10.267976905553555,10.501572104274134,418661600,AAPL
2011-04-04,10.204864501953125,10.306856656822823,10.12141673827479,10.298183066731164,460084800,AAPL
2011-04-05,10.136075019836426,10.236571286024569,10.049636202894302,10.079247016529676,482731200,AAPL
2011-04-06,10.110651969909668,10.285922434622321,10.08373348321246,10.205765180872271,402539200,AAPL
2011-04-07,10.11185073852539,10.182137199127245,10.050534978408514,10.112448146285608,373447200,AAPL
2011-04-08,10.021516799926758,10.173756646586812,9.988317561951115,10.166877676304763,377535200,AAPL
2011-04-11,9.8941068649292,10.039765716396879,9.87077761628151,9.991611303910911,398946800,AAPL
2011-04-12,9.941962242126465,9.981741764504312,9.876160345421413,9.884833937748263,425639200,AAPL
2011-04-13,10.053523063659668,10.05382176742849,9.945548839289044,10.020323018295574,346220000,AAPL
2011-04-14,9.942560195922852,10.049636737354891,9.93179328021556,10.013745154759384,301800800,AAPL
2011-04-15,9.794206619262695,9.979048359320482,9.774466611453763,9.968878852950876,453605600,AAPL
2011-04-18,9.925511360168457,9.93687728049824,9.575868144514384,9.753531432092203,609898800,AAPL
2011-04-19,10.105268478393555,10.108856917615807,9.92132363027543,9.962898569895811,419378400,AAPL
2011-04-20,10.241354942321777,10.341252982734254,10.214137757950363,10.274255484988483,700666400,AAPL
2011-04-21,10.48930549621582,10.621805376431446,10.424102616644252,10.617916636728191,753810400,AAPL
2011-04-25,10.558396339416504,10.580529967569094,10.477340601894399,10.47853781290009,266546000,AAPL
2011-04-26,10.48093032836914,10.617616839304143,10.44892669875352,10.576640916132037,338800000,AAPL
2011-04-27,10.472857475280762,10.538659373875923,10.381633803969777,10.535368839675822,356213200,AAPL
2011-04-28,10.371162414550781,10.460890143184617,10.334373135323569,10.354412642196547,360959200,AAPL
2011-04-29,10.472257614135742,10.586511803386133,10.36876953911481,10.372060072543992,1006345200,AAPL
2011-05-02,10.35710334777832,10.482424732045768,10.333774108239904,10.460590608440794,442713600,AAPL
2011-05-03,10.414529800415039,10.465077019809772,10.337362807877636,10.408249035458724,313348000,AAPL
2011-05-04,10.455511093139648,10.523106817269404,10.375053532401095,10.416328974275329,389250400,AAPL
2011-05-05,10.371162414550781,10.49678251251512,10.350225199107989,10.42051242569746,335969200,AAPL
2011-05-06,10.368473052978516,10.468371113500723,10.355013809966682,10.459099314775088,280134400,AAPL
2011-05-09,10.396587371826172,10.444443076611876,10.364583734474614,10.40436325496497,204747200,AAPL
2011-05-10,10.451920509338379,10.459098985031263,10.368472726091863,10.435170732721646,282091600,AAPL
2011-05-11,10.38552474975586,10.46837516000543,10.326005193935464,10.439063837345197,336000000,AAPL
2011-05-12,10.3657808303833,10.382231903868444,10.237170462225581,10.352322385908199,322000000,AAPL
2011-05-13,10.184228897094727,10.356208813145669,10.179742749246483,10.338562925561707,326116000,AAPL
2011-05-16,9.96888256072998,10.205767534582499,9.947945333946443,10.145350277497078,449775200,AAPL
2011-05-17,10.053823471069336,10.053823471069336,9.89201225765175,9.929997959139182,452334400,AAPL
2011-05-18,10.165385246276855,10.200678616874928,10.049635130548467,10.063692578294487,334776400,AAPL
2011-05-19,10.185126304626465,10.241356097000725,10.129493919852568,10.231486092822538,261170000,AAPL
2011-05-20,10.026304244995117,10.197686716086755,10.020322183385321,10.156111787235233,337968400,AAPL
2011-05-23,10.001781463623047,10.049038969013537,9.852832068231718,9.869282344360295,383600000,AAPL
2011-05-24,9.935677528381348,10.046642769200487,9.91025416710426,10.034678646558781,321927200,AAPL
2011-05-25,10.072967529296875,10.12620710432659,9.955422757994768,9.972769946258275,294224000,AAPL
2011-05-26,10.019722938537598,10.076252216880434,10.002674464053554,10.048735535000983,222560800,AAPL
2011-05-27,10.09181022644043,10.098390497082466,9.999090627050293,10.013746285052646,203599200,AAPL
2011-05-31,10.40346622467041,10.40346622467041,10.199183170593006,10.202175000697917,417754400,AAPL
2011-06-01,10.334074020385742,10.532075473244456,10.308352752080673,10.434571060933079,554682800,AAPL
2011-06-02,10.351724624633789,10.407955227987546,10.297887645571647,10.36368875272468,338783200,AAPL
2011-06-03,10.272165298461914,10.328694608588462,10.229394736347489,10.264389413476366,313250000,AAPL
2011-06-06,10.110651969909668,10.380137936735895,10.103772996318312,10.339760206690087,461941200,AAPL
2011-06-07,9.931191444396973,10.11603316187748,9.927004001109193,10.11453804575413,529785200,AAPL
2011-06-08,9.937176704406738,10.013745523251227,9.88962129415893,9.923418756420766,333723600,AAPL
2011-06-09,9.91474437713623,9.979947269657243,9.892610742960962,9.967384936746955,275088800,AAPL
2011-06-10,9.747550010681152,9.919829452606034,9.735884587079903,9.886629398266697,433955200,AAPL
2011-06-13,9.7684907913208,9.819636260971382,9.72272918142403,9.786436191826422,329473200,AAPL
2011-06-14,9.943157196044922,9.967384151125689,9.849539909609005,9.870177626998304,334569200,AAPL
2011-06-15,9.772971153259277,9.879149964812289,9.717039269519741,9.86269969265591,399196000,AAPL
2011-06-16,9.725414276123047,9.830696178949951,9.521132035362037,9.777457420629664,510591200,AAPL
2011-06-17,9.578862190246582,9.847750852646824,9.551943693213776,9.839974167220511,615020000,AAPL
2011-06-20,9.43110466003418,9.502289610697042,9.286940139851074,9.492120103838554,640645600,AAPL
2011-06-21,9.729604721069336,9.74455908309517,9.427517663004616,9.471784140001088,493382400,AAPL
2011-06-22,9.64914608001709,9.837278371061895,9.642266308094236,9.725415388093827,390583200,AAPL
2011-06-23,9.90696907043457,9.920727019239926,9.514853952033308,9.53937881758341,559759200,AAPL
2011-06-24,9.76101016998291,9.964395563677286,9.723323963652506,9.911156788875894,439807200,AAPL
2011-06-27,9.931191444396973,9.986823820832887,9.787924657365693,9.798094162493156,339813600,AAPL
2011-06-28,10.027505874633789,10.070575945391042,9.973070678672546,9.979351447794414,294299600,AAPL
2011-06-29,9.991010665893555,10.060699685470274,9.926405200566466,10.050829683362348,352545200,AAPL
2011-06-30,10.039759635925293,10.05351917212133,9.955116285213883,10.010747843940088,322954800,AAPL
2011-07-01,10.266776084899902,10.273953759147554,9.995794322856305,10.04813615655989,435313200,AAPL
2011-07-05,10.451323509216309,10.463287636751895,10.24405019103938,10.259004551785463,355054000,AAPL
2011-07-06,10.52100658416748,10.59099589185441,10.369963153786607,10.43696063261427,444626000,AAPL
2011-07-07,10.683719635009766,10.707647087241382,10.58800822873678,10.608048538206244,399663600,AAPL
2011-07-08,10.758793830871582,10.767468222213667,10.534172539625644,10.568269502628711,489633200,AAPL
2011-07-11,10.588007926940918,10.760587636316796,10.552714556535472,10.657997260169479,442674400,AAPL
2011-07-12,10.580533027648926,10.698077777964302,10.427095896975658,10.573951959243296,451609200,AAPL
2011-07-13,10.708245277404785,10.767466096541765,10.659192366782188,10.717516275915111,391638800,AAPL
2011-07-14,10.700770378112793,10.815623610732784,10.657999818582416,10.79767741875774,430533600,AAPL
2011-07-15,10.914620399475098,10.917013224288027,10.742640508748233,10.802459531725129,484467200,AAPL
2011-07-18,11.180219650268555,11.205642218823284,10.925389369063065,10.92987551676725,572653200,AAPL
2011-07-19,11.271446228027344,11.32528320528677,11.165864797844176,11.305841897126776,819145600,AAPL
2011-07-20,11.57203483581543,11.852288476048507,11.54511635303145,11.84780232847559,941340400,AAPL
2011-07-21,11.583701133728027,11.66654991090415,11.482307162582488,11.573531626630157,526534400,AAPL
2011-07-22,11.763459205627441,11.815801065403981,11.597460530677253,11.61450901301963,516728800,AAPL
2011-07-25,11.918991088867188,11.96385497497012,11.653393017558122,11.675226354826844,589806000,AAPL
2011-07-26,12.065845489501953,12.098447336911647,11.954282798286295,11.963853301410019,476582400,AAPL
2011-07-27,11.742218017578125,12.0428097974635,11.729057483231186,11.981494869538459,659324400,AAPL
2011-07-28,11.719188690185547,11.87382139067774,11.608822447478925,11.713207427175062,594034000,AAPL
2011-07-29,11.679113388061523,11.818791777417907,11.485299319942992,11.594170481172553,632584400,AAPL
2011-08-01,11.866644859313965,11.948895420036857,11.735640091833048,11.897451281944697,612836000,AAPL
2011-08-02,11.632152557373047,11.901040260067399,11.615403582082246,11.893563081741497,639539600,AAPL
2011-08-03,11.741623878479004,11.770935189185948,11.432657904755006,11.694066875861974,732508000,AAPL
2011-08-04,11.286994934082031,11.704233761125842,11.286396727902163,11.647107067631277,871407600,AAPL
2011-08-05,11.174833297729492,11.470341560551736,10.844332768660498,11.378817612167781,1204590800,AAPL
2011-08-08,10.564383506774902,10.999867423547176,10.558700146111894,10.818016654474505,1143833600,AAPL
2011-08-09,11.186500549316406,11.204446737692278,10.617917860376565,10.806348844956865,1082583600,AAPL
2011-08-10,10.877835273742676,11.205644387570008,10.842243191673587,11.100960665710218,878656800,AAPL
2011-08-11,11.177229881286621,11.229571737997837,10.908640825487648,11.082116670625581,741969200,AAPL
2011-08-12,11.275630950927734,11.354890482386658,11.193080087138352,11.307932490547488,528976000,AAPL
2011-08-15,11.467650413513184,11.514309701778643,11.308530747620312,11.354591829642969,460544000,AAPL
2011-08-16,11.380014419555664,11.466454023802642,11.247814034326373,11.411121144243237,498750000,AAPL
2011-08-17,11.378819465637207,11.500850351795622,11.305839896984324,11.434750554684237,442061200,AAPL
2011-08-18,10.948416709899902,11.145821541682258,10.80843966763746,11.091684285273466,851435200,AAPL
2011-08-19,10.648726463317871,10.97683586122068,10.647829553119571,10.83237182144477,775888400,AAPL
2011-08-22,10.660988807678223,10.913427086624933,10.620611078456937,10.902359870195246,535315200,AAPL
2011-08-23,11.174237251281738,11.175433663789951,10.677737241798297,10.776438877706232,656835200,AAPL
2011-08-24,11.251404762268066,11.334553039275715,11.084508404625453,11.170349009233217,626267600,AAPL
2011-08-25,11.177824974060059,11.229568610018491,10.917012673325685,10.919405498017852,871346000,AAPL
2011-08-26,11.472736358642578,11.479315829094816,11.090490529811342,11.101556946731252,641477200,AAPL
2011-08-29,11.663857460021973,11.709619839008854,11.604936140824474,11.610319198424593,405269200,AAPL
2011-08-30,11.66445255279541,11.719785418381107,11.551393997252326,11.612409421384267,417922400,AAPL
2011-08-31,11.510124206542969,11.726968814891357,11.421292561132034,11.681805433924142,522586400,AAPL
2011-09-01,11.396466255187988,11.585195945126493,11.387194457120685,11.539733864879524,343725200,AAPL
2011-09-02,11.187692642211914,11.305835541380647,11.121293368205052,11.208329552866175,438939200,AAPL
2011-09-06,11.357879638671875,11.375525520591676,10.961276981566362,10.987896753648691,509698000,AAPL
2011-09-07,11.483203887939453,11.533152911691387,11.425477384281917,11.531956499194099,350576800,AAPL
2011-09-08,11.489486694335938,11.623183019291268,11.434752010875927,11.437443540136131,416158400,AAPL
2011-09-09,11.290290832519531,11.545120396852488,11.216712236104563,11.48320802449841,564813200,AAPL
2011-09-12,11.363865852355957,11.391979951950711,11.123391704599257,11.156293052083871,467832400,AAPL
2011-09-13,11.503839492797852,11.551394884153794,11.373133448141632,11.42966273025342,440560400,AAPL
2011-09-14,11.643819808959961,11.730856835925826,11.53793968136547,11.57562588262272,534724400,AAPL
2011-09-15,11.753291130065918,11.774228355732967,11.661767939599017,11.707529534832467,417818800,AAPL
2011-09-16,11.97880744934082,11.97880744934082,11.81520240485184,11.830456267483743,698513200,AAPL
2011-09-19,12.311704635620117,12.359560356507224,11.820290379821685,11.87412656830676,823860800,AAPL
2011-09-20,12.366133689880371,12.647583697586247,12.298537991272871,12.419970646833573,775754000,AAPL
2011-09-21,12.326957702636719,12.609603445927593,12.322770257717975,12.551279518283838,605976000,AAPL
2011-09-22,12.018288612365723,12.25756636782795,11.865151775331029,11.994660658809929,968480800,AAPL
2011-09-23,12.09246826171875,12.165447858610465,11.959370108566858,11.972231149198395,546277200,AAPL
2011-09-26,12.05866527557373,12.082892230420002,11.703638236765151,11.959664133558853,812876400,AAPL
2011-09-27,11.941720008850098,12.240516488025948,11.905828427154358,12.224963921872693,632497600,AAPL
2011-09-28,11.874422073364258,12.075713286084607,11.859466118368855,11.969533672880305,429637600,AAPL
2011-09-29,11.681805610656738,12.029953721438732,11.551399021696744,12.02128012865518,651086800,AAPL
2011-09-30,11.405139923095703,11.631556610445339,11.400952479078878,11.57861575328353,547640800,AAPL
2011-10-03,11.204147338867188,11.444621490430796,11.161377583143413,11.37672706895739,669099200,AAPL
2011-10-04,11.141338348388672,11.419497928107655,10.59518949617209,11.203251511244146,1233677200,AAPL
2011-10-05,11.313318252563477,11.360275450324911,10.776439680280461,11.002556869133516,786469600,AAPL
2011-10-06,11.286994934082031,11.508625132347785,11.120398107017873,11.16615968176808,812582400,AAPL
2011-10-07,11.06058406829834,11.298066437961111,11.021402743878586,11.239443803275435,535458000,AAPL
2011-10-10,11.629162788391113,11.629162788391113,11.312120649152318,11.33844172538085,442514800,AAPL
2011-10-11,11.972526550292969,12.058966169154123,11.70962165033216,11.741624491786544,605687600,AAPL
2011-10-12,12.029356002807617,12.240517263306689,11.968041047136925,12.183390550951012,622286000,AAPL
2011-10-13,12.215989112854004,12.215989112854004,12.04909277315858,12.112799738527013,426185200,AAPL
2011-10-14,12.621864318847656,12.621864318847656,12.420571497553865,12.467231587881463,573367200,AAPL
2011-10-17,12.561749458312988,12.762443333332824,12.440614646608868,12.614091325655517,686044800,AAPL
2011-10-18,12.629039764404297,12.705908060597144,12.442104725680112,12.614682816070745,881602400,AAPL
2011-10-19,11.922575950622559,12.215689813494974,11.89804949534056,12.004229103841826,1104059600,AAPL
2011-10-20,11.823577880859375,11.974322704464377,11.790678125006151,11.963854491419243,549270400,AAPL
2011-10-21,11.750600814819336,11.938134974248824,11.687192517854484,11.907029032316512,621244400,AAPL
2011-10-24,12.136432647705078,12.158265982647874,11.826270225894705,11.849599476129884,502138000,AAPL
2011-10-25,11.897153854370117,12.159760842683692,11.885490028938152,12.114297960249859,430427200,AAPL
2011-10-26,11.981799125671387,12.040123046202874,11.758971655229033,12.01649349627758,456304800,AAPL
2011-10-27,12.1041259765625,12.233037417700524,12.020379503463998,12.18996657072554,494664800,AAPL
2011-10-28,12.111906051635742,12.153779699256697,12.038926471155238,12.053582128021562,322842800,AAPL
2011-10-31,12.106822967529297,12.24291213691317,11.995259463447256,12.036236205142439,385501200,AAPL
2011-11-01,11.859467506408691,11.948897354999094,11.7610653616481,11.886386790939243,531790000,AAPL
2011-11-02,11.88638687133789,11.977013133187084,11.817593942412275,11.966544921802171,327350800,AAPL
2011-11-03,12.055672645568848,12.065542648479417,11.825069348079197,11.936033802228955,441386400,AAPL
2011-11-04,11.971031188964844,12.066741806208228,11.938728845661783,12.02456945774905,302229200,AAPL
2011-11-07,11.955779075622559,11.963855262174167,11.848105107451907,11.961163732439305,270275600,AAPL
2011-11-08,12.150191307067871,12.203132175661226,12.01051370266142,12.029955011886587,400442000,AAPL
2011-11-09,11.822677612304688,11.990470871932791,11.791272982089842,11.873224842580298,558684000,AAPL
2011-11-10,11.521788597106934,11.880404907029067,11.429965921838987,11.875021050041696,744752400,AAPL
2011-11-11,11.503839492797852,11.625870350431109,11.373432950547599,11.563359006930812,653786000,AAPL
2011-11-14,11.34352970123291,11.522688944643564,11.311825557053679,11.470944484418755,432905200,AAPL
2011-11-15,11.629758834838867,11.64979754204166,11.349206551249909,11.389584266727965,430810800,AAPL
2011-11-16,11.50832462310791,11.69884886880321,11.494864586835991,11.64231959168399,349210400,AAPL
2011-11-17,11.288191795349121,11.502643527984745,11.231064300909582,11.48469734187502,479900400,AAPL
2011-11-18,11.21431827545166,11.365361798330317,11.21252365624086,11.333358953747847,371938000,AAPL
2011-11-21,11.036953926086426,11.116812474572834,10.944233542149867,11.07852726939782,447980400,AAPL
2011-11-22,11.261272430419922,11.303744268870783,11.094675609814743,11.097068434441445,409021200,AAPL
2011-11-23,10.976534843444824,11.241235129674667,10.973244309600766,11.201454811785142,428271200,AAPL
2011-11-25,10.874246597290039,11.100961239299291,10.86676861771837,11.019308059817364,254760800,AAPL
2011-11-28,11.249608039855957,11.267554226197486,11.076431734362693,11.136848964366147,346413200,AAPL
2011-11-29,11.162274360656738,11.330665845781008,11.072545808637157,11.241235997584896,375855200,AAPL
2011-11-30,11.4314603805542,11.433853205744235,11.31481254855985,11.404243192027486,405938400,AAPL
2011-12-01,11.602843284606934,11.634846124600019,11.388092008551505,11.441630275985908,387181200,AAPL
2011-12-02,11.655780792236328,11.773325512579147,11.622282044450776,11.659668733113712,379055600,AAPL
2011-12-05,11.754782676696777,11.85647614456064,11.676420051877958,11.769139627079417,357210000,AAPL
2011-12-06,11.693168640136719,11.803236992066683,11.646211446503486,11.739827928656757,283598000,AAPL
2011-12-07,11.63753890991211,11.692871798475442,11.56784906915677,11.66266277757477,304746400,AAPL
2011-12-08,11.68449592590332,11.829258653624137,11.671634889984176,11.708124675059864,376356400,AAPL
2011-12-09,11.773024559020996,11.785586887394592,11.695558864066443,11.749994821678976,296993200,AAPL
2011-12-12,11.719786643981934,11.781400280650065,11.648303005084951,11.715000994738102,301067200,AAPL
2011-12-13,11.629162788391113,11.826268162936424,11.578017349638756,11.754484208259154,338928800,AAPL
2011-12-14,11.371342658996582,11.586393445629353,11.296269759972885,11.56605443005931,406887600,AAPL
2011-12-15,11.333954811096191,11.477521123511263,11.315111712624882,11.465258294115744,256200000,AAPL
2011-12-16,11.396166801452637,11.489784088635469,11.352798043677973,11.376426792665347,421478400,AAPL
2011-12-19,11.431760787963867,11.510722428138958,11.380016338469968,11.439537470447076,235530400,AAPL
2011-12-20,11.842716217041016,11.84720316292385,11.582801610510426,11.597755966991418,337215200,AAPL
2011-12-21,11.857672691345215,11.883096058599023,11.724873294821995,11.864850367944548,262948000,AAPL
2011-12-22,11.920483589172363,11.937831572298554,11.847205312305361,11.87412299912006,202358800,AAPL
2011-12-23,12.06345272064209,12.071229403388717,11.948599494558213,11.954581558209464,269399200,AAPL
2011-12-27,12.159156799316406,12.235725575498437,12.05417363541947,12.056567258265172,265076000,AAPL
2011-12-28,12.04280948638916,12.21060190227671,12.003926889132428,12.169925485419318,228662000,AAPL
2011-12-29,12.116988182067871,12.13284104744861,11.979106030500276,12.06554404055424,215978000,AAPL
2011-12-30,12.113402366638184,12.151686777268672,12.06823898179761,12.068836389519557,179662000,AAPL
2012-01-03,12.299736022949219,12.33772171970282,12.233038024135272,12.245002148888094,302220800,AAPL
2012-01-04,12.365838050842285,12.402926844280406,12.24141432561428,12.262948955388863,260022000,AAPL
2012-01-05,12.503124237060547,12.518676804155074,12.342808123069357,12.411002851224561,271269600,AAPL
2012-01-06,12.633830070495605,12.64429828317735,12.538717648748184,12.555167925440475,318292800,AAPL
2012-01-09,12.613788604736328,12.793844710241878,12.60242268487397,12.72654849721382,394024400,AAPL
2012-01-10,12.658955574035645,12.741506470685787,12.606912409102243,12.738814142196935,258196400,AAPL
2012-01-11,12.638313293457031,12.647286387395624,12.54140627493996,12.642201234827132,215084800,AAPL
2012-01-12,12.603621482849121,12.64878486968193,12.524659832523517,12.63024126928078,212587200,AAPL
2012-01-13,12.55635929107666,12.575501889433443,12.52196363266406,12.553070354993832,226021600,AAPL
2012-01-17,12.702620506286621,12.74120441464517,12.650577355045474,12.68766534826522,242897200,AAPL
2012-01-18,12.834522247314453,12.845289162452302,12.750476255638302,12.7702162656188,276791200,AAPL
2012-01-19,12.793842315673828,12.902114442562441,12.756754330158934,12.865625461917288,261738400,AAPL
2012-01-20,12.571016311645508,12.786365774555708,12.554566038729032,12.786067070760458,413974400,AAPL
2012-01-23,12.783677101135254,12.814783833798375,12.630838960638231,12.64190537965282,306062400,AAPL
2012-01-24,12.574305534362793,12.71458209322955,12.54858346637676,12.71458209322955,547638000,AAPL
2012-01-25,13.359435081481934,13.59243043962197,13.271799857344128,13.592131735815874,958314000,AAPL
2012-01-26,13.298720359802246,13.423143285223812,13.254155185457803,13.410283046916776,323985200,AAPL
2012-01-27,13.37797737121582,13.413868944022814,13.272994979992426,13.290042658435766,299709200,AAPL
2012-01-30,13.549365997314453,13.575985787136794,13.321454912307463,13.331025417601225,379341200,AAPL
2012-01-31,13.653149604797363,13.705790169922501,13.551157411691452,13.626529819702219,391683600,AAPL
2012-02-01,13.644474983215332,13.728222274399137,13.62533397746936,13.710875089019746,270046000,AAPL
2012-02-02,13.612469673156738,13.673783815885738,13.578372716254478,13.635798917772005,186796400,AAPL
2012-02-03,13.748859405517578,13.758430706654234,13.625632098076421,13.677675249333667,286599600,AAPL
2012-02-06,13.87717056274414,13.90737958152158,13.704593236775729,13.709976294796032,249412800,AAPL
2012-02-07,14.02253532409668,14.050052819803385,13.895418454743938,13.915458769432297,316223600,AAPL
2012-02-08,14.257322311401367,14.260611247860542,14.048552317549333,14.07248056823338,407890000,AAPL
2012-02-09,14.750535011291504,14.857611560409644,14.373374263788325,14.379356327762538,884214800,AAPL
2012-02-10,14.758010864257812,14.883631001721511,14.612350414946658,14.684433880014424,631302000,AAPL
2012-02-13,15.032576560974121,15.069365039821232,14.867773568134343,14.94075311837388,517216000,AAPL
2012-02-14,15.237756729125977,15.240746961299099,15.014631418707946,15.094190443198698,460398400,AAPL
2012-02-15,14.885127067565918,15.741138743818045,14.861796222507662,15.381326828547452,1506120000,AAPL
2012-02-16,15.020915985107422,15.101074034724094,14.554923644096261,14.700584087811034,944552000,AAPL
2012-02-17,15.01822280883789,15.187212481849198,14.96378683830504,15.047832820451125,535805200,AAPL
2012-02-21,15.398967742919922,15.398967742919922,15.078036979224432,15.16058781847378,605595200,AAPL
2012-02-22,15.344836235046387,15.418114508411643,15.226094283936785,15.346032647618607,483302400,AAPL
2012-02-23,15.445033073425293,15.488103926250556,15.238956198158531,15.405851759490012,568027600,AAPL
2012-02-24,15.625081062316895,15.639736709459047,15.512322829356497,15.543129239251162,415072000,AAPL
2012-02-27,15.7252836227417,15.807235467992657,15.441740301454264,15.592184753127903,547582000,AAPL
2012-02-28,16.0139217376709,16.0139217376709,15.727985405395593,15.791094996371728,600387200,AAPL
2012-02-29,16.22418212890625,16.37881648976722,16.022592158720855,16.197862644117894,952011200,AAPL
2012-03-01,16.284893035888672,16.396756796133932,16.114408262988437,16.39555878639276,683270000,AAPL
2012-03-02,16.306140899658203,16.35459323874485,16.226580219698167,16.278025987837278,431712400,AAPL
2012-03-05,15.94661808013916,16.37492257539615,15.732463436490962,16.31330972742385,809124400,AAPL
2012-03-06,15.859879493713379,15.96246907400827,15.439948274834977,15.662476215986581,810238800,AAPL
2012-03-07,15.872742652893066,16.08480160264956,15.65170980963392,16.05549029154708,798520800,AAPL
2012-03-08,16.21072006225586,16.24062877736405,15.915511268377648,15.992378774703035,516457200,AAPL
2012-03-09,16.305837631225586,16.38270516192945,16.24422316670125,16.277123722162525,418919200,AAPL
2012-03-12,16.510112762451172,16.510112762451172,16.360562822332213,16.419784432495316,407282400,AAPL
2012-03-13,16.991662979125977,16.994055804605022,16.62227813319564,16.675818002625963,690855200,AAPL
2012-03-14,17.634117126464844,17.787852125510508,17.209997718796735,17.2892596404505,1418844000,AAPL
2012-03-15,17.513879776000977,17.946073761878182,17.30421369922877,17.93410963816077,1159718000,AAPL
2012-03-16,17.51418685913086,17.622758538454693,17.287770900829297,17.488763483404536,825487600,AAPL
2012-03-19,17.978673934936523,17.998712642297985,17.618263127389735,17.897020794808718,901236000,AAPL
2012-03-20,18.124038696289062,18.152151993160835,17.690946968593718,17.931120780584987,816662000,AAPL
2012-03-21,18.02056312561035,18.234417618689925,17.98796285858769,18.02774160569266,644042000,AAPL
2012-03-22,17.926036834716797,18.080370851321423,17.812080541662734,17.879376747580338,623870800,AAPL
2012-03-23,17.82763671875,17.99961664873527,17.778285095054265,17.96043533148926,430488800,AAPL
2012-03-26,18.154544830322266,18.159630781305225,17.804005562369678,17.939494082572395,595742000,AAPL
2012-03-27,18.378870010375977,18.432706979300956,18.127030752196493,18.130619989947927,607129600,AAPL
2012-03-28,18.47278594970703,18.587339658925128,18.25414594333953,18.49551619138832,655460400,AAPL
2012-03-29,18.240694046020508,18.441089240565308,18.1620326825407,18.328030602211424,608238400,AAPL
2012-03-30,17.932315826416016,18.26161994581924,17.884160627768146,18.208081690169237,731038000,AAPL
2012-04-02,18.50299072265625,18.50717736705382,17.957139188846675,18.00050873559921,598351600,AAPL
2012-04-03,18.822725296020508,18.909165693917217,18.619041273154373,18.762307267561763,834559600,AAPL
2012-04-04,18.672880172729492,18.71923996074658,18.454240173266477,18.67407658527212,572980800,AAPL
2012-04-05,18.953134536743164,18.98244584523645,18.645662904014863,18.752739430093285,641298000,AAPL
2012-04-09,19.029407501220703,19.137381761348433,18.702496084813205,18.727320452773515,597536800,AAPL
2012-04-10,18.79640769958496,19.26180099547304,18.72342813210851,19.14006881507965,889725200,AAPL
2012-04-11,18.729415893554688,19.048551447794598,18.643873169727236,19.028512729694484,696614800,AAPL
2012-04-12,18.62681770324707,18.8828451762901,18.558922494511933,18.693516499528553,614336800,AAPL
2012-04-13,18.102201461791992,18.68454280040327,18.050757327497937,18.666895318701705,859644800,AAPL
2012-04-16,17.351478576660156,18.253252822280494,17.295248768594675,18.246673350107844,1050786800,AAPL
2012-04-17,18.235902786254883,18.244875082788553,17.105618648900137,17.315883787214744,1025528000,AAPL
2012-04-18,18.195219039916992,18.551443189084047,18.026826816226617,18.356132489263615,954531200,AAPL
2012-04-19,17.570112228393555,18.087249973852686,17.482775709339464,17.952357253809527,834719200,AAPL
2012-04-20,17.13762092590332,17.784865796061368,17.06105211333909,17.687957968364557,1030985200,AAPL
2012-04-23,17.099332809448242,17.24798505982,16.64829649679139,17.066732566837537,966529200,AAPL
2012-04-24,16.757768630981445,16.979398883091758,16.59984535582171,16.827457671184032,1076149200,AAPL
2012-04-25,18.244876861572266,18.484154631714638,18.125238775174516,18.413567873217527,905777600,AAPL
2012-04-26,18.176082611083984,18.385151323616835,18.009485747865693,18.37258819244007,536068400,AAPL
2012-04-27,18.035511016845703,18.130625045105063,17.96073760552907,18.097425784657627,406722400,AAPL
2012-04-30,17.466625213623047,17.897923160522286,17.437313904275577,17.879976971938156,506144800,AAPL
2012-05-01,17.411296844482422,17.848874054083726,17.384378354534984,17.49414643610975,610999200,AAPL
2012-05-02,17.526447296142578,17.56891915117918,17.3134906132427,17.35476605549874,427389200,AAPL
2012-05-03,17.40201759338379,17.688552765343548,17.35655552066107,17.66163428568636,390549600,AAPL
2012-05-04,16.906414031982422,17.29852897102257,16.90402120742846,17.260245375505335,529992400,AAPL
2012-05-07,17.032934188842773,17.131337115540905,16.786179313989287,16.794255497311568,460118400,AAPL
2012-05-08,16.994049072265625,17.093348095614257,16.711403463249773,17.035921904213843,497252000,AAPL
2012-05-09,17.023967742919922,17.16753570144717,16.774821531554778,16.860063958671308,480704000,AAPL
2012-05-10,17.06404685974121,17.22436300320242,17.001836579927332,17.185480380308427,333200000,AAPL
2012-05-11,16.950084686279297,17.182183908905152,16.8794979492688,16.898939252191514,399546000,AAPL
2012-05-14,16.696151733398438,16.974011742044883,16.677608138705814,16.82625879472186,352626400,AAPL
2012-05-15,16.54510498046875,16.8456967666992,16.50263314467106,16.79275752182323,476336000,AAPL
2012-05-16,16.333051681518555,16.656375410722084,16.182306882654867,16.57143171011202,560896000,AAPL
2012-05-17,15.855697631835938,16.375527058944133,15.855697631835938,16.31002465040712,717220000,AAPL
2012-05-18,15.863466262817383,16.253188403650434,15.618208118840405,15.97054277282678,732292400,AAPL
2012-05-21,16.787675857543945,16.795453337753507,15.973236787006154,15.986697626136564,631106000,AAPL
2012-05-22,16.658769607543945,17.164540716384497,16.527466104051555,17.035031033337383,694870400,AAPL
2012-05-23,17.065235137939453,17.13223262877771,16.546901094486625,16.674613713636212,584897600,AAPL
2012-05-24,16.908512115478516,17.242902237204614,16.786180928170385,17.224058340089368,496230000,AAPL
2012-05-25,16.817882537841797,16.924361642118477,16.703627551782652,16.88667545089136,328507200,AAPL
2012-05-29,17.11638832092285,17.16813278136085,16.908218858269247,17.07541317431683,380508800,AAPL
2012-05-30,17.3227596282959,17.34728528655074,16.945598963312293,17.02456059314892,529429600,AAPL
2012-05-31,17.279695510864258,17.392453831594757,17.09216218326268,17.36972198670921,491674400,AAPL
2012-06-01,16.779008865356445,17.12775607105373,16.764952210445113,17.023371032212754,520987600,AAPL
2012-06-04,16.877704620361328,16.973714734408404,16.40543312801184,16.794257637232636,556995600,AAPL
2012-06-05,16.834033966064453,16.94290589936385,16.69944156165401,16.787375478848347,388214400,AAPL
2012-06-06,17.092166900634766,17.16364979510716,16.91390452571075,16.98179977787381,401455600,AAPL
2012-06-07,17.099933624267578,17.267426593116756,17.063443839318644,17.266530481693348,379766800,AAPL
2012-06-08,17.35715103149414,17.364928509723953,17.018574354446006,17.096339552667438,347516400,AAPL
2012-06-11,17.083480834960938,17.60181330561208,17.067328469621383,17.578484063544813,591264800,AAPL
2012-06-12,17.23273277282715,17.24649071923511,16.949788377259118,17.18188763267717,435380400,AAPL
2012-06-13,17.113094329833984,17.302122726930143,17.05985476827596,17.183681075266,293580000,AAPL
2012-06-14,17.094253540039062,17.153176471446205,16.96654086559764,17.08557994652516,345573200,AAPL
2012-06-15,17.17201042175293,17.18666607217244,17.035023618011586,17.078393161830675,335255200,AAPL
2012-06-18,17.520471572875977,17.58358117187988,17.059564963126757,17.07721245736339,440412000,AAPL
2012-06-19,17.5692195892334,17.64668452202134,17.440308906480492,17.44928120373119,361404400,AAPL
2012-06-20,17.519264221191406,17.62424661020235,17.371509691064784,17.593139888908446,358943200,AAPL
2012-06-21,17.277889251708984,17.59343536571699,17.271009482578904,17.51028711814393,326351200,AAPL
2012-06-22,17.410396575927734,17.4130881050574,17.210600455133182,17.318873404092386,284471600,AAPL
2012-06-25,17.071523666381836,17.34160787339775,17.05955953805108,17.266832870003977,304382400,AAPL
2012-06-26,17.109207153320312,17.182784134842816,16.96863106379164,17.08826913339506,276536400,AAPL
2012-06-27,17.18307876586914,17.250076260648655,17.105912564707957,17.198033121688365,202997200,AAPL
2012-06-28,17.020069122314453,17.168122338568985,16.91718086651389,17.09843332372599,282836400,AAPL
2012-06-29,17.467220306396484,17.467220306396484,17.175600797268828,17.287761655442175,421500800,AAPL
2012-07-02,17.722047805786133,17.75046139690625,17.455254280395113,17.489052524970703,400092000,AAPL
2012-07-03,17.928133010864258,17.945780498033503,17.766323379912283,17.792642862722534,241712800,AAPL
2012-07-05,18.243080139160156,18.374682332733506,17.935309781232554,17.96252697034136,484383200,AAPL
2012-07-06,18.12164878845215,18.19821760784211,17.993038409956633,18.157839875151186,418930400,AAPL
2012-07-09,18.361221313476562,18.361520017266155,18.068705644101833,18.104297718111027,379405600,AAPL
2012-07-10,18.191343307495117,18.54008891635632,18.104604162482193,18.483260096752538,511957600,AAPL
2012-07-11,18.07828712463379,18.17489469344643,17.862638840573243,18.12883358474469,469322000,AAPL
2012-07-12,17.912874221801758,18.049560738994757,17.726836094423124,17.95295323692241,428041600,AAPL
2012-07-13,18.094432830810547,18.16083134758495,17.945782129079827,18.03401637825189,311427200,AAPL
2012-07-16,18.15245819091797,18.293331411549328,18.095928082992717,18.098919913796447,301260400,AAPL
2012-07-17,18.153350830078125,18.289738662434285,18.039991942009873,18.26850194090361,293624800,AAPL
2012-07-18,18.133012771606445,18.19522462846884,18.05225572106617,18.14288277606257,252700000,AAPL
2012-07-19,18.37409019470215,18.404896630507917,18.125241090287293,18.283164406805657,436861600,AAPL
2012-07-20,18.074392318725586,18.37767575628362,18.05644612786059,18.335502607087566,397471200,AAPL
2012-07-23,18.060327529907227,18.12224066796153,17.578184558020965,17.778279322330786,487975600,AAPL
2012-07-24,17.973297119140625,18.235305105880837,17.901213654725463,18.166512175662394,565132400,AAPL
2012-07-25,17.197139739990234,17.3715124763457,17.04848907477115,17.181886677996733,877312800,AAPL
2012-07-26,17.19444465637207,17.359544762001725,17.05925326094481,17.340402165170623,406632800,AAPL
2012-07-27,17.501916885375977,17.52195719335115,17.096043943081423,17.198334812052735,403936400,AAPL
2012-07-30,17.797128677368164,17.9290295789137,17.58147888974291,17.674200072086403,379142400,AAPL
2012-07-31,18.267602920532227,18.295719411359066,18.02713041107158,18.042383471570698,462327600,AAPL
2012-08-01,18.149463653564453,18.436297602031463,18.035507343078876,18.42164194611544,384501600,AAPL
2012-08-02,18.17877769470215,18.265515230547116,17.95325946256645,18.030725996808428,332158400,AAPL
2012-08-03,18.415363311767578,18.483557244719364,18.29153698171927,18.353450146743423,344920800,AAPL
2012-08-06,18.620241165161133,18.68963150105217,18.402200152527946,18.462915298754282,302103200,AAPL
2012-08-07,18.571189880371094,18.693519479226964,18.485348471148228,18.62682067231387,290446800,AAPL
2012-08-08,18.539785385131836,18.66002246594904,18.457234505844003,18.52572713651318,244706000,AAPL
2012-08-09,18.64551544189453,18.675554174614703,18.557503960280286,18.559005495865122,221642400,AAPL
2012-08-10,18.674654006958008,18.676455528953486,18.584541010473593,18.584840996772037,194938800,AAPL
2012-08-13,18.923967361450195,18.923967361450195,18.721210339119718,18.72541656355461,278832400,AAPL
2012-08-14,18.9747314453125,19.18259626200079,18.93027572623038,18.980139219165917,340169200,AAPL
2012-08-15,18.94890022277832,19.044121004262156,18.85638413050691,18.963018828803545,257342400,AAPL
2012-08-16,19.114412307739258,19.12702777488046,18.93898929618981,18.960317200010042,254534000,AAPL
2012-08-17,19.46796417236328,19.470367271805088,19.188611081176802,19.224355982219752,442761200,AAPL
2012-08-20,19.97980308532715,19.97980308532715,19.52172251067465,19.52502717179804,613384800,AAPL
2012-08-21,19.706762313842773,20.272079315552027,19.534643959409024,20.15012444901247,812719600,AAPL
2012-08-22,20.091550827026367,20.095455461943644,19.46796105943662,19.657501086037286,565322800,AAPL
2012-08-23,19.904109954833984,20.12248552249207,19.859652631110485,20.008641534639374,420128800,AAPL
2012-08-24,19.921833038330078,20.10987150521708,19.691441961182672,19.810392141031876,437340400,AAPL
2012-08-27,20.296106338500977,20.45200294229965,20.2318242556566,20.425568858770173,427008400,AAPL
2012-08-28,20.269676208496094,20.308725764678805,20.14561822935397,20.275082379079272,267416800,AAPL
2012-08-29,20.229721069335938,20.35588053185542,20.203588576368446,20.28318920872246,202806800,AAPL
2012-08-30,19.941356658935547,20.172049313210742,19.910717953716663,20.144715269636492,302699600,AAPL
2012-08-31,19.982513427734375,20.08344038182797,19.74250831596366,20.04288928754724,338321200,AAPL
2012-09-04,20.274778366088867,20.279884549337737,19.96028047064172,19.998128469821935,367892000,AAPL
2012-09-05,20.13239288330078,20.316225051545217,20.113468087161547,20.292795650204745,336375200,AAPL
2012-09-06,20.31382942199707,20.37450686137435,20.149521961830533,20.220711754746286,391196400,AAPL
2012-09-07,20.439098358154297,20.50037579834829,20.298820215834713,20.367305351164358,329666400,AAPL
2012-09-10,19.90741729736328,20.524697687144187,19.88819250613709,20.439390884487718,487998000,AAPL
2012-09-11,19.84283447265625,20.128495224086986,19.719978051094103,19.978606347185032,503983200,AAPL
2012-09-12,20.119190216064453,20.122494879199262,19.70496673417028,20.030878708505618,712233200,AAPL
2012-09-13,20.5153865814209,20.591082591559918,20.26877377375207,20.34687288275915,598360000,AAPL
2012-09-14,20.76470375061035,20.935920544971644,20.662873632970776,20.725054221055082,600474000,AAPL
2012-09-17,21.0200252532959,21.02062522588591,20.864728604769454,21.00710819635795,398031200,AAPL
2012-09-18,21.084009170532227,21.09662463901537,20.919100100195248,21.023031732521964,373503200,AAPL
2012-09-19,21.0897159576416,21.146487167397684,21.0137199555004,21.03444628373936,326874800,AAPL
2012-09-20,20.98758316040039,21.028435838978936,20.834989598825356,21.001400176052513,336568400,AAPL
2012-09-21,21.029342651367188,21.178931586166346,21.00741476927031,21.099030933331523,571589200,AAPL
2012-09-24,20.74998664855957,20.880052396854275,20.51599086290553,20.631938001333907,639766400,AAPL
2012-09-25,20.231822967529297,20.809755286990885,20.215601251566714,20.673981834438568,518789600,AAPL
2012-09-26,19.980709075927734,20.20629395690374,19.861157318580997,20.08764376264579,576503200,AAPL
2012-09-27,20.465524673461914,20.491057199869307,19.835627172584307,19.953977394732163,594090000,AAPL
2012-09-28,20.03837776184082,20.459210321425065,20.02786380582527,20.38832052644076,535110800,AAPL
2012-10-01,19.806793212890625,20.328254563385958,19.71998325063545,20.160340796907573,543594800,AAPL
2012-10-02,19.864459991455078,20.01585200242854,19.544254305887886,19.879478556354982,627992400,AAPL
2012-10-03,20.16904067993164,20.18135776106191,19.904106328711993,19.97109148626287,424281200,AAPL
2012-10-04,20.029373168945312,20.2531565698385,19.99182674893997,20.16304195341551,370725600,AAPL
2012-10-05,19.602529525756836,20.005338940520183,19.563179985601955,19.98130955644501,594006000,AAPL
2012-10-08,19.169376373291016,19.45143400865341,19.1074973967643,19.43100767396037,637994000,AAPL
2012-10-09,19.09969711303711,19.239073665734942,18.730229414262414,19.18380398536273,838597200,AAPL
2012-10-10,19.251684188842773,19.37393902845904,19.13423554665057,19.21653927123051,510356000,AAPL
2012-10-11,18.866891860961914,19.440619507993304,18.866891860961914,19.41959320145701,546081200,AAPL
2012-10-12,18.915258407592773,19.085573617401682,18.782791200430818,18.910752196452382,460014800,AAPL
2012-10-15,19.066953659057617,19.078067591456872,18.73923863593675,18.994562303190314,432502000,AAPL
2012-10-16,19.5184268951416,19.533747054536885,18.954011368352205,19.085278664984422,549771600,AAPL
2012-10-17,19.362823486328125,19.60853469446523,19.344500261225186,19.490786075785856,389037600,AAPL
2012-10-18,19.003271102905273,19.286228775605213,18.923970444490013,19.21203590543655,476624400,AAPL
2012-10-19,18.318397521972656,18.97713032407264,18.311788200310883,18.955504046081778,744086000,AAPL
2012-10-22,19.045019149780273,19.08557023023285,18.346033576322068,18.39589706369082,546730800,AAPL
2012-10-23,18.42413330078125,19.041115171666913,18.3742714159003,18.9540036578388,707145600,AAPL
2012-10-24,18.528369903564453,18.820340017839996,18.34243452835027,18.666846479414186,558527200,AAPL
2012-10-25,18.309391021728516,18.683666440689905,18.18953927650641,18.623588970724732,656325600,AAPL
2012-10-26,18.142976760864258,18.44335763295072,17.752482910515443,18.306082647177014,1018432800,AAPL
2012-10-31,17.88224983215332,18.081702210839516,17.6533602966125,17.869032789356304,510003200,AAPL
2012-11-01,17.918895721435547,18.112940319862332,17.847705930228656,17.969359188141166,361298000,AAPL
2012-11-02,17.325944900512695,17.93121133173879,17.264367503315203,17.899371076962815,599373600,AAPL
2012-11-05,17.560840606689453,17.655459799517555,17.349972731071883,17.52779880555215,529135600,AAPL
2012-11-06,17.507671356201172,17.744671709076982,17.424767674413474,17.72935316078095,374917200,AAPL
2012-11-07,16.837785720825195,17.336883573950207,16.76989027339794,17.315761226286277,793648800,AAPL
2012-11-08,16.226734161376953,16.965424797201354,16.1525037924078,16.91714331019871,1056146000,AAPL
2012-11-09,16.507673263549805,16.743643494449092,16.105135052471105,16.307309839172035,929913600,AAPL
2012-11-12,16.380023956298828,16.732169382230477,16.25389099421713,16.721607404519204,515802000,AAPL
2012-11-13,16.38214874267578,16.61087680567131,16.184802056471337,16.261749521115746,532949200,AAPL
2012-11-14,16.200481414794922,16.51943412164325,16.17935907116616,16.460592271264293,477170400,AAPL
2012-11-15,15.860703468322754,16.279535563406863,15.770178932536808,16.220091016177125,789910800,AAPL
2012-11-16,15.92287540435791,15.992881971829412,15.261131963810431,15.848040686610295,1266893600,AAPL
2012-11-19,17.071041107177734,17.124450497065947,16.291011326609564,16.316056143707282,823317600,AAPL
2012-11-20,16.92559814453125,17.258734068434723,16.734589686149945,17.257527030862146,642754000,AAPL
2012-11-21,16.949440002441406,17.120533171503222,16.795545106872805,17.026387450225705,373002000,AAPL
2012-11-23,17.245149612426758,17.260238384284914,16.976591067877127,17.11449145201409,272826400,AAPL
2012-11-26,17.78921127319336,17.803392753054986,17.31183848807396,17.37792257269734,630579600,AAPL
2012-11-27,17.6458797454834,17.816068797410246,17.504659591427306,17.789815330831892,533330000,AAPL
2012-11-28,17.59035873413086,17.676659497126714,17.268086171329323,17.419263990582404,520864400,AAPL
2012-11-29,17.784080505371094,17.93163719469884,17.66006185001254,17.8100326140278,514698800,AAPL
2012-11-30,17.660959243774414,17.755106509469318,17.582503457617197,17.706523677629665,391319600,AAPL
2012-12-03,17.68842887878418,17.941901944678772,17.66760788269831,17.913537366342286,364280000,AAPL
2012-12-04,17.376415252685547,17.55595765007497,17.264163987638465,17.55595765007497,557068400,AAPL
2012-12-05,16.25811767578125,17.17725475988973,16.257513351407546,17.166995749321774,1044638000,AAPL
2012-12-06,16.513099670410156,16.69626153153506,15.649784399154681,15.96089220995405,1177212400,AAPL
2012-12-07,16.090944290161133,16.753290136252932,15.992874547618683,16.698975082392923,787040800,AAPL
2012-12-10,15.987445831298828,16.24966780760277,15.738801008749654,15.842000269538708,630484400,AAPL
2012-12-11,16.336578369140625,16.583110556709293,16.215273509976964,16.287694153048925,592345600,AAPL
2012-12-12,16.264453887939453,16.536030809838376,16.18207561405294,16.52908994310593,487144000,AAPL
2012-12-13,15.983522415161133,16.223416631061944,15.866140059863243,16.027578467950622,625259600,AAPL
2012-12-14,15.383039474487305,15.634701166273683,15.256002396795916,15.532708909391655,1009579200,AAPL
2012-12-17,15.655817031860352,15.691122463105383,15.124733615863322,15.357082610362022,757607200,AAPL
2012-12-18,16.110559463500977,16.14073377948108,15.698666513507867,15.841999349007892,625685200,AAPL
2012-12-19,15.881532669067383,16.104528398725325,15.85709056441176,16.037237271805022,449369200,AAPL
2012-12-20,15.743330955505371,15.998915084348061,15.657331554282836,15.992879897285786,481689600,AAPL
2012-12-21,15.670910835266113,15.681169847841842,15.39661681178558,15.463907941083749,596268400,AAPL
2012-12-24,15.69625473022461,15.819369309377937,15.652198675393288,15.701687203735341,175753200,AAPL
2012-12-26,15.479898452758789,15.674830943059519,15.423169312593231,15.660949208686866,302436400,AAPL
2012-12-27,15.542062759399414,15.577970915759582,15.228239460909428,15.496195335186007,455120400,AAPL
2012-12-28,15.376998901367188,15.524557177505638,15.332641495064374,15.398122857109868,354278400,AAPL
2012-12-31,16.058361053466797,16.155828124316187,15.359201089943278,15.405368260553772,659492400,AAPL
2013-01-02,16.567110061645508,16.747256728364487,16.343814637466735,16.711649938595144,560518000,AAPL
2013-01-03,16.35799789428711,16.586424459789775,16.32480517518126,16.532410750692787,352965200,AAPL
2013-01-04,15.902353286743164,16.253291750454373,15.867047846235717,16.203200504914253,594333600,AAPL
2013-01-07,15.808813095092773,15.971758335651735,15.546288058816002,15.75147961515601,484156400,AAPL
2013-01-08,15.851353645324707,16.04990723164044,15.728843400979304,15.969037352505188,458707200,AAPL
2013-01-09,15.603616714477539,15.8423022815988,15.570121028724184,15.76656190465764,407604400,AAPL
2013-01-10,15.797045707702637,15.954257117012283,15.555944379752821,15.949127610115255,601146000,AAPL
2013-01-11,15.70018196105957,15.85166114084993,15.661556760455131,15.721304311874087,350506800,AAPL
2013-01-14,15.140426635742188,15.313933799635425,15.042658235141488,15.168488235921195,734207600,AAPL
2013-01-15,14.662755012512207,15.057145213317087,14.586108944026607,15.036324221226215,876772400,AAPL
2013-01-16,15.271393775939941,15.37248198222187,14.861313564555273,14.925887669033607,690804800,AAPL
2013-01-17,15.168487548828125,15.412002858526245,15.148875209845238,15.39872545007267,453678400,AAPL
2013-01-18,15.087621688842773,15.154609843056585,14.978989941166704,15.04296130783509,472922800,AAPL
2013-01-22,15.23155403137207,15.325398343257916,14.985927628318528,15.225217489645985,461546400,AAPL
2013-01-23,15.5103759765625,15.539947584364652,15.231556809048099,15.35346435212218,861509600,AAPL
2013-01-24,13.593945503234863,14.053514014214164,13.586400312497931,13.880609570697057,1460852400,AAPL
2013-01-25,13.273489952087402,13.766854933520708,13.126234574209656,13.629860181966587,1208026400,AAPL
2013-01-28,13.57372760772705,13.675719831113682,13.152179948925026,13.211625320793349,785517600,AAPL
2013-01-29,13.828408241271973,13.88664739116056,13.642830678401662,13.835349108992999,571158000,AAPL
2013-01-30,13.784953117370605,13.959064588234911,13.714645222674445,13.790082622019407,417155200,AAPL
2013-01-31,13.744521141052246,13.858885107527923,13.729132623792202,13.789482878569808,319334400,AAPL
2013-02-01,13.688094139099121,13.86492108868927,13.529071393973474,13.853756395665187,539484400,AAPL
2013-02-04,13.347113609313965,13.758100157129661,13.337457310529665,13.696844220365643,477117200,AAPL
2013-02-05,13.815433502197266,13.872766969951854,13.34409589694874,13.399316646480145,573347600,AAPL
2013-02-06,13.800647735595703,14.076749872479084,13.656710547145336,13.774092914102761,593706400,AAPL
2013-02-07,14.2109956741333,14.26501945006763,13.783044182913834,14.0601508659415,704580800,AAPL
2013-02-08,14.416171073913574,14.532415655228586,14.211907064939524,14.38642711425199,633158400,AAPL
2013-02-11,14.566404342651367,14.718464827024226,14.363660812309798,14.462300510383862,517490400,AAPL
2013-02-12,14.201278686523438,14.640762915482973,14.196422399733377,14.553654486878878,609053200,AAPL
2013-02-13,14.174273490905762,14.375501523625411,14.05924297336176,14.180343852602945,475207600,AAPL
2013-02-14,14.161524772644043,14.314797739270158,14.083522660735268,14.098697752620268,355275200,AAPL
2013-02-15,13.966367721557617,14.269879297744884,13.959083288120397,14.230118026669007,391745200,AAPL
2013-02-19,13.96120548248291,14.044368613183506,13.774851083184851,13.994896389425799,435783600,AAPL
2013-02-20,13.623092651367188,13.891396056904199,13.621573845803145,13.891396056904199,476302400,AAPL
2013-02-21,13.538416862487793,13.63280976823141,13.440079437457726,13.536595754035634,447182400,AAPL
2013-02-22,13.682580947875977,13.706557652839734,13.554802713651705,13.63523376345255,330654800,AAPL
2013-02-25,13.439470291137695,13.81339556363661,13.43248897169051,13.774849992135788,372579200,AAPL
2013-02-26,13.626737594604492,13.704739703443611,13.283466396412301,13.47042864319819,501499600,AAPL
2013-02-27,13.493196487426758,13.732059990801144,13.374220620787145,13.610351245262969,587350400,AAPL
2013-02-28,13.396978378295898,13.59334925941407,13.396978378295898,13.47740862341927,322515200,AAPL
2013-03-01,13.065239906311035,13.299247002258154,13.05036793043495,13.293782868124282,552448400,AAPL
2013-03-04,12.748984336853027,12.996345469287228,12.717115346814765,12.984204747279874,582755600,AAPL
2013-03-05,13.085575103759766,13.208497056416633,12.770227603011584,12.792384011649695,638433600,AAPL
2013-03-06,12.919251441955566,13.210319127125866,12.881919132976845,13.187858794999705,460250000,AAPL
2013-03-07,13.06857967376709,13.111982344828458,12.77963700620197,12.884044772330494,468473600,AAPL
2013-03-08,13.103178024291992,13.215780355356193,13.008785961097038,13.044904194556157,391482000,AAPL
2013-03-11,13.289840698242188,13.32444175638845,12.903470725460892,13.043389711698191,474236000,AAPL
2013-03-12,13.00332260131836,13.320491992441204,12.97722086624512,13.220940529227784,465911600,AAPL
2013-03-13,13.000893592834473,13.18755267525233,12.91014456205669,13.003929582807801,405549200,AAPL
2013-03-14,13.126852989196777,13.191803406644855,13.064632207460768,13.136867867015669,303875600,AAPL
2013-03-15,13.46557331085205,13.482873433803116,13.271021895392343,13.291661121995537,643960800,AAPL
2013-03-18,13.831605911254883,13.884415610706116,13.390907510502863,13.398495055104805,606197200,AAPL
2013-03-19,13.794276237487793,13.990951060387179,13.612471772072057,13.946333504239913,526775200,AAPL
2013-03-20,13.721131324768066,13.889581027749015,13.645557346671188,13.883207553103405,308660800,AAPL
2013-03-21,13.74085807800293,13.900201410245097,13.661035665931543,13.664677882601753,383255600,AAPL
2013-03-22,14.019484519958496,14.025250148371075,13.752395066117906,13.79701101271791,395105200,AAPL
2013-03-25,14.070167541503906,14.263504885858211,14.015535915241141,14.10385682824273,501135600,AAPL
2013-03-26,13.996109962463379,14.13875938078329,13.977595768314751,14.126618659878613,294294000,AAPL
2013-03-27,13.721131324768066,13.864388621100472,13.680157598396821,13.854069816524186,331237200,AAPL
2013-03-28,13.435222625732422,13.713238671481147,13.403657559488913,13.652536683356098,442839600,AAPL
2013-04-01,13.01789379119873,13.466786820285241,12.98238339789661,13.41215438613934,389732000,AAPL
2013-04-02,13.044600486755371,13.298031919250924,12.94170991864022,12.97813207590389,529519200,AAPL
2013-04-03,13.111374855041504,13.271932242810799,13.060384637423134,13.092556737535649,363216000,AAPL
2013-04-04,12.981772422790527,13.20272862940469,12.906805514689426,13.16509402422428,358447600,AAPL
2013-04-05,12.844586372375488,12.897700798410593,12.737749673937993,12.884042085306808,383695200,AAPL
2013-04-08,12.935944557189941,12.975097163808861,12.823039102138468,12.894666919323123,300829200,AAPL
2013-04-09,12.95931625366211,13.0054493734327,12.830930963214488,12.940498946209216,306614000,AAPL
2013-04-10,13.223672866821289,13.265254427063171,12.929873930241465,12.993307975744367,375928000,AAPL
2013-04-11,13.18239688873291,13.293481240626633,13.087396965515655,13.163881884544967,328364400,AAPL
2013-04-12,13.044905662536621,13.176932348216148,13.023356289317386,13.176932348216148,238613200,AAPL
2013-04-15,12.742910385131836,12.986933155483932,12.733804846192093,12.959920461860293,317520000,AAPL
2013-04-16,12.936856269836426,12.948085220886883,12.764765199522396,12.795116191069749,305771200,AAPL
2013-04-17,12.225424766540527,12.765675466541659,12.083078469914987,12.755658967190756,945056000,AAPL
2013-04-18,11.899150848388672,12.316174839718238,11.829039408624805,12.291894211060939,666299200,AAPL
2013-04-19,11.853014945983887,12.128299637582314,11.688207542089037,11.775315974695964,609274400,AAPL
2013-04-22,12.100075721740723,12.207216370664026,11.875478863181721,11.917058807146875,429920400,AAPL
2013-04-23,12.326495170593262,12.394784695945953,12.104324041998341,12.261543127621325,664238400,AAPL
2013-04-24,12.306160926818848,12.603298211553245,11.912810445511477,11.944376322999593,969651200,AAPL
2013-04-25,12.394786834716797,12.563538823251273,12.352902153026726,12.48128745539755,384837600,AAPL
2013-04-26,12.662479400634766,12.71013050562076,12.390836899433022,12.438184891683843,764097600,AAPL
2013-04-29,13.054618835449219,13.160847711138286,12.747465082688162,12.761122988366814,640326400,AAPL
2013-04-30,13.438859939575195,13.513827658229582,13.11379991148978,13.205763825040394,691538400,AAPL
2013-05-01,13.332934379577637,13.504114444557974,13.184214642043054,13.489849506681427,506909200,AAPL
2013-05-02,13.522026062011719,13.615202447217374,13.373608586618289,13.408511943279478,421828400,AAPL
2013-05-03,13.657395362854004,13.756036718671268,13.632202955457538,13.697761243782725,361300800,AAPL
2013-05-06,13.983057022094727,14.028279171991988,13.788808769491117,13.831299662978584,496641600,AAPL
2013-05-07,13.92083740234375,14.136026385920653,13.77029572348146,14.112352793528984,483753200,AAPL
2013-05-08,14.078059196472168,14.124497054636683,13.834340271626623,13.93237376884432,472598000,AAPL
2013-05-09,13.955232620239258,14.14557140036135,13.918876141261423,14.048111170318037,398487600,AAPL
2013-05-10,13.83914566040039,14.045066869884653,13.763071443489721,13.991905964317423,334852000,AAPL
2013-05-13,13.893218994140625,13.98976391661551,13.794231486758779,13.794536605915493,316948800,AAPL
2013-05-14,13.56081485748291,13.907274405349103,13.508570135106392,13.866029473597088,447118000,AAPL
2013-05-15,13.102224349975586,13.473431892923962,12.903942636097268,13.417216558348745,741613600,AAPL
2013-05-16,13.277290344238281,13.377195650839386,12.798235347490124,12.930830824968881,603204000,AAPL
2013-05-17,13.236963272094727,13.44563378843672,13.16822171610877,13.413859786763505,427904400,AAPL
2013-05-20,13.532401084899902,13.620085315587033,13.140418415067302,13.195717591731263,451578400,AAPL
2013-05-21,13.432496070861816,13.610308752794621,13.265682363840314,13.386362705390496,456022000,AAPL
2013-05-22,13.484125137329102,13.697989954749408,13.38849722743672,13.566615794346475,443038400,AAPL
2013-05-23,13.508262634277344,13.631082050385697,13.3142574611781,13.319145893559707,353021200,AAPL
2013-05-24,13.600225448608398,13.615806920308923,13.453881662278665,13.468852079876687,276166800,AAPL
2013-05-28,13.486878395080566,13.782316150722563,13.46885352086818,13.745349413132644,386145200,AAPL
2013-05-29,13.594111442565918,13.672019597037014,13.424547643561391,13.442879261963895,330576400,AAPL
2013-05-30,13.796673774719238,13.885886035042764,13.580670653451964,13.615499918739586,353519600,AAPL
2013-05-31,13.740156173706055,13.965324336826242,13.733128642702006,13.824783506665415,384302800,AAPL
2013-06-03,13.770401000976562,13.820505808115671,13.518652409537957,13.770706120129065,372352400,AAPL
2013-06-04,13.727325439453125,13.883752071977993,13.668665860169705,13.84678369591545,292728800,AAPL
2013-06-05,13.599000930786133,13.770397904948503,13.556227967016515,13.615498572803894,290589600,AAPL
2013-06-06,13.395833015441895,13.656747419611955,13.261099250249769,13.610003002147751,416934000,AAPL
2013-06-07,13.498181343078613,13.541870485991428,13.221990610130314,13.335950156308225,404535600,AAPL
2013-06-10,13.408971786499023,13.720296152284067,13.345118661911716,13.587395534475435,450153200,AAPL
2013-06-11,13.369555473327637,13.527204150323987,13.238793173747176,13.312729895814394,286112400,AAPL
2013-06-12,13.204269409179688,13.481071165842392,13.18318845367801,13.427605163529778,265227200,AAPL
2013-06-13,13.319451332092285,13.3555027059447,13.099171645485745,13.213742242610977,285832400,AAPL
2013-06-14,13.138888359069824,13.329533133104809,13.091532080699515,13.302341637281037,271866000,AAPL
2013-06-17,13.198464393615723,13.311506941833937,13.148359594743232,13.181355696579852,259414400,AAPL
2013-06-18,13.19144058227539,13.287068519567127,13.143779989040823,13.185024921453811,195025600,AAPL
2013-06-19,12.923498153686523,13.188078037385944,12.923498153686523,13.180134334535943,310940000,AAPL
2013-06-20,12.73530101776123,13.014545458567554,12.684279213271312,12.81045905643462,357310800,AAPL
2013-06-21,12.633255004882812,12.831843525632829,12.468274462574572,12.785709344957894,481118400,AAPL
2013-06-24,12.2984037399292,12.485382205200835,12.161224957352243,12.446886614826482,480746000,AAPL
2013-06-25,12.301154136657715,12.458802009875132,12.185056309150815,12.394948898198896,314162800,AAPL
2013-06-26,12.161836624145508,12.367145892162418,12.0882058340799,12.339954394562486,367724000,AAPL
2013-06-27,12.030766487121582,12.263267231838343,12.023434654929456,12.197886901152135,337246000,AAPL
2013-06-28,12.11478328704834,12.229047104096923,11.880754536147835,11.95682952365998,578516400,AAPL
2013-07-01,12.502490997314453,12.595675519444608,12.25807507958882,12.302987145914514,391053600,AAPL
2013-07-02,12.785711288452148,12.881645173478745,12.510133165780053,12.525103586902741,469865200,AAPL
2013-07-03,12.856279373168945,12.922883431564335,12.753930701660677,12.858112534844771,240928800,AAPL
2013-07-05,12.75301742553711,12.93235812381301,12.689775368875965,12.84375773116716,274024800,AAPL
2013-07-08,12.680610656738281,12.862395598742516,12.546182004383319,12.83520491226913,298138400,AAPL
2013-07-09,12.903637886047363,12.938772267205069,12.537930634293298,12.636307880526596,352584400,AAPL
2013-07-10,12.854143142700195,12.978490597870206,12.77837489068434,12.8196198138473,281405600,AAPL
2013-07-11,13.054567337036133,13.083897936123398,12.86758966281462,12.921971850302324,326292400,AAPL
2013-07-12,13.030736923217773,13.13094735504611,12.936025978668546,13.065566193492174,279563200,AAPL
2013-07-15,13.059148788452148,13.181968214805371,12.978492094907242,12.984908570856573,241917200,AAPL
2013-07-16,13.14346981048584,13.159050461961659,12.95924072180546,13.031037519016131,216538000,AAPL
2013-07-17,13.146835327148438,13.205190595934381,13.082982202159437,13.128199397597104,198990400,AAPL
2013-07-18,13.191133499145508,13.286149552298902,13.155999113615788,13.240627247506891,218878800,AAPL
2013-07-19,12.983074188232422,13.258958153325302,12.964742566995342,13.23207259133741,268721600,AAPL
2013-07-22,13.024624824523926,13.12972367692324,12.998961369449793,13.120863800835085,207796400,AAPL
2013-07-23,12.800985336303711,13.044484275354572,12.792430578942351,13.015154494513622,369395600,AAPL
2013-07-24,13.45846176147461,13.583113512862504,13.298063759374555,13.410189311806944,591936800,AAPL
2013-07-25,13.39705753326416,13.485658766887642,13.3148727771086,13.464272684199264,229493600,AAPL
2013-07-26,13.47313117980957,13.474658407347645,13.269960151818248,13.299289936658717,200152400,AAPL
2013-07-29,13.68088436126709,13.748098687781082,13.448994608463154,13.467325417591217,248057600,AAPL
2013-07-30,13.849832534790039,13.96684651289034,13.724874039372994,13.747177101028896,309422400,AAPL
2013-07-31,13.825697898864746,13.972652730764135,13.730986965955935,13.900856733281907,322957600,AAPL
2013-08-01,13.952488899230957,13.956155223669048,13.848001100224936,13.924076924402076,206250800,AAPL
2013-08-02,14.131524085998535,14.140995832326727,13.951879078120172,13.993124005542054,274783600,AAPL
2013-08-05,14.342636108398438,14.379909585177852,14.119607117525495,14.197208525143644,318855600,AAPL
2013-08-06,14.214322090148926,14.417187173455634,14.120221382485797,14.298951050551954,334857600,AAPL
2013-08-07,14.206070899963379,14.267786546689644,14.107998758938397,14.170019524793728,298858000,AAPL
2013-08-08,14.177774429321289,14.272803555762891,14.083666703870607,14.265422493279464,255777200,AAPL
2013-08-09,13.976035118103027,14.160865614236144,13.951433207572277,14.104893352471178,266865200,AAPL
2013-08-12,14.373064994812012,14.412736164967303,14.04307687061932,14.050150801639392,364434000,AAPL
2013-08-13,15.056108474731445,15.212644888870233,14.394286023070716,14.483165949741306,881941200,AAPL
2013-08-14,15.330733299255371,15.507566762030015,15.173889806159456,15.311666373119442,756372400,AAPL
2013-08-15,15.31258773803711,15.450673080802417,15.041032270209593,15.266765688678099,490294000,AAPL
2013-08-16,15.448519706726074,15.467279498925985,15.341804705990917,15.381475868729197,362306000,AAPL
2013-08-19,15.614901542663574,15.799423248350816,15.499882405087337,15.51033809307549,510518400,AAPL
2013-08-20,15.409774780273438,15.70193621634178,15.40208658076007,15.675488218742172,358688400,AAPL
2013-08-21,15.449445724487305,15.596754959851246,15.41377057785624,15.487272449871037,335879600,AAPL
2013-08-22,15.467897415161133,15.548780355505126,15.321509574729022,15.530020558879835,244207600,AAPL
2013-08-23,15.408233642578125,15.479889418069526,15.356874971549974,15.477429063442083,222731600,AAPL
2013-08-26,15.468202590942383,15.690552609870087,15.392240378373177,15.39992857549829,330965600,AAPL
2013-08-27,15.025961875915527,15.454055312891802,14.955536286961479,15.315354070755083,424188800,AAPL
2013-08-28,15.097002983093262,15.247697216739803,14.94631039187278,14.94631039187278,307608000,AAPL
2013-08-29,15.121609687805176,15.269227688307469,15.104080070775858,15.120072376689327,239657600,AAPL
2013-08-30,14.983837127685547,15.160054746485631,14.961693928939493,15.130839257738058,272297200,AAPL
2013-09-03,15.025660514831543,15.395319857862686,14.987833784676122,15.164667301627773,331928800,AAPL
2013-09-04,15.336575508117676,15.445752507789878,15.262459381461623,15.3633322740476,345032800,AAPL
2013-09-05,15.231396675109863,15.397776083518153,15.181268187493458,15.384551268397832,236367600,AAPL
2013-09-06,15.322127342224121,15.357800852301036,15.067794267526578,15.3288941406365,359525600,AAPL
2013-09-09,15.566620826721191,15.620439874405806,15.483893421544607,15.530638536173264,340687200,AAPL
2013-09-10,15.212021827697754,15.605977421324566,15.053948176377332,15.56753479754744,743195600,AAPL
2013-09-11,14.383830070495605,14.567735860580585,14.294643021829915,14.362301142759796,898696400,AAPL
2013-09-12,14.536982536315918,14.62032418571774,14.331546183541558,14.408124320493648,404051200,AAPL
2013-09-13,14.297410011291504,14.510532920534583,14.291260766354997,14.433956425897911,298835600,AAPL
2013-09-16,13.84287166595459,14.196231561916079,13.753686252811804,14.177473406384804,543706800,AAPL
2013-09-17,14.002790451049805,14.137799559758978,13.76229649414114,13.776442714422062,399380800,AAPL
2013-09-18,14.290642738342285,14.342001408391726,14.167012384308656,14.244511911169958,456862000,AAPL
2013-09-19,14.524985313415527,14.633546402884726,14.431186350972096,14.475779865755875,404541200,AAPL
2013-09-20,14.374603271484375,14.717198684651732,14.331239923600505,14.700284975216535,699302800,AAPL
2013-09-23,15.089012145996094,15.28183795041071,14.84175139838826,15.25692726690555,762106800,AAPL
2013-09-24,15.041647911071777,15.237548296016167,15.002283882348557,15.21940441379038,364344400,AAPL
2013-09-25,14.808845520019531,15.058257848726992,14.805770897486735,15.044727538670807,316957200,AAPL
2013-09-26,14.953079223632812,15.025042139259186,14.881730575504884,14.946314069017612,237221600,AAPL
2013-09-27,14.846363067626953,14.905409936992232,14.783932800000363,14.878038902028743,228040400,AAPL
2013-09-30,14.661844253540039,14.812844033435246,14.58987968697937,14.677220651936539,260156400,AAPL
2013-10-01,15.006584167480469,15.042873563442496,14.711962559584547,14.714115779684398,353883600,AAPL
2013-10-02,15.055802345275879,15.12469066495991,14.8771243439382,14.93494106256866,289184000,AAPL
2013-10-03,14.866660118103027,15.14159900163748,14.784548655938478,15.0850108447103,322753200,AAPL
2013-10-04,14.854968070983887,14.903250457839004,14.71872886325412,14.880493008022203,258868400,AAPL
2013-10-07,15.00013542175293,15.150828073377202,14.92632640735137,14.963538869562282,312292400,AAPL
2013-10-08,14.790702819824219,15.089013496196367,14.778401043853403,15.06748456703409,290917200,AAPL
2013-10-09,14.964458465576172,15.001362147111372,14.708895256240693,14.904488545958262,301725200,AAPL
2013-10-10,15.05826187133789,15.142526588850812,14.978301955006168,15.1099293400743,278602800,AAPL
2013-10-11,15.155750274658203,15.18742611950949,14.920484120762472,14.976763520310032,267738800,AAPL
2013-10-14,15.255078315734863,15.30243931888044,15.049336507542439,15.064098634615279,261898000,AAPL
2013-10-15,15.336267471313477,15.438370535143225,15.239086758645099,15.30028519929369,320073600,AAPL
2013-10-16,15.410998344421387,15.454668809949174,15.353181663556775,15.401156927691066,251101200,AAPL
2013-10-17,15.5152587890625,15.523870031926405,15.367026500114722,15.376252010541302,253593200,AAPL
2013-10-18,15.650267601013184,15.661646332544183,15.552470951145711,15.561082193844474,290542000,AAPL
2013-10-21,16.033763885498047,16.124179449000888,15.731146854155659,15.738835051299288,398106800,AAPL
2013-10-22,15.987936019897461,16.251803220503465,15.623811864042747,16.189065840067205,534063600,AAPL
2013-10-23,16.14447593688965,16.166311992674434,15.961182819964039,15.961182819964039,313723200,AAPL
2013-10-24,16.35822296142578,16.375445450819733,16.06729329937084,16.14571426075678,384764800,AAPL
2013-10-25,16.17523765563965,16.398816302144336,16.1490967891123,16.34007654652206,337792000,AAPL
2013-10-28,16.295787811279297,16.33023277979886,16.090660238643704,16.269954084889626,550440800,AAPL
2013-10-29,15.889836311340332,16.583948693004128,15.824024286340524,16.492302943491673,635807200,AAPL
2013-10-30,16.142629623413086,16.223203756596142,15.900289671699605,15.9799424039141,354163600,AAPL
2013-10-31,16.07496452331543,16.222275301753303,16.03098694024185,16.14569885892306,275696400,AAPL
2013-11-01,15.992870330810547,16.139565357703077,15.864012063200262,16.11557770859468,274890000,AAPL
2013-11-04,16.199522018432617,16.201675238712973,15.955337641055447,16.025763218783453,244627600,AAPL
2013-11-05,16.15955352783203,16.26534717855705,16.084207188940653,16.132798391907443,265213200,AAPL
2013-11-06,16.113765716552734,16.235643159471426,16.029626915532177,16.213679613505935,223375600,AAPL
2013-11-07,15.852998733520508,16.183985035352546,15.849597233191227,16.072317034013228,262620400,AAPL
2013-11-08,16.102628707885742,16.120260668385757,15.856090187767702,15.917647586076669,279316800,AAPL
2013-11-11,16.05591583251953,16.13696038549842,15.912385463325682,16.084992948932378,227452400,AAPL
2013-11-12,16.085620880126953,16.206569919329286,15.99251161266786,16.013236151981825,204276800,AAPL
2013-11-13,16.104801177978516,16.154913434287263,15.991274631742042,16.02344599322937,197220800,AAPL
2013-11-14,16.337726593017578,16.3723710178391,16.143155467814722,16.172232599152455,282419200,AAPL
2013-11-15,16.239667892456055,16.36649315088167,16.224201719870663,16.288851708970935,317920400,AAPL
2013-11-18,16.042938232421875,16.30772841208669,16.029637846626244,16.239675239503743,244944000,AAPL
2013-11-19,16.071388244628906,16.189862548029716,16.022513361185933,16.055302568100792,208938800,AAPL
2013-11-20,15.930644035339355,16.098303828168394,15.909919495482029,16.061491957172716,193916800,AAPL
2013-11-21,16.120567321777344,16.122733113677985,15.889496654556647,16.01106349558823,262026800,AAPL
2013-11-22,16.079124450683594,16.152127037079662,16.039839510550113,16.070462930871994,223725600,AAPL
2013-11-25,16.200998306274414,16.266885645083992,16.116241645099844,16.116859498940194,229311600,AAPL
2013-11-26,16.499818801879883,16.58457714364686,16.20904743528717,16.212757863611515,401382800,AAPL
2013-11-27,16.888328552246094,16.88956591140235,16.499806037256338,16.589822676862756,363448400,AAPL
2013-11-29,17.201078414916992,17.27098678421551,16.94556933020978,16.997227876608736,318127600,AAPL
2013-12-02,17.051355361938477,17.45657992888661,17.03867283791411,17.26077312381796,472544800,AAPL
2013-12-03,17.51813507080078,17.519991936133664,17.25087201603732,17.270050263056415,450968000,AAPL
2013-12-04,17.477306365966797,17.606916906415922,17.348004752445682,17.49277253655521,377809600,AAPL
2013-12-05,17.567005157470703,17.79096221893479,17.520915591814223,17.713938672959387,447580000,AAPL
2013-12-06,17.32325553894043,17.531437571827922,17.309337308645492,17.50174094182415,344352400,AAPL
2013-12-09,17.521547317504883,17.618986541627496,17.35048598794291,17.35048598794291,320493600,AAPL
2013-12-10,17.494327545166016,17.566403372234657,17.359767498719965,17.43338961321523,278269600,AAPL
2013-12-11,17.364704132080078,17.66197436655256,17.313047266823556,17.539168507952215,359718800,AAPL
2013-12-12,17.339344024658203,17.487823894718364,17.323568926422766,17.38883841602208,262290000,AAPL
2013-12-13,17.150341033935547,17.411727906674535,17.12683285118667,17.410799473877287,332822000,AAPL
2013-12-16,17.245302200317383,17.404300416446972,17.16828028925073,17.16858921611879,282592800,AAPL
2013-12-17,17.167661666870117,17.305314199910622,17.11785835793665,17.19302671166278,229902400,AAPL
2013-12-18,17.037124633789062,17.058159748532574,16.666853419400656,17.00402650107201,565863200,AAPL
2013-12-19,16.841934204101562,17.013304376162978,16.81935280473484,16.997838207396335,320308800,AAPL
2013-12-20,16.982986450195312,17.063104227876206,16.85306702445437,16.87193634125069,436413600,AAPL
2013-12-23,17.634763717651367,17.654250902134123,17.40802282604042,17.570112059060943,501306400,AAPL
2013-12-24,17.559904098510742,17.690132531452498,17.509172334623788,17.628575105748126,167554800,AAPL
2013-12-26,17.44327735900879,17.61650439261956,17.427191684799208,17.573196808209154,204008000,AAPL
2013-12-27,17.32542610168457,17.459057669465405,17.307176281814687,17.440807849595522,225884400,AAPL
2013-12-30,17.153125762939453,17.325424398408476,17.0850726258152,17.244070882418676,253629600,AAPL
2013-12-31,17.35418701171875,17.362229021837404,17.137034566347573,17.14229458282617,223084400,AAPL
2014-01-02,17.110118865966797,17.230758899009384,17.07578339029023,17.188999268805752,234684800,AAPL
2014-01-03,16.73429298400879,17.127763554398385,16.717278870897296,17.10178064625026,392467600,AAPL
2014-01-06,16.82554054260254,16.91431820653995,16.505999433778527,16.62509323517505,412610800,AAPL
2014-01-07,16.70521354675293,16.888337846615133,16.639635127395696,16.837607745304627,317209200,AAPL
2014-01-08,16.810998916625977,16.87595780525637,16.663447529405097,16.667157955484388,258529600,AAPL
2014-01-09,16.59632682800293,16.916176898266297,16.56013446730561,16.914320032581443,279148800,AAPL
2014-01-10,16.485584259033203,16.728719654808263,16.42897629251968,16.698714095484583,304976000,AAPL
2014-01-13,16.571895599365234,16.781313441956513,16.390935389057923,16.391863822202218,378492800,AAPL
2014-01-14,16.901641845703125,16.9121585795361,16.631593398838312,16.64891643857639,332561600,AAPL
2014-01-15,17.2409725189209,17.328823391800906,17.06465291941578,17.12218931041704,391638800,AAPL
2014-01-16,17.144775390625,17.225202128436123,17.065275433684636,17.16488207507778,229278000,AAPL
2014-01-17,16.724699020385742,17.07733827797103,16.700880258950978,17.059088461244034,426739600,AAPL
2014-01-21,16.984539031982422,17.015471371703125,16.716965372514228,16.73459733480001,328526800,AAPL
2014-01-22,17.06001853942871,17.238811252872043,16.945565233136684,17.041458141972107,379985200,AAPL
2014-01-23,17.20447540283203,17.214374281272015,16.85276455134417,17.011452229299667,403239200,AAPL
2014-01-24,16.891738891601562,17.18715066880616,16.850906022067754,17.137038427658833,429354800,AAPL
2014-01-27,17.028772354125977,17.161786045294246,16.88184043120138,17.015471976218535,554878800,AAPL
2014-01-28,15.667709350585938,15.93064084958916,15.530673004478194,15.737617694767941,1065523200,AAPL
2014-01-29,15.48984432220459,15.694623253559016,15.423956973210919,15.588831461194932,502810000,AAPL
2014-01-30,15.459836959838867,15.667710092742956,15.364563563608145,15.545213130135961,678501600,AAPL
2014-01-31,15.485204696655273,15.513972902685405,15.267125373029137,15.317546552324279,464797200,AAPL
2014-02-03,15.51396369934082,15.705751075095732,15.444983813605708,15.547372398400123,401464000,AAPL
2014-02-04,15.738543510437012,15.759269696894599,15.55201609239622,15.64760005718576,376681200,AAPL
2014-02-05,15.85609245300293,15.939302829214096,15.659975067278927,15.669565018119837,328344800,AAPL
2014-02-06,15.948516845703125,15.97932523220175,15.802259274109753,15.872276974593815,257765200,AAPL
2014-02-07,16.171632766723633,16.272767948727857,16.10006119909248,16.224534502218802,370280400,AAPL
2014-02-10,16.461347579956055,16.554703397872327,16.1193559062589,16.13989372086725,345559200,AAPL
2014-02-11,16.67824363708496,16.733944022545927,16.47721636574801,16.511759047207796,282256800,AAPL
2014-02-12,16.6769962310791,16.79026829963343,16.593600214879615,16.709049377976125,308100800,AAPL
2014-02-13,16.941816329956055,16.95488554532398,16.623473576729733,16.637787558413855,307398000,AAPL
2014-02-14,16.92812728881836,16.99005484700037,16.84162015879533,16.880827816596096,272924400,AAPL
2014-02-18,16.990367889404297,17.152182594655113,16.978541773342748,16.99067866564144,260251600,AAPL
2014-02-19,16.722118377685547,17.01836609822539,16.628141018458543,16.95177193465488,313768000,AAPL
2014-02-20,16.528566360473633,16.710609740507884,16.461661400656407,16.585823963449013,305858000,AAPL
2014-02-21,16.34496307373047,16.63498697296281,16.324736036904806,16.579595703765595,278784800,AAPL
2014-02-24,16.416534423828125,16.49028641037587,16.2568985497502,16.27961511886375,288909600,AAPL
2014-02-25,16.24570083618164,16.479399547458954,16.212715350219856,16.473488152176504,231952000,AAPL
2014-02-26,16.09913444519043,16.337190700016524,16.04467714285704,16.293936299142775,276217200,AAPL
2014-02-27,16.420265197753906,16.454806204653945,16.058668186528415,16.09258764143747,301882000,AAPL
2014-02-28,16.375778198242188,16.57835942601557,16.247568878916812,16.464153317804648,371968800,AAPL
2014-03-03,16.423070907592773,16.513003195035648,16.26903398690279,16.288016257427472,238781200,AAPL
2014-03-04,16.531360626220703,16.57492744226712,16.423380069066408,16.523893691088276,259140000,AAPL
2014-03-05,16.566213607788086,16.6405854761623,16.46569998862559,16.521403688747753,200062800,AAPL
2014-03-06,16.516117095947266,16.630944728871757,16.433653392214477,16.57959852591875,185488800,AAPL
2014-03-07,16.506471633911133,16.55439431416619,16.369861416140083,16.52669867446406,220729600,AAPL
2014-03-10,16.52140998840332,16.596405099394058,16.441123372883162,16.441746587141495,178584000,AAPL
2014-03-11,16.68228530883789,16.764748992990302,16.573370758160493,16.662370711353038,279224400,AAPL
2014-03-12,16.698469161987305,16.721496508563398,16.555013579102752,16.633121421317664,199326400,AAPL
2014-03-13,16.512998580932617,16.793375047474232,16.466631464871075,16.724293030253936,257742800,AAPL
2014-03-14,16.32754135131836,16.520475180918808,16.274950380039492,16.455125767974344,237199200,AAPL
2014-03-17,16.39133071899414,16.491842692188126,16.363635083523278,16.421205111026797,199544800,AAPL
2014-03-18,16.536338806152344,16.554076307689048,16.343405045410382,16.365187621316085,209647200,AAPL
2014-03-19,16.531986236572266,16.686955492782786,16.46165776856955,16.56310539540186,224756000,AAPL
2014-03-20,16.45232582092285,16.575866826390598,16.41031619534994,16.48935638018449,208398400,AAPL
2014-03-21,16.582088470458984,16.60947333430082,16.378574958118694,16.55283728776205,374046400,AAPL
2014-03-24,16.77876091003418,16.819525774173055,16.65024082203827,16.754799565863838,355700800,AAPL
2014-03-25,16.959239959716797,16.982890517720904,16.79119984507488,16.850637847113866,282293200,AAPL
2014-03-26,16.7971134185791,17.084026222347692,16.768485456752433,17.006852376803458,299768000,AAPL
2014-03-27,16.724910736083984,16.850630405947545,16.65209443776715,16.804574076488354,222031600,AAPL
2014-03-28,16.70624351501465,16.770969684006026,16.625024612280736,16.751676642287258,200564000,AAPL
2014-03-31,16.7025146484375,16.8291667070271,16.677306885250907,16.779999270722026,168669200,AAPL
2014-04-01,16.855302810668945,16.862149855104427,16.703444671752273,16.73425138599998,200760000,AAPL
2014-04-02,16.883312225341797,16.912252626566886,16.812051431490264,16.87802238400153,180420800,AAPL
2014-04-03,16.76630973815918,16.88175892035495,16.730523948439863,16.847217897110337,162344000,AAPL
2014-04-04,16.54941177368164,16.803960683472724,16.510825677541288,16.79804928955545,275251200,AAPL
2014-04-07,16.289566040039062,16.520776727369764,16.240400281622172,16.43115524771361,289850400,AAPL
2014-04-08,16.28864288330078,16.372040580638533,16.14114053928874,16.34310017369103,243888400,AAPL
2014-04-09,16.50273323059082,16.50802307152993,16.244450057574564,16.263743102960085,206169600,AAPL
2014-04-10,16.289888381958008,16.56248562232315,16.280241025240397,16.513939724463,239652000,AAPL
2014-04-11,16.169458389282227,16.269659597946106,16.092595305662165,16.150474454056454,271717600,AAPL
2014-04-14,16.233867645263672,16.2488031754314,16.094767952428587,16.240713027344555,205674000,AAPL
2014-04-15,16.11811065673828,16.232625838077034,15.911795202755785,16.189994667617253,266490000,AAPL
2014-04-16,16.150785446166992,16.215511635350616,15.999238049308042,16.12091105335715,214765600,AAPL
2014-04-17,16.3353214263916,16.423076649929854,16.15670155534646,16.18159688995374,284334400,AAPL
2014-04-21,16.529184341430664,16.5593678452182,16.30481896708664,16.347762571197965,182548800,AAPL
2014-04-22,16.545686721801758,16.549731798942883,16.383870340915497,16.440193968438052,202563200,AAPL
2014-04-23,16.329410552978516,16.527946698057615,16.320073971249826,16.463531264130243,394940000,AAPL
2014-04-24,17.668121337890625,17.737515818745177,17.449047435679493,17.681813768385897,759911600,AAPL
2014-04-25,17.79788589477539,17.799439775382663,17.549560816594127,17.56729666027411,390275200,AAPL
2014-04-28,18.487159729003906,18.53881670505942,17.81686713052501,17.82464816716536,669485600,AAPL
2014-04-29,18.43238639831543,18.545969235799713,18.344632874755803,18.476263991047304,337377600,AAPL
2014-04-30,18.362682342529297,18.65332945011792,18.353658202541382,18.442034945870528,456640800,AAPL
2014-05-01,18.40594482421875,18.509257137032463,18.246618009621297,18.422125129495903,244048000,AAPL
2014-05-02,18.440168380737305,18.49058224952968,18.35085930227897,18.43270144444312,191514400,AAPL
2014-05-05,18.700942993164062,18.70218942155984,18.359885284084342,18.36424279775598,287067200,AAPL
2014-05-06,18.497116088867188,18.808299358020943,18.497116088867188,18.727080433367078,374564400,AAPL
2014-05-07,18.43238639831543,18.58673408210379,18.289241610239728,18.523252668302856,282864400,AAPL
2014-05-08,18.399532318115234,18.600429003280038,18.349777750262387,18.40766765454905,230297200,AAPL
2014-05-09,18.322866439819336,18.345083194424,18.159832160278754,18.291573470812843,291597600,AAPL
2014-05-12,18.550987243652344,18.576959155225385,18.381069342025103,18.38388696270023,213208800,AAPL
2014-05-13,18.580081939697266,18.60448961311775,18.48432965922482,18.52500800080154,159737200,AAPL
2014-05-14,18.58353042602539,18.693992521539883,18.51687848866867,18.538470220249767,166404000,AAPL
2014-05-15,18.425500869750977,18.668954277636033,18.40109319371316,18.609500153519537,230846000,AAPL
2014-05-16,18.697439193725586,18.698064217669152,18.318489182166605,18.419562572826514,276256400,AAPL
2014-05-19,18.91899299621582,19.004733266589014,18.691810107709777,18.70808245957848,317755200,AAPL
2014-05-20,18.92274284362793,18.975625883375194,18.798199307598182,18.91648424851184,234836000,AAPL
2014-05-21,18.97281265258789,18.985015661423013,18.839821247481062,18.895207733212857,196859600,AAPL
2014-05-22,19.002843856811523,19.083578874160466,18.903648913947443,18.981878822809403,200760000,AAPL
2014-05-23,19.217514038085938,19.23628982234467,18.977815708203448,19.002223392146373,232209600,AAPL
2014-05-27,19.57737159729004,19.584567726351807,19.264448610225617,19.272271434224255,348866000,AAPL
2014-05-28,19.526683807373047,19.708804754186904,19.519486004919983,19.58958060169007,315481600,AAPL
2014-05-29,19.882474899291992,19.929101013875268,19.644340792789134,19.64684423076927,376474000,AAPL
2014-05-30,19.807998657226562,20.157532385550606,19.679699977039498,19.96383348196616,564020800,AAPL
2014-06-02,19.671878814697266,19.86526522270208,19.47943161374147,19.83804158777581,369350800,AAPL
2014-06-03,19.950061798095703,19.987613359787737,19.65935722720603,19.665928332705498,292709200,AAPL
2014-06-04,20.177873611450195,20.273941789191962,19.90531807216024,19.94693731019592,335482000,AAPL
2014-06-05,20.257038116455078,20.32024907451716,20.10871363010138,20.22105245761543,303805600,AAPL
2014-06-06,20.201345443725586,20.379400408136743,20.16692567304857,20.336841956007156,349938400,AAPL
2014-06-09,20.524587631225586,20.564015936002036,20.09744905546953,20.30554186495344,301660000,AAPL
2014-06-10,20.645061492919922,20.82029875762086,20.496110319280046,20.75020418597777,251108000,AAPL
2014-06-11,20.55963706970215,20.75677860618119,20.474209349092344,20.618778695052523,182724000,AAPL
2014-06-12,20.21573257446289,20.61658670015783,20.130304865208092,20.599062638980833,218996000,AAPL
2014-06-13,19.994495391845703,20.248589258922205,19.906876759364618,20.196017076721706,218100000,AAPL
2014-06-16,20.19602394104004,20.31649981054773,20.03173957599518,20.044883461605917,142244000,AAPL
2014-06-17,20.16973304748535,20.30554034283446,20.108400504916535,20.220112634086973,118904000,AAPL
2014-06-18,20.19163703918457,20.215732205066043,20.00982866796488,20.211350354258634,134056000,AAPL
2014-06-19,20.121545791625977,20.217926471076847,20.007641048422823,20.215735545311137,142112000,AAPL
2014-06-20,19.9134578704834,20.272692909949075,19.911266944178077,20.119359821131653,403592000,AAPL
2014-06-23,19.895931243896484,20.068977633647556,19.845549972475528,20.003263222435336,174776000,AAPL
2014-06-24,19.77545738220215,20.09526409535492,19.755744059555113,19.878409190302182,156144000,AAPL
2014-06-25,19.792980194091797,19.867454969838555,19.637457864279188,19.760122987244184,147476000,AAPL
2014-06-26,19.911258697509766,19.94411589373265,19.670308710519333,19.795164719217148,130516000,AAPL
2014-06-27,20.14783477783203,20.152214958805168,19.882787871316282,19.893740830529538,256116000,AAPL
2014-06-30,20.355932235717773,20.53116959562815,20.171932840693145,20.174123767268537,197929200,AAPL
2014-07-01,20.485158920288086,20.60563475782371,20.39973120683066,20.485158920288086,152892000,AAPL
2014-07-02,20.47640037536621,20.603445658443892,20.39097098315027,20.561828096395466,113860000,AAPL
2014-07-03,20.596879959106445,20.612213100978035,20.415071511781058,20.518023323427652,91567200,AAPL
2014-07-07,21.02182388305664,21.026204063357227,20.61220767070424,20.6209697024921,225872000,AAPL
2014-07-08,20.886014938354492,21.203632324341367,20.57277940386354,21.08753665631305,260888000,AAPL
2014-07-09,20.89478302001953,21.017448158434732,20.756784739302432,20.905735980743962,145744000,AAPL
2014-07-10,20.818111419677734,20.929825236955118,20.485160893608157,20.53773308478969,158744000,AAPL
2014-07-11,20.857532501220703,21.00429272391955,20.778675912955563,20.888198766525353,136072000,AAPL
2014-07-14,21.12696075439453,21.223341413861178,20.95172516676632,20.997724571188215,171240000,AAPL
2014-07-15,20.879446029663086,21.214585843343908,20.81592254578046,21.20363455582496,181911600,AAPL
2014-07-16,20.761159896850586,21.26934606740592,20.752397864628815,21.240870716075243,213585200,AAPL
2014-07-17,20.390972137451172,20.87068296053011,20.277069060026523,20.815921512094132,229192000,AAPL
2014-07-18,20.684492111206055,20.752395765071384,20.375636773586464,20.50706557242937,199952000,AAPL
2014-07-21,20.577159881591797,20.80934785977378,20.528969545474048,20.807156934172088,156316000,AAPL
2014-07-22,20.748008728027344,20.785246095505915,20.616581643806125,20.73924669958779,220788000,AAPL
2014-07-23,21.289058685302734,21.44019912852196,20.846585298938646,20.90134674083216,371672000,AAPL
2014-07-24,21.254016876220703,21.317540368236376,21.120398784599296,21.256207802479747,182916000,AAPL
2014-07-25,21.394203186035156,21.43144057147443,21.168586276249528,21.214585694354543,173876000,AAPL
2014-07-28,21.689908981323242,21.738099312716926,21.36791313927587,21.42705475523131,221272000,AAPL
2014-07-29,21.549724578857422,21.781914256546337,21.52124922730858,21.757819085548554,172572000,AAPL
2014-07-30,21.49934196472168,21.619816131615114,21.394199263198555,21.562865436510528,132040000,AAPL
2014-07-31,20.940778732299805,21.346013139412783,20.88163709996549,21.282491326277988,227372000,AAPL
2014-08-01,21.056875228881836,21.16420888981831,20.767734797484525,20.78744979138213,194044000,AAPL
2014-08-04,20.938581466674805,21.1554379523451,20.846582657037548,21.109438547526473,159832000,AAPL
2014-08-05,20.835636138916016,20.958301246492034,20.66916087064374,20.888206660564773,223732000,AAPL
2014-08-06,20.800586700439453,20.914491439889805,20.7458252564078,20.754587287995264,154232000,AAPL
2014-08-07,20.79838752746582,21.121985064390376,20.71473502392806,20.89744775802445,186844000,AAPL
2014-08-08,20.855619430541992,20.87323065895496,20.534222069751614,20.749955419062537,167460000,AAPL
2014-08-11,21.130788803100586,21.150601855152562,20.877632850320193,20.972291104681585,146340000,AAPL
2014-08-12,21.12639045715332,21.326712758466858,21.0471415943591,21.14179986494667,135180000,AAPL
2014-08-13,21.405956268310547,21.405956268310547,21.141794578054594,21.166009595602947,127664000,AAPL
2014-08-14,21.463193893432617,21.478603298791523,21.309099839843558,21.425771291775163,112464000,AAPL
2014-08-15,21.568859100341797,21.615087315375543,21.322306940662635,21.551247871900603,195804000,AAPL
2014-08-18,21.828615188598633,21.87484339589612,21.568855490808772,21.681123274460283,190288000,AAPL
2014-08-19,22.130210876464844,22.16323152144445,21.863847251428933,21.883660310216605,277596000,AAPL
2014-08-20,22.139013290405273,22.25348293967192,22.002528761337764,22.110396297963494,210796000,AAPL
2014-08-21,22.14120864868164,22.22045749022407,22.037744790029073,22.139006825444618,133912000,AAPL
2014-08-22,22.304121017456055,22.337141666844953,22.055368593793002,22.077381800218937,176736000,AAPL
2014-08-25,22.352542877197266,22.491227538341366,22.29530721789203,22.407576712817853,161080000,AAPL
2014-08-26,22.209447860717773,22.343730513434284,22.202844071157763,22.326119288275002,132608000,AAPL
2014-08-27,22.4824161529541,22.579276216226845,22.167622626816634,22.238065851151646,209476000,AAPL
2014-08-28,22.508840560913086,22.625512032997896,22.35694662506708,22.363550417147426,273840000,AAPL
2014-08-29,22.563871383666992,22.651925851795795,22.49783011269557,22.643120237032985,178380000,AAPL
2014-09-02,22.73998260498047,22.836841018105734,22.612303697338696,22.687148911094557,214256000,AAPL
2014-09-03,21.780183792114258,22.71795881761248,21.70093496186106,22.69594562687521,501684000,AAPL
2014-09-04,21.599681854248047,22.03334709717585,21.527036783288253,21.760379724492992,342872000,AAPL
2014-09-05,21.78679656982422,21.879253016764185,21.641506427918998,21.749373962181778,233828000,AAPL
2014-09-08,21.652509689331055,21.86163756650681,21.584268279210388,21.8594374225991,185426800,AAPL
2014-09-09,21.57105827331543,22.69154785983792,21.163808291064278,21.81100663140338,759385200,AAPL
2014-09-10,22.233667373657227,22.2578823932756,21.520429405395724,21.575463235528538,403478400,AAPL
2014-09-11,22.328330993652344,22.330532817646482,21.929886505193423,22.10379365173893,249412400,AAPL
2014-09-12,22.37896156311035,22.49563303549985,22.251282650891856,22.279899643147925,250504400,AAPL
2014-09-15,22.372358322143555,22.68495184175926,22.330533741522192,22.63211814071172,245266000,AAPL
2014-09-16,22.202848434448242,22.2909028980502,21.769181586795455,21.96950553347738,267632400,AAPL
2014-09-17,22.361343383789062,22.409773416790806,22.143408235281207,22.293100301150695,243706000,AAPL
2014-09-18,22.407575607299805,22.530850855568108,22.35694374204715,22.43839441936688,149197600,AAPL
2014-09-19,22.224863052368164,22.530851031349467,22.12360100057213,22.517643448788903,283609600,AAPL
2014-09-22,22.246871948242188,22.48461846535852,22.141207949189806,22.409773272654665,211153600,AAPL
2014-09-23,22.594688415527344,22.660729681295887,22.132404593644992,22.145612174999037,253608800,AAPL
2014-09-24,22.39876937866211,22.640917900909958,22.27769427778856,22.489025668313165,240687200,AAPL
2014-09-25,21.544641494750977,22.16982491386962,21.511620865262547,22.125798527551034,400368000,AAPL
2014-09-26,22.178640365600586,22.178640365600586,21.661322539126722,21.689939534978564,249482000,AAPL
2014-09-29,22.037748336791992,22.110393399813915,21.711947304738683,21.716350951921452,199065200,AAPL
2014-09-30,22.178640365600586,22.352547523853453,22.13021031146691,22.191847951455323,221056400,AAPL
2014-10-01,21.83302879333496,22.16543371385195,21.72736306354486,22.14341883049999,205965200,AAPL
2014-10-02,21.99152374267578,22.0619669937157,21.58207182116263,21.852837385050613,191031200,AAPL
2014-10-03,21.92987823486328,22.059757250043297,21.80219936334806,21.890253815410247,173878400,AAPL
2014-10-06,21.92987823486328,22.156617315261602,21.885850169082698,22.00252160427803,148204800,AAPL
2014-10-07,21.738365173339844,22.039951198592288,21.733963205449022,21.888057274118513,168376800,AAPL
2014-10-08,22.189638137817383,22.2578795409974,21.64150005069731,21.74056193994143,229618800,AAPL
2014-10-09,22.238061904907227,22.537445975078697,22.14780732700921,22.352533173825016,309506000,AAPL
2014-10-10,22.17422866821289,22.460403539675646,22.079570425617757,22.16542305500648,265326400,AAPL
2014-10-13,21.971704483032227,22.405371307110563,21.971704483032227,22.306311090630352,214333600,AAPL
2014-10-14,21.738365173339844,22.128003992403777,21.69874074432492,22.09938700236498,254754400,AAPL
2014-10-15,21.472003936767578,21.82642201262556,20.952484335367043,21.566662211925294,403734400,AAPL
2014-10-16,21.190231323242188,21.511628763976848,21.003116593434285,21.03393541107325,288618000,AAPL
2014-10-17,21.500619888305664,21.793400315830535,21.311303347161722,21.463197280742197,272718800,AAPL
2014-10-20,21.96070671081543,22.004733116482573,21.62169801277932,21.64371121561289,310069200,AAPL
2014-10-21,22.55726432800293,22.67833773459652,22.293100961846005,22.67833773459652,378495600,AAPL
2014-10-22,22.671737670898438,22.918289850604097,22.58588502464811,22.638717034763854,273052400,AAPL
2014-10-23,23.076799392700195,23.125229459929397,22.812635847677335,22.911697806873473,284298800,AAPL
2014-10-24,23.16263771057129,23.222073505608964,23.0107438084207,23.153832096584384,188215600,AAPL
2014-10-27,23.138427734375,23.219878421879475,23.04817143096468,23.081192070736737,136750800,AAPL
2014-10-28,23.49724769592285,23.49724769592285,23.19125968196921,23.20226712169396,192243600,AAPL
2014-10-29,23.62932586669922,23.63593133747664,23.413594180617363,23.47743362880465,210751600,AAPL
2014-10-30,23.550081253051758,23.631530260338906,23.31233466418764,23.54567760538789,162619200,AAPL
2014-10-31,23.774616241455078,23.78342185641776,23.600709124815626,23.77681806507058,178557200,AAPL
2014-11-03,24.082809448242188,24.280931614133948,23.77682142294808,23.82304964840623,209130400,AAPL
2014-11-04,23.90669059753418,24.1026108584851,23.712972159599243,24.073993877272773,166297600,AAPL
2014-11-05,23.96392822265625,24.060788289389066,23.803228719167628,24.016760222920055,149743600,AAPL
2014-11-06,24.0324649810791,24.052363943845112,23.8334854741087,24.01035633439146,139874000,AAPL
2014-11-07,24.101009368896484,24.16954669499126,23.999308221962238,24.04352552522687,134766000,AAPL
2014-11-10,24.06121826171875,24.171763230279307,24.02584306212384,24.10322420275976,108782000,AAPL
2014-11-11,24.253557205200195,24.264612373021347,23.966141396449878,24.032467343031435,109769200,AAPL
2014-11-12,24.59625244140625,24.636048692602955,24.180604018626756,24.182813703239464,187769600,AAPL
2014-11-13,24.94336700439453,25.08265305958219,24.673637007265278,24.717856007407505,238091600,AAPL
2014-11-14,25.244043350219727,25.246254721387373,24.587406116332485,25.016321036629357,176254400,AAPL
2014-11-17,25.2020320892334,25.92941791431096,25.049481236355007,25.26393697872396,186986800,AAPL
2014-11-18,25.52924919128418,25.577889235679624,25.179926769518687,25.190981938438362,176896000,AAPL
2014-11-19,25.352375030517578,25.588941124342366,25.160027922835926,25.522615175300427,167476800,AAPL
2014-11-20,25.714967727661133,25.836567856824082,25.392176650989366,25.405443193032184,173582000,AAPL
2014-11-21,25.750335693359375,25.993534196612814,25.653055617345306,25.98026934507698,228717200,AAPL
2014-11-24,26.227893829345703,26.258846279930598,25.783504351613146,25.83435408323888,189803200,AAPL
2014-11-25,26.00016975402832,26.47551333710305,25.967005934412512,26.32517215005574,275361600,AAPL
2014-11-26,26.3096981048584,26.331806757506065,26.05102332663833,26.075343350585385,163073200,AAPL
2014-11-28,26.29422378540039,26.398136315837352,26.099665266502424,26.36939354720795,99257600,AAPL
2014-12-01,25.440814971923828,26.36497083034559,24.600672669074193,26.267690733633167,335256000,AAPL
2014-12-02,25.343534469604492,25.59115576328124,24.927886067472656,25.0937034914248,237395600,AAPL
2014-12-03,25.630956649780273,25.723814019165996,25.449662967596662,25.59116039336034,172253600,AAPL
2014-12-04,25.533672332763672,25.911735863111595,25.489455027036534,25.5955772354945,168178000,AAPL
2014-12-05,25.42533302307129,25.664110468463395,25.34574054127392,25.644211504623197,153275600,AAPL
2014-12-08,24.850505828857422,25.347958118500458,24.67805597166631,25.2263579952082,230659600,AAPL
2014-12-09,25.23077392578125,25.270570165679235,24.17617441187546,24.361890760326617,240832000,AAPL
2014-12-10,24.751018524169922,25.39217969829961,24.660372524373667,25.29490127007709,178261200,AAPL
2014-12-11,24.678050994873047,25.160026961332285,24.616144416638445,24.81954837156,165606800,AAPL
2014-12-12,24.260189056396484,24.733321182389112,24.227025242806384,24.421583696136466,224112400,AAPL
2014-12-15,23.928560256958008,24.67363212913872,23.512910171709514,24.47465088479445,268872400,AAPL
2014-12-16,23.601343154907227,24.35526040632581,23.493009593052463,23.517329613213178,243162800,AAPL
2014-12-17,24.18944549560547,24.284512528291458,23.616821807615015,23.68314944883713,213647200,AAPL
2014-12-18,24.90578269958496,24.90578269958496,24.46581418030983,24.7333328119687,236024800,AAPL
2014-12-19,24.71342658996582,25.03621761331136,24.6868968838274,24.819550474865277,353719200,AAPL
2014-12-22,24.969884872436523,25.091483261668923,24.755427476620138,24.79743508229429,180670000,AAPL
2014-12-23,24.881454467773438,25.056115669562008,24.86376687313569,25.034007019655757,104113600,AAPL
2014-12-24,24.7642765045166,24.919038736888528,24.7642765045166,24.89029766138569,57918400,AAPL
2014-12-26,25.2020320892334,25.31920944245221,24.764275121103438,24.784172398390375,134884000,AAPL
2014-12-29,25.184349060058594,25.374484805167228,25.137918700854364,25.15781766719645,110395600,AAPL
2014-12-30,24.87703514099121,25.18656134251796,24.78638915789659,25.12465643956903,119526000,AAPL
2014-12-31,24.403902053833008,25.011899266352984,24.366317176432187,24.943361938530074,165613600,AAPL
2015-01-02,24.171756744384766,24.638256521479203,23.733998044162465,24.627201352876586,212818400,AAPL
2015-01-05,23.490802764892578,24.02141888235011,23.30508805151262,23.94182638039237,257142000,AAPL
2015-01-06,23.49301528930664,23.75169008997391,23.13263764142683,23.554920196804904,263188400,AAPL
2015-01-07,23.822437286376953,23.921927069008603,23.590292211193614,23.70083716379861,160423600,AAPL
2015-01-08,24.737747192382812,24.79523103500176,24.032469916763375,24.149648973158683,237458000,AAPL
2015-01-09,24.7642765045166,25.038427467624796,24.366314068729043,24.91019493978416,214798000,AAPL
2015-01-12,24.154064178466797,24.9013472043899,24.054574428645687,24.89471477930603,198603200,AAPL
2015-01-13,24.368528366088867,24.93894069695725,24.078901144962483,24.636046935190233,268367600,AAPL
2015-01-14,24.27566909790039,24.428219965569937,23.988251583933135,24.10764031957575,195826400,AAPL
2015-01-15,23.616819381713867,24.333150074134675,23.581445880335732,24.3198852219656,240056000,AAPL
2015-01-16,23.433313369750977,23.784847117986633,23.258652181062807,23.66324702245002,314053200,AAPL
2015-01-20,24.036895751953125,24.09216823052668,23.5460758723348,23.842335547833613,199599600,AAPL
2015-01-21,24.220399856567383,24.554244399862444,23.937403360229293,24.08774456365367,194303600,AAPL
2015-01-22,24.850505828857422,24.865982054841698,24.257984811944656,24.377373563872837,215185600,AAPL
2015-01-23,24.978734970092773,25.14897343268383,24.658153637343272,24.828393786716223,185859200,AAPL
2015-01-26,25.005268096923828,25.283841851514538,24.938942137018884,25.146765502192924,222460000,AAPL
2015-01-27,24.129743576049805,24.868184475117868,24.10542356014513,24.85491793849072,382274800,AAPL
2015-01-28,25.493873596191406,26.115137307785997,25.493873596191406,26.006802051792118,585908400,AAPL
2015-01-29,26.28758430480957,26.351700565680584,25.549143306141485,25.717172069569596,337745600,AAPL
2015-01-30,25.902891159057617,26.530785608810817,25.83435214922315,26.177042138049725,334982000,AAPL
2015-02-02,26.227893829345703,26.347282575936884,25.66411560502197,26.09966297125774,250956400,AAPL
2015-02-03,26.232315063476562,26.329593465385972,26.00238138179459,26.19915124353342,207662800,AAPL
2015-02-04,26.43350601196289,26.643542413996485,26.15714365674654,26.199151274509653,280598800,AAPL
2015-02-05,26.622175216674805,26.68654452657153,26.46902059335366,26.639930924608485,168984800,AAPL
2015-02-06,26.397993087768555,26.690983441173188,26.29145037133095,26.63993133480039,174826400,AAPL
2015-02-09,26.57334327697754,26.599977685665074,26.287011529513478,26.31364763164002,155559200,AAPL
2015-02-10,27.083852767944336,27.112708965306044,26.67100423957558,26.673222644419702,248034000,AAPL
2015-02-11,27.718671798706055,27.727550500448018,27.190401745853304,27.250330865812547,294247200,AAPL
2015-02-12,28.069364547729492,28.295767141207474,27.87181814968934,27.980579250158495,297898000,AAPL
2015-02-13,28.20699119567871,28.25138301246299,27.88958479469726,28.25138301246299,217088800,AAPL
2015-02-17,28.373462677001953,28.606523945663774,28.17147601836981,28.297994557330423,252609600,AAPL
2015-02-18,28.57100486755371,28.584322071736178,28.289111627138954,28.329064933125338,179566800,AAPL
2015-02-19,28.511072158813477,28.639810768780958,28.484437752226324,28.517730760460264,149449600,AAPL
2015-02-20,28.7441349029541,28.7441349029541,28.422290054389272,28.548806879272085,195793600,AAPL
2015-02-23,29.5210018157959,29.5210018157959,28.779648146956642,28.859554753512104,283896400,AAPL
2015-02-24,29.33678436279297,29.65419251134986,29.114821854135798,29.50769644278514,276912400,AAPL
2015-02-25,28.586532592773438,29.210249707283715,28.444476809208847,29.201369315692595,298846800,AAPL
2015-02-26,28.948345184326172,29.048227619324624,28.1026687081255,28.58654527125863,365150000,AAPL
2015-02-27,28.5132999420166,28.981640881892154,28.46446792842742,28.85512065026242,248059200,AAPL
2015-03-02,28.65312957763672,28.917265414019177,28.477780746316142,28.688644379661472,192386800,AAPL
2015-03-03,28.713062286376953,28.748577090756346,28.431169030292523,28.624278662306626,151265200,AAPL
2015-03-04,28.531044006347656,28.757446591568463,28.48221539666991,28.6553457892278,126665200,AAPL
2015-03-05,28.058273315429688,28.577664620734428,27.913997388365356,28.539931411738248,226068400,AAPL
2015-03-06,28.100446701049805,28.71528196146638,28.02498027856481,28.49997810735225,291368400,AAPL
2015-03-09,28.220308303833008,28.75967886717688,27.75862595975019,28.402317461518063,354114000,AAPL
2015-03-10,27.63654136657715,28.23805932109031,27.478948251714044,28.058270302932478,275426400,AAPL
2015-03-11,27.132694244384766,27.694259071912256,27.10383973038575,27.689820567235255,275756000,AAPL
2015-03-12,27.62322425842285,27.723108369874826,26.997290261725283,27.148224784716703,193450800,AAPL
2015-03-13,27.432336807250977,27.83408997021748,27.208155964901504,27.612127532964454,207309200,AAPL
2015-03-16,27.73420524597168,27.73420524597168,27.272524673677072,27.496705511084336,143497200,AAPL
2015-03-17,28.198110580444336,28.260259797101323,27.889582902440626,27.945073516375672,204092400,AAPL
2015-03-18,28.515518188476562,28.66867283143645,28.049397350027288,28.189233093530305,261083600,AAPL
2015-03-19,28.30021095275879,28.688645220737833,28.278015047562075,28.57766400131525,183238000,AAPL
2015-03-20,27.9450740814209,28.49997853855227,27.780822335014985,28.466685524269383,274780400,AAPL
2015-03-23,28.235837936401367,28.3778937431427,28.082683331798854,28.2158621323778,150838800,AAPL
2015-03-24,28.120424270629883,28.4200715560006,28.09156806736608,28.240284200841668,131369200,AAPL
2015-03-25,27.385717391967773,28.149268508722407,27.385717391967773,28.087119314277455,206620800,AAPL
2015-03-26,27.57660675048828,27.71866254405196,27.212588567801525,27.248103362911767,190291600,AAPL
2015-03-27,27.356870651245117,27.67871551094298,27.2814042347131,27.649861003464096,158184800,AAPL
2015-03-30,28.049392700195312,28.05605130210032,27.52334113499331,27.534439933794285,188398800,AAPL
2015-03-31,27.618783950805664,28.076025993483867,27.603246649164333,27.987240686916746,168362400,AAPL
2015-04-01,27.578834533691406,27.77194247567807,27.323577376381895,27.70535306300981,162485600,AAPL
2015-04-02,27.81633186340332,27.86960237283021,27.565514925306033,27.751962555019634,128880400,AAPL
2015-04-06,28.266925811767578,28.302440626849226,27.596599764777537,27.627674381254185,148776000,AAPL
2015-04-07,27.96949005126953,28.43782928378001,27.962831448421586,28.331288251334495,140049200,AAPL
2015-04-08,27.878482818603516,28.056053452395012,27.738647087564086,27.933973429983475,149316800,AAPL
2015-04-09,28.09156608581543,28.096006282976266,27.669838801244122,27.933972955386533,129936000,AAPL
2015-04-10,28.21142578125,28.235841785121607,27.80301570455954,27.95616863659895,160752000,AAPL
2015-04-13,28.155935287475586,28.537712650185725,28.1026647758263,28.493317452506428,145460400,AAPL
2015-04-14,28.033863067626953,28.253605457805556,27.947297832300855,28.189236132714974,102098400,AAPL
2015-04-15,28.140392303466797,28.218078803405387,27.969482003601897,28.058267300719724,115881600,AAPL
2015-04-16,28.005002975463867,28.211428129554427,27.991685769857757,28.02941898136785,113476000,AAPL
2015-04-17,27.68980598449707,27.998333546965487,27.625436693224298,27.86737655996945,207828000,AAPL
2015-04-20,28.32240867614746,28.43782840664329,27.783039847390697,27.87182516731625,188217200,AAPL
2015-04-21,28.169246673583984,28.455576655742764,28.115974482701745,28.433382449699703,129740400,AAPL
2015-04-22,28.548810958862305,28.604301574712608,28.038298309103048,28.18701275315645,150618000,AAPL
2015-04-23,28.781877517700195,28.948349395876292,28.442275157171284,28.47778997069982,183083600,AAPL
2015-04-24,28.917264938354492,28.99495314314599,28.68420371085787,28.963878538604966,178103600,AAPL
2015-04-27,29.44331169128418,29.549856084318446,29.110368083526527,29.367845286376383,387816800,AAPL
2015-04-28,28.97941780090332,29.86282743012304,28.759677136402377,29.845073414042368,475696000,AAPL
2015-04-29,28.553245544433594,29.208034005395504,28.477779134560613,28.890629370817987,253544400,AAPL
2015-04-30,27.778593063354492,28.5532413195879,27.65207457054022,28.5532413195879,332781600,AAPL
2015-05-01,28.622053146362305,28.883970560985873,27.811891674772614,27.989460593249742,234050400,AAPL
2015-05-04,28.56656265258789,28.98163467926251,28.468898646311512,28.744133265192428,203953200,AAPL
2015-05-05,27.92287826538086,28.511077432157443,27.918438067835837,28.444488016495587,197085600,AAPL
2015-05-06,27.747526168823242,28.13374035515713,27.381287790009118,28.091566948029953,288564000,AAPL
2015-05-07,27.919153213500977,28.101922626916142,27.642768870863186,27.80993607949338,175763600,AAPL
2015-05-08,28.445165634155273,28.445165634155273,28.108601929809527,28.235648908196517,222201600,AAPL
2015-05-11,28.155410766601562,28.4317933607156,28.00161641721362,28.393902541464577,168143200,AAPL
2015-05-12,28.05511474609375,28.280232019184268,27.821079984371192,27.994933601416427,192640000,AAPL
2015-05-13,28.086320877075195,28.349330690934128,28.0551164669998,28.117525287150592,138776800,AAPL
2015-05-14,28.741605758666992,28.741605758666992,28.342634974965925,28.398357360461993,180814000,AAPL
2015-05-15,28.701499938964844,28.861980752092258,28.576682284538187,28.768367511272267,152832000,AAPL
2015-05-18,29.018001556396484,29.136132788550402,28.610113124213274,28.614571869113195,203531600,AAPL
2015-05-19,28.99124526977539,29.171785260294314,28.89540099517638,29.12943570182205,178532800,AAPL
2015-05-20,28.989011764526367,29.194069724264395,28.8285310306402,28.97563893687324,145819600,AAPL
2015-05-21,29.285463333129883,29.33895805953567,28.937756114055425,28.991250840461213,158921600,AAPL
2015-05-22,29.54178237915039,29.6376266636522,29.28768840308798,29.33226903831206,182384000,AAPL
2015-05-26,28.89094352722168,29.624252080346373,28.77949874780666,29.555156861273023,282790400,AAPL
2015-05-27,29.43033790588379,29.479373884331388,28.98678982950551,29.051426309627345,183332800,AAPL
2015-05-28,29.372392654418945,29.410283480151588,29.220829351488383,29.390224231415285,122933200,AAPL
2015-05-29,29.038055419921875,29.298835831261886,28.95335628766564,29.249799849537247,203538000,AAPL
2015-06-01,29.096012115478516,29.285469669930134,28.986798368511394,29.038062033435267,128451200,AAPL
2015-06-02,28.96673583984375,29.12275789002009,28.824086622393153,28.944445517950438,134670400,AAPL
2015-06-03,29.002391815185547,29.185162908028698,28.953355834228855,29.122754096088396,123934000,AAPL
2015-06-04,28.83299446105957,29.10492000429588,28.732694836330577,28.882030437775946,153800400,AAPL
2015-06-05,28.674741744995117,28.90654880176201,28.610105266315358,28.86419923940893,142507200,AAPL
2015-06-08,28.485288619995117,28.799563739802192,28.26908545822926,28.730465114073123,210699200,AAPL
2015-06-09,28.400588989257812,28.54769692371344,27.99938877808449,28.240108224583487,224301600,AAPL
2015-06-10,28.72601890563965,28.8285462390846,28.496441139903972,28.512043347234254,156349200,AAPL
2015-06-11,28.66136360168457,29.015757135112192,28.636845617552982,28.79286760701568,141563600,AAPL
2015-06-12,28.344865798950195,28.60341851265787,28.331492969107536,28.572214109350043,147544800,AAPL
2015-06-15,28.28915023803711,28.36047484860761,28.01945400117639,28.106380817168155,175955600,AAPL
2015-06-16,28.440717697143555,28.496440107091136,28.166564392488727,28.313670670483585,125976400,AAPL
2015-06-17,28.37384605407715,28.503120726470296,28.24902672483484,28.46745927562439,131672400,AAPL
2015-06-18,28.50311851501465,28.598961101213874,28.35601227835567,28.358241650270774,141628800,AAPL
2015-06-19,28.217824935913086,28.48975053845911,28.17324769309133,28.4652325447533,218867600,AAPL
2015-06-22,28.442947387695312,28.543247046517177,28.324816149367734,28.41620001843674,136157200,AAPL
2015-06-23,28.313669204711914,28.44294559722091,28.280235420371596,28.413970557732856,121075600,AAPL
2015-06-24,28.554386138916016,28.93107009846418,28.333725916106733,28.353785163401824,221123600,AAPL
2015-06-25,28.418426513671875,28.797338186982362,28.418426513671875,28.721556532525405,127752400,AAPL
2015-06-26,28.251251220703125,28.527633793977195,28.197758203410935,28.45630920408349,176267200,AAPL
2015-06-29,27.75644302368164,28.188849413776683,27.74529956342408,27.963730430215445,196645600,AAPL
2015-06-30,27.95704460144043,28.110838980636498,27.829997588347577,27.988249011637773,177482800,AAPL
2015-07-01,28.217824935913086,28.293608289325444,28.081862134640076,28.284692500658533,120955200,AAPL
2015-07-02,28.182161331176758,28.237883730708184,28.032824008042905,28.179931959051952,108844000,AAPL
2015-07-06,28.084089279174805,28.13535463481475,27.827765902000436,27.847826850037865,112241600,AAPL
2015-07-07,28.014991760253906,28.117520762647978,27.587042475701974,28.05956899589914,187787200,AAPL
2015-07-08,27.3195743560791,27.780955695074073,27.3128879411029,27.74529424836351,243046400,AAPL
2015-07-09,26.76235008239746,27.65167897329127,26.572894291677464,27.604872368561328,314380000,AAPL
2015-07-10,27.477828979492188,27.604875980529087,27.016447586198947,27.17915773865593,245418000,AAPL
2015-07-13,28.008310317993164,28.030598939773252,27.70963734449888,27.867888769804207,165762000,AAPL
2015-07-14,27.99715805053711,28.166554593992238,27.87011106807386,28.093000630326042,127072400,AAPL
2015-07-15,28.266860961914062,28.340414943131908,27.990478314913677,28.02168272503407,134596800,AAPL
2015-07-16,28.643543243408203,28.656919477190332,28.384992173876547,28.471918987819443,144889600,AAPL
2015-07-17,28.89094352722168,28.89094352722168,28.598958749318292,28.770584661904355,184658800,AAPL
2015-07-20,29.437030792236328,29.6376300696983,29.131669730778206,29.19185087442694,235600800,AAPL
2015-07-21,29.142810821533203,29.626480772742738,29.04696994042469,29.610880271619788,307025600,AAPL
2015-07-22,27.910234451293945,27.972643263784516,27.190300334606057,27.190300334606057,461802400,AAPL
2015-07-23,27.8968563079834,28.32703149795129,27.874565993041987,28.128659938661126,203998000,AAPL
2015-07-24,27.749746322631836,28.02612886207127,27.61601294551676,27.932515668141935,168649200,AAPL
2015-07-27,27.364151000976562,27.55137911884512,27.219274144908685,27.435475593375916,177822000,AAPL
2015-07-28,27.500110626220703,27.618243509962646,27.31511360180114,27.500110626220703,134472400,AAPL
2015-07-29,27.413188934326172,27.526863096129816,27.25270816484163,27.448852083328312,148046800,AAPL
2015-07-30,27.274995803833008,27.319573035194047,27.127887879419315,27.263850645736564,134513200,AAPL
2015-07-31,27.036508560180664,27.335179801306126,26.94958175415086,27.326264013442472,171540000,AAPL
2015-08-03,26.399036407470703,27.319569551749154,26.193976748024372,27.08107782330106,279904000,AAPL
2015-08-04,25.552061080932617,26.23410264531658,25.242244703613594,26.171693835570665,496554400,AAPL
2015-08-05,25.721458435058594,26.17615339227184,24.985922124755167,25.175377931799204,397250400,AAPL
2015-08-06,25.77743148803711,26.084173021789667,25.55129525226573,25.965507100240163,211612000,AAPL
2015-08-07,25.8647518157959,26.028198458805463,25.63637611641484,25.65428840489449,154681600,AAPL
2015-08-10,26.805124282836914,26.86557611627786,26.09088763872919,26.09088763872919,219806400,AAPL
2015-08-11,25.410242080688477,26.460326666452644,25.37441920642854,26.377483600648247,388331200,AAPL
2015-08-12,25.802053451538086,25.842355235480575,24.545983178241418,25.195288938110703,404870000,AAPL
2015-08-13,25.78190803527832,26.06178111054576,25.645329837891037,25.981177528211962,194143200,AAPL
2015-08-14,25.96326446533203,26.04162858242252,25.526663164249566,25.59607113821405,171718000,AAPL
2015-08-17,26.231943130493164,26.341652892312013,25.860270884848244,25.981176252411906,163538800,AAPL
2015-08-18,26.08417510986328,26.29464024535976,25.97446532375149,26.068502283275883,138242800,AAPL
2015-08-19,25.75057029724121,26.088655846102164,25.676683372704627,25.994618873897537,193146000,AAPL
2015-08-20,25.222164154052734,25.602790887378635,24.99378674748932,25.54233904929411,274006400,AAPL
2015-08-21,23.67950439453125,25.054240964055126,23.654875424376108,24.72510991580904,513102000,AAPL
2015-08-24,23.08841323852539,24.360156748493395,20.598661378669732,21.241250669242508,648825200,AAPL
2015-08-25,23.22722625732422,24.87735855766184,23.173491104077257,24.87735855766184,414406400,AAPL
2015-08-26,24.559423446655273,24.60420245687129,23.520534694114033,23.977286064588586,387098400,AAPL
2015-08-27,25.282617568969727,25.354265018824652,24.633311593791372,25.1281287694697,338464400,AAPL
2015-08-28,25.365459442138672,25.369936660203646,24.97363709537357,25.114692525253453,212657600,AAPL
2015-08-31,25.246795654296875,25.64309525264471,25.076632313868252,25.08334899563872,224917200,AAPL
2015-09-01,24.11834716796875,25.049764058030075,24.037743569725652,24.66242060200465,307383600,AAPL
2015-09-02,25.15275764465332,25.15275764465332,24.434043636790502,24.680333362901482,247555200,AAPL
2015-09-03,24.71168327331543,25.251277883883112,24.637796342757298,25.186347100199633,212935600,AAPL
2015-09-04,24.46538734436035,24.729587631900316,24.29522572121998,24.398218822029126,199985200,AAPL
2015-09-08,25.146038055419922,25.202012676117203,24.700480552968315,25.020655451685165,219374400,AAPL
2015-09-09,24.66242027282715,25.528906380060143,24.577337749033934,25.47069399960268,340043200,AAPL
2015-09-10,25.204248428344727,25.36321612273452,24.606439977285298,24.689281310465983,251571200,AAPL
2015-09-11,25.571449279785156,25.571449279785156,25.022898599461048,25.02961528162018,199662000,AAPL
2015-09-14,25.81773567199707,26.171495714483527,25.716982029564473,26.10208772561707,233453600,AAPL
2015-09-15,26.0349178314209,26.090892457549067,25.61846647637051,25.956553696483464,173364800,AAPL
2015-09-16,26.06402587890625,26.093132069703284,25.846844054976746,26.0282012980391,148694000,AAPL
2015-09-17,25.506515502929688,26.08193455236949,25.461736488332857,25.89610010440373,256450400,AAPL
2015-09-18,25.401277542114258,25.591592584235784,25.047519302265115,25.123643952546086,297141200,AAPL
2015-09-21,25.79534339904785,25.8311679754042,25.448301783697282,25.45053953856219,200888000,AAPL
2015-09-22,25.390092849731445,25.56473342435706,25.193061056237795,25.38561392267377,201384800,AAPL
2015-09-23,25.59607696533203,25.68563670877131,25.3677012423614,25.44158645060453,143026800,AAPL
2015-09-24,25.748323440551758,25.860272672901985,25.159471093345076,25.35650112732597,200878000,AAPL
2015-09-25,25.68339729309082,26.126717084422445,25.528906778076614,26.070742458195273,224607600,AAPL
2015-09-28,25.17514419555664,25.652047315679575,25.17514419555664,25.49084014600147,208436000,AAPL
2015-09-29,24.418365478515625,25.414714649525106,24.1496880100466,25.262463628536743,293461600,AAPL
2015-09-30,24.696001052856445,24.973634667561083,24.34448053568865,24.666893159529305,265892000,AAPL
2015-10-01,24.53479766845703,24.543753813306612,24.02654712455552,24.420608956887314,255716400,AAPL
2015-10-02,24.713912963867188,24.854970095848202,24.080281580207117,24.183274673339884,232079200,AAPL
2015-10-05,24.803476333618164,24.935577341025226,24.42061009161065,24.6019673356642,208258800,AAPL
2015-10-06,24.922143936157227,25.018420368941634,24.577340007306336,24.769892872875147,192787200,AAPL
2015-10-07,24.803476333618164,25.025135377262504,24.49673647226439,25.018418695365714,187062400,AAPL
2015-10-08,24.516881942749023,24.671372430385237,24.2280527176164,24.671372430385237,247918400,AAPL
2015-10-09,25.103500366210938,25.139323237843644,24.51464621956909,24.628834932555186,211064400,AAPL
2015-10-12,24.987079620361328,25.244563312866365,24.95125673807594,25.240086093159626,121868800,AAPL
2015-10-13,25.02960777282715,25.177379860627354,24.78108035823582,24.81242600438161,132197200,AAPL
2015-10-14,24.67584991455078,24.969156360543135,24.53031556893734,24.917660669581448,177849600,AAPL
2015-10-15,25.045286178588867,25.099021339929475,24.738544620691677,24.837060506657778,150694000,AAPL
2015-10-16,24.861692428588867,25.076634807669382,24.747503702505092,25.02737685884069,156930400,AAPL
2015-10-19,25.01618003845215,25.020657256818605,24.65346385520979,24.80795436610727,119036800,AAPL
2015-10-20,25.472929000854492,25.562488733381457,24.812429176361526,24.928855632899708,195871200,AAPL
2015-10-21,25.47068977355957,25.878184910201075,25.45725470412081,25.52442492668545,167180800,AAPL
2015-10-22,25.860279083251953,25.860279083251953,25.546820813328083,25.59831822458685,166616400,AAPL
2015-10-23,26.66183090209961,26.69541601510384,26.04611009379128,26.128951436563945,237467600,AAPL
2015-10-26,25.811016082763672,26.44912639877976,25.730412494613237,26.437932499887086,265335200,AAPL
2015-10-27,25.647571563720703,26.093129060560045,25.522187253355433,25.837884930052294,279537600,AAPL
2015-10-28,26.704370498657227,26.71108888783793,25.9856565952047,26.1804488844097,342205600,AAPL
2015-10-29,26.986482620239258,27.022307195784105,26.480471594031872,26.57674800554642,204909200,AAPL
2015-10-30,26.75587272644043,27.14097844820156,26.74467711732942,27.08948103778508,197461200,AAPL
2015-11-02,27.13201904296875,27.172320839432444,26.7804984825615,27.046938231860914,128813200,AAPL
2015-11-03,27.443241119384766,27.64922734474677,27.02455027826429,27.044702033033463,182076000,AAPL
2015-11-04,27.315614700317383,27.72310986768225,27.230533892435876,27.5686193690615,179544400,AAPL
2015-11-05,27.189695358276367,27.58769302350806,27.023301736159723,27.39881233945184,158210800,AAPL
2015-11-06,27.221174240112305,27.389816905665,27.12223837620962,27.232417770691246,132169200,AAPL
2015-11-09,27.11099624633789,27.38981832077774,26.994071413676664,27.19869029971431,135485600,AAPL
2015-11-10,26.25653839111328,26.548853035442512,26.09689020446397,26.285770884859364,236511600,AAPL
2015-11-11,26.10813331604004,26.402695289372794,25.9057617744091,26.166596587071624,180872000,AAPL
2015-11-12,26.02044105529785,26.26778330516697,26.00470114072951,26.141863988620223,130102400,AAPL
2015-11-13,25.260419845581055,25.986708287440823,25.244679933368456,25.903510628304637,183249600,AAPL
2015-11-16,25.674156188964844,25.68764705151674,24.959111309845696,25.044556298543846,152426800,AAPL
2015-11-17,25.56397819519043,25.869783676779644,25.48078053539041,25.84055118563602,110467600,AAPL
2015-11-18,26.373464584350586,26.418435275716188,25.970970549197364,26.029433820390178,186698800,AAPL
2015-11-19,26.708505630493164,26.926617125113335,26.25429539081163,26.45216886984242,173183200,AAPL
2015-11-20,26.825428009033203,26.9648381846964,26.724241377915583,26.802940947325766,137148400,AAPL
2015-11-23,26.476896286010742,26.922113640808906,26.384704146405184,26.818677971561094,129930000,AAPL
2015-11-24,26.730985641479492,26.83666865100473,26.3352387624564,26.382458502037952,171212800,AAPL
2015-11-25,26.53985595703125,26.80968522897599,26.515121564214937,26.80518713090661,85553200,AAPL
2015-11-27,26.490388870239258,26.625304372624704,26.443169130613104,26.59832092904324,52185600,AAPL
2015-11-30,26.600568771362305,26.850160037720876,26.476896804960564,26.530861974153236,156721200,AAPL
2015-12-01,26.38471221923828,26.715252191802236,26.27678184994533,26.70176132452119,139409600,AAPL
2015-12-02,26.146364212036133,26.557852816144788,26.101393511099324,26.384712014941304,133546400,AAPL
2015-12-03,25.90351676940918,26.261040168029606,25.683157946190956,26.207074987009943,166278000,AAPL
2015-12-04,26.764713287353516,26.814182073839056,25.88327475795129,25.92374906366475,231108000,AAPL
2015-12-07,26.59607696533203,26.951351320571973,26.490393935499192,26.753477843037903,128336800,AAPL
2015-12-08,26.58483123779297,26.66802719034269,26.27677667652191,26.425181333962087,137238000,AAPL
2015-12-09,25.997955322265625,26.46340903533202,25.876532390745435,26.45216550415493,185445600,AAPL
2015-12-10,26.121620178222656,26.294760915571914,25.973215547444934,26.092389404946253,116850800,AAPL
2015-12-11,25.449304580688477,25.94623813495721,25.375101390301033,25.901267440158662,187544800,AAPL
2015-12-14,25.291908264160156,25.336878963992035,24.68704257294465,25.224450498890103,257274800,AAPL
2015-12-15,24.844440460205078,25.363861108818906,24.812960628837228,25.170484021546596,213292400,AAPL
2015-12-16,25.035568237304688,25.181725576003608,24.46443317956414,24.974857624733634,224954000,AAPL
2015-12-17,24.504905700683594,25.24018700836944,24.504905700683594,25.188469166573835,179091200,AAPL
2015-12-18,23.84157943725586,24.626329623645198,23.792110639367774,24.489168477940314,385813200,AAPL
2015-12-21,24.133888244628906,24.1428827252825,23.738139673479584,24.122644714931468,190362400,AAPL
2015-12-22,24.111404418945312,24.221583811726266,23.936014608439336,24.149629677488637,131157600,AAPL
2015-12-23,24.42170524597168,24.4756704154377,24.104656229874962,24.120396142449295,130629600,AAPL
2015-12-24,24.29128646850586,24.50939789860073,24.273297507864243,24.50939789860073,54281600,AAPL
2015-12-28,24.01920509338379,24.21483114151767,23.875296867924853,24.1923440874286,106816800,AAPL
2015-12-29,24.450939178466797,24.606090990672588,24.02820881795496,24.05069416517501,123724800,AAPL
2015-12-30,24.131643295288086,24.441945210706056,24.10016346541331,24.41496347968314,100855200,AAPL
2015-12-31,23.668437957763672,24.066433919018245,23.569500372029918,24.06193753581308,163649200,AAPL
2016-01-04,23.68867301940918,23.69317111790165,22.935402780981335,23.072565621128955,270597600,AAPL
2016-01-05,23.095048904418945,23.80109933875041,23.027592872753676,23.77861399486199,223164000,AAPL
2016-01-06,22.643089294433594,23.018601623728564,22.456459369988686,22.61160946546592,273829600,AAPL
2016-01-07,21.687448501586914,22.514922007336757,21.68295211817137,22.188880170763806,324377600,AAPL
2016-01-08,21.802125930786133,22.28556863356253,21.7571552346999,22.159649312103408,283192000,AAPL
2016-01-11,22.1551513671875,22.2743252566143,21.88757109170476,22.254088957891458,198957600,AAPL
2016-01-12,22.476694107055664,22.64084038858028,22.22485377727822,22.609360561798336,196616800,AAPL
2016-01-13,21.8988094329834,22.753266186209792,21.878573139057075,22.557640100646875,249758400,AAPL
2016-01-14,22.377758026123047,22.593622160679065,21.52779921507601,22.026981809633032,252680400,AAPL
2016-01-15,21.840343475341797,21.97076084963155,21.442347637517226,21.63122655295357,319335600,AAPL
2016-01-19,21.73466682434082,22.18213153478481,21.473832020329265,22.128166363980363,212350800,AAPL
2016-01-20,21.76390266418457,22.078702712234268,21.006134185406925,21.383893899962114,289337600,AAPL
2016-01-21,21.65372085571289,22.00899346539293,21.347915324592353,21.824610870057498,208646000,AAPL
2016-01-22,22.804983139038086,22.813977619619987,22.119170721005172,22.1776322715049,263202000,AAPL
2016-01-25,22.359769821166992,22.829719900561372,22.308051981335268,22.8274708513021,207178000,AAPL
2016-01-26,22.48344612121582,22.683568670996635,22.051721185656476,22.469955253080343,300308000,AAPL
2016-01-27,21.006135940551758,21.727926547050554,20.98814697275507,21.59526176947536,533478800,AAPL
2016-01-28,21.156784057617188,21.253472589399497,20.774528029001694,21.08932801960842,222715200,AAPL
2016-01-29,21.8875732421875,21.8875732421875,21.215251486492456,21.314189086917164,257666000,AAPL
2016-02-01,21.68294906616211,21.745908718250337,21.451346753613898,21.691943547249263,163774000,AAPL
2016-02-02,21.24448013305664,21.595256339276258,21.19950772487338,21.455844447191097,149428800,AAPL
2016-02-03,21.664966583251953,21.77514600735732,21.154542066438523,21.36141004674479,183857200,AAPL
2016-02-04,21.83903694152832,22.004073903550463,21.520269281773988,21.671740451478744,185886800,AAPL
2016-02-05,21.255760192871094,21.911383881383404,21.181156088787205,21.820952730410887,185672400,AAPL
2016-02-08,21.479570388793945,21.635562303321613,21.03419854441245,21.054544640939042,216085600,AAPL
2016-02-09,21.475059509277344,21.689833751804365,21.23541837692217,21.316806256746773,177324800,AAPL
2016-02-10,21.312274932861328,21.782515438460763,21.273842262407722,21.685302273599635,169374400,AAPL
2016-02-11,21.183412551879883,21.414012039734246,20.932466963536864,21.20376037719903,200298800,AAPL
2016-02-12,21.24897575378418,21.36427550134718,21.027421270045686,21.294192186568957,161405600,AAPL
2016-02-16,21.848087310791016,21.895563287216117,21.38915114718392,21.481841846443086,196231600,AAPL
2016-02-17,22.18268585205078,22.203031963295995,21.737313685481652,21.85487301950506,179452800,AAPL
2016-02-18,21.762176513671875,22.35675851231295,21.723742105717225,22.345453970297296,156084000,AAPL
2016-02-19,21.712430953979492,21.87520663746837,21.65817296775996,21.703387668804524,141496800,AAPL
2016-02-22,21.902341842651367,21.90686434911477,21.685308102840743,21.773478005737843,137123200,AAPL
2016-02-23,21.407236099243164,21.816435001733918,21.37558545069863,21.793827642035104,127770400,AAPL
2016-02-24,21.725996017456055,21.78929729175872,21.09750232997903,21.246713954975633,145022800,AAPL
2016-02-25,21.87521743774414,21.87521743774414,21.533840584372502,21.714702927507034,110330800,AAPL
2016-02-26,21.909128189086914,22.160072132847002,21.834522347109864,21.97468901706924,115964400,AAPL
2016-02-29,21.85938835144043,22.207547180937677,21.850345063356375,21.897821032174523,140865200,AAPL
2016-03-01,22.727519989013672,22.781777984759973,22.024420397887784,22.076418865566318,201628400,AAPL
2016-03-02,22.77726173400879,22.808912381558407,22.526316082129018,22.723003727471006,132678400,AAPL
2016-03-03,22.946815490722656,22.994291453723786,22.70943395088638,22.738825064766097,147822800,AAPL
2016-03-04,23.288192749023438,23.45548924963451,22.917426599112055,23.143503603927808,184220400,AAPL
2016-03-07,23.030458450317383,23.24749210528145,22.824727607431452,23.14801769994494,143315600,AAPL
2016-03-08,22.840557098388672,23.005594053327982,22.698129221397846,22.784037853178436,126247600,AAPL
2016-03-09,22.860912322998047,22.964907560865505,22.668745447219944,22.903865790375907,108806800,AAPL
2016-03-10,22.87221336364746,23.114115723655306,22.64161554539446,22.926473094273618,134054400,AAPL
2016-03-11,23.118637084960938,23.123157866540367,22.946818062818732,23.11411457855069,109632800,AAPL
2016-03-14,23.177410125732422,23.265581730573032,23.01011365146052,23.039504761350855,100304400,AAPL
2016-03-15,23.643136978149414,23.778782855582488,23.478099981971386,23.50296859406439,160270800,AAPL
2016-03-16,23.95738410949707,24.03424947487254,23.645396691646013,23.64991919833335,153214000,AAPL
2016-03-17,23.918954849243164,24.070426073154554,23.729049212313743,23.855651820379244,137682800,AAPL
2016-03-18,23.946077346801758,24.077202431278902,23.78104208946911,24.041029280458684,176820800,AAPL
2016-03-21,23.943817138671875,24.33719065610366,23.769736873745998,23.948337919980663,142010800,AAPL
2016-03-22,24.126937866210938,24.255801688020146,23.785561111132616,23.7946043981686,129777600,AAPL
2016-03-23,23.993553161621094,24.20606610926661,23.941556413684907,24.072681497331324,102814000,AAPL
2016-03-24,23.88956069946289,24.020685798250415,23.713220882046333,23.844345980833857,104532000,AAPL
2016-03-28,23.781042098999023,24.007119117223695,23.751650982738123,23.96416393181516,77645600,AAPL
2016-03-29,24.343975067138672,24.36884367884167,23.710958682603724,23.713219935894237,124760400,AAPL
2016-03-30,24.769001007080078,24.96342740776063,24.5519672464013,24.563271788815918,182404400,AAPL
2016-03-31,24.6401309967041,24.84586188835787,24.615262389474953,24.80516796060386,103553600,AAPL
2016-04-01,24.8662109375,24.86847219065177,24.461532864872428,24.592657950382524,103496000,AAPL
2016-04-04,25.121673583984375,25.36357587343661,24.92950677918675,24.963418669729293,149424800,AAPL
2016-04-05,24.825517654418945,25.03350982905374,24.737347752331807,24.757695581568516,106314800,AAPL
2016-04-06,25.085508346557617,25.09003085329812,24.68761227010977,24.92047307197915,105616400,AAPL
2016-04-07,24.53839683532715,24.96342095790476,24.443444912968943,24.857164496052718,127207600,AAPL
2016-04-08,24.565536499023438,24.816480472595824,24.454757487231067,24.622055769387657,94326800,AAPL
2016-04-11,24.64691734313965,25.006380722002575,24.60396387981668,24.6356145264045,117630000,AAPL
2016-04-12,24.967952728271484,24.98151680083274,24.565535810529706,24.7192665657738,108929200,AAPL
2016-04-13,25.329668045043945,25.397490112175344,25.04933303960668,25.04933303960668,133029200,AAPL
2016-04-14,25.343236923217773,25.40879947460225,25.1691583538963,25.234720905280778,101895600,AAPL
2016-04-15,24.834562301635742,25.388452080131696,24.807434160943167,25.34549689092723,187756000,AAPL
2016-04-18,24.29875946044922,24.63109123908705,24.176677659695585,24.617527169502473,243286000,AAPL
2016-04-19,24.16990089416504,24.416324077771723,24.016168414311746,24.38919420785719,129539600,AAPL
2016-04-20,24.219636917114258,24.43667070655504,23.97773451093046,24.108859631060692,122444000,AAPL
2016-04-21,23.95738410949707,24.174417860054238,23.855648407003102,24.174417860054238,126210000,AAPL
2016-04-22,23.891817092895508,24.072679380283482,23.652176028212455,23.740345918985675,134732400,AAPL
2016-04-25,23.756179809570312,23.88504367525063,23.627315943889997,23.738093229340844,112126400,AAPL
2016-04-26,23.591135025024414,23.805909213746393,23.49166231613834,23.49166231613834,224064800,AAPL
2016-04-27,22.114849090576172,22.31605745547276,21.631044513765236,21.703389075022095,458408400,AAPL
2016-04-28,21.438888549804688,22.128422565146735,21.307763437766653,22.067382516346203,328970800,AAPL
2016-04-29,21.192455291748047,21.414011487618254,20.91438157658971,21.248974535866623,274126000,AAPL
2016-05-02,21.16984748840332,21.269321907880144,20.889512526495484,21.24445330301094,192640400,AAPL
2016-05-03,21.518009185791016,21.644611755356102,21.178893681743983,21.29645296422147,227325200,AAPL
2016-05-04,21.2941951751709,21.680786674377792,21.210546056401967,21.522531724666095,164102000,AAPL
2016-05-05,21.207761764526367,21.39654856740518,21.080388372382743,21.380626893387227,143562000,AAPL
2016-05-06,21.089487075805664,21.25552714546316,20.89160192224227,21.237332185801375,174799600,AAPL
2016-05-09,21.105411529541016,21.32831499891088,21.059919786064714,21.1531765586917,131745600,AAPL
2016-05-10,21.248701095581055,21.28281946048958,20.95073762839965,21.228231117835215,134747200,AAPL
2016-05-11,21.041717529296875,21.282817612473057,21.030344163537556,21.262347636504654,114876400,AAPL
2016-05-12,20.548141479492188,21.103128389042162,20.350258111337364,21.08948173891615,305258800,AAPL
2016-05-13,20.58908462524414,20.850656428310423,20.47080959999029,20.47080959999029,177571200,AAPL
2016-05-16,21.353336334228516,21.469338118045226,20.846115944505925,21.014431067364605,245039200,AAPL
2016-05-17,21.264623641967773,21.539842122301142,21.155446952171033,21.505725491322284,187667600,AAPL
2016-05-18,21.50800323486328,21.65584836263633,21.355609800460968,21.417023219617608,168249600,AAPL
2016-05-19,21.426116943359375,21.526197029031923,21.282821876872852,21.526197029031923,121768400,AAPL
2016-05-20,21.658123016357422,21.70588804415121,21.498904521712273,21.526199567022662,128104000,AAPL
2016-05-23,21.933334350585938,22.106199443485952,21.760469257685926,21.805960984939592,152074400,AAPL
2016-05-24,22.2676944732666,22.31090945140186,22.026592621394197,22.113026048329143,140560800,AAPL
2016-05-25,22.658918380737305,22.686211690228124,22.315463108540385,22.442836513717523,152675200,AAPL
2016-05-26,22.838605880737305,22.91139092849649,22.43601222959086,22.672564068641318,225324800,AAPL
2016-05-27,22.824954986572266,22.85225002723643,22.574756520813573,22.617973234698777,145364800,AAPL
2016-05-31,22.713502883911133,22.83632796179195,22.47695107488128,22.65436449782062,169228800,AAPL
2016-06-01,22.395069122314453,22.640719293791147,22.36550079504371,22.52244251404356,116693200,AAPL
2016-06-02,22.22675895690918,22.254052269561818,21.97883370987399,22.199463908923846,160766400,AAPL
2016-06-03,22.272241592407227,22.351849953501652,22.16533819236666,22.24267326838133,114019600,AAPL
2016-06-06,22.43373680114746,23.175235654761575,22.188088354006602,22.288166708274215,93170000,AAPL
2016-06-07,22.524721145629883,22.715782999184874,22.50879946911135,22.57476119621173,89638000,AAPL
2016-06-08,22.50424575805664,22.645265791831612,22.445107372904335,22.522440715899357,83392400,AAPL
2016-06-09,22.665740966796875,22.74307432160156,22.39507075431559,22.404169102292457,106405600,AAPL
2016-06-10,22.479230880737305,22.597505942764318,22.399622499052526,22.410994133388883,126851600,AAPL
2016-06-13,22.140321731567383,22.545190398665728,22.085733380235403,22.447385329224215,152082000,AAPL
2016-06-14,22.167612075805664,22.39961555661814,22.00612034148782,22.135768733001132,127727600,AAPL
2016-06-15,22.094833374023438,22.38370029764535,22.069813349604768,22.249501827096797,117780800,AAPL
2016-06-16,22.18808364868164,22.23357364230803,21.851451795717487,21.937883477740435,125307200,AAPL
2016-06-17,21.68314552307129,21.9833841145276,21.67632219479567,21.97656078625198,244032800,AAPL
2016-06-20,21.630823135375977,21.965179990517978,21.614901463004077,21.835531591109053,137647600,AAPL
2016-06-21,21.815065383911133,21.915143740976294,21.53529682349623,21.594435217670487,142185600,AAPL
2016-06-22,21.733179092407227,22.037965899988716,21.68768735858985,21.892395822437525,116876400,AAPL
2016-06-23,21.8582763671875,21.901493078328414,21.664941280256883,21.821884717278408,128960800,AAPL
2016-06-24,21.244163513183594,21.530755493609032,21.073573337866808,21.1327117512032,301245600,AAPL
2016-06-27,20.934816360473633,21.164544837606925,20.811991285630054,21.153171470640384,181958400,AAPL
2016-06-28,21.287370681762695,21.303294091522243,20.957563824914264,21.130428958218253,161779600,AAPL
2016-06-29,21.47160530090332,21.50572366431587,21.296465178540526,21.373800251297773,146124000,AAPL
2016-06-30,21.744544982910156,21.783211644946185,21.44885660016601,21.480699937764122,143345600,AAPL
2016-07-01,21.810514450073242,21.942437887322246,21.683141054292065,21.719532709372814,104106000,AAPL
2016-07-05,21.60580825805664,21.699065029378403,21.485258176363672,21.696790008403283,110820800,AAPL
2016-07-06,21.728628158569336,21.7581982181687,21.4647830545983,21.517096377173566,123796400,AAPL
2016-07-07,21.82188606262207,21.949259448154788,21.749101022984483,21.767295981394707,100558400,AAPL
2016-07-08,21.99020004272461,22.037965059912924,21.846904991159676,21.946983331078552,115648400,AAPL
2016-07-11,22.058443069458008,22.210836510938176,22.001579689622186,22.00612799646269,95179600,AAPL
2016-07-12,22.15851593017578,22.222202622108583,22.090280932533013,22.101652564474037,96670000,AAPL
2016-07-13,22.033416748046875,22.21537847033125,22.02659168673724,22.1562418216382,103568800,AAPL
2016-07-14,22.470125198364258,22.515615191527992,22.13576836908159,22.151690040222096,155676000,AAPL
2016-07-15,22.467851638793945,22.586128405240313,22.404164950091495,22.499694983145172,120548000,AAPL
2016-07-18,22.706680297851562,22.774915297565876,22.42691176655933,22.4496567664641,145975600,AAPL
2016-07-19,22.715784072875977,22.745352406284383,22.595232247443224,22.64527230039028,95119600,AAPL
2016-07-20,22.736249923706055,22.84997666506233,22.68620987985612,22.74534827125444,105104000,AAPL
2016-07-21,22.61570167541504,22.972803602596557,22.5474649309773,22.706683422887863,130808000,AAPL
2016-07-22,22.4405574798584,22.586127544295724,22.360947386682817,22.577029198351884,113254800,AAPL
2016-07-25,22.140321731567383,22.481501964223952,22.04479168290332,22.347305239005255,161531600,AAPL
2016-07-26,21.98792266845703,22.283612821681754,21.93105931093935,22.022041030034032,224959200,AAPL
2016-07-27,23.416332244873047,23.734767425495647,23.370842248497873,23.716570732812727,369379200,AAPL
2016-07-28,23.73249626159668,23.757516284268405,23.3867677211011,23.389042741889188,159479200,AAPL
2016-07-29,23.70292854309082,23.780263633885653,23.5823784682039,23.698380236729925,110934800,AAPL
2016-08-01,24.121440887451172,24.144185887101667,23.748417340119882,23.748417340119882,152671600,AAPL
2016-08-02,23.764341354370117,24.125991569835236,23.655162915827727,24.12144326358999,135266400,AAPL
2016-08-03,24.062301635742188,24.073673267492833,23.83029813577721,23.83939648237703,120810400,AAPL
2016-08-04,24.210948944091797,24.240677448708052,24.076023511408614,24.14462990019436,109634800,AAPL
2016-08-05,24.579132080078125,24.618008218125887,24.28184006560408,24.30242093466482,162213600,AAPL
2016-08-08,24.782663345336914,24.782663345336914,24.505953931304926,24.588279156253062,112148800,AAPL
2016-08-09,24.883281707763672,24.91301195493757,24.700334258942462,24.750645374406457,105260800,AAPL
2016-08-10,24.698049545288086,24.903866973778754,24.64316547926824,24.860416143116,96034000,AAPL
2016-08-11,24.68204116821289,24.9107268079648,24.663745898296824,24.81696485819469,109938000,AAPL
2016-08-12,24.739215850830078,24.798674613556432,24.647741233881806,24.647741233881806,74641600,AAPL
2016-08-15,25.036502838134766,25.050223417235557,24.71634261616451,24.7300631952653,103472800,AAPL
2016-08-16,25.01363182067871,25.20801598828304,24.974755685050955,25.070803224154627,135177600,AAPL
2016-08-17,24.97704315185547,25.011346343055315,24.775798694007165,24.949600249949032,101424000,AAPL
2016-08-18,24.945032119750977,25.063947894830854,24.931309793782944,24.979335317571383,87938800,AAPL
2016-08-19,25.009063720703125,25.084530406646195,24.78037806249972,24.8741382751019,101472400,AAPL
2016-08-22,24.814680099487305,24.949603794044457,24.66374673466097,24.894719727168077,103280800,AAPL
2016-08-23,24.89242935180664,24.99991187220738,24.819250023302512,24.83297060216803,85030800,AAPL
2016-08-24,24.704906463623047,24.869560383942947,24.62486684811553,24.82839690386297,94700400,AAPL
2016-08-25,24.599706649780273,24.670598618035257,24.396176632433917,24.558543177466827,100344800,AAPL
2016-08-26,24.455642700195312,24.686613938501324,24.311569631542795,24.56312522927482,111065200,AAPL
2016-08-29,24.428199768066406,24.56998549165305,24.30699665914969,24.382463338384497,99881200,AAPL
2016-08-30,24.240673065185547,24.355015862662835,24.126330267708255,24.194936644087683,99455600,AAPL
2016-08-31,24.2635498046875,24.371032351254886,24.15835460339883,24.162929293956257,118649600,AAPL
2016-09-01,24.407611846923828,24.423619767161203,24.153770722636544,24.272686452295275,106806000,AAPL
2016-09-02,24.63630485534668,24.698049210690897,24.428200084710696,24.629442820545787,107210000,AAPL
2016-09-06,24.62944984436035,24.766662663780856,24.586000746628436,24.67518803241168,107521600,AAPL
2016-09-07,24.78037452697754,24.87184912615445,24.485369860616753,24.659171424579597,169457200,AAPL
2016-09-08,24.130905151367188,24.53110497470245,24.06687345879079,24.52653203011818,212008000,AAPL
2016-09-09,23.584346771240234,24.176643419452514,23.584346771240234,23.92966253730841,186228000,AAPL
2016-09-12,24.11261749267578,24.176649200825196,23.44714135855181,23.47458426693007,181171200,AAPL
2016-09-13,24.686616897583008,24.878713763901224,24.524250284414737,24.585996391162194,248704800,AAPL
2016-09-14,25.56020164489746,25.84834613485303,24.83526834574965,24.86499860538382,443554800,AAPL
2016-09-15,26.429201126098633,26.465791668436328,25.953534544107114,26.038148864713218,359934400,AAPL
2016-09-16,26.28055763244629,26.557267092778357,26.079314864404765,26.326295814773857,319547600,AAPL
2016-09-19,25.974109649658203,26.56869183285113,25.89864298645853,26.342293587984695,188092000,AAPL
2016-09-20,25.971832275390625,26.09761009567407,25.729426016007892,25.852916490995298,138057200,AAPL
2016-09-21,25.967252731323242,26.067873217249353,25.713411554693913,26.035857370172934,144012800,AAPL
2016-09-22,26.21194839477539,26.285127728976082,26.070162671440883,26.150202295608366,124296000,AAPL
2016-09-23,25.775157928466797,26.250824472007036,25.509883496894744,26.166210158240865,209924800,AAPL
2016-09-26,25.81403350830078,25.93066366912903,25.509882943782042,25.53046381318725,119477600,AAPL
2016-09-27,25.862056732177734,25.882639345878555,25.690542511846697,25.84147586320979,98429600,AAPL
2016-09-28,26.05872917175293,26.216522828883264,25.939813401197508,25.999272158841745,118564400,AAPL
2016-09-29,25.65396499633789,26.024436503217263,25.567065047939163,25.878077777106963,143548000,AAPL
2016-09-30,25.8529109954834,25.926090326801813,25.56705395990633,25.71798556742992,145516400,AAPL
2016-10-03,25.731706619262695,25.852911470148342,25.67682255594942,25.775157447782696,86807200,AAPL
2016-10-04,25.84147071838379,26.14104827193737,25.75685642509599,25.855191294964097,118947200,AAPL
2016-10-05,25.8529109954834,25.99240936842364,25.770584029658572,25.932950616498402,85812400,AAPL
2016-10-06,26.045007705688477,26.147915547003027,25.87120612872349,26.001556875263983,115117200,AAPL
2016-10-07,26.08388328552246,26.198226104406544,25.958107231589743,26.141054694964502,97433600,AAPL
2016-10-10,26.538970947265625,26.6990502077917,26.234818607533,26.303423257158567,144944000,AAPL
2016-10-11,26.59613800048828,27.1426964864746,26.573268042962923,26.916296469049705,256164000,AAPL
2016-10-12,26.83397102355957,26.980331432114724,26.69904733914617,26.83625836838792,150347200,AAPL
2016-10-13,26.75164794921875,26.856843138239455,26.46350354336801,26.708197117656685,140769600,AAPL
2016-10-14,26.900287628173828,27.023778066721302,26.785944823377953,26.957459030571766,142608800,AAPL
2016-10-17,26.881999969482422,26.948317275365774,26.70591103463414,26.831688845240055,94499600,AAPL
2016-10-18,26.86370086669922,27.03292774205229,26.85912617711156,27.026067452403673,98214000,AAPL
2016-10-19,26.783662796020508,26.930021466102616,26.024426540694705,26.813391301128977,80138400,AAPL
2016-10-20,26.769939422607422,26.843118754782015,26.602999888927684,26.724202994273142,96503200,AAPL
2016-10-21,26.66474151611328,26.735635240937782,26.59156219141872,26.712765284375394,92770800,AAPL
2016-10-24,26.904865264892578,26.92544613453879,26.756219253426952,26.779087467944834,94154800,AAPL
2016-10-25,27.042078018188477,27.06723357917939,26.82711294962361,26.97347162553453,192516000,AAPL
2016-10-26,26.43377113342285,26.458926692300718,25.912368176196,26.141053806189035,264536800,AAPL
2016-10-27,26.179927825927734,26.495513320643504,26.093026182725357,26.388030811250648,138248000,AAPL
2016-10-28,26.006128311157227,26.34686938759582,25.944382218308068,26.040431502214226,151446800,AAPL
2016-10-31,25.964967727661133,26.122761377288192,25.887213702941654,25.99012328759394,105677600,AAPL
2016-11-01,25.496158599853516,26.017561520279223,25.276620619923364,25.94666953829954,175303200,AAPL
2016-11-02,25.51902961730957,25.692831191466432,25.43670439242786,25.475580532320077,113326800,AAPL
2016-11-03,25.24549674987793,25.6201675108488,25.18113630050288,25.509835812974636,107730400,AAPL
2016-11-04,25.017934799194336,25.342037894308067,24.850138160736485,24.946678836590927,123348000,AAPL
2016-11-07,25.378820419311523,25.40180604772153,25.160452565188898,25.302966267236577,130240000,AAPL
2016-11-08,25.52822494506836,25.67993323177175,25.215615524307584,25.355830121282235,97016800,AAPL
2016-11-09,25.486848831176758,25.587987683875674,24.836347061719003,25.256989077727034,236705600,AAPL
2016-11-10,24.776588439941406,25.535124739590028,24.326063435338263,25.535124739590028,228538000,AAPL
2016-11-11,24.923696517944336,25.02483538436414,24.49156075416235,24.622580761255733,136575600,AAPL
2016-11-14,24.298480987548828,24.781186251376685,23.92381011804779,24.758200620468926,204702000,AAPL
2016-11-15,24.620281219482422,24.751301224165672,24.401915129573986,24.496156727620768,129058000,AAPL
2016-11-16,25.282276153564453,25.33744376220521,24.50305165684557,24.52603728360043,235362000,AAPL
2016-11-17,25.27307891845703,25.36502316958602,25.015637119724733,25.24089869361549,110528000,AAPL
2016-11-18,25.29836082458496,25.408694264436743,25.206418337347433,25.220209359694955,113715600,AAPL
2016-11-21,25.68222999572754,25.741992266573043,25.286870955041636,25.312155667203456,117058400,AAPL
2016-11-22,25.698320388793945,25.840832309420602,25.60637613935342,25.732797947854785,103862000,AAPL
2016-11-23,25.567298889160156,25.631659333849804,25.36042477859301,25.597180023140183,109705600,AAPL
2016-11-25,25.69602394104004,25.71441314355612,25.50294082200296,25.5443156508187,45903600,AAPL
2016-11-28,25.64545249938965,25.85232662724157,25.604077673819265,25.6132722743561,108776000,AAPL
2016-11-29,25.620166778564453,25.751186762101863,25.30066187566286,25.46386208296801,114115200,AAPL
2016-11-30,25.404102325439453,25.79026682920152,25.346637379961116,25.652351310791705,144649200,AAPL
2016-12-01,25.16734504699707,25.500642756715852,25.06160976609378,25.36962276149973,148347600,AAPL
2016-12-02,25.26158905029297,25.305261214042645,25.02023559054062,25.093790646724717,106112000,AAPL
2016-12-05,25.079998016357422,25.291468570139198,24.88231848669901,25.284573058077516,137298000,AAPL
2016-12-06,25.27307891845703,25.367322258129196,25.09838677037175,25.169642731993623,104782000,AAPL
2016-12-07,25.521329879760742,25.55810828458429,25.09149323395342,25.114478860122706,119994800,AAPL
2016-12-08,25.771879196166992,25.84313516687226,25.422491348076566,25.482255381982473,108273200,AAPL
2016-12-09,26.19251823425293,26.364913049538554,25.815548378456956,25.815548378456956,137610400,AAPL
2016-12-12,26.043113708496094,26.433874632014717,25.856926094665106,26.04081461966854,105497600,AAPL
2016-12-13,26.477542877197266,26.645339498140288,26.14654430459981,26.16723083854187,174935200,AAPL
2016-12-14,26.477542877197266,26.70969994199189,26.429272544308564,26.4430635669366,136127200,AAPL
2016-12-15,26.622352600097656,26.83152578628217,26.486736207579288,26.521213762497187,186098000,AAPL
2016-12-16,26.656829833984375,26.77865519505382,26.583274799733555,26.771759684606923,177404400,AAPL
2016-12-19,26.81083869934082,26.980934408078816,26.6062636804516,26.617757368398863,111117600,AAPL
2016-12-20,26.88210105895996,27.008524641738106,26.82003968885404,26.833830714724026,85700000,AAPL
2016-12-21,26.907384872436523,26.985538108355716,26.843024415615375,26.8476225932117,95132800,AAPL
2016-12-22,26.730392456054688,26.78096188527395,26.580983257095284,26.74418348086327,104343600,AAPL
2016-12-23,26.783252716064453,26.783252716064453,26.569483114990387,26.569483114990387,56998000,AAPL
2016-12-27,26.953351974487305,27.07747643702863,26.77635900331725,26.78325451451001,73187600,AAPL
2016-12-28,26.838428497314453,27.128050558465752,26.709705827556252,27.01312066806544,83623600,AAPL
2016-12-29,26.831531524658203,26.91887760528146,26.755677380235163,26.76716931643538,60158000,AAPL
2016-12-30,26.622352600097656,26.939558381175733,26.532707449930143,26.813136587865635,122345200,AAPL
2017-01-03,26.69820785522461,26.739582676563,26.3787029724356,26.617757300869563,115127600,AAPL
2017-01-04,26.668331146240234,26.78096370212091,26.606269776700465,26.629255404171083,84472400,AAPL
2017-01-05,26.8039493560791,26.86141430165792,26.620060828750496,26.645345545100454,88774400,AAPL
2017-01-06,27.102766036987305,27.160230978882005,26.771767410492767,26.843023377261122,127007600,AAPL
2017-01-09,27.351015090942383,27.45215395665387,27.109663370982208,27.111960706154942,134247600,AAPL
2017-01-10,27.378599166870117,27.440660537275928,27.19241330196169,27.300445927950253,97848400,AAPL
2017-01-11,27.52570343017578,27.56707825286981,27.261364382613422,27.29354460540982,110354400,AAPL
2017-01-12,27.410783767700195,27.42227746027427,27.171729342427824,27.33033318075547,108344800,AAPL
2017-01-13,27.362510681152344,27.49582978544724,27.30964215576261,27.378600796933377,104447600,AAPL
2017-01-17,27.583173751831055,27.63833960830125,27.17402362176945,27.201605673159065,137759200,AAPL
2017-01-18,27.580869674682617,27.698098632959226,27.51650922815919,27.583168763112923,94852000,AAPL
2017-01-19,27.532604217529297,27.603860188276872,27.438362619478404,27.445258132300303,102389200,AAPL
2017-01-20,27.583173751831055,27.68660995192404,27.521112382513458,27.68660995192404,130391600,AAPL
2017-01-23,27.6015625,27.769359155489322,27.530304776473134,27.583173296916232,88200800,AAPL
2017-01-24,27.57627296447754,27.606154098997923,27.468238607356017,27.479732295697268,92844000,AAPL
2017-01-25,28.015304565429688,28.06587398897463,27.647529331044638,27.679709554447662,129510400,AAPL
2017-01-26,28.029096603393555,28.14402647071442,27.950943381696252,27.96703349297355,105350400,AAPL
2017-01-27,28.03139305114746,28.12333729283309,27.950942497306496,28.075066960528506,82251600,AAPL
2017-01-30,27.957839965820312,27.957839965820312,27.734877487763406,27.796938846873953,121510000,AAPL
2017-01-31,27.893482208251953,27.902676809319985,27.725685561410188,27.847510956602637,196804000,AAPL
2017-02-01,29.594444274902344,29.994401522323454,29.19448878117204,29.199085204775255,447940000,AAPL
2017-02-02,29.543874740600586,29.741554274953458,29.37147992020151,29.417452924522408,134841600,AAPL
2017-02-03,29.6702938079834,29.69557851810031,29.458823281269733,29.493300837165034,98029200,AAPL
2017-02-06,29.948427200317383,29.996699294153608,29.62892226767109,29.6817925388683,107383600,AAPL
2017-02-07,30.23345947265625,30.362180400578858,29.985210465641693,30.00589700604735,152735200,AAPL
2017-02-08,30.35067367553711,30.39205024596234,30.16219054269981,30.192073426485774,92016400,AAPL
2017-02-09,30.569997787475586,30.576923196246266,30.269883824588764,30.39223740965527,113399600,AAPL
2017-02-10,30.5007381439209,30.690042031268984,30.48458003206259,30.57923197573663,80262000,AAPL
2017-02-13,30.77083969116211,30.893196790880747,30.64617881878719,30.722361832911705,92141600,AAPL
2017-02-14,31.170223236083984,31.186381347735317,30.76160653814567,30.81239521348662,132904800,AAPL
2017-02-15,31.283344268798828,31.45879735793977,31.077882248032616,31.285655086869752,142492400,AAPL
2017-02-16,31.246416091918945,31.373384297679014,31.128677069909052,31.320288310401754,90338400,AAPL
2017-02-17,31.33182716369629,31.357221505579854,31.188697339946398,31.188697339946398,88792800,AAPL
2017-02-21,31.55805778503418,31.569601305385525,31.391840955220733,31.44955503438963,98028800,AAPL
2017-02-22,31.652713775634766,31.655021070965507,31.421857429381895,31.4957296284369,83347600,AAPL
2017-02-23,31.518817901611328,31.738130734589046,31.465721926226674,31.71504721261627,83152800,AAPL
2017-02-24,31.548826217651367,31.54882621765137,31.23024336194614,31.375683973913826,87106400,AAPL
2017-02-27,31.611175537109375,31.7289145942127,31.461120236891343,31.65965694696197,81029600,AAPL
2017-02-28,31.625003814697266,31.72888843864139,31.558053519261975,31.645780034968617,93931600,AAPL
2017-03-01,32.271400451660156,32.35450886011195,31.765828116381613,31.832774893079204,145658400,AAPL
2017-03-02,32.07979965209961,32.38452819956247,32.03362556445187,32.31988870396161,104844000,AAPL
2017-03-03,32.26909255981445,32.28063607905567,31.994373005776005,32.038236265340124,84432400,AAPL
2017-03-06,32.16751480102539,32.26678483808141,31.996683399830648,32.17444020796099,87000000,AAPL
2017-03-07,32.20906448364258,32.315256384336635,32.04053688751025,32.10286906036175,69785200,AAPL
2017-03-08,32.08904266357422,32.273728505724186,32.047490198449935,32.07749913795433,74828800,AAPL
2017-03-09,32.01515197753906,32.04054631301657,31.638858580574993,32.02900631537136,88623600,AAPL
2017-03-10,32.12135696411133,32.17214565013795,32.00592877270334,32.14675130712464,78451200,AAPL
2017-03-13,32.13520431518555,32.18830029117781,32.047481294543644,32.05440670347357,69686800,AAPL
2017-03-14,32.08671951293945,32.23908199903327,32.052088953191266,32.15828440479625,61236400,AAPL
2017-03-15,32.426090240478516,32.49303704395142,32.09596376949352,32.183690325330886,102767200,AAPL
2017-03-16,32.47917938232422,32.55536239804194,32.379909323326615,32.486104790790534,76928000,AAPL
2017-03-17,32.31758499145508,32.55074866053692,32.2944979450717,32.55074866053692,175540000,AAPL
2017-03-20,32.65693664550781,32.666169348388465,32.37298083505005,32.41222598682167,86168000,AAPL
2017-03-21,32.282958984375,32.9662954963866,32.25756463879983,32.80700401255952,158119600,AAPL
2017-03-22,32.647705078125,32.689261053486796,32.26448268602448,32.28526243499958,103440800,AAPL
2017-03-23,32.53227615356445,32.68464218874113,32.460711249263134,32.61076646650214,81385200,AAPL
2017-03-24,32.46764373779297,32.72158718512899,32.400696932180246,32.66618038136774,89582400,AAPL
2017-03-27,32.52305603027344,32.601546373573065,32.001318227257826,32.1790786703926,94300400,AAPL
2017-03-28,33.197139739990234,33.252543002700264,32.46301480579109,32.529965111682934,133499200,AAPL
2017-03-29,33.27101135253906,33.35643058537808,33.05631666809547,33.16943400921991,116760000,AAPL
2017-03-30,33.22713851928711,33.35872827321344,33.12787202218774,33.287163399009366,84829200,AAPL
2017-03-31,33.16482162475586,33.30564412870682,33.01476289484099,33.17867244111365,78646800,AAPL
2017-04-03,33.17405319213867,33.27101242591104,33.02399798995029,33.17636400984456,79942800,AAPL
2017-04-04,33.42108154296875,33.44878318334955,33.05170989914256,33.07017883359278,79565600,AAPL
2017-04-05,33.247928619384766,33.58036228806485,33.19944724162395,33.29409917945968,110871600,AAPL
2017-04-06,33.16482162475586,33.36335821192298,33.11634024491553,33.31025871910069,84596000,AAPL
2017-04-07,33.0909423828125,33.28486083634301,33.07478427297881,33.1809762021365,66688800,AAPL
2017-04-10,33.05170822143555,33.21561780474298,32.98937601115369,33.15097829874287,75733600,AAPL
2017-04-11,32.69618606567383,33.093259270548934,32.33373990435652,32.998607321373136,121517600,AAPL
2017-04-12,32.73542022705078,32.81621780907595,32.55304179866994,32.689249676952514,81400000,AAPL
2017-04-13,32.56229019165039,32.869329572304196,32.56229019165039,32.7608268015999,71291600,AAPL
2017-04-17,32.742340087890625,32.75388360410687,32.52071655333311,32.66153899696349,66328400,AAPL
2017-04-18,32.5969123840332,32.79083085160347,32.57613616020524,32.645393762219754,58790000,AAPL
2017-04-19,32.47686767578125,32.78159973031379,32.423771704796266,32.75389809720652,69313600,AAPL
2017-04-20,32.883182525634766,32.9939925989966,32.5876866482774,32.60153746712404,93278400,AAPL
2017-04-21,32.843936920166016,32.9385853551999,32.74697766696316,32.88318208056322,69283600,AAPL
2017-04-24,33.16020965576172,33.23177456859535,33.05401417302912,33.12788990407592,68537200,AAPL
2017-04-25,33.365657806396484,33.451073502614456,33.21329181645043,33.22252804028264,75486000,AAPL
2017-04-26,33.169429779052734,33.38182066395403,33.10017571070166,33.35180821927697,80164800,AAPL
2017-04-27,33.19483947753906,33.28025873902497,33.084029394295946,33.2248519361089,56985200,AAPL
2017-04-28,33.16250991821289,33.31256864410618,33.07478690943521,33.26408726556515,83441600,AAPL
2017-05-01,33.83892059326172,33.98205038775373,33.4649344734146,33.497254218060796,134411600,AAPL
2017-05-02,34.053619384765625,34.187516492302215,33.898946050866904,34.060544793553,181408800,AAPL
2017-05-03,33.94972229003906,34.04899231726287,33.3056348507098,33.6103632934567,182788000,AAPL
2017-05-04,33.82737350463867,33.96819598915599,33.66115668610716,33.825066209760145,93487600,AAPL
2017-05-05,34.388370513916016,34.39298510560086,33.880483621457344,33.880483621457344,109310800,AAPL
2017-05-08,35.32332992553711,35.48262137552229,34.4045226107652,34.4045226107652,195009600,AAPL
2017-05-09,35.549564361572266,35.755026336086395,35.424899981815805,35.52185920907765,156521600,AAPL
2017-05-10,35.38105010986328,35.538034291453236,35.11556666254569,35.46646937205053,103222800,AAPL
2017-05-11,35.68703079223633,35.71485030550532,35.30686379075656,35.33931694196356,109020400,AAPL
2017-05-12,36.1854248046875,36.259601924283665,35.853935742783264,35.86088973721014,130108000,AAPL
2017-05-15,36.092689514160156,36.31290753319906,35.942014958272345,36.164549795802884,104038800,AAPL
2017-05-16,36.03936767578125,36.17613422097745,35.865510818866035,36.1483182557516,80194000,AAPL
2017-05-17,34.82932662963867,35.830743908425006,34.70415123835394,35.60588873806216,203070800,AAPL
2017-05-18,35.36016845703125,35.545616496374166,35.03332022274331,35.065773364343784,134272800,AAPL
2017-05-19,35.480716705322266,35.6939807515945,35.381040443999204,35.55489734948363,107843200,AAPL
2017-05-22,35.6963005065918,35.8330670876935,35.44594614245283,35.698617325259924,91865600,AAPL
2017-05-23,35.65224838256836,35.907236328189825,35.53866062441189,35.907236328189825,79675600,AAPL
2017-05-24,35.54561996459961,35.73802201469214,35.39030823342003,35.66152455835698,76712000,AAPL
2017-05-25,35.66848373413086,35.779754707038926,35.47376483723376,35.63603058464801,76942400,AAPL
2017-05-26,35.60820770263672,35.754248615544256,35.538664242341355,35.6986131398825,87710400,AAPL
2017-05-30,35.62211227416992,35.798285957861246,35.543298010712775,35.56415998566432,80507600,AAPL
2017-05-31,35.41118621826172,35.73803816931459,35.3231010924358,35.69167701828057,97804800,AAPL
2017-06-01,35.50852966308594,35.543303163506685,35.28599482375414,35.50621284457555,65616400,AAPL
2017-06-02,36.03474044799805,36.03474044799805,35.44130944521617,35.60125836366381,111082800,AAPL
2017-06-05,35.68239212036133,35.80293390712862,35.57344503933726,35.77743475102646,101326800,AAPL
2017-06-06,35.80292892456055,36.11818956652802,35.647617190689985,35.6754331617929,106499600,AAPL
2017-06-07,36.01620864868164,36.1576124586108,35.80989851981409,35.9350775185732,84278400,AAPL
2017-06-08,35.9281005859375,36.055592785734156,35.79133050244129,35.988369690152766,85003200,AAPL
2017-06-09,34.53493118286133,35.97446776937545,33.84877798018618,35.97446776937545,259530800,AAPL
2017-06-12,33.70969009399414,33.86500181812476,33.035124540031404,33.7838707284533,289229200,AAPL
2017-06-13,33.980918884277344,34.18027499117992,33.64711298089362,34.11305186150366,136661600,AAPL
2017-06-14,33.64943313598633,34.19186595717574,33.34344321400546,34.19186595717574,126124800,AAPL
2017-06-15,33.447757720947266,33.491802047804654,32.965597556215656,33.222905985162065,128661600,AAPL
2017-06-16,32.97951126098633,33.49644502776602,32.9632829115937,33.329542042927216,201444400,AAPL
2017-06-19,33.92295455932617,34.01568035362184,33.30170765461845,33.30170765461845,130165600,AAPL
2017-06-20,33.614654541015625,34.04581984224662,33.59842973452533,34.04581984224662,99600400,AAPL
2017-06-21,33.81401062011719,33.86037529495847,33.52193226910873,33.7328795134011,85063200,AAPL
2017-06-22,33.758384704589844,34.006418781116174,33.64015971458918,33.79083786050344,76425200,AAPL
2017-06-23,33.909053802490234,34.11304705629635,33.637837428477,33.642474603462084,141757600,AAPL
2017-06-26,33.802433013916016,34.3726818974605,33.70043635841918,34.11537343914044,102769600,AAPL
2017-06-27,33.31793975830078,33.881238028549696,33.29244060142321,33.61465529080629,99047600,AAPL
2017-06-28,33.80474090576172,33.86964720809466,33.185810677504435,33.49411738215002,88329600,AAPL
2017-06-29,33.30634689331055,33.642473090615525,32.98181540151095,33.545113643075645,125997600,AAPL
2017-06-30,33.38516616821289,33.6030674095259,33.32953067985804,33.48484243891286,92096400,AAPL
2017-07-03,33.26462173461914,33.681879021294286,33.171899465192595,33.584519577258064,57111200,AAPL
2017-07-05,33.401390075683594,33.563655824273084,33.08381257222072,33.30866780138332,86278400,AAPL
2017-07-06,33.086124420166016,33.26461848536121,33.0119473192959,33.153351065492295,96515200,AAPL
2017-07-07,33.4222526550293,33.55438561225656,33.125537127404115,33.125537127404115,76806800,AAPL
2017-07-10,33.626251220703125,33.83256132387614,33.23449299917569,33.40603312765104,84362400,AAPL
2017-07-11,33.73518753051758,33.80936816120686,33.468608405373175,33.54973949092153,79127200,AAPL
2017-07-12,33.78389358520508,33.88588672089966,33.57062942254049,33.814026393354276,99538000,AAPL
2017-07-13,34.25444412231445,34.42134701782428,33.714328298946185,33.728236284050766,100797600,AAPL
2017-07-14,34.54884338378906,34.616070036028844,34.15245161224831,34.30080936637297,80528400,AAPL
2017-07-17,34.66937255859375,34.97999594067345,34.43988378602627,34.49783606792741,95174000,AAPL
2017-07-18,34.7899284362793,34.801519604796255,34.46307658459224,34.58593518919041,71475200,AAPL
2017-07-19,35.00783920288086,35.10056150200751,34.759801570167156,34.882660208218006,83692000,AAPL
2017-07-20,34.850196838378906,35.17473186448836,34.81542687067658,35.11909637903669,68974800,AAPL
2017-07-21,34.833980560302734,34.87338771238873,34.511765811243066,34.769074246616526,105010400,AAPL
2017-07-24,35.2558708190918,35.337005477968546,34.74820795482175,34.90584009680633,85972800,AAPL
2017-07-25,35.40654754638672,35.66153560939385,35.18864627665775,35.18864627665775,75415600,AAPL
2017-07-26,35.57345199584961,35.682399098178664,35.480726165923436,35.547952834761006,63124000,AAPL
2017-07-27,34.90119934082031,35.69630689001143,34.145502475929085,35.640671397877796,129905200,AAPL
2017-07-28,34.65548324584961,34.82470300976447,34.58362294352118,34.7458887128319,68854800,AAPL
2017-07-31,34.47698974609375,34.84788597153069,34.337906314401316,34.74820615187898,79383600,AAPL
2017-08-01,34.78298568725586,34.82239284325068,34.402818582043786,34.56276756275341,141474400,AAPL
2017-08-02,36.42649459838867,37.03151670290718,36.199322591170265,36.92256610475473,279747200,AAPL
2017-08-03,36.06256103515625,36.442728003738814,35.93506526032993,36.40563768067518,108389200,AAPL
2017-08-04,36.25264358520508,36.4867696228177,36.09037783947713,36.17846647449858,82239600,AAPL
2017-08-07,36.813629150390625,36.839128311262435,36.31755746017154,36.407962932875485,87481200,AAPL
2017-08-08,37.1080207824707,37.5136869220667,36.68844665545762,36.76494412337966,144823600,AAPL
2017-08-09,37.33518981933594,37.38387130849785,36.883162579094225,36.917932544832915,104526000,AAPL
2017-08-10,36.145999908447266,37.235125628594886,35.985422861011024,37.211852254669694,163217200,AAPL
2017-08-11,36.6486701965332,36.90233718028284,36.320538361530964,36.4438794270249,105028400,AAPL
2017-08-14,37.200218200683594,37.28399737332113,36.94422529789718,37.0768771341642,88490800,AAPL
2017-08-15,37.607486724853516,37.74711634661005,37.26771456497634,37.38872974464727,117862000,AAPL
2017-08-16,37.456207275390625,37.81924917046181,37.270030943015655,37.68660088619419,110686400,AAPL
2017-08-17,36.73710250854492,37.400354541802336,36.73244712399428,37.356137266116114,111762400,AAPL
2017-08-18,36.653324127197266,37.11876316373311,36.47180318702973,36.737103295814435,109712400,AAPL
2017-08-21,36.58584213256836,36.74408972257525,36.09712965562986,36.65332923983164,105474000,AAPL
2017-08-22,37.183929443359375,37.23512802848002,36.77434431341276,36.823213430379774,86418400,AAPL
2017-08-23,37.230472564697266,37.34450642241073,36.974483190652286,37.01870047325585,77596400,AAPL
2017-08-24,37.065242767333984,37.40734078109702,36.897684411571745,37.33519473960121,79275600,AAPL
2017-08-25,37.20254135131836,37.365444299606544,37.06523769140532,37.153668691322935,101920400,AAPL
2017-08-28,37.57722854614258,37.70056963184427,37.21883842650392,37.26771109773419,103864000,AAPL
2017-08-29,37.9123420715332,37.961211187597634,37.23512734077837,37.25840071577374,118067600,AAPL
2017-08-30,38.014739990234375,38.14040698504185,37.8425262445174,38.11946307774369,109078400,AAPL
2017-08-31,38.166011810302734,38.28702698837684,38.04499663222864,38.08223261794667,107140400,AAPL
2017-09-01,38.17764663696289,38.38476691476252,38.07990484248632,38.35218631660367,66364400,AAPL
2017-09-05,37.71918869018555,38.22418973576255,37.365453946138565,38.10782994965673,117874000,AAPL
2017-09-06,37.67961883544922,37.93095634650661,37.35613884039739,37.86579516412337,86606800,AAPL
2017-09-07,37.528343200683594,37.75641085470924,37.318897082760316,37.721500801043646,87714000,AAPL
2017-09-08,36.91630554199219,37.50275628603585,36.89303216520465,37.43526917498196,114446000,AAPL
2017-09-11,37.58420944213867,37.71220591205249,37.209530803492086,37.35148987902946,126323200,AAPL
2017-09-12,37.435264587402344,38.15669656718192,36.94888161090867,37.842523774144745,286856000,AAPL
2017-09-13,37.1536750793457,37.22582112336586,36.74874533126742,37.20487366489882,179629600,AAPL
2017-09-14,36.83484649658203,37.09549123082952,36.79062921823258,37.00007892341132,95042800,AAPL
2017-09-15,37.20719909667969,37.460862528753474,36.76968524978679,36.879063711510014,196458400,AAPL
2017-09-18,36.92560577392578,37.35148292120562,36.769684121809895,37.26072245054061,113077600,AAPL
2017-09-19,36.93956756591797,37.181597849722785,36.87208046911773,37.12108850326259,83242400,AAPL
2017-09-20,36.3205451965332,36.830198074813886,35.79925207846514,36.746418887106856,211805600,AAPL
2017-09-21,35.696842193603516,36.25769701304835,35.54790186302663,36.25769701304835,150046800,AAPL
2017-09-22,35.3477668762207,35.43620142795852,35.0382494961563,35.26631362582871,186581600,AAPL
2017-09-25,35.035926818847656,35.333807540538785,34.712446806182214,34.90560444698507,177549200,AAPL
2017-09-26,35.638675689697266,35.820196674707795,35.30123301505046,35.32217692462423,146640000,AAPL
2017-09-27,35.892330169677734,36.00636401155548,35.731753134529605,35.79226248169732,102016800,AAPL
2017-09-28,35.6712532043457,35.90397275998524,35.53627543595255,35.81321227532656,88022000,AAPL
2017-09-29,35.86673355102539,35.869063019024054,35.373369273795674,35.65496147322591,105199200,AAPL
2017-10-02,35.79458999633789,35.94353035206246,35.54092656332573,35.89931307362548,74795200,AAPL
2017-10-03,35.95051574707031,36.09247481720678,35.81786744767447,35.841137272488844,64921200,AAPL
2017-10-04,35.71780014038086,35.80623471709769,35.48042872553934,35.7527102079886,80655200,AAPL
2017-10-05,36.162288665771484,36.173925352810144,35.850445338837886,35.88069646391643,85135200,AAPL
2017-10-06,36.14134216308594,36.18555944004501,35.96912843993429,36.064544295370396,69630400,AAPL
2017-10-09,36.26701736450195,36.4741376422052,36.18556764465215,36.26003606140108,65051600,AAPL
2017-10-10,36.280967712402344,36.7696800704547,36.09479495792304,36.31820368370527,62468000,AAPL
2017-10-11,36.43223571777344,36.532303390821,36.246059421456515,36.29725799171911,67622400,AAPL
2017-10-12,36.30424118041992,36.623065751896675,36.241405922553476,36.3856944239882,64500400,AAPL
2017-10-13,36.534637451171875,36.602124547174284,36.39965970814911,36.47412810542701,65576800,AAPL
2017-10-16,37.20719909667969,37.23512430358156,36.688231994965435,36.746411876689784,96486000,AAPL
2017-10-17,37.3444938659668,37.43758023413564,37.055920443015665,37.18391686251082,75989200,AAPL
2017-10-18,37.17926788330078,37.40035426006646,37.14203546022998,37.33286361315338,65496800,AAPL
2017-10-19,36.29958724975586,36.55558012463436,36.07617851442355,36.47878226217081,170336800,AAPL
2017-10-20,36.36243438720703,36.71151375732422,36.294947271432726,36.44621357807591,95896400,AAPL
2017-10-23,36.34379959106445,36.69753418351876,36.187877970624996,36.51135789533137,87937200,AAPL
2017-10-24,36.560245513916016,36.63471392906621,36.35079577232983,36.37173968118282,71028800,AAPL
2017-10-25,36.3996696472168,36.66496982118057,36.134369473253024,36.51602943493808,84828400,AAPL
2017-10-26,36.632381439208984,36.73012321400495,36.485767001505955,36.590490078000336,68002000,AAPL
2017-10-27,37.944923400878906,38.07291986379571,36.932591936286045,37.069895618770204,177816800,AAPL
2017-10-30,38.79900360107422,39.113176413503815,38.10084495213601,38.14040684945362,178803200,AAPL
2017-10-31,39.338897705078125,39.48085672403074,38.850188947958955,39.07359765092277,144187200,AAPL
2017-11-01,38.838558197021484,39.548353400209294,38.54067751355543,39.532061330307975,134551200,AAPL
2017-11-02,39.12247848510742,39.21323895548593,38.46388182014831,38.7710732897482,165573600,AAPL
2017-11-03,40.14411926269531,40.553704360574216,39.822965172267914,40.4931985606318,237594400,AAPL
2017-11-06,40.55137634277344,40.72359006586679,39.962596241505004,40.11386250903352,140105200,AAPL
2017-11-07,40.68169403076172,40.784091175914,40.4001054326106,40.47224790732671,97446000,AAPL
2017-11-08,41.01448440551758,41.01448440551758,40.569989325102334,40.646787183316825,97638000,AAPL
2017-11-09,40.93071365356445,40.981912236223316,40.293060838370266,40.75151861425842,117930400,AAPL
2017-11-10,40.79524612426758,40.96107253375823,40.70182510390722,40.898011384934065,100582000,AAPL
2017-11-13,40.631752014160156,40.75553645295474,40.49862333633409,40.52198037012979,67928400,AAPL
2017-11-14,40.01750564575195,40.51731561124466,39.980135810403205,40.41455034592742,99130000,AAPL
2017-11-15,39.48967742919922,39.779288361333066,39.3261888238754,39.697542276779,116632400,AAPL
2017-11-16,39.961463928222656,40.14129962136904,39.77461827097618,39.98014528654126,94550000,AAPL
2017-11-17,39.73957824707031,40.02918916149896,39.62046589128432,39.947443081942396,87598000,AAPL
2017-11-20,39.69987487792969,39.8353378776979,39.60178171888046,39.77227671695763,65049600,AAPL
2017-11-21,40.437904357910156,40.56869520805978,39.88671180100576,39.88671180100576,100525200,AAPL
2017-11-22,40.86300277709961,40.87234345896746,40.4169094874675,40.48931135424627,102355600,AAPL
2017-11-24,40.865318298339844,40.98910276803519,40.790578622562485,40.89568173709738,56106800,AAPL
2017-11-27,40.65978240966797,40.891004241956935,40.48461532684453,40.88399784374668,82867200,AAPL
2017-11-28,40.42155456542969,40.84195268013187,40.138950125958594,40.70882756081835,105715200,AAPL
2017-11-29,39.58309555053711,40.38652928174377,39.04124713233191,40.31879956588713,166665600,AAPL
2017-11-30,40.13662338256836,40.20435309391894,39.34019610378886,39.80497053343879,166108800,AAPL
2017-12-01,39.94977951049805,40.09458318069577,39.35421062507689,39.69286632422728,159037200,AAPL
2017-12-04,39.65782165527344,40.31644792376654,39.618117550770556,40.28375021630636,130169600,AAPL
2017-12-05,39.620460510253906,40.05954716131824,39.33084963515859,39.48499753144079,109400800,AAPL
2017-12-06,39.47332000732422,39.75125237053263,38.87775473048756,39.12065153613966,114240000,AAPL
2017-12-07,39.54572677612305,39.80730850881267,39.44996790476923,39.477993500762025,102693200,AAPL
2017-12-08,39.55739212036133,39.938089671086914,39.42893912741636,39.818977353275365,93420800,AAPL
2017-12-11,40.32814407348633,40.37952671678825,39.42194497938085,39.51770386587847,141095200,AAPL
2017-12-12,40.101593017578125,40.262747342436676,40.04554181852073,40.20669257959501,77636800,AAPL
2017-12-13,40.23472213745117,40.5313359054632,40.17166097410895,40.28843905833601,95273600,AAPL
2017-12-14,40.223018646240234,40.43555548290106,40.089890002249795,40.26505701984852,81906000,AAPL
2017-12-15,40.631752014160156,40.67846251796855,40.279083612056354,40.55234380130759,160677200,AAPL
2017-12-18,41.20396041870117,41.3861338636754,40.839613528752714,40.844285647895894,117684400,AAPL
2017-12-19,40.764888763427734,40.963412916005446,40.659789208915306,40.879332559638705,109745600,AAPL
2017-12-20,40.720497131347656,40.97040024178991,40.46358406100295,40.841943706617556,93902400,AAPL
2017-12-21,40.87466049194336,41.11055448405394,40.6621271041095,40.67847418142717,83799600,AAPL
2017-12-22,40.87466049194336,40.970419368665794,40.755548138512246,40.79758653485828,65397600,AAPL
2017-12-26,39.83766555786133,40.047864621663386,39.62979720830644,39.89138246282705,132742000,AAPL
2017-12-27,39.84468078613281,39.88671918269649,39.63681595429407,39.727902710632755,85992800,AAPL
2017-12-28,39.9567756652832,40.13661484956386,39.81664058801304,39.938090750728314,65920800,AAPL
2017-12-29,39.52470016479492,39.84233662230938,39.522365886617536,39.82598954750075,103999600,AAPL
2018-01-02,40.23237991333008,40.2417241547698,39.531711484275874,39.74191415126249,102223600,AAPL
2018-01-03,40.22536087036133,40.76721266246271,40.162303297491356,40.29542840399965,118071600,AAPL
2018-01-04,40.412200927734375,40.51496615455197,40.19032340462309,40.297757186272534,89738400,AAPL
2018-01-05,40.87232208251953,40.95873670879751,40.4168883492139,40.507975095875025,94640000,AAPL
2018-01-08,40.720497131347656,41.014776459738755,40.622400458101595,40.720497131347656,82271200,AAPL
2018-01-09,40.71583938598633,40.886334358066584,40.500968180291736,40.767222018194126,86336000,AAPL
2018-01-10,40.70649719238281,40.70883503455394,40.405211346362094,40.44258118326222,95839600,AAPL
2018-01-11,40.937721252441406,40.98676961148585,40.753213463964485,40.77656694044623,74670800,AAPL
2018-01-12,41.36046600341797,41.42352717436401,41.02414451008538,41.14792900918908,101672400,AAPL
2018-01-16,41.15024948120117,41.897628282123996,41.13857096354328,41.549628413105026,118263600,AAPL
2018-01-17,41.82988357543945,41.864915552062286,40.8886531231651,41.14089048241342,137547200,AAPL
2018-01-18,41.86728286743164,42.0634727826822,41.63139238986812,41.8929741918225,124773600,AAPL
2018-01-19,41.680423736572266,41.942005431691854,41.43518911550599,41.71545572653174,129700400,AAPL
2018-01-22,41.339439392089844,41.52161290769802,41.24601835570046,41.40950695127393,108434400,AAPL
2018-01-23,41.34877395629883,41.909310783105305,41.297394888530555,41.40950082837842,130756400,AAPL
2018-01-24,40.69014358520508,41.40949679304685,40.45191536793294,41.39781827541702,204420400,AAPL
2018-01-25,39.96379089355469,40.86064560766888,39.828327905935794,40.75788033680049,166116000,AAPL
2018-01-26,40.05720901489258,40.171652797102226,39.71855335232489,40.171652797102226,156572000,AAPL
2018-01-29,39.228092193603516,39.74191500654441,39.02022736439535,39.74191500654441,202561600,AAPL
2018-01-30,38.99686050415039,39.0902815143299,38.46668718373474,38.66053916545118,184192800,AAPL
2018-01-31,39.10430145263672,39.34019542667271,38.887095960590166,38.97351058898067,129915600,AAPL
2018-02-01,39.18605041503906,39.38223672499564,38.947822145072344,39.04358102152163,188923200,AAPL
2018-02-02,37.485755920410156,38.95716013658482,37.392334901262075,38.77031453450521,346375200,AAPL
2018-02-05,36.549190521240234,38.275169728621044,36.434746764466965,37.15877200388936,290954000,AAPL
2018-02-06,38.0766487121582,38.23780298295915,35.96763752424812,36.16148950479251,272975200,AAPL
2018-02-07,37.26154708862305,38.163073981925415,37.151778975373574,38.09067214468713,206434400,AAPL
2018-02-08,36.236228942871094,37.60253360818496,36.20820335015767,37.436707202469265,217562000,AAPL
2018-02-09,36.67945098876953,37.026522336386975,35.232534933914586,36.83422735479435,282690400,AAPL
2018-02-12,38.1568603515625,38.43357852431035,36.93741390436866,37.16957849038807,243278000,AAPL
2018-02-13,38.53910827636719,38.63525757586731,37.90828012945707,37.97863336270872,130196800,AAPL
2018-02-14,39.24967575073242,39.28954175541653,38.19673516422059,38.2342537944255,162579600,AAPL
2018-02-15,40.567596435546875,40.59104512106228,39.63190693047491,39.81716693279276,204588800,AAPL
2018-02-16,40.436275482177734,40.99675390725299,40.2815026814743,40.419861757422765,160704400,AAPL
2018-02-20,40.30026626586914,40.865428738385795,40.19942580241765,40.347167225893934,135722000,AAPL
2018-02-21,40.11735534667969,40.83260313328711,40.10328183632004,40.53008885937035,149886400,AAPL
2018-02-22,40.45269012451172,40.792726514243476,40.26743010361679,40.288534996190876,123967600,AAPL
2018-02-23,41.156219482421875,41.191394307064236,40.69658149665015,40.72706873021606,135249600,AAPL
2018-02-26,41.96996307373047,42.06845615928356,41.32272126367563,41.35555229219334,152648800,AAPL
2018-02-27,41.83394241333008,42.32406398260265,41.780006497336466,42.00044490832769,155712400,AAPL
2018-02-28,41.77061080932617,42.35688146891501,41.75419709157999,42.0379500869662,151128400,AAPL
2018-03-01,41.03896713256836,42.1599169199814,40.49021837370537,41.86912523610617,195208000,AAPL
2018-03-02,41.32270812988281,41.34381301758338,40.44095465283579,40.52303398719925,153816000,AAPL
2018-03-05,41.465763092041016,41.68151031825082,40.926393237359996,41.0882045515956,113605600,AAPL
2018-03-06,41.43058395385742,41.80110752428369,41.303951037077454,41.72137555526249,95154000,AAPL
2018-03-07,41.04599380493164,41.238292358234624,40.86776875758587,41.024888913465674,126814000,AAPL
2018-03-08,41.49390411376953,41.5361138952039,41.055374685629104,41.1515203805562,95096400,AAPL
2018-03-09,42.206809997558594,42.21150116628257,41.599434256238936,41.73310572752255,128740800,AAPL
2018-03-12,42.61486053466797,42.77198071041247,42.26075419037637,42.27951171073103,128828400,AAPL
2018-03-13,42.20447540283203,43.03228973656736,42.033285279377445,42.81888624202116,126774000,AAPL
2018-03-14,41.84566116333008,42.33343885135158,41.69791979089834,42.286537907531034,117473600,AAPL
2018-03-15,41.89491271972656,42.26778369281401,41.758901034006826,41.85973790071512,90975200,AAPL
2018-03-16,41.74717712402344,42.005134159904195,41.653371637810366,41.894914950049724,157618800,AAPL
2018-03-19,41.10932540893555,41.61820823444028,40.72473175573631,41.58303340390642,133787200,AAPL
2018-03-20,41.095245361328125,41.46107782208997,41.02489213926311,41.095245361328125,78597600,AAPL
2018-03-21,40.16425704956055,41.06007732991229,40.16190967530038,41.0483511935547,148219600,AAPL
2018-03-22,39.59673309326172,40.49489685145433,39.538106010552305,39.86641624239975,165963200,AAPL
2018-03-23,38.67981719970703,39.84766806393242,38.67981719970703,39.48887048770465,164115200,AAPL
2018-03-26,40.51601028442383,40.59339847247877,39.031571938963225,39.413821710118775,150164800,AAPL
2018-03-27,39.477134704589844,41.07413599250078,39.14413327762529,40.729408432396,163690400,AAPL
2018-03-28,39.04095458984375,39.87111626930547,38.7384403503099,39.22152704663509,166674000,AAPL
2018-03-29,39.34580993652344,40.27680835477367,39.13944144734554,39.35284490062601,153594000,AAPL
2018-04-02,39.08784866333008,39.61783980550772,38.56958723220933,39.07846990412321,150347200,AAPL
2018-04-03,39.48884582519531,39.57326894207088,38.66572311939259,39.312964629897216,121112000,AAPL
2018-04-04,40.243988037109375,40.33778996897688,38.63995138530053,38.66574745331124,138422000,AAPL
2018-04-05,40.52305221557617,40.85839750981913,40.35420588139473,40.47146008133661,107732800,AAPL
2018-04-06,39.48651885986328,40.448000990287476,39.444305494278204,40.09389465436021,140021200,AAPL
2018-04-09,39.878143310546875,40.59104707856743,39.83124235894121,39.8382773227664,116070800,AAPL
2018-04-10,40.62857437133789,40.80445564567269,40.22521969593166,40.56994727989296,113634400,AAPL
2018-04-11,40.43862533569336,40.785696733727676,40.26508784751927,40.389377001781156,89726400,AAPL
2018-04-12,40.8372802734375,41.0389575795323,40.579319680183765,40.666090195176274,91557200,AAPL
2018-04-13,40.975650787353516,41.23595524849731,40.76928583335497,40.98737692274658,100497200,AAPL
2018-04-16,41.23125076293945,41.31801768833088,40.99908625921456,41.04598720325553,86313600,AAPL
2018-04-17,41.79875946044922,41.96291454999642,41.369608854574885,41.388369947424934,106421600,AAPL
2018-04-18,41.704959869384766,41.9347806054284,41.47983388010552,41.69792490586436,83018000,AAPL
2018-04-19,40.52305221557617,41.1304281124797,40.490221182725016,40.74817827560862,139235200,AAPL
2018-04-20,38.862735748291016,40.15253206159745,38.794726302460546,40.00713798588537,261964400,AAPL
2018-04-23,38.75017547607422,39.14414793323282,38.48048862613169,39.12304303266678,146062000,AAPL
2018-04-24,38.21078872680664,39.0057718403514,37.80743410382036,38.85099548025622,134768000,AAPL
2018-04-25,38.377281188964844,38.792361874594874,38.086493192197295,38.135737930476424,113528400,AAPL
2018-04-26,38.510955810546875,38.865062078325884,38.31162231129064,38.487503547700406,111852000,AAPL
2018-04-27,38.06540298461914,38.53676355292393,37.66908323921262,38.45937535604153,142623200,AAPL
2018-04-30,38.754859924316406,39.22387676096786,37.95284156304016,38.020851008210734,169709600,AAPL
2018-05-01,39.655372619628906,39.678821313082864,38.757205001282635,39.024544439194806,214277600,AAPL
2018-05-02,41.40713882446289,41.68385694481844,40.757549728374016,41.092894933040135,266157600,AAPL
2018-05-03,41.4821891784668,41.62523944023905,40.9076443356587,41.24533699153512,136272800,AAPL
2018-05-04,43.109683990478516,43.20817709910858,41.78236545254622,41.80112655585403,224805200,AAPL
2018-05-07,43.42156982421875,44.01018453355884,43.32542053554756,43.42625741514392,169805600,AAPL
2018-05-08,43.63028335571289,43.67014934958215,43.072152284915745,43.38170505375531,113611200,AAPL
2018-05-09,43.93749237060547,43.946871131806425,43.43564455597334,43.74754114603787,92844800,AAPL
2018-05-10,44.565956115722656,44.64334428474215,44.00548141735058,44.02658988403787,111957200,AAPL
2018-05-11,44.396480560302734,44.742537519239406,44.12811022399601,44.60835414714242,104848800,AAPL
2018-05-14,44.29289245605469,44.61776309036825,44.22462436223415,44.49534749608727,83115200,AAPL
2018-05-15,43.890342712402344,44.038653857301725,43.574890568370826,43.9703821652857,94780800,AAPL
2018-05-16,44.29995346069336,44.36587231146577,43.78675557653705,43.80323618725819,76732400,AAPL
2018-05-17,44.019813537597656,44.47180540297354,43.87150241585593,44.2575790253715,69176000,AAPL
2018-05-18,43.8597297668457,44.21284873798185,43.81735721452309,44.06689404605473,73190800,AAPL
2018-05-21,44.17047882080078,44.556555441924544,44.00098141717452,44.25758035606822,73603200,AAPL
2018-05-22,44.05983352661133,44.46474358200202,43.970375567921366,44.34703725408873,60962800,AAPL
2018-05-23,44.34232711791992,44.375284745399135,43.730252788035145,43.869148982230094,80233600,AAPL
2018-05-24,44.29289245605469,44.455327773211465,43.83619489329493,44.4388507541978,92936000,AAPL
2018-05-25,44.39412307739258,44.64601277398445,44.175187419796956,44.311727203564814,69844000,AAPL
2018-05-29,44.234031677246094,44.43413384930617,43.99155695605987,44.16341076203586,90056400,AAPL
2018-05-30,44.139869689941406,44.25757600911459,43.97037230296309,44.19166075774655,74762000,AAPL
2018-05-31,43.99155807495117,44.31171940312337,43.819707856715965,44.073953934274336,109931200,AAPL
2018-06-01,44.78489685058594,44.789602516532064,44.19871815026651,44.255218470622694,93770000,AAPL
2018-06-04,45.159210205078125,45.53351546579196,45.0462131360557,45.1144812257264,105064800,AAPL
2018-06-05,45.50761413574219,45.65592523952757,45.28397285957056,45.45111740448041,86264000,AAPL
2018-06-06,45.66534423828125,45.6888869398152,45.18039476042203,45.58295196713627,83734400,AAPL
2018-06-07,45.54292297363281,45.717125997905555,45.279258420171836,45.703001816706276,85388800,AAPL
2018-06-08,45.12861251831055,45.19923704461529,44.674267745149045,45.00384407842098,106627200,AAPL
2018-06-11,45.01797103881836,45.1921777354879,44.77785266354623,45.046223006348434,73234000,AAPL
2018-06-12,45.26514434814453,45.34283095420171,44.99912690244376,45.05562723197043,67644400,AAPL
2018-06-13,44.893192291259766,45.40639374364206,44.8319862945275,45.29810234253357,86553600,AAPL
2018-06-14,44.916725158691406,45.09799386793647,44.7801854185429,45.09328461010756,86440400,AAPL
2018-06-15,44.45531463623047,44.76606099324307,44.31877489682595,44.73545620568878,246876800,AAPL
2018-06-18,44.43177795410156,44.54477500276227,44.069240517819324,44.229322962857445,73939600,AAPL
2018-06-19,43.713775634765625,43.86443958736214,43.18645000462183,43.58429795860175,134314000,AAPL
2018-06-20,43.904457092285156,44.06924522085797,43.72318835479916,43.869146633345196,82514800,AAPL
2018-06-21,43.65963363647461,44.33997608225244,43.53721804711214,44.081020718622625,102847600,AAPL
2018-06-22,43.532508850097656,43.82206541739633,43.48071777729794,43.81500332493383,108801600,AAPL
2018-06-25,42.8851203918457,43.532505154775784,42.546125613973516,43.174676934564935,126652400,AAPL
2018-06-26,43.41714096069336,43.91150882186298,42.97221132248508,43.07814985852925,98276800,AAPL
2018-06-27,43.35358810424805,44.08807431465228,43.322983314777396,43.605477734770446,101141200,AAPL
2018-06-28,43.669036865234375,43.83618139009923,43.268836167640984,43.33946066536009,69460800,AAPL
2018-06-29,43.577239990234375,44.06689878053816,43.05933282868056,43.855025219825926,90950800,AAPL
2018-07-02,44.064537048339844,44.092789008299924,43.179386798681435,43.27355401169523,70925200,AAPL
2018-07-03,43.29709243774414,44.24580509220455,43.20763448482043,44.208138207593315,55819200,AAPL
2018-07-05,43.6454963684082,43.883265402976,43.38183539521996,43.612538746759675,66416800,AAPL
2018-07-06,44.250518798828125,44.35880661283061,43.59842471288167,43.650215786400146,69940800,AAPL
2018-07-09,44.86494064331055,44.88847975166625,44.56361275630815,44.61069456513132,79026400,AAPL
2018-07-10,44.8108024597168,45.0297345151261,44.7707791453936,44.89555116325542,63756400,AAPL
2018-07-11,44.22931671142578,44.67659917690049,44.16575430898939,44.37527136165441,75326000,AAPL
2018-07-12,44.970890045166016,45.06034802512094,44.56597989352456,44.61777097748658,72164400,AAPL
2018-07-13,45.04151153564453,45.16157071738776,44.940282208513345,44.98265836167209,50055600,AAPL
2018-07-16,44.9426383972168,45.35225418695095,44.827284883679084,45.08624028463614,60172400,AAPL
2018-07-17,45.069740295410156,45.168613153601065,44.54006196017316,44.669539604986646,62138000,AAPL
2018-07-18,44.82256317138672,45.15214300759659,44.711918948272675,45.147433749220426,65573600,AAPL
2018-07-19,45.17097473144531,45.328700755988756,44.6554205182641,44.6554205182641,81147200,AAPL
2018-07-20,45.067405700683594,45.30046196355085,44.768430580235005,45.14744515273674,82704800,AAPL
2018-07-23,45.10742950439453,45.18982538973532,44.62483273049752,44.88849381620743,63957600,AAPL
2018-07-24,45.43463897705078,45.59001217970089,45.21099769014568,45.30516130817569,74791600,AAPL
2018-07-25,45.863094329833984,45.87015642198545,45.30045464627953,45.44876576568423,66839600,AAPL
2018-07-26,45.71949005126953,46.13146216817286,45.578241031486534,45.813653669717006,76304000,AAPL
2018-07-27,44.9591178894043,45.95020696888031,44.75195714936341,45.90312514578523,96096000,AAPL
2018-07-30,44.70722198486328,45.24631543024671,44.50947619991051,45.17569090930291,84118000,AAPL
2018-07-31,44.796661376953125,45.232176117026036,44.57302012885263,44.799017801867656,157492000,AAPL
2018-08-01,47.43565368652344,47.496859688442385,46.449274010313836,46.877726800083444,271742800,AAPL
2018-08-02,48.82221984863281,49.05527961998562,47.16491669534667,47.21906058852959,249616000,AAPL
2018-08-03,48.963478088378906,49.140037574875436,48.37259004128553,48.73748036513408,133789600,AAPL
2018-08-06,49.21772384643555,49.26009639869382,48.74689855230227,48.965830589860516,101701600,AAPL
2018-08-07,48.75631332397461,49.31894940500595,48.67391746091623,49.27657685288124,102349600,AAPL
2018-08-08,48.789276123046875,48.921106644226434,48.146600536240406,48.50678163593179,90102000,AAPL
2018-08-09,49.17298889160156,49.384858811363216,48.77749382470525,49.32600565675037,93970400,AAPL
2018-08-10,49.026519775390625,49.397415528202615,48.82335475260716,48.98635970869857,98444800,AAPL
2018-08-13,49.34307861328125,49.83445457088549,49.06668031301187,49.447024012639176,103563600,AAPL
2018-08-14,49.55097961425781,49.742332045788096,49.198983276632525,49.64783817493935,82992000,AAPL
2018-08-15,49.66673278808594,49.78485191739147,49.21551684900846,49.42576875498392,115230400,AAPL
2018-08-16,50.39434814453125,50.510102586734064,49.95730591478682,50.02345234024838,114001600,AAPL
2018-08-17,51.400726318359375,51.488133330022386,50.35655353456642,50.422699965777916,141708000,AAPL
2018-08-20,50.89990234375,51.778705445399396,50.81721750232455,51.523571270388054,121150800,AAPL
2018-08-21,50.80067443847656,51.308588866242836,50.5620750907815,51.216456087953674,104639200,AAPL
2018-08-22,50.80304718017578,51.11251877669157,50.51719725085432,50.57862151592245,76072400,AAPL
2018-08-23,50.9069938659668,51.27552504663343,50.696741917780805,50.70855094931436,75532800,AAPL
2018-08-24,51.06526565551758,51.24007966949176,50.81721474938912,51.16921107177788,73905600,AAPL
2018-08-27,51.48576736450195,51.6747586949245,51.10542361873389,51.29913711900238,82100400,AAPL
2018-08-28,51.90154266357422,52.09998192790679,51.71727711744975,51.738537694761895,91107200,AAPL
2018-08-29,52.67641067504883,52.796894504886076,51.83304188973848,52.00785590995711,109019200,AAPL
2018-08-30,53.160701751708984,53.923750413942706,52.53939389969296,52.740197886722456,195175200,AAPL
2018-08-31,53.77493667602539,54.06786992253098,53.38986701264784,53.51034727325471,173360400,AAPL
2018-09-04,53.9473762512207,54.141089775298994,53.53868501730448,53.959188886707125,109560400,AAPL
2018-09-05,53.59537887573242,54.25684679851635,53.177239704245125,54.0962064940442,133332000,AAPL
2018-09-06,52.70475769042969,53.70877030386008,52.27952809791721,53.44418099923575,137160000,AAPL
2018-09-07,52.27953338623047,53.2410213353136,52.140153662691596,52.40946516440661,150479200,AAPL
2018-09-10,51.57789993286133,52.40945962051581,51.13849662341598,52.19684302288819,158066000,AAPL
2018-09-11,52.881935119628906,52.98824161403199,51.15975621240195,51.50230096312733,142996000,AAPL
2018-09-12,52.225181579589844,53.153595992668166,51.93460599277283,53.13942227715688,197114800,AAPL
2018-09-13,53.4867057800293,53.9450085851955,52.57955171881712,52.80397734684011,166825600,AAPL
2018-09-14,52.87956619262695,53.58828090480204,52.56773359371882,53.33078209117536,127997200,AAPL
2018-09-17,51.471588134765625,52.66931411966583,51.327482666276865,52.480322809477535,148780400,AAPL
2018-09-18,51.556636810302734,52.4094570342222,51.29204751995925,51.450326714380196,126286800,AAPL
2018-09-19,51.58736038208008,51.88265827977429,50.862110619792645,51.61807251694769,108495200,AAPL
2018-09-20,51.97951126098633,52.51104741962864,51.77162040987671,52.02912288853213,106435200,AAPL
2018-09-21,51.419612884521484,52.293693595499825,51.332202290127185,52.1566749925256,384986800,AAPL
2018-09-24,52.15904235839844,52.27007462582272,51.17629396428062,51.22117980915976,110773600,AAPL
2018-09-25,52.48978042602539,52.63861168577063,51.901545851293584,51.91335848542905,98217600,AAPL
2018-09-26,52.07163619995117,52.85831002869763,51.91571808512725,52.20865482164101,95938800,AAPL
2018-09-27,53.14179229736328,53.49378857882078,52.80869550800178,52.87484553269253,120724800,AAPL
2018-09-28,53.328426361083984,53.35204802436929,52.922096263594824,53.103997129259895,91717600,AAPL
2018-10-01,53.68751525878906,54.19779085665743,53.472541143372936,53.850520264056215,94403200,AAPL
2018-10-02,54.16471481323242,54.33480667031632,53.53868478695852,53.68515137317123,99152800,AAPL
2018-10-03,54.823822021484375,55.154554187596624,54.282834315481175,54.34661966348506,114619200,AAPL
2018-10-04,53.859962463378906,54.88996142629786,53.56229994728196,54.51906562598968,128168000,AAPL
2018-10-05,52.985870361328125,53.959174308019705,52.10942855757086,53.85286782678433,134322000,AAPL
2018-10-08,52.863033294677734,53.10635839957943,52.0196610265491,52.494502207825064,118655600,AAPL
2018-10-09,53.59537887573242,53.68987635310737,52.50395914620055,52.832330220069366,107564000,AAPL
2018-10-10,51.11250686645508,53.47252823327348,51.03927358720979,53.26227633927173,167962400,AAPL
2018-10-11,50.66129684448242,51.854300842204054,50.15811177498409,50.67783525382728,212497600,AAPL
2018-10-12,52.47087860107422,52.652783065490866,51.225901996474846,52.071635376118714,161351600,AAPL
2018-10-15,51.348751068115234,52.4047364348411,51.32749048871511,52.24645722479021,123164000,AAPL
2018-10-16,52.48031997680664,52.6787628243834,51.20699609467612,51.719632607771864,116736000,AAPL
2018-10-17,52.2535400390625,52.59608478681421,51.81649782677638,52.515764645492226,91541600,AAPL
2018-10-18,51.03219985961914,51.91100664611243,50.31875916634545,51.46687747742795,130325200,AAPL
2018-10-19,51.80941390991211,52.27007781096182,51.36528481315141,51.51411607530205,132314800,AAPL
2018-10-22,52.125972747802734,52.76618004452115,51.72200732540533,51.9228076917488,115168400,AAPL
2018-10-23,52.617340087890625,52.740184977111134,50.720347384705434,50.98729773876846,155071200,AAPL
2018-10-24,50.81248474121094,52.971702219608254,50.682552981710785,52.58663632017464,163702000,AAPL
2018-10-25,51.9251708984375,52.298427786327714,51.20464347576049,51.431433794182205,119423200,AAPL
2018-10-26,51.09834671020508,52.01731358357668,50.24080049918027,51.003849224236355,189033600,AAPL
2018-10-29,50.13920211791992,51.89917617134046,48.686334872902606,51.78105705896714,183742000,AAPL
2018-10-30,50.38962173461914,50.8337472135886,49.43758183225462,49.88170731122408,146640000,AAPL
2018-10-31,51.70310592651367,52.07872389622704,51.17393092438422,51.23535517923457,153435600,AAPL
2018-11-01,52.49687576293945,52.529948981033634,51.21882568388859,51.7480007781059,233292800,AAPL
2018-11-02,49.01471710205078,50.47230685045314,48.530427909312415,49.50373206968647,365314800,AAPL
2018-11-05,47.6232795715332,48.28474755386058,46.815344991977874,48.26348697130372,264654800,AAPL
2018-11-06,48.138267517089844,48.362693125746915,47.64689154182379,47.70122532809226,127531600,AAPL
2018-11-07,49.59822463989258,49.62421099408189,48.223319767020705,48.65799732372377,133697600,AAPL
2018-11-08,49.425174713134766,49.81158422834098,49.01268455420354,49.778395614446815,101450400,AAPL
2018-11-09,48.4721794128418,48.83725414465748,47.94590026761649,48.72820739840714,137463200,AAPL
2018-11-12,46.03043746948242,47.37695470965315,45.940352537920646,47.175450083987386,204542000,AAPL
2018-11-13,45.57052993774414,46.743988758610655,45.38562145044577,45.42829458759235,187531600,AAPL
2018-11-14,44.283294677734375,46.1039337207125,44.07704775470096,45.9664369777863,243204000,AAPL
2018-11-15,45.37613296508789,45.50888738331428,44.306978799247624,44.66020321846803,185915200,AAPL
2018-11-16,45.87872314453125,46.22009385580825,44.91388027599369,45.16042378008925,147713200,AAPL
2018-11-19,44.06043243408203,45.20781396279465,43.85418923515305,45.04187095116867,167701200,AAPL
2018-11-20,41.955318450927734,43.019730332834,41.6068363013813,42.28483516720722,271300800,AAPL
2018-11-21,41.90790939331055,42.73525883894707,41.85338602993736,42.60724306041743,124496800,AAPL
2018-11-23,40.843502044677734,41.865244596069026,40.798463202121155,41.47171992481934,94496000,AAPL
2018-11-26,41.39585494995117,41.47408601348081,40.362262246396874,41.30577365457601,179994000,AAPL
2018-11-27,41.30577087402344,41.43141370833802,40.509240737589266,40.658587651286105,165549600,AAPL
2018-11-28,42.89410400390625,42.977073736920254,41.46935557640088,41.89606894584748,184250000,AAPL
2018-11-29,42.5645751953125,43.335028367317676,42.126008096640945,43.30183975998431,167080000,AAPL
2018-11-30,42.33462142944336,42.749480801948096,41.96717383319612,42.7399962763246,158126000,AAPL
2018-12-03,43.81390380859375,43.84235015808843,42.95810782751556,43.72856114282213,163210000,AAPL
2018-12-04,41.8865852355957,43.237841134153726,41.78701939225855,42.89647046140482,165377200,AAPL
2018-12-06,41.4195671081543,41.43379028172995,40.40019746688139,40.71786040102842,172393600,AAPL
2018-12-07,39.94267272949219,41.36504811416553,39.89763026354484,41.1279855500533,169126400,AAPL
2018-12-10,40.20581817626953,40.32197653453872,38.71943466995566,39.115328775609974,248104000,AAPL
2018-12-11,39.97584533691406,40.724959990414554,39.58943235460401,40.69414432917458,189126800,AAPL
2018-12-12,40.0872802734375,40.75579481048931,40.06831483459586,40.3954587070733,142510800,AAPL
2018-12-13,40.52583694458008,40.909880685541545,40.19395086452644,40.41679021139973,127594400,AAPL
2018-12-14,39.229122161865234,40.08254905855672,39.181710360335394,40.06358361448707,162814800,AAPL
2018-12-17,38.864036560058594,39.909483314980214,38.57718927162782,39.22199972246695,177151600,AAPL
2018-12-18,39.36897659301758,39.71508586552915,38.97070965657398,39.20540286647577,135366000,AAPL
2018-12-19,38.1410026550293,39.69613277653148,37.71428923942484,39.35239272020422,196189200,AAPL
2018-12-20,37.17852783203125,38.430218065260014,36.81582234497566,38.02483942939825,259092000,AAPL
2018-12-21,35.7324333190918,37.4938097578085,35.47166671241152,37.185627752379936,382978400,AAPL
2018-12-24,34.807891845703125,35.92682728092065,34.75099553606444,35.120812505498044,148676800,AAPL
2018-12-26,37.259117126464844,37.27334029939218,34.78181443000984,35.15637365867392,234330000,AAPL
2018-12-27,37.017337799072266,37.16431912743318,35.57599981920285,36.94384894353661,212468400,AAPL
2018-12-28,37.036285400390625,37.57916072752673,36.63802200723716,37.33735588609049,169165600,AAPL
2018-12-31,37.39424133300781,37.778281438629776,37.095540257713566,37.5815191228161,140014000,AAPL
2019-01-02,37.43692398071289,37.65739407159221,36.56216244012711,36.718624618520415,148158800,AAPL
2019-01-03,33.707923889160156,34.54475438454186,33.66288142679495,34.132264253567534,365248800,AAPL
2019-01-04,35.14689254760742,35.21564271315385,34.0895955946681,34.262650244247524,234428400,AAPL
2019-01-07,35.06865310668945,35.282011522303684,34.58741653180372,35.2511922404592,219111200,AAPL
2019-01-08,35.73716735839844,35.990825937637695,35.20851906305133,35.45506244028608,164101200,AAPL
2019-01-09,36.34405517578125,36.63327174603661,35.47166681895574,35.865187861824275,180396400,AAPL
2019-01-10,36.460227966308594,36.50052817352975,35.76326335572206,36.15204586823649,143122800,AAPL
2019-01-11,36.10224151611328,36.436500462808716,35.917333081193725,36.24211112081289,108092800,AAPL
2019-01-14,35.55938720703125,35.860457698224735,35.37447868293772,35.7608918481196,129756800,AAPL
2019-01-15,36.28717803955078,36.36303619917637,35.57124789339957,35.623401960705934,114843600,AAPL
2019-01-16,36.730464935302734,36.95330426774839,36.270563098942425,36.28952853333001,122278800,AAPL
2019-01-17,36.948570251464844,37.37528357720768,36.33220615680434,36.55504553898602,119284800,AAPL
2019-01-18,37.176143646240234,37.427429321935136,36.97700839356735,37.33734441280423,135004000,AAPL
2019-01-22,36.3416862487793,37.154808983139375,36.18048184882576,37.07895085520432,121576000,AAPL
2019-01-23,36.48867416381836,36.77789081890716,35.96239491388877,36.54319754779106,92522400,AAPL
2019-01-24,36.199459075927734,36.621430223629844,35.9718810007093,36.53371821727361,101766000,AAPL
2019-01-25,37.398983001708984,37.48669859655838,36.58349094638172,36.85848072889009,134142000,AAPL
2019-01-28,37.05287551879883,37.05998710557618,36.4270305613809,36.93197130900929,104768400,AAPL
2019-01-29,36.668846130371094,37.48671510346252,36.53372231130948,37.0410361983911,166348800,AAPL
2019-01-30,39.17457962036133,39.38793443159078,37.98452481209461,38.70045460226316,244439200,AAPL
2019-01-31,39.45668411254883,40.06356354968348,39.01100544334011,39.37845305142474,162958400,AAPL
2019-02-01,39.47565841674805,40.058830287377425,39.33578875751876,39.5799665216834,130672400,AAPL
2019-02-04,40.59695053100586,40.69414701794417,39.65581217675817,39.686631457320665,125982000,AAPL
2019-02-05,41.291542053222656,41.50490046088107,40.85772088728547,40.978621452858036,144406400,AAPL
2019-02-06,41.30577087402344,41.621064429829325,40.976254147130874,41.402963748878,112958400,AAPL
2019-02-07,40.52347946166992,41.23466722725265,40.381240461638164,40.869588815238885,126966800,AAPL
2019-02-08,40.57109451293945,40.63061433812733,40.09731539663526,40.23302234180851,95280000,AAPL
2019-02-11,40.337772369384766,40.76155684785086,40.29491984092061,40.723463289570496,83973600,AAPL
2019-02-12,40.685367584228516,40.71155645006401,40.402052662772235,40.497286553447424,89134000,AAPL
2019-02-13,40.516326904296875,41.06390993130662,40.454427604228414,40.80440440861806,89960800,AAPL
2019-02-14,40.663936614990234,40.77345103559048,40.325864516022556,40.40443110443633,87342800,AAPL
2019-02-15,40.57346725463867,40.87820841832707,40.41395458558312,40.77107347735558,98507200,AAPL
2019-02-19,40.69489288330078,40.816315650930065,40.352061743881706,40.404439480348884,75891200,AAPL
2019-02-20,40.95676803588867,41.263892264881214,40.70916724485647,40.75678236242413,104457600,AAPL
2019-02-21,40.725833892822266,41.037717113521,40.54489497965377,40.902013836844844,68998800,AAPL
2019-02-22,41.180572509765625,41.18771459739539,40.80202733418214,40.84964246264774,75652800,AAPL
2019-02-25,41.48054122924805,41.87099100234358,41.41387933868056,41.463877573006464,87493600,AAPL
2019-02-26,41.50436019897461,41.735297384970416,41.22818736975056,41.35675221185204,68280800,AAPL
2019-02-27,41.632911682128906,41.663863142959855,41.12342230100702,41.237702941244116,111341600,AAPL
2019-02-28,41.223426818847656,41.642448686195074,41.16866960038352,41.501982779664566,112861600,AAPL
2019-03-01,41.6567268371582,41.69957935859273,41.1615215591532,41.49245157272372,103544800,AAPL
2019-03-04,41.86623764038086,42.3185867630682,41.41864748708526,41.82814408844058,109744800,AAPL
2019-03-05,41.79004669189453,41.90194421992407,41.5543469478492,41.88766004746085,78949600,AAPL
2019-03-06,41.549598693847656,41.78053589569321,41.41151226975844,41.58530913421484,83241600,AAPL
2019-03-07,41.06867599487305,41.5305503815129,40.95439895711522,41.394843447524245,99185600,AAPL
2019-03-08,41.16629409790039,41.20438765912665,40.35444278417519,40.54966956085832,95997600,AAPL
2019-03-11,42.59237289428711,42.64475061563465,41.74719453203529,41.78052547900183,128044000,AAPL
2019-03-12,43.0709228515625,43.48994107105625,42.70427873080419,42.85426983773272,129870400,AAPL
2019-03-13,43.261375427246094,43.63992050434659,43.073290814457465,43.389936603936654,124130000,AAPL
2019-03-14,43.7423095703125,43.83040138322581,43.46375722016386,43.7827826161151,94318000,AAPL
2019-03-15,44.311309814453125,44.59938731167194,43.744683657393075,44.00895177597191,156171600,AAPL
2019-03-18,44.763671875,44.85176005521902,44.23275241004252,44.235135528082104,104879200,AAPL
2019-03-19,44.40892028808594,44.99459681614695,44.26369180656518,44.842226248059674,126585600,AAPL
2019-03-20,44.796993255615234,45.11363909902574,43.98037952623001,44.337498406840204,124140800,AAPL
2019-03-21,46.4468879699707,46.742107598369216,45.18982960517974,45.23982785468012,204136800,AAPL
2019-03-22,45.48503875732422,47.06588473880765,45.420756346429926,46.50639708117386,169630800,AAPL
2019-03-25,44.935081481933594,45.70645597035694,44.42559200356954,45.59455842593482,175381200,AAPL
2019-03-26,44.47083282470703,45.920738587065536,43.94467958269551,45.630281537534415,199202000,AAPL
2019-03-27,44.87080383300781,45.17792451700558,44.41369203462886,44.93746574322131,119393600,AAPL
2019-03-28,44.93031692504883,45.13030262573335,44.647002032678536,44.98507413606459,83121600,AAPL
2019-03-29,45.2231559753418,45.2541074425039,44.887463337480106,45.19458762583912,94256000,AAPL
2019-04-01,45.5302848815918,45.635036717993124,44.84937796457391,45.62551514479362,111448000,AAPL
2019-04-02,46.192134857177734,46.29689030333463,45.48503922841955,45.49456079952432,91062800,AAPL
2019-04-03,46.508792877197266,46.782582620071864,45.985015509051685,46.00882489225897,93087200,AAPL
2019-04-04,46.58972930908203,46.751621456363765,45.98262649117338,46.37545580304311,76457200,AAPL
2019-04-05,46.901607513427734,46.925416889143655,46.64686099790996,46.77066321259153,74106400,AAPL
2019-04-08,47.6396598815918,47.67060771411414,46.74447956713856,46.763526343275984,103526800,AAPL
2019-04-09,47.49681091308594,48.294377862741904,47.432528497673395,47.692037644042145,143072800,AAPL
2019-04-10,47.763458251953125,47.792030232425006,47.1825442973062,47.30158392300267,86781200,AAPL
2019-04-11,47.36587905883789,47.853942381829896,47.24445991582706,47.81823193765084,83603200,AAPL
2019-04-12,47.346824645996094,47.64918634491624,46.71353653021887,47.42539124332817,111042800,AAPL
2019-04-15,47.43253707885742,47.58014871253934,47.1420800473952,47.27778698972833,70146400,AAPL
2019-04-16,47.43729782104492,47.942024745778596,47.273022532160425,47.487296069627796,102785600,AAPL
2019-04-17,48.36103439331055,48.42055419987631,47.28491527341734,47.50632721009765,115627200,AAPL
2019-04-18,48.53483581542969,48.6038771991631,48.21581049384585,48.35865586347392,96783200,AAPL
2019-04-22,48.6943473815918,48.791960743297345,48.17295325708763,48.28961339420896,77758000,AAPL
2019-04-23,49.396690368652344,49.46097279452284,48.54436606939777,48.67054780323138,93292000,AAPL
2019-04-24,49.320499420166016,49.63476214823507,49.294310556760166,49.36811454468543,70162400,AAPL
2019-04-25,48.87291717529297,49.46335280715113,48.83482361638554,49.24194080750497,74172800,AAPL
2019-04-26,48.639591217041016,48.806245964505955,48.12057656602047,48.7824365865248,74596400,AAPL
2019-04-29,48.71340560913086,49.03719360171723,48.534846134531065,48.66340735781012,88818800,AAPL
2019-04-30,47.775367736816406,48.4253231411779,47.403964648609836,48.34437705945112,186139600,AAPL
2019-05-01,50.12045669555664,51.26085497694235,49.81333235534916,49.96808608448377,259309200,AAPL
2019-05-02,49.79428482055664,50.627562381913904,49.551446546864156,49.958560121043945,127985200,AAPL
2019-05-03,50.41328048706055,50.4347067473906,50.05139901490421,50.208532189593264,83569600,AAPL
2019-05-06,49.634765625,49.720474308259035,48.44913186725117,48.63721289375776,129772400,AAPL
2019-05-07,48.29677200317383,49.38241314366386,47.81347126416446,49.015772581685184,155054800,AAPL
2019-05-08,48.306270599365234,48.88718445714394,48.03248095903861,48.06819138767236,105358000,AAPL
2019-05-09,47.78727340698242,48.01582748157981,46.8206721107276,47.71108629358228,139634400,AAPL
2019-05-10,47.125244140625,47.524370793548194,46.071274225403876,47.1826045112537,164834800,AAPL
2019-05-13,44.386356353759766,45.28498038440615,43.70043870801492,44.861959909569315,229722400,AAPL
2019-05-14,45.08900451660156,45.33755885279071,44.31226720167281,44.551263298573964,146118800,AAPL
2019-05-15,45.62913131713867,45.82749850185416,44.458051979718945,44.51780099992997,106178800,AAPL
2019-05-16,45.428375244140625,45.999575728464684,45.13201879261702,45.387746348226955,132125600,AAPL
2019-05-17,45.170265197753906,45.624356352136516,44.63491259367641,44.67554149512822,131516400,AAPL
2019-05-20,43.757789611816406,44.058926994173994,43.08621123813103,43.86055981831974,154449200,AAPL
2019-05-21,44.59667205810547,44.93126512693006,44.14257729693959,44.26685628541341,113459200,AAPL
2019-05-22,43.68369674682617,44.3839570539406,43.62872867766116,44.13301047771474,118994400,AAPL
2019-05-23,42.938045501708984,43.14835961585324,42.49590120341213,42.97150481396772,146118800,AAPL
2019-05-24,42.77313995361328,43.53075728840777,42.68948984494602,43.06710418805219,94858800,AAPL
2019-05-28,42.596275329589844,43.16030629063083,42.519798471322034,42.76118322768103,111792800,AAPL
2019-05-29,42.39313888549805,42.86396159975517,42.063323026611435,42.16370097349173,113924800,AAPL
2019-05-30,42.613014221191406,42.83527888995401,42.22344933020406,42.52936411007904,84873600,AAPL
2019-05-31,41.8410530090332,42.53892125066101,41.82193288157596,42.118285740184604,108174400,AAPL
2019-06-03,41.41802215576172,42.522182898713545,40.69386431177502,41.96771387923834,161584400,AAPL
2019-06-04,42.93326187133789,42.978671716588416,41.70960293183085,41.92947891959907,123872000,AAPL
2019-06-05,43.6263542175293,44.21189768368727,43.29176107697479,44.042208818039946,119093600,AAPL
2019-06-06,44.2668571472168,44.326606171155184,43.5331373827937,43.75540564817583,90105200,AAPL
2019-06-07,45.445106506347656,45.86813062026095,44.398306078529586,44.575160856832326,122737600,AAPL
2019-06-10,46.0258674621582,46.69266494884902,45.796429611108664,45.84183945170739,104883600,AAPL
2019-06-11,46.558834075927734,46.843240045404315,46.26965080968736,46.57078461142005,107731600,AAPL
2019-06-12,46.41065216064453,46.83606491698479,46.21945455574318,46.353291785136825,73012800,AAPL
2019-06-13,46.401092529296875,47.03204210337555,46.269647588406826,46.53254111697809,86698400,AAPL
2019-06-14,46.06410217285156,46.26724663690452,45.48095119972922,45.779696276386936,75046000,AAPL
2019-06-17,46.33893585205078,46.59466333110736,45.92786242648726,46.10232849125177,58676400,AAPL
2019-06-18,47.428775787353516,47.86852774049729,46.65443074959841,46.85518660036521,106204000,AAPL
2019-06-19,47.29016876220703,47.77055337521415,47.156331496801336,47.72275122603328,84496800,AAPL
2019-06-20,47.67015838623047,47.94500241181626,47.32839210507154,47.88764204137815,86056000,AAPL
2019-06-21,47.50764465332031,48.002368332728025,47.35707594275429,47.512425596440636,191202400,AAPL
2019-06-24,47.45984649658203,47.837460776342034,47.361857219276544,47.45028461027407,72881600,AAPL
2019-06-25,46.74047088623047,47.62236346699699,46.67354862052132,47.42399625849341,84281200,AAPL
2019-06-26,47.751426696777344,48.03583267016002,47.165886917526144,47.26626485281565,104270000,AAPL
2019-06-27,47.737083435058594,48.17444674582689,47.69645453473033,47.86852837567722,83598800,AAPL
2019-06-28,47.3021125793457,47.67972689411709,47.09418711775815,47.48374832133551,124442400,AAPL
2019-07-01,48.1696662902832,48.87231543119535,47.9545676050374,48.556838818217976,109012000,AAPL
2019-07-02,48.45167922973633,48.54727985958251,48.12425573364212,48.13620626822179,67740800,AAPL
2019-07-03,48.85319137573242,48.86036096665152,48.44211781134659,48.583124628476725,45448000,AAPL
2019-07-05,48.81016540527344,49.01331351953692,48.492300200743436,48.599851347583254,69062000,AAPL
2019-07-08,47.80399703979492,48.133809151047075,47.419213204341766,47.99280233879046,101354400,AAPL
2019-07-09,48.095577239990234,48.160103562324515,47.51481481144376,47.60802314605108,82312000,AAPL
2019-07-10,48.571170806884766,48.690668843168744,48.17204780331115,48.24135870655863,71588400,AAPL
2019-07-11,48.21747589111328,48.84842561563833,48.207917649180615,48.59030932195189,80767200,AAPL
2019-07-12,48.58790969848633,48.75520624546054,48.32501251981883,48.38476154708042,70380800,AAPL
2019-07-15,49.04438400268555,49.202118633701346,48.75519716004061,48.776705930616785,67789600,AAPL
2019-07-16,48.87470245361328,49.25948632051337,48.63570635359561,48.89621122738501,67467200,AAPL
2019-07-17,48.599853515625,49.0157043539387,48.58073339192921,48.76715003947481,56430000,AAPL
2019-07-18,49.151947021484375,49.204526464021136,48.6835129825546,48.75521255390398,74162400,AAPL
2019-07-19,48.418216705322266,49.35269228680589,48.36324862605585,49.18300345934316,83717200,AAPL
2019-07-22,49.5247688293457,49.52715747734154,48.661992820040304,48.67155105881449,89111600,AAPL
2019-07-23,49.91194152832031,49.928673004733994,49.541496867121964,49.821125495815984,73420800,AAPL
2019-07-24,49.8713264465332,49.98604357803794,49.512832219638,49.63233029526973,59966400,AAPL
2019-07-25,49.47696304321289,50.00753456328713,49.40765214685897,49.9238844874918,55638400,AAPL
2019-07-26,49.649044036865234,50.124643874002366,49.505644938626475,49.58690272579285,70475600,AAPL
2019-07-29,50.112709045410156,50.34214694513412,49.81635616480668,49.821137108723676,86693600,AAPL
2019-07-30,49.89760208129883,50.2274178438979,49.54627754638872,49.892821138521654,135742800,AAPL
2019-07-31,50.91572189331055,52.906559623159254,50.499871059371,51.72352978870497,277125600,AAPL
2019-08-01,49.81394958496094,52.108313337109216,49.410049286192155,51.12125839181598,216071600,AAPL
2019-08-02,48.75999069213867,49.33596858476301,48.18879009634884,49.12087352988322,163448400,AAPL
2019-08-05,46.2075080871582,47.476576876746385,46.02587235225602,47.3188422121064,209572000,AAPL
2019-08-06,47.08222961425781,47.337957180388806,46.37479958500888,46.91732172907666,143299200,AAPL
2019-08-07,47.56977081298828,47.6940497764988,46.32221482308076,46.70221765637174,133457600,AAPL
2019-08-08,48.61896896362305,48.642870029434654,47.653426441558544,47.84701267554443,108038000,AAPL
2019-08-09,48.21834182739258,48.64296958479051,47.810501798191915,48.29271153651943,98478800,AAPL
2019-08-12,48.095985412597656,48.47263670436005,47.776912437595854,47.889667686680966,89927600,AAPL
2019-08-13,50.13277816772461,50.89327399998517,48.09599030561405,48.225540616343345,188874000,AAPL
2019-08-14,48.64057540893555,49.525822471872054,48.60218985928062,48.738937007183495,146189600,AAPL
2019-08-15,48.39826202392578,49.213934627282455,47.90165870212019,48.81089743333585,108909600,AAPL
2019-08-16,49.54021072387695,49.69854835341414,48.90206475803103,49.00762317772249,110481600,AAPL
2019-08-19,50.46384048461914,51.03480988446153,50.387069397884126,50.52861197082405,97654400,AAPL
2019-08-20,50.466243743896484,51.18355856408945,50.456649187325645,50.590994943201196,107537200,AAPL
2019-08-21,51.01321792602539,51.25551979787076,50.76371922258588,51.0971858421528,86141600,AAPL
2019-08-22,50.970035552978516,51.4450447285328,50.55979786001343,51.14516455142714,89014800,AAPL
2019-08-23,48.614173889160156,50.87167268359999,48.22073125322143,50.2431213591193,187272000,AAPL
2019-08-26,49.537803649902344,49.70573580378424,49.19473885065766,49.38666288108543,104174400,AAPL
2019-08-27,48.97883224487305,50.03201131914729,48.82769145865033,49.86647686959799,103493200,AAPL
2019-08-28,49.307498931884766,49.35308130541824,48.77731281814011,48.964437759537844,63755200,AAPL
2019-08-29,50.142356872558594,50.21673022183767,49.57858440865534,50.02000709390255,83962000,AAPL
2019-08-30,50.07759475708008,50.4878288131881,49.70814030749895,50.418258218749706,84573600,AAPL
2019-09-03,49.3482780456543,49.65535503445335,48.99322096372661,49.523407032864746,80092000,AAPL
2019-09-04,50.185546875,50.255117463865645,49.73692731137663,49.993622833766814,76752400,AAPL
2019-09-05,51.16675567626953,51.332290121775586,50.74212431527314,50.859678663980254,95654800,AAPL
2019-09-06,51.16196060180664,51.44025031008519,50.98203247914074,51.35148694097706,77449200,AAPL
2019-09-09,51.380287170410156,51.92487078340107,50.63658627304148,51.54102256107353,109237600,AAPL
2019-09-10,51.98723220825195,52.00642498087169,50.79011275885333,51.30590525316312,127111600,AAPL
2019-09-11,53.64016342163086,53.668954406402584,52.234325076720765,52.31589526281973,177158400,AAPL
2019-09-12,53.52021789550781,54.31909918340094,53.46504096397798,53.930455617643666,128906800,AAPL
2019-09-13,52.47903060913086,52.968433443898334,52.06399747203743,52.77891078404018,159053200,AAPL
2019-09-16,52.75493621826172,52.810116824219136,52.19356122516146,52.23434450305529,84632400,AAPL
2019-09-17,52.946842193603516,52.975633179223315,52.567793218654614,52.769315475406735,73274800,AAPL
2019-09-18,53.44344711303711,53.46263988380928,52.64456587529819,53.0332094166562,101360000,AAPL
2019-09-19,53.00923156738281,53.68096037256668,52.867685312832165,53.26112803900305,88242400,AAPL
2019-09-20,52.23434066772461,53.39307839803144,52.17196689328703,53.10999319791364,221652400,AAPL
2019-09-23,52.47183609008789,52.74052756724027,52.21513689194302,52.52701301972165,76662000,AAPL
2019-09-24,52.222328186035156,53.37627010251863,52.10477750756929,53.02600846924604,124763200,AAPL
2019-09-25,53.0260124206543,53.13876766068672,52.092785451052755,52.43105117115003,87613600,AAPL
2019-09-26,52.75252151489258,53.00442159553428,52.49822371066928,52.778911116876884,75334000,AAPL
2019-09-27,52.49584197998047,53.009236852643035,52.12638743964562,52.90847386117149,101408000,AAPL
2019-09-30,53.73133087158203,53.8776725443419,52.968433797976715,52.99482339997101,103909600,AAPL
2019-10-01,53.88007736206055,54.75093068188669,53.78651488097034,53.995234000823245,139223200,AAPL
2019-10-02,52.529415130615234,53.63777114984615,52.28231048438784,53.5130199648798,138449200,AAPL
2019-10-03,52.975643157958984,53.00922959696973,51.610587778437704,52.4022686494978,114426000,AAPL
2019-10-04,54.46064376831055,54.57580040442291,53.712143936815686,54.131976230110034,138478800,AAPL
2019-10-07,54.47263717651367,55.161160934101474,54.17995381280001,54.28311450360741,122306000,AAPL
2019-10-08,53.83449172973633,54.71254182883536,53.817700342169445,54.17515885634394,111820000,AAPL
2019-10-09,54.46543502807617,54.647760851343286,54.13196842959568,54.46543502807617,74770400,AAPL
2019-10-10,55.19953918457031,55.283507092490474,54.53020828720955,54.68134539656082,113013600,AAPL
2019-10-11,56.66775894165039,57.01082010729211,55.73213059230201,55.88566909661836,166795600,AAPL
2019-10-14,56.58618927001953,57.128374978236515,56.298305029368485,56.35348195750364,96427600,AAPL
2019-10-15,56.45423889160156,57.013212266031545,56.348680493815976,56.710934394719835,87360000,AAPL
2019-10-16,56.22633361816406,56.43505271476371,55.94564620616464,55.986429471773434,73903200,AAPL
2019-10-17,56.44465255737305,56.653368012877294,56.02242253800609,56.39907017958543,67585200,AAPL
2019-10-18,56.71574401855469,56.99643144981467,56.20714470406706,56.279116685052266,97433600,AAPL
2019-10-21,57.69934844970703,57.8145050826637,56.93405725098848,56.9820373510636,87247200,AAPL
2019-10-22,57.56739807128906,58.10478099298496,57.48582788297742,57.85528230228995,82293600,AAPL
2019-10-23,58.33988952636719,58.35428685033186,57.869679441632414,58.08079626535233,75828800,AAPL
2019-10-24,58.43585205078125,58.72853540039477,58.011220689350694,58.65896114841544,69275200,AAPL
2019-10-25,59.15556716918945,59.19155132829628,58.26792252496766,58.33509539573167,73477200,AAPL
2019-10-28,59.74813461303711,59.796114715182654,59.18915745445604,59.35708964228901,96572800,AAPL
2019-10-29,58.36627197265625,59.916054204609026,58.193544373374564,59.72892928312802,142839600,AAPL
2019-10-30,58.35908126831055,58.84848777636585,57.86728069727359,58.71893748749666,124522000,AAPL
2019-10-31,59.678558349609375,59.7769199351258,56.919660471431264,59.31390665702909,139162000,AAPL
2019-11-01,61.372291564941406,61.39867751158636,59.774528783015874,59.86568988585981,151125200,AAPL
2019-11-04,61.77531433105469,61.859282241976885,61.26671873981368,61.73452740702055,103272000,AAPL
2019-11-05,61.68655014038086,61.94084793256841,61.492228380714764,61.667353710049895,79897600,AAPL
2019-11-06,61.71293640136719,61.772912434200514,61.26431684718079,61.60018116678881,75864400,AAPL
2019-11-07,62.42518615722656,62.646563835655755,62.10756018771795,62.259154734223145,94940400,AAPL
2019-11-08,62.59603500366211,62.668219386425065,61.804378670750026,62.24712668600199,69986400,AAPL
2019-11-11,63.091712951660156,63.156678888188175,62.148462187224695,62.15327203106168,81821200,AAPL
2019-11-12,63.033966064453125,63.2336884296262,62.78372197443297,62.93530917879608,87388800,AAPL
2019-11-13,63.63792419433594,63.7125171577842,62.81980284655738,62.83423972056204,102734400,AAPL
2019-11-14,63.197608947753906,63.73660536483951,63.06766968889383,63.464698561953334,89182800,AAPL
2019-11-15,63.94835662841797,63.95316647387239,63.286639386297004,63.44785365668856,100206400,AAPL
2019-11-18,64.27076721191406,64.35017001866998,63.58017648237061,63.95795114190618,86703200,AAPL
2019-11-19,64.07588195800781,64.4873476799983,63.859321438185184,64.46328376817914,76167200,AAPL
2019-11-20,63.32993698120117,64.02533768482304,62.65859284317202,63.89540579483597,106234400,AAPL
2019-11-21,63.04599380493164,63.5272425470032,62.84627146473904,63.45024098588622,121395200,AAPL
2019-11-22,62.99066162109375,63.32753434710897,62.76447407435324,63.18556681769094,65325200,AAPL
2019-11-25,64.09513854980469,64.11198402499917,63.16873287669626,63.21445211320928,84020400,AAPL
2019-11-26,63.59463882446289,64.28522983057158,63.16391899690021,64.23229215710982,105207600,AAPL
2019-11-27,64.4488296508789,64.482520587069,63.84005029539335,63.905016230980486,65235600,AAPL
2019-11-29,64.30687713623047,64.48734545373158,63.98203269607354,64.15047272971776,46617600,AAPL
2019-12-02,63.56336212158203,64.5475153419682,63.3925208006526,64.31170071316927,94487200,AAPL
2019-12-03,62.43001174926758,62.4492584727649,61.66963766381255,62.155696372325146,114430400,AAPL
2019-12-04,62.98103713989258,63.35881926446583,62.72597582676955,62.81982288100207,67181600,AAPL
2019-12-05,63.905033111572266,63.97963344094569,63.21925935829681,63.474320667525724,74424400,AAPL
2019-12-06,65.13943481445312,65.2092179525118,64.31890465939279,64.36222263596946,106075600,AAPL
2019-12-09,64.22746276855469,65.16107919501087,63.74380541469702,64.96858262823653,128042400,AAPL
2019-12-10,64.60283660888672,64.98542849439848,63.97239456081009,64.631710359752,90420400,AAPL
2019-12-11,65.15386962890625,65.23327979738657,64.60765485527283,64.68224783580021,78756800,AAPL
2019-12-12,65.3199234008789,65.58461181421377,64.3237418094073,64.43442702106485,137310400,AAPL
2019-12-13,66.20780944824219,66.2439016435434,65.19237407521152,65.31990472745893,133587600,AAPL
2019-12-16,67.34115600585938,67.5649423284178,66.64816374839715,66.6529735938861,128186000,AAPL
2019-12-17,67.4734878540039,67.80073350823116,67.08607875742219,67.27136424228581,114158400,AAPL
2019-12-18,67.3122787475586,67.83202842109593,67.16309276912453,67.3267156265506,116028400,AAPL
2019-12-19,67.37966918945312,67.65879448792482,67.12220655785394,67.2545470942528,98369200,AAPL
2019-12-20,67.24008178710938,68.01248404193913,67.02833114376412,67.91142590788041,275978000,AAPL
2019-12-23,68.33732604980469,68.39748214667952,67.46385834825841,67.50235913145113,98572000,AAPL
2019-12-24,68.40230560302734,68.55149892131642,68.07746848987897,68.50337109692963,48478800,AAPL
2019-12-26,69.75943756103516,69.77628303549606,68.505786189875,68.53465994993616,93121200,AAPL
2019-12-27,69.73294067382812,70.73634754482153,69.32869348774332,70.05056661001181,146266000,AAPL
2019-12-30,70.14682006835938,70.4283538378636,68.6308893370176,69.6511344086115,144114400,AAPL
2019-12-31,70.65936279296875,70.66658123217782,69.6655827166298,69.76423961467027,100805600,AAPL
2020-01-02,72.27153015136719,72.33168624316235,71.02990753552221,71.28256018375274,135480400,AAPL
2020-01-03,71.56890869140625,72.32687403151142,71.34512977691992,71.50153415769186,146322800,AAPL
2020-01-06,72.13917541503906,72.17767619128301,70.44277672665065,70.69302810060023,118387200,AAPL
2020-01-07,71.79991912841797,72.40388138645835,71.58095004051803,72.148820106767,108872000,AAPL
2020-01-08,72.95491790771484,73.25569843032547,71.50395296037216,71.50395296037216,132079200,AAPL
2020-01-09,74.50454711914062,74.69704373534724,73.67920704582386,73.92945117823741,170108400,AAPL
2020-01-10,74.6729736328125,75.23604124225797,74.17247806619659,74.73794692643483,140644800,AAPL
2020-01-13,76.26830291748047,76.29477541829935,74.87027582985212,74.98818677177965,121532000,AAPL
2020-01-14,75.2384262084961,76.41508290193035,75.11571277328815,76.20574087506732,161954400,AAPL
2020-01-15,74.91600036621094,75.91699875877144,74.48528063092401,75.03872116096186,121923600,AAPL
2020-01-16,75.85443878173828,75.96513130059404,75.09647333767747,75.45740996278018,108829200,AAPL
2020-01-17,76.69422912597656,76.69663037690943,75.79669733616299,76.10228772628851,137816400,AAPL
2020-01-21,76.17447662353516,76.76400206376488,76.03731893774885,76.32366259336249,110843200,AAPL
2020-01-22,76.44640350341797,76.99742829902988,76.35255642743086,76.65814688652345,101832400,AAPL
2020-01-23,76.81452178955078,76.89392460217245,75.95308241577416,76.49930444611259,104472000,AAPL
2020-01-24,76.59312438964844,77.80105579584959,76.40302912649558,77.05993614375772,146537600,AAPL
2020-01-27,74.34092712402344,75.01948249541286,73.36158384540518,74.60801674004179,161940000,AAPL
2020-01-28,76.4439468383789,76.61478806293934,75.12051297398266,75.21916983415757,162234000,AAPL
2020-01-29,78.04411315917969,78.88870711130171,77.33186702648361,78.0705856603743,216229200,AAPL
2020-01-30,77.93102264404297,77.98396030536023,76.69902690059489,77.12974662934549,126743200,AAPL
2020-01-31,74.47564697265625,77.64466563733676,74.18208496382785,77.2235730132215,199588400,AAPL
2020-02-03,74.2711181640625,75.43333062820889,72.72149664968535,73.2219921031148,173788400,AAPL
2020-02-04,76.72310638427734,76.91320175349885,75.4670464773754,75.8712937858949,136616400,AAPL
2020-02-05,77.34871673583984,78.14518291668757,76.74715573258482,77.84680366564679,118826800,AAPL
2020-02-06,78.25347137451172,78.25587996873817,77.06238481315839,77.61822667711162,105425600,AAPL
2020-02-07,77.1897964477539,78.00262411427845,76.7001698716179,77.75419304088338,117684000,AAPL
2020-02-10,77.55642700195312,77.55642700195312,75.69922566317109,75.77881695682719,109348800,AAPL
2020-02-11,77.08848571777344,78.12321641331339,76.87141125259707,78.05086071182195,94323200,AAPL
2020-02-12,78.9191665649414,78.9239878248454,77.53711376977571,77.53711376977571,113730400,AAPL
2020-02-13,78.3571548461914,78.68277013503432,77.99054045797794,78.19314372730908,94747600,AAPL
2020-02-14,78.37646484375,78.62489586415948,77.86995292388279,78.32580849927255,80113600,AAPL
2020-02-18,76.94136810302734,77.12226473649841,75.88251627530599,76.06341290877705,152531200,AAPL
2020-02-19,78.05569458007812,78.28483327298406,77.1825679577684,77.1825679577684,93984000,AAPL
2020-02-20,77.2549057006836,78.30410746194534,76.75080805425196,77.81689526489554,100566000,AAPL
2020-02-21,75.5062484741211,77.29110106607291,74.891202892234,76.84970917824121,129554000,AAPL
2020-02-24,71.91966247558594,73.36683527541466,69.76096746559567,71.6977667682717,222195200,AAPL
2020-02-25,69.4836196899414,72.96889877737466,69.0132927237246,72.5878129983562,230673600,AAPL
2020-02-26,70.58587646484375,71.84733184529837,69.10252529966198,69.10976087175733,198054800,AAPL
2020-02-27,65.97179412841797,68.98191678336323,65.83672522986622,67.80006024068396,320605600,AAPL
2020-02-28,65.93318939208984,67.15123091808199,61.835280759075644,62.0499482580576,426510000,AAPL
2020-03-02,72.07161712646484,72.7059623843327,66.98480559511727,68.08465633915449,341397200,AAPL
2020-03-03,69.78268432617188,73.32343252495296,68.93367144924383,73.24384124809224,319475600,AAPL
2020-03-04,73.01951599121094,73.17870588852956,70.70163100181635,71.4999874378904,219178400,AAPL
2020-03-05,70.6510009765625,72.25012122741664,70.28679335490708,71.27810349342903,187572800,AAPL
2020-03-06,69.71273803710938,70.14448006147832,67.8314160013331,68.01713389438318,226176800,AAPL
2020-03-09,64.19900512695312,67.07405117029745,63.43441220501271,63.61530881776465,286744800,AAPL
2020-03-10,68.82271575927734,69.08803225317006,64.97082373995369,66.84491728627172,285290000,AAPL
2020-03-11,66.43246459960938,67.82898839120944,65.5713950302336,66.90521300673807,255598800,AAPL
2020-03-12,59.87195587158203,65.12278275616039,59.816481938991764,61.731574731862445,418474000,AAPL
2020-03-13,67.04510498046875,67.51543909047871,61.01039330045894,63.89027147674693,370732000,AAPL
2020-03-16,58.419960021972656,62.4889229945198,57.88691638094368,58.35724684046864,322423600,AAPL
2020-03-17,60.98869323730469,62.13436816241869,57.5010047474182,59.69829586216656,324056000,AAPL
2020-03-18,59.49569320678711,60.298874658885616,57.19227545874743,57.83144573834236,300233600,AAPL
2020-03-19,59.039833068847656,60.98386817289122,58.51643928547833,59.669353459047855,271857200,AAPL
2020-03-20,55.29165267944336,60.74025764199119,54.99256896191713,59.618696461531016,401693200,AAPL
2020-03-23,54.117027282714844,55.113165767293296,51.28056983554764,55.01186410993206,336752800,AAPL
2020-03-24,59.54634094238281,59.74170869121859,56.512101379550025,57.00896347667582,287531200,AAPL
2020-03-25,59.21831130981445,62.28872853386047,58.92405254951491,60.47976255514235,303602000,AAPL
2020-03-26,62.33456802368164,62.39245259049927,59.420925829165725,59.45951799394508,252087200,AAPL
2020-03-27,59.75376892089844,61.71468565033882,59.58734345256695,60.96215693824958,204216800,AAPL
2020-03-30,61.45902633666992,61.630276765400616,60.154157765040964,60.4773625403671,167976400,AAPL
2020-03-31,61.33359146118164,63.31139348283063,60.781255481124106,61.649560602994704,197002000,AAPL
2020-04-01,58.106414794921875,59.990151255793265,57.67708705496906,59.454696896013616,176218400,AAPL
2020-04-02,59.076011657714844,59.12907496179199,57.13921209995254,57.96892520332119,165934000,AAPL
2020-04-03,58.22700881958008,59.26173593576545,57.63849118766615,58.56227043050136,129880000,AAPL
2020-04-06,63.30657958984375,63.460940873525914,60.14933155714907,60.51594604650854,201820400,AAPL
2020-04-07,62.57333755493164,65.53281061360002,62.4696252718209,65.31572880710591,202887200,AAPL
2020-04-08,64.17485809326172,64.48840915065348,63.00747330878449,63.37167333621974,168895200,AAPL
2020-04-09,64.63797760009766,65.13966834587349,63.84444973045493,64.80923169926753,161834800,AAPL
2020-04-13,65.90666198730469,66.0152028927721,64.11698836636067,64.71515578008704,131022800,AAPL
2020-04-14,69.23514556884766,69.52458303051418,67.06438668844999,67.53472072348299,194994800,AAPL
2020-04-15,68.60323333740234,69.06150330884216,67.6866933945227,68.11360677368938,131154400,AAPL
2020-04-16,69.14834594726562,69.51255354700056,68.10155824756667,69.31477144908467,157125200,AAPL
2020-04-17,68.2100830078125,69.21105020012682,66.77738117936849,68.66594602627303,215250000,AAPL
2020-04-20,66.79428100585938,67.9399598531097,66.77498860082595,67.04030517443523,130015200,AAPL
2020-04-21,64.7296371459961,66.87145442951221,64.02052176535352,66.63749449289608,180991600,AAPL
2020-04-22,66.59407043457031,67.02821933430408,65.65340957801277,65.99348871174,116862400,AAPL
2020-04-23,66.33599090576172,67.95682478512697,66.29739874664567,66.53859422059466,124814400,AAPL
2020-04-24,68.25109100341797,68.26074088442513,66.81115357242885,66.85939561676216,126161200,AAPL
2020-04-27,68.29932403564453,68.62976064968919,67.52267433285353,67.96888006089833,117087600,AAPL
2020-04-28,67.1922607421875,68.94092867908716,67.1006126057283,68.76003199595961,112004800,AAPL
2020-04-29,69.39917755126953,69.86709736755677,68.47298779881385,68.67559111709774,137280800,AAPL
2020-04-30,70.86323547363281,71.0393108397726,69.54872440544703,69.93704563014794,183064000,AAPL
2020-05-01,69.72237396240234,72.11744313333922,68.94572428038448,69.04220099303798,240616800,AAPL
2020-05-04,70.7088623046875,70.8366956047244,69.05908623299008,69.746494769706,133568000,AAPL
2020-05-05,71.77013397216797,72.59984709930193,71.02242643355622,71.16714520888473,147751200,AAPL
2020-05-06,72.51058959960938,73.14010619347668,72.08608325049667,72.46958313423785,142333600,AAPL
2020-05-07,73.26073455810547,73.6056497913607,72.83382108121585,73.13531552100616,115215200,AAPL
2020-05-08,75.00444030761719,75.05764724717811,73.5920466345589,73.91854342819974,133838400,AAPL
2020-05-11,76.18468475341797,76.67805029133442,74.30551752010811,74.51351103092436,145946400,AAPL
2020-05-12,75.3139877319336,77.31649156659209,75.19306356950102,76.86664984441782,162301200,AAPL
2020-05-13,74.4046630859375,76.41200935037834,73.33085553739997,75.49298094886383,200622400,AAPL
2020-05-14,74.86174011230469,74.92220219963244,72.92453247252323,73.64524321049535,158929200,AAPL
2020-05-15,74.41915130615234,74.46510308161692,72.60528873978969,72.63915105039544,166348400,AAPL
2020-05-18,76.1725845336914,76.54503320734271,75.05041158146969,75.73968112913077,135178400,AAPL
2020-05-19,75.73240661621094,77.03354472425552,75.70096514534589,76.18949622469526,101729600,AAPL
2020-05-20,77.20525360107422,77.27538431049794,76.54983924007178,76.58853586283631,111504800,AAPL
2020-05-21,76.629638671875,77.6067079130462,76.39262467051735,77.067383523509,102688800,AAPL
2020-05-22,77.12303924560547,77.20526681531915,76.26689384939174,76.3684660434856,81803200,AAPL
2020-05-26,76.60065460205078,78.416931261963,76.54502680706055,78.23796578857532,125522000,AAPL
2020-05-27,76.93437957763672,77.07949007225308,75.72030344662004,76.45794538565892,112945200,AAPL
2020-05-28,76.96825408935547,78.22344788867842,76.3346124557575,76.61031579665872,133560800,AAPL
2020-05-29,76.89327239990234,77.66960361164463,76.53775499591495,77.21009317848531,153532400,AAPL
2020-06-01,77.83891296386719,77.95983717000007,76.71673278825261,76.84733299745191,80791200,AAPL
2020-06-02,78.19924926757812,78.22343558014592,77.1326970947877,77.57286288939194,87642800,AAPL
2020-06-03,78.6297607421875,78.89096118094021,77.94774639510123,78.51851253045199,104491200,AAPL
2020-06-04,77.95256042480469,78.7506570120071,77.58011190648487,78.45318827090249,87560400,AAPL
2020-06-05,80.1727523803711,80.23321448623865,78.17266857529869,78.2016892052146,137250400,AAPL
2020-06-08,80.64676666259766,80.68062898183005,79.16182130122834,79.87043535299438,95654400,AAPL
2020-06-09,83.19342803955078,83.58522126328481,80.29608895604107,80.32753042867137,147712400,AAPL
2020-06-10,85.33377075195312,85.80053629513817,83.70129439282721,84.13903931497238,166651600,AAPL
2020-06-11,81.23688507080078,84.90330810607846,81.1353128647156,84.4800733592576,201662400,AAPL
2020-06-12,81.93822479248047,84.11486012218111,80.83056250550848,83.36997039015924,200146000,AAPL
2020-06-15,82.95158386230469,83.60215667626827,80.43394102615576,80.59598270848474,138808800,AAPL
2020-06-16,85.14997100830078,85.42084738289208,83.3699705447458,85.00002619954361,165428800,AAPL
2020-06-17,85.0314712524414,85.95291299210936,84.9105470621372,85.89245089695726,114406400,AAPL
2020-06-18,85.06535339355469,85.48133300037347,84.45831145495121,84.98796012237246,96820400,AAPL
2020-06-19,84.57923889160156,86.23348137776418,83.47398972123017,85.76913649426004,264476000,AAPL
2020-06-22,86.79214477539062,86.93483446322153,84.92507460309979,84.97102639518768,135445200,AAPL
2020-06-23,88.64468383789062,90.05949829570565,87.61440740737248,88.03280774958151,212155600,AAPL
2020-06-24,87.0799331665039,89.19127232771852,86.70748456883423,88.27466483721669,192623200,AAPL
2020-06-25,88.23596954345703,88.27466617320825,86.47773432903298,87.2347210034187,137522400,AAPL
2020-06-26,85.52485656738281,88.3520651420764,85.37732519563349,88.13198219774738,205256800,AAPL
2020-06-29,87.49588775634766,87.59021214691143,84.95648031386462,85.43292181496501,130646000,AAPL
2020-06-30,88.22630310058594,88.51168985334573,87.06543360477359,87.08477823143156,140223200,AAPL
2020-07-01,88.05943298339844,88.84544042266081,88.0110677232057,88.3037022724781,110737200,AAPL
2020-07-02,88.05943298339844,89.59759291785116,87.94577130066256,88.96395117848485,114041600,AAPL
2020-07-06,90.41503143310547,90.88179710275243,89.45247208428117,89.48391355913485,118655600,AAPL
2020-07-07,90.13448333740234,91.5686426186408,90.02323513682953,90.79231129924504,112424400,AAPL
2020-07-08,92.23372650146484,92.26516797551552,91.02206361133545,91.10913287644715,117092000,AAPL
2020-07-09,92.63036346435547,93.1769358615014,91.58557654388848,93.12372891516388,125642800,AAPL
2020-07-10,92.79238891601562,92.85043754869993,91.61700927809584,92.22646456657715,90257200,AAPL
2020-07-13,92.36431884765625,96.69582436714335,92.15149108508342,94.09353334761987,191649200,AAPL
2020-07-14,93.89280700683594,94.08386192882043,90.8164950630273,91.74760549870197,170989200,AAPL
2020-07-15,94.53852081298828,96.01137641424255,93.34378934479908,95.76227290297543,153198000,AAPL
2020-07-16,93.37525177001953,94.22897636244912,92.77788590184623,93.41394840131093,110577600,AAPL
2020-07-17,93.18659210205078,93.97985443699729,92.71498484222874,93.82507532269437,92186800,AAPL
2020-07-20,95.15039825439453,95.28825359058399,92.93023208675609,93.2736600045327,90318000,AAPL
2020-07-21,93.83718872070312,96.01382454154418,93.58808513865422,95.93885212038768,103433200,AAPL
2020-07-22,94.10077667236328,94.78036996748745,93.45262484466052,93.53968671078799,89001600,AAPL
2020-07-23,89.81763458251953,93.91212506570501,89.00986204054254,93.83473182823258,197004400,AAPL
2020-07-24,89.59517669677734,89.93860475082967,86.23831895582877,88.02074827137518,185438800,AAPL
2020-07-27,91.71858215332031,91.81048572351438,90.43195431248509,90.65445070078177,121214000,AAPL
2020-07-28,90.21187591552734,91.46706972799262,90.20703422382543,91.29051773530753,103625600,AAPL
2020-07-29,91.94107818603516,92.12488531095718,90.65686391835999,90.69313969811391,90329200,AAPL
2020-07-30,93.0535888671875,93.15758190350233,90.71007737841838,91.11638090213245,158130000,AAPL
2020-07-31,102.79524993896484,102.94519477180637,97.53746050279906,99.53029641393837,374336800,AAPL
2020-08-03,105.38544464111328,107.99740451645603,104.37452005882113,104.67198887947312,308151200,AAPL
2020-08-04,106.08921813964844,107.17753592025956,104.85336899973937,105.57407987592546,173071600,AAPL
2020-08-05,106.47377014160156,106.79301183705664,105.34675558446708,105.81110781245884,121776800,AAPL
2020-08-06,110.18854522705078,110.68191802624929,106.21739865938491,106.80508849601155,202428800,AAPL
2020-08-07,107.68333435058594,110.16675013813993,106.88864159432606,109.71125415700284,198045600,AAPL
2020-08-10,109.24845123291016,110.26362338182695,106.60512774629267,109.12488383241853,212403600,AAPL
2020-08-11,105.99944305419922,109.01103688460056,105.74019692749955,108.51435673757749,187902400,AAPL
2020-08-12,109.52225494384766,109.77907584610773,106.89346742029055,107.0872920051885,165598000,AAPL
2020-08-13,111.4605484008789,112.46118443380263,110.41145251692377,110.8984466622293,210082000,AAPL
2020-08-14,111.36119079589844,111.45083484959588,109.55616888260863,111.28608321610146,165565200,AAPL
2020-08-17,111.0704574584961,112.50478464058327,110.4453668374708,112.48055471705385,119561600,AAPL
2020-08-18,111.99596405029297,112.41996175086194,110.48895478451331,110.8233084399913,105633600,AAPL
2020-08-19,112.13651275634766,113.54661008039473,112.04202566230961,112.40302713967982,145538000,AAPL
2020-08-20,114.62476348876953,114.73863746481582,112.16072762152713,112.17768930590152,126907200,AAPL
2020-08-21,120.53167724609375,121.01382096112869,115.56968878487616,115.58180005044522,338054800,AAPL
2020-08-24,121.9732437133789,124.81039959352069,120.11250114343171,124.72559117385076,345937600,AAPL
2020-08-25,120.97261810302734,121.31666526163795,119.25482230830535,120.84905806633049,211495600,AAPL
2020-08-26,122.61775207519531,123.07324808240537,121.22219109888121,122.28582351932762,163022400,AAPL
2020-08-27,121.15190887451172,123.55052326117902,120.01074388155709,123.21859477393856,155552400,AAPL
2020-08-28,120.95568084716797,122.54021598651187,120.73277587733193,122.1234863946809,187630000,AAPL
2020-08-31,125.05754852294922,126.95706531989478,122.11137580386827,123.64261546547715,225702700,AAPL
2020-09-01,130.03892517089844,130.6398007655306,126.50157751038662,128.66275103381622,151948100,AAPL
2020-09-02,127.34467315673828,133.7216002607571,123.08047368439388,133.34363719292597,200119000,AAPL
2020-09-03,117.14937591552734,124.86371200273943,116.7811062092152,122.99328312594758,257599600,AAPL
2020-09-04,117.22689056396484,119.88232568427512,107.46767461539385,116.36435863736114,332607200,AAPL
2020-09-08,109.33811950683594,115.3176975867679,109.20244081478072,110.4332424909772,231366600,AAPL
2020-09-09,113.69926452636719,115.46309530780263,111.7028427061534,113.64111861515656,176940500,AAPL
2020-09-10,109.9874496459961,116.78110786689479,109.02800526992252,116.64542916296256,182274400,AAPL
2020-09-11,108.5434341430664,111.6737525060593,106.6051585333688,111.03411800577045,180860300,AAPL
2020-09-14,111.79973602294922,112.35214426737836,109.31874564711791,111.17948842899139,140150100,AAPL
2020-09-15,111.97419738769531,115.16266206661024,110.10376088589828,114.678093101315,184642000,AAPL
2020-09-16,108.66943359375,112.42000005035005,108.58221472900694,111.67376709645097,154679000,AAPL
2020-09-17,106.93466186523438,108.73725877422822,105.35496990474392,106.33380115819288,178011000,AAPL
2020-09-18,103.54267883300781,107.45799642585531,102.81582548420052,106.99281442322203,287104900,AAPL
2020-09-21,106.68269348144531,106.78929923364105,99.91810821399545,101.31366904715068,195713800,AAPL
2020-09-22,108.35929870605469,109.37689638794417,105.79108936459673,109.20245128230411,183055400,AAPL
2020-09-23,103.81405639648438,108.65005253506956,103.47485221017152,108.17517702574132,150718700,AAPL
2020-09-24,104.88011932373047,106.84746835161936,101.7594936682089,101.92424535960316,167743300,AAPL
2020-09-25,108.81478881835938,108.96985441233768,104.34706305845842,105.08360984198643,149981400,AAPL
2020-09-28,111.4120864868164,111.76097670476364,109.29936567544041,111.46054633695047,137672400,AAPL
2020-09-29,110.5689468383789,111.75129633828752,110.06499835009019,111.0147568087837,99382200,AAPL
2020-09-30,112.23583984375,113.64109400987672,110.11343321080598,110.27818485285505,142675200,AAPL
2020-10-01,113.18560791015625,114.0869063866764,112.25523648180236,114.00937358582986,116120400,AAPL
2020-10-02,109.53194427490234,111.80942388224,108.75663851817679,109.40595903034216,144712000,AAPL
2020-10-05,112.90453338623047,113.04990550886205,110.04558034818679,110.39447048492929,106243800,AAPL
2020-10-06,109.66764068603516,112.53628778325715,108.78572170928096,112.1292442741749,161498200,AAPL
2020-10-07,111.52838897705078,111.9838849635665,110.60770355491991,111.08258643963451,96849000,AAPL
2020-10-08,111.42176055908203,112.80762774105104,111.05348350755155,112.66225560986447,83477200,AAPL
2020-10-09,113.36006164550781,113.38913459955495,111.37332598768504,111.72221622412157,100506900,AAPL
2020-10-12,120.56072998046875,121.31665619479716,115.59874235138079,116.3546685657092,240226800,AAPL
2020-10-13,117.36260986328125,121.52021275433124,115.95736272633879,121.403913532968,262330500,AAPL
2020-10-14,117.44983673095703,119.23304710406761,115.92829036483735,117.26569814467028,150712000,AAPL
2020-10-15,116.98461151123047,117.45948691649245,114.50362135189651,115.05602954812115,112559200,AAPL
2020-10-16,115.34677124023438,117.7986959477676,115.14325320090887,117.53702461582463,115393800,AAPL
2020-10-19,112.40061950683594,116.70358685493457,112.09049566738797,116.25778429784908,120639300,AAPL
2020-10-20,113.88338470458984,115.30801845057066,112.06140091237076,112.6138091614312,124423700,AAPL
2020-10-21,113.26313018798828,115.04634007817563,112.85608671832885,113.06929820388042,89946000,AAPL
2020-10-22,112.17769622802734,114.39702259575029,111.0534928722476,113.8252274699149,101988000,AAPL
2020-10-23,111.48961639404297,112.95301658165369,110.75306957595657,112.79795098039979,82572600,AAPL
2020-10-26,111.49929809570312,112.9530046815979,109.39626361538546,110.491393975544,111850700,AAPL
2020-10-27,113.00146484375,113.66047883675716,111.00504336225823,111.92572130525396,92276800,AAPL
2020-10-28,107.76812744140625,111.86758385649746,107.67121513386326,111.49931413026005,143937800,AAPL
2020-10-29,111.76097106933594,113.32128352260756,108.7372584642391,108.90201751002611,146129200,AAPL
2020-10-30,105.50035858154297,108.53375772487753,104.395541902172,107.63245912918691,190272600,AAPL
2020-11-02,105.41311645507812,107.26417322328109,104.00786958662283,105.74262715568275,122866900,AAPL
2020-11-03,107.03160095214844,108.04919139549884,105.37437589246122,106.27567451024929,107624400,AAPL
2020-11-04,111.40238952636719,112.02263714006965,108.88263267145909,110.61739025769825,138235500,AAPL
2020-11-05,115.35648345947266,115.92827866732904,113.26314943296055,114.30981274924889,126387100,AAPL
2020-11-06,115.22541046142578,115.7205180962264,112.74013248938302,114.86620819105919,114457900,AAPL
2020-11-09,112.92460632324219,118.42909663240218,112.66249091138815,116.98259196742552,154515300,AAPL
2020-11-10,112.58480072021484,114.1575076747416,110.79850704253381,112.17706242879606,138023400,AAPL
2020-11-11,116.0020751953125,116.13798799149323,113.04110938515558,113.76921682470609,112295000,AAPL
2020-11-12,115.73023223876953,117.011700843839,115.10891457611105,116.1282678012146,103162300,AAPL
2020-11-13,115.77879333496094,116.17682155137521,114.42936813634326,115.95353941713333,81581900,AAPL
2020-11-16,116.78841400146484,117.45826768159665,114.7011715913371,115.44869182782028,91183000,AAPL
2020-11-17,115.90499877929688,117.14763432423658,115.48755020654131,116.06033192576038,74271000,AAPL
2020-11-18,114.58466339111328,116.32241357747914,114.55554028628038,115.14773477351584,76322100,AAPL
2020-11-19,115.17689514160156,115.58463355455793,113.40031110511585,114.15754170251833,74113000,AAPL
2020-11-20,113.9148178100586,115.3030761134196,113.86628176431465,115.17687350645622,73604300,AAPL
2020-11-23,110.52669525146484,114.1866523784184,110.42961575192224,113.75949369240169,127959300,AAPL
2020-11-24,111.80816650390625,112.46831748552103,109.30347536130687,110.58495144916897,113874200,AAPL
2020-11-25,112.64306640625,113.34205068763839,111.80816933755735,112.17708182311867,76499200,AAPL
2020-11-27,113.18671417236328,114.06044449798334,112.82751927666311,113.1673012347678,46691300,AAPL
2020-11-30,115.5749282836914,117.43888162256029,113.40030864831888,113.55564179657071,169410200,AAPL
2020-12-01,119.13778686523438,119.86589425816237,116.50689304092421,117.47770289816154,127728200,AAPL
2020-12-02,119.48727416992188,119.76880990592802,117.36119829848747,118.45821072635326,89004200,AAPL
2020-12-03,119.35136413574219,120.16684084637635,118.64266969338425,119.91442821402666,78967600,AAPL
2020-12-04,118.68150329589844,119.27369789260959,117.97280885162905,119.0212852595791,78260400,AAPL
2020-12-07,120.13771057128906,120.93377429658472,118.68149589769769,118.73974211450027,86712000,AAPL
2020-12-08,120.74932098388672,121.33181279274314,119.49697544555106,120.73961821864586,82225500,AAPL
2020-12-09,118.22521209716797,122.27348704305484,117.46798166489454,120.8949389531883,115089200,AAPL
2020-12-10,119.64259338378906,120.25420827611856,116.64279476467264,116.98257670113864,81312200,AAPL
2020-12-11,118.8368148803711,119.1765967824479,117.03110830740295,118.8562278147655,86939800,AAPL
2020-12-14,118.22521209716797,119.7493831332465,117.99221982724323,119.0212758088773,79184500,AAPL
2020-12-15,124.14716339111328,124.16658373624205,120.50662638207584,120.71049556577894,157243700,AAPL
2020-12-16,124.0792236328125,124.62287486224568,122.86571113376162,123.6909055584702,98208600,AAPL
2020-12-17,124.94319915771484,125.79751639112722,124.30246123265556,125.13735812529592,94359800,AAPL
2020-12-18,122.96278381347656,125.33156230733624,122.43854558581786,125.19564951572379,192541500,AAPL
2020-12-21,124.48694610595703,124.56461267355205,119.84647608918172,121.37064729644923,121251600,AAPL
2020-12-22,128.0303955078125,130.48654300822767,125.86547908382497,127.76827272564631,168904800,AAPL
2020-12-23,127.13726043701172,128.5643372428869,126.9625069666015,128.30222925734495,88223700,AAPL
2020-12-24,128.11781311035156,129.56432552636147,127.2732130436717,127.48679245579095,54930100,AAPL
2020-12-28,132.69998168945312,133.33100207588342,129.61279910731304,130.07879843395568,124486200,AAPL
2020-12-29,130.93309020996094,134.73866218637744,130.41856229053343,134.02027253990548,121047300,AAPL
2020-12-30,129.81668090820312,132.02042318765425,129.50601467789232,131.62238763508645,96452100,AAPL
2020-12-31,128.81674194335938,130.80690479845464,127.8750553457784,130.1661668388547,99116600,AAPL
2021-01-04,125.63251495361328,129.70991364361626,123.05986719141745,129.62254430627095,143301900,AAPL
2021-01-05,127.18580627441406,127.89450820387242,124.68111482467101,125.12769391976279,97664900,AAPL
2021-01-06,122.9045181274414,127.22462614380248,122.69093878823239,123.99182776037331,155088000,AAPL
2021-01-07,127.09841918945312,127.7877006759222,124.12774352599207,124.61314843344341,109578200,AAPL
2021-01-08,128.19544982910156,128.75852134682515,126.42856870658443,128.56434751676753,105158200,AAPL
2021-01-11,125.21504211425781,126.37030813032683,124.74905756448756,125.41891868730954,100384500,AAPL
2021-01-12,125.04029846191406,125.90431854480057,123.1569251813032,124.74905257493837,91951100,AAPL
2021-01-13,127.06927490234375,127.61292593794164,124.73933766024427,125.00144560094915,88636800,AAPL
2021-01-14,125.14708709716797,127.1760758978846,125.00145674818756,126.9819169126251,90221800,AAPL
2021-01-15,123.42875671386719,126.41885265934873,123.29284393513538,125.02088418474625,111598500,AAPL
2021-01-19,124.09861755371094,124.95293491139884,123.23459743091543,124.05007410140924,90757300,AAPL
2021-01-20,128.1759796142578,128.62255851090404,124.79756663573178,124.90435627536169,104319500,AAPL
2021-01-21,132.8747100830078,135.59298002533745,129.6904556633409,129.8943322047019,120150900,AAPL
2021-01-22,135.01051330566406,135.76774369341513,131.07873102256855,132.3019459227709,114459400,AAPL
2021-01-25,138.74815368652344,140.85480946109453,132.55438158085332,138.89378406433565,157611700,AAPL
2021-01-26,138.98114013671875,140.08786276088446,137.2433822290361,139.40829883611298,98390600,AAPL
2021-01-27,137.91322326660156,140.08784232197448,136.31139319096383,139.24322781199024,140843800,AAPL
2021-01-28,133.08831787109375,137.8452949915903,132.7097026247184,135.44739349341899,142621100,AAPL
2021-01-29,128.1080780029297,132.7485480341253,126.40916071663973,131.86510749004256,177523800,AAPL
2021-02-01,130.2244110107422,131.42822035718712,127.10810539305974,129.84579582479762,106239800,AAPL
2021-02-02,131.04962158203125,132.33108282824628,130.68070911395654,131.76801136085197,83305400,AAPL
2021-02-03,130.0302734375,131.80685723730443,129.70990440998943,131.79713965825755,89880900,AAPL
2021-02-04,133.37954711914062,133.38924988354398,130.66127693474024,132.32136807732365,84183100,AAPL
2021-02-05,132.9663543701172,133.6080499269068,132.09132576396362,133.5399993993488,75693800,AAPL
2021-02-08,133.11221313476562,133.16082913582426,131.1774090425887,132.25661898979965,71297200,AAPL
2021-02-09,132.2371368408203,134.05527394815869,132.08158644572234,132.83021630146237,76774200,AAPL
2021-02-10,131.63433837890625,133.1899609934861,130.67179521713933,132.69409868188646,73046600,AAPL
2021-02-11,131.38160705566406,132.60665032664576,130.05933177017417,132.13023719239163,64280000,AAPL
2021-02-12,131.61492919921875,131.77049447527503,129.98153830719173,130.6232339442829,60145100,AAPL
2021-02-16,129.49539184570312,132.23715902657875,129.1064787039169,131.7315941955358,80576300,AAPL
2021-02-17,127.2105712890625,128.55229564276027,125.87857903593999,127.6092016891494,97918500,AAPL
2021-02-18,126.11190032958984,126.3938493119664,123.87569849004416,125.61603804140495,96856700,AAPL
2021-02-19,126.2674789428711,127.08418911907316,125.22716781889845,126.62722545179416,87668800,AAPL
2021-02-22,122.50482940673828,126.1216398427311,122.11592370284757,124.4590677731543,103916400,AAPL
2021-02-23,122.36871337890625,123.19513336260104,115.10592588579131,120.32696770808406,158273000,AAPL
2021-02-24,121.87286376953125,122.07703760379697,118.83941546871539,121.47424078389619,111039900,AAPL
2021-02-25,117.63380432128906,122.952070827566,117.19629003176654,121.22144819930787,148199500,AAPL
2021-02-26,117.89630889892578,121.38672049171518,117.83796822554648,119.18940971098537,164560400,AAPL
2021-03-01,124.24517822265625,124.38129410804099,119.38387540817448,120.31724465842385,116307900,AAPL
2021-03-02,121.64923858642578,125.14937496490815,121.54228933610958,124.84797657824923,102260900,AAPL
2021-03-03,118.67410278320312,122.2228547486705,118.46020430704087,121.34781889971498,112966300,AAPL
2021-03-04,116.79764556884766,120.17139052818686,115.32953762534804,118.37271017337518,178155000,AAPL
2021-03-05,118.05186462402344,118.55744422295456,114.30866329373481,117.62407506080334,153766600,AAPL
2021-03-08,113.13223266601562,117.6435208042625,112.98639210708664,117.57546286579684,154376600,AAPL
2021-03-09,117.73102569580078,118.67411961018901,115.4948308955723,115.72817134912674,129525800,AAPL
2021-03-10,116.65180206298828,118.78104722203169,116.13649783770954,118.31436639995009,111943300,AAPL
2021-03-11,118.57686614990234,119.79219153363506,117.89628690211502,119.14077890821612,103026500,AAPL
2021-03-12,117.67269134521484,117.80880722667213,115.8545688924242,117.06016987865702,88105100,AAPL
2021-03-15,120.55056762695312,120.56029230814386,117.07959821769512,118.0421413761026,92403800,AAPL
2021-03-16,122.08673095703125,123.69096200631246,121.26031114914632,122.21312213121111,115227900,AAPL
2021-03-17,121.29922485351562,122.36870994462072,118.94634875177347,120.60892077273179,111932600,AAPL
2021-03-18,117.18658447265625,119.76307688790729,116.9824106097095,119.47139570212012,121229700,AAPL
2021-03-19,116.66155242919922,118.06161012823361,116.3601540036749,116.57405253188959,185549500,AAPL
2021-03-22,119.96723175048828,120.43392009028169,116.92405882126718,116.99211676480378,111912300,AAPL
2021-03-23,119.14079284667969,120.79363259482143,118.75188719483505,119.90887946918929,95467100,AAPL
2021-03-24,116.75877380371094,119.49083117848545,116.73933185520713,119.41304854895056,88530500,AAPL
2021-03-25,117.24488067626953,118.28520644839449,115.69899016650163,116.22401168427893,98844700,AAPL
2021-03-26,117.84770202636719,118.11021653249013,115.62122444554402,117.01155734823239,94071200,AAPL
2021-03-29,118.02269744873047,119.1796897776827,117.3810093980004,118.27548724702227,80819200,AAPL
2021-03-30,116.57403564453125,117.06016589541106,115.56288383257017,116.7782094597697,85671900,AAPL
2021-03-31,118.76164245605469,120.09363482806863,117.78938178497403,118.27551212051436,118323800,AAPL
2021-04-01,119.58804321289062,120.7353109160336,119.09218827381586,120.22973871260609,75089100,AAPL
2021-04-05,122.40760803222656,122.66039785902176,119.65610882120376,120.43392024929994,88651200,AAPL
2021-04-06,122.70901489257812,123.60349290409206,122.16455130604965,122.99097136924752,80171300,AAPL
2021-04-07,124.35212707519531,124.37156902257611,121.66868585332091,122.33954801322936,83466700,AAPL
2021-04-08,126.74388122558594,126.77304785417073,124.95492543996741,125.3729903400282,88844600,AAPL
2021-04-09,129.3106231689453,129.34950705430177,125.8785454100243,126.19939309739704,106686700,AAPL
2021-04-12,127.5994644165039,129.16480430519968,127.00638495965602,128.84395658242786,91420000,AAPL
2021-04-13,130.70098876953125,130.9246193949784,128.27033720569543,128.7661996194506,91266500,AAPL
2021-04-14,128.36752319335938,131.25513740306803,128.0077916382119,131.19680416012676,87222800,AAPL
2021-04-15,130.76905822753906,131.2551885555225,129.93291346998677,130.10792810253133,89347100,AAPL
2021-04-16,130.43850708007812,130.93435472673042,129.58291286418694,130.57462299301338,84922400,AAPL
2021-04-19,131.09959411621094,131.71212294052938,129.64120345679902,129.80648595127033,94264200,AAPL
2021-04-20,129.4176025390625,131.7704712922572,128.15366085563892,131.27462375202614,94812300,AAPL
2021-04-21,129.79678344726562,130.03984858480732,127.65781320400242,128.68840701349623,68847100,AAPL
2021-04-22,128.28004455566406,130.42873181562496,127.7647477103965,129.34952213608938,84566500,AAPL
2021-04-23,130.59402465820312,131.37182111341806,128.49393862388337,128.49393862388337,78657500,AAPL
2021-04-26,130.98294067382812,131.3135056957382,129.85511489088012,131.08988992627178,66905100,AAPL
2021-04-27,130.6620635986328,131.65377327736235,130.38983189631728,131.2648602486865,66015800,AAPL
2021-04-28,129.87452697753906,131.27458412202594,129.38839684878747,130.58427281157245,107760100,AAPL
2021-04-29,129.77734375,133.2677706601101,128.775916495569,132.68440835234537,151101000,AAPL
2021-04-30,127.81339263916016,129.85513111982132,127.43421157592877,128.124508335276,109839500,AAPL
2021-05-03,128.8634033203125,130.35097557067442,128.1731066561789,128.37727305832388,75135100,AAPL
2021-05-04,124.30350494384766,127.84254003096058,123.18540387178189,127.55085891033158,137564700,AAPL
2021-05-05,124.54656982421875,126.83137298490321,124.42017121810461,125.61604742001238,84000900,AAPL
2021-05-06,126.1410903930664,126.15080765787947,123.60348232032891,124.34240242288911,78128300,AAPL
2021-05-07,126.81309509277344,127.83569086092047,126.1021285936208,127.43639821291805,78973300,AAPL
2021-05-10,123.54074096679688,126.16055930554575,123.50178359349738,126.03396084545095,88071200,AAPL
2021-05-11,122.62527465820312,122.97587617421408,119.5671838636692,120.2781429577982,126142800,AAPL
2021-05-12,119.56716918945312,121.38838724678817,119.06073823482639,120.18073848547931,112172300,AAPL
2021-05-13,121.70978546142578,122.85900193405529,121.01830882379365,121.32996037075966,105861300,AAPL
2021-05-14,124.12507629394531,124.55359993393608,122.56681864446786,122.95638491442686,81918000,AAPL
2021-05-17,122.97586822509766,123.61865372868071,121.90456648281831,123.51152281141687,74244600,AAPL
2021-05-18,121.59292602539062,123.67709735626846,121.52475247458096,123.25831484976348,63342900,AAPL
2021-05-19,121.43710327148438,121.66109889559455,119.65484232839697,119.94701893329513,92612000,AAPL
2021-05-20,123.98872375488281,124.3880312073582,121.83637931031465,121.96299261493283,76857100,AAPL
2021-05-21,122.15779113769531,124.66074485833978,121.94352929361253,124.48544038866837,79295400,AAPL
2021-05-24,123.78418731689453,124.60227708622314,122.6544535015974,122.72262702984501,63092900,AAPL
2021-05-25,123.58943939208984,124.97240013629873,123.02456862546644,124.48543668582127,72009500,AAPL
2021-05-26,123.54074096679688,124.06665436080144,123.12195849177618,123.64787188578073,56575900,AAPL
2021-05-27,122.0116958618164,124.3101288080937,121.81691643126096,123.1414373640431,94625600,AAPL
2021-05-28,121.35916137695312,122.51811890538758,121.30072904118603,122.29411590101695,71311100,AAPL
2021-06-01,121.03776550292969,122.07985090220888,120.70663903510166,121.81689796777825,67637100,AAPL
2021-06-02,121.79742431640625,121.97272876206887,120.81377861108228,121.03777419532105,59278900,AAPL
2021-06-03,120.31707763671875,121.59289985456873,119.91777018909227,121.4273366140028,76229200,AAPL
2021-06-04,122.60577392578125,122.86873431142617,120.61899267015994,120.83325448650514,75169300,AAPL
2021-06-07,122.61553192138672,123.02457321024367,121.57344629671239,122.87848491269204,71057600,AAPL
2021-06-08,123.43360137939453,125.10873859219605,122.91742922255409,123.29725429760116,74403800,AAPL
2021-06-09,123.81343078613281,124.41725890545642,123.21934386738059,123.89134552998598,56877900,AAPL
2021-06-10,122.8200454711914,124.84578425664763,122.65448221103098,123.7063015458541,71186400,AAPL
2021-06-11,124.02766418457031,124.1153201089007,122.81027445478388,123.2290568190447,53522400,AAPL
2021-06-14,127.0760269165039,127.13445925571631,123.75499103493249,124.48542499652146,96906500,AAPL
2021-06-15,126.25796508789062,127.19292725029605,126.01448706088831,126.55014169243728,62746300,AAPL
2021-06-16,126.75464630126953,127.47534656209021,125.10874743356234,126.96890813933193,91815000,AAPL
2021-06-17,128.3518524169922,129.0920350275276,126.26768138864819,126.41377710106734,96721700,AAPL
2021-06-18,127.05657196044922,128.07916771937423,126.84231012163941,127.3000499717587,108953300,AAPL
2021-06-21,128.8485870361328,128.95571797256497,125.83920190461266,126.90076263607253,79663300,AAPL
2021-06-22,130.48471069335938,130.5821078265205,128.18627804148716,128.68298261560656,74783600,AAPL
2021-06-23,130.2120361328125,130.815871699919,129.75429628741554,130.2802171084206,60214200,AAPL
2021-06-24,129.92958068847656,131.12748807728477,129.46209231078763,130.94244245203893,68711000,AAPL
2021-06-25,129.637451171875,130.3971014851615,129.34527454506005,129.97832637994586,70783700,AAPL
2021-06-28,131.26388549804688,131.72162542219795,129.87119818125763,129.92963053570742,62111300,AAPL
2021-06-29,132.77342224121094,132.92925172484664,130.84508067855094,131.28333809814853,64556100,AAPL
2021-06-30,133.3870086669922,133.8252661428457,132.32543317658508,132.6176097807272,63261400,AAPL
2021-07-01,133.68890380859375,133.74733615062,132.218287184251,133.03638455477136,52485800,AAPL
2021-07-02,136.30874633789062,136.34769628382654,134.15639402212219,134.30247489528134,78852600,AAPL
2021-07-06,138.31500244140625,139.4155130237445,136.415876793308,136.415876793308,108181800,AAPL
2021-07-07,140.7984619140625,141.11010601971827,138.93828646790567,139.7953189039971,104911600,AAPL
2021-07-08,139.50315856933594,140.30175867225685,137.00019762598444,137.88646110200742,105575500,AAPL
2021-07-09,141.3243408203125,141.8502466496084,138.9285112717733,139.0259083953203,99890800,AAPL
2021-07-12,140.7302703857422,142.5027971874123,140.24331443285035,142.39566628334748,76299700,AAPL
2021-07-13,141.84056091308594,143.61308810901411,139.88300289690474,140.27256180158014,100827100,AAPL
2021-07-14,145.2589569091797,145.66801299296932,143.8273051980656,144.23636128185524,127050800,AAPL
2021-07-15,144.60647583007812,146.08682649960923,143.2527384989439,145.3466585952039,106820300,AAPL
2021-07-16,142.57098388671875,145.85306272785598,142.07429409288326,144.58698895603396,93251400,AAPL
2021-07-19,138.73373413085938,140.3114813657128,137.97408410918416,139.9998224538897,121434600,AAPL
2021-07-20,142.3372344970703,143.26246279631377,139.23046766424767,139.71742366986297,96350000,AAPL
2021-07-21,141.6068115234375,142.31777804675525,140.85690991607032,141.73342485019364,74993500,AAPL
2021-07-22,142.9702606201172,144.33373124740575,142.006082551789,142.13269584600698,77338200,AAPL
2021-07-23,144.68434143066406,144.84017089255983,143.0871265980212,143.70069581628857,71447400,AAPL
2021-07-26,145.10311889648438,145.92120121070477,143.84676440041136,144.40190123837715,72434100,AAPL
2021-07-27,142.94105529785156,145.3174027377309,141.7528815779119,145.22973937162135,104818600,AAPL
2021-07-28,141.19778442382812,143.135875021886,138.82143631465343,141.03222113566045,118931200,AAPL
2021-07-29,141.84056091308594,142.72682451105,140.8082164410485,140.91534736894218,56699500,AAPL
2021-07-30,142.05479431152344,142.51253410621536,140.35044843873504,140.61340882010876,70440600,AAPL
2021-08-02,141.72366333007812,143.11635020883497,141.4607029570404,142.5417457565108,62880000,AAPL
2021-08-03,143.51565551757812,144.17790846415585,141.39251988736964,142.00608912842299,64786600,AAPL
2021-08-04,143.1163787841797,143.93446137395492,142.46385946656952,143.42803778640976,56368300,AAPL
2021-08-05,143.22348022460938,143.9831303102646,142.35669923658142,143.1455654900914,46397700,AAPL
2021-08-06,142.54074096679688,143.48685218422662,142.0433070322341,142.74557545925379,54126800,AAPL
2021-08-09,142.491943359375,143.08692025442784,141.9359896381178,142.59923476284288,48908700,AAPL
2021-08-10,142.0140380859375,144.0720717018618,141.72142377939727,142.83334623786462,69023100,AAPL
2021-08-11,142.26763916015625,143.10645895995768,141.94576488875748,142.45296206335397,48493500,AAPL
2021-08-12,145.22300720214844,145.37907015513477,142.24812227389452,142.58950812317931,72282600,AAPL
2021-08-13,145.42782592773438,145.7594485046543,144.61826619020815,145.30102293180235,59375000,AAPL
2021-08-16,147.39810180664062,147.4663849394875,142.86263134674047,144.88164213986906,103296000,AAPL
2021-08-17,146.490966796875,147.94426000150526,145.41805278817236,146.52997508674613,92229700,AAPL
2021-08-18,142.75534057617188,147.00795993561067,142.5505060596621,146.11062014748856,86326000,AAPL
2021-08-19,143.08694458007812,144.35493005036025,140.94113102889904,141.45807654722455,86960300,AAPL
2021-08-20,144.54026794433594,144.84263065061194,143.16499090967656,143.8087395067066,60549600,AAPL
2021-08-23,146.02279663085938,146.49097053616202,144.2476142953258,144.65726832283815,60131800,AAPL
2021-08-24,145.93499755859375,147.1444629009486,145.47657201899844,145.76918628216262,48606400,AAPL
2021-08-25,144.70603942871094,146.61777310120064,144.15983406027962,146.12032437546637,58991300,AAPL
2021-08-26,143.90626525878906,145.4473535938561,143.87700531241939,144.69632845972228,48597200,AAPL
2021-08-27,144.940185546875,145.0864852931361,143.213774126067,143.84775953717897,55802400,AAPL
2021-08-30,149.3488311767578,149.70972863585897,144.94991248756867,145.33030665463397,90956700,AAPL
2021-08-31,148.09060668945312,149.03671791602926,147.5638979226051,148.90016654739884,86453100,AAPL
2021-09-01,148.7538299560547,151.16299758315895,148.5880186674378,149.0659558284964,80313700,AAPL
2021-09-02,149.8657684326172,150.90942268736845,148.64655451799135,150.08035127222993,71115500,AAPL
2021-09-03,150.49978637695312,150.8216606743961,149.3195806196622,149.9730775691431,57808700,AAPL
2021-09-07,152.83090209960938,153.38685589495006,150.58754556278473,151.15326259436534,82278300,AAPL
2021-09-08,151.289794921875,153.17225378958634,150.18762094012845,153.113733911437,74420200,AAPL
2021-09-09,150.27542114257812,152.26517148741016,150.15836649901337,151.66044621375175,57305700,AAPL
2021-09-10,145.30108642578125,151.65074922176754,145.03773196644917,151.18257509194504,140893200,AAPL
2021-09-13,145.8667755126953,147.69071501388157,145.08647552487224,146.92017826380882,102404300,AAPL
2021-09-14,144.47198486328125,147.34934195867896,143.29179398463287,146.6470734676716,109296300,AAPL
2021-09-15,145.3595428466797,145.7594485393446,142.76505234502355,144.9011172737186,83281300,AAPL
2021-09-16,145.12542724609375,145.30100174431934,143.59410269773988,144.78405636656498,68034100,AAPL
2021-09-17,142.46270751953125,145.15474141357228,142.17009319848557,145.15474141357228,129868800,AAPL
2021-09-20,139.4195556640625,141.27275491051466,137.79068761664803,140.2583754550107,123478900,AAPL
2021-09-21,139.89749145507812,141.03868891632874,139.26350609481372,140.3851770808151,75834000,AAPL
2021-09-22,142.25790405273438,142.82360628582634,140.16084691647131,140.89237536058963,76404300,AAPL
2021-09-23,143.21377563476562,143.45761846975984,142.05308135891542,143.0382010544173,64838200,AAPL
2021-09-24,143.30152893066406,143.83798604484667,141.97502355876833,142.07256662788618,53477900,AAPL
2021-09-27,141.7897186279297,142.36519899589,140.27790504587242,141.88726170941032,74150700,AAPL
2021-09-28,138.41493225097656,141.18498292082313,138.20034939372246,139.72192610299075,108972300,AAPL
2021-09-29,139.31224060058594,140.89233684538155,138.53194083023718,138.961106448078,74602000,AAPL
2021-09-30,138.01502990722656,140.82410382973063,137.80044704464729,140.12183534910463,89056700,AAPL
2021-10-01,139.13665771484375,139.40001203413104,135.68385115865894,138.40512951469634,94639600,AAPL
2021-10-04,135.71311950683594,138.70751560218017,134.8645515046284,138.26858674850567,98322000,AAPL
2021-10-05,137.63462829589844,138.73680249578317,135.92772872481194,136.0545317412187,80861100,AAPL
2021-10-06,138.502685546875,138.6489852474294,134.96208396365105,136.03499804431914,83221100,AAPL
2021-10-07,139.7609405517578,140.66804355787346,139.2049866756737,139.53660933038944,61732700,AAPL
2021-10-08,139.38050842285156,140.6289820985626,139.04888585839274,140.48268240335435,58773200,AAPL
2021-10-11,139.292724609375,141.24346653207863,138.3173536480232,138.7660308387561,64452200,AAPL
2021-10-12,138.02474975585938,139.72190071402855,137.56632417893402,139.70238912610083,73035900,AAPL
2021-10-13,137.43954467773438,137.91746698955632,135.77165355544514,137.76141892529833,78762700,AAPL
2021-10-14,140.2193603515625,140.33641501765865,138.02477512030043,138.61000380183043,69907100,AAPL
2021-10-15,141.27272033691406,141.33124021077776,139.9754752286786,140.22908119272677,67940300,AAPL
2021-10-18,142.94064331054688,143.22349439217342,139.63413574665708,139.91698682828363,85589200,AAPL
2021-10-19,145.09620666503906,145.49611240776287,142.94064476173952,143.38930715549284,76378900,AAPL
2021-10-20,145.5838623046875,146.0617994269622,144.47194001956103,145.037656955219,58418800,AAPL
2021-10-21,145.79849243164062,145.95455540585698,144.22814410067642,145.14499547046705,61421000,AAPL
2021-10-22,145.02796936035156,146.48126315623614,144.97919781593575,146.00334071672438,58883400,AAPL
2021-10-25,144.9791717529297,145.69118854784608,143.98428898104416,145.0181800516583,50720600,AAPL
2021-10-26,145.64244079589844,147.1249943659197,145.34006320959406,145.65218915043056,60893400,AAPL
2021-10-27,145.18402099609375,146.0423376021523,144.83288673993832,145.68145499107032,56094900,AAPL
2021-10-28,148.81240844726562,149.39762230558532,146.03259425054543,146.13013733509126,100077900,AAPL
2021-10-29,146.11056518554688,146.2471165175258,142.80405839843382,143.59410645366754,124953200,AAPL
2021-11-01,145.2913055419922,146.01307072992742,144.1598713388164,145.3205654883688,74588300,AAPL
2021-11-02,146.3251953125,147.8370236875447,144.98892661408803,144.99868985144568,69122000,AAPL
2021-11-03,147.7589874267578,148.2271614322934,146.13011931995035,146.6860731609645,54511500,AAPL
2021-11-04,147.2420654296875,148.67584762072252,146.92993945409776,147.8467909036605,60394600,AAPL
2021-11-05,147.76950073242188,148.66815006608644,146.57781000839395,148.36534609443586,65463900,AAPL
2021-11-08,146.948974609375,148.0527572213007,146.67547332752292,147.8964665160418,55020900,AAPL
2021-11-09,147.31040954589844,147.9160175036458,146.57781350486675,146.71456416967115,56787900,AAPL
2021-11-10,144.4874725341797,146.64619541359409,144.41910465453822,146.53874739869644,65187100,AAPL
2021-11-11,144.43861389160156,145.96241109507744,144.25302053135974,145.50333134171993,41000000,AAPL
2021-11-12,146.50942993164062,146.90990439693277,144.05766590459464,144.9856178095641,63804000,AAPL
2021-11-15,146.51919555664062,148.3555742437889,145.9624154592678,146.88060480284193,59222800,AAPL
2021-11-16,147.49598693847656,147.97462166575806,145.87450429964008,146.46058703081326,59256200,AAPL
2021-11-17,149.92822265625,151.40317727562876,147.48623592599793,147.49599850722544,88807000,AAPL
2021-11-18,154.20657348632812,154.98801222203343,149.49843081431837,150.14311888912806,137827700,AAPL
2021-11-19,156.82435607910156,157.28345067512842,152.8976381128572,153.99164315630802,117305600,AAPL
2021-11-22,157.28347778320312,161.8548695638248,157.26393771700205,157.9281509208038,117467900,AAPL
2021-11-23,157.6644287109375,158.04537802988585,155.36895531169498,157.3811499145866,96041900,AAPL
2021-11-24,158.18211364746094,158.37746957878764,155.93548317544833,157.01972573471906,69463600,AAPL
2021-11-26,153.17115783691406,156.72668956141257,152.73160325073675,155.86712045424656,76959800,AAPL
2021-11-29,156.52159118652344,157.44954318891868,155.10522691977297,155.67176964553224,88748200,AAPL
2021-11-30,161.46417236328125,161.67906839694083,156.2090119296681,156.2773947152438,174048100,AAPL
2021-12-01,160.94647216796875,166.34814584365344,160.71203606659066,163.5935775451036,152052500,AAPL
2021-12-02,159.95986938476562,160.38966136948252,154.13818224096923,155.05637149837315,136739200,AAPL
2021-12-03,158.08447265625,161.13208267929107,156.0136723737617,160.21389314884243,118023100,AAPL
2021-12-06,161.4836883544922,163.98428011365826,160.46781363689186,160.47757621707362,107497000,AAPL
2021-12-07,167.20770263671875,167.598429443289,164.4336093812365,165.15644279486372,120405400,AAPL
2021-12-08,171.01719665527344,171.87678065417452,166.73883163036436,168.1356556285786,116998900,AAPL
2021-12-09,170.50927734375,172.6484600825667,169.8841293433167,170.85116144440897,108923700,AAPL
2021-12-10,175.28579711914062,175.46162790674452,170.63625994665398,171.14419733842757,115402700,AAPL
2021-12-13,171.661865234375,177.90358129097453,171.45673183795216,176.91700933892764,153237000,AAPL
2021-12-14,170.28463745117188,173.61551126067369,168.21383726682737,171.18328686899508,139380400,AAPL
2021-12-15,175.1392822265625,175.33463817394934,168.31148231582245,171.0465102933484,131063300,AAPL
2021-12-16,168.2626190185547,176.93655914468357,166.78766465581225,175.11972073731067,150185800,AAPL
2021-12-17,167.1686248779297,169.444558052229,165.75227570894924,165.98669687061619,195432700,AAPL
2021-12-20,165.81088256835938,166.62162387110183,163.57402950297322,164.374993320752,107499100,AAPL
2021-12-21,168.97569274902344,169.1808112556796,165.19548774606798,167.57886880713295,91185900,AAPL
2021-12-22,171.56422424316406,171.7791202742142,168.15520530032774,169.02455200604697,92135300,AAPL
2021-12-23,172.18934631347656,172.74612637491737,171.20278915942293,171.76933180091095,68356600,AAPL
2021-12-27,176.1453857421875,176.2332936859138,172.96104046356876,172.9805656257053,74919600,AAPL
2021-12-28,175.12950134277344,177.12217071968058,174.38714279522745,175.9793227997058,79144300,AAPL
2021-12-29,175.21742248535156,176.43841575185178,174.0061917992903,175.16857977375096,62348900,AAPL
2021-12-30,174.06478881835938,176.3798020768136,173.95734081982604,175.30532209148024,59773000,AAPL
2021-12-31,173.4494171142578,175.07088475573076,173.14659828081136,173.95733955389892,64062300,AAPL
2022-01-03,177.78636169433594,178.63618304508262,173.58615726537937,173.70336783595081,104487900,AAPL
2022-01-04,175.52999877929688,178.69481886787932,174.96345608354855,178.39201490568885,99310400,AAPL
2022-01-05,170.86090087890625,175.98907226585013,170.58739959731207,175.44206970266174,94537600,AAPL
2022-01-06,168.0087127685547,171.2321387270322,167.65706602936248,168.69246617678775,96904000,AAPL
2022-01-07,168.1747283935547,170.09901499255682,167.06118311991872,168.8780217142409,86709100,AAPL
2022-01-10,168.19427490234375,168.4970788622131,164.2675561955421,165.1564429133354,106765600,AAPL
2022-01-11,171.01719665527344,171.1148671703379,166.85605711502512,168.3212489833143,76138300,AAPL
2022-01-12,171.45675659179688,173.06846173538992,170.7632407657719,172.0330618342014,74805200,AAPL
2022-01-13,168.19427490234375,172.52146809219963,167.80354809549323,171.70096415486904,84505800,AAPL
2022-01-14,169.05386352539062,169.74737940608347,167.11979931497876,167.36399798657283,80440800,AAPL
2022-01-18,165.85971069335938,168.5361181103695,165.478761430844,167.53002095796475,90956700,AAPL
2022-01-19,162.37258911132812,167.11004966883394,162.08932518842298,166.0551095373263,94815000,AAPL
2022-01-20,160.6924591064453,165.74248492301732,160.37011513031928,163.10514273299674,91420500,AAPL
2022-01-21,158.64125061035156,162.47028452383861,158.5338025837486,160.60460283678086,122848900,AAPL
2022-01-24,157.86956787109375,158.53379607319022,151.11014976934194,156.30670516297684,162294600,AAPL
2022-01-25,156.07223510742188,158.98307875093712,153.3762874615523,155.29079647095608,115798400,AAPL
2022-01-26,155.984375,160.57530790290645,154.1577733646561,159.70596106577034,108275300,AAPL
2022-01-27,155.52525329589844,160.0380400395087,154.6070638933257,158.68029600296296,121954600,AAPL
2022-01-28,166.37744140625,166.39698147337538,159.0221785798324,161.86465470605705,179935700,AAPL
2022-01-31,170.72413635253906,170.9390323284137,165.5764253199615,166.2113506685732,115541600,AAPL
2022-02-01,170.55812072753906,170.78277933201363,168.31148996868112,169.9720379540269,86213900,AAPL
2022-02-02,171.75955200195312,171.79863213102016,169.30780301992357,170.69484950775998,84914300,AAPL
2022-02-03,168.88775634765625,172.15026117501966,168.1258578604404,170.4310933846244,89418100,AAPL
2022-02-04,168.60421752929688,170.2766715288456,166.93176352974814,167.90980296432235,82465400,AAPL
2022-02-07,167.89019775390625,170.12990075671365,167.19578341710826,169.0638417050099,77251200,AAPL
2022-02-08,170.99061584472656,171.4992004689829,167.6652732075989,167.95868798788894,74829200,AAPL
2022-02-09,172.40872192382812,172.77059159545334,171.05902326407136,172.18377712176584,71285000,AAPL
2022-02-10,168.34010314941406,171.6263154743887,167.78262856301606,170.31574652168356,90865900,AAPL
2022-02-11,164.93650817871094,169.27900403758753,164.34967876719554,168.54547473503922,98670700,AAPL
2022-02-14,165.1712646484375,165.8558891027738,162.9022065441299,163.69441590726865,86185500,AAPL
2022-02-15,168.99534606933594,169.1518358853044,166.51113366652052,167.21532291468824,62527400,AAPL
2022-02-16,168.7606658935547,169.5333102903167,166.31556790878483,168.07604144255788,61177400,AAPL
2022-02-17,165.1712646484375,168.1347222265384,164.7702649952927,167.27404295611913,69589300,AAPL
2022-02-18,163.62594604492188,166.7947832093295,162.54032203615824,166.09060878011084,82772700,AAPL
2022-02-22,160.71141052246094,163.02935867994262,158.58905229899906,161.35690506054718,91162800,AAPL
2022-02-23,156.55474853515625,162.50121399005073,156.24176881453315,161.90460945584556,90009200,AAPL
2022-02-24,159.16607666015625,159.27366155009665,148.66193213542687,149.2291965620497,141147500,AAPL
2022-02-25,161.22976684570312,161.4938266826065,157.3371601146723,160.24193771015948,91974200,AAPL
2022-02-28,161.4938507080078,161.78726549413435,158.86292250111,159.4790920596061,95056600,AAPL
2022-03-01,159.61598205566406,162.94132403155473,158.41299811175085,161.08304074169718,83474400,AAPL
2022-03-02,162.9021759033203,163.6846100998314,159.3714544632476,160.77983303222933,79724800,AAPL
2022-03-03,162.5794677734375,165.20062084345977,161.9144082164394,164.7702811660162,76678400,AAPL
2022-03-04,159.5866241455078,161.9143617747294,158.54013016070306,160.87764280753723,83737200,AAPL
2022-03-07,155.8016357421875,161.3960207362876,155.54733601828758,159.7724722055909,96418800,AAPL
2022-03-08,153.98251342773438,159.3030497335725,152.3785295346828,155.3322124692921,131148300,AAPL
2022-03-09,159.37147521972656,159.8213797915154,155.90922322313332,157.9337564869507,91454900,AAPL
2022-03-10,155.03880310058594,156.86773192318665,152.5545747757299,156.68190205750494,105342000,AAPL
2022-03-11,151.33200073242188,155.78208206231224,151.10705589580672,155.4397623739769,96970100,AAPL
2022-03-14,147.312255859375,150.7353929741164,146.8036862331013,148.12403016599976,108732100,AAPL
2022-03-15,151.68409729003906,152.15356685525754,147.07754097449947,147.58611061794517,92964300,AAPL
2022-03-16,156.0852508544922,156.48625045296393,151.06792059745445,153.60103819497576,102300200,AAPL
2022-03-17,157.09263610839844,157.4642957434988,154.16830873861088,155.12678288189394,75615400,AAPL
2022-03-18,160.37887573242188,160.8678953686917,156.25154880840884,156.9850782628136,123511700,AAPL
2022-03-21,161.7480926513672,162.69679166385907,159.43013010111937,159.91914959524135,95811400,AAPL
2022-03-22,165.11257934570312,165.6993938917205,161.28844262082922,161.87525716684658,81532000,AAPL
2022-03-23,166.4720458984375,168.84867380689857,163.9682532045546,164.30079784879288,98062700,AAPL
2022-03-24,170.24725341796875,170.3157083866542,166.47202233591315,167.30334651961118,90131400,AAPL
2022-03-25,170.88299560546875,171.43069512284325,168.95625735233114,170.061446329407,80546200,AAPL
2022-03-28,171.74366760253906,171.87080253422522,168.22272096176943,168.38898581373743,90371900,AAPL
2022-03-29,175.0299072265625,175.07879724912362,172.46743429498167,172.80975399507543,100589400,AAPL
2022-03-30,173.8660125732422,175.66560091058673,172.8195035873902,174.628881866762,92633200,AAPL
2022-03-31,170.77542114257812,174.1203133341303,170.5700263491638,173.93448350287292,103049300,AAPL
2022-04-01,170.4820098876953,171.0394993928561,168.1640617684755,170.20816010667752,78751300,AAPL
2022-04-04,174.52133178710938,174.57023673592576,170.60917466091976,170.73632454310336,76468400,AAPL
2022-04-05,171.2155303955078,174.38438259894033,170.58958593943765,173.60194829792937,73401800,AAPL
2022-04-06,168.05648803710938,169.8169616919483,166.393824277865,168.57484765163213,89058800,AAPL
2022-04-07,168.35963439941406,169.55284318419794,166.11993163539967,167.40116034930097,77594700,AAPL
2022-04-08,166.3546600341797,168.0075484323814,165.48420586824818,168.0075484323814,76575500,AAPL
2022-04-11,162.1099853515625,165.31795249524248,161.8654755697351,165.00498773482366,72246700,AAPL
2022-04-12,163.97804260253906,166.13950070260202,162.9804385205217,164.33013728303388,79265200,AAPL
2022-04-13,166.65786743164062,167.28381189911025,163.10759541750994,163.7139749230824,70618900,AAPL
2022-04-14,161.66006469726562,167.50874884154206,161.41555493977322,166.87301451784703,75329400,AAPL
2022-04-18,161.44493103027344,162.94132974863555,159.977872292766,160.32017704396847,69023900,AAPL
2022-04-19,163.72373962402344,164.13452917950872,160.31039271090148,161.3960167105301,67723800,AAPL
2022-04-20,163.55747985839844,165.17125338034182,162.45230578739907,165.05387853639598,67929800,AAPL
2022-04-21,162.76528930664062,167.76307044383682,162.26649466439048,165.2006123983915,87227800,AAPL
2022-04-22,158.2369384765625,164.1834179598548,157.95331370568275,162.8043941791054,84882400,AAPL
2022-04-25,159.30303955078125,159.58666436994497,154.98010780953732,157.5816809008669,96046400,AAPL
2022-04-26,153.35655212402344,158.7748828167284,153.2783071958642,158.6868628689345,95623200,AAPL
2022-04-27,153.13157653808594,156.28084845296394,151.96770771639416,152.48606720314393,88063200,AAPL
2022-04-28,160.0463409423828,160.90702025080918,155.4397695467575,155.7527492675287,130216800,AAPL
2022-04-29,154.18783569335938,162.5500717654253,153.79662607980254,158.28582131341926,131747600,AAPL
2022-05-02,154.4910888671875,154.75514872367953,149.9040823265059,153.26853978592672,123055300,AAPL
2022-05-03,155.97767639160156,157.18067526746918,152.88708408047324,154.67688255687574,88966500,AAPL
2022-05-04,162.37405395507812,162.8239435793619,155.76250015329012,156.16349976201118,108256500,AAPL
2022-05-05,153.32720947265625,160.47667363266967,151.5471709663278,160.25172879543595,130525300,AAPL
2022-05-06,154.0520477294922,156.1677203505105,151.01566489679237,152.80810851079755,116124600,AAPL
2022-05-09,148.9391326904297,152.63176175523802,148.38083908771665,151.75022430191655,131577900,AAPL
2022-05-10,151.33888244628906,153.52312542416914,149.7913080506125,152.32816310530018,115366700,AAPL
2022-05-11,143.49325561523438,152.25956414663153,142.81741468212965,150.3495886480442,142689800,AAPL
2022-05-12,139.63412475585938,143.19941752795359,135.95129962230052,139.8398213340432,182602000,AAPL
2022-05-13,144.09075927734375,145.06044619602298,140.1728540722722,141.62247481337442,113990900,AAPL
2022-05-16,142.55296325683594,144.4923369438145,141.22087499257742,142.56276758428663,86643800,AAPL
2022-05-17,146.1770477294922,146.69616897048812,143.6695758585412,145.80484195458106,78336300,AAPL
2022-05-18,137.92982482910156,144.33559163369299,137.02869370903522,143.8360642275501,109742900,AAPL
2022-05-19,134.5310821533203,138.7526228149115,133.79647489353653,137.0091561140078,136095600,AAPL
2022-05-20,134.76611328125,137.81228455615957,129.88832647827988,136.2353274341848,137426100,AAPL
2022-05-23,140.17286682128906,140.31978230159262,134.82491915388553,134.96204525071005,117726300,AAPL
2022-05-24,137.47926330566406,139.05622039365426,134.51145197634384,137.92002455292192,104132700,AAPL
2022-05-25,137.63597106933594,138.87989482274827,135.50070562747283,135.58885488011762,92482700,AAPL
2022-05-26,140.8291015625,141.37760590054086,134.32537951243148,134.5702485880299,90601500,AAPL
2022-05-27,146.5688018798828,146.60797434750936,142.27869181225157,142.4060284868712,90978500,AAPL
2022-05-31,145.7852325439453,147.56788638378129,143.82628016379354,146.01052282850958,103718400,AAPL
2022-06-01,145.65786743164062,148.62567820823514,144.6489935062906,146.82343119645515,74286600,AAPL
2022-06-02,148.10659790039062,148.16536407915592,143.8458705924634,144.79596367082308,72348100,AAPL
2022-06-03,142.3961944580078,144.93303315513873,141.49507852895178,143.88498689091028,88570300,AAPL
2022-06-06,143.1406707763672,145.52080603843785,141.92611474243267,144.01240411533595,71598400,AAPL
2022-06-07,145.65786743164062,145.94190886611432,141.1424829420523,141.3873519166599,67808200,AAPL
2022-06-08,144.9232940673828,146.79408210793065,144.4335560047601,145.5305644824367,53950200,AAPL
2022-06-09,139.7124786376953,144.91349464755012,139.60473566244548,144.06135517233236,69473000,AAPL
2022-06-10,134.31556701660156,137.87105521943323,134.24699651333503,137.40091085996173,91437900,AAPL
2022-06-13,129.17332458496094,132.4251777606438,128.7423526705115,130.14299644685158,122207100,AAPL
2022-06-14,130.03524780273438,131.1420606306549,128.7815195311164,130.39766413988795,84784300,AAPL
2022-06-15,132.6504364013672,134.5212392737676,129.44756042743367,131.53383428431485,91533000,AAPL
2022-06-16,127.39065551757812,129.67283655853572,126.39158573948599,129.36920136755154,108123900,AAPL
2022-06-17,128.85987854003906,130.34868645706888,127.14579529566508,127.40046865716874,134520300,AAPL
2022-06-21,133.0814208984375,134.24699991857628,130.58376865027734,130.68170729877417,81000500,AAPL
2022-06-22,132.57212829589844,134.93265491125933,131.1616799782049,132.02360899242208,73409200,AAPL
2022-06-23,135.4321746826172,135.74559928638683,132.84635818263115,134.0119372202921,72433800,AAPL
2022-06-24,138.75259399414062,138.99746302987265,136.90138468183136,137.0287064173905,89116800,AAPL
2022-06-27,138.75259399414062,140.5450371291734,138.0767530642211,139.7712426067131,70207900,AAPL
2022-06-28,134.61920166015625,140.47646473111445,134.50166930718802,139.21294709984699,67083400,AAPL
2022-06-29,136.37246704101562,137.7829151592785,133.8650103621575,134.63880492913648,66242400,AAPL
2022-06-30,133.91395568847656,135.53008505921423,131.02450456880948,134.4330767564404,98964500,AAPL
2022-07-01,136.07859802246094,136.18634098386156,132.87572215700436,133.2479128863371,71051600,AAPL
2022-07-05,138.65463256835938,138.70360936186282,134.1196535002059,134.94242477245444,73353800,AAPL
2022-07-06,139.98670959472656,141.16207781793045,138.18447732277275,138.44894003031942,74064300,AAPL
2022-07-07,143.34637451171875,143.54226679903198,140.33937484449694,140.34916422789436,66253700,AAPL
2022-07-08,144.0221710205078,144.5217134378149,142.02404618814074,142.27870461467543,64547800,AAPL
2022-07-11,141.89671325683594,143.63039032716094,140.8290877786715,142.68029721118097,63141600,AAPL
2022-07-12,142.8663787841797,145.40321819395862,142.07300556646354,142.768425199881,77588800,AAPL
2022-07-13,142.5039825439453,143.44427122627144,139.2031379384123,140.0552923046931,71185600,AAPL
2022-07-14,145.42282104492188,145.8929653987599,140.30995449187216,141.12292146669557,78140700,AAPL
2022-07-15,147.08792114257812,147.7637620290884,145.15835206929646,146.70592606919652,76259900,AAPL
2022-07-18,144.0515594482422,148.45920196700573,143.6891431225671,147.64623499784832,81420900,AAPL
2022-07-19,147.9008331298828,148.12610835981224,143.89478103801397,144.88404613084603,82982400,AAPL
2022-07-20,149.8990478515625,150.56509951384282,147.2838478982926,148.01845513052425,64823400,AAPL
2022-07-21,152.1616668701172,152.37715287681448,148.821648711933,151.3291059400936,65086600,AAPL
2022-07-22,150.927490234375,153.0725455912705,150.26145356507448,152.20081233549695,66675400,AAPL
2022-07-25,149.81089782714844,151.85799971719163,149.15465049641978,150.84914031891685,53623900,AAPL
2022-07-26,148.48858642578125,149.94799628582763,147.70500253719806,149.13502930916428,55138700,AAPL
2022-07-27,153.5720672607422,154.10099277980115,149.0371026048061,149.4484808165071,78620700,AAPL
2022-07-28,154.12059020996094,154.40463173955777,151.2409277129022,153.75817384315252,81378700,AAPL
2022-07-29,159.17466735839844,160.27169083424704,156.22644946059978,157.93074338059327,101786900,AAPL
2022-08-01,158.1951904296875,160.2325026515257,157.58791998844677,157.7054523459462,67829400,AAPL
2022-08-02,156.72596740722656,159.07671904499605,156.35377664743476,156.81413161603723,59907000,AAPL
2022-08-03,162.72035217285156,163.1709027619496,157.450766526114,157.53891577890045,82507500,AAPL
2022-08-04,162.4069366455078,163.75861850349844,161.05525478751719,162.60282888470158,55474100,AAPL
2022-08-05,162.1813507080078,162.67176904705062,159.87637852795464,160.0823608155598,56697000,AAPL
2022-08-08,161.71055603027344,164.59421857415984,161.05339717997808,163.18181120847004,60276900,AAPL
2022-08-09,161.75955200195312,162.6423138220542,160.12155686096395,160.87680514822912,63135500,AAPL
2022-08-10,165.99684143066406,166.0949161402945,163.70167172283962,164.46672330332,70170500,AAPL
2022-08-11,165.26119995117188,167.71329198279503,164.9669459141007,166.80110596451257,57149200,AAPL
2022-08-12,168.80197143554688,168.8706222095757,166.15370085284405,166.56566536252754,68039400,AAPL
2022-08-15,169.87110900878906,170.06727335382837,168.0663730882192,168.2331135298216,54091700,AAPL
2022-08-16,169.71417236328125,170.38114909928223,168.3704308785935,169.46896318920653,56377100,AAPL
2022-08-17,171.2050323486328,172.77436193637106,169.2629800618565,169.45914438952641,79542000,AAPL
2022-08-18,170.8126983642578,171.54832585930868,169.80243780169835,170.42036968678258,62290100,AAPL
2022-08-19,168.2331085205078,170.41056710828244,168.02712623620275,169.71416649279175,70346300,AAPL
2022-08-22,164.3588104248047,166.6049198473659,163.9370428679026,166.43817940694694,69026800,AAPL
2022-08-23,164.0253143310547,165.47696339789675,163.4564272588674,163.87819481513557,54147100,AAPL
2022-08-24,164.319580078125,164.88846719098774,163.06411023124903,164.11361274111158,53841500,AAPL
2022-08-25,166.77166748046875,166.87956011908489,165.1238689631101,165.5456215718219,51218200,AAPL
2022-08-26,160.48448181152344,167.7721056277997,160.42563400937078,167.3013082441995,78961000,AAPL
2022-08-29,158.28741455078125,159.77827539995786,156.7573118566176,158.06181135805244,73314000,AAPL
2022-08-30,155.8647918701172,159.44484048815386,154.69759359071182,159.02308781449068,77906200,AAPL
2022-08-31,154.2071533203125,157.50276536238007,154.1286845852179,157.23793525223348,87991100,AAPL
2022-09-01,154.9329833984375,155.38415993328115,151.70602203096658,153.6382716729597,74229900,AAPL
2022-09-02,152.8241424560547,157.2869518100939,152.0002433352291,156.6886409081276,76957800,AAPL
2022-09-06,151.56871032714844,154.07965015411935,150.74481100262022,153.47153612406976,73714800,AAPL
2022-09-07,152.97132873535156,153.66771454965397,150.66635604545868,151.85317527366345,87449600,AAPL
2022-09-08,151.50003051757812,153.36361410419434,149.75412756943635,151.6765739248584,84923800,AAPL
2022-09-09,154.35426330566406,154.79565178409123,151.78447599724632,152.49067960307377,68028800,AAPL
2022-09-12,160.298095703125,161.11219176205415,156.24725129466944,156.53168728327037,104956000,AAPL
2022-09-13,150.89193725585938,157.4635411507797,150.430942739526,156.83580616608484,122656600,AAPL
2022-09-14,152.333740234375,154.08944624806267,150.66632089509483,151.82370097735972,87965400,AAPL
2022-09-15,149.4500732421875,152.26508456095567,148.47905455230304,151.6863795720259,90481100,AAPL
2022-09-16,147.8120880126953,148.44964084888636,145.52673670084437,148.31232430924803,162278800,AAPL
2022-09-19,151.51962280273438,151.5980915210163,146.24273245408108,146.44869974399057,81474200,AAPL
2022-09-20,153.89329528808594,155.050690549917,150.14650631554355,150.46036632402453,107689800,AAPL
2022-09-21,150.77420043945312,155.69800426701255,150.65650483896582,154.3248240736869,101696800,AAPL
2022-09-22,149.81295776367188,151.50980055233305,148.01802534804153,149.45985605950892,86652500,AAPL
2022-09-23,147.54725646972656,148.5673350111051,145.7130966439831,148.29270193451399,96029900,AAPL
2022-09-26,147.88075256347656,150.82326264584486,146.77240230987616,146.79202323434507,93339400,AAPL
2022-09-27,148.85179138183594,151.75507497309587,147.07647912072952,149.81302224747262,84442700,AAPL
2022-09-28,146.96853637695312,147.75320856386915,142.06435391669942,144.81069908771693,146691400,AAPL
2022-09-29,139.7496337890625,143.9083875278427,137.98412442041132,143.30027345445623,128138200,AAPL
2022-09-30,135.55162048339844,140.35772899315157,135.35545614892226,138.5725991267457,124925300,AAPL
2022-10-03,139.7201385498047,140.32826727911058,135.05136279522836,135.56140190053722,114311700,AAPL
2022-10-04,143.3002471923828,143.41794280659562,141.49549629829846,142.2507447443845,87830100,AAPL
2022-10-05,143.594482421875,144.55571313373582,140.26944671107276,141.3091461524557,79471000,AAPL
2022-10-06,142.64306640625,144.71263233032042,142.43709909152813,143.0157891213956,68402200,AAPL
2022-10-07,137.4053955078125,140.35772324812106,136.7776606833551,139.80844218113944,85925600,AAPL
2022-10-10,137.72906494140625,139.17089585032406,135.91452632499212,137.72906494140625,74899000,AAPL
2022-10-11,136.31666564941406,138.64125855443186,135.57123522583825,137.21903351996755,77033700,AAPL
2022-10-12,135.6889190673828,137.6702130062106,135.51237567961843,136.46378829068846,70433700,AAPL
2022-10-13,140.24986267089844,140.83835578471064,131.79503908177543,132.40316808901153,113224000,AAPL
2022-10-14,135.7281951904297,141.75053227831364,135.5418338120233,141.5445499741852,88598000,AAPL
2022-10-17,139.6809844970703,140.16158499262147,137.5819941601383,138.3666666620457,85250900,AAPL
2022-10-18,140.99525451660156,143.8887193551449,137.91542833833753,142.70191550699425,99136600,AAPL
2022-10-19,141.1031494140625,142.17225768233465,138.78837451258266,138.97473585531196,61758300,AAPL
2022-10-20,140.6421661376953,143.09425775385319,139.91634163141597,140.2792613677454,64522000,AAPL
2022-10-21,144.44784545898438,145.01673262152644,139.91636908601356,140.13215438788754,86548600,AAPL
2022-10-24,146.58602905273438,147.35108041478094,143.20214572577777,144.36934369172494,75981900,AAPL
2022-10-25,149.42068481445312,149.5678193244191,146.49779513966664,147.21380186240924,74732300,AAPL
2022-10-26,146.48797607421875,149.07738452163943,145.20306734701933,148.06712385627637,88194300,AAPL
2022-10-27,142.025146484375,146.1937021462339,141.36798774070627,145.23248644302674,109180200,AAPL
2022-10-28,152.7554931640625,154.48176014348397,144.98726930709842,145.35997702745019,164762400,AAPL
2022-10-31,150.40150451660156,151.2842665764986,149.0087181195706,150.22496108445085,97943200,AAPL
2022-11-01,147.76303100585938,152.4710497811702,146.27217011734126,152.10814502054632,80379300,AAPL
2022-11-02,142.25074768066406,149.25392123210702,142.2213237765035,146.0956258102425,93604600,AAPL
2022-11-03,136.21861267089844,140.0634909361085,136.09109910411752,139.33766635298934,97918500,AAPL
2022-11-04,135.95333862304688,140.16810151754257,132.0234836201314,139.59827074317496,140814800,AAPL
2022-11-07,136.48385620117188,136.70981865595215,133.29084915754692,134.70559929239224,83374600,AAPL
2022-11-08,137.05369567871094,138.9498435557623,135.0789489012502,137.94774130575934,89908500,AAPL
2022-11-09,132.5048828125,136.12035725287217,132.2297941583769,136.07123106652006,74917800,AAPL
2022-11-10,144.29443359375,144.29443359375,137.05368118428237,138.7631733571785,118854000,AAPL
2022-11-11,147.0747833251953,147.3793446123761,141.8382510579549,143.2628351295347,93979700,AAPL
2022-11-14,145.67970275878906,147.644629976999,144.84460269456784,146.3576050476643,73374100,AAPL
2022-11-15,147.40887451171875,150.8966242970365,145.95483216140596,149.55065357357725,89868300,AAPL
2022-11-16,146.18075561523438,147.2418181251695,144.70706018330316,146.51480463978803,64218300,AAPL
2022-11-17,148.07696533203125,148.82363252503697,143.58709795786277,143.86218666008645,80389400,AAPL
2022-11-18,148.63694763183594,150.0222252429551,147.3401031595605,149.6390649453273,74829600,AAPL
2022-11-21,145.41444396972656,147.73305885560603,145.12953609848137,147.52674987775407,58724100,AAPL
2022-11-22,147.54638671875,147.7821833963105,144.353379792247,145.5323481888436,51804100,AAPL
2022-11-23,148.42080688476562,149.16747394284351,146.72113379241404,146.82920540527334,58301400,AAPL
2022-11-25,145.51271057128906,146.2692118769101,144.54006603549058,145.7092003283938,35195900,AAPL
2022-11-28,141.69093322753906,144.06849387144769,140.8656672171658,142.5947981424062,69246000,AAPL
2022-11-29,138.6944122314453,142.27057984792378,137.8887997144492,141.7596944766532,83763800,AAPL
2022-11-30,145.43409729003906,146.1119996275474,138.08527316426236,138.9203582971881,111380900,AAPL
2022-12-01,145.70921325683594,146.51484082101652,144.0390276864429,145.61097586517099,71250400,AAPL
2022-12-02,145.2179718017578,145.40464232225125,143.09584639700262,143.4004227674544,65447400,AAPL
2022-12-05,144.0586700439453,148.27343309869434,143.21375058654476,145.17867816271277,68826400,AAPL
2022-12-06,140.40390014648438,144.71691547188212,139.43125562304482,144.49095300364328,64727200,AAPL
2022-12-07,138.46844482421875,140.85582456681212,137.54492649061714,139.69652452502783,69721100,AAPL
2022-12-08,140.14845275878906,141.0032064446931,138.62564588690643,139.86354485762612,62128300,AAPL
2022-12-09,139.6670684814453,143.01727390300547,138.42915440090607,139.8439047836886,76097000,AAPL
2022-12-12,141.9561767578125,141.96599599737974,138.58631867677312,140.19755844692216,70462700,AAPL
2022-12-13,142.91900634765625,147.34009332894186,141.71058010364294,146.87833415604433,93886200,AAPL
2022-12-14,140.6986083984375,144.08810457077118,138.68455516840615,142.8010797480732,82291200,AAPL
2022-12-15,134.10630798339844,139.3133690938159,133.64454880056923,138.63546667684503,98931900,AAPL
2022-12-16,132.15121459960938,135.23615066480997,131.3848939522239,134.29299371012456,160156900,AAPL
2022-12-19,130.04872131347656,132.82909551472687,129.01714637272462,132.74067737544078,79592600,AAPL
2022-12-20,129.97994995117188,130.91328746393052,127.61220884643005,129.08590439011405,77432800,AAPL
2022-12-21,133.07470703125,134.41085828161889,130.42205800232537,130.64802045895354,85928000,AAPL
2022-12-22,129.91116333007812,132.20030541745464,128.01501569466643,131.9939964474779,77852100,AAPL
2022-12-23,129.5476531982422,130.09783042542833,127.36658276817921,128.62413499923468,63814900,AAPL
2022-12-27,127.74974060058594,129.10554516462403,126.46271568426795,129.07607245594536,69007800,AAPL
2022-12-28,123.82972717285156,128.73221899747332,123.66271014073895,127.39606774936588,85438400,AAPL
2022-12-29,127.33715057373047,128.19188939568883,125.49012108364987,125.74555630862793,75703700,AAPL
2022-12-30,127.65151977539062,127.67117324976594,125.19536766637758,126.15818552945343,77034200,AAPL
2023-01-03,122.8767318725586,128.60448941700523,121.9925130634904,127.99536673400503,112117500,AAPL
2023-01-04,124.14412689208984,126.4037966398773,122.886574422074,124.66483150899292,89113600,AAPL
2023-01-05,122.82762145996094,125.52939692056383,122.57218626779334,124.90062068574457,80962700,AAPL
2023-01-06,127.34693908691406,128.0051879622661,122.69989001665523,123.80025205121024,87754700,AAPL
2023-01-09,127.86766052246094,131.07050217869943,127.61222532540481,128.18205614149144,70790800,AAPL
2023-01-10,128.43748474121094,128.95818934117645,125.87325369613974,127.97572556898378,63896200,AAPL
2023-01-11,131.14907836914062,131.1687168485226,128.17221470136022,128.94835439070522,69458900,AAPL
2023-01-12,131.07049560546875,131.90558081812333,129.13504077259947,131.5322547782573,71379600,AAPL
2023-01-13,132.39682006835938,132.55401787873402,129.35119119619432,129.71469801537842,57809700,AAPL
2023-01-17,133.55613708496094,134.88245427698436,131.77787992946924,132.4656016206527,63646600,AAPL
2023-01-18,132.8389434814453,136.17931456809228,132.66209219338052,134.4207108763407,69672800,AAPL
2023-01-19,132.89785766601562,133.86066781311564,131.42416224055012,131.72872356322017,58280400,AAPL
2023-01-20,135.45225524902344,135.59963378756996,131.8662690124696,132.9076780568954,80223600,AAPL
2023-01-23,138.63546752929688,140.80671912517695,135.4817521326256,135.6978953680963,81760300,AAPL
2023-01-24,140.030517578125,140.64947436317055,137.83962823132975,137.84944746922466,66435100,AAPL
2023-01-25,139.372314453125,139.93231102042415,136.37579688239575,138.41932337339787,65799300,AAPL
2023-01-26,141.43548583984375,141.72039372676826,139.41159795380088,140.65933109437518,54105100,AAPL
2023-01-27,143.37094116210938,144.64814715401417,140.57092820918845,140.64952711543583,70555800,AAPL
2023-01-30,140.49229431152344,142.9975794810538,140.34493076851774,142.41792955695834,64015300,AAPL
2023-01-31,141.7597198486328,141.8088460454489,139.78497266279496,140.19760573187105,65874500,AAPL
2023-02-01,142.8797149658203,144.03903014040526,138.84180280794712,141.44532609516176,77663600,AAPL
2023-02-02,148.17518615722656,148.52885870656533,145.57164829200897,146.2888426135127,118339000,AAPL
2023-02-03,151.7906494140625,154.62014981197694,145.23761799882098,145.43410775063012,154357300,AAPL
2023-02-06,149.0692138671875,150.41519933800663,148.1358763450209,149.8944947732861,69858300,AAPL
2023-02-07,151.93798828125,152.50781896271047,147.9983146799996,147.9983146799996,83322600,AAPL
2023-02-08,149.25587463378906,151.86923151834947,148.5190269025848,151.18150996746658,64120100,AAPL
2023-02-09,148.2243194580078,151.62365104865805,147.78221371418798,151.08329292122983,56007100,AAPL
2023-02-10,148.58839416503906,148.91310407783703,146.82710525948497,147.06326201809225,57450700,AAPL
2023-02-13,151.38284301757812,151.78625678187208,148.49982115470684,148.52933886882354,62199000,AAPL
2023-02-14,150.74325561523438,151.30412220458746,148.44078385852455,149.68057287811524,61707600,AAPL
2023-02-15,152.83908081054688,153.00635283510616,150.42837278798947,150.65468023132328,65573800,AAPL
2023-02-16,151.2450714111328,153.82305157694913,150.8908438680814,151.04826665403036,68167900,AAPL
2023-02-17,150.10369873046875,150.5464794908576,148.4309630722788,149.90690894964015,59144100,AAPL
2023-02-21,146.09893798828125,148.87372305726493,146.03006833094608,147.79135689260553,58867200,AAPL
2023-02-22,146.5220489501953,147.54536466728035,144.80011234851025,146.4826819914061,51011300,AAPL
2023-02-23,147.00421142578125,147.92913996180903,144.87886065676489,147.68314896878456,48394200,AAPL
2023-02-24,144.3573455810547,144.8296440334222,143.38321594733068,144.75092512234477,55469600,AAPL
2023-02-27,145.5478973388672,146.77785186784027,145.08543323484585,145.341273385892,44998500,AAPL
2023-02-28,145.04608154296875,146.68929899478212,144.47538083886278,144.69185403745792,50547000,AAPL
2023-03-01,142.9797821044922,144.86899086128216,142.68458995191014,144.4754113339038,55479000,AAPL
2023-03-02,143.57015991210938,144.3573339453376,141.59238308918532,142.0646965175798,52238100,AAPL
2023-03-03,148.60804748535156,148.6867663889097,144.96738452683869,145.66599039801153,70732300,AAPL
2023-03-06,151.36314392089844,153.79353555974586,150.99908214162087,151.32377696340643,87558000,AAPL
2023-03-07,149.1688995361328,151.55992406603715,148.70643540651363,151.23521425072406,56182000,AAPL
2023-03-08,150.41854858398438,151.00893289820618,149.39523278864294,150.35951315538156,47204800,AAPL
2023-03-09,148.17507934570312,152.06173267895514,147.82085183856077,151.097452526104,53833600,AAPL
2023-03-10,146.11862182617188,148.5194958597798,145.242894659562,147.80120650188752,68572400,AAPL
2023-03-13,148.0570526123047,150.68423448355665,145.33146834316847,145.43970497520198,84457100,AAPL
2023-03-14,150.14305114746094,150.94005952145656,147.69299059245188,148.85406081281639,73695900,AAPL
2023-03-15,150.53663635253906,150.79246155107444,147.51586009545082,148.76549840164833,77167900,AAPL
2023-03-16,153.3507537841797,153.95097226183628,149.20825986230471,149.71992520737962,76161100,AAPL
2023-03-17,152.514404296875,154.2265068856699,151.80594908869074,153.5770871091514,98944600,AAPL
2023-03-20,154.87588500976562,155.28916298853815,151.6780028890537,152.5832627325511,73641400,AAPL
2023-03-21,156.7257537841797,156.84382463636302,154.02968755125636,154.7971931327365,73938300,AAPL
2023-03-22,155.29898071289062,159.53986153376988,155.27929723644732,156.74540844255807,75701800,AAPL
2023-03-23,156.38134765625,158.95934282613845,155.15139299961646,156.28296029217628,67622100,AAPL
2023-03-24,157.68023681640625,157.76878997628896,155.31872913493615,156.31252740651905,59196500,AAPL
2023-03-27,155.74179077148438,158.19186606543823,155.33836200567538,157.37517430078694,52390300,AAPL
2023-03-28,155.12188720703125,155.94842821050446,153.47866946121147,155.43676283008696,45992200,AAPL
2023-03-29,158.19187927246094,158.4673879613573,156.79465234617297,156.81432081388166,51305700,AAPL
2023-03-30,159.7563934326172,159.86463007168524,158.68387629082392,158.93970152221254,49501700,AAPL
2023-03-31,162.255615234375,162.3540176143248,159.31357325147573,159.8350728342002,68749800,AAPL
2023-04-03,163.50527954101562,163.62335040456196,161.58655293789977,161.63575413574327,56976200,AAPL
2023-04-04,162.97390747070312,164.16449510354033,162.46224215834394,163.92835343175463,46278300,AAPL
2023-04-05,161.13389587402344,162.4032175003463,159.2053353608918,162.09819114468434,51511700,AAPL
2023-04-06,162.01947021484375,162.31466233453045,159.40212310856722,159.8252203026454,45390100,AAPL
2023-04-10,159.43165588378906,159.43165588378906,157.51292944566782,158.8314373555464,47716900,AAPL
2023-04-11,158.22137451171875,159.7563555644006,157.93601661540757,159.74652133194326,47644200,AAPL
2023-04-12,157.53262329101562,159.46118408911326,157.2177476424543,158.6346580327857,50133100,AAPL
2023-04-13,162.90504455566406,163.14120127307194,158.83143501847854,159.03807402297244,68445600,AAPL
2023-04-14,162.56068420410156,163.6528847449455,161.19297496954,161.9506163702145,49386500,AAPL
2023-04-17,162.58033752441406,162.7377753387549,161.39958394505072,162.44258319038994,41516200,AAPL
2023-04-18,163.80047607421875,164.72540456754612,162.99361844758067,163.43641422586148,49923000,AAPL
2023-04-19,164.94183349609375,165.46333303592274,162.88533803142178,163.14117819260926,47720200,AAPL
2023-04-20,163.97755432128906,165.17799130758831,162.9050374280842,163.4265370188754,52456400,AAPL
2023-04-21,162.37371826171875,163.78077935638615,161.85221862385353,162.4032359760057,58337300,AAPL
2023-04-24,162.67874145507812,162.9444158925364,161.26183114076272,162.35403159020615,41949600,AAPL
2023-04-25,161.14376831054688,163.6430299514636,161.10440134757968,162.54099521393778,48714100,AAPL
2023-04-26,161.13389587402344,162.62952495549953,160.18929909610858,160.44512426219072,45498800,AAPL
2023-04-27,165.70932006835938,165.85690860859063,162.54095594925062,162.54095594925062,64902300,AAPL
2023-04-28,166.958984375,167.12627144742981,165.18786139778672,165.7880799666726,55275900,AAPL
2023-05-01,166.87042236328125,167.71663185783257,165.9356597273935,166.56539597816914,52472900,AAPL
2023-05-02,165.83726501464844,167.6182522416185,164.8533011388869,167.36241202489828,48425700,AAPL
2023-05-03,164.7647247314453,168.17908009941613,164.47938185396285,166.7818533947913,65136000,AAPL
2023-05-04,163.13136291503906,164.36131774887434,161.67510059572527,162.24580144031648,81235400,AAPL
2023-05-05,170.7865753173828,171.50486456691795,168.02162489145863,168.23809809226543,113453200,AAPL
2023-05-08,170.71771240234375,171.06210572406735,169.35000337616833,169.7140651629481,55962800,AAPL
2023-05-09,169.01547241210938,170.7570775926942,168.84820036158354,170.27494492179522,45326900,AAPL
2023-05-10,170.77676391601562,171.23922812803062,169.14338031673282,170.24543004162442,53724500,AAPL
2023-05-11,170.96371459960938,171.79024060925457,169.40904995436452,171.06211698775132,49514700,AAPL
2023-05-12,170.03749084472656,171.50561502670146,168.4905238476374,171.0720697527437,45533100,AAPL
2023-05-15,169.5448455810547,170.66811525184778,168.95364468701064,170.6188460048669,37266700,AAPL
2023-05-16,169.5448455810547,170.5991352991019,169.27880367524853,169.46601779285794,42110300,AAPL
2023-05-17,170.15574645996094,170.39221479568312,167.91905489711874,169.19013234108013,57951600,AAPL
2023-05-18,172.4811248779297,172.66833901247392,170.04737119858373,170.46120584790356,65496700,AAPL
2023-05-19,172.58950805664062,173.80145343851697,172.37273538217633,173.80145343851697,55809500,AAPL
2023-05-22,171.64358520507812,172.14611049896482,170.90459157041087,171.42681253611994,43570900,AAPL
2023-05-23,169.04232788085938,170.83562631420236,168.7664381272472,170.58929510312979,50747300,AAPL
2023-05-24,169.31822204589844,169.8897122746601,168.0176010356781,168.57922839342694,45143500,AAPL
2023-05-25,170.45132446289062,171.34795850917342,169.17039935195018,169.87983433539839,56058300,AAPL
2023-05-26,172.85552978515625,173.19055165787438,170.56958397024448,170.77650880236848,54835000,AAPL
2023-05-30,174.69810485839844,176.36330631715728,173.9788219031772,174.36309800636275,55964400,AAPL
2023-05-31,174.64883422851562,176.71802248155805,174.16601962684186,174.72766202276017,99625300,AAPL
2023-06-01,177.4471435546875,177.47670209655325,174.33351350934285,175.09221783191245,68901800,AAPL
2023-06-02,178.29454040527344,179.11236188910445,176.62933889294345,178.37336820267623,61996900,AAPL
2023-06-05,176.94464111328125,182.2358308287415,175.4272324012079,179.949884959394,121946500,AAPL
2023-06-06,176.580078125,177.476712338109,174.8261860088602,177.32891962025158,64848400,AAPL
2023-06-07,175.21046447753906,178.5507149734009,174.71780207381394,175.82136104700194,61944600,AAPL
2023-06-08,177.92010498046875,178.18613184931536,174.85574427470908,175.28927455408018,50214900,AAPL
2023-06-09,178.3043975830078,179.5557493602978,177.97923856717878,178.83646640490514,48900000,AAPL
2023-06-12,181.09283447265625,181.19137296447727,178.31422641468646,178.60982685528654,54274900,AAPL
2023-06-13,180.61985778808594,181.44752687931387,179.76263016037564,180.11734763302488,54929100,AAPL
2023-06-14,181.25048828125,181.68403358526143,179.34881869349235,180.67899811094975,57462900,AAPL
2023-06-15,183.2802734375,183.78279874291368,181.08300318978328,181.26036948430115,65433200,AAPL
2023-06-16,182.2062530517578,184.245882524342,181.56579797087073,183.98968846409701,101256200,AAPL
2023-06-20,182.294921875,183.3689372512462,181.70373606119196,181.70373606119196,49799100,AAPL
2023-06-21,181.26034545898438,182.68906332243637,179.91044034391143,182.18653808363035,49515700,AAPL
2023-06-22,184.25575256347656,184.30502181445038,180.9746189088309,181.04359886716716,51245300,AAPL
2023-06-23,183.94041442871094,184.807505007212,182.29492392440986,182.82700770116728,53117000,AAPL
2023-06-26,182.55111694335938,185.2903184900679,182.51169553463515,184.08822111663613,48088700,AAPL
2023-06-27,185.30018615722656,185.6253451571229,182.94526040179295,183.1620330683905,50730800,AAPL
2023-06-28,186.47274780273438,187.11320300977505,184.84696764032918,185.1721116449177,51216800,AAPL
2023-06-29,186.80776977539062,187.28073661729,186.16731451659385,186.30525942009777,46347300,AAPL
2023-06-30,191.12344360351562,191.62595381515632,188.45320690668942,188.81778728912292,85213200,AAPL
2023-07-03,189.63565063476562,191.03481029014517,188.94591112680644,190.93627177904648,31458200,AAPL
2023-07-05,188.52220153808594,190.1479814937267,187.82261429340878,188.75868490984942,46920300,AAPL
2023-07-06,188.99514770507812,189.20207252866174,186.42344937265386,187.05405664400223,45094300,AAPL
2023-07-07,187.88172912597656,189.84253092683244,187.4481988352347,188.60102706839623,46815000,AAPL
2023-07-10,185.84210205078125,187.2018550195119,184.2951349736181,186.48255712554894,59922200,AAPL
2023-07-11,185.31988525390625,186.5219826806886,183.86160879849567,186.384037813756,46638100,AAPL
2023-07-12,186.985107421875,188.88677723101014,185.70418206587038,186.8964167558296,60750200,AAPL
2023-07-13,187.7437744140625,188.38424453327508,186.99493300399138,187.7043680387378,41342300,AAPL
2023-07-14,187.89158630371094,188.37438582770977,186.8471444335954,187.4383302857117,41616200,AAPL
2023-07-17,191.14317321777344,191.46833222271863,188.99515722491665,189.08383285312058,50520200,AAPL
2023-07-18,190.88697814941406,191.47817907078496,189.5962050071137,190.5125649317522,48288200,AAPL
2023-07-19,192.23687744140625,195.32093388898534,189.82281961650222,190.26622781119138,80507300,AAPL
2023-07-20,190.29579162597656,193.58677299126168,189.67503216410122,192.22701989757815,59581200,AAPL
2023-07-21,189.12322998046875,192.10876269219432,188.42364281090323,191.25153499324207,71951700,AAPL
2023-07-24,189.92135620117188,192.04966138875844,189.4286937985748,190.57167418096722,45377800,AAPL
2023-07-25,190.77857971191406,191.58655325087184,190.08885537064708,190.49284214012596,37283200,AAPL
2023-07-26,191.64566040039062,192.76892999363082,190.4829844332044,190.82783906853456,47471900,AAPL
2023-07-27,190.38446044921875,194.30604897209747,189.72429463258098,193.1433729163405,47460200,AAPL
2023-07-28,192.9561767578125,193.74443968391378,191.2909752730755,191.81319626670884,48291400,AAPL
2023-07-31,193.5670623779297,193.60648379116893,192.39452340931743,193.1827862905988,38824100,AAPL
2023-08-01,192.73939514160156,193.842954166062,192.41423613585215,193.3601546102926,35175100,AAPL
2023-08-02,189.75384521484375,192.3156805851802,189.03456234552243,192.17773571935334,50389300,AAPL
2023-08-03,188.36453247070312,189.54691917513858,187.89158079590146,188.7586713954234,61235200,AAPL
2023-08-04,179.3192596435547,184.6301595328746,179.25027969317492,182.79745486603875,115956800,AAPL
2023-08-07,176.22535705566406,180.44254624962392,174.74736976708382,179.4572213905704,97576100,AAPL
2023-08-08,177.16140747070312,177.62451134366992,174.97398514494694,177.05302113799038,67823000,AAPL
2023-08-09,175.57505798339844,178.27483876617566,174.41236670614128,178.2157216738325,60378500,AAPL
2023-08-10,175.3582763671875,178.097478428752,174.9937109597073,176.84611157664116,54686900,AAPL
2023-08-11,175.41746520996094,176.23639103718068,174.19402209160106,174.95375100085724,52036700,AAPL
2023-08-14,177.06517028808594,177.2920967961584,174.9438523177461,175.59504844195268,43675600,AAPL
2023-08-15,175.0819854736328,177.08489459113486,174.68732936330193,176.49291042563854,43622600,AAPL
2023-08-16,174.21372985839844,176.1574269074876,174.14465676238186,174.766254405872,46964900,AAPL
2023-08-17,171.67803955078125,175.1411945839284,171.1649745274817,174.7761369036864,66062900,AAPL
2023-08-18,172.1614990234375,172.76335939467492,169.6652621694116,170.0007213782545,61172200,AAPL
2023-08-21,173.49346923828125,173.77960771425435,171.4215020828672,172.7337554755455,46311900,AAPL
2023-08-22,174.86495971679688,175.3089517053089,173.89804148878878,174.69723007914428,42038900,AAPL
2023-08-23,178.7030029296875,179.12727253692543,175.95024126986627,176.13770818549477,52722800,AAPL
2023-08-24,174.02627563476562,178.68329009610582,173.6612029173666,178.25902046647073,54945800,AAPL
2023-08-25,176.22653198242188,176.7593193055493,173.47376987845638,175.01294998434398,51449600,AAPL
2023-08-28,177.7854461669922,178.1801023209798,176.1673318473753,177.68677460091166,43820700,AAPL
2023-08-29,181.66294860839844,182.4325384515213,177.10460645218393,177.301934478981,53003900,AAPL
2023-08-30,185.14588928222656,185.34323241647965,182.27473336292013,182.4720614420058,60813900,AAPL
2023-08-31,185.36293029785156,186.59624944883035,184.9781353249528,185.33333184264131,60794500,AAPL
2023-09-01,186.93173217773438,187.38558521498553,185.76747101772168,186.961330634287,45766500,AAPL
2023-09-05,187.1685333251953,187.44479564304942,185.1064270757959,185.7674844117445,45280000,AAPL
2023-09-06,180.46914672851562,186.32988234003622,179.04836051297525,185.88587535630464,81755800,AAPL
2023-09-07,175.19052124023438,175.83185624974686,171.22416252451072,172.84227669356144,112488800,AAPL
2023-09-08,175.80223083496094,177.83475336123297,175.4174358773743,175.96997548136457,65551300,AAPL
2023-09-11,176.96652221679688,177.8939807491613,174.9734739911946,177.66705421097663,58953100,AAPL
2023-09-12,173.94732666015625,177.72621814105926,172.48708107979573,177.09475937210624,90370200,AAPL
2023-09-13,171.88522338867188,174.93398459835862,171.6582818339781,174.15451849429098,84267900,AAPL
2023-09-14,173.39483642578125,173.75003299454158,171.2636570132194,171.6780505009118,60895800,AAPL
2023-09-15,172.674560546875,174.14468255030425,171.5004532372104,174.12494522635322,109259500,AAPL
2023-09-18,175.59506225585938,176.98624997924455,173.8190795297471,174.12494029407293,67257600,AAPL
2023-09-19,176.6803741455078,177.23289871202428,174.7662604292434,175.1510553991506,51826900,AAPL
2023-09-20,173.1481475830078,177.30195805066697,173.0593371622532,176.86782730089922,58436200,AAPL
2023-09-21,171.60894775390625,173.94733103404198,171.5398897121348,172.2206842726111,63149100,AAPL
2023-09-22,172.4574737548828,174.71692282922322,171.72735846610487,172.33907993619778,56725400,AAPL
2023-09-25,173.7302703857422,174.6083930174941,171.82601779128095,171.87535356826675,46172700,AAPL
2023-09-26,169.665283203125,172.86203732750283,169.36928354767613,172.48711848209095,64588900,AAPL
2023-09-27,168.15565490722656,170.730825832551,166.79408083596385,170.31643241476104,66921800,AAPL
2023-09-28,168.41220092773438,169.73431545858824,165.38316183381656,167.0802102082604,56294400,AAPL
2023-09-29,168.92526245117188,170.7604419321708,168.06686209293406,169.72445084440017,51861100,AAPL
2023-10-02,171.431396484375,171.97406003104268,168.64902069337074,168.9351592248721,52164500,AAPL
2023-10-03,170.0994110107422,171.31300817848214,168.54050848834052,169.96127983577614,49594600,AAPL
2023-10-04,171.34259033203125,171.88525384459265,168.68848474300435,168.80687858022958,53020300,AAPL
2023-10-05,172.5758819580078,173.10866919518492,170.3756298015613,171.47081778563683,48527900,AAPL
2023-10-06,175.1214599609375,175.61478762599208,170.86896284182788,171.48069938400815,57266700,AAPL
2023-10-09,176.60145568847656,176.66065260372454,173.45402254968238,174.45053908507856,42390800,AAPL
2023-10-10,176.0094451904297,177.3216985969386,175.5753144327677,175.7233217666065,43698000,AAPL
2023-10-11,177.40066528320312,177.45000107017458,175.23002615297557,175.82201043112758,47551100,AAPL
2023-10-12,178.29849243164062,179.906730392158,176.6507647716162,177.6670336186698,56743100,AAPL
2023-10-13,176.46334838867188,179.5022341867499,175.76281633481818,178.99904528395493,51427100,AAPL
2023-10-16,176.3350372314453,176.6902337432856,174.15452238414363,174.39132507709223,52517000,AAPL
2023-10-17,174.78598022460938,176.03903666999224,172.46734930467605,174.29265257502803,57549400,AAPL
2023-10-18,173.49346923828125,175.21025492862336,172.77321506438722,173.23694427289632,54764400,AAPL
2023-10-19,173.11856079101562,175.46679037407037,172.85215962113486,173.69080766680926,59302900,AAPL
2023-10-20,170.57298278808594,173.07908076842247,170.33618008275127,172.97054807703984,64244000,AAPL
2023-10-23,170.69137573242188,171.68789221712717,167.66233657820504,168.62926966195786,55980100,AAPL
2023-10-24,171.12548828125,171.3524147723922,169.16203892177992,170.74069333750268,43816600,AAPL
2023-10-25,168.81674194335938,170.75057806188605,168.3727349771656,169.58633193718455,57157000,AAPL
2023-10-26,164.6629180908203,169.0930062294273,163.459197305812,168.0964746462511,70625300,AAPL
2023-10-27,165.9751434326172,166.70527372020223,164.60369326977082,164.68262749452305,58499100,AAPL
2023-10-30,168.0175323486328,168.8857938712959,166.61648356307745,166.76449089816728,51131000,AAPL
2023-10-31,168.49114990234375,168.61940486913602,165.65943861592592,167.09010101577766,44846000,AAPL
2023-11-01,171.64842224121094,171.9049471971035,167.84979334743332,168.71805482147735,56934900,AAPL
2023-11-02,175.20037841796875,175.40756758774253,173.11853525669227,173.17773216234193,77334800,AAPL
2023-11-03,174.29263305664062,174.46037768725847,171.03668297815753,171.91480549386804,79829200,AAPL
2023-11-06,176.8382110595703,177.03553909275448,173.85852313161243,174.02625271257716,63841300,AAPL
2023-11-07,179.39369201660156,180.00541354681909,176.58171810512866,176.7889073081916,70530000,AAPL
2023-11-08,180.4494171142578,181.00194176498167,179.16676200069597,179.91662978825056,49340300,AAPL
2023-11-09,179.97581481933594,181.6629871195562,179.3838155582821,180.51847829944086,53763500,AAPL
2023-11-10,184.15487670898438,184.32284238950194,181.31944959381738,181.75415237279827,66133400,AAPL
2023-11-13,182.57412719726562,183.78930789371245,181.99123723697815,183.58184574005094,43627500,AAPL
2023-11-14,185.18234252929688,185.8442707665973,184.05607409829287,185.43920547847273,60108400,AAPL
2023-11-15,185.74545288085938,187.21751156501972,185.5182274044454,185.5873915048758,53790500,AAPL
2023-11-16,187.4250030517578,188.65994715340477,186.37775779056014,187.28668991537342,54412900,AAPL
2023-11-17,187.4052276611328,188.08691917335904,186.29872264128753,187.95848017105547,50922700,AAPL
2023-11-20,189.14405822753906,189.59852434433026,187.59297608925786,187.6028502162522,46505100,AAPL
2023-11-21,188.3437957763672,189.21320125507725,187.45464204586924,189.10452557023848,38134500,AAPL
2023-11-22,189.00570678710938,190.60618938615343,188.53149251239262,189.18354656200316,39617700,AAPL
2023-11-24,187.68186950683594,188.60066069963858,186.97054048498805,188.57102324664504,24048300,AAPL
2023-11-27,187.5040283203125,188.37343380166539,186.6247487130357,187.63246733233092,40552600,AAPL
2023-11-28,188.10670471191406,188.77852223213688,187.11874929835358,187.4941771795076,38415400,AAPL
2023-11-29,187.0890655517578,189.77630481775705,186.69388951411068,188.60063575450744,43014200,AAPL
2023-11-30,187.662109375,188.02766309314677,185.92331344476767,187.55343368717286,48794400,AAPL
2023-12-01,188.93658447265625,189.25272234216075,186.95078459310412,188.03754149609296,45704800,AAPL
2023-12-04,187.1483612060547,187.76090372984268,185.1922139752508,187.69173962433385,43389500,AAPL
2023-12-05,191.09030151367188,192.05849343193452,187.8893210956394,187.91897362196437,66628400,AAPL
2023-12-06,190.00355529785156,192.4141533735728,189.79607806848605,192.10788966712872,41089700,AAPL
2023-12-07,191.93006896972656,192.6512720749557,191.2582515665674,191.29777821822415,47477700,AAPL
2023-12-08,193.3527069091797,193.62933314213194,191.33726998338577,191.86088500111674,53406400,AAPL
2023-12-11,190.85321044921875,191.1594892758114,189.1144144313186,190.7840614125706,60943700,AAPL
2023-12-12,192.36477661132812,192.3746507369947,189.4107849369075,190.75440470261375,52696900,AAPL
2023-12-13,195.57562255859375,195.61513413450965,192.50308121236986,192.74018081786602,70404200,AAPL
2023-12-14,195.72381591796875,197.21562292408947,193.79730618821,195.63490356313392,66831600,AAPL
2023-12-15,195.1903076171875,196.01029713155143,194.6271659416612,195.1507809689053,128538400,AAPL
2023-12-18,193.53054809570312,194.26164038796966,192.0486152607036,193.72813612536964,55751900,AAPL
2023-12-19,194.5679168701172,194.5777909959987,193.53056080250687,193.79731295132126,40714100,AAPL
2023-12-20,192.4833221435547,195.2989855460905,192.4833221435547,194.5283816611859,52242800,AAPL
2023-12-21,192.33511352539062,194.70621508029078,191.16933361068988,193.73802319308166,46482500,AAPL
2023-12-22,191.26812744140625,193.05632389177538,190.64571085868127,192.82908334808235,37149600,AAPL
2023-12-26,190.72479248046875,191.5546713962727,190.50744108704347,191.2780450910047,28919300,AAPL
2023-12-27,190.8235321044922,191.16932243864449,188.78834689776542,190.17149315937536,48087700,AAPL
2023-12-28,191.2483673095703,192.3153607227681,190.8433020640508,191.80161980345068,34049900,AAPL
2023-12-29,190.21102905273438,192.0585006042798,189.4206618129017,191.56452296375952,42672100,AAPL
2024-01-02,183.40402221679688,186.17030008579113,181.6751004330507,184.89582930034302,82488700,AAPL
2024-01-03,182.03079223632812,183.64116444890584,181.22066152877247,182.001154778735,58414500,AAPL
2024-01-04,179.71893310546875,180.88471299934187,178.70134046081682,179.95603270422265,71983600,AAPL
2024-01-05,178.99774169921875,180.5587129492039,177.99991223040004,179.79799818956093,62379700,AAPL
2024-01-08,183.32496643066406,183.36449308108033,179.3138706884217,179.89676064456035,59144500,AAPL
2024-01-09,182.9100341796875,182.9199083051763,180.52905841182087,181.7047275700206,42841800,AAPL
2024-01-10,183.9473876953125,184.1548498527509,181.70472508990332,182.12955368013527,46792900,AAPL
2024-01-11,183.35459899902344,184.7970202008086,181.40832608034748,184.293153408918,49128400,AAPL
2024-01-12,183.6806182861328,184.49074873898914,182.95941525310155,183.818931403084,40477800,AAPL
2024-01-16,181.41822814941406,182.04062970854807,178.7507369031224,179.96593271976667,65603000,AAPL
2024-01-17,180.47964477539062,180.72663357001974,178.12832170152117,179.08663943068214,47317400,AAPL
2024-01-18,186.35800170898438,186.86185345428623,183.59172402252184,183.8485869578717,78005800,AAPL
2024-01-19,189.25270080566406,189.63800274105876,186.5457131326349,187.0495648712278,68903000,AAPL
2024-01-22,191.55462646484375,192.97728431537942,189.94425472083472,189.98378136946042,60133900,AAPL
2024-01-23,192.82907104492188,193.39221269336167,191.4953406920358,192.67100968439368,42355600,AAPL
2024-01-24,192.1573028564453,194.01466361551059,191.99922639290756,193.06621990928542,53631300,AAPL
2024-01-25,191.8312530517578,193.9059649333701,190.78402298627717,192.86860899256396,54822100,AAPL
2024-01-26,190.1023406982422,192.41415228379137,189.6281264159501,191.93006387634745,44594000,AAPL
2024-01-29,189.42068481445312,189.8850250589276,187.29658673228502,189.6973111207354,47145600,AAPL
2024-01-30,185.77508544921875,189.48980657471878,185.21195883551243,188.64016451675863,55859400,AAPL
2024-01-31,182.17892456054688,184.84641553917146,182.129538862794,184.78712556686926,55467800,AAPL
2024-02-01,184.6093292236328,184.69824158324056,181.6059517240919,181.77390231724044,64885400,AAPL
2024-02-02,183.6114959716797,185.07366557426653,177.0909850527091,177.6936383802958,102551700,AAPL
2024-02-05,185.41946411132812,186.97056134101734,183.6016297749433,185.8838043600247,69668800,AAPL
2024-02-06,187.0199432373047,187.02981736340615,184.5204175084795,184.6093298683978,43490800,AAPL
2024-02-07,187.1286163330078,188.74886241631054,186.33824908078662,188.3437971267345,53439000,AAPL
2024-02-08,186.05172729492188,187.25701874915856,185.09340956143063,187.10883150171134,40962000,AAPL
2024-02-09,186.81344604492188,187.9411516715375,185.97260641439556,186.61559077121817,45155200,AAPL
2024-02-12,185.13177490234375,186.6353875018477,184.77565652599384,186.38808349311134,41781900,AAPL
2024-02-13,183.04452514648438,184.20192116931864,181.5310258479947,183.76666370675508,56529500,AAPL
2024-02-14,182.16412353515625,183.52924646908957,180.47257259846702,183.32151955824494,54630500,AAPL
2024-02-15,181.87722778320312,182.50043860227981,179.3943014199978,181.57057328309747,65434500,AAPL
2024-02-16,180.34396362304688,182.8565806751117,179.71086599707365,181.44199396902647,49752500,AAPL
2024-02-20,179.60203552246094,180.46264852115328,178.0588611409836,179.82955095197704,53665600,AAPL
2024-02-21,180.35385131835938,180.91769653606136,178.71174929095213,179.9779444437335,41371400,AAPL
2024-02-22,182.38172912597656,182.9653779737103,180.49233824441416,181.50132758611662,52292200,AAPL
2024-02-23,180.5516815185547,183.04449459753943,180.26480046872615,183.01481932952075,45119700,AAPL
2024-02-26,179.2063446044922,180.78908088671756,178.70183486744935,180.2746995194681,40867400,AAPL
2024-02-27,180.66050720214844,181.93658908973126,177.62360710096542,179.1470080612827,54318900,AAPL
2024-02-28,179.4635467529297,181.14521076395337,178.1874648834917,180.54178846123017,48953900,AAPL
2024-02-29,178.80078125,180.6011615069905,177.59393659501978,179.31517776545977,136682600,AAPL
2024-03-01,177.7225341796875,178.5831471920378,175.46712311031385,177.6137198257161,73563100,AAPL
2024-03-04,173.2117156982422,174.99229230011673,171.9158301484072,174.25038035125658,81510100,AAPL
2024-03-05,168.28538513183594,170.18467763470022,167.7907772375202,168.9184826327907,95132400,AAPL
2024-03-06,167.29617309570312,169.39332087872134,166.8609157238647,169.21525418377138,68587700,AAPL
2024-03-07,167.17750549316406,168.88884496206234,166.67301076258389,167.32588185679398,71765100,AAPL
2024-03-08,168.8888397216797,171.82681238429842,167.11814976227143,167.17750030588184,76267000,AAPL
2024-03-11,170.88705444335938,172.49948126334272,170.1946063009313,171.07500788792643,60139500,AAPL
2024-03-12,171.36187744140625,172.1532532324886,169.16581679091567,171.28273835287425,59825400,AAPL
2024-03-13,169.28453063964844,171.3223130850131,168.91851047344855,170.90684419661972,52488700,AAPL
2024-03-14,171.13436889648438,172.43023944819464,170.19461671040915,171.0453430786352,72913500,AAPL
2024-03-15,170.7584228515625,170.7584228515625,168.45354827638914,169.32406299160928,121752700,AAPL
2024-03-18,171.8465576171875,175.7935338090815,171.64871749027145,173.67661275318792,75604200,AAPL
2024-03-19,174.18112182617188,174.70540499850514,171.1640105835326,172.45988088096897,55215200,AAPL
2024-03-20,176.74322509765625,176.74322509765625,173.2018299224136,173.82504084734046,53423100,AAPL
2024-03-21,169.5219268798828,175.57593855649498,168.99764365136926,175.14068113790177,106181300,AAPL
2024-03-22,170.422119140625,171.18381963278856,168.22605856941686,169.90772263085663,71160100,AAPL
2024-03-25,169.00755310058594,170.085794876263,167.6226416976105,168.73057383883838,54288300,AAPL
2024-03-26,167.87985229492188,169.57140318495337,167.75124938607289,168.16671829054096,57388400,AAPL
2024-03-27,171.44102478027344,171.7279058767874,168.27553655784754,168.57230438056465,60273300,AAPL
2024-03-28,169.6307373046875,170.37264922530974,168.67119667981044,169.89782982249778,65672700,AAPL
2024-04-01,168.19638061523438,169.40322523760474,167.65230884379906,169.3438746978549,46240500,AAPL
2024-04-02,167.01919555664062,167.51380346702695,166.41577330219988,167.25661278755086,49329500,AAPL
2024-04-03,167.82044982910156,168.83934086761522,166.76199680113655,166.969723660667,47691700,AAPL
2024-04-04,166.99945068359375,170.0660111961713,166.99945068359375,168.45358430225178,53704400,AAPL
2024-04-05,167.75125122070312,168.55251376624304,167.12804031006615,167.76113794678497,42104800,AAPL
2024-04-08,166.63339233398438,167.37530415657045,166.4256654764317,167.20713928809243,37425500,AAPL
2024-04-09,167.8402862548828,168.24586846008486,166.53452891117558,166.8807454739117,42373800,AAPL
2024-04-10,165.97064208984375,167.2665125006067,165.30786924976792,166.97964653177021,49709300,AAPL
2024-04-11,173.15234375,173.5678277091418,166.34654865134516,166.5246002673459,91070300,AAPL
2024-04-12,174.64608764648438,176.43656618963917,172.33132583138607,172.38077455594663,101670900,AAPL
2024-04-15,170.82766723632812,174.72517963690404,170.63971383210225,173.46887143042125,73531800,AAPL
2024-04-16,167.55337524414062,171.88613013777277,166.45534511410173,169.89781183493915,73711200,AAPL
2024-04-17,166.18829345703125,168.8097099054139,166.18829345703125,167.78093187309736,50901200,AAPL
2024-04-18,165.23863220214844,166.8213838226369,164.7539260277304,166.21796146542746,43122900,AAPL
2024-04-19,163.2206573486328,164.6055538581374,162.31058034320984,164.41761547732168,68149400,AAPL
2024-04-22,164.05154418945312,165.45622881020677,162.9930911354229,163.7350029833429,48116400,AAPL
2024-04-23,165.10012817382812,165.24851961582092,163.14148491226467,163.56685559955991,49537800,AAPL
2024-04-24,167.197265625,167.4742448528629,164.41757152765254,164.7439994721628,48251800,AAPL
2024-04-25,168.05787658691406,168.77011319134087,166.33663561051003,167.70175828470067,50558300,AAPL
2024-04-26,167.47425842285156,169.49225225997063,167.35554224826544,168.04800546826704,44838400,AAPL
2024-04-29,171.62896728515625,174.13168243053624,171.2332869429431,171.5003643815301,68169400,AAPL
2024-04-30,168.49314880371094,173.10289859543835,168.1667057400835,171.46079655206535,65934800,AAPL
2024-05-01,167.47425842285156,170.84748833564953,167.28630498280754,167.75123767315736,50383100,AAPL
2024-05-02,171.16403198242188,171.54982559320527,169.04711048582428,170.64963546996492,94214900,AAPL
2024-05-03,181.4023895263672,184.98334572031666,180.6901529770176,184.6371141692426,163224100,AAPL
2024-05-06,179.7504119873047,182.21354970089277,178.474315136007,180.38350950373416,78569700,AAPL
2024-05-07,180.43296813964844,182.9060078076493,179.36462828599997,181.47164781905605,77305800,AAPL
2024-05-08,180.7693328857422,181.09577596912635,179.49323582394607,180.87814724687024,45057100,AAPL
2024-05-09,182.57957458496094,182.6686003878229,180.14609698041687,180.59124108896245,48983000,AAPL
2024-05-10,181.3215789794922,183.34230991411323,180.4102677646858,183.15410154420678,50759500,AAPL
2024-05-13,184.52108764648438,185.33335221774516,182.8767582325011,183.68902280376187,72044800,AAPL
2024-05-14,185.6602020263672,186.52199740854093,184.53096697721375,185.73944844741243,52393600,AAPL
2024-05-15,187.92857360839844,188.84978484549154,185.6007573941714,186.13566691836786,70400000,AAPL
2024-05-16,188.04745483398438,189.29556710780693,187.86916171755817,188.67151097089564,52845200,AAPL
2024-05-17,188.07716369628906,189.0082902438942,187.3936765447615,187.72056236134898,41282900,AAPL
2024-05-20,189.2361297607422,190.10782534306233,187.22529890901677,187.54228461702792,44361300,AAPL
2024-05-21,190.5337677001953,190.91016932460286,189.11726241831752,189.28565540299905,42309400,AAPL
2024-05-22,189.09744262695312,190.99932654838926,188.47340160760692,190.45451683728567,34648500,AAPL
2024-05-23,185.11541748046875,189.19651013997458,184.86777806929078,189.1766947549615,51005900,AAPL
2024-05-24,188.18614196777344,188.78048261582597,186.26445766907554,187.03710655742805,36327000,AAPL
2024-05-28,188.196044921875,191.1776178733189,187.31444925751387,189.70168159973719,52280100,AAPL
2024-05-29,188.4932098388672,190.43470949642946,187.72057607583483,187.81963788738682,53068000,AAPL
2024-05-30,189.48374938964844,190.365345015264,188.82999288588945,188.95875509095092,49889100,AAPL
2024-05-31,190.4346923828125,190.7516780595243,188.1167913020161,189.6323431713606,75158300,AAPL
2024-06-03,192.19790649414062,193.14884852262287,190.7021698304424,191.07857147290113,50080500,AAPL
2024-06-04,192.51487731933594,193.47571940906454,191.2073340206378,192.80213237542046,47471400,AAPL
2024-06-05,194.02052307128906,195.04079624688396,193.02996541617088,193.5549597642067,54156800,AAPL
2024-06-06,192.64366149902344,194.64459232913165,192.33659102362645,193.84224299284628,41181800,AAPL
2024-06-07,195.0308837890625,195.08041469163098,192.30685040959915,192.81202934049514,53103900,AAPL
2024-06-10,191.29649353027344,195.43703247512377,190.33565137548777,195.04080033594326,97010200,AAPL
2024-06-11,205.19400024414062,205.20391549352811,191.8016724106265,191.82147267998263,172373300,AAPL
2024-06-12,211.05812072753906,218.1207863262847,204.94636687125956,205.41193016487838,198134300,AAPL
2024-06-13,212.21705627441406,214.7033502990969,209.60198493072278,212.71233505249734,97862700,AAPL
2024-06-14,210.4835968017578,213.13828400218216,209.3048308005582,211.83075578674166,70122700,AAPL
2024-06-17,214.62411499023438,216.88258512602053,210.71141546378874,211.35527186274084,93728300,AAPL
2024-06-18,212.2666015625,216.56563344094587,210.9887887879192,215.53544497511416,79943300,AAPL
2024-06-20,207.70010375976562,212.21705896960654,206.87795427864972,211.90997342693947,86172500,AAPL
2024-06-21,205.5308074951172,209.88925500861833,205.1543907600995,208.40341856791886,241805100,AAPL
2024-06-24,206.17465209960938,210.69159220230495,204.63928484253907,205.75861973380415,80727000,AAPL
2024-06-25,207.0959014892578,209.3840873125504,206.64023830581658,207.1751328027417,55549700,AAPL
2024-06-26,211.2364044189453,212.8312027309874,208.65104852463386,209.5029286499739,66213200,AAPL
2024-06-27,212.07839965820312,213.70291360533915,210.34492376459474,212.66282504623206,49772700,AAPL
2024-06-28,208.63124084472656,214.0297919592074,208.31427026634478,213.7326216506115,82542700,AAPL
2024-07-01,214.70338439941406,215.45620282037203,209.91898882948186,210.08738182701015,60402900,AAPL
2024-07-02,218.19012451171875,218.29908645117231,213.0689435868198,214.1090169642201,58046200,AAPL
2024-07-03,219.45802307128906,219.45802307128906,216.96181387179615,217.92265588190668,37369800,AAPL
2024-07-05,224.20281982421875,224.3117817727132,219.55710192478037,219.55710192478037,60412400,AAPL
2024-07-08,225.66885375976562,225.69856928044194,221.14199799041046,224.9457357840812,59085900,AAPL
2024-07-09,226.52072143554688,227.23392416937492,224.23253562897796,225.77780318070188,48076100,AAPL
2024-07-10,230.78012084960938,230.87918266211804,227.08534498663496,227.1348758928893,62627700,AAPL
2024-07-11,225.4211883544922,230.19566787410835,223.63818174593294,229.20511032654306,64710600,AAPL
2024-07-12,228.36314392089844,230.44332094014862,226.5207061684713,226.7584454352943,53046500,AAPL
2024-07-15,232.18670654296875,234.9899864993383,230.88907844301437,234.24706826366577,62631300,AAPL
2024-07-16,232.60276794433594,234.03907359612094,230.13627381333595,232.78106107648213,43234300,AAPL
2024-07-17,226.71884155273438,229.2744821236097,224.49998695797876,227.2834515580279,57345900,AAPL
2024-07-18,222.06320190429688,228.26410233218343,220.17124832102243,228.10560948409145,66034600,AAPL
2024-07-19,222.19198608398438,224.65848009632384,221.1717129043359,222.6971801635164,49151500,AAPL
2024-07-22,221.84530639648438,225.62922890399747,220.98351093014816,224.86649525231948,48201800,AAPL
2024-07-23,222.88534545898438,224.7971293607533,220.57734458918785,222.25138924131514,39960300,AAPL
2024-07-24,216.47647094726562,222.67737176080064,215.07979609138368,221.88492258576645,61777600,AAPL
2024-07-25,215.43637084960938,218.7646448818125,212.59346035218633,216.86276105080302,51391200,AAPL
2024-07-26,215.90196228027344,217.41751434744816,213.97036267942912,216.6349653026102,41601300,AAPL
2024-07-29,216.1792755126953,217.2292640505173,213.71278188189444,214.91136311441508,36311800,AAPL
2024-07-30,216.73402404785156,218.24957609355639,214.07932159795172,217.1203409396055,41643800,AAPL
2024-07-31,219.98304748535156,221.70662325926872,218.54674189777583,219.34909118598728,50036300,AAPL
2024-08-01,216.29815673828125,222.36036437427163,214.97081319041698,222.2514024343897,62501000,AAPL
2024-08-02,217.78399658203125,223.46980270062375,215.65430376795194,217.08069402896655,105568600,AAPL
2024-08-05,207.2939910888672,211.484045462397,194.14928763761037,197.21010696314244,119548600,AAPL
2024-08-06,205.2732696533203,208.00721860156926,199.17144565753833,203.36150053141452,69660500,AAPL
2024-08-07,207.83880615234375,211.62272838414273,204.441185671316,204.9463646139573,63516400,AAPL
2024-08-08,211.29586791992188,212.1774636990054,206.85817350164743,211.0977593959716,47161100,AAPL
2024-08-09,214.1981964111328,214.7330909034816,209.96851092003678,210.09728825409005,42201600,AAPL
2024-08-12,215.7254180908203,217.68898821235913,213.81143620679725,214.27753840147545,38028100,AAPL
2024-08-13,219.43438720703125,220.04923895369578,217.19312608520667,217.19312608520667,44155300,AAPL
2024-08-14,219.8806610107422,221.17979111862692,217.8774142480331,218.7402072098891,41960600,AAPL
2024-08-15,222.85577392578125,223.48055242779947,220.9120269929499,222.73677426147512,46414000,AAPL
2024-08-16,224.17474365234375,224.94827173921567,221.7946444270254,222.0624088054674,44340200,AAPL
2024-08-19,224.01605224609375,224.11522871504155,221.18968933533225,223.84746435464618,40687800,AAPL
2024-08-20,224.6309051513672,225.28543353253482,223.57970115675508,223.8970537532744,30299000,AAPL
2024-08-21,224.5218048095703,226.08869912173634,223.1830133382552,224.64081959285892,34765500,AAPL
2024-08-22,222.66732788085938,226.44571820828537,222.04254943445835,225.90027790842765,43695300,AAPL
2024-08-23,224.95816040039062,226.32671693712516,222.46898849072514,223.78795679469894,38677300,AAPL
2024-08-26,225.29534912109375,225.39452559231563,222.0326490158817,224.87883517993083,30602200,AAPL
2024-08-27,226.13832092285156,226.95152567852384,223.02437015551794,224.1251624880706,35934600,AAPL
2024-08-28,224.611083984375,227.95312221094204,223.80779089178384,226.02921369079436,38052200,AAPL
2024-08-29,227.8837127685547,230.98775191089825,226.9812734022471,228.1911537968638,51906300,AAPL
2024-08-30,227.1002655029297,228.4886453526855,225.59287085733376,228.28039594132485,52990800,AAPL
2024-09-03,220.9219512939453,227.10026429068756,219.335218503661,226.65400042223428,50190600,AAPL
2024-09-04,219.0178680419922,219.94014563997789,215.67581475954933,219.82114598403248,43840200,AAPL
2024-09-05,220.53518676757812,223.60946073514918,219.6823205428289,219.79140861107143,36615400,AAPL
2024-09-06,218.98812866210938,223.37145940933704,217.94683622588397,222.09215251756703,48423000,AAPL
2024-09-09,219.07737731933594,219.4343914347755,214.91222272734436,218.98812757352732,67180000,AAPL
2024-09-10,218.28402709960938,219.64265710486697,214.9320618304677,217.10389659918582,51591000,AAPL
2024-09-11,220.81283569335938,221.23926118740866,216.08240296027674,219.62279381512946,44587100,AAPL
2024-09-12,220.9219512939453,221.69547936785247,217.9964268983011,220.6541869199912,37455600,AAPL
2024-09-13,220.65419006347656,222.18140791181287,220.06908820245332,221.72523244234597,36766600,AAPL
2024-09-16,214.5254669189453,215.4179946756504,212.14536768072225,214.74362792854853,59357400,AAPL
2024-09-17,214.99154663085938,215.1006346980314,212.72055067344832,213.96018092212807,45519300,AAPL
2024-09-18,218.8592071533203,220.86245391858552,215.7353297749969,215.7452565018275,59894900,AAPL
2024-09-19,226.9713592529297,227.913490447656,222.76654268786407,223.1235568426533,66781300,AAPL
2024-09-20,226.30691528320312,231.15634864169297,225.73172498083707,228.06223610833695,318679900,AAPL
2024-09-23,224.59124755859375,227.54652178723228,223.9367191660146,225.4540253555904,54146000,AAPL
2024-09-24,225.4837646484375,227.44734973367454,223.85737047004787,226.75314473243895,43556100,AAPL
2024-09-25,224.49208068847656,225.40444676008957,222.1615848378298,223.06402418257602,42308700,AAPL
2024-09-26,225.63255310058594,226.60441901953834,223.54005654723983,225.4143769570366,36636700,AAPL
2024-09-27,225.90029907226562,227.6159582791164,225.41437368594384,226.56475422029098,34026000,AAPL
2024-09-30,231.06707763671875,231.06707763671875,227.74486252768645,228.13162655878588,54541900,AAPL
2024-10-01,224.3334197998047,227.74486962890148,221.88390914906273,227.6159583693189,63285000,AAPL
2024-10-02,224.898681640625,225.48378349827837,221.16987922367838,224.0160654907427,32880600,AAPL
2024-10-03,223.79788208007812,224.928424248049,221.46738631978812,223.27228007150777,34044200,AAPL
2024-10-04,224.91851806640625,226.10856009308668,222.27066963907552,226.00938361911108,37245100,AAPL
2024-10-07,219.8509063720703,223.81772316941647,219.49389225502094,222.63759275105315,39505400,AAPL
2024-10-08,223.89707946777344,224.10532889247753,221.39798044587943,222.43927296601913,31855700,AAPL
2024-10-09,227.63577270507812,227.84403724277382,222.96485445261254,223.36153007501719,33591100,AAPL
2024-10-10,227.139892578125,227.59608310657336,225.28541081733943,225.89035090278009,28183500,AAPL
2024-10-11,225.66229248046875,227.5068628874906,225.4540279414576,227.39777482080956,31759200,AAPL
2024-10-14,229.3811798095703,229.8076053434174,226.70358155060512,226.80274288926017,39882100,AAPL
2024-10-15,231.91000366210938,235.51980588469206,230.44227073800852,231.6719892368544,64751400,AAPL
2024-10-16,229.85719299316406,230.19436878170097,227.93328446814013,229.67869350471682,34082200,AAPL
2024-10-17,230.22412109375,231.91003031839952,228.60765355789445,231.49350124327563,32993800,AAPL
2024-10-18,233.0504913330078,234.2206950473064,232.0686987091599,234.2206950473064,46431500,AAPL
2024-10-21,234.5181884765625,234.8851292946414,232.5050303027995,232.5050303027995,36254500,AAPL
2024-10-22,233.90335083007812,234.26036494372266,230.67040061866737,231.94969236544068,38846600,AAPL
2024-10-23,228.84564208984375,233.18931106897517,225.87052966736016,232.1381071008503,52287000,AAPL
2024-10-24,228.6572265625,228.9051525928802,226.5151420282862,228.0721096303277,31109500,AAPL
2024-10-25,229.49026489257812,231.28524701350278,227.665532857223,227.83412074973037,38802300,AAPL
2024-10-28,231.46377563476562,232.78274415861915,230.62083606612686,231.38445260776976,36087100,AAPL
2024-10-29,231.73150634765625,232.38603471678388,230.39271482775456,231.1662428522856,35417200,AAPL
2024-10-30,228.19114685058594,231.53318522639518,227.64570650368097,230.68031899274527,47070900,AAPL
2024-10-31,224.035888671875,227.92336713292326,223.5003599556127,227.43742665071557,64370100,AAPL
2024-11-01,221.06077575683594,223.4805363045207,218.44267740554844,219.1368672842602,65276700,AAPL
2024-11-04,220.16822814941406,220.94175615916865,217.88732075932978,219.15670083339904,44944500,AAPL
2024-11-05,221.59629821777344,222.09215031274817,219.3054639601429,219.9599923572388,28111300,AAPL
2024-11-06,220.8723602294922,224.19457534628128,219.35505401685137,220.76327216240406,54561100,AAPL
2024-11-07,225.5928497314453,225.98954046008802,222.70700223311508,222.76650205936048,42137700,AAPL
2024-11-08,225.32479858398438,227.0125473442273,224.7787582103861,225.5332770864524,38328800,AAPL
2024-11-11,222.6144561767578,224.07386628495595,219.9041296110407,223.3789126974454,42005600,AAPL
2024-11-12,222.6144561767578,223.964658210572,221.750729228627,222.93215790182094,40398300,AAPL
2024-11-13,223.498046875,225.01702229393592,221.15504963584843,222.39604361529624,48566200,AAPL
2024-11-14,226.5757293701172,227.2210402122622,223.3789275067786,223.3987876531247,44923900,AAPL
2024-11-15,223.37893676757812,225.28510187679902,222.65420045885568,224.76884409236825,47923700,AAPL
2024-11-18,226.37718200683594,228.08479108540536,223.54770942404784,223.62713486361545,44633700,AAPL
2024-11-19,226.6352996826172,228.50175961033486,225.02697621656037,225.34466282087314,36211800,AAPL
2024-11-20,227.35008239746094,228.27337458727712,224.26248896942784,226.41685256118353,35169600,AAPL
2024-11-21,226.8735809326172,228.50176458087773,224.0838286281757,227.230987838277,42108300,AAPL
2024-11-22,228.2138214111328,229.05770336713667,226.41686457306912,226.41686457306912,38168300,AAPL
2024-11-25,231.1922149658203,231.56948199204686,228.0847762696763,229.79238523732437,90152800,AAPL
2024-11-26,233.36647033691406,233.87280565588551,231.64893863936055,231.64893863936055,45986200,AAPL
2024-11-27,233.2373809814453,233.99191506726265,232.12545514826604,232.78070364946953,33498400,AAPL
2024-11-29,235.62010192871094,236.0966394139658,232.28430923421996,233.11825362062933,28481400,AAPL
2024-12-02,237.86383056640625,239.0551819380818,235.45134517492735,235.5605532676808,48137100,AAPL
2024-12-03,240.90176391601562,241.01097200063165,237.17878168890522,238.08222901174219,38861000,AAPL
2024-12-04,241.25918579101562,242.35126670496282,239.5118714775545,241.12019505186365,44383900,AAPL
2024-12-05,241.28895568847656,242.77814859306412,240.38552350615552,242.2321233137982,40033900,AAPL
2024-12-06,241.0904083251953,242.86752040520184,240.33588934668637,241.1599112680226,36870600,AAPL
2024-12-09,244.9722137451172,245.4586888430206,240.00823778270345,240.08766321596437,44649200,AAPL
2024-12-10,245.98489379882812,246.42172615122828,243.5723933612922,245.11122909402775,36914800,AAPL
2024-12-11,244.71412658691406,248.99307203962232,244.48577275361333,246.17353693536344,45205800,AAPL
2024-12-12,246.1735076904297,246.9478867446912,243.90992066775823,245.11120954102955,32777500,AAPL
2024-12-13,246.34228515625,247.49391610940148,244.46590277835176,246.0345210589055,33155300,AAPL
2024-12-16,249.2313232421875,249.56888515433104,245.86574781090837,246.2033097230519,51694800,AAPL
2024-12-17,251.65374755859375,252.00123197197036,247.98040799068028,248.27824960945253,51356400,AAPL
2024-12-18,246.26287841796875,252.4479889260113,245.95511429725673,250.34326772719038,56774100,AAPL
2024-12-19,247.99032592773438,250.184410158509,245.3097817058068,245.71683140567848,60882300,AAPL
2024-12-20,252.656494140625,253.1628143156686,243.91989202858784,246.25295201238012,147495300,AAPL
2024-12-23,253.43084716796875,253.80809906094288,251.62395254537785,252.93444954402884,40858800,AAPL
2024-12-24,256.3397521972656,256.34965954757746,253.45069916161225,253.64927033575188,23234700,AAPL
2024-12-26,257.1538391113281,258.2260750496306,255.77386933789322,256.32983230675023,27237100,AAPL
2024-12-27,253.74853515625,256.836144148833,251.2367643772991,255.97238682838486,42355300,AAPL
2024-12-30,250.38296508789062,251.67360197393796,248.9434149702759,250.4127477342041,35557500,AAPL
2024-12-31,248.6157989501953,251.4551941340452,247.63292614272083,250.6212497119267,39480700,AAPL
2025-01-02,242.0931396484375,247.3053149666319,240.07776640397734,247.1365264348607,55740700,AAPL
2025-01-03,241.60665893554688,242.42074318433572,240.14724866814672,241.60665893554688,40244100,AAPL
2025-01-06,243.23483276367188,245.54804748087855,241.4477983095151,242.54980162717402,45045600,AAPL
2025-01-07,240.4649200439453,243.7808522105578,239.611115608647,241.22936140258022,40856000,AAPL
2025-01-08,240.95140075683594,241.95413364050106,238.32049944087447,240.17702168463396,37628900,AAPL
2025-01-10,235.14356994628906,238.4297199246896,231.32130202918376,238.28079154222544,61710900,AAPL
2025-01-13,232.71121215820312,232.9792711307645,228.06493742769467,231.84748509521594,49630700,AAPL
2025-01-14,231.59927368164062,234.41880854341963,230.7951119565212,233.05868390458076,39435300,AAPL
2025-01-15,236.1562042236328,237.2383625727966,232.74098609709984,232.94947976770305,39832000,AAPL
2025-01-16,226.61544799804688,236.29520209930612,226.3871093224655,235.6399687194268,71759100,AAPL
2025-01-17,228.3230743408203,230.61642921557544,226.83388128979956,230.447655820989,68488300,AAPL
2025-01-21,221.03591918945312,222.80309340530198,217.79941234276583,222.38612124582832,98070400,AAPL
2025-01-22,222.2173614501953,222.5052654056773,218.2064601780486,218.2064601780486,64126500,AAPL
2025-01-23,222.04861450195312,225.3943300272927,220.69841220245485,223.12083531174778,60234800,AAPL
2025-01-24,221.1749267578125,224.00439930767484,219.81480209957203,223.160517277336,54697900,AAPL
2025-01-27,228.20391845703125,230.47741293083342,222.36627749626697,222.4059977899183,94863400,AAPL
2025-01-28,236.54339599609375,238.4594987479956,229.147074251248,229.18679454547646,75707600,AAPL
2025-01-29,237.6354522705078,238.13184985503437,232.3239920565328,232.43320013108274,45486100,AAPL
2025-01-30,235.8782196044922,239.05516137192973,235.50096771104396,236.95044029141235,55658300,AAPL
2025-01-31,234.29966735839844,245.40904807772534,231.7581140684966,245.40904807772534,100959800,AAPL
2025-02-03,226.3672332763672,230.15971829856622,224.0738787357251,228.33297872450572,73063300,AAPL
2025-02-04,231.12274169921875,231.45036595591674,225.01704170433482,225.61272492539547,45067300,AAPL
2025-02-05,230.7951202392578,230.99367626573292,226.625383087866,226.88350440739822,39620300,AAPL
2025-02-06,231.53970336914062,232.11552641696264,228.76979621063217,229.62360070928509,29925300,AAPL
2025-02-07,225.99000549316406,232.31410688860944,225.622660920367,230.92419948813392,39707200,AAPL
2025-02-10,226.2583465576172,229.18037646801733,225.8111004860379,228.16662274990708,33115600,AAPL
2025-02-11,231.1979522705078,233.79199753404617,226.7354100570617,226.80497424991785,53718400,AAPL
2025-02-12,235.42196655273438,235.51142789245534,229.26980470124647,229.78663009476247,45243300,AAPL
2025-02-13,240.05349731445312,240.85854326211725,234.12993999243653,235.46174477414044,53614100,AAPL
2025-02-14,243.10470581054688,244.04889519264196,239.51677402617887,239.77517912233392,40896200,AAPL
2025-02-18,242.97552490234375,243.6811760890431,240.3615975750387,242.65747382373942,48822500,AAPL
2025-02-19,243.37306213378906,244.50609250836237,241.6735241546838,243.16435439309654,32204200,AAPL
2025-02-20,244.3271942138672,245.27138364211797,242.7966000469895,243.4426355672204,32316900,AAPL
2025-02-21,244.0489044189453,247.1697083342209,243.72091995824803,244.44645306890683,53197400,AAPL
2025-02-24,245.5894317626953,247.33866705271078,242.92580728065096,243.43268408373555,51326400,AAPL
2025-02-25,245.52980041503906,248.47171215983582,243.41283173998391,246.48393846255715,48013300,AAPL
2025-02-26,238.89064025878906,243.48239258336395,237.66816369812489,242.83637220684057,44433600,AAPL
2025-02-27,235.84934997558594,240.9778097055873,235.61081167459415,237.94645181292123,41153600,AAPL
2025-02-28,240.36158752441406,240.61005923211764,228.7927454203557,235.5014815283524,56833400,AAPL
2025-03-03,236.57489013671875,242.53821134874983,234.66662916873,240.31189930334125,47184000,AAPL
2025-03-04,234.4877166748047,238.60242278275774,233.24535811530478,236.25684921580154,53798100,AAPL
2025-03-05,234.2988739013672,235.1039197629907,227.82866128733946,233.98082285378285,47227600,AAPL
2025-03-06,233.89137268066406,236.4059049662456,231.73464023473684,233.0068140722837,45170400,AAPL
2025-03-07,237.60853576660156,239.89446338205195,233.32487071745646,233.67273718007357,46273600,AAPL
2025-03-10,226.08938598632812,234.71633209649934,222.84932017741133,234.10011191080184,72071200,AAPL
2025-03-11,219.48997497558594,224.45940937640347,216.12069905845206,222.44182022291236,76137400,AAPL
2025-03-12,215.653564453125,220.39440897367027,213.5962265598192,218.7942505386503,62547500,AAPL
2025-03-13,208.39816284179688,215.51439548794804,207.14587101812543,214.62983690242842,61368300,AAPL
2025-03-14,212.18490600585938,212.64208545758027,208.2988048386841,209.9585940343847,60107600,AAPL
2025-03-17,212.6917724609375,213.904315554563,208.6864099217596,212.00598815128762,48073400,AAPL
2025-03-18,211.38978576660156,213.83473880015984,210.19712464056028,212.85080057479257,42432400,AAPL
2025-03-19,213.92422485351562,217.42269587202972,212.44332789190165,212.91045595477615,54385400,AAPL
2025-03-20,212.7911834716797,216.16045933121794,210.92267131595005,212.6818553101102,48862900,AAPL
2025-03-21,216.93568420410156,217.5021918152461,209.9884097524224,210.26669685360034,94127800,AAPL
2025-03-24,219.380615234375,220.12603028720216,217.24376481580705,219.64896889973502,44299500,AAPL
2025-03-25,222.38217163085938,222.7300380772677,218.73460889257407,219.42039321145907,34493600,AAPL
2025-03-26,220.17575073242188,223.64442126802376,219.12223310716143,222.1436424317859,34466100,AAPL
2025-03-27,222.48158264160156,223.61461307047793,219.21168633594712,220.03661426059983,37094800,AAPL
2025-03-28,216.5679473876953,222.44182255065115,216.34929105853038,220.31490521146458,39818600,AAPL
2025-03-31,220.7720947265625,224.24075018814546,214.90815310911736,215.6833836525119,65299300,AAPL
2025-04-01,221.8256072998047,222.31260214779184,217.5618242432653,218.46626491168394,36412700,AAPL
2025-04-02,222.52133178710938,223.81338775742097,219.66888130946384,219.96705040499884,35905900,AAPL
2025-04-03,201.94784545898438,206.22156139646,200.01970279192506,204.2834701562562,103419000,AAPL
2025-04-04,187.22840881347656,198.65810753704542,186.19475800144227,192.70471987275084,125910900,AAPL
2025-04-07,180.3507080078125,192.96311894309866,173.55251067175698,176.11674047268428,160466300,AAPL
2025-04-08,171.365966796875,189.17641711488596,168.175598539417,185.55866963100107,120859500,AAPL
2025-04-09,197.6343994140625,199.38363475051753,170.83920418374143,170.89883496621582,184395900,AAPL
2025-04-10,189.2559356689453,193.5892830219747,181.88129692496375,187.9141974958541,121880000,AAPL
2025-04-11,196.93869018554688,198.32019241914816,184.9226007761468,184.96236474624945,87435900,AAPL
2025-04-14,201.281982421875,211.63828226401768,199.93029560984905,210.14745189040866,101352900,AAPL
2025-04-15,200.90428161621094,202.26590170954893,198.57859009217825,200.6259945192588,51343900,AAPL
2025-04-16,193.08238220214844,199.4730666932086,191.19398828729797,197.1473753495745,59732400,AAPL
2025-04-17,195.7758331298828,197.61452992177487,193.2314851467638,195.9944894564487,52164700,AAPL
2025-04-21,191.97918701171875,192.6152739871965,188.64966000796989,192.08851517151226,46742500,AAPL
2025-04-22,198.51895141601562,200.35763286451953,194.7719939992729,194.92107095045932,52976400,AAPL
2025-04-23,203.34925842285156,206.72846769395255,201.56025903470575,204.7406939661261,52929200,AAPL
2025-04-24,207.09619140625,207.55338601533765,201.69939326414854,203.63746952607698,47311000,AAPL
2025-04-25,208.00064086914062,208.46776890662989,204.9394675201618,205.10842646651815,38222300,AAPL
2025-04-28,208.85537719726562,210.2070638884643,206.1917677806294,208.71623364812058,38743100,AAPL
2025-04-29,209.91883850097656,210.94254069563792,207.09618845243054,207.4142395090872,36827600,AAPL
2025-04-30,211.20095825195312,212.2743578831654,205.4065960245207,208.0205233254963,52286500,AAPL
2025-05-01,212.0159454345703,213.2483553954001,207.62295230903422,207.80185982414434,57365700,AAPL
2025-05-02,204.09466552734375,205.72463931330321,200.92416412992952,204.83013207172814,101010600,AAPL
2025-05-05,197.6741485595703,202.85230555244996,196.99831280299983,201.85841873478097,69018500,AAPL
2025-05-06,197.2964630126953,199.42338015596502,195.81558138809015,196.9983091053983,51216500,AAPL
2025-05-07,195.05029296875,198.2207944248892,192.0686324392914,197.9524407308952,68536700,AAPL
2025-05-08,196.28271484375,198.82706269335065,193.48988012199126,196.51130456752412,50478900,AAPL
2025-05-09,197.31634521484375,199.31405222350435,196.3323918231404,197.7834732241415,36453900,AAPL
2025-05-12,209.77613830566406,210.25384054136518,205.75557652693038,209.95528044040137,63775800,AAPL
2025-05-13,211.90585327148438,212.37359390520234,207.9947628663851,209.41787763911134,51909300,AAPL
2025-05-14,211.3087158203125,212.9109724892217,209.56713314477625,211.40822571910564,49325800,AAPL
2025-05-15,210.43295288085938,211.93569971673273,208.53213606160298,209.93535780893234,45029500,AAPL
2025-05-16,210.24386596679688,211.54757782116647,208.7610423595207,211.33858120774948,54737900,AAPL
2025-05-19,207.7758026123047,208.47243269467637,203.2775387890809,206.90999202317107,46140500,AAPL
2025-05-20,205.8650360107422,207.46729276724128,204.04383620537516,206.67113760639387,42496600,AAPL
2025-05-21,201.1179656982422,206.04415370597744,199.74461367242378,204.18315305948536,59211800,AAPL
2025-05-22,200.3914794921875,201.77479312617928,198.73946027881726,199.74461200022,46742400,AAPL
2025-05-23,194.33079528808594,196.74910019358438,192.5295034494263,192.7384848883374,78432900,AAPL
2025-05-27,199.24703979492188,199.77448939448533,196.4803970243206,197.34622283817185,56288500,AAPL
2025-05-28,199.45602416992188,201.75491117265972,198.93852099816252,199.6252046868552,45339700,AAPL
2025-05-29,198.98826599121094,202.8297005493605,197.55518975609246,202.60081106845576,51396800,AAPL
2025-05-30,199.88394165039062,200.98860329086406,195.83351057352263,198.4110493394953,70819900,AAPL
2025-06-02,200.7298583984375,201.15779807678393,199.15745607510846,199.31669015009302,35423300,AAPL
2025-06-03,202.29229736328125,202.78989241693247,199.99341064507593,200.38153417950807,46381600,AAPL
2025-06-04,201.84446716308594,205.24801554678163,201.1279290627925,201.9340306292736,43604000,AAPL
2025-06-05,199.66500854492188,203.76518718349973,199.18730633012683,202.52119947175674,55126100,AAPL
2025-06-06,202.9391632080078,204.71060036976428,201.0781625818177,202.023590138985,46607700,AAPL
2025-06-09,200.48104858398438,205.0091667110405,199.05793398755327,203.4069099948636,72862600,AAPL
2025-06-10,201.69517517089844,203.36710243054736,199.60528507808198,199.63513956616538,54672600,AAPL
2025-06-11,197.8238983154297,203.51638723180633,197.45568281643992,202.5211970741936,60989900,AAPL
2025-06-12,198.2418670654297,198.71955406677787,196.410720905765,198.12244911144163,43904600,AAPL
2025-06-13,195.50511169433594,199.40625545491926,194.7587190445596,198.769334334526,51447300,AAPL
2025-06-16,197.4656219482422,197.73432753277095,195.61456771612566,196.35101387226533,43020700,AAPL
2025-06-17,194.69900512695312,197.4357781067605,194.27108064091922,196.25149936947125,38856200,AAPL
2025-06-18,195.63446044921875,196.61970405840015,194.1317289512304,194.9975394291991,45394700,AAPL
2025-06-20,200.03321838378906,200.72984844555882,195.9131318065836,197.28649906078425,96813500,AAPL
2025-06-23,200.53082275390625,201.3269779408771,198.00304635957568,200.6602023375907,55814300,AAPL
2025-06-24,199.33657836914062,202.4614746491071,199.23705328583006,201.61555699715424,54064000,AAPL
2025-06-25,200.59051513671875,202.6903668657116,199.65503400834336,200.4810436177515,39525700,AAPL
2025-06-26,200.03321838378906,201.66532960796235,198.50063224789568,200.4611428555203,50799100,AAPL
2025-06-27,200.1128387451172,202.24254507531293,199.03803155248616,200.91894034324127,73188600,AAPL
2025-06-30,204.18316650390625,206.39248990855162,198.3015889216639,201.03836190454115,91912800,AAPL
2025-07-01,206.82041931152344,209.17901505124104,205.1484920031366,205.6759415551798,78788900,AAPL
2025-07-02,211.418212890625,212.31387801499196,207.13889190503232,207.90519262679368,67941800,AAPL
2025-07-03,212.52285766601562,213.61755770997246,210.7912213537831,211.12958235725722,34955800,AAPL
2025-07-07,208.94017028808594,215.18996325511674,207.79570768244494,211.65703516300363,50229000,AAPL
2025-07-08,208.99989318847656,210.41306148236814,207.44739887083225,209.08947184941582,42848900,AAPL
2025-07-09,210.1244659423828,210.31355451699514,206.22332203726856,208.52220905408606,48749400,AAPL
2025-07-10,211.38832092285156,212.453166373689,209.01976375844308,209.49745072772552,44443600,AAPL
2025-07-11,210.14434814453125,211.1096837700706,208.85059795908091,209.55718962168862,39765800,AAPL
2025-07-14,207.61656188964844,209.89555581124029,206.54175471753558,208.92025854176603,38840100,AAPL
2025-07-15,208.10421752929688,210.87084499335577,207.9151289669034,208.21368905566166,42296300,AAPL
2025-07-16,209.14918518066406,211.37840160704656,207.63649175890595,209.28851120731298,47490500,AAPL
2025-07-17,209.0098419189453,210.78127919114968,208.58190225319882,209.5571995447156,48068100,AAPL
2025-07-18,210.1642608642578,210.77132749863404,208.6913836081342,209.85575432940058,48974600,AAPL
2025-07-21,211.45799255371094,214.74212298846783,210.61209006251647,211.07983063398711,51377400,AAPL
2025-07-22,213.3687744140625,213.91613206526756,211.20921348603295,212.11484021935428,46404100,AAPL
2025-07-23,213.1199493408203,214.1151394198069,211.38832832203676,213.9658669821171,46989300,AAPL
2025-07-24,212.73184204101562,214.65256693634578,212.50295255730364,212.87116805528336,46022600,AAPL
2025-07-25,212.8512725830078,214.2047317845148,212.37357038101962,213.6673206036272,40268800,AAPL
2025-07-28,213.0204620361328,213.81661722083774,212.03521828670327,213.00055398053098,37858000,AAPL
2025-07-29,210.25384521484375,213.77681196541135,209.80601264614248,213.14983725799084,51411700,AAPL
2025-07-30,208.0445098876953,211.36844143995228,206.72090512781878,210.88079278566187,45512500,AAPL
2025-07-31,206.5716094970703,208.83068001568543,206.16357792510368,207.48718253646683,80698400,AAPL
2025-08-01,201.40660095214844,212.5527283441607,200.530828701964,209.8557561748323,104434500,AAPL
2025-08-04,202.37193298339844,206.88014336875773,200.70995198839026,203.52634207300898,75109300,AAPL
2025-08-05,201.9439697265625,204.35232790405936,201.18763073057525,202.42165671427045,44155100,AAPL
2025-08-06,212.22430419921875,214.3440641251077,204.60114383647723,204.6409599471833,108483100,AAPL
2025-08-07,218.9716796875,219.78774287041324,215.5382768294147,217.8272171299369,90224800,AAPL
2025-08-08,228.2468719482422,229.88892965735022,218.19544514014734,219.76784743364436,113854000,AAPL
2025-08-11,226.3438720703125,228.71511750604432,223.9327805410339,227.08115402328403,61806100,AAPL
2025-08-12,228.80477905273438,229.95055565919736,226.23428798669784,227.17081559543826,55626200,AAPL
2025-08-13,232.47125244140625,234.1351043372746,229.58191650034667,230.2195756343437,69878500,AAPL
2025-08-14,231.92327880859375,234.25466305951576,230.0003892485326,233.1985666998313,51916300,AAPL
2025-08-15,230.73765563964844,233.417757832359,228.49593650929467,233.1387895567921,56038700,AAPL
2025-08-18,230.0402374267578,232.26202593201924,229.26310933608104,230.8472538899505,37476200,AAPL
2025-08-19,229.71145629882812,232.0129522601839,228.50591803460907,230.42880766374827,39402600,AAPL
2025-08-20,225.17819213867188,229.6217843388592,224.93908515924198,229.13358225147155,42263900,AAPL
2025-08-21,224.07228088378906,225.68632903786573,222.9564077521854,225.43724912794482,30621200,AAPL
2025-08-22,226.9217529296875,228.2468598588307,224.58041092619504,225.33760837029214,42477800,AAPL
2025-08-25,226.32398986816406,228.45611344789907,225.39740462882727,225.64648455731327,30983100,AAPL
2025-08-26,228.46603393554688,228.64537936019502,223.8630424721864,226.03501179732243,54575100,AAPL
2025-08-27,229.6417236328125,230.05020313892598,227.41991984776428,227.7686378094015,31259500,AAPL
2025-08-28,231.70408630371094,232.55096405412047,228.4959359400532,229.9704999102399,38074700,AAPL
2025-08-29,231.28561401367188,232.52105569809,230.5184437223928,231.65424737322112,39418400,AAPL
2025-09-02,228.87454223632812,230.00038826150748,226.1346633063032,228.4062708029861,44075600,AAPL
2025-09-03,237.59234619140625,237.9709525201245,233.49747185558658,236.33698891571112,66427800,AAPL
2025-09-04,238.89752197265625,239.01707546456905,235.86871695735925,237.57241502764154,47549400,AAPL
2025-09-05,238.80783081054688,240.43183651086895,237.61225041390915,239.11668743272676,54870400,AAPL
2025-09-08,237.00450134277344,239.2661357937392,235.4701607098454,238.41927329094256,48999500,AAPL
2025-09-09,233.4875030517578,237.90119155812317,232.5011411802574,236.12774389612645,66313900,AAPL
2025-09-10,225.955322265625,231.56460664903227,225.118417424808,231.33545739080094,83440800,AAPL
2025-09-11,229.18341064453125,229.60186307827533,225.81584532196928,226.04500979013486,50208600,AAPL
2025-09-12,233.20852661132812,233.6468944473401,228.17710979485463,228.37637066624734,55824200,AAPL
2025-09-15,235.828857421875,237.31337916896246,234.16500543557729,236.12775635652346,42699500,AAPL
2025-09-16,237.2735137939453,240.33222235518573,235.45026224943368,236.30708253667353,63421100,AAPL
2025-09-17,238.11044311523438,239.21635855568803,236.85507060288438,238.09051246512186,46508000,AAPL
2025-09-18,237.00450134277344,240.31227437025743,235.77901734043184,239.0868055705458,44249600,AAPL
2025-09-19,244.59646606445312,245.3935247988757,239.32594197772087,240.34217704154452,163741300,AAPL
2025-09-22,255.1374969482422,255.6954638689992,247.20680184487878,247.38614726921998,105517400,AAPL
2025-09-23,253.49359130859375,256.3928850249964,252.64672876089196,254.9382669065294,60275200,AAPL
2025-09-24,251.38140869140625,254.79879299943292,250.11607847800005,254.2807025242173,42303700,AAPL
2025-09-25,255.9246063232422,256.22352044118514,250.7836088309123,252.27808820484515,55202100,AAPL
2025-09-26,254.51980590820312,256.6519291955366,252.84598111295833,253.16481067495934,46076300,AAPL
2025-09-29,253.49359130859375,254.06150078407975,252.07881928540593,253.62311772285494,40127700,AAPL
2025-09-30,253.69287109375,254.97811672142575,252.17846100632588,253.92202035086734,37704300,AAPL
2025-10-01,254.5098419189453,257.83756097799323,253.9917514638179,254.10134722927504,48713900,AAPL
2025-10-02,256.18365478515625,257.229778167004,253.21461153357077,255.63566078088252,42630200,AAPL
2025-10-03,257.0703430175781,258.2858540075867,253.01533061199513,253.73268185864376,49155600,AAPL
2025-10-06,255.74526977539062,258.11651518827176,254.11130630837613,257.0404730386864,44664100,AAPL
2025-10-07,255.5360870361328,256.4526841311554,254.48993311029045,255.86485915808862,31955800,AAPL
2025-10-08,257.1102294921875,257.56852798749276,255.16739414069707,255.5758888188916,36496900,AAPL
2025-10-09,253.1050262451172,257.0504585775582,252.2083446799687,256.8611554198282,38322000,AAPL
2025-10-10,244.3673095703125,255.436420799504,243.10197943699816,254.00171816056968,61999100,AAPL
2025-10-13,246.74851989746094,248.7710475029622,244.6562426215344,248.46219085423505,38142900,AAPL
2025-10-14,246.8581085205078,247.93413549962378,243.79940008876653,245.69241642712313,35478000,AAPL
2025-10-15,248.42233276367188,250.89321639065437,246.559219921403,248.57178982967116,33893600,AAPL
2025-10-16,246.53929138183594,248.1234359576197,244.22783772705108,247.33635013275978,39777000,AAPL
2025-10-17,251.36148071289062,252.4474806979352,246.3599669580113,247.1072067041429,49147000,AAPL
2025-10-20,261.27484130859375,263.4069798400544,254.68918336894043,254.94822099113512,90483000,AAPL
2025-10-21,261.8028869628906,264.3136317818121,260.86634411857244,260.9161783410852,46695900,AAPL
2025-10-22,257.4988098144531,261.882609922878,254.4899051977633,261.6833338430701,45015300,AAPL
2025-10-23,258.6246337890625,259.6608147081683,257.0604350924048,258.98332466328685,32754900,AAPL
2025-10-24,261.85272216796875,263.15789839957887,258.22610426270086,260.2287163700197,38253700,AAPL
2025-10-27,267.8206787109375,268.1295353654346,263.67598537979285,263.90514984178776,44888200,AAPL
2025-10-28,268.00994873046875,268.896687690681,267.16307106420925,267.9999758056659,41534800,AAPL
2025-10-29,268.7073974609375,270.4110953948544,266.1269030442272,268.28892986747474,51086700,AAPL
2025-10-30,270.4011535644531,273.131090148023,267.49191714200913,270.98897852374654,69886500,AAPL
2025-10-31,269.37493896484375,276.29937269597025,268.16940070155243,275.9705701844509,86167100,AAPL
2025-11-03,268.0597839355469,269.8531775103368,265.2701011373342,269.42476736726525,50194600,AAPL
2025-11-04,269.0461730957031,270.49081837885313,266.6350661079627,267.3424445625432,49274800,AAPL
2025-11-05,269.14581298828125,270.7000692568828,265.94760492323326,267.6214146886098,43683100,AAPL
2025-11-06,268.7771301269531,272.3937751745226,266.90407480138714,266.90407480138714,51204000,AAPL
2025-11-07,267.4819030761719,271.28785094446636,265.78814772800683,268.8069946610708,48227400,AAPL
2025-11-10,268.6985778808594,272.98692304032335,266.733924572705,268.2298525605972,41312400,AAPL
2025-11-11,274.5028076171875,275.16101963639426,269.0675899882029,269.07757258136417,46208300,AAPL
2025-11-12,272.7276611328125,274.9815360542478,270.9624767916609,274.2535066981436,48398000,AAPL
2025-11-13,272.2090759277344,275.9488963676571,271.3513946141157,273.36590026791555,49602800,AAPL
2025-11-14,271.6705322265625,275.21088338895913,268.8681625557137,270.31420819279356,47431300,AAPL
2025-11-17,266.7339782714844,269.75575219797963,265.00869378967747,268.0903024129557,45018300,AAPL
2025-11-18,266.7139892578125,269.97510130800674,264.59974924229334,269.25705465795,45677300,AAPL
2025-11-19,267.83099365234375,271.47107967039307,264.77930243197466,264.80921977983166,40424500,AAPL
2025-11-20,265.5272521972656,274.68232536305425,265.1981613886433,270.09480618650156,45823600,AAPL
2025-11-21,270.75299072265625,272.5879921198442,264.9488130991126,265.2280517805383,59030800,AAPL
2025-11-24,275.1710205078125,276.24807542504453,270.164627965921,270.164627965921,65585800,AAPL
2025-11-25,276.2181396484375,279.6188865292943,274.5028075356392,274.52274228722064,46914200,AAPL
2025-11-26,276.79656982421875,278.7712060098946,275.8790842359358,276.2081750495132,33431400,AAPL
2025-11-28,278.0930480957031,278.242634823177,275.2407959413455,276.50736791500816,20135600,AAPL
2025-12-01,282.33148193359375,282.650620542313,275.390384584981,277.255303275414,46587700,AAPL
2025-12-02,285.4131164550781,286.619823290159,281.86278279875575,282.231773534172,53669500,AAPL
2025-12-03,283.378662109375,287.8365294074879,282.5309633672564,285.4231155973949,43538700,AAPL
2025-12-04,279.93804931640625,283.9571086251454,277.8337611056945,283.32881389666403,43989100,AAPL
2025-12-05,278.0232238769531,280.37683325787106,277.2951945750906,279.77845592816414,47265800,AAPL
2025-12-08,277.1356506347656,278.9108174051644,275.4003533668138,277.374989388386,38211800,AAPL
2025-12-09,276.42755126953125,279.26982065807096,276.16827776921565,277.4049018876359,32193300,AAPL
2025-12-10,278.0232238769531,278.9905919368044,275.68957968235776,276.9960211276047,33038300,AAPL
2025-12-11,277.2752380371094,278.83100071126506,273.06669274298736,278.342340640522,33248000,AAPL
2025-12-12,277.52459716796875,278.4620479370953,276.0685689150702,277.14562382282355,39532900,AAPL
2025-12-15,273.3658752441406,279.3894873363706,272.0993337942639,279.3894873363706,50409100,AAPL
2025-12-16,273.8645324707031,274.752131096348,271.0522107383373,272.07941349564567,37648600,AAPL
2025-12-17,271.1020812988281,275.41036187784255,270.9026424636208,274.2634896625032,50138700,AAPL
2025-12-18,271.45111083984375,272.8872042261758,266.22534517191764,272.86723904028526,51630700,AAPL
2025-12-19,272.9271545410156,273.854622814086,269.1673684747946,271.41126100078174,144632000,AAPL
2025-12-22,270.23443603515625,273.13654030849926,269.7756932559407,272.1192896847017,36571800,AAPL
2025-12-23,271.62066650390625,271.7603010837797,268.8282792538215,270.1048034873943,29642000,AAPL
2025-12-24,273.06671142578125,274.6823088952694,271.46109654935304,271.60070067851706,17910600,AAPL
2025-12-26,272.6578369140625,274.6224904749486,272.11929424741834,273.41578359787746,21521800,AAPL
2025-12-29,273.0168762207031,273.61522314661676,271.6107000753325,271.9497734782625,23715200,AAPL
2025-12-30,272.33868408203125,273.3359694836473,271.54086793463244,272.06942798009953,22139600,AAPL
2025-12-31,271.12200927734375,272.9370761103812,271.0123224859311,272.3187639976345,27293600,AAPL
2026-01-02,270.27435302734375,277.0857995993762,268.26979943372277,271.52095990203577,37838100,AAPL
2026-01-05,266.5345458984375,270.7730094869922,265.41759095171795,269.9053759278346,45647200,AAPL
2026-01-06,261.64776611328125,266.8236794412865,261.4084273717842,266.2751846804448,52352100,AAPL
2026-01-07,259.6233215332031,262.96423405428067,259.10474402829175,262.485556491205,48309800,AAPL
2026-01-08,258.33685302734375,258.5861744106298,255.00590778144198,256.32231677215987,50419300,AAPL
2026-01-09,258.6659240722656,259.5036402038468,255.52448097015204,258.3767027680543,39997000,AAPL
2026-01-12,259.54351806640625,260.5906555331263,256.1028713590674,258.45648066308013,45263800,AAPL
2026-01-13,260.34136962890625,261.0993163539261,257.68861696081353,258.01770778709204,45730800,AAPL
2026-01-14,259.25433349609375,261.10930037675524,256.0131555781144,258.78560808748875,40019400,AAPL
2026-01-15,257.5090637207031,260.3313985459844,256.35220896361545,259.9424426175537,39388600,AAPL
2026-01-16,254.83636474609375,258.1972120398704,254.23798735410128,257.19992653146244,72142800,AAPL
2026-01-20,246.0303192138672,254.09835490933511,242.75922413209136,252.04394930256512,80267500,AAPL
2026-01-21,246.97775268554688,250.8771427168815,244.51445623630568,248.02490552393743,54641700,AAPL
2026-01-22,247.67584228515625,250.31864258405668,247.47637302553753,248.52352576906395,39708300,AAPL
2026-01-23,247.36668395996094,248.7329754164565,244.01580413580567,246.6486524137701,41689000,AAPL
2026-01-26,254.7166748046875,255.86354695988197,249.12190294519746,250.7973351598156,55969200,AAPL
2026-01-27,257.56890869140625,261.2389423700868,257.5090739976807,258.4664899667647,49648300,AAPL
2026-01-28,255.74388122558594,258.1572949521919,253.81911240916085,256.9505880888889,41288000,AAPL
2026-01-29,257.578857421875,258.9451334735496,253.71936801028804,257.2996187429542,67253000,AAPL
2026-01-30,258.775634765625,261.1890484668085,251.49543285360957,254.47732177254832,92443400,AAPL
2026-02-02,269.2770690917969,269.7557466562268,258.50636737104884,259.3241487899344,73913400,AAPL
2026-02-03,268.7485046386719,271.1419837262723,266.88355520832346,268.4692659190308,64394700,AAPL
2026-02-04,275.73944091796875,278.19278500760885,271.5508603406617,271.5508603406617,90545700,AAPL
2026-02-05,275.1610107421875,278.7412615768201,272.48829324857786,277.3749854862336,52977400,AAPL
2026-02-06,277.36505126953125,280.1474864654567,276.1782790346459,276.36776572322356,50453400,AAPL
2026-02-09,274.13079833984375,277.70443813431814,271.2160169672847,277.41494619870406,44623400,AAPL
2026-02-10,273.19244384765625,274.87943562430115,272.4537718732244,274.40031021957236,34376900,AAPL
2026-02-11,275.00921630859375,279.6808719096702,273.9610989943363,274.2106536370846,51931300,AAPL
2026-02-12,261.2637634277344,275.22883180172755,259.71650632997444,275.0990585104662,81077200,AAPL
2026-02-13,255.32435607910156,261.7628783299504,254.9949421084194,261.5432690161623,56290700,AAPL
2026-02-17,263.4099426269531,265.8156532326085,255.08478749757862,257.5903108294174,58469100,AAPL
2026-02-18,263.8791198730469,266.3447212846438,261.9825104325609,263.13045584681157,34203300,AAPL
2026-02-19,260.11578369140625,264.00886051677537,259.5867290635135,262.13220471573277,30845300,AAPL
2026-02-20,264.1086730957031,264.2783836675007,257.7001265171608,258.50868117461044,42070500,AAPL
2026-02-23,265.705810546875,268.95002088588865,262.91081074777924,263.0206001676805,37308200,AAPL
2026-02-24,271.6552429199219,274.4003442568012,267.233111068832,267.38283777638213,47014600,AAPL
2026-02-25,273.74151611328125,274.45024283739696,270.567157599074,271.29586819299504,33714300,AAPL
2026-02-26,272.4637756347656,275.61811956353745,270.31758130113775,274.4602128097023,32345100,AAPL
2026-02-27,263.70941162109375,272.3240439665745,262.4217314181026,272.3240439665745,72366500,AAPL
2026-03-02,264.2484130859375,266.05518620599753,259.73647625260065,261.94253069595567,41827900,AAPL
2026-03-03,263.2801818847656,265.08695529305965,259.6666350681776,263.0106738027697,38568900,AAPL
2026-03-04,262.0523376464844,265.67587606267574,260.95432154975975,264.17854815272653,39803100,AAPL
2026-03-05,259.8263244628906,261.09405110124777,256.79173142961054,260.3254337562426,49658600,AAPL
2026-03-06,257.0013427734375,258.3090066542827,253.916851068475,258.16927189629365,41120000,AAPL
2026-03-09,259.41705322265625,260.68477987096253,253.22808575123491,255.2345148744848,38218500,AAPL
2026-03-10,260.3653564453125,262.01244158439727,256.4922936817907,257.19102845716964,30590800,AAPL
2026-03-11,260.34539794921875,261.6630538494394,259.08763272962494,260.624897946549,26218900,AAPL
2026-03-12,255.3043975830078,258.48873275942157,253.7272102811576,258.1992408199258,40794000,AAPL
2026-03-13,249.6744384765625,255.87336762960538,249.07551643845036,255.024890934378,36930000,AAPL
2026-03-16,252.36964416503906,253.43773019062647,249.4348789230203,251.66090222791988,32074200,AAPL
2026-03-17,253.77711486816406,254.67552076289968,251.7307636559193,252.5093881906664,32361600,AAPL
2026-03-18,249.49476623535156,254.48585937367065,248.55643828829037,252.1799767808244,35757900,AAPL
2026-03-19,248.5165252685547,251.38140795985734,246.85947863088072,248.95572868612365,34864100,AAPL
2026-03-20,247.54823303222656,248.75606899357115,245.56177255944445,247.53824109812177,88331100,AAPL
2026-03-23,251.04200744628906,254.14646797882926,249.83415620831627,253.51758537106093,40546100,AAPL
2026-03-24,251.1917266845703,254.37604644028636,249.10545347620703,249.90403139868116,45152300,AAPL
2026-03-25,252.16998291015625,254.5457480998694,251.15181088451408,253.6473574345128,28476700,AAPL
2026-03-26,252.43951416015625,256.5421934269488,250.32329549316128,251.67088153367666,41796700,AAPL
2026-03-27,248.35679626464844,255.03488128462607,247.6281009352486,253.4477020992108,47900000,AAPL
2026-03-30,246.19065856933594,250.4230956915925,245.07264337813007,249.62453299565456,39446200,AAPL
2026-03-31,253.33790588378906,255.02489784868362,246.65983587287727,247.4683905467953,49598100,AAPL
2026-04-01,255.1746368408203,255.72364490973627,252.8787309132899,253.6273948962928,40059400,AAPL
2026-04-02,255.464111328125,255.6737439434535,250.20349485503914,253.74717405681358,31289400,AAPL
2026-04-06,258.39886474609375,261.6930045642991,256.0031460821725,256.0530752925303,29329900,AAPL
2026-04-07,253.0484161376953,255.7436185540334,245.2623079794448,255.70368128016966,62148000,AAPL
2026-04-08,258.4388122558594,259.28730423338584,256.07303883918246,257.9896321241455,41032800,AAPL
2026-04-09,260.0259704589844,260.6548530924392,255.61386101634736,258.5386343954405,28121600,AAPL
2026-04-10,260.0159912109375,261.7229364827484,258.5585701252562,259.5168819122501,31291500,AAPL
2026-04-13,258.73828125,259.71651601158027,256.2027973984465,259.2673359057164,36234700,AAPL
2026-04-14,258.3689270019531,261.4634109961452,256.7318642110386,258.7881922504944,48370700,AAPL
2026-04-15,265.95538330078125,266.08515659729386,257.35074355126085,257.7001261657452,49913500,AAPL
2026-04-16,262.9307861328125,266.68409800240715,260.80457553569033,266.3247234477873,43323100,AAPL
2026-04-17,269.7486267089844,271.8149160854778,266.24486962975914,266.4844323486072,61436200,AAPL
2026-04-20,272.5635681152344,273.7913879220191,269.80850557942483,269.84841238867654,36590200,AAPL
2026-04-21,265.69586181640625,272.3140256362382,264.9272139873882,271.0163536236942,50209800,AAPL
2026-04-22,272.68341064453125,273.2523721409737,266.39461467279705,267.3429346055621,43249200,AAPL
2026-04-23,272.9429016113281,275.2787294551341,271.1660737405759,274.56001085217736,33399600,AAPL
2026-04-24,270.5771179199219,272.5735550213531,269.16962610782736,272.2741016414235,38157100,AAPL
2026-04-27,267.1332702636719,267.88193422863776,264.59781690250213,265.6159889280984,41466800,AAPL
2026-04-28,270.2277526855469,272.7432830913257,268.181416710472,271.8548539018017,40018900,AAPL
2026-04-29,269.688720703125,270.55716597281076,266.56429174844374,267.07336249706583,30047900,AAPL
2026-04-30,270.86663818359375,275.50834883767226,267.6623648300734,270.018146234023,91848200,AAPL
2026-05-01,279.6409912109375,286.70836594964845,277.8741246788477,278.3632420760759,79915400,AAPL
2026-05-04,276.3368225097656,280.13007120517506,274.3703307853319,279.16179801165765,46668400,AAPL
2026-05-05,283.67376708984375,284.0630869835518,276.00745521106614,276.43668191704,49311700,AAPL
2026-05-06,286.99786376953125,287.5169265187869,280.5693330033821,281.4178249779708,58336100,AAPL
2026-05-07,286.927978515625,291.6096265406606,285.2709318587503,288.75470528792926,45224300,AAPL
2026-05-08,292.7974853515625,294.2349225642168,289.48339230776435,289.49338424193445,52692800,AAPL
2026-05-11,292.42779541015625,293.6267735875138,289.979924827367,291.72841688276577,42247300,AAPL
2026-05-12,294.54595947265625,295.0155556946294,292.3078994315659,292.3078994315659,45748100,AAPL
2026-05-13,298.6124572753906,300.6607090744109,293.24708951115105,293.24708951115105,52684300,AAPL
2026-05-14,297.9530334472656,300.1911240450107,295.12548538387824,299.5616620172475,35324900,AAPL
2026-05-15,299.9713134765625,302.93875555297063,296.26448829773227,297.643304079477,54862800,AAPL
2026-05-18,297.5833435058594,300.4009207908792,294.6558756451712,299.98126929450746,34483000,AAPL
2026-05-19,298.7123718261719,300.2510533099592,296.09463441963413,296.7140952726279,42243600,AAPL
2026-05-20,301.98956298828125,302.5390768782648,297.82314269813475,297.9230626302997,38229800,AAPL
2026-05-21,304.7271728515625,305.27671719779084,300.1411318265125,300.80056674721834,42965100,AAPL
2026-05-22,308.55389404296875,311.13165741506583,305.57645096183757,305.85620846339293,43670200,AAPL
2026-05-26,308.0643005371094,311.5513139598484,307.4048960873393,309.29325163060713,48000500,AAPL
2026-05-27,310.5821533203125,312.9900803339556,308.0343323058515,308.0643052358437,50430900,AAPL
2026-05-28,312.24072265625,312.5304508120942,309.30325358892543,310.412282475935,48220400,AAPL
2026-05-29,311.7911071777344,314.7285763294451,309.2632884033746,311.5113496628706,70026800,AAPL
2026-06-01,306.0460510253906,310.67206624496237,304.7571540774977,309.363197507879,48849900,AAPL
2026-06-02,314.92840576171875,315.1781903378333,306.42572903356995,307.1950545511415,44534700,AAPL
2026-06-03,309.9926452636719,316.6668815001487,308.5838566628498,313.9092501546009,50836700,AAPL
2026-06-04,310.9618225097656,313.26982953176514,309.38316692864953,312.96009909963743,44869100,AAPL
2026-06-05,307.0751647949219,314.8984348439246,306.8853260765596,312.5903972939029,65310500,AAPL
2026-06-08,301.2801818847656,317.1265012321255,300.9105055796523,308.4739595974908,77949100,AAPL
2026-06-09,290.29962158203125,300.4908444635933,287.5320194610898,300.0212482417878,70108800,AAPL
2026-06-10,291.3287353515625,294.4960172141002,287.1323727394638,290.4894628291428,52793300,AAPL
2026-06-11,295.375244140625,296.7440586571729,289.3404406054596,293.4668864344149,42572500,AAPL
2026-06-12,290.879150390625,296.88398158337014,289.3704417369658,295.7749221682621,38742100,AAPL
2026-06-15,296.1645812988281,297.5233947188816,291.4486474146935,293.8665449684006,45732600,AAPL
2026-06-16,298.9821472167969,300.2210994929347,293.71669913987887,294.99559499590845,39874400,AAPL
2026-06-17,295.6949768066406,301.8096980081642,294.10632015937927,300.59074812548096,42745100,AAPL
2026-06-18,297.7532043457031,300.31099586682666,295.3652492546472,297.8530937792582,85962200,AAPL
2026-06-22,296.75408935546875,302.1594314563154,296.5043047694293,297.05381866220307,44879900,AAPL
2026-06-23,294.04638671875,301.3800886038737,293.9264950024863,297.2836155142734,52010900,AAPL
2026-06-24,292.8274230957031,299.4417438827621,292.68755959702736,295.1054570720635,53081900,AAPL
2026-06-25,274.91290283203125,288.55113481081804,273.5141152813601,287.1523472601469,107013700,AAPL
2026-06-26,283.53546142578125,285.70360492137456,273.9737007161028,274.7630284991681,261775500,AAPL
2026-06-29,281.4972229003906,288.12151489662153,279.6088673150861,286.4829438934296,66427000,AAPL
2026-06-30,289.11065673828125,289.69017405322865,280.45814550695326,280.9277417485351,65100200,AAPL
2026-07-01,294.1263427734375,296.33442991747245,288.95081360688545,293.1871503157195,50164200,AAPL
2026-07-02,308.3640441894531,309.15337194761725,293.4269150966668,293.866538367699,75352800,AAPL
2026-07-06,312.3905944824219,313.9292760509671,306.7354678654279,307.0951430290638,53590000,AAPL
2026-07-07,310.3923034667969,315.20815732134815,309.88273318392555,315.0183186077797,42490000,AAPL
2026-07-08,313.1199645996094,314.5487250421545,306.7854009831778,311.6412289475945,41323500,AAPL
2026-07-09,315.947509765625,316.2572401947346,307.8944576262147,310.24243869469103,48124500,AAPL
2026-07-10,315.0483093261719,316.6369356310425,311.9010296470402,314.4488202226986,34132300,AAPL
2026-07-13,317.03656005859375,323.171283634363,315.5078797345754,316.7468014245228,43257800,AAPL
2026-07-14,314.58868408203125,315.91755515351207,311.64124426456783,313.48965629761443,36336800,AAPL
2026-07-15,327.2178039550781,328.44675508114506,317.0465830462295,317.34631234952286,60957600,AAPL
2026-07-16,332.97283935546875,334.3915986652446,326.50841333986017,327.72736328456057,62970600,AAPL
2026-07-17,333.452392578125,334.7013154010385,328.71648699084636,331.693929977533,63407100,AAPL
2026-07-20,326.3085632324219,333.4224228207836,323.4010672140761,333.2226134619852,53468000,AAPL
2026-07-21,327.45758056640625,329.3159936819017,321.94234806189104,322.85156758462244,41338900,AAPL
2026-07-22,325.60919189453125,328.7164973399543,323.0613709608057,327.58746619388995,38755900,AAPL
2026-07-23,321.3828430175781,323.0214140443725,319.0748358849152,321.4527900194849,40840800,AAPL
2026-07-24,332.7330322265625,334.0818750563203,321.3428614810286,321.5127284115298,47489400,AAPL
2026-07-27,336.61968994140625,339.277401491225,333.73216560461384,334.2517370375488,49604300,AAPL
2026-07-28,339.78692626953125,342.59453283396704,335.31080637618777,339.73698155301014,51859000,AAPL
2026-07-29,337.8985900878906,344.2730974331505,337.0593175600121,339.43727163464206,56090800,AAPL
2026-07-30,333.1426696777344,334.4615395264105,329.30598233808786,332.8129674612056,74817800,AAPL
2026-07-31,308.6438293457031,310.4222943774597,299.7415030462749,304.54735603914753,132489100,AAPL
2026-08-03,303.1585693359375,311.5313230344714,302.29929450581176,309.313234694189,75052000,AAPL
2026-08-04,309.1134033203125,310.1525156602479,301.0603512911937,302.46913991298527,68001000,AAPL
2026-08-05,310.7320251464844,311.4414048335362,305.40663118634393,309.09342362565195,49438800,AAPL
2026-08-06,312.14080810546875,316.0174696892129,308.96355554648414,314.06913775686996,46139900,AAPL
2026-08-07,313.05999755859375,314.53873325457766,310.47223295908327,311.1816431226555,34437200,AAPL
2026-08-10,308.260009765625,308.260009765625,304.6099853515625,306.8299865722656,44812500,AAPL
2026-08-11,304.9100036621094,309.9700012207031,302.7900085449219,307.75,37476700,AAPL
2026-08-12,302.25,305.6600036621094,300.57000732421875,305.1000061035156,41657800,AAPL
2026-08-13,305.260009765625,306.0,302.04998779296875,304.2099914550781,40349300,AAPL
2026-08-14,305.92999267578125,307.489990234375,304.29998779296875,306.0,28229400,AAPL
2026-08-17,305.5899963378906,307.6600036621094,302.94000244140625,306.2099914550781,38169300,AAPL
2026-08-18,310.0299987792969,311.489990234375,305.739990234375,307.5799865722656,53424500,AAPL
2026-08-19,316.8299865722656,319.2799987792969,309.6000061035156,310.1400146484375,50505600,AAPL
2026-08-20,311.29998779296875,320.2799987792969,310.6499938964844,317.4599914550781,40959200,AAPL
2026-08-21,309.3500061035156,312.3800048828125,307.010009765625,312.04998779296875,46876800,AAPL
2026-08-24,310.3399963378906,313.3599853515625,309.9700012207031,311.4700012207031,34673600,AAPL
2026-08-25,309.8999938964844,313.5899963378906,308.2099914550781,310.7900085449219,25869800,AAPL
2026-08-26,313.45001220703125,315.42999267578125,308.79998779296875,310.29998779296875,34024500,AAPL
2026-08-27,314.5799865722656,315.3999938964844,309.3999938964844,310.54998779296875,32419200,AAPL
2026-08-28,319.70001220703125,322.3699951171875,315.45001220703125,316.8500061035156,38649400,AAPL
2026-08-31,316.8500061035156,321.239990234375,312.79998779296875,319.6000061035156,41242700,AAPL
2026-09-01,325.1300048828125,327.29998779296875,314.7300109863281,316.9800109863281,53167400,AAPL
2026-09-02,324.9599914550781,328.3999938964844,323.5299987792969,326.8699951171875,33776400,AAPL
2026-09-03,328.2099914550781,330.80999755859375,324.1099853515625,324.8699951171875,37225800,AAPL
2026-09-04,319.9700012207031,328.92999267578125,317.8599853515625,328.30999755859375,39606900,AAPL
2026-09-08,316.2200012207031,320.70001220703125,314.8999938964844,317.1000061035156,35477100,AAPL
2026-09-09,315.3399963378906,319.1499938964844,309.8999938964844,315.489990234375,65640000,AAPL
2026-09-10,326.57000732421875,326.739990234375,316.510009765625,316.6700134277344,70011900,AAPL
2026-09-11,332.2699890136719,336.2200012207031,326.29998779296875,327.45001220703125,50716900,AAPL
2026-09-14,333.0799865722656,335.5,331.3399963378906,334.7900085449219,39269100,AAPL
2026-09-15,331.3399963378906,331.7799987792969,328.3500061035156,330.1400146484375,31748200,AAPL
2026-09-16,332.4100036621094,335.4800109863281,330.70001220703125,332.5299987792969,35981000,AAPL
2026-09-17,337.0,338.3399963378906,330.17999267578125,334.7699890136719,36700200,AAPL
2026-09-18,336.1300048828125,338.489990234375,332.5299987792969,337.9100036621094,86588200,AAPL
2026-09-21,338.9800109863281,339.6400146484375,333.04998779296875,335.2799987792969,34999200,AAPL
2026-09-22,339.75,345.3399963378906,338.75,340.1400146484375,40711800,AAPL
2026-09-23,337.0199890136719,341.79998779296875,335.5,341.0799865722656,31658800,AAPL
2026-09-24,335.9200134277344,338.9100036621094,334.29998779296875,336.7200012207031,24733100,AAPL
2026-09-25,341.07000732421875,341.6700134277344,334.5299987792969,336.0400085449219,30002500,AAPL
2026-09-28,338.3999938964844,342.989990234375,338.0400085449219,340.3699951171875,32820800,AAPL
2026-09-29,329.3999938964844,337.0899963378906,328.70001220703125,336.9700012207031,38478000,AAPL
2026-09-30,333.0199890136719,339.5,330.1400146484375,330.79998779296875,49988600,AAPL
2026-10-01,330.32000732421875,332.4800109863281,325.80999755859375,330.0,36306300,AAPL
2026-10-02,333.69000244140625,334.5400085449219,330.6099853515625,333.260009765625,33278600,AAPL
2026-10-05,332.8900146484375,336.2099914550781,331.6499938964844,332.82000732421875,34400900,AAPL
2026-10-06,333.6300048828125,334.3800048828125,330.6199951171875,332.2799987792969,30449000,AAPL
2026-10-07,336.6700134277344,338.6700134277344,332.7799987792969,336.9599914550781,34147900,AAPL
2026-10-08,340.4200134277344,341.57000732421875,335.8999938964844,336.82000732421875,35279900,AAPL
