Date,Close,High,Low,Open,Volume,Ticker
2005-09-30,5.671726226806641,5.691351557643835,5.468113243906454,5.531895218198738,6316000,CRM
2005-10-03,5.887603759765625,6.034793947340708,5.833634227080135,5.863071983852327,18210400,CRM
2005-10-04,5.8385419845581055,6.012717225428343,5.814010669084842,5.907230884435852,8906000,CRM
2005-10-05,5.728148937225342,5.823822365612354,5.509816607450791,5.580958723465085,10590400,CRM
2005-10-06,5.654553413391113,5.735507958153556,5.571145643889836,5.730601976580662,5216800,CRM
2005-10-07,5.595676422119141,5.701162727490114,5.524534789041662,5.669271747401181,3798000,CRM
2005-10-10,5.4583001136779785,5.617755978474133,5.438674783670833,5.588318217415802,4475200,CRM
2005-10-11,5.338094711303711,5.502457019493887,5.303750502038669,5.458299911636114,5022800,CRM
2005-10-12,5.195810317993164,5.320921952234055,5.151653215566414,5.320921952234055,5199200,CRM
2005-10-13,5.35526704788208,5.372439153258354,4.979932082739367,5.107496962541374,3758800,CRM
2005-10-14,5.450940132141113,5.470565461041798,5.3650796106410885,5.367532367337018,2025600,CRM
2005-10-17,5.607943058013916,5.617755488208764,5.372438650576025,5.450939963753744,3237600,CRM
2005-10-18,5.551519393920898,5.7207881296121315,5.522081637742674,5.632473925268062,2566800,CRM
2005-10-19,5.62266206741333,5.62266206741333,5.519628974506355,5.553973182840432,2662800,CRM
2005-10-20,5.81646203994751,5.887604147996745,5.6202087555095135,5.642287308496881,4316400,CRM
2005-10-21,6.020075798034668,6.076498561935214,5.764946046285614,5.7772117017753795,8092000,CRM
2005-10-24,6.1967034339904785,6.250672970339912,5.973465147042964,5.9930904755250065,3632800,CRM
2005-10-25,6.179531574249268,6.213875783473815,6.071592029380286,6.201610128152121,5189200,CRM
2005-10-26,6.243314743041992,6.312003169541514,6.1329219605894565,6.140281635387897,3131600,CRM
2005-10-27,5.9415740966796875,6.231048062248331,5.875338901024561,6.181984971685451,4090000,CRM
2005-10-28,6.032341957092285,6.039701631743374,5.934215301268448,5.948934182665823,1206400,CRM
2005-10-31,6.130468368530273,6.248220350824796,6.071592377383013,6.145187249340893,2518800,CRM
2005-11-01,6.294829845428467,6.294829845428467,6.059325912285149,6.132920774416255,3159600,CRM
2005-11-02,6.601476192474365,6.660352178510025,6.101030077218881,6.13292106085725,7394400,CRM
2005-11-03,6.505803108215332,6.82962128201618,6.500896658817194,6.623555086342046,15834000,CRM
2005-11-04,6.549960136413574,6.603929675414878,6.466552369290349,6.574491447292955,3308000,CRM
2005-11-07,6.48617696762085,6.591663276969008,6.461645191601907,6.525427622089275,2670800,CRM
2005-11-08,6.4346604347229,6.488630437588117,6.2923766899136755,6.488630437588117,3940800,CRM
2005-11-09,6.505803108215332,6.589210876364613,6.395410336281057,6.402770010378265,3733600,CRM
2005-11-10,6.59902286529541,6.638273522042222,6.412582011795688,6.525428000871323,3417600,CRM
2005-11-11,6.736401081085205,6.7462139805603245,6.530335339060507,6.6382744258580155,3392400,CRM
2005-11-14,6.959639549255371,6.966998755622936,6.545053923342224,6.954733099740475,3959200,CRM
2005-11-15,6.743759632110596,6.910575152156007,6.68243042432359,6.903215478775866,12067600,CRM
2005-11-16,6.606381893157959,6.758478056209007,6.473910588657345,6.746212402638813,10886000,CRM
2005-11-17,7.170610427856445,7.339879162109786,6.402768998747146,6.476363856472236,24920400,CRM
2005-11-18,7.052859306335449,7.173064504451379,6.957185886344245,7.165704830642537,7257600,CRM
2005-11-21,7.175517559051514,7.175517559051514,6.94246637424521,7.003795584151634,7127600,CRM
2005-11-22,7.457632064819336,7.570478057895075,7.175517783987117,7.187783439191006,10088400,CRM
2005-11-23,7.707855701446533,7.737293930301325,7.4331006144526475,7.482164173242376,5989600,CRM
2005-11-25,7.7103095054626465,7.874671363575989,7.61708883033932,7.653886736148681,2364000,CRM
2005-11-28,7.661244869232178,7.852591706679734,7.61708776277359,7.771637635378648,4518800,CRM
2005-11-29,7.499335765838623,7.7152148482715255,7.462538333213962,7.653885637928842,5960800,CRM
2005-11-30,7.813342094421387,7.847686305135113,7.4772577899200074,7.496883120028533,7360800,CRM
2005-12-01,8.080738067626953,8.088098210721174,7.747107413423826,7.850140526551001,4813600,CRM
2005-12-02,7.747106552124023,7.894296764213661,7.66615200566044,7.788810437751008,6921600,CRM
2005-12-05,7.850139141082764,7.911468353122473,7.75201249540018,7.788809929043055,4106800,CRM
2005-12-06,8.191128730773926,8.21075452618708,7.8501384898505515,7.8501384898505515,6089600,CRM
2005-12-07,8.19603443145752,8.313786385759235,8.097907334968083,8.252457184405674,4710000,CRM
2005-12-08,8.208301544189453,8.291709310294472,8.097908774960825,8.23038009803518,3177600,CRM
2005-12-09,8.708747863769531,8.738185622690828,8.473243920780181,8.512494577945072,13762000,CRM
2005-12-12,8.615525245666504,8.676854442048146,8.465881856765813,8.617978937574962,10088800,CRM
2005-12-13,8.740639686584473,8.878016524594594,8.537026250520151,8.561558497171617,10327200,CRM
2005-12-14,8.451167106628418,8.76517242856024,8.377572226276857,8.76271967139938,8641600,CRM
2005-12-15,8.635151863098145,8.667043310291575,8.402100707409584,8.451164256366548,7438000,CRM
2005-12-16,8.590996742248535,8.770077941769333,8.544386874694215,8.635153852904029,6466000,CRM
2005-12-19,8.470789909362793,8.573823465422025,8.26963018199083,8.389835841425027,9604800,CRM
2005-12-20,8.124893188476562,8.500228576616536,7.980156220615535,8.414367124198618,10634000,CRM
2005-12-21,8.051301002502441,8.23038223653306,7.668606749582447,8.107723780144163,13697600,CRM
2005-12-22,8.129799842834473,8.186222603147165,7.999782218453463,8.10772129003303,3325200,CRM
2005-12-23,8.294163703918457,8.321147773513436,8.146973020568868,8.146973020568868,1796800,CRM
2005-12-27,7.997330188751221,8.330961306756292,7.955626766905419,8.316242892368203,3692400,CRM
2005-12-28,8.19603443145752,8.225472186080612,7.92618631982559,7.985061829071775,2925600,CRM
2005-12-29,8.034125328063965,8.210753726338407,8.01940598293798,8.196034381212423,2236400,CRM
2005-12-30,7.862404823303223,8.058658115341698,7.8476859433765265,8.041486010776426,2267600,CRM
2006-01-03,8.399649620056152,8.448712242952324,7.75201279750264,7.874670758457387,6671200,CRM
2006-01-04,8.82404613494873,8.853483890721902,8.350584607137213,8.353037363531067,8873600,CRM
2006-01-05,8.846126556396484,8.90500208039307,8.66213890624039,8.82404800094537,4176400,CRM
2006-01-06,9.775875091552734,9.849470887622177,9.22391223588844,9.22391223588844,18690800,CRM
2006-01-09,9.452058792114258,9.680203558262784,9.444699585402887,9.665485144840043,12187600,CRM
2006-01-10,9.383368492126465,9.39563414613076,8.971236154078118,9.297507978286983,12278400,CRM
2006-01-11,9.388276100158691,9.46923017523082,9.23617991294381,9.444698864193091,7863600,CRM
2006-01-12,9.383368492126465,9.493761249783955,9.299960734764076,9.407899800135056,4913200,CRM
2006-01-13,9.353931427001953,9.474136155265397,9.31468076980029,9.329399181369986,2802800,CRM
2006-01-17,9.564905166625977,9.609061342251467,9.309775397403191,9.331853953120733,4218000,CRM
2006-01-18,10.202729225158691,10.293496210053336,9.15031957004392,9.15031957004392,10899200,CRM
2006-01-19,10.131585121154785,10.254243538931016,10.070255912266669,10.070255912266669,4727600,CRM
2006-01-20,9.795501708984375,10.300854747260379,9.795501708984375,10.129132768365853,6170000,CRM
2006-01-23,9.788141250610352,9.839657556943925,9.721905598548881,9.822485454832734,3576800,CRM
2006-01-24,9.805313110351562,9.908345720471925,9.69246666751247,9.7636087663914,4170000,CRM
2006-01-25,9.694921493530273,9.989301884575763,9.665483735168564,9.910800571738228,5859600,CRM
2006-01-26,9.856830596923828,9.935331909989856,9.714546382110738,9.739078627324789,5552400,CRM
2006-01-27,10.205181121826172,10.254244681565728,9.842112277048752,9.85683162571349,4632400,CRM
2006-01-30,10.462764739990234,10.546172512107884,10.200275767463136,10.205181281285133,6215600,CRM
2006-01-31,10.070257186889648,10.440686179513484,9.905895335454263,10.43823248679409,9908800,CRM
2006-02-01,9.837203979492188,10.026098040727925,9.714545571090493,9.86173622265816,7528400,CRM
2006-02-02,9.68510913848877,10.01383375535512,9.594342165895608,9.837205323662896,8017600,CRM
2006-02-03,9.378461837768555,9.709640103480941,9.346570389408978,9.707186411248223,8232800,CRM
2006-02-06,9.6115140914917,9.694921856480311,9.518293428078662,9.628686195829694,5234800,CRM
2006-02-07,9.358838081359863,9.653217548923092,9.204288205822515,9.640951893742875,7543600,CRM
2006-02-08,9.42507266998291,9.491308329968136,9.057097405049095,9.407900565817425,4088000,CRM
2006-02-09,9.658125877380371,9.775877874479079,9.55754598803712,9.56490613122495,4372000,CRM
2006-02-10,8.610621452331543,9.655671804919137,8.156785633512563,9.655671804919137,40204800,CRM
2006-02-13,8.40455436706543,8.789702659497287,8.372663852253764,8.671949755020737,8132000,CRM
2006-02-14,8.500229835510254,8.6793110365368,8.414368370376156,8.647419581726444,8603600,CRM
2006-02-15,8.365303993225098,8.389836239073107,8.254912162242281,8.34077268318658,10617200,CRM
2006-02-16,8.541933059692383,8.708748600711624,8.245099881276508,8.34077330772381,5237600,CRM
2006-02-17,8.424180030822754,8.654777515532604,8.394742273070515,8.54929120312685,4089200,CRM
2006-02-21,8.245099067687988,8.456071697912721,8.139612752575621,8.414367348868323,4914800,CRM
2006-02-22,8.438899040222168,8.44135179668286,8.070923807697529,8.21811352638362,11333200,CRM
2006-02-23,8.343225479125977,8.541932460287155,8.016954562192865,8.021861011385553,20046000,CRM
2006-02-24,8.289258003234863,8.40700999906873,8.21320942984209,8.340774325947866,7850800,CRM
2006-02-27,8.357945442199707,8.370211098179949,8.218114905243905,8.242646217204388,4257200,CRM
2006-02-28,8.549291610717773,8.58608951151951,8.345679117494104,8.357944772491518,7386000,CRM
2006-03-01,9.030112266540527,9.189567634266307,8.583635739613333,8.58608849599892,8588800,CRM
2006-03-02,9.008034706115723,9.138052332460829,8.88292259308107,9.003128256995787,4937200,CRM
2006-03-03,9.331852912902832,9.479042644072862,8.831406329629548,9.008034755681175,7648400,CRM
2006-03-06,8.922173500061035,9.371103781106088,8.892735740326616,9.371103781106088,3906800,CRM
2006-03-07,9.145413398742676,9.260712636993478,8.946707315913457,8.954066523185746,5834800,CRM
2006-03-08,9.277883529663086,9.297509327565638,8.93689324548744,9.07672378020969,4459200,CRM
2006-03-09,9.201834678649902,9.314681141440367,9.169944161770193,9.277883239428984,4411200,CRM
2006-03-10,9.280336380004883,9.31222689498776,9.199381374718813,9.204287823749134,4595200,CRM
2006-03-13,9.540371894836426,9.663030316597366,9.32204005383147,9.32204005383147,6920400,CRM
2006-03-14,9.75870418548584,9.763610634879488,9.474136671321036,9.542826027022564,6244800,CRM
2006-03-15,9.557543754577637,9.758703486256026,9.427526130295366,9.758703486256026,5800400,CRM
2006-03-16,9.55263900756836,9.586984156982412,9.38091793954627,9.56735835731724,5725600,CRM
2006-03-17,9.604154586791992,9.628685896280382,9.42752616388527,9.586982482988224,3472400,CRM
2006-03-20,9.491307258605957,9.579621461950838,9.422618849697443,9.579621461950838,3802400,CRM
2006-03-21,9.219006538391113,9.59924742196537,9.211646397445827,9.491307422322256,2792800,CRM
2006-03-22,9.081629753112793,9.1355997587031,8.941799225728365,9.1355997587031,5151600,CRM
2006-03-23,9.199381828308105,9.270523939041304,8.966330634829063,9.081629853202903,2875200,CRM
2006-03-24,9.22636604309082,9.30732010964219,9.138051835355194,9.209193940009941,2436400,CRM
2006-03-27,9.393182754516602,9.525654082954144,9.309774985034766,9.334306296607844,3378800,CRM
2006-03-28,9.052194595336914,9.41035706891815,9.010490232900867,9.395637717033116,2945600,CRM
2006-03-29,8.998221397399902,9.103707709142796,8.929532984473159,9.05219139944774,2955200,CRM
2006-03-30,9.03256607055664,9.150318042719096,8.983502514869912,9.035019763036196,3318400,CRM
2006-03-31,8.912362098693848,9.069364741578777,8.78479721739745,9.064458292012427,2730800,CRM
2006-04-03,9.091442108154297,9.290148142661048,8.914813690095455,8.973690141384884,2427600,CRM
2006-04-04,8.80687427520752,9.08653530227488,8.595901658771608,9.052191096959156,7547200,CRM
2006-04-05,9.123332023620605,9.17730202244268,8.865749554731458,8.892734554142494,5259600,CRM
2006-04-06,8.880470275878906,9.09144291942878,8.779890403466702,9.088989226842648,6906400,CRM
2006-04-07,8.463430404663086,8.873109050424926,8.429086199127294,8.855936947657028,7028000,CRM
2006-04-10,8.539480209350586,8.622887978947176,8.433993884984028,8.438900334467304,4025600,CRM
2006-04-11,8.159238815307617,8.500230056156743,8.117535395927352,8.490417156605053,6601600,CRM
2006-04-12,8.156785011291504,8.291709087474278,7.943359620391135,8.124893559747017,10817200,CRM
2006-04-13,8.269631385803223,8.431540481057352,8.102815840897806,8.107722290549093,6106800,CRM
2006-04-17,8.046392440795898,8.308881393733419,8.0145009884755,8.245099424902135,6039200,CRM
2006-04-18,8.225473403930664,8.254912098721748,8.012048013647476,8.144519332778897,6026400,CRM
2006-04-19,8.40946102142334,8.438899716166082,8.245099186919033,8.286802600757028,5162800,CRM
2006-04-20,8.193582534790039,8.409460672420721,8.046391874613361,8.409460672420721,7671200,CRM
2006-04-21,8.12243938446045,8.220565542814551,8.056203736271534,8.218112786574663,3853600,CRM
2006-04-24,7.977705478668213,8.119988790094387,7.960533371010049,8.095457475099776,5683600,CRM
2006-04-25,8.622886657714844,8.647417965562889,8.196034976169216,8.247551284135758,16170000,CRM
2006-04-26,8.627792358398438,8.698934462839167,8.49777473951736,8.6228868453696,4676800,CRM
2006-04-27,8.659684181213379,8.757811290589578,8.56155800764665,8.630246422724307,5540800,CRM
2006-04-28,8.598355293273926,8.821593586432034,8.487962525050794,8.610620948452162,3228800,CRM
2006-05-01,8.590996742248535,8.617981747183512,8.514948177050837,8.603262398361823,6187600,CRM
2006-05-02,8.586089134216309,8.716106755932561,8.571369787380537,8.642511893372596,5816000,CRM
2006-05-03,8.414366722106934,8.586088682927361,8.392288170918459,8.586088682927361,12136800,CRM
2006-05-04,8.571370124816895,8.696482238322732,8.475696706141541,8.475696706141541,4673600,CRM
2006-05-05,8.370208740234375,8.674401976222697,8.318692438144117,8.674401976222697,6876400,CRM
2006-05-08,8.416820526123047,8.53211879647445,8.348131179397104,8.43153893657121,3468000,CRM
2006-05-09,8.313788414001465,8.38983697912415,8.18867722447403,8.38983697912415,8349200,CRM
2006-05-10,8.01940631866455,8.313786682842856,7.884482258027229,8.313786682842856,13856800,CRM
2006-05-11,7.931093692779541,8.061111315346597,7.830513360362486,7.997328414450318,5454000,CRM
2006-05-12,7.653885841369629,7.842779458638296,7.6170879398621345,7.837873477288084,9598400,CRM
2006-05-15,7.648979663848877,7.788810197249698,7.531227684975002,7.656338870088012,9896000,CRM
2006-05-16,7.482162952423096,7.727479770535329,7.457631177030933,7.587649259076108,7682000,CRM
2006-05-17,7.401208877563477,7.602368605955425,7.285910134386433,7.435553084487547,12306000,CRM
2006-05-18,7.030780792236328,7.609728700445198,7.013608687824159,7.521414485862896,17204800,CRM
2006-05-19,7.003795623779297,7.138720167079678,6.809995562688938,7.045499505467816,13576000,CRM
2006-05-22,7.209861755371094,7.241753206498227,6.908122155409853,6.9547324858777255,7234400,CRM
2006-05-23,7.20004940032959,7.5116019017092075,7.173064398002377,7.35950525391684,6493200,CRM
2006-05-24,6.984170436859131,7.207408729276677,6.917935244049731,7.20004952335605,8291600,CRM
2006-05-25,7.455178737640381,7.457631962228362,7.101922819256621,7.1558923564779535,8162400,CRM
2006-05-26,7.457632064819336,7.577837263855507,7.438006735750262,7.555758710164705,5417600,CRM
2006-05-30,7.305535793304443,7.430647440073495,7.2147683550154165,7.361958555208698,7302400,CRM
2006-05-31,7.23930025100708,7.317801567614861,7.150986035870948,7.312895118350686,5108800,CRM
2006-06-01,7.617088317871094,7.6612454275476445,7.092110387060506,7.1264545977401434,8243200,CRM
2006-06-02,7.3276143074035645,7.6023689095787335,7.310441735350965,7.59991568499979,6800000,CRM
2006-06-05,7.298175811767578,7.504241989767512,7.263831604735832,7.482163437274324,6264000,CRM
2006-06-06,6.775651931762695,7.298176641747523,6.689790936514121,7.298176641747523,16804800,CRM
2006-06-07,6.6260085105896,6.917935707903747,6.613742386724848,6.868872148254304,14527200,CRM
2006-06-08,6.341440677642822,6.5744914048248715,6.157453039807372,6.562225749464412,16263200,CRM
2006-06-09,6.3855977058410645,6.611289224150175,6.346347047692068,6.5622256675115525,13853600,CRM
2006-06-12,6.108388423919678,6.3806902304534185,6.0961227706849614,6.3806902304534185,7443200,CRM
2006-06-13,6.1770782470703125,6.2555795627975215,5.919495278447565,6.010262717197619,8868800,CRM
2006-06-14,6.22368860244751,6.321815247480188,6.137827612579634,6.201610048827063,7262800,CRM
2006-06-15,6.70205545425415,6.775650781070752,6.304642467482371,6.304642467482371,10306000,CRM
2006-06-16,6.805089950561523,6.905669830315554,6.601476966193022,6.662806183989616,9407200,CRM
2006-06-19,6.6260085105896,6.817355831736691,6.589211074804909,6.814902606963741,7757200,CRM
2006-06-20,6.56467866897583,6.626007878736922,6.439567024914634,6.626007878736922,7250400,CRM
2006-06-21,6.80754280090332,6.856606359603272,6.525428508140534,6.542600613314085,6444400,CRM
2006-06-22,6.778104305267334,6.834527535922485,6.645633450640111,6.807542532909358,4012800,CRM
2006-06-23,6.819808483123779,6.954733036120498,6.702056503272107,6.716775383777373,3402400,CRM
2006-06-26,6.783010482788086,6.84924614140058,6.652992857998451,6.8222611394685115,3843200,CRM
2006-06-27,6.672617435455322,6.775650514623099,6.57939678540107,6.746212291473156,4140000,CRM
2006-06-28,6.6358208656311035,6.711869429005568,6.537694215362993,6.697150080536769,3804800,CRM
2006-06-29,6.675070762634277,6.731493989504732,6.562225244702814,6.655445434824252,9128400,CRM
2006-06-30,6.540147304534912,6.753573173860555,6.525428424276003,6.677524612062526,10911200,CRM
2006-07-03,6.515615463256836,6.621101784564978,6.466552373560912,6.584304350316844,4048400,CRM
2006-07-05,6.410129547119141,6.451833433344308,6.383145009847415,6.410129547119141,5437600,CRM
2006-07-06,6.265392780303955,6.434661075497078,6.226141652536592,6.402770089823015,9294400,CRM
2006-07-07,6.110842704772949,6.253126459259452,6.017622507518244,6.250673234607386,8050800,CRM
2006-07-10,5.740414142608643,6.118202312661556,5.67172572471157,6.118202312661556,15658000,CRM
2006-07-11,5.936668395996094,5.993091163369681,5.693804284787569,5.7085236337670375,10478000,CRM
2006-07-12,5.654553413391113,5.958746730339756,5.649647431818219,5.924402051900846,9013600,CRM
2006-07-13,5.450940132141113,5.647193889052706,5.396970594640419,5.644740664452026,9873600,CRM
2006-07-14,5.401876926422119,5.453393238202334,5.308656265241629,5.433767909728242,5794800,CRM
2006-07-17,5.360174179077148,5.502457957596094,5.316017063691125,5.367533386371594,5555600,CRM
2006-07-18,5.42395544052124,5.4582996481282615,5.316015900735939,5.362626230991709,6475200,CRM
2006-07-19,5.630022048950195,5.6447409293402275,5.333188409005125,5.394517623185825,12132000,CRM
2006-07-20,5.563785552978516,5.733054289807463,5.526988123556058,5.7109757385730475,6590000,CRM
2006-07-21,5.372438430786133,5.5441603972656885,5.335641000227576,5.5441603972656885,3838000,CRM
2006-07-24,5.68644380569458,5.70606913203734,5.343000360743949,5.382251013429467,14930000,CRM
2006-07-25,6.017622947692871,6.054420384355984,5.558880198105339,5.68644508191527,10443200,CRM
2006-07-26,6.005356311798096,6.027434865495532,5.899869992555845,5.985730982723124,7586800,CRM
2006-07-27,6.098576545715332,6.159905753237314,6.002902663805831,6.034794113743905,8823600,CRM
2006-07-28,6.2089691162109375,6.231047669338701,6.051966487662164,6.098576818476859,5364800,CRM
2006-07-31,6.304643154144287,6.476364666276442,6.206516041034767,6.206516041034767,9376000,CRM
2006-08-01,6.08385705947876,6.27765757539746,5.818914907776727,6.27765757539746,7900400,CRM
2006-08-02,6.213875770568848,6.31690886593327,6.093670570627815,6.093670570627815,4348000,CRM
2006-08-03,6.500896453857422,6.623554877515109,6.194250394713204,6.238407502094732,7109200,CRM
2006-08-04,6.415035724639893,6.6726187055407635,6.292377295993223,6.537694153286563,5823600,CRM
2006-08-07,6.294829845428467,6.388050503226238,6.245766292071248,6.388050503226238,4517600,CRM
2006-08-08,6.049513339996338,6.285017753717657,5.997997027313243,6.285017753717657,7463600,CRM
2006-08-09,6.108388423919678,6.248218929576027,6.056872118848255,6.110841648147557,3907600,CRM
2006-08-10,6.508255958557129,6.626007929910706,6.051966484681089,6.108389245799919,10600000,CRM
2006-08-11,6.378238201141357,6.510709526836273,6.334081092576385,6.5082563021488005,8428800,CRM
2006-08-14,6.549960136413574,6.611289349421549,6.471458350723367,6.537694013069122,13784400,CRM
2006-08-15,7.023421287536621,7.023421287536621,6.603929693977252,6.657899233130253,9009200,CRM
2006-08-16,6.947373390197754,7.040594058888403,6.795277199246365,7.023421485673448,18530000,CRM
2006-08-17,8.267176628112793,8.397194237072314,7.732385911073771,7.886935762352589,54836800,CRM
2006-08-18,8.058658599853516,8.485510354534188,7.999783076606948,8.254912839500923,19711200,CRM
2006-08-21,8.073378562927246,8.14206699054506,7.894297351059635,7.95807932873194,8262400,CRM
2006-08-22,8.156785011291504,8.308881191580658,8.078283696573909,8.09545580068029,9646800,CRM
2006-08-23,8.276991844177246,8.573825040840479,8.205849725231957,8.279444601191736,10819200,CRM
2006-08-24,8.276991844177246,8.338321063445333,8.07583114403307,8.272085394338644,4710400,CRM
2006-08-25,8.232832908630371,8.313786973519425,8.115080946003939,8.218113562373537,4568000,CRM
2006-08-28,8.321146965026855,8.365304072160448,8.14451947230199,8.14451947230199,3678000,CRM
2006-08-29,8.495323181152344,8.49777593801269,8.262271975417823,8.323601190831669,5428800,CRM
2006-08-30,8.522308349609375,8.57627742386127,8.35794556251742,8.497776101486169,3898000,CRM
2006-08-31,8.458524703979492,8.610620885865,8.426633252100281,8.497775361750252,4534000,CRM
2006-09-01,8.438899040222168,8.58118231017747,8.40455389910663,8.519853104756697,3214400,CRM
2006-09-05,8.534573554992676,8.568917764741615,8.28680300898756,8.330960117467491,4647200,CRM
2006-09-06,8.159238815307617,8.500230056156743,7.950719846787075,8.34813292053439,7564400,CRM
2006-09-07,8.186222076416016,8.264723384479092,7.999781703718562,8.097907870892703,5439600,CRM
2006-09-08,8.176410675048828,8.267177643252248,8.110175016367585,8.193582778876246,2290800,CRM
2006-09-11,8.169051170349121,8.169051170349121,8.019407737494017,8.119987611670629,3483200,CRM
2006-09-12,8.615525245666504,8.713652334200841,8.198486523109484,8.210753111033227,10243200,CRM
2006-09-13,8.640058517456055,8.767623373460122,8.532118520016793,8.635152068862508,5351600,CRM
2006-09-14,8.571370124816895,8.659684337689372,8.517401055913314,8.590995921370551,4668000,CRM
2006-09-15,8.586089134216309,8.703841101474142,8.514947028224249,8.571369787380537,3342000,CRM
2006-09-18,8.463430404663086,8.733278535995245,8.419273301600091,8.635152368151466,5320800,CRM
2006-09-19,8.355491638183594,8.524759915440507,8.144519012848935,8.448711360598413,7182800,CRM
2006-09-20,8.716105461120605,8.740637702202532,8.463429460737284,8.4879607660099,5456400,CRM
2006-09-21,9.025206565856934,9.042378669407192,8.576276309533013,8.708747624757395,9144000,CRM
2006-09-22,8.873109817504883,9.03501983327259,8.787249296242761,9.025206934897064,7355600,CRM
2006-09-25,9.199381828308105,9.268070246500429,8.698935232253861,8.70874813079834,6997200,CRM
2006-09-26,9.417712211608887,9.493760759805674,9.243537500632666,9.260709602514302,9216000,CRM
2006-09-27,9.201834678649902,9.447151529900399,9.084082702346807,9.371103904930838,8145600,CRM
2006-09-28,9.238632202148438,9.471683388450051,9.199381544988864,9.201834301644688,7961200,CRM
2006-09-29,8.801968574523926,9.091442523656989,8.7332792222454,9.064457521241442,12476800,CRM
2006-10-02,8.649871826171875,8.929533824708997,8.630246964550226,8.799515256251262,9317600,CRM
2006-10-03,8.95161247253418,9.012941686433727,8.610621257172681,8.64987191663601,6731600,CRM
2006-10-04,9.108614921569824,9.140505438353644,8.863298071056946,8.863298071056946,12466800,CRM
2006-10-05,9.314680099487305,9.591887436608712,9.106160237763993,9.155223789687678,16398000,CRM
2006-10-06,9.90098762512207,9.935331832343868,9.496214472443535,9.569809335891598,21658400,CRM
2006-10-09,9.886268615722656,10.168383360352092,9.694921777061348,9.910800861582755,10282400,CRM
2006-10-10,9.812673568725586,9.881361984247633,9.731718562595052,9.87890922761162,6050400,CRM
2006-10-11,9.780781745910645,9.940238059666555,9.719452538436746,9.751343988349817,4169200,CRM
2006-10-12,9.88381576538086,9.93287932082663,9.709641032567381,9.842111415718634,7103600,CRM
2006-10-13,10.053084373474121,10.300854915356364,9.88626884106118,9.932879641353024,7662400,CRM
2006-10-16,10.138945579528809,10.232165306170105,9.974582807949538,9.974582807949538,6227600,CRM
2006-10-17,9.874003410339355,10.124226714650067,9.748892226088767,10.077616849107601,5064000,CRM
2006-10-18,9.910801887512207,10.119320851955948,9.77833055358321,10.045725978376367,4651600,CRM
2006-10-19,9.844566345214844,9.947598982369096,9.768517777927466,9.878910557599594,3321600,CRM
2006-10-20,9.780781745910645,9.88136160873546,9.74643753945477,9.88136160873546,2257200,CRM
2006-10-23,9.920612335205078,10.038364302101968,9.692467606901902,9.812673266168625,6098400,CRM
2006-10-24,9.935333251953125,9.981943120441205,9.83720612946185,9.871551277400512,4230000,CRM
2006-10-25,10.138945579528809,10.357277420266332,9.942691356304099,9.996661361271844,6446800,CRM
2006-10-26,9.991753578186035,10.156116327822465,9.876454377805675,10.156116327822465,4403200,CRM
2006-10-27,9.83966064453125,10.033461212952382,9.734174306570871,9.99175685487495,4223600,CRM
2006-10-30,9.75870418548584,9.829846297979424,9.559998131995563,9.815126949798483,5848400,CRM
2006-10-31,9.572263717651367,9.886268990074774,9.523200159882828,9.785689117763555,3535200,CRM
2006-11-01,9.322040557861328,9.663030839064097,9.238632789121766,9.601701624867642,5870000,CRM
2006-11-02,9.567357063293457,9.606607721505357,9.260711003572514,9.260711003572514,4668400,CRM
2006-11-03,9.930425643920898,10.016287100037921,9.579622485276698,9.591888140204992,7715600,CRM
2006-11-06,10.30575942993164,10.322932468665364,9.746437367118622,9.812673022316389,8667200,CRM
2006-11-07,10.531451225280762,10.708079636277148,10.291040852429797,10.305759262806555,12357600,CRM
2006-11-08,10.327838897705078,10.52899863763993,9.837205203071877,10.369543248369844,6914000,CRM
2006-11-09,10.200275421142578,10.49220214573804,10.15366461912992,10.425966481674958,6650400,CRM
2006-11-10,10.352372169494629,10.443139149967067,10.151212409631604,10.273870845441234,3816000,CRM
2006-11-13,10.793940544128418,10.936224755035006,10.381808193942396,10.381808193942396,12189600,CRM
2006-11-14,10.671284675598145,10.798849570224293,10.52164122352113,10.769411805559695,7311200,CRM
2006-11-15,10.398980140686035,10.793940381653313,10.315572382122701,10.681094865893927,10396400,CRM
2006-11-16,10.295947074890137,10.565795198373726,9.97458170879183,10.055536707322538,12387600,CRM
2006-11-17,10.234619140625,10.371995975816528,10.17083623644936,10.29349465976151,3342400,CRM
2006-11-20,10.188007354736328,10.268962355475159,10.05798973806908,10.05798973806908,7360400,CRM
2006-11-21,10.229711532592773,10.288587045059977,10.161022186968506,10.180647981663839,4178000,CRM
2006-11-22,10.16102409362793,10.30330832443974,10.087429221329561,10.291042668358275,4959600,CRM
2006-11-24,10.09724235534668,10.14875867357268,10.055538936537898,10.111961704472506,1084800,CRM
2006-11-27,9.849472999572754,10.146306196561289,9.839660099884798,10.14385250373449,3622800,CRM
2006-11-28,9.653218269348145,9.8494725101162,9.557544841668983,9.8494725101162,4738400,CRM
2006-11-29,9.604154586791992,9.670389309572542,9.471683269611951,9.655670898203295,5952000,CRM
2006-11-30,9.567357063293457,9.70228114240877,9.547731266282753,9.653217585691518,6688400,CRM
2006-12-01,9.407901763916016,9.550186000332245,9.334306888718825,9.513388094828844,5344800,CRM
2006-12-04,9.449605941772461,9.513387916196498,9.29750974444622,9.30241525833226,5021600,CRM
2006-12-05,9.378461837768555,9.56490314346058,9.34166487656233,9.466776041958525,3451600,CRM
2006-12-06,9.388276100158691,9.434885965454187,9.231273463574357,9.366197545900924,4094800,CRM
2006-12-07,9.326946258544922,9.390728224432744,9.282789153003558,9.388275467817987,4295600,CRM
2006-12-08,9.452058792114258,9.474137348057974,9.238633375198077,9.272977587597278,3637200,CRM
2006-12-11,9.456966400146484,9.50357721051966,9.36129295794218,9.454513642878814,2824400,CRM
2006-12-12,9.824938774108887,10.031004947058554,9.506027084874969,9.506027084874969,11730000,CRM
2006-12-13,9.609061241149902,9.95741167927154,9.540372817777854,9.86173825077202,5420000,CRM
2006-12-14,9.802860260009766,9.812673157761791,9.645857639215087,9.658123293500402,4040400,CRM
2006-12-15,9.797954559326172,9.85437732199473,9.714546793683628,9.812673907078212,2960400,CRM
2006-12-18,9.334303855895996,9.891173092443871,9.334303855895996,9.797952448384098,5524800,CRM
2006-12-19,9.155223846435547,9.272975810296618,9.003127676757838,9.272975810296618,8122000,CRM
2006-12-20,9.152770042419434,9.322038295632995,9.150316350393682,9.165035695120245,5514800,CRM
2006-12-21,9.042378425598145,9.177302493773418,8.966329872062166,9.14786473645377,7947600,CRM
2006-12-22,8.843670845031738,9.071815554014103,8.82159229462024,9.042377798735227,4338800,CRM
2006-12-26,8.914814949035645,8.939346261315015,8.806875864873009,8.806875864873009,2293200,CRM
2006-12-27,9.066909790039062,9.093894791002601,8.951611516571361,8.951611516571361,4363600,CRM
2006-12-28,9.017847061157227,9.064457861921174,8.919720881914829,9.017847061157227,1761600,CRM
2006-12-29,8.941798210144043,9.086535170307817,8.900093864431058,9.003127414691246,2509600,CRM
2007-01-03,8.848579406738281,9.057098371459707,8.743093078003557,8.971237841470789,4277200,CRM
2007-01-04,9.2926025390625,9.2926025390625,8.721013829433238,8.833859355827245,6430400,CRM
2007-01-05,9.694921493530273,9.805314257148515,9.101254262410764,9.199381371362415,11618800,CRM
2007-01-08,9.795501708984375,9.810221056595735,9.59434197067663,9.71454670083615,4814400,CRM
2007-01-09,9.802860260009766,9.918159469072487,9.672842640128442,9.810220401228504,4996000,CRM
2007-01-10,9.869097709655762,9.874004159423436,9.709642303349595,9.763611379174792,3575600,CRM
2007-01-11,10.239526748657227,10.462765066916742,9.812674975468134,9.856832087722509,10939200,CRM
2007-01-12,10.406339645385742,10.558436756194387,10.22971216131907,10.327838333398454,6449200,CRM
2007-01-16,10.62221908569336,10.872442377166303,10.376902243364139,10.472575662143017,9854800,CRM
2007-01-17,10.462764739990234,10.659018046205414,10.413701179484045,10.560890925193034,5239200,CRM
2007-01-18,10.168383598327637,10.440685450985843,10.013833721125232,10.438231758437661,6803200,CRM
2007-01-19,10.207633972167969,10.214993177988267,10.02609909685485,10.168383314777225,5058800,CRM
2007-01-22,10.1070556640625,10.273871217672232,10.016288680301498,10.229714104316148,6394800,CRM
2007-01-23,10.126679420471191,10.156118116695712,10.057991000899706,10.099694416836813,6068800,CRM
2007-01-24,10.406339645385742,10.494653855323806,10.15121084933178,10.15121084933178,9301600,CRM
2007-01-25,10.273868560791016,10.408792623015968,10.185554356917407,10.408792623015968,6468400,CRM
2007-01-26,10.359731674194336,10.484843806372535,10.298402454525311,10.315574561167868,4736400,CRM
2007-01-29,10.42351245880127,10.58542152824227,10.273869043628185,10.35972955931302,5254000,CRM
2007-01-30,10.536357879638672,10.66882919047129,10.499559981359802,10.511825635516283,5333600,CRM
2007-01-31,10.752238273620605,10.80620734572038,10.413700749496828,10.553531282889564,5612000,CRM
2007-02-01,11.139838218688965,11.18154257017538,10.843005052182022,10.843005052182022,10430400,CRM
2007-02-02,11.468561172485352,11.520077479361087,11.139836600911151,11.186446459159283,8889600,CRM
2007-02-05,11.561782836914062,11.613299148299555,11.289480997005786,11.468562176447834,5616800,CRM
2007-02-06,11.554423332214355,11.684441899869825,11.441577805109967,11.574049129524434,10726400,CRM
2007-02-07,11.6991605758667,11.812007041325373,11.544611629707495,11.578955839965095,10997600,CRM
2007-02-08,11.701615333557129,11.772757453171453,11.468564110984817,11.699161640709944,7385600,CRM
2007-02-09,11.532343864440918,11.767848734455274,11.480827554297866,11.640283869475255,6388800,CRM
2007-02-12,11.625564575195312,11.684441026917328,11.417045641306684,11.478374849604451,5591200,CRM
2007-02-13,11.895414352416992,12.00335342847444,11.65255026152585,11.65255026152585,7625200,CRM
2007-02-14,12.236405372619629,12.297734588290202,11.966556262183364,11.995994959488126,10212000,CRM
2007-02-15,12.17016887664795,12.275655195265479,12.099026766732033,12.265842296833732,8974000,CRM
2007-02-16,12.175076484680176,12.25112411524063,12.118653717041596,12.170170034997309,6041600,CRM
2007-02-20,12.12601375579834,12.371330641918783,12.118654548673817,12.26584430602222,10063600,CRM
2007-02-21,11.77520751953125,12.143182754516602,11.731050416468255,12.14072999803951,13291600,CRM
2007-02-22,11.564236640930176,11.8978677205557,11.103040681694331,11.210980699108209,20852400,CRM
2007-02-23,11.637831687927246,11.65991024311329,11.502907599927898,11.566690508602944,5260400,CRM
2007-02-26,11.50536060333252,11.650097581812132,11.431764799915129,11.529891913931973,9469600,CRM
2007-02-27,11.039258003234863,11.380248267383044,10.823378918033834,11.250230639248427,7687200,CRM
2007-02-28,10.607500076293945,11.04171003923474,10.560889279960039,11.04171003923474,13272400,CRM
2007-03-01,10.882254600524902,10.923958011945826,10.315572392999211,10.315572392999211,13634000,CRM
2007-03-02,10.460310935974121,10.941131765037872,10.403888169525683,10.781676364851304,7662400,CRM
2007-03-05,10.197821617126465,10.521639791802919,10.126679504375392,10.25424438164332,6251200,CRM
2007-03-06,10.585421562194824,10.636937871770963,10.35972959254167,10.374448939196041,5989200,CRM
2007-03-07,10.48238754272461,10.649203054177585,10.440684132766064,10.585421093120575,5326800,CRM
2007-03-08,10.715439796447754,10.862629528189657,10.56088992305211,10.597687823892333,6296800,CRM
2007-03-09,10.541264533996582,10.764502812911172,10.504466635000227,10.698267156203398,7335200,CRM
2007-03-12,10.627124786376953,10.700719646730594,10.45785651398264,10.521638476739948,3331600,CRM
2007-03-13,10.342557907104492,10.627125403250453,10.335198701384774,10.627125403250453,5493600,CRM
2007-03-14,10.300854682922363,10.418606655649272,10.001567834027204,10.379355998073635,6722400,CRM
2007-03-15,10.239526748657227,10.369544392623103,10.12668027522404,10.300855967253902,4462000,CRM
2007-03-16,10.212538719177246,10.276320675878003,10.146303070405693,10.210085027106448,2597200,CRM
2007-03-19,10.470124244689941,10.489749107965526,10.259151583572175,10.340106601084177,3654000,CRM
2007-03-20,10.578060150146484,10.617310800699912,10.41124465134209,10.470121095076893,3310000,CRM
2007-03-21,10.663925170898438,10.80620847598285,10.529000137012822,10.573157250682726,3855600,CRM
2007-03-22,10.659018516540527,10.732613392642437,10.55353218433093,10.659018516540527,3419200,CRM
2007-03-23,10.62221908569336,10.705626849517675,10.595234083307627,10.627125534837083,2744800,CRM
2007-03-26,10.553531646728516,10.609954413392762,10.435779663801883,10.553531646728516,3413600,CRM
2007-03-27,10.497106552124023,10.622217713797212,10.487293655103947,10.548622857765373,3686800,CRM
2007-03-28,10.536357879638672,10.661469049329861,10.36218315751213,10.47502867304684,3338400,CRM
2007-03-29,10.563344955444336,10.634486137851427,10.45049848193144,10.563344955444336,3395600,CRM
2007-03-30,10.504467010498047,10.661469638317158,10.438231351422582,10.52163911442767,3610800,CRM
2007-04-02,10.668830871582031,10.793942060987263,10.425966763453605,10.546172439070812,4144800,CRM
2007-04-03,11.007367134094238,11.05888438538494,10.75223831350727,10.771863175486477,5853200,CRM
2007-04-04,11.095680236816406,11.13983734159141,11.03925747756156,11.041710234133747,3476000,CRM
2007-04-05,11.036806106567383,11.132479533654397,10.992648996248827,11.132479533654397,2185200,CRM
2007-04-09,11.252684593200684,11.304201847245663,11.125119708182401,11.15946485614892,3719200,CRM
2007-04-10,11.210980415344238,11.262496730091707,11.149651201842147,11.257590280714396,3244800,CRM
2007-04-11,10.754690170288086,11.026992009056602,10.548623989799166,11.026992009056602,13078000,CRM
2007-04-12,10.479935646057129,10.874895905993174,10.340105122898457,10.747331037604487,15264000,CRM
2007-04-13,10.445592880249023,10.52654696155311,10.26160522587384,10.475030642922365,7035200,CRM
2007-04-16,10.607500076293945,10.622218487086181,10.450496519971093,10.467668623101659,6083200,CRM
2007-04-17,10.531451225280762,10.732610944111354,10.452949917240014,10.673734495176088,7706400,CRM
2007-04-18,10.381808280944824,10.531451698562895,10.359729728578069,10.531451698562895,7638800,CRM
2007-04-19,10.156118392944336,10.362184593073367,10.126679695919078,10.359730900416483,7721200,CRM
2007-04-20,10.24197769165039,10.298400450468936,10.111960070712414,10.156117175145962,6369200,CRM
2007-04-23,10.129131317138672,10.229711171882204,10.008925668391832,10.188006827529861,6510800,CRM
2007-04-24,10.075162887573242,10.170836308706901,10.001568020225005,10.170836308706901,4630000,CRM
2007-04-25,10.445592880249023,10.472576950143985,10.107055334171998,10.124227440382246,7439200,CRM
2007-04-26,10.452951431274414,10.538811956939817,10.352371557290851,10.47502998584688,5593600,CRM
2007-04-27,10.327838897705078,10.602594440482516,10.28368179032333,10.435778909442467,8167200,CRM
2007-04-30,10.30330753326416,10.413700301139604,10.246884770974377,10.313120431699645,4006800,CRM
2007-05-01,10.08742904663086,10.256698279376158,9.962317859471321,10.254244586716615,7380400,CRM
2007-05-02,10.129131317138672,10.207632621533167,9.959862119192932,10.053082769089906,5800400,CRM
2007-05-03,10.494654655456543,10.587875321477318,10.153664380049726,10.175742934217553,5596800,CRM
2007-05-04,10.56088924407959,10.776768314456811,10.494653588311257,10.555982795229037,5823200,CRM
2007-05-07,10.408793449401855,10.62712528419598,10.327838444153985,10.60014028244669,3881600,CRM
2007-05-08,10.63693904876709,10.67128325895143,10.318027322443093,10.401435091094866,3608800,CRM
2007-05-09,10.659018516540527,10.703175629363598,10.502015864640555,10.575610740742464,2157200,CRM
2007-05-10,10.44804573059082,10.624674179828578,10.421060724645095,10.597689173882852,2163200,CRM
2007-05-11,10.406339645385742,10.524092549176132,10.389167541876613,10.46276334069797,4174800,CRM
2007-05-14,10.585421562194824,10.867535354499468,10.367088797964138,10.408793145580134,7812800,CRM
2007-05-15,10.811112403869629,10.8945201618096,10.560889130049715,10.612405438710145,8039600,CRM
2007-05-16,11.100587844848633,11.345904703298325,10.828285982239944,10.892068889490213,13915600,CRM
2007-05-17,10.543718338012695,10.977929284582721,10.389168457007543,10.977929284582721,19213600,CRM
2007-05-18,11.235512733459473,11.407234733818667,10.492202898650365,10.5805171237385,22051200,CRM
2007-05-21,11.71633243560791,12.256029696978379,11.549517837251845,11.762943236389473,23118000,CRM
2007-05-22,11.561782836914062,11.878240846717425,11.517625731209504,11.82427177870811,6139200,CRM
2007-05-23,11.343452453613281,11.596128529654056,11.284575993196905,11.51762720630528,4421200,CRM
2007-05-24,11.004912376403809,11.223244190154919,10.83073766383937,11.11285143718824,10685600,CRM
2007-05-25,11.306652069091797,11.343449965757685,11.002458805974033,11.002458805974033,7043200,CRM
2007-05-29,11.26004409790039,11.49554805575999,11.137385669538991,11.49554805575999,5482400,CRM
2007-05-30,11.951838493347168,12.175076812984532,11.159465096484663,11.260044978171617,15481600,CRM
2007-05-31,11.591219902038574,12.11865144650801,11.57159410698417,12.11865144650801,8651200,CRM
2007-06-01,11.745770454406738,11.789927560069916,11.554422684596473,11.591220584585612,5761600,CRM
2007-06-04,11.544610977172852,11.836537683671468,11.412139657258727,11.836537683671468,6898000,CRM
2007-06-05,11.64273738861084,11.713879499168659,10.965663299472668,11.419499094226603,14661200,CRM
2007-06-06,11.397419929504395,11.642736764504365,11.247776510424899,11.628018353322421,5817600,CRM
2007-06-07,11.04171085357666,11.463656129182613,10.963209537530368,11.463656129182613,5972000,CRM
2007-06-08,11.345904350280762,11.365530147534683,11.03680553000768,11.13738540141022,5600800,CRM
2007-06-11,11.439125061035156,11.483282169222276,11.210980314004882,11.296840837807878,4005200,CRM
2007-06-12,11.12511920928955,11.382702660534637,11.085868549183274,11.30910685400201,3046400,CRM
2007-06-13,11.154557228088379,11.27230920124851,11.019632214854326,11.164369190661267,2712400,CRM
2007-06-14,11.154557228088379,11.210979990072849,11.05152366669233,11.10549367198595,3886400,CRM
2007-06-15,11.183993339538574,11.5642342056398,11.122664137399365,11.179086891070314,7145200,CRM
2007-06-18,11.002460479736328,11.321373137197288,10.965663513282044,11.18399536266319,5113200,CRM
2007-06-19,11.122665405273438,11.213432372759385,10.88470777438949,10.892067915835542,4096400,CRM
2007-06-20,11.009819984436035,11.161916162424841,10.955849980455389,11.152103264281184,4610800,CRM
2007-06-21,10.281228065490723,10.990193537747562,10.232164513485493,10.977927883698609,22410000,CRM
2007-06-22,9.94759750366211,10.443137624232104,9.886268294717448,10.406339724541523,15560000,CRM
2007-06-25,10.352372169494629,10.43823270023753,9.731719847947376,9.751345646865525,13568400,CRM
2007-06-26,10.065351486206055,10.352372728109263,10.01138240788817,10.352372728109263,8231600,CRM
2007-06-27,10.774313926696777,10.818471027692205,10.168382037809522,10.168382037809522,17513600,CRM
2007-06-28,10.64675235748291,11.066243973699718,10.641845907866331,10.774316304275613,11264400,CRM
2007-06-29,10.5142822265625,10.732614112492804,10.457859453239701,10.639393430746155,4509600,CRM
2007-07-02,10.614861488342285,10.722800578431633,10.475030941891,10.54862581857963,4823200,CRM
2007-07-03,10.511825561523438,10.619765563283305,10.497107150963034,10.60504621691348,1242000,CRM
2007-07-05,10.801301956176758,10.808662098947229,10.43332663518076,10.479937441425086,3530800,CRM
2007-07-06,10.960756301879883,10.980381162129177,10.766955776942238,10.84055064054365,3343600,CRM
2007-07-09,10.90433406829834,10.997554732458452,10.806206954886694,10.892068413074261,3534000,CRM
2007-07-10,10.64675235748291,10.872443424988006,10.548625236770516,10.818473415015232,7257600,CRM
2007-07-11,10.627124786376953,10.686001236145518,10.259149548799332,10.484841514467838,6651200,CRM
2007-07-12,11.063790321350098,11.083416119888007,10.66392450214079,10.671283708687715,6626800,CRM
2007-07-13,10.926411628723145,11.284573969239528,10.845456627146598,10.990193591575743,8098000,CRM
2007-07-16,10.83073902130127,11.144744281709302,10.779221772920364,11.022085859886229,2941200,CRM
2007-07-17,10.798847198486328,10.946036925291883,10.452950498264759,10.607500366477215,8900000,CRM
2007-07-18,10.61731243133545,10.769409544422624,10.524092706834951,10.646751125628787,3813200,CRM
2007-07-19,10.77186393737793,10.921507380768007,10.722800375245338,10.79148973655481,3597600,CRM
2007-07-20,10.659018516540527,10.759598398902048,10.440686645254026,10.759598398902048,5308800,CRM
2007-07-23,10.953397750854492,11.110400385469418,10.600140887161391,10.659017343046747,6768800,CRM
2007-07-24,10.641846656799316,10.965664867805911,10.619768099875701,10.798849312340739,4344400,CRM
2007-07-25,10.678641319274902,10.884707494077748,10.497107388978014,10.803753426731689,3108800,CRM
2007-07-26,10.295947074890137,10.646750196904435,10.121771424181171,10.502013237920847,6850400,CRM
2007-07-27,10.031004905700684,10.40388659501552,10.004019905002789,10.300853976870206,5445600,CRM
2007-07-30,9.935333251953125,10.075163793226958,9.829846922808361,10.045726030803412,6458000,CRM
2007-07-31,9.533012390136719,10.1046001310029,9.471683181178875,10.016286856183553,9219600,CRM
2007-08-01,9.847018241882324,9.89608179920672,9.297509020115761,9.533012972301432,9975600,CRM
2007-08-02,10.254243850708008,10.266509505696671,9.726813199719532,9.810220963775734,8174800,CRM
2007-08-03,9.797954559326172,10.475029582967894,9.797954559326172,10.352371159129415,8183600,CRM
2007-08-06,9.923067092895508,9.994209206307172,9.395635473891163,9.812674319637674,10954400,CRM
2007-08-07,10.136492729187012,10.237072605831619,9.135600412310136,9.135600412310136,8474800,CRM
2007-08-08,10.977928161621094,11.623111687671503,10.170835564921054,10.273869120321425,17545200,CRM
2007-08-09,10.737519264221191,11.213433644138808,10.45049804632877,10.806207686775808,8590800,CRM
2007-08-10,10.960756301879883,11.284574450373674,10.548623942740608,10.548623942740608,9058000,CRM
2007-08-13,10.71053409576416,11.218339922312975,10.563344353736221,11.01472741464734,6461200,CRM
2007-08-14,11.014725685119629,11.309105122952168,10.646750452019544,10.659016105960998,7519600,CRM
2007-08-15,10.499560356140137,11.284574415698442,10.379355630982733,10.941130472201227,13259600,CRM
2007-08-16,10.119318962097168,10.609952608744305,9.518292557792545,10.60749985226721,22675600,CRM
2007-08-17,9.81757926940918,10.411245525873118,9.739077961708318,10.386714218145126,10028400,CRM
2007-08-20,9.734172821044922,9.874003352665106,9.542825974787728,9.817580588661308,6575600,CRM
2007-08-21,9.714547157287598,9.874003488569683,9.528106757831052,9.763610715821281,7608800,CRM
2007-08-22,9.736625671386719,10.146305307259997,9.655671595580573,9.859284099306574,7460800,CRM
2007-08-23,9.672844886779785,9.839660444071699,9.552639200921627,9.714548308197937,5229200,CRM
2007-08-24,10.163476943969727,10.195368395785998,9.586982733635146,9.645858252270344,5679600,CRM
2007-08-27,9.945144653320312,10.205179897876599,9.93533175538739,10.038364376254721,5363600,CRM
2007-08-28,9.734172821044922,9.859284004564735,9.66057795216212,9.812674139294517,3793200,CRM
2007-08-29,9.942689895629883,9.981940547346639,9.75134308548687,9.79304649351933,1978400,CRM
2007-08-30,9.746438026428223,10.107054083851676,9.704734612450823,9.770970272129182,4205600,CRM
2007-08-31,9.918160438537598,10.08006952403433,9.876456086919749,10.011381104674967,3502800,CRM
2007-09-04,10.001568794250488,10.153664989982232,9.827394043024654,9.827394043024654,3104800,CRM
2007-09-05,10.048179626464844,10.094790434653083,9.8617392011409,9.957412638860403,2706800,CRM
2007-09-06,10.460310935974121,10.553531606363077,10.033460116473908,10.048178529402458,7916000,CRM
2007-09-07,10.600141525268555,10.646752328594781,10.205181222396712,10.254244782619784,7086800,CRM
2007-09-10,10.823378562927246,10.843004359033204,10.291041476980931,10.607500420618505,5398800,CRM
2007-09-11,11.267403602600098,11.407234139771237,10.823379743278847,10.823379743278847,12404800,CRM
2007-09-12,11.269856452941895,11.64273820042726,11.076056840605402,11.103040909703452,9156800,CRM
2007-09-13,11.3925142288208,11.473469238876834,11.176636073623751,11.44157778620541,2404000,CRM
2007-09-14,11.37779426574707,11.466108469839215,11.115305345700634,11.157008755516706,4364800,CRM
2007-09-17,11.218338012695312,11.31891787098231,11.12757105175568,11.186446564221075,5188400,CRM
2007-09-18,11.269856452941895,11.554423979205781,10.887162742061589,11.284575801748666,12685600,CRM
2007-09-19,11.235512733459473,11.407234733818667,11.117760745278499,11.314014058913456,6304800,CRM
2007-09-20,11.198714256286621,11.326278191123025,11.098134388097867,11.139837802215636,3334400,CRM
2007-09-21,11.345904350280762,11.355717248907721,11.215886718806862,11.284575137576542,4425200,CRM
2007-09-24,11.890506744384766,12.19469908172427,11.375340853121024,11.407232302229161,12143200,CRM
2007-09-25,12.24376392364502,12.253576822221333,11.713879566047805,11.789928126299959,8191200,CRM
2007-09-26,12.381139755249023,12.594565118872039,12.214324248842026,12.260934106058047,10719600,CRM
2007-09-27,12.496439933776855,12.695146918081733,12.226591774576217,12.265842432929212,6677600,CRM
2007-09-28,12.589659690856934,12.695146003041648,12.300185755439731,12.373780617570837,7479200,CRM
2007-10-01,12.974809646606445,12.996888203261182,12.606834326233898,12.606834326233898,4530000,CRM
2007-10-02,12.700053215026855,13.11463834739588,12.297733737781742,12.967448614289937,7422400,CRM
2007-10-03,12.79572582244873,12.923290686416458,12.469454924989083,12.562674646657873,5765200,CRM
2007-10-04,12.648537635803223,12.800633826944221,12.528331962672565,12.771196065777154,4121200,CRM
2007-10-05,13.058215141296387,13.274094220215058,12.756475543619448,12.807991854874407,4984400,CRM
2007-10-08,13.553755760192871,13.772087603704467,12.967448647173777,13.065574824223408,7436000,CRM
2007-10-09,13.816245079040527,14.09345338481565,13.492426908110634,13.568475469393233,7546400,CRM
2007-10-10,13.686226844787598,13.919278031934862,13.683773152313387,13.811338022497253,5253600,CRM
2007-10-11,13.465441703796387,14.113078035999974,13.134264331677125,13.740196312892861,5573200,CRM
2007-10-12,13.99777889251709,14.113077168209141,13.359954562285765,13.651882193822019,4886800,CRM
2007-10-15,13.39429759979248,13.845680572616319,13.112183826658441,13.703397307863797,6368400,CRM
2007-10-16,13.796619415283203,13.919277834589098,13.418831259226774,13.418831259226774,5408800,CRM
2007-10-17,13.305984497070312,14.007589803984501,13.180872396993637,13.92418204920318,6142800,CRM
2007-10-18,13.482613563537598,14.019858052484949,13.21276540862295,13.318251726735467,8486800,CRM
2007-10-19,12.825166702270508,13.57583672212474,12.766291172758217,13.487522492046633,7014000,CRM
2007-10-22,12.807991027832031,12.994432336253121,12.265841076830386,12.589659206393955,6922800,CRM
2007-10-23,13.301079750061035,13.384487515512683,12.719678148614474,12.812898812545022,6253200,CRM
2007-10-24,13.068028450012207,13.401659509058275,12.70986608078137,13.156342663972579,4385600,CRM
2007-10-25,12.53078556060791,13.099920596520217,12.410579888385861,13.099920596520217,4119200,CRM
2007-10-26,12.619096755981445,12.741755164737986,12.265840875653993,12.631363345504614,5526000,CRM
2007-10-29,13.087653160095215,13.256922380170721,12.560222510728034,12.756475797371856,5684000,CRM
2007-10-30,13.18578052520752,13.352596056019092,12.874228017245011,13.001792889972066,3004800,CRM
2007-10-31,13.828511238098145,13.86040269215988,13.043497093150187,13.249563294501405,6966000,CRM
2007-11-01,13.12935733795166,13.61508456696237,13.070480884824843,13.499785353152484,5481200,CRM
2007-11-02,13.345234870910645,13.54394088857786,13.07293306141623,13.269186322733574,3520800,CRM
2007-11-05,12.896306037902832,13.229937085737044,12.704959204625345,13.17351432556059,4466800,CRM
2007-11-06,12.832526206970215,13.305987855707132,12.616647092608035,12.90612108310448,3630800,CRM
2007-11-07,12.449831008911133,12.785914854908258,12.280562707454825,12.785914854908258,7518800,CRM
2007-11-08,11.90522575378418,12.491532842201199,11.382701566792049,12.449829429262165,10594000,CRM
2007-11-09,12.265841484069824,12.432657003117928,11.183994302607243,11.689347308642319,10060800,CRM
2007-11-12,12.484174728393555,12.913479229016769,12.336984988217985,12.724585136445409,8931200,CRM
2007-11-13,12.756476402282715,12.933104836542602,12.354156911632554,12.354156911632554,5360000,CRM
2007-11-14,12.756476402282715,13.001793256172766,12.474361645985342,12.928198387167658,4525200,CRM
2007-11-15,12.459643363952637,13.345237365485346,12.37868835213385,12.866869308235847,11237200,CRM
2007-11-16,14.068921089172363,14.081187680421113,11.841444559428098,12.194700489449215,18163600,CRM
2007-11-19,13.269189834594727,13.983061904940904,13.163703503254087,13.983061904940904,8741200,CRM
2007-11-20,14.081189155578613,14.22837890788809,13.161250864120332,13.372222592881348,13722000,CRM
2007-11-21,13.82606029510498,14.064017981736082,13.774543971961036,13.774543971961036,8075600,CRM
2007-11-23,13.531679153442383,13.860403812262952,13.217673844411262,13.860403812262952,3143600,CRM
2007-11-26,12.781006813049316,13.799072059303974,12.67306774183239,13.205405763896685,8430400,CRM
2007-11-27,12.874228477478027,13.07048177491635,12.646083726765497,12.71231939011522,5493600,CRM
2007-11-28,13.352595329284668,13.659241371320768,12.859507969637326,12.874227316546463,6338000,CRM
2007-11-29,13.556208610534668,13.619991515076514,13.016512293510182,13.13426426826877,6567200,CRM
2007-11-30,13.916824340820312,14.162141182934139,13.563568425067816,13.644522496344445,13260000,CRM
2007-12-03,13.6837739944458,14.046842830785787,13.271641599506456,13.93154454425827,6007600,CRM
2007-12-04,13.573381423950195,13.696039845916232,13.462988657018863,13.531677073860806,4118400,CRM
2007-12-05,13.752461433410645,13.958527602150124,13.55130171342799,13.737742087140177,4464800,CRM
2007-12-06,13.870214462280273,13.990419190729016,13.551302755048965,13.686226830899578,4120400,CRM
2007-12-07,14.189125061035156,14.510490435632624,13.860400481216407,14.005137444027858,7637600,CRM
2007-12-10,14.154781341552734,14.255361204870795,13.799071749297834,14.255361204870795,4537200,CRM
2007-12-11,14.061561584472656,14.67730739402732,13.983060268357166,13.997779616057384,7197200,CRM
2007-12-12,14.27989387512207,14.58163349384453,14.06401571695595,14.272534668946497,5797200,CRM
2007-12-13,14.544835090637207,14.672399954668906,14.198938397404708,14.25290746371122,4985600,CRM
2007-12-14,14.608619689941406,14.79260734582432,14.28234873346337,14.542384021526406,5088000,CRM
2007-12-17,14.40745735168457,14.647867733422888,14.319143142921629,14.473693008256777,7094000,CRM
2007-12-18,14.351035118103027,14.58408630290933,14.15478183356437,14.58408630290933,7680400,CRM
2007-12-19,14.706746101379395,14.92017150983427,14.164596059578017,14.164596059578017,9344800,CRM
2007-12-20,15.943140983581543,15.945594676046554,14.907904550194816,14.907904550194816,12336400,CRM
2007-12-21,15.63895034790039,16.07316038110613,15.371554924127436,15.945596433153339,7774400,CRM
2007-12-24,15.695371627807617,15.88426571071871,15.430429921879117,15.45986768124684,1468800,CRM
2007-12-26,15.668387413024902,15.759154388195178,15.283240021945858,15.653669000505667,2811600,CRM
2007-12-27,15.710091590881348,15.95786213804446,15.418163935031927,15.648762377240313,3504000,CRM
2007-12-28,15.798405647277832,15.889171684705508,15.609511558891022,15.810670366909628,2335600,CRM
2007-12-31,15.378912925720215,15.798405448692757,15.32003740601813,15.798405448692757,3516800,CRM
2008-01-02,14.787699699401855,15.589885926434818,14.687119826423935,15.467227499105181,4980000,CRM
2008-01-03,14.959421157836914,15.167941038437307,14.719010761037113,14.719010761037113,3689200,CRM
2008-01-04,14.439350128173828,14.86865462124684,14.248003282148906,14.721463947850376,6438000,CRM
2008-01-07,14.169500350952148,14.233283253784965,13.458082072204908,14.20875100815331,13106800,CRM
2008-01-08,13.418831825256348,14.544836199413655,13.37222102503592,14.169500784154877,6574000,CRM
2008-01-09,13.328064918518066,13.553755971479012,12.810446214945634,13.350142536655556,9061600,CRM
2008-01-10,13.634713172912598,13.823606354388708,13.023873706063277,13.242205588073823,8768000,CRM
2008-01-11,13.362410545349121,14.005140498931606,13.239752107255766,13.629805977825018,6540000,CRM
2008-01-14,13.651883125305176,13.693586540764707,13.198046389707773,13.55866245994746,4768400,CRM
2008-01-15,13.298626899719238,13.534130863269953,13.269189138227791,13.340331252990891,5776800,CRM
2008-01-16,13.33297061920166,13.516958259406703,12.832524949059186,13.180874431992159,5812800,CRM
2008-01-17,13.12935733795166,13.64452232562104,13.045949575244196,13.487519698362162,9381600,CRM
2008-01-18,12.717225074768066,13.362408628619429,12.50870613424357,13.362408628619429,11254000,CRM
2008-01-22,12.825166702270508,13.00179516242672,11.81446137808593,11.954291930439709,8191600,CRM
2008-01-23,13.556208610534668,13.597912961321184,12.167715288101572,12.32962437037082,9315200,CRM
2008-01-24,13.848134994506836,13.919277098536528,13.242202135718466,13.57338041181733,6432400,CRM
2008-01-25,12.98707389831543,14.127797642373128,12.842336917196382,13.77944722348935,7706400,CRM
2008-01-28,13.13426399230957,13.173514649737752,12.584753852505537,12.584753852505537,4459200,CRM
2008-01-29,12.763835906982422,13.269188974707408,12.60683326655007,13.099920678455572,4907600,CRM
2008-01-30,12.354156494140625,12.866868738876802,12.33943714651321,12.624004649976719,5839600,CRM
2008-01-31,12.734396934509277,13.072934430619522,11.969008667303449,12.192246950897209,12019600,CRM
2008-02-01,12.687788963317871,13.220126128216144,12.53323907139499,12.879135824682654,8316000,CRM
2008-02-04,12.700053215026855,12.925744263897236,12.341890844875426,12.685333867392462,5088000,CRM
2008-02-05,12.947821617126465,13.198044888857417,12.334529559690624,12.555315074691292,8284800,CRM
2008-02-06,11.745770454406738,13.055762405525618,11.66481544875442,13.055762405525618,10376400,CRM
2008-02-07,12.471909523010254,12.741757701678862,11.544612067640752,11.544612067640752,10952800,CRM
2008-02-08,12.479268074035645,12.707412822628301,12.341891235010067,12.511159527013524,4149600,CRM
2008-02-11,13.44336223602295,13.723023275388888,13.01651147145687,13.01651147145687,15560400,CRM
2008-02-12,13.357502937316895,13.585647687253175,13.215218712277263,13.551303477294516,5378800,CRM
2008-02-13,13.720571517944336,13.857949291061841,13.492426772204123,13.575834538773766,5797600,CRM
2008-02-14,13.526772499084473,13.86040360279274,13.492428285904436,13.75246451339697,4885200,CRM
2008-02-15,13.20785903930664,13.534129958192622,13.026324161328562,13.477707195853228,4433200,CRM
2008-02-19,12.626459121704102,13.431098125469518,12.579848319245542,13.431098125469518,6544000,CRM
2008-02-20,13.033684730529785,13.099920393485611,12.511159568862391,12.543051021946946,3386000,CRM
2008-02-21,13.12935733795166,13.291266414288563,12.881586806463543,13.119544439795611,4098400,CRM
2008-02-22,12.839882850646973,13.242202299955903,12.65098878026472,13.242202299955903,5120000,CRM
2008-02-25,13.347689628601074,13.45562870455756,12.830070930896353,12.830070930896353,5298400,CRM
2008-02-26,12.942915916442871,13.330516968333358,12.942915916442871,13.148982097083877,5182400,CRM
2008-02-27,12.908573150634766,13.244657928852211,12.359063898094405,12.876682632026059,12299200,CRM
2008-02-28,15.126236915588379,15.570260750452032,14.115531756816381,14.282347289482862,35617200,CRM
2008-02-29,14.650321960449219,15.15812774355917,14.5227570915594,14.888278658512045,10393200,CRM
2008-03-03,14.41727352142334,14.890735186888989,14.270082828144528,14.7165604221949,8893600,CRM
2008-03-04,14.198938369750977,14.471240200537398,14.012497055064129,14.397644402955546,8353600,CRM
2008-03-05,14.476147651672363,14.608618982083494,14.14742301832413,14.284800798284884,11409600,CRM
2008-03-06,14.164594650268555,14.473693454662813,14.09099885015659,14.422177143232014,6342800,CRM
2008-03-07,13.899654388427734,14.304427614898943,13.649431058439486,13.916826495169216,7043200,CRM
2008-03-10,13.757369041442871,14.17686061950114,13.58319337123157,14.022310745970913,4948800,CRM
2008-03-11,14.338770866394043,14.392739940042357,13.720572257746769,14.00268702524625,7974800,CRM
2008-03-12,14.27989387512207,14.77298127669525,14.140063342928967,14.373114541853983,9142400,CRM
2008-03-13,14.451615333557129,14.62088362009098,13.791713355935531,14.032123752271387,7772400,CRM
2008-03-14,14.19157886505127,14.71901044706143,14.039482685791624,14.620883336423894,7786400,CRM
2008-03-17,13.617538452148438,14.024764401278507,13.291267515800692,13.737744124998375,10104800,CRM
2008-03-18,14.378019332885742,14.4491614370759,13.921729886437747,13.921729886437747,7215200,CRM
2008-03-19,13.8873872756958,14.473694407913976,13.8873872756958,14.321598220230364,5293200,CRM
2008-03-20,13.696040153503418,13.975701212137123,13.453176060800219,13.887386996608686,9169600,CRM
2008-03-24,14.630696296691895,14.719010509478283,13.71321183232106,13.71321183232106,6342800,CRM
2008-03-25,14.95451545715332,15.106612583079954,14.54238306035063,14.54238306035063,4518000,CRM
2008-03-26,14.53256893157959,15.185111639973183,14.41972248236446,14.863746266603592,4721200,CRM
2008-03-27,13.892292976379395,14.655228502086961,13.811337969611177,14.655228502086961,6310800,CRM
2008-03-28,13.94626235961914,14.363301186142571,13.884933147948328,13.933996704446878,4163600,CRM
2008-03-31,14.196484565734863,14.282346016968518,13.624896843461967,13.754914462764198,5601200,CRM
2008-04-01,15.018298149108887,15.126237228320784,14.346129555254674,14.351036004647424,7598400,CRM
2008-04-02,15.283239364624023,16.21298950254634,15.013391207535875,15.086986074395416,11778800,CRM
2008-04-03,15.40589714050293,15.75915304806753,14.787698600407778,15.187565305811717,7202400,CRM
2008-04-04,15.975034713745117,16.16147418114205,15.131144110258969,15.504025852481524,9610400,CRM
2008-04-07,15.95786190032959,16.308665071995353,15.832749782312264,16.188458467483844,7331600,CRM
2008-04-08,15.658575057983398,16.07561295628786,15.61196425734713,15.957861915843349,7585600,CRM
2008-04-09,15.518742561340332,15.60215032262432,14.898091268609443,15.212096517768238,8508400,CRM
2008-04-10,16.100147247314453,16.205633587699143,15.329853277661774,15.501574356604577,6357600,CRM
2008-04-11,14.986407279968262,15.945596182105616,14.986407279968262,15.945596182105616,6828000,CRM
2008-04-14,14.743541717529297,15.31022395512255,14.400098702832052,15.204737639001605,11274000,CRM
2008-04-15,14.559554100036621,15.023203714364962,14.351035160068815,14.660133967144896,7210400,CRM
2008-04-16,15.104157447814941,15.329849422512282,14.596351674507748,14.596351674507748,9308400,CRM
2008-04-17,15.258708000183105,15.315130762435723,14.770527065148594,14.871106934522302,6904000,CRM
2008-04-18,15.675747871398926,16.080521068417177,15.638949967739244,15.921064733637973,10350400,CRM
2008-04-21,15.386272430419922,15.607057023874683,15.25380111286138,15.607057023874683,6328400,CRM
2008-04-22,15.047736167907715,15.420617905870374,14.84166996892334,15.351929484812098,4835200,CRM
2008-04-23,16.576059341430664,16.620216448927263,15.037922592457893,15.155674567178982,11672400,CRM
2008-04-24,16.750232696533203,17.08631742427776,16.107503805770865,16.681544284233613,9044800,CRM
2008-04-25,16.703622817993164,16.92931573431491,16.25469442105278,16.544168368517287,3371200,CRM
2008-04-28,16.549074172973633,17.015176553751317,16.526996555255568,16.764952323232592,4645200,CRM
2008-04-29,16.42396354675293,16.79193884836758,16.316025397647,16.51473146160078,3876800,CRM
2008-04-30,16.3699951171875,16.988192789405055,16.31357141509655,16.421511433904037,5560800,CRM
2008-05-01,16.50737190246582,16.674187443833077,16.00692527836405,16.504918209787427,5660400,CRM
2008-05-02,16.509828567504883,16.681549653525742,16.357731411586787,16.681549653525742,4578400,CRM
2008-05-05,17.01763153076172,17.150102861926126,16.2865864524735,16.2865864524735,5538000,CRM
2008-05-06,17.213884353637695,17.45184201747957,16.77231510971328,16.97592668979582,5860400,CRM
2008-05-07,16.389617919921875,17.272760064842046,16.320929502343418,17.23841398443381,6488800,CRM
2008-05-08,16.576059341430664,16.59323144592273,16.208084069498696,16.54662064589326,4138400,CRM
2008-05-09,16.36263084411621,16.730606067341782,16.291490614650453,16.536807430134164,3507200,CRM
2008-05-12,16.588327407836914,16.718345049357563,15.999566546057745,16.372447364600347,5706400,CRM
2008-05-13,16.669279098510742,16.902331227439483,16.416603044142366,16.61531096402797,6456000,CRM
2008-05-14,17.02499008178711,17.14764850907431,16.6349353097719,16.6349353097719,11976400,CRM
2008-05-15,16.9808349609375,17.101039709697222,16.50982699420532,16.951396261159505,8154000,CRM
2008-05-16,16.853269577026367,16.980835407802054,16.671735602666406,16.980835407802054,8183200,CRM
2008-05-19,16.259599685668945,16.926861782948556,16.20808337440207,16.81892177555952,8870400,CRM
2008-05-20,15.40589714050293,16.127128302709206,15.307770967417495,16.127128302709206,12602400,CRM
2008-05-21,15.371552467346191,15.65857364389035,15.06981287998042,15.521195882762184,13133600,CRM
2008-05-22,16.266958236694336,16.919501896385352,15.467225790599539,15.572712101315798,23101600,CRM
2008-05-23,16.441131591796875,16.605495275018754,16.11240796859053,16.313567675590203,7162800,CRM
2008-05-27,16.742874145507812,16.799297841598413,16.070706535367833,16.266958882233926,9291600,CRM
2008-05-28,17.216337203979492,17.392965641554287,16.580965567237886,16.80420480684467,18012800,CRM
2008-05-29,17.542612075805664,17.741318166258438,16.87780350015879,17.174636725118653,10406000,CRM
2008-05-30,17.73885726928711,18.325164273547525,17.54996415615822,17.54996415615822,18095200,CRM
2008-06-02,17.488637924194336,17.743767664956152,17.29974290738674,17.662812657752898,5719200,CRM
2008-06-03,17.70942497253418,17.780567087533637,17.338995984647045,17.55242232964542,6004800,CRM
2008-06-04,17.79773712158203,17.905675256242866,17.643186317750764,17.721687630058153,7169200,CRM
2008-06-05,18.133819580078125,18.153445375618677,17.446933580728743,17.81490882482912,6589200,CRM
2008-06-06,17.422401428222656,17.989084610266115,17.402777503143387,17.96455330020279,4429200,CRM
2008-06-09,17.098583221435547,17.626014808609828,16.870438482407554,17.461652972863583,4448400,CRM
2008-06-10,17.50090217590332,17.54996666605797,17.115754818379234,17.142739820059557,5864400,CRM
2008-06-11,17.03480339050293,17.581858941261924,16.806658635393724,17.581858941261924,6658000,CRM
2008-06-12,17.223697662353516,17.27276216059054,17.086320810528317,17.155009236440915,4801600,CRM
2008-06-13,17.856613159179688,18.05041368901263,17.540154208309616,17.63582762698906,6442800,CRM
2008-06-16,17.863969802856445,18.025879793780746,17.675076685063466,17.851703213864468,4144400,CRM
2008-06-17,17.675081253051758,18.0062586536196,17.559782024556323,17.87133362631235,2916800,CRM
2008-06-18,17.424854278564453,17.866425324838964,17.30710324730385,17.650545314829692,3737200,CRM
2008-06-19,18.04305648803711,18.418390998656434,17.380699817868436,17.400325616603624,7182400,CRM
2008-06-20,17.932659149169922,18.34479148120936,17.69960891905795,18.030786251392417,5079600,CRM
2008-06-23,18.258934020996094,18.45028087292737,17.819816615647063,17.984178463165556,5286800,CRM
2008-06-24,17.383155822753906,18.23685759347464,17.319372904190356,18.23685759347464,8974800,CRM
2008-06-25,17.35616683959961,17.60638919879243,17.196710515512702,17.500902880238232,5682800,CRM
2008-06-26,16.468120574951172,17.147649343287206,16.328290035905937,17.132929058595654,10817600,CRM
2008-06-27,16.833641052246094,16.904783155443592,16.31602240647232,16.401882920117984,7128400,CRM
2008-06-30,16.737966537475586,17.140285950561566,16.701168642162624,17.13047305370353,5105200,CRM
2008-07-01,17.201618194580078,17.383152139514056,16.239974720216853,16.529448678061375,7631600,CRM
2008-07-02,17.147645950317383,17.753578790158425,17.123114642844296,17.38805538381993,6079200,CRM
2008-07-03,16.56624412536621,17.29483536132352,16.159019187972543,17.29483536132352,4197600,CRM
2008-07-07,16.47057342529297,16.892518713567014,16.1001444517567,16.585872646114257,4341200,CRM
2008-07-08,16.39206886291504,16.524540162432974,15.491756636233251,16.195814669936166,8998800,CRM
2008-07-09,15.999563217163086,16.723247083775103,15.943139525342445,16.377351342604694,4672400,CRM
2008-07-10,15.921064376831055,16.448495993148562,15.761608045625424,16.07806701541593,6382400,CRM
2008-07-11,15.523650169372559,15.918610452711738,15.126237129257836,15.629136491102011,6191200,CRM
2008-07-14,15.30041217803955,15.938236570600672,15.258708761350128,15.651215359995781,4951200,CRM
2008-07-15,15.55063533782959,15.692919563367502,14.736183451522303,15.040376764439145,8459600,CRM
2008-07-16,16.43622589111328,16.492649579624846,15.427973675525942,15.427973675525942,10014800,CRM
2008-07-17,17.078960418701172,17.167274637781038,16.42641667456872,16.492653274688173,6846400,CRM
2008-07-18,17.353715896606445,17.402780396509492,16.681548156698753,17.142743226071595,5493600,CRM
2008-07-21,17.020084381103516,17.412592884565225,16.872894628115002,17.280121545389786,4720800,CRM
2008-07-22,16.112411499023438,16.492653382071907,15.820483835629851,16.473027584011017,11070000,CRM
2008-07-23,15.845014572143555,16.696264348034045,15.791046436864098,16.019191184086566,7498400,CRM
2008-07-24,15.565353393554688,15.967671918078505,15.47949193967756,15.967671918078505,4163600,CRM
2008-07-25,15.63895034790039,15.901439322012148,15.393633479698032,15.567808231527406,4079200,CRM
2008-07-28,15.369101524353027,16.055987603617513,15.342116520249945,15.638949693764756,3890400,CRM
2008-07-29,15.631589889526367,15.808218319946622,15.47949276963803,15.481946462176928,6876800,CRM
2008-07-30,15.928424835205078,15.94314324884846,15.462322396432647,15.73217058573693,4267600,CRM
2008-07-31,15.648762702941895,15.84746876035646,15.526104273106908,15.76160823379579,4683600,CRM
2008-08-01,15.771421432495117,15.795952744604483,15.403446135997198,15.732169835824818,4344000,CRM
2008-08-04,15.95786190032959,15.987298724602578,15.504025164660762,15.764061363516568,5245200,CRM
2008-08-05,16.73305892944336,16.833639717179004,15.967669829321428,15.984843802307328,6574000,CRM
2008-08-06,16.81892204284668,16.877799432332164,16.411697059476385,16.644747310094793,4924000,CRM
2008-08-07,16.588327407836914,17.010270851686453,16.50001318498908,16.806659272205398,3806000,CRM
2008-08-08,17.071598052978516,17.211430448989407,16.441133846984187,16.59568465452508,8310400,CRM
2008-08-11,17.277666091918945,17.594125057987036,16.998005028253015,17.137835560085982,6158000,CRM
2008-08-12,17.25067901611328,17.417494531562006,17.054424807955186,17.196709015288864,5032400,CRM
2008-08-13,16.96365737915039,17.19916128651036,16.821373183572906,17.135378393386194,7038400,CRM
2008-08-14,16.490198135375977,16.76004628261584,16.323382610817326,16.698717073169554,8932000,CRM
2008-08-15,16.266958236694336,16.799297174933432,16.095237206048733,16.625120580340067,5223200,CRM
2008-08-18,15.857282638549805,16.340557181401675,15.678201432229324,16.269415063109953,5611600,CRM
2008-08-19,16.0633487701416,16.203179305074922,15.761608209696485,15.793498727621943,5137600,CRM
2008-08-20,16.01919174194336,16.433775963555835,15.88426671999843,16.433775963555835,12539600,CRM
2008-08-21,13.063122749328613,14.343677053510588,12.93555787027746,14.343677053510588,56010400,CRM
2008-08-22,13.730384826660156,13.921731676231241,13.198046758763038,13.33051808653204,23180800,CRM
2008-08-25,13.867761611938477,14.09099991413765,13.509599225695329,13.509599225695329,11970400,CRM
2008-08-26,13.8751220703125,14.27989433167232,13.588100854764678,14.216112359222562,16361200,CRM
2008-08-27,13.985513687133789,14.19157988564436,13.791714080192177,13.86040250109252,9659600,CRM
2008-08-28,14.154781341552734,14.17685989378399,13.899651612615894,13.990418578095742,4914800,CRM
2008-08-29,13.74264907836914,13.978153013136335,13.644521970978085,13.89965170154727,5167600,CRM
2008-09-02,13.529223442077637,14.098358408322381,13.467894235061525,13.860400785640856,6189600,CRM
2008-09-03,13.242202758789062,13.715664329415146,13.065574336558969,13.465441043192335,7792800,CRM
2008-09-04,13.222578048706055,13.323157915661369,12.857055545394603,13.104825142008119,9488400,CRM
2008-09-05,13.357502937316895,13.411472009047845,12.825164875529062,12.94046409679845,7794000,CRM
2008-09-08,13.45562744140625,13.750007817791033,12.849695521606188,13.68377216291875,13206800,CRM
2008-09-09,12.781006813049316,13.696039437116381,12.68778708892039,13.4433624590578,11921200,CRM
2008-09-10,13.759821891784668,14.01249794301172,13.418831626510627,13.480160837842204,22670000,CRM
2008-09-11,14.228377342224121,14.252908652973113,13.318252050617518,13.455628888107107,15580400,CRM
2008-09-12,14.032124519348145,14.201392815135177,13.899653190918528,14.11553228882499,87332400,CRM
2008-09-15,13.44336223602295,14.032123008442415,13.313344614235843,13.313344614235843,13044000,CRM
2008-09-16,13.796619415283203,13.796619415283203,13.038590346540396,13.200499422591797,11338800,CRM
2008-09-17,13.080294609069824,13.615085426826136,12.98707394231894,13.411471988371511,12199600,CRM
2008-09-18,13.568474769592285,13.764728054608309,12.675520685102791,13.126903708544384,14480400,CRM
2008-09-19,13.691132545471191,14.777886171384297,13.494878333880374,14.044388441877677,13615600,CRM
2008-09-22,12.847244262695312,13.676415548085764,12.707413721194001,13.676415548085764,9393600,CRM
2008-09-23,12.812898635864258,13.151436142242106,12.523424685394856,12.677974558973144,9320000,CRM
2008-09-24,12.508706092834473,12.960089116208882,12.413031739082015,12.960089116208882,8067200,CRM
2008-09-25,12.766288757324219,13.161249024995612,12.41057914717119,12.57494098308888,8104000,CRM
2008-09-26,12.425300598144531,12.59947536188018,12.231500034422508,12.371330583991652,9162400,CRM
2008-09-29,10.980380058288574,12.143182155210287,10.83564310223854,12.0376958515225,14679200,CRM
2008-09-30,11.873336791992188,11.873336791992188,10.81847351036985,11.301748040052196,12756400,CRM
2008-10-01,11.385153770446777,11.897865970311118,11.282121153500645,11.71633110869868,7302400,CRM
2008-10-02,10.840550422668457,11.279667774658337,10.823378319366904,11.279667774658337,7515200,CRM
2008-10-03,10.197821617126465,11.267403257764862,9.999114627107465,10.045725428611048,17098000,CRM
2008-10-06,9.910801887512207,10.011381766426537,9.28279036562664,9.729266992593626,17098800,CRM
2008-10-07,8.816685676574707,9.724358046536366,8.676855171927054,9.515839135622317,15734800,CRM
2008-10-08,8.954065322875977,9.263164152402618,8.269631064012536,8.30888172388591,12952000,CRM
2008-10-09,8.333414077758789,9.258258757150136,8.333414077758789,9.15767888145026,9391600,CRM
2008-10-10,7.987517356872559,8.362851855956837,7.364412303323963,7.582744160590232,21575200,CRM
2008-10-13,9.255805015563965,9.255805015563965,8.289256924049022,8.583637343212878,13758000,CRM
2008-10-14,8.80687427520752,10.119318897255011,8.55174455599156,9.854376280574728,15102000,CRM
2008-10-15,7.5851969718933105,8.86329799547716,7.577837297994969,8.86329799547716,11249600,CRM
2008-10-16,7.970343589782715,8.029219100285529,6.962090880376008,7.764276963499447,23329600,CRM
2008-10-17,7.74955940246582,8.272084559950583,7.472351097308802,7.808435390875907,16047200,CRM
2008-10-20,7.8059821128845215,7.9016555349093105,7.379130848898468,7.9016555349093105,8548000,CRM
2008-10-21,7.357051849365234,7.820700519289641,7.3104415195507215,7.631806911334528,13588000,CRM
2008-10-22,6.753573417663574,7.268738456465701,6.618648862054383,7.268738456465701,15887600,CRM
2008-10-23,6.675070762634277,7.028327131119452,6.302189534243801,6.876230957567938,14671600,CRM
2008-10-24,6.545053482055664,6.756026117924021,5.985730908497689,6.1304678840950855,12704800,CRM
2008-10-27,6.2089691162109375,6.589210500596517,6.181984581869581,6.446926751498006,7949600,CRM
2008-10-28,7.008702278137207,7.008702278137207,6.044606989856355,6.454286145062334,11873200,CRM
2008-10-29,7.3742241859436035,7.577837147369604,6.773198200001671,6.9203879318047585,12514400,CRM
2008-10-30,7.4870710372924805,7.808436008236669,7.290817259170955,7.661245791621725,11435600,CRM
2008-10-31,7.5950093269348145,7.837873416210821,7.143626760804681,7.487070251595201,9841200,CRM
2008-11-03,7.504242420196533,7.776544271294744,7.268738002729356,7.268738002729356,4764000,CRM
2008-11-04,7.7348408699035645,7.8869375310593055,7.580290983965739,7.710309089987505,7015600,CRM
2008-11-05,7.310441970825195,7.739746459968734,7.204956117961354,7.739746459968734,9453600,CRM
2008-11-06,6.954732894897461,7.408569167753036,6.886044007426397,7.1166419808819725,6859200,CRM
2008-11-07,7.006248950958252,7.082297509677793,6.817355336218587,7.023421055215971,5676400,CRM
2008-11-10,6.947373390197754,7.273644794805473,6.805089630321563,7.234394134695129,7584400,CRM
2008-11-11,6.567131996154785,6.792823510319202,6.309549030389506,6.778104162855075,11071600,CRM
2008-11-12,5.9685587882995605,6.478817804461824,5.95138668410591,6.478817804461824,9790400,CRM
2008-11-13,6.716774940490723,6.716774940490723,5.833634681982972,5.985730862277304,13722800,CRM
2008-11-14,6.476363658905029,6.849245320587708,6.4174876809400825,6.469004454099836,10644400,CRM
2008-11-17,6.277657985687256,6.5278812752888085,6.20160989614728,6.385597526518174,8112000,CRM
2008-11-18,5.8385419845581055,6.446928247134939,5.625116545349677,6.206517331515251,16338000,CRM
2008-11-19,5.387156963348389,5.926854136551875,5.377344534185341,5.79928928209946,17593200,CRM
2008-11-20,5.600583553314209,6.140280799541674,5.311109601314281,5.3233757243086215,19470400,CRM
2008-11-21,5.4754719734191895,6.373331599818317,5.107496701357096,6.262939298942542,34756800,CRM
2008-11-24,6.522974967956543,6.6971497038990115,5.573598568730257,5.708523114677631,21225200,CRM
2008-11-25,6.370878219604492,6.768291709604309,6.076498289886797,6.726587827739543,12973600,CRM
2008-11-26,7.087203502655029,7.168158042792661,6.270298427482658,6.30954908525213,12836000,CRM
2008-11-28,7.020967960357666,7.173064134661465,6.763385005184238,7.170610910184988,3034000,CRM
2008-12-01,6.611289024353027,6.736400200981549,6.410128822537657,6.692243562826933,15209200,CRM
2008-12-02,7.13136100769043,7.143627131368547,6.26293957118511,6.42730188523367,21122400,CRM
2008-12-03,7.783902645111084,7.862403953239418,6.775650825468831,6.824713909096687,21466800,CRM
2008-12-04,7.033233642578125,7.911467888718083,6.87623101870207,7.636712829030259,12506400,CRM
2008-12-05,7.644073486328125,7.705402702661249,6.915482564736342,6.986624212372275,11990800,CRM
2008-12-08,8.546839714050293,8.554198920627348,7.953172407182025,7.955626099914101,15876000,CRM
2008-12-09,8.178862571716309,8.941798008837022,8.0954548179775,8.372663078316688,15295600,CRM
2008-12-10,8.48305606842041,8.539478824614413,8.014500044747464,8.223019902830766,8227600,CRM
2008-12-11,7.729934215545654,8.492869322179198,7.656338877747281,8.492869322179198,7135600,CRM
2008-12-12,7.837873935699463,7.8599524907333596,7.369318766255265,7.604822729410455,6966800,CRM
2008-12-15,7.484617233276367,7.874670598662168,7.310442024519783,7.874670598662168,5571200,CRM
2008-12-16,8.02676773071289,8.02676773071289,7.536133556741266,7.648979552447122,6813200,CRM
2008-12-17,8.13961410522461,8.28680385803204,7.874671427199683,7.948267239413024,5984400,CRM
2008-12-18,7.886937618255615,8.281896986537317,7.722574831372293,8.159238553505718,8776800,CRM
2008-12-19,7.923734188079834,8.262271708243766,7.798623004437474,8.021861303892708,8856000,CRM
2008-12-22,7.626900672912598,7.93354672612425,7.408568832755419,7.931093969454731,4957200,CRM
2008-12-23,7.747106552124023,7.962985186725316,7.6955902352402825,7.869765452119376,5270000,CRM
2008-12-24,7.73974609375,7.793716097861984,7.658791555486762,7.737293337112853,968400,CRM
2008-12-26,7.707855701446533,7.759372017061452,7.501789503177313,7.759372017061452,1626400,CRM
2008-12-29,7.587650299072266,7.705402275608605,7.43064766369048,7.636713388676693,2692400,CRM
2008-12-30,7.5950093269348145,7.685776765825365,7.5066955805573805,7.653885781726104,4298800,CRM
2008-12-31,7.852591514587402,7.977703625096035,7.563118040926802,7.5680244899476765,5367600,CRM
2009-01-02,8.345680236816406,8.389837349377045,7.7642790346093475,7.874671348106135,4069200,CRM
2009-01-05,8.181315422058105,8.424179481143112,8.097907667361268,8.225472523709925,7444800,CRM
2009-01-06,8.487963676452637,8.642513572929888,8.12980125612979,8.37266537916547,5938800,CRM
2009-01-07,7.850139141082764,8.328507182154397,7.786356704412896,8.279443625360727,5647600,CRM
2009-01-08,8.073378562927246,8.095457119777207,7.715216139192023,7.921282357855101,4781200,CRM
2009-01-09,7.7348408699035645,8.04394017387443,7.536133873697789,8.00714227004795,6386000,CRM
2009-01-12,7.5680251121521,7.725027750490175,7.474804444710289,7.702949195985787,3714000,CRM
2009-01-13,7.26873779296875,7.658791607592033,7.109281939899329,7.418381215708614,11997600,CRM
2009-01-14,6.834527969360352,7.204956489530553,6.694697431978542,7.204956489530553,11250400,CRM
2009-01-15,6.7928242683410645,7.050406794945635,6.6407276029055975,6.903216579212396,11600000,CRM
2009-01-16,6.900763034820557,6.974358373231733,6.4469272201897905,6.964545474281666,13016800,CRM
2009-01-20,6.39540958404541,6.957185340626795,6.353705704876029,6.8394329084454935,11439200,CRM
2009-01-21,6.763386249542236,6.787918030915752,6.336534938100383,6.645634260435134,9241200,CRM
2009-01-22,6.4959893226623535,6.606382079527097,6.385597033702315,6.5867567525183315,7372400,CRM
2009-01-23,6.645633220672607,6.763385191356471,6.356159275146222,6.356159275146222,6079200,CRM
2009-01-26,6.746212959289551,7.006248673252478,6.606382438270852,6.672618095986466,9273600,CRM
2009-01-27,6.721681118011475,6.832073879816305,6.549959615976401,6.751119343794338,7326000,CRM
2009-01-28,7.209861755371094,7.342333073151973,6.893403276069112,6.895856500610025,12048000,CRM
2009-01-29,6.770744800567627,7.148532486560045,6.729040919525795,7.148532486560045,8058400,CRM
2009-01-30,6.527881145477295,6.888496725387444,6.500896143829996,6.829620740988118,6169200,CRM
2009-02-02,6.53524112701416,6.589211136716602,6.365972827233191,6.500896915679723,9271200,CRM
2009-02-03,7.3595051765441895,7.408568731549713,6.670164989354544,6.670164989354544,18879200,CRM
2009-02-04,7.1951422691345215,7.440459087676994,7.097015635298472,7.364411004942143,9054800,CRM
2009-02-05,7.536133289337158,7.6391663826714735,6.996436512556494,7.062672172822428,10538000,CRM
2009-02-06,7.124001502990723,7.359505452888884,6.785463990131171,7.342333348363571,29706400,CRM
2009-02-09,7.094562530517578,7.3496917827905826,7.052858651946402,7.0651243059183395,9272400,CRM
2009-02-10,6.586757659912109,7.136267359762859,6.498443442254121,7.092110250933865,21502000,CRM
2009-02-11,6.6799774169921875,6.868871495413187,6.503349461270126,6.6652585376582,13372000,CRM
2009-02-12,6.643180847167969,6.657899728412862,6.434661413261989,6.603930185245055,9430000,CRM
2009-02-13,6.5892109870910645,6.70205651771592,6.503349992799889,6.626008422385918,11282400,CRM
2009-02-17,6.363519668579102,6.522975538738226,6.289924327648496,6.522975538738226,10872000,CRM
2009-02-18,6.321815490722656,6.471458454690974,6.3070961424728385,6.471458454690974,12310800,CRM
2009-02-19,6.3610663414001465,6.495990429077973,6.299737125563901,6.4493805619338715,14269200,CRM
2009-02-20,6.390503406524658,6.422394857310589,6.179531245215407,6.267844988219735,16829200,CRM
2009-02-23,6.378238201141357,6.527881631743814,6.258032998883803,6.513162283618979,16053600,CRM
2009-02-24,6.738853454589844,6.814902012199897,6.240860566762305,6.312002207349921,14177600,CRM
2009-02-25,6.89340353012085,6.92284128988724,6.652993131108058,6.738853653680659,28096000,CRM
2009-02-26,7.003795623779297,7.035687075137734,6.402769644038572,6.917935103748294,32952800,CRM
2009-02-27,6.868871688842773,7.192689850737744,6.768291819402813,6.8566060337031685,15602000,CRM
2009-03-02,6.70205545425415,6.859058069482043,6.630913819693275,6.751119005465218,9213600,CRM
2009-03-03,6.908122539520264,7.040593864666909,6.721681675186891,6.758479109537149,10670800,CRM
2009-03-04,7.364412307739258,7.509149293716305,7.023421551467253,7.04795333124222,12776800,CRM
2009-03-05,7.391396522521973,7.597462715010977,7.20495612732217,7.231940662785299,11576800,CRM
2009-03-06,7.376677513122559,7.531227388731927,7.0847503342307805,7.411021721966972,11433600,CRM
2009-03-09,7.577836990356445,7.732386860614052,7.285910289478277,7.298175944239474,12861200,CRM
2009-03-10,7.970343589782715,7.992422140173612,7.62199323203849,7.702947760836885,17008000,CRM
2009-03-11,8.176410675048828,8.306428299973414,8.007141457593605,8.04639211431477,15950000,CRM
2009-03-12,8.306427955627441,8.333412956468846,7.877123506120018,8.274536505923106,11796400,CRM
2009-03-13,8.043939590454102,8.311334989545134,7.86976485470192,8.306428540336826,13770400,CRM
2009-03-16,7.916374206542969,8.132253278700889,7.793715791695652,8.066017622386205,10555600,CRM
2009-03-17,8.330960273742676,8.330960273742676,7.891842873293757,8.016954994936969,7601200,CRM
2009-03-18,8.581182479858398,8.689121546641918,8.20584803472056,8.232833035368797,12249600,CRM
2009-03-19,8.718560218811035,8.83876493947262,8.608167459972236,8.706294564675485,9396800,CRM
2009-03-20,8.527213096618652,8.83140639532491,8.436446126248915,8.782342839300094,16111600,CRM
2009-03-23,9.084083557128906,9.084083557128906,8.586090601689964,8.799516020333852,9961600,CRM
2009-03-24,8.566462516784668,8.97123562575491,8.46588266257761,8.963876420947605,12135200,CRM
2009-03-25,8.370208740234375,8.370208740234375,7.852590155722628,8.203393245629377,14339600,CRM
2009-03-26,8.760265350341797,8.801969705563721,8.402102938716368,8.45116650070291,9382800,CRM
2009-03-27,8.36039924621582,8.647419530375869,8.257365675828659,8.632700181517823,7468800,CRM
2009-03-30,7.989969730377197,8.274537238971241,7.918827619276306,8.245099478995172,6936000,CRM
2009-03-31,8.029218673706055,8.223019168417691,7.916373171396488,8.009593816517542,8236000,CRM
2009-04-01,8.01940631866455,8.070923560857555,7.359504425410763,7.668603667426577,13760000,CRM
2009-04-02,8.377570152282715,8.57627618645828,8.139612526773321,8.139612526773321,9072000,CRM
2009-04-03,9.142958641052246,9.145411397669774,8.372663921442049,8.372663921442049,14236000,CRM
2009-04-06,8.949161529541016,9.09389855624656,8.752908171925828,8.988412201064053,6131600,CRM
2009-04-07,8.983503341674805,9.20428889468054,8.88782991397551,9.00803558968076,8107200,CRM
2009-04-08,9.169944763183594,9.285243054482724,9.042379879869815,9.106161853621913,6921200,CRM
2009-04-09,9.174851417541504,9.196929973527086,8.770078203075705,8.91972164522136,9401600,CRM
2009-04-13,9.383368492126465,9.552636763328337,9.285241388473272,9.469229005965948,10804000,CRM
2009-04-14,9.302414894104004,9.562451102933474,9.241085679024279,9.287696481402985,8170800,CRM
2009-04-15,9.165038108825684,9.238632980221825,9.010488223827096,9.231273773825079,3706800,CRM
2009-04-16,9.277883529663086,9.341666437036828,8.961424557056079,9.28033722230568,5596800,CRM
2009-04-17,9.402996063232422,9.515841598681432,9.258259072701007,9.263164586581754,5581600,CRM
2009-04-20,9.066909790039062,9.199381102509465,8.858390859372623,9.199381102509465,8122000,CRM
2009-04-21,9.515840530395508,9.528106185339567,9.015393947878197,9.020300397017717,8006800,CRM
2009-04-22,9.812673568725586,9.996661198139192,9.366196996213331,9.486401723376913,9872800,CRM
2009-04-23,9.636045455932617,9.73171887658504,9.334305846255935,9.717000464675133,10166000,CRM
2009-04-24,9.854377746582031,9.93042630952995,9.606608131509049,9.719453661708247,8279200,CRM
2009-04-27,9.972129821777344,10.09478824056521,9.582076012599549,9.68756232762187,7833600,CRM
2009-04-28,9.954957008361816,10.035911072369986,9.773422149740519,9.8494707008592,4861600,CRM
2009-04-29,10.173290252685547,10.29104223051497,9.932879847640951,9.984396162477037,5509200,CRM
2009-04-30,10.50201416015625,10.56824981864076,10.22480587149355,10.295947979029817,10798400,CRM
2009-05-01,10.158570289611816,10.487294892082573,10.097241079716596,10.342557919297477,5610400,CRM
2009-05-04,10.703174591064453,10.703174591064453,10.295948651274678,10.295948651274678,8832000,CRM
2009-05-05,11.014725685119629,11.039256993002537,10.578061105490463,10.698266760059298,11621600,CRM
2009-05-06,10.76205062866211,11.159464624599456,10.678642856950397,11.066243953672348,8181600,CRM
2009-05-07,10.10214900970459,10.874897541987286,10.050632690434975,10.874897541987286,10184400,CRM
2009-05-08,10.067805290222168,10.369544949628768,9.972131853801741,10.241980055798312,6892400,CRM
2009-05-11,10.124224662780762,10.283680024673258,9.859282063979425,9.86909496078155,6630800,CRM
2009-05-12,10.026100158691406,10.251792164447716,9.903441724378732,10.237072815438742,5507200,CRM
2009-05-13,9.569809913635254,9.920613084252636,9.48640214714281,9.888722567512524,6796800,CRM
2009-05-14,9.75625228881836,9.849472963897053,9.501122512713314,9.606608844452715,6876800,CRM
2009-05-15,9.861738204956055,10.05308506106613,9.739079771898915,9.812674644571283,5811200,CRM
2009-05-18,9.910801887512207,10.170837169880695,9.756251997928377,9.942692406717285,7121200,CRM
2009-05-19,10.062897682189941,10.178196905536117,9.785689369115513,9.893629386140717,9710800,CRM
2009-05-20,9.87890911102295,10.3155727802188,9.820032658549273,10.134038845393105,7206000,CRM
2009-05-21,9.726814270019531,9.913254679467062,9.621327941052641,9.854378218909655,14368400,CRM
2009-05-22,8.868204116821289,9.147865163950614,8.610620686856354,8.900094632153948,36521200,CRM
2009-05-26,9.199381828308105,9.317133803413308,8.617981158785696,8.944252081008743,11081200,CRM
2009-05-27,8.954065322875977,9.253352189291435,8.907455456716827,9.165037970623953,9228000,CRM
2009-05-28,9.265618324279785,9.361291754181524,8.905002224672065,8.973691584860429,11794400,CRM
2009-05-29,9.309774398803711,9.322040053817888,9.057097413626087,9.209194530392265,8586400,CRM
2009-06-01,9.75870418548584,9.793048395431837,9.410354700822689,9.410354700822689,8040800,CRM
2009-06-02,9.63113784790039,9.802859807394402,9.577168784374964,9.734171397920555,6464000,CRM
2009-06-03,9.636045455932617,9.645858354412226,9.402995199803692,9.577169936673975,9511200,CRM
2009-06-04,9.63359260559082,9.84211154930368,9.520747081600554,9.670389570817473,12475600,CRM
2009-06-05,9.599248886108398,9.812674289886763,9.584529537782133,9.736625727248706,11769200,CRM
2009-06-08,9.496214866638184,9.653217498060531,9.422620000135145,9.55999777053445,9966400,CRM
2009-06-09,9.709640502929688,9.802860223801309,9.498667881087561,9.569809050003391,8357600,CRM
2009-06-10,9.805313110351562,9.86173586386643,9.660576156271036,9.81021955880625,15254000,CRM
2009-06-11,10.205181121826172,10.24197902558323,9.812674515528844,9.812674515528844,10732000,CRM
2009-06-12,10.205181121826172,10.205181121826172,9.913254391880633,10.195369158525914,4568800,CRM
2009-06-15,9.967222213745117,10.107052720039107,9.847016565554293,10.05798917106715,5311600,CRM
2009-06-16,9.802860260009766,10.10214709078052,9.780781707972425,10.092334193028494,7053600,CRM
2009-06-17,9.935333251953125,10.092335899291491,9.766064948255748,9.849472721630454,5196400,CRM
2009-06-18,9.851924896240234,10.026099639347827,9.692468565569627,10.026099639347827,4914000,CRM
2009-06-19,9.790595054626465,9.991754788719067,9.73907874278044,9.871550061078343,6207200,CRM
2009-06-22,9.15031909942627,9.618874285516231,9.15031909942627,9.618874285516231,8435600,CRM
2009-06-23,9.275430679321289,9.30732119687711,8.924627499730931,9.194475667503726,9307600,CRM
2009-06-24,9.62623119354248,9.690013146803329,9.32203796401333,9.380914405015814,8736800,CRM
2009-06-25,9.75870418548584,9.766064327481079,9.3907289032481,9.567357338181266,5727600,CRM
2009-06-26,9.545278549194336,9.748891982883036,9.447151435352396,9.712094081239929,5053600,CRM
2009-06-29,9.545278549194336,9.579622758296162,9.41280722625057,9.567357103018297,4187200,CRM
2009-06-30,9.363744735717773,9.604156098428778,9.309775659187009,9.555092535920213,7286000,CRM
2009-07-01,9.545278549194336,9.643405663036278,9.322040254222957,9.447151435352396,4898400,CRM
2009-07-02,9.361291885375977,9.508481635624591,9.268071211120063,9.410355447395386,5680400,CRM
2009-07-06,9.096349716186523,9.312227881534117,9.027660358294503,9.23127380348116,9790800,CRM
2009-07-07,8.725920677185059,9.184662945558527,8.706295814911906,9.049738859073337,10483200,CRM
2009-07-08,8.954065322875977,8.985956776463578,8.65232569963511,8.716107671000765,10574800,CRM
2009-07-09,9.03256607055664,9.150318042719096,8.94179910081236,9.037472519706263,5000800,CRM
2009-07-10,9.140507698059082,9.18711851009769,8.929535940541815,8.929535940541815,3561200,CRM
2009-07-13,9.37601089477539,9.378463651673107,9.145412442387943,9.20183520913116,6672400,CRM
2009-07-14,9.356383323669434,9.385821079912542,9.255803465346865,9.361289772344852,4404800,CRM
2009-07-15,9.739080429077148,9.783237542822139,9.427527875791771,9.550186317125716,5564400,CRM
2009-07-16,9.832298278808594,9.881360892584349,9.604153568675713,9.64095052900753,5177600,CRM
2009-07-17,10.018741607666016,10.062898721772758,9.797956037132307,9.829847494167097,4442800,CRM
2009-07-20,10.237071990966797,10.259150544797302,10.038365006492247,10.119320015807272,4948800,CRM
2009-07-21,10.256698608398438,10.303308476519813,10.1315864814159,10.23707280973075,3793200,CRM
2009-07-22,10.418606758117676,10.443138068415157,10.102147801908853,10.244431086091348,5087200,CRM
2009-07-23,10.835643768310547,10.86998891007192,10.369542359833599,10.438230771737492,6143200,CRM
2009-07-24,11.071150779724121,11.083416436255638,10.698269019146442,10.700721776128903,7548800,CRM
2009-07-27,10.926411628723145,11.071148593152289,10.869988871174078,11.051522797930305,4354000,CRM
2009-07-28,10.686001777648926,10.803753747343608,10.551076768385725,10.595233873997415,6452000,CRM
2009-07-29,10.595233917236328,10.68600182125826,10.484842088566067,10.602594058741293,4247200,CRM
2009-07-30,10.727705955505371,10.916600046128789,10.629579775003418,10.629579775003418,6530400,CRM
2009-07-31,10.632030487060547,10.83319019458378,10.607499180605268,10.747329686180946,4262400,CRM
2009-08-03,10.955850601196289,10.96566349989593,10.678642295693347,10.781675860420526,4036000,CRM
2009-08-04,11.159463882446289,11.262496509927097,10.803754263925832,10.850364128384838,5372400,CRM
2009-08-05,11.063790321350098,11.26004456349087,10.95339847990789,11.213433759868126,6175600,CRM
2009-08-06,11.130023956298828,11.169274610401212,11.007365545252702,11.05152264809406,5321200,CRM
2009-08-07,11.463655471801758,11.586313888066458,11.26004298742327,11.28457429635243,9013200,CRM
2009-08-10,11.23305892944336,11.571595512980693,11.22324603072385,11.478375782573934,5284400,CRM
2009-08-11,10.98774242401123,11.284575601097993,10.95339821321568,11.233059284904666,3484800,CRM
2009-08-12,11.802194595336914,11.897868023528538,11.088322551357585,11.090775308266014,17748000,CRM
2009-08-13,11.772758483886719,11.883150340624628,11.605942916439139,11.794837042396242,9337200,CRM
2009-08-14,11.559329986572266,11.851257643975785,11.48328236017064,11.780115531179169,4784400,CRM
2009-08-17,11.024538040161133,11.429311185337975,11.002459487954951,11.429311185337975,6581600,CRM
2009-08-18,10.867536544799805,11.100587745401072,10.732612461023136,11.080961947712336,10066800,CRM
2009-08-19,11.049071311950684,11.090774727878685,10.641845372362381,10.735065102957748,8926400,CRM
2009-08-20,11.32873249053955,11.439125262955978,11.076056428193818,11.098134982677102,16437200,CRM
2009-08-21,13.166154861450195,13.232390523102143,12.594567088824109,12.67061564904883,38198800,CRM
2009-08-24,12.947821617126465,13.492425263588505,12.805538346422244,13.296171992370917,17554000,CRM
2009-08-25,12.830071449279785,12.999340679730299,12.606833146575228,12.606833146575228,12275600,CRM
2009-08-26,12.969902038574219,13.001793492185499,12.727038872867874,12.83988440311142,5698800,CRM
2009-08-27,12.92329216003418,12.962542819899198,12.69514740712827,12.945370714696349,7769200,CRM
2009-08-28,12.817805290222168,13.104825552795518,12.744210423086145,12.947822920022796,7386000,CRM
2009-08-31,12.72458553314209,12.749117781142523,12.579848545273046,12.707413427446575,6858000,CRM
2009-09-01,12.545504570007324,12.974809092094526,12.452283897470274,12.63381879285194,9772800,CRM
2009-09-02,12.648537635803223,12.702506708641254,12.479268403521083,12.486628545670015,5473200,CRM
2009-09-03,12.842336654663086,12.869321657748646,12.572488495426517,12.771195479757854,6490800,CRM
2009-09-04,12.952727317810059,13.011603763679686,12.803083914708726,12.830068913406915,5768400,CRM
2009-09-08,13.357502937316895,13.357502937316895,12.979714756152566,13.021419108109178,7606800,CRM
2009-09-09,13.610179901123047,13.715666230597957,13.256923943506118,13.399207242173226,8786400,CRM
2009-09-10,13.840774536132812,13.840774536132812,13.492425100898137,13.664147062071448,8985200,CRM
2009-09-11,14.20875072479248,14.48350625553073,13.916824026168738,13.916824026168738,13307600,CRM
2009-09-14,14.098359107971191,14.208750937430976,13.938902787492312,14.11307751946744,6185600,CRM
2009-09-15,13.916824340820312,14.167047632073555,13.865308028570684,14.014951451989639,11738800,CRM
2009-09-16,14.068921089172363,14.088546886522742,13.848136483837736,14.014952018077867,8409600,CRM
2009-09-17,14.360847473144531,14.436895091634254,13.995324984170407,14.064014333018164,11329200,CRM
2009-09-18,14.270081520080566,14.490867071855696,14.248003900712623,14.429537855897001,8385600,CRM
2009-09-21,14.002685546875,14.397644869541983,13.887386333682391,14.203845278949675,6847200,CRM
2009-09-22,13.951168060302734,14.17195358479526,13.926636751274433,14.071373720484099,5684000,CRM
2009-09-23,14.115531921386719,14.427084436445877,13.960982042241886,14.046842566317055,6104000,CRM
2009-09-24,13.762274742126465,14.20629857207983,13.747556330224816,14.18422001841785,4341600,CRM
2009-09-25,13.507146835327148,13.799073565873744,13.428645513906055,13.76227566204092,7042400,CRM
2009-09-28,14.098359107971191,14.098359107971191,13.553755423182473,13.57828673288254,7802800,CRM
2009-09-29,14.02231216430664,14.181768503135904,13.929091492261398,14.081188624495633,4662400,CRM
2009-09-30,13.965888023376465,14.159688555002612,13.737743283271659,14.01495157940719,7105600,CRM
2009-10-01,13.382035255432129,13.970796125855435,13.382035255432129,13.889841108453147,6195600,CRM
2009-10-02,13.372220993041992,13.49242666050082,13.261829159921867,13.36976823631445,5442800,CRM
2009-10-05,13.840774536132812,13.902103741136894,13.3182503832808,13.41637654980169,6024000,CRM
2009-10-06,14.368208885192871,14.47124245638316,13.897200947778934,13.975702270681257,10616400,CRM
2009-10-07,14.336316108703613,14.571820991509716,14.140062819539777,14.365754803935312,4888000,CRM
2009-10-08,14.807324409484863,14.98395283132666,14.456521258220997,14.456521258220997,9443600,CRM
2009-10-09,14.956968307495117,14.959421064183754,14.716557912200404,14.839216334441145,4623600,CRM
2009-10-12,15.079626083374023,15.283238568945222,14.961874115367282,14.99867107897657,6277200,CRM
2009-10-13,14.996217727661133,15.158126794225463,14.910356277692378,15.040374830888624,4379600,CRM
2009-10-14,15.329851150512695,15.366648118404672,15.128690462303048,15.310225352322655,5788800,CRM
2009-10-15,15.450055122375488,15.450055122375488,15.089439052910588,15.209644721335394,4492800,CRM
2009-10-16,15.297959327697754,15.391179995234815,15.060001677330598,15.091893130716088,4043200,CRM
2009-10-19,15.423070907592773,15.545729339035589,15.270974714630363,15.28324037061273,2712400,CRM
2009-10-20,15.246440887451172,15.46967915841696,15.109063130007067,15.46967915841696,3811200,CRM
2009-10-21,15.575167655944824,15.945595698098295,15.234176438782399,15.332303555863744,8800400,CRM
2009-10-22,15.374007225036621,15.577620668793694,15.158129061204725,15.577620668793694,4088800,CRM
2009-10-23,15.484399795532227,15.737076795306129,15.420617824288342,15.474587832439775,5745600,CRM
2009-10-26,15.067361831665039,15.580074131666361,14.947157088417566,15.548183612083742,5556400,CRM
2009-10-27,14.562006950378418,15.16303336162369,14.297064328940891,15.08453205211837,11323600,CRM
2009-10-28,14.20875072479248,14.520303219530152,14.196485070126005,14.4246298029984,6473600,CRM
2009-10-29,14.635602951049805,14.76562057958097,14.257814784748142,14.363301103076651,5348800,CRM
2009-10-30,13.921730995178223,14.719010743800764,13.87266743887032,14.719010743800764,6575200,CRM
2009-11-02,14.181767463684082,14.397645618331907,13.779447042801458,13.960981923919807,7226400,CRM
2009-11-03,14.373112678527832,14.407456883974183,13.90455758463247,13.990418098248343,5316000,CRM
2009-11-04,14.414817810058594,14.684666908712387,14.32895728619256,14.414817810058594,4858000,CRM
2009-11-05,14.873559951782227,14.95451402062262,14.544835355809974,14.598804423100418,4958800,CRM
2009-11-06,14.966780662536621,15.16058119935335,14.723917504184612,14.745996058199296,4342800,CRM
2009-11-09,15.575167655944824,15.619323829240933,15.302865795063157,15.329850799051005,6860000,CRM
2009-11-10,15.61932373046875,15.935782698454872,15.479493197788285,15.538369654826683,6348000,CRM
2009-11-11,15.584980964660645,15.872001262820051,15.418165412704713,15.849923642170518,7156000,CRM
2009-11-12,15.430429458618164,15.798404715000382,15.391178802036439,15.634041947195401,5544800,CRM
2009-11-13,16.22280502319336,16.227712409027976,15.535918864272709,15.852377872310235,9561600,CRM
2009-11-16,16.399433135986328,16.612859496440468,16.257148895683567,16.26941548839284,9481200,CRM
2009-11-17,16.09524154663086,16.490201895247942,15.822939644873259,16.487748202257333,16605200,CRM
2009-11-18,15.604605674743652,15.820483838596559,15.155675370017008,15.634043436030948,24278000,CRM
2009-11-19,15.351927757263184,15.543274586284477,15.172845646839805,15.543274586284477,6750400,CRM
2009-11-20,15.347021102905273,15.388724514493957,15.148314135251868,15.226815445379511,5699200,CRM
2009-11-23,15.82293701171875,15.881812532360183,15.45741448914921,15.518743702372927,7001200,CRM
2009-11-24,16.05353546142578,16.07070756627336,15.722356212535406,15.967673065568835,7437600,CRM
2009-11-25,15.967674255371094,16.08052166319986,15.840110305800899,15.984848233117416,3604800,CRM
2009-11-27,15.516289710998535,15.73707523536024,15.050187353261359,15.187565116843027,4867200,CRM
2009-11-30,15.376459121704102,15.440241086338789,15.192471497499739,15.415709777435321,5756000,CRM
2009-12-01,15.778779029846191,15.835202726400874,15.302864698467403,15.374005870653416,4322400,CRM
2009-12-02,15.876906394958496,16.004470329939032,15.722355585871348,15.734622176681718,3537200,CRM
2009-12-03,15.869547843933105,16.119770210866154,15.8499220464743,15.943141776975033,3770800,CRM
2009-12-04,16.17864418029785,16.29639708214062,15.859733424457518,16.11976866518591,5850000,CRM
2009-12-07,16.159019470214844,16.25223918724192,16.048625779179286,16.22280049530868,3655600,CRM
2009-12-08,15.734623908996582,16.014284991367887,15.700279696889172,15.970127879855617,6942400,CRM
2009-12-09,15.643856048583984,15.78123382509155,15.43533615910949,15.739530408682375,4596400,CRM
2009-12-10,15.869547843933105,15.943141776975033,15.702732308771385,15.74934123821222,3988000,CRM
2009-12-11,15.518742561340332,15.91860926418499,15.268520213297828,15.91860926418499,6979200,CRM
2009-12-14,15.925970077514648,15.967673494461915,15.4377900509189,15.690466116871185,5395200,CRM
2009-12-15,15.962769508361816,16.026552422020856,15.724811832297078,15.88672187351942,3513200,CRM
2009-12-16,16.136943817138672,16.2350709419435,15.92842484669043,16.014285379037442,5834800,CRM
2009-12-17,15.916156768798828,16.08542599649901,15.849922041918227,16.070707584218663,4096400,CRM
2009-12-18,16.652109146118164,16.66437573876992,16.004472732433754,16.06825564530822,13851200,CRM
2009-12-21,17.103492736816406,17.13783694941088,16.539263178559974,16.674188207766274,8674000,CRM
2009-12-22,17.491092681884766,17.601484519071025,16.848361841691215,16.917050262306585,10318000,CRM
2009-12-23,17.81000328063965,17.883599085712746,17.370885886040064,17.493544313415843,7430400,CRM
2009-12-24,17.824724197387695,17.8909589270095,17.70451758672647,17.8909589270095,3073200,CRM
2009-12-28,18.060224533081055,18.097020557911755,17.763391412527913,17.763391412527913,6663200,CRM
2009-12-29,18.310447692871094,18.386495309805234,18.01361455881655,18.072490072842374,7845600,CRM
2009-12-30,18.158353805541992,18.217231201621352,17.873787210968466,18.217231201621352,12124000,CRM
2009-12-31,18.097023010253906,18.241760923470338,18.04305487598269,18.173072505653323,5436400,CRM
2010-01-04,18.354604721069336,18.528779441745233,18.20005579552789,18.30308841255552,7906000,CRM
2010-01-05,18.276105880737305,18.398764309467087,17.859067971703688,18.26383928921669,7942400,CRM
2010-01-06,18.244213104248047,18.39876203153011,18.1485396914136,18.337432824758345,5122400,CRM
2010-01-07,18.163259506225586,18.3864968628903,18.040601083199984,18.281010544223523,4840000,CRM
2010-01-08,18.190242767333984,18.239305383198957,17.971910944982856,18.170616972340465,5510400,CRM
2010-01-11,18.067584991455078,18.32516654123307,17.85661236690231,18.300635232437866,6399200,CRM
2010-01-12,16.752687454223633,17.2923837608577,16.745328248383373,17.280119041663596,21053200,CRM
2010-01-13,16.8042049407959,16.875347054920567,16.428870443767106,16.750234932037934,20649600,CRM
2010-01-14,16.97347068786621,17.105941989899858,16.8017477978439,16.8017477978439,10400400,CRM
2010-01-15,16.83609390258789,17.061786815769576,16.706076278027155,16.939128396883003,8564800,CRM
2010-01-19,17.04952049255371,17.14028839773575,16.71834313069121,16.826281268302882,6252800,CRM
2010-01-20,16.816471099853516,16.968566351583288,16.558887654360284,16.87780031338818,7260000,CRM
2010-01-21,16.40679168701172,17.054428077839866,16.340556955239855,16.833644390854193,8946000,CRM
2010-01-22,15.832748413085938,16.421509178676835,15.788591308876148,16.369992869035226,8788800,CRM
2010-01-25,15.732169151306152,16.095238918232415,15.570261001133769,16.063348401039732,9866800,CRM
2010-01-26,16.04617691040039,16.235070071435562,15.540822899818815,15.739530831589368,10367200,CRM
2010-01-27,16.043718338012695,16.107501227059153,15.795947857639531,16.04617202995025,5947600,CRM
2010-01-28,15.739529609680176,16.01919066211533,15.562900246728692,16.002018557899802,5684400,CRM
2010-01-29,15.589885711669922,15.984846927769459,15.504025188045796,15.89898453252629,6281200,CRM
2010-02-01,15.989749908447266,16.01428121536559,15.614415484902564,15.705181507662232,5632000,CRM
2010-02-02,15.960311889648438,16.08542399330775,15.722354272115195,16.00692268489028,4664400,CRM
2010-02-03,16.097692489624023,16.24733591895829,15.798405630955495,15.896532746003725,4725600,CRM
2010-02-04,15.315131187438965,15.967673042315708,15.167941450157066,15.906343829146662,11797200,CRM
2010-02-05,15.229269981384277,15.332302605706069,14.792605366823318,15.32984984904533,12440800,CRM
2010-02-08,15.239083290100098,15.464775291015288,15.020751431436311,15.23172408365826,5062400,CRM
2010-02-09,15.862187385559082,15.92106290166854,15.37645923070404,15.37645923070404,9099200,CRM
2010-02-10,15.879361152648926,15.921064569611323,15.70763822787929,15.891625872663043,6855200,CRM
2010-02-11,16.18109893798828,16.217896839213044,15.656121037264091,15.889171292322576,6448800,CRM
2010-02-12,15.967674255371094,16.1075066687738,15.746890568484956,16.051082964859418,8150000,CRM
2010-02-16,16.239974975585938,16.301304189046036,16.02164312539752,16.060894720389133,5511200,CRM
2010-02-17,16.38225746154785,16.514728773158343,16.247334329224863,16.247334329224863,6672400,CRM
2010-02-18,16.79193878173828,16.91214539402123,16.541716401145617,16.59814010401508,8361600,CRM
2010-02-19,16.907238006591797,17.047068545769324,16.686452452201184,16.7109856361706,7196800,CRM
2010-02-22,16.936674118041992,17.0568788403356,16.85326542284519,17.002908838435115,5123600,CRM
2010-02-23,16.74041748046875,17.02253216758849,16.657010668975555,16.860624056964625,5597200,CRM
2010-02-24,17.03480339050293,17.17708574714958,16.703624131562485,16.76004783298481,10460400,CRM
2010-02-25,16.68400001525879,16.88761158470742,15.889172048791329,16.88515976369631,19942400,CRM
2010-02-26,16.669279098510742,16.698717794098727,16.313570417012954,16.500011745832143,10079600,CRM
2010-03-01,17.392967224121094,17.513171971667145,16.563794969129408,16.61776498236783,10422000,CRM
2010-03-02,17.623559951782227,17.74867205759471,17.326726815732105,17.365978406425768,8080800,CRM
2010-03-03,17.312009811401367,17.731501395019006,17.2923840144602,17.655453771395745,5988000,CRM
2010-03-04,17.390512466430664,17.400325365656737,17.17218060560324,17.34390166301161,5519200,CRM
2010-03-05,17.73150062561035,17.90567535476261,17.46655799325807,17.46655799325807,6999200,CRM
2010-03-08,17.89586639404297,18.060230132931554,17.692254797578077,17.74131742697747,5848800,CRM
2010-03-09,18.074947357177734,18.202511308187574,17.63337623518364,17.679987040177245,9360000,CRM
2010-03-10,18.44537353515625,18.49688984622643,18.060226176720118,18.06758538235601,8216000,CRM
2010-03-11,18.50179672241211,18.52142251996621,18.290824077753168,18.35215329139544,6578000,CRM
2010-03-12,18.572938919067383,18.737300763185544,18.425749179982176,18.58029812527878,4140400,CRM
2010-03-15,18.54595184326172,18.585203434162764,18.28837029654435,18.499342918590308,5657200,CRM
2010-03-16,18.813350677490234,18.91147592463918,18.501797215773063,18.5165175001407,7889200,CRM
2010-03-17,18.82561683654785,19.009604496444265,18.725037889046494,18.862414742850987,5502800,CRM
2010-03-18,18.86731719970703,18.999786633201534,18.75201799683332,18.81334720077731,5493600,CRM
2010-03-19,18.648984909057617,19.012054647121417,18.55576518586099,18.648984909057617,6185600,CRM
2010-03-22,19.014509201049805,19.129808417786464,18.298182590426492,18.332528670653986,6491600,CRM
2010-03-23,18.91393280029297,19.080748368786015,18.75447643941265,19.05131153833511,4934800,CRM
2010-03-24,18.683330535888672,18.940912082552163,18.631812354937107,18.78881497527072,4733600,CRM
2010-03-25,18.636720657348633,19.026773535054783,18.631813272435938,18.81089538937015,5840800,CRM
2010-03-26,18.386497497558594,18.71767674845463,18.307996178977245,18.693143565707462,4206400,CRM
2010-03-29,18.34234046936035,18.50425049243051,18.26629284304386,18.45028048474046,4227200,CRM
2010-03-30,18.499343872070312,18.766738330294796,18.34233937199278,18.447825688452657,7784000,CRM
2010-03-31,18.263837814331055,18.52632675575088,18.22458809354904,18.469904931198183,4547200,CRM
2010-04-01,18.53123664855957,18.668613497317104,18.320263989899534,18.42820401199142,4212800,CRM
2010-04-05,18.852598190307617,18.877129499216927,18.614640563487598,18.622001640617402,3449200,CRM
2010-04-06,19.33832550048828,19.487968911429164,18.675968959040404,18.744659241264447,9928800,CRM
2010-04-07,18.933555603027344,19.330969595748083,18.8108971712564,19.330969595748083,7023600,CRM
2010-04-08,19.122447967529297,19.15924586985088,18.68333244711396,18.818255593467693,6352800,CRM
2010-04-09,19.56892204284668,19.598360735232475,18.989976065543225,19.272088913193798,7682400,CRM
2010-04-12,19.750457763671875,19.927086174080152,19.500233558387215,19.62289196876865,9838000,CRM
2010-04-13,19.730836868286133,19.789712395835632,19.546849207027076,19.713664761433392,5231600,CRM
2010-04-14,20.574724197387695,20.599255507246095,20.03257420155552,20.098808925335092,8835600,CRM
2010-04-15,20.540380477905273,20.702288624117575,20.38828335857455,20.604161510730627,5531600,CRM
2010-04-16,20.479053497314453,20.832308523730237,20.366206088071657,20.518303223974332,9941200,CRM
2010-04-19,20.27543830871582,20.569817784161003,19.8706651262644,20.368658039229015,7141600,CRM
2010-04-20,20.7243709564209,20.75871517007449,20.368660355552585,20.503585388919753,4295200,CRM
2010-04-21,20.871557235717773,20.89854223789814,20.594348008159283,20.81267984644118,6288800,CRM
2010-04-22,21.75960350036621,21.936231929016795,20.60661507234679,20.815134017207452,10038800,CRM
2010-04-23,21.627134323120117,21.87735668578331,21.219907455084712,21.70808746092293,6087600,CRM
2010-04-26,21.708087921142578,21.955858468132384,21.634493987796255,21.747339516222535,3881600,CRM
2010-04-27,21.05063819885254,21.87981034572105,20.984403473181853,21.87981034572105,5118400,CRM
2010-04-28,21.13404655456543,21.21009417753795,20.80532100928033,21.207640485036546,5870800,CRM
2010-04-29,21.622224807739258,21.673741116399686,21.1683890557717,21.300860365878027,4074400,CRM
2010-04-30,20.999120712280273,21.686008599274704,20.97458940309167,21.686008599274704,4456800,CRM
2010-05-03,21.519195556640625,21.654118708537474,21.035921036289547,21.11687605039914,4634000,CRM
2010-05-04,21.241987228393555,21.90434391138681,20.93288931461592,21.83320179330869,9104800,CRM
2010-05-05,20.905902862548828,21.205189727684598,20.761164943610787,20.97459128308115,7292400,CRM
2010-05-06,19.846134185791016,21.131593997610203,18.64408120731158,20.844573722949384,16295200,CRM
2010-05-07,19.0169620513916,19.96633896776837,18.688238359309903,19.86330633636537,13885600,CRM
2010-05-10,20.972137451171875,20.99421694140725,20.155233744844622,20.23128137112619,11520800,CRM
2010-05-11,21.14630889892578,21.563348611234346,20.564909239862168,20.596799752322845,10001200,CRM
2010-05-12,21.68600845336914,21.725258173483045,21.303312920449834,21.303312920449834,9828400,CRM
2010-05-13,21.264060974121094,22.03926111349646,21.20273177217354,21.68600618297927,11328400,CRM
2010-05-14,20.783241271972656,21.163481219674136,20.43243814480981,21.102152014726915,7905200,CRM
2010-05-17,20.910808563232422,21.288596751158718,20.23864089278597,20.979496984379182,6710000,CRM
2010-05-18,20.64586639404297,21.506927164939604,20.45451768444696,21.342565329407435,7692800,CRM
2010-05-19,20.017852783203125,20.542830645202873,19.56647071822418,20.324498818091712,10582400,CRM
2010-05-20,19.38739013671875,19.936899350449032,19.10772908061197,19.350592235311225,17455600,CRM
2010-05-21,20.4201717376709,20.623785149103902,18.131367211015586,18.138726416216016,43596800,CRM
2010-05-24,20.1625919342041,20.85683717777756,20.145419830051097,20.19693614251011,9276000,CRM
2010-05-25,20.147869110107422,20.17730780135111,19.330965547996644,19.630250486689768,11385600,CRM
2010-05-26,20.545286178588867,21.045732776966094,20.228827217631842,20.302423021247535,12684800,CRM
2010-05-27,21.34256935119629,21.34256935119629,20.945155317080708,21.01629743951235,10038000,CRM
2010-05-28,21.227270126342773,21.46522780836315,20.940249815122446,21.163487211087368,9415600,CRM
2010-06-01,20.824947357177734,21.335206857071537,20.68266313423482,20.68266313423482,8402400,CRM
2010-06-02,21.69582176208496,21.69582176208496,20.795507543761047,21.080075974355164,7461600,CRM
2010-06-03,23.354167938232422,23.496452188244508,21.899438658397063,21.931331052969764,26548800,CRM
2010-06-04,21.99020004272461,23.636275713839485,21.76941452590632,22.691806311936702,25813600,CRM
2010-06-07,21.563350677490234,22.444037237456335,21.494662261535314,22.09814146522078,10798400,CRM
2010-06-08,21.587881088256836,22.014731849357716,21.19046714898567,21.857729227536268,14485600,CRM
2010-06-09,21.838104248046875,22.55197714999887,21.72771241882205,21.87245032749662,9701200,CRM
2010-06-10,22.672182083129883,22.728605780288987,22.161922602701097,22.41214682958899,9740000,CRM
2010-06-11,23.707420349121094,23.763844048406813,22.198721339988396,22.198721339988396,14185600,CRM
2010-06-14,22.937122344970703,23.817808817913956,22.88560603809497,23.783464613330132,15007600,CRM
2010-06-15,23.307554244995117,23.45719767195624,22.919953176091912,23.135831328479245,13090400,CRM
2010-06-16,23.143190383911133,23.32227250524065,22.846357224452323,23.113753560188314,10197200,CRM
2010-06-17,23.82026481628418,23.938017723128056,23.14073799223747,23.297740620283328,14103200,CRM
2010-06-18,23.48172950744629,23.79573478034645,23.390961597903342,23.766296084154913,10055600,CRM
2010-06-21,23.405683517456055,24.02633490048592,23.199616372952928,23.893863565795165,11048400,CRM
2010-06-22,22.544618606567383,23.503806504795275,22.40478807868591,23.280569147337033,13329600,CRM
2010-06-23,22.799747467041016,23.010720096936076,22.264956686640343,22.753136669016616,11338400,CRM
2010-06-24,22.333650588989258,22.971474148622175,22.174194231176177,22.939583625707318,11480400,CRM
2010-06-25,22.47593116760254,22.564245386070063,22.00001586492968,22.522540097846612,8297200,CRM
2010-06-28,22.392518997192383,22.650102406460896,22.291940074382154,22.5421624069017,6393200,CRM
2010-06-29,20.952512741088867,22.00737405721898,20.729273512576306,22.00737405721898,15199200,CRM
2010-06-30,21.053091049194336,21.48239551746634,20.824946314047885,20.866649727491474,15501600,CRM
2010-07-01,21.35973358154297,21.49465856943499,20.51093768288958,21.013837868721325,13087200,CRM
2010-07-02,21.36954689025879,21.82092891006084,21.18555928774017,21.42106319436976,9820800,CRM
2010-07-06,21.614866256713867,22.12021833263849,21.330297832697234,21.789040983157605,10732400,CRM
2010-07-07,22.41705322265625,22.441586405108456,21.53636662389817,21.590336630702552,11062000,CRM
2010-07-08,22.463665008544922,22.83409399471413,22.103048921463145,22.787483191953616,7910800,CRM
2010-07-09,22.515182495117188,22.659920424654675,22.304209832821343,22.426868270359893,4437200,CRM
2010-07-12,22.532352447509766,22.75313798829683,22.206080585658825,22.429319819015483,4533600,CRM
2010-07-13,22.97392463684082,23.12847358703429,22.569151437817016,22.782577782805348,6200400,CRM
2010-07-14,23.484182357788086,23.655903400365737,23.153003120272768,23.295287339333676,8605200,CRM
2010-07-15,23.547964096069336,23.60193410296069,23.165270405921994,23.525886477769628,6092400,CRM
2010-07-16,22.58141326904297,23.40077052186772,22.51763037393809,23.376239215017765,7004400,CRM
2010-07-19,22.72370147705078,22.949394424675898,22.45876067425306,22.576511726247773,7998400,CRM
2010-07-20,22.843904495239258,22.88560790826772,21.943590282594684,22.218345813336597,6506800,CRM
2010-07-21,22.608402252197266,23.17753728085749,22.52499354826634,22.98618856182269,5971600,CRM
2010-07-22,23.533245086669922,23.655903509539748,22.937125076657797,22.99354877469028,6374400,CRM
2010-07-23,24.475261688232422,24.605281192949562,23.22905349294552,23.48172955298429,12543200,CRM
2010-07-26,24.54885482788086,24.897204273385036,24.254475383830346,24.531682724838227,10813600,CRM
2010-07-27,24.2373046875,24.772095476805024,23.979721255291736,24.681327571672245,6792000,CRM
2010-07-28,24.068035125732422,24.470354590319946,23.911032499143094,24.173521440936405,4661600,CRM
2010-07-29,23.989534378051758,24.526778864852766,23.616651727396242,24.404120442961684,6449600,CRM
2010-07-30,24.27410316467285,24.394309776690662,23.574950470245156,23.75893811991661,5489200,CRM
2010-08-02,25.000240325927734,25.142522672194982,24.54640266985551,24.80153241073526,6564400,CRM
2010-08-03,24.779455184936523,25.01495913294345,24.59301385757391,24.97080202571596,5140000,CRM
2010-08-04,25.405012130737305,25.456528444123204,24.772096086554093,24.82606422084955,5920000,CRM
2010-08-05,25.191585540771484,25.380478673878404,24.997785023022445,25.380478673878404,4642400,CRM
2010-08-06,25.103275299072266,25.12535291859295,24.502247855547516,24.880036053061005,5499600,CRM
2010-08-09,25.527671813964844,25.620893418459687,25.059117585317424,25.110633901244995,6108400,CRM
2010-08-10,24.936458587646484,25.13516464050203,24.74511174095313,25.01250621348126,7448000,CRM
2010-08-11,24.018972396850586,24.347696059886577,23.854608693713658,24.315805544875584,9782400,CRM
2010-08-12,23.783464431762695,23.99198522151102,23.32962869898218,23.476818413449,10554000,CRM
2010-08-13,23.8546142578125,24.09011825155005,23.66572107287133,23.790833212913565,7770400,CRM
2010-08-16,23.704965591430664,23.913486402866692,23.489087445867657,23.76874849392706,7285200,CRM
2010-08-17,24.367321014404297,24.688685460693474,23.920844461576582,24.13672259678795,9106400,CRM
2010-08-18,24.367321014404297,24.504697839391632,24.033689978047448,24.409024426044184,7196000,CRM
2010-08-19,23.650999069213867,24.507154375636823,23.638732477722733,24.394308846070913,13326800,CRM
2010-08-20,27.659475326538086,27.718350847525713,25.54729706096383,25.57428206467047,42439200,CRM
2010-08-23,27.54417610168457,27.81893165228682,26.678207905453945,27.161482407889952,27180400,CRM
2010-08-24,27.791946411132812,28.002919053760415,26.567815842672886,26.60216005225235,27593200,CRM
2010-08-25,27.5221004486084,27.828746538385676,26.827853252164033,27.43133253225141,18384000,CRM
2010-08-26,26.94560432434082,27.79440234855622,26.935793296484903,27.541724398215102,13586400,CRM
2010-08-27,27.34792709350586,27.5245536780948,26.310235849092113,27.114874930379152,12054800,CRM
2010-08-30,26.78123664855957,27.54417210445374,26.756705341013085,27.026553467262037,8872800,CRM
2010-08-31,26.955413818359375,27.144308834057455,26.57026645281038,26.624236457295545,12160400,CRM
2010-09-01,28.554880142211914,28.65545907193256,27.303764650416888,27.448500685571194,20854800,CRM
2010-09-02,29.222143173217773,29.33744051790415,28.365986038857038,28.449394739179233,14759600,CRM
2010-09-03,29.347253799438477,29.793730387127113,29.035702226553692,29.37914618745703,16477200,CRM
2010-09-07,29.352163314819336,29.548415684136994,29.15590907388253,29.197612491805376,7971600,CRM
2010-09-08,29.386503219604492,29.75447846371932,29.22704690616429,29.54350584069731,8782000,CRM
2010-09-09,28.861528396606445,29.92865634269852,28.763401280175422,29.91884344389351,10284000,CRM
2010-09-10,28.80510139465332,29.28347033056529,28.581864055189488,29.072497709487596,9489600,CRM
2010-09-13,29.092124938964844,29.43802260292638,28.6775407266746,29.160815230531693,10162800,CRM
2010-09-14,28.893417358398438,29.16817289528876,28.581865792494252,28.640741310535404,11873600,CRM
2010-09-15,28.655460357666016,28.886058793234977,28.285033265505295,28.82227588883141,9294800,CRM
2010-09-16,28.68244171142578,28.873788528672893,28.442032279568203,28.54506489322145,8204000,CRM
2010-09-17,28.638288497924805,28.996450873742447,28.395425340876898,28.942482738991046,10694000,CRM
2010-09-20,30.208314895629883,30.362863827812447,28.75603968241362,28.905683101411196,16048000,CRM
2010-09-21,29.779010772705078,30.15925261971144,29.60974155580794,30.12000102731022,9337600,CRM
2010-09-22,29.116655349731445,29.803541355433776,28.947386136961676,29.769197148729603,10432800,CRM
2010-09-23,28.822277069091797,29.30064606427904,28.630930219664535,28.92285787906305,8086400,CRM
2010-09-24,29.276113510131836,29.695606992572714,29.11420535391496,29.36442773047527,10028000,CRM
2010-09-27,28.711883544921875,29.327629345239902,28.66036723245815,29.268751955322234,6844400,CRM
2010-09-28,28.155014038085938,28.94738828673522,27.88271405660023,28.917949590965854,12415200,CRM
2010-09-29,27.86308479309082,28.402781047054546,27.27432405228207,28.19426212491487,15104000,CRM
2010-09-30,27.426424026489258,28.55488113944696,27.4141574355886,28.14274876487939,13821600,CRM
2010-10-01,27.475486755371094,27.757601502629505,27.112416999734183,27.74288121916678,10276400,CRM
2010-10-04,27.49510955810547,27.718346890441087,26.955411432639387,27.399436148301803,9086400,CRM
2010-10-05,27.94404411315918,28.18936097045689,27.578520648219847,27.96612173193881,10483200,CRM
2010-10-06,25.74599838256836,27.995554945858515,24.021421512971163,27.995554945858515,64562800,CRM
2010-10-07,25.7386417388916,26.246447509712375,25.088551755356875,26.204744097177947,28779200,CRM
2010-10-08,25.971694946289062,26.2022915069324,25.245557312692934,25.731283615673128,14123600,CRM
2010-10-11,24.509605407714844,25.976599004447024,24.472807508854977,25.956973208839244,23921200,CRM
2010-10-12,25.873571395874023,26.096808781385572,24.227495370758042,24.485076969425215,25572000,CRM
2010-10-13,26.324953079223633,26.78614999893959,26.01094778080719,26.21946674882256,18388400,CRM
2010-10-14,26.33721351623535,26.479497718707886,25.770532270177313,26.378916925768028,10725600,CRM
2010-10-15,26.587440490722656,26.683113915953058,26.207200482443113,26.592347876006784,9300400,CRM
2010-10-18,25.912818908691406,26.719911592116905,25.508047592287134,26.719911592116905,13386400,CRM
2010-10-19,25.422183990478516,25.849036648628143,24.642076347994813,24.79907897916973,12371200,CRM
2010-10-20,25.618436813354492,25.95452154661954,25.07137945506451,25.638062609082137,7460800,CRM
2010-10-21,25.831865310668945,26.38137453608311,25.537483964768494,25.71165870540721,7202000,CRM
2010-10-22,26.479503631591797,26.707648396287826,25.68222380153631,25.873570661290554,6678400,CRM
2010-10-25,27.61041259765625,27.880260762061088,26.864649138757333,26.894085963327896,15242000,CRM
2010-10-26,27.441143035888672,27.666834089071518,27.06580855423004,27.394532235393875,8191600,CRM
2010-10-27,28.226158142089844,28.44449000417586,27.487755719358113,28.0716091895314,11044800,CRM
2010-10-28,28.211437225341797,28.48864458690362,27.6055043176515,28.33900116145707,6473600,CRM
2010-10-29,28.473928451538086,28.702073210899748,28.039718423911257,28.1746415767175,6098800,CRM
2010-11-01,27.9047908782959,28.567145605440825,27.62758351961742,28.540160602993833,7495200,CRM
2010-11-02,28.316923141479492,28.454299974055004,27.740428937214144,28.032354706437108,5524000,CRM
2010-11-03,28.5671443939209,28.679991783887406,27.877804693563572,28.405236257724383,8425600,CRM
2010-11-04,27.973482131958008,29.281021486342198,27.865542111222602,28.947390396450185,12630400,CRM
2010-11-05,27.762508392333984,28.24578290243013,27.580974441325683,28.162376069022212,8197600,CRM
2010-11-08,28.088777542114258,28.55242620945545,27.598143873256365,27.94158781578067,9884400,CRM
2010-11-09,28.155014038085938,28.280126155581936,27.654569311340012,28.010277995029398,9503200,CRM
2010-11-10,28.917949676513672,28.969465990548183,28.074060983104847,28.157467813936233,10510800,CRM
2010-11-11,28.63583755493164,28.969466758722966,27.85572987443068,28.287486195393146,9027200,CRM
2010-11-12,28.21388816833496,28.986636530481412,28.123120270585712,28.353718681742887,7510400,CRM
2010-11-15,27.875354766845703,28.456756412152753,27.796853444711427,28.28503535486501,8118000,CRM
2010-11-16,27.235076904296875,27.875354056995075,26.79105398774629,27.600600372331336,9161600,CRM
2010-11-17,27.021652221679688,27.637398057915178,26.859742197390087,27.281687491651248,9602000,CRM
2010-11-18,28.400331497192383,28.584319138554815,27.65456990456145,27.757602534535835,20036800,CRM
2010-11-19,33.54462814331055,33.684456804356145,31.00805088611367,31.00805088611367,63398800,CRM
2010-11-22,34.30265426635742,34.39096847869283,33.18646189310769,33.191369278025746,22693600,CRM
2010-11-23,34.9576530456543,35.06559306450286,33.657472920571784,33.67219133346236,25506800,CRM
2010-11-24,35.612648010253906,35.67642904609695,34.50136293724431,34.788383213395306,17630000,CRM
2010-11-26,35.77455520629883,35.92665044917728,34.90858706104416,34.90858706104416,6282400,CRM
2010-11-29,35.27901077270508,35.816255199617345,34.989538726064936,35.32562156674587,13376000,CRM
2010-11-30,34.15301513671875,35.36242551600002,34.128481952282705,34.871791773186345,23892800,CRM
2010-12-01,35.33544158935547,35.56604005443718,34.81537100392932,34.85217078170703,12007600,CRM
2010-12-02,35.08522415161133,35.688701630524285,34.92086227749312,35.379603683513174,12354800,CRM
2010-12-03,35.03369903564453,35.372237489245,34.81045980194457,34.81045980194457,8988400,CRM
2010-12-06,35.62736129760742,35.7377531197481,34.61910900134563,35.32317083155203,10564000,CRM
2010-12-07,35.62981414794922,36.72392500333165,35.5979217654255,36.55220398827582,15427200,CRM
2010-12-08,36.93981170654297,36.95453011861864,35.81626008483027,36.57428825263208,16046400,CRM
2010-12-09,36.427101135253906,37.10662612826236,36.12781427278738,37.10662612826236,12301600,CRM
2010-12-10,36.456539154052734,36.79752944383608,36.02232725850875,36.456539154052734,9740800,CRM
2010-12-13,35.29618453979492,36.787711224173236,35.271651361000075,36.77053725036934,11158400,CRM
2010-12-14,33.44159698486328,35.48508318550948,33.363093790953705,35.32808054092864,22624000,CRM
2010-12-15,33.29439926147461,33.81446972440686,32.884720619397534,33.28213267177123,14452800,CRM
2010-12-16,33.73843002319336,33.9960134944382,33.179107839298645,33.48084655194852,8933600,CRM
2010-12-17,33.485748291015625,34.05242958625322,33.461215109990796,33.85372354696085,9222800,CRM
2010-12-20,32.92397689819336,33.60840927956258,32.384276820281386,33.554439271771386,10931200,CRM
2010-12-21,34.10639953613281,34.3443571673945,33.16192821673432,33.21344639951007,11824000,CRM
2010-12-22,33.2477912902832,34.04997841157257,33.1791028739957,33.91750522070529,10308400,CRM
2010-12-23,33.225711822509766,33.3361036465927,32.656574984122955,33.16929000010964,8708400,CRM
2010-12-27,32.874908447265625,33.20363585839071,32.50693318652205,33.17665085620666,6361600,CRM
2010-12-28,32.70564270019531,33.06135136731423,32.45787029767881,33.06135136731423,4158800,CRM
2010-12-29,32.614871978759766,32.963221430082086,32.46277674116154,32.7375303944326,5374800,CRM
2010-12-30,32.440704345703125,32.72526907100105,32.29351272591168,32.51184459121801,4775200,CRM
2010-12-31,32.3818244934082,32.42352790909751,31.80778395758402,32.303321303942624,8038800,CRM
2011-01-03,33.51028060913086,33.88806688181507,32.659030906172056,32.659030906172056,11284400,CRM
2011-01-04,33.287044525146484,34.02299508730055,32.72526683315553,33.9641176947625,9003600,CRM
2011-01-05,34.88405227661133,34.8963188666883,33.240430273717145,33.44895107531231,14439200,CRM
2011-01-06,35.16372299194336,35.49490229900539,34.692715000575184,35.36488464351911,11770400,CRM
2011-01-07,34.88896179199219,35.1637154589545,33.976382834452544,35.1637154589545,8480400,CRM
2011-01-10,34.99199676513672,35.129373607836136,34.344360404383586,34.59212908544945,6548400,CRM
2011-01-11,34.619110107421875,35.29373139490387,34.36153042860989,35.29373139490387,6034800,CRM
2011-01-12,34.746681213378906,35.175985734597774,34.40323909369916,35.063138327709645,6154400,CRM
2011-01-13,35.2888298034668,35.63963109658273,34.51607949242534,34.83254032005998,9465600,CRM
2011-01-14,35.931556701660156,35.96835272918466,35.023885171423686,35.080306994707186,7626800,CRM
2011-01-18,35.40658187866211,35.72303897232895,35.01162159520119,35.602836109909184,8289600,CRM
2011-01-19,34.5504264831543,35.531693946418464,34.05488910933747,35.48753870732597,9199200,CRM
2011-01-20,32.33030700683594,33.291952382402606,31.64587462135242,32.67866023857795,20682000,CRM
2011-01-21,32.440704345703125,33.208543605988936,32.38182694913887,32.58789222225618,9462000,CRM
2011-01-24,31.358854293823242,32.03347565088141,31.03258242467562,31.45943510361635,16000400,CRM
2011-01-25,30.411928176879883,31.25827050459839,29.936012920526995,30.824060532409856,17782400,CRM
2011-01-26,31.471698760986328,31.665501179300694,31.02031663067273,31.25336877389217,10467200,CRM
2011-01-27,31.45943260192871,32.13650572615067,31.260724690768427,31.827407858335018,8052800,CRM
2011-01-28,32.286155700683594,32.87246291184441,31.741551911192456,31.95007276277946,16472400,CRM
2011-01-31,31.680217742919922,32.48976409359435,31.50113749118428,32.34257248683971,9790400,CRM
2011-02-01,32.293514251708984,32.6394119542949,31.40056094943886,31.896102100028987,8712000,CRM
2011-02-02,33.13740539550781,33.598602338821514,32.26407788064974,32.27388890906043,10083600,CRM
2011-02-03,32.91416549682617,33.480846893400994,32.60261200963882,33.1251381643583,7934000,CRM
2011-02-04,33.841453552246094,34.027896725509095,32.96076709331822,33.188909932300575,9096000,CRM
2011-02-07,33.58387756347656,34.025448672309686,33.40724911994331,33.873353412748735,9052800,CRM
2011-02-08,33.43669128417969,33.821836836894384,33.05154198822649,33.60841235046135,8430800,CRM
2011-02-09,32.982845306396484,33.43668291527077,32.69091769516533,33.24778791802045,6094000,CRM
2011-02-10,33.84391784667969,33.942043099745725,32.45542343068832,32.66639609369492,8619600,CRM
2011-02-11,34.71478271484375,34.84970771785017,33.38762153046524,33.72861176902454,8576000,CRM
2011-02-14,34.88896179199219,35.38695468498036,34.55042335002936,34.55042335002936,7187200,CRM
2011-02-15,34.9552001953125,35.93891944132852,34.71478698105132,35.59302177563209,9969600,CRM
2011-02-16,35.01898193359375,35.22750276289293,34.72214688453987,35.01898193359375,6031600,CRM
2011-02-17,34.57495880126953,34.95765250344173,34.39587854181474,34.84971248626737,8726800,CRM
2011-02-18,35.09993362426758,35.19069965647604,34.498908119917225,34.71233257110486,7945200,CRM
2011-02-22,33.54708480834961,34.76140266885237,33.18156129358484,34.5455263504057,10088800,CRM
2011-02-23,32.717899322509766,34.02298645155902,31.97458974286064,33.5225381001051,13047600,CRM
2011-02-24,32.950958251953125,33.404792139438996,32.40635459237989,33.034365075395364,17460000,CRM
2011-02-25,34.057342529296875,36.30689784524974,33.679552441990865,35.69360565191782,31779600,CRM
2011-02-28,32.448062896728516,33.71144325866357,31.48887305279971,33.5716145916016,27566400,CRM
2011-03-01,31.412822723388672,32.597703532889604,31.214114806411768,32.54373352757783,18276400,CRM
2011-03-02,31.403005599975586,32.43824290684515,31.15523695287655,31.523212192477455,15532800,CRM
2011-03-03,31.908369064331055,32.303325656112975,31.425094500882377,31.876476671409094,13414000,CRM
2011-03-04,31.88382911682129,32.36955539854756,31.483961480789446,32.293507779158446,15894000,CRM
2011-03-07,31.40546226501465,32.12669435883748,30.71857437836253,31.64096433040302,14676400,CRM
2011-03-08,31.233739852905273,31.687575630532272,30.958984319563054,31.263178547355174,9297200,CRM
2011-03-09,31.32941436767578,31.420182275027962,30.703857529561226,31.052207003800923,8771600,CRM
2011-03-10,31.204301834106445,31.38583764638311,30.357959470250098,30.838780260295742,12660000,CRM
2011-03-11,31.368667602539062,31.71701522338174,30.662153846989387,30.66460753964591,8255200,CRM
2011-03-14,30.64988899230957,31.471698224819193,30.463447655234148,30.81670453145724,12072400,CRM
2011-03-15,30.799531936645508,31.098816928000875,29.496898162086563,29.575399480930756,11552400,CRM
2011-03-16,30.458539962768555,31.461884946908853,30.210769428607033,30.760278629942228,16580000,CRM
2011-03-17,30.00960922241211,30.968797085132856,29.95073183376437,30.88293656621191,12206000,CRM
2011-03-18,29.440475463867188,30.475712862284773,28.863981245169057,30.456087065248653,18676400,CRM
2011-03-21,30.522321701049805,30.946720670518708,29.16817352705923,29.62936852633898,13904000,CRM
2011-03-22,29.803537368774414,30.470799361117514,29.624457153717103,30.384938855842183,12389200,CRM
2011-03-23,29.95809555053711,30.129816603508594,29.195159967899738,29.661262375189764,10310800,CRM
2011-03-24,31.707204818725586,31.744000851200546,30.56648102152304,30.836329198847938,17210800,CRM
2011-03-25,31.2656307220459,31.950066806515206,31.21166258903869,31.731734967159458,11244000,CRM
2011-03-28,31.398101806640625,31.633605748289543,30.824061299799943,31.38338339516849,6440000,CRM
2011-03-29,31.253368377685547,31.753814997310123,30.936909403292695,31.177318878288773,8300400,CRM
2011-03-30,32.992671966552734,33.063812222118926,31.27790544963051,31.378486279257643,16511600,CRM
2011-03-31,32.7694206237793,32.86264221139181,32.305771992778325,32.49711880917634,10954800,CRM
2011-04-01,32.901893615722656,33.53235969573698,32.69582836704198,33.10796260764127,11558400,CRM
2011-04-04,32.899444580078125,33.07852484159899,32.41126267613032,33.01965119027063,5995600,CRM
2011-04-05,32.77678298950195,32.965678003528964,32.246897719192305,32.65903195495689,9096400,CRM
2011-04-06,32.24199295043945,33.105509341391176,31.741548205588163,32.92152169731908,10189200,CRM
2011-04-07,32.86264419555664,33.03926886938721,32.38182156170669,32.71790442098831,10424800,CRM
2011-04-08,33.03191375732422,33.30421562211225,32.74980086514448,33.000025110872514,9205200,CRM
2011-04-11,33.02455520629883,33.62803634191506,32.87245994766083,33.01474417871244,9428000,CRM
2011-04-12,32.58298873901367,32.73262843743959,32.08989943057237,32.57808135346644,9804400,CRM
2011-04-13,32.965675354003906,33.1643813785901,32.58298171506196,32.92397194393845,8226400,CRM
2011-04-14,32.63205337524414,32.97058813409273,32.381829102256255,32.65658281801479,7064400,CRM
2011-04-15,32.80622482299805,32.94114985362516,32.26652844372807,32.703192184129655,7830000,CRM
2011-04-18,32.428436279296875,32.627142336715146,32.02611677916014,32.49957652157768,8340000,CRM
2011-04-19,32.02120590209961,32.519198773476134,31.44961723219835,32.31313353219712,10565600,CRM
2011-04-20,34.854618072509766,34.94783967221011,32.89699068146872,33.06871172572881,22222400,CRM
2011-04-21,34.312469482421875,34.83254379333586,34.0916857962452,34.56760112398082,9527600,CRM
2011-04-25,34.05243682861328,34.31492769710229,33.78013493157043,34.31492769710229,7109600,CRM
2011-04-26,33.758052825927734,34.47437759884873,33.421969929828975,34.12112072601357,7600000,CRM
2011-04-27,34.10395050048828,34.160372329478754,32.818488822534974,33.684457028088914,7540400,CRM
2011-04-28,33.81692886352539,34.099041740340915,33.144759355035,33.87825807528859,6931200,CRM
2011-04-29,34.000919342041016,34.22170302555572,33.42933059142199,33.72861746931243,5418400,CRM
2011-05-02,33.40970230102539,34.27076309439806,33.250244103056936,34.25113729726788,7436000,CRM
2011-05-03,32.7890510559082,33.43913921084594,32.32785418026147,33.36554340722855,7590800,CRM
2011-05-04,32.300872802734375,32.75471052328531,31.682673223490315,32.68602209706247,8614800,CRM
2011-05-05,32.129146575927734,32.5780768387067,31.856844735987632,31.88382973790018,7002800,CRM
2011-05-06,32.4603271484375,33.0515379076996,32.060459488061696,32.77678423556989,6811200,CRM
2011-05-09,32.55600357055664,32.72281724594449,32.06046244343901,32.52656300065884,4015600,CRM
2011-05-10,33.20854568481445,33.264971263768444,32.57072402668071,32.764522719740626,5544400,CRM
2011-05-11,32.965675354003906,33.605952401691425,32.63204433024264,33.25514740383624,4794000,CRM
2011-05-12,33.23798370361328,33.36309395839145,32.31558988673816,32.99511865737978,5315200,CRM
2011-05-13,33.0956916809082,33.75313893387021,33.04908088816706,33.304208723121924,5549600,CRM
2011-05-16,31.636058807373047,32.843017114612216,31.405460397267625,32.60260393547725,11210000,CRM
2011-05-17,31.91082191467285,32.09235776319558,31.216574657771105,31.562472375539024,11950400,CRM
2011-05-18,32.93378829956055,33.08833911846734,31.915724832660846,31.937802451579472,10472000,CRM
2011-05-19,33.31647872924805,33.713890803716104,32.762064030265876,33.3336527044351,17094000,CRM
2011-05-20,35.96589660644531,36.72883201284479,34.95764439725806,35.62981378446201,42194400,CRM
2011-05-23,35.644535064697266,36.007602913959985,35.13672744527132,35.37714062649829,15792000,CRM
2011-05-24,36.94472122192383,37.374025733996206,36.19159665256248,36.25537768964745,22720800,CRM
2011-05-25,37.02566909790039,37.25626752787243,36.38048835003418,36.43936199633312,11510400,CRM
2011-05-26,37.67084884643555,37.776337021503956,36.54975296819081,36.54975296819081,11574800,CRM
2011-05-27,37.11643981933594,37.594806923879624,37.045295837263424,37.53102589101981,9974800,CRM
2011-05-31,37.3519401550293,37.3519401550293,36.5791936178231,37.29551833077548,8816000,CRM
2011-06-01,35.762290954589844,37.29797312499877,35.6200067289755,36.99132705511565,12743600,CRM
2011-06-02,36.36576843261719,36.576741057340925,35.59301816780031,35.718132147480695,7535600,CRM
2011-06-03,35.56848907470703,36.05421535744905,35.29127985471995,35.44337509381624,7051200,CRM
2011-06-06,35.03860855102539,35.66416731031286,34.82518407464337,35.44337988414405,7246800,CRM
2011-06-07,34.84480285644531,35.271655512346925,34.56759736827264,35.15390447539537,7660400,CRM
2011-06-08,34.41305160522461,34.95029617100375,33.97638785855925,34.768760332352436,7897600,CRM
2011-06-09,34.79084014892578,35.01898304027967,34.34681347183564,34.778573556831425,7746000,CRM
2011-06-10,34.41796112060547,35.19806705002924,34.197173669140035,34.82518806472368,6952800,CRM
2011-06-13,33.63294219970703,34.567598815057266,33.554439009628354,34.48909562497859,9584400,CRM
2011-06-14,34.49645233154297,34.91349394795053,33.88561580467108,34.23150969908228,9129200,CRM
2011-06-15,34.21188735961914,34.68289523230197,33.71879812698784,34.09658814803535,12715200,CRM
2011-06-16,33.677093505859375,34.452295572832035,33.044175646868105,34.1849011314087,11200800,CRM
2011-06-17,34.22905349731445,34.4375742788297,33.91259646593399,34.20697588324457,13312000,CRM
2011-06-20,34.20943069458008,34.427762520357724,33.98373966346907,34.19226046321481,5276400,CRM
2011-06-21,35.305999755859375,35.39922135445927,34.25849578338118,34.371343178698844,8945200,CRM
2011-06-22,34.871788024902344,35.51452070430459,34.6142083322025,35.126919639955474,7700000,CRM
2011-06-23,35.44338607788086,35.53170031513365,34.346819191675024,34.346819191675024,8477200,CRM
2011-06-24,35.090118408203125,35.71813264970819,34.704972923991136,35.36732762940618,11150400,CRM
2011-06-27,35.593017578125,35.74020917181475,34.60439106346655,34.90122607155371,5836800,CRM
2011-06-28,36.15235137939453,36.30690222860953,35.526796261263016,35.6617175654944,5732800,CRM
2011-06-29,35.87759017944336,36.23575443612276,35.602836498640414,36.23575443612276,4934000,CRM
2011-06-30,36.54730987548828,36.70186071677927,36.03705028600511,36.0983795095982,7045200,CRM
2011-07-01,36.64788818359375,36.92509745303228,36.1400841936029,36.628262384203204,6382800,CRM
2011-07-05,37.76652908325195,37.842576709393214,36.41974194480856,36.701854830798034,8169200,CRM
2011-07-06,38.3405647277832,38.37981631795095,37.28079799591776,37.712554258049956,10210400,CRM
2011-07-07,38.79195785522461,39.25560658984633,38.536826214182916,38.63495520813679,9954000,CRM
2011-07-08,38.43379211425781,38.502480535790426,37.778796545418686,37.889188384079084,7116400,CRM
2011-07-11,37.39365005493164,38.35529551429419,37.21211796021363,37.92844279743138,8061600,CRM
2011-07-12,37.018310546875,37.651228458448976,36.92018530581587,37.55801060241421,5363600,CRM
2011-07-13,37.50404357910156,37.92108150162182,37.378929582078676,37.39610355941056,5298400,CRM
2011-07-14,36.91527557373047,37.96032766643231,36.80243192801083,37.48931980146663,6653200,CRM
2011-07-15,37.87691879272461,37.90635935907719,37.06737621116816,37.3617556720285,6164400,CRM
2011-07-18,37.442710876464844,37.778793752924194,37.02321742867716,37.71991636314618,4457200,CRM
2011-07-19,39.08387756347656,39.28012802490818,37.66594289994114,37.6978352843807,8363200,CRM
2011-07-20,37.984859466552734,39.2678692639095,37.62669896826331,39.2678692639095,7633600,CRM
2011-07-21,36.08365249633789,37.88673273760716,35.88003907334002,37.751807729206426,13632000,CRM
2011-07-22,36.898109436035156,37.26853654330529,36.12045544692592,36.28972093428581,8096000,CRM
2011-07-25,36.70676040649414,37.19984591323177,36.432002997002925,36.48106936018069,4981600,CRM
2011-07-26,37.226837158203125,37.43780982823616,36.32161725705254,36.79753261107393,7111600,CRM
2011-07-27,35.6666145324707,37.089452925775824,35.5783003220383,37.08454554096351,9347600,CRM
2011-07-28,35.84079360961914,36.20631332378497,35.38695593567914,35.8898562314196,8042800,CRM
2011-07-29,35.49980545043945,35.81135517622097,34.73686984477308,35.48999067955156,7013600,CRM
2011-08-01,35.732852935791016,36.537491896820214,34.957650798650825,36.44672586100375,7644400,CRM
2011-08-02,35.14409255981445,36.44672825089008,35.12692232583265,35.46546079570705,7222800,CRM
2011-08-03,35.32072448730469,35.89967249273344,33.65011707888746,35.59793376859025,10394000,CRM
2011-08-04,33.223262786865234,35.07786151748227,33.166840953378326,34.960106721633316,10842400,CRM
2011-08-05,33.287044525146484,34.440032990540224,31.88628364148847,34.1677311328137,12984800,CRM
2011-08-08,30.647436141967773,32.852834243090555,30.367775064478085,32.45296655370401,13323600,CRM
2011-08-09,32.506935119628906,32.53146830243258,30.230396875526544,31.16750718708306,13769200,CRM
2011-08-10,31.45697784423828,32.44805998977755,31.182224176914747,31.79306446577293,12761600,CRM
2011-08-11,33.007389068603516,33.539726283140645,31.44717346205554,31.800430390819425,10658000,CRM
2011-08-12,32.89208221435547,33.48084113051795,32.619780373401795,33.338556914743805,8325200,CRM
2011-08-15,33.699180603027344,33.836557465043,32.89699705306334,33.46613030187659,7332000,CRM
2011-08-16,32.66883850097656,33.93958149846139,31.891184677641032,33.8488117351313,13100800,CRM
2011-08-17,30.985971450805664,32.81112945650031,30.38985141646953,32.60996783803137,18484000,CRM
2011-08-18,27.980838775634766,30.210769872624542,27.627583791108293,30.139627762894193,30688000,CRM
2011-08-19,27.23017120361328,30.38249245060866,27.16638829656048,28.878700786750546,38495200,CRM
2011-08-22,27.195823669433594,28.508268323347387,26.793504221722053,28.02990125796442,20048000,CRM
2011-08-23,29.109296798706055,29.116656004362564,27.262059442545834,27.5858775927648,14463600,CRM
2011-08-24,28.55978775024414,29.070047256766678,28.091233531414964,28.829635915856556,15206800,CRM
2011-08-25,27.590784072875977,28.790383217642855,27.38226514243044,28.368437972062406,12771200,CRM
2011-08-26,28.82473373413086,28.952297689697083,27.244892409699474,27.347926922924472,13376400,CRM
2011-08-29,31.05220603942871,31.201849461476495,29.008716314156256,29.148546838015125,16174800,CRM
2011-08-30,30.286815643310547,30.73819958429046,29.523880151371543,30.728386686484495,14607600,CRM
2011-08-31,31.584543228149414,31.891189278908147,30.80443560015444,30.855951912087633,19376400,CRM
2011-09-01,31.155241012573242,31.89855079396534,31.020315991823907,31.57718630842305,12228000,CRM
2011-09-02,30.32361602783203,30.789718417918273,29.830528634472124,30.421743142316352,11555200,CRM
2011-09-06,29.666168212890625,29.928657180510665,28.633384447895168,29.327631616926748,14421600,CRM
2011-09-07,30.777454376220703,30.949177308697802,30.05131666347711,30.505152499989457,8539600,CRM
2011-09-08,30.637622833251953,31.238648398226726,30.392305970548925,30.53704389278566,8763200,CRM
2011-09-09,30.230396270751953,30.74556128179862,29.955640724771516,30.25983309493694,12544800,CRM
2011-09-12,30.355506896972656,30.416836110284898,29.37178766301006,29.754481355160333,9336800,CRM
2011-09-13,31.05220603942871,31.155238662983887,30.019422368187062,30.362864446704318,8593600,CRM
2011-09-14,31.97949981689453,32.42843003281295,30.60817786222096,31.14051676760417,10766000,CRM
2011-09-15,32.435791015625,32.818484665059856,31.690025768775488,31.979501569782432,12299200,CRM
2011-09-16,33.500465393066406,33.51763936776017,32.479946491418595,32.49466864540084,22376400,CRM
2011-09-19,33.382720947265625,33.60596020288308,32.40390526410801,32.79395819871096,10086000,CRM
2011-09-20,31.50113868713379,33.341015125227976,31.395652363151623,33.223260338058445,14564000,CRM
2011-09-21,31.07428550720215,32.443154004363095,30.794624442829793,31.793065837298712,13832800,CRM
2011-09-22,28.785478591918945,29.56558625822006,28.157468048045516,29.56558625822006,19255200,CRM
2011-09-23,29.511615753173828,29.641633375181126,28.7413210474236,28.817368666721705,10136000,CRM
2011-09-26,29.72749900817871,29.815813232970083,28.08878220716658,29.56804266499322,13437600,CRM
2011-09-27,30.603275299072266,31.21902108164798,30.42174136443768,30.571384784166668,11302400,CRM
2011-09-28,29.63672637939453,30.870669765896203,29.531240064974483,30.595916107216215,9180400,CRM
2011-09-29,29.3276309967041,30.54194868994588,28.46411461214272,30.389851564855647,9748400,CRM
2011-09-30,28.034809112548828,29.028343096396227,27.735522258288864,28.449395184920654,12290400,CRM
2011-10-03,27.453413009643555,28.33409971272682,27.352832190208144,27.71590199705253,10690400,CRM
2011-10-04,28.84926414489746,28.937578369685838,26.808227818402354,26.940699155584923,13187200,CRM
2011-10-05,28.763399124145508,28.947386751805286,27.720802567406757,28.196717829871446,12980800,CRM
2011-10-06,29.928651809692383,30.09792101310784,28.40768828604406,28.866429538077906,13020400,CRM
2011-10-07,29.67353057861328,30.26965069193535,29.4306673832952,30.05377250405476,8627200,CRM
2011-10-10,30.84368896484375,30.981065804557204,30.115097606928053,30.151895509456747,8018800,CRM
2011-10-11,31.299976348876953,31.891190862473806,30.299085011931332,30.367773431252996,9520800,CRM
2011-10-12,31.219024658203125,32.192931036794064,31.179773061558894,31.479061806923305,8664800,CRM
2011-10-13,31.780799865722656,31.881380676396244,30.922190858314224,31.037488210006163,6344000,CRM
2011-10-14,32.332763671875,32.499577343920265,31.677768089159066,32.332763671875,7864000,CRM
2011-10-17,31.086551666259766,32.288602739176994,30.98106534543758,31.829861425523937,7901600,CRM
2011-10-18,31.77834129333496,32.097253928831904,30.17397083267124,30.944265548100976,9135200,CRM
2011-10-19,31.246007919311523,32.288602662228854,31.08409789961815,31.54038926285792,7756000,CRM
2011-10-20,31.32205581665039,31.758721386463733,30.556666562711115,31.108629481093146,6074800,CRM
2011-10-21,31.717004776000977,31.847026112920034,31.084088907291694,31.667942168746098,6832400,CRM
2011-10-24,32.5118408203125,32.61487344492085,31.133161364009084,31.133161364009084,8055200,CRM
2011-10-25,31.783246994018555,32.34502461499102,31.547744940114175,32.033471201624906,8303200,CRM
2011-10-26,30.31134796142578,31.920625822817332,29.49689613259726,31.85193740750705,21834400,CRM
2011-10-27,32.715450286865234,33.10305130006599,31.167501797860872,31.395646508504985,21904800,CRM
2011-10-28,34.13338088989258,34.28302429414392,32.151220610316365,32.33030083401471,15308400,CRM
2011-10-31,32.66883850097656,33.5887765205239,32.66883850097656,33.10305029430938,7856800,CRM
2011-11-01,31.977054595947266,32.32785591335532,31.09145869898576,31.744000581458536,12992400,CRM
2011-11-02,31.851940155029297,32.5290170832603,31.336775124145525,32.519202312661996,10990800,CRM
2011-11-03,32.63941192626953,32.727726153593544,31.510952770822584,32.322951052009095,8057600,CRM
2011-11-04,32.21746063232422,32.60996532533693,31.893640610931808,32.39163349027248,4981600,CRM
2011-11-07,32.710548400878906,33.04172765094149,31.915724189909717,32.08253785380859,7201200,CRM
2011-11-08,32.90435028076172,33.18401133996782,32.41862022274213,33.090789739153095,6369600,CRM
2011-11-09,31.584543228149414,32.715454013077135,31.466792192764682,32.1242395288372,8173200,CRM
2011-11-10,31.353944778442383,32.11933212279672,30.676871646377997,32.04819188609216,7618400,CRM
2011-11-11,31.859304428100586,32.259172170714685,31.59681729304359,31.89364864418016,7108400,CRM
2011-11-14,32.75471115112305,33.41461416299144,32.39409503492165,32.80868116465241,12706800,CRM
2011-11-15,33.51028060913086,33.69917187385408,32.6271385203086,33.13003877246467,10642800,CRM
2011-11-16,32.32295227050781,33.451411468495,32.08990197227357,33.2257203775453,10648000,CRM
2011-11-17,30.9320011138916,32.78414410373701,30.48552451604378,32.78414410373701,26553600,CRM
2011-11-18,27.826292037963867,29.438023764188415,27.249797780239007,29.303098739954894,48698000,CRM
2011-11-21,27.470584869384766,28.07161047287483,25.772990648262972,27.463223790871886,28432800,CRM
2011-11-22,26.55554962158203,27.625131261843638,26.246449859439142,27.271874390823193,16068800,CRM
2011-11-23,25.952070236206055,26.42553183978252,25.512952842495736,26.217012887989778,16027600,CRM
2011-11-25,25.741098403930664,26.22191922884527,25.36085651919179,25.385389702686524,7435200,CRM
2011-11-28,27.274328231811523,27.82383746735128,26.771427926393418,26.771427926393418,17562400,CRM
2011-11-29,27.129592895507812,27.684009569070025,27.011841841064054,27.30131583469892,12251200,CRM
2011-11-30,29.05042266845703,29.065142953039985,27.958763369194514,28.20653392659378,17102400,CRM
2011-12-01,29.04060935974121,29.28102070726827,28.339002986866902,28.469022495483863,12666800,CRM
2011-12-02,29.34971046447754,29.597481029657207,28.959657535735154,29.18780230193403,9842800,CRM
2011-12-05,30.66706085205078,31.510949568377168,29.98998580191734,30.156801339729373,20778400,CRM
2011-12-06,30.252473831176758,30.909923063260067,30.151894896038204,30.627808311771584,12810000,CRM
2011-12-07,30.073392868041992,30.237756586120614,29.60729233290236,30.075846560687104,7630400,CRM
2011-12-08,29.592571258544922,30.41928972567889,29.51897732572842,29.803543901533185,7983600,CRM
2011-12-09,30.389848709106445,30.473257405872516,29.438020067377384,29.666164797764317,8000000,CRM
2011-12-12,28.473928451538086,29.43802380605102,28.02499813930721,29.136283238526573,15026800,CRM
2011-12-13,27.801759719848633,29.09948611175777,27.615318385368205,28.881154259802944,11335200,CRM
2011-12-14,26.58498764038086,27.51473872410042,26.322498686416058,27.51473872410042,15540800,CRM
2011-12-15,26.177759170532227,27.102604684196187,25.73864181242398,27.031462577635967,13297600,CRM
2011-12-16,26.263622283935547,26.815585215809456,26.153230446208404,26.442704414233706,12270000,CRM
2011-12-19,25.3829345703125,26.415718276135664,25.257822453738296,26.26607484907725,9168400,CRM
2011-12-20,25.59145164489746,26.013396892189984,25.110630882425642,26.013396892189984,14539600,CRM
2011-12-21,24.293731689453125,24.529235682867036,23.08186563536754,24.445828837366417,39458400,CRM
2011-12-22,24.61509132385254,24.762282928117415,23.562683706044034,24.40412055908547,18088800,CRM
2011-12-23,24.04595947265625,24.789271182516792,23.88895682102333,24.578298518456453,9992800,CRM
2011-12-27,24.602828979492188,24.970804282437115,24.0312402263958,24.0312402263958,15964400,CRM
2011-12-28,24.563573837280273,24.764733565662016,24.222583588823653,24.531683322743515,8098000,CRM
2011-12-29,25.06892967224121,25.130258885161563,24.413932255821376,24.55867017155531,8962800,CRM
2011-12-30,24.889848709106445,25.292168214918696,24.85059898424676,25.037038452663758,8144400,CRM
2012-01-03,24.826066970825195,26.013401617607197,24.752473031387222,25.55711208093873,12983600,CRM
2012-01-04,23.913488388061523,24.40902762282147,23.619107032453012,24.283915499897375,19788400,CRM
2012-01-05,24.229942321777344,24.519416254204533,23.344350292988405,23.781013948157465,14988800,CRM
2012-01-06,24.791723251342773,24.838334057380962,23.758939412909196,24.281465564248943,17464400,CRM
2012-01-09,24.71567153930664,24.983065995548344,24.41638469614583,24.73284364317887,13761600,CRM
2012-01-10,25.706750869750977,25.71165638284429,24.938909864753924,25.21366351683267,17688400,CRM
2012-01-11,25.959428787231445,26.420623787808275,25.76072273921797,25.876021957266932,14204000,CRM
2012-01-12,25.92508316040039,26.099257888405763,25.63560922065172,25.90300367204029,6792000,CRM
2012-01-13,25.488418579101562,25.72392250731372,25.18667805980605,25.660139608542035,8543600,CRM
2012-01-17,25.375577926635742,26.00113482943452,25.238199205138066,25.569378480782415,7567600,CRM
2012-01-18,26.420623779296875,26.5580024868692,25.088553219875582,25.363308763401214,11434400,CRM
2012-01-19,28.091230392456055,28.42731324771327,27.316028320520772,27.316028320520772,20426000,CRM
2012-01-20,28.012731552124023,28.28257971137169,27.622676789447,27.836103121600015,9362800,CRM
2012-01-23,28.150108337402344,28.726602556480678,27.742881470919873,28.020090707285586,9100000,CRM
2012-01-24,28.832088470458984,28.905684272548047,28.115763732817282,28.17954663651987,7864000,CRM
2012-01-25,28.981731414794922,29.10438983516281,28.41505011161335,29.10438983516281,6836000,CRM
2012-01-26,28.510725021362305,29.430663222249734,28.343909486069954,29.290832690579606,6778000,CRM
2012-01-27,28.603944778442383,28.967014545574788,28.164827385550915,28.27276740013983,5397600,CRM
2012-01-30,28.351272583007812,28.787936342828925,28.093689102762212,28.388070490417086,10216800,CRM
2012-01-31,28.653013229370117,28.790390087551287,28.125581546539806,28.721701658460702,5320800,CRM
2012-02-01,29.27120590209961,29.43556773923829,28.36353432326843,28.787931417469437,7516800,CRM
2012-02-02,29.016075134277344,29.548412220523428,28.714336473358784,29.1804369656147,8062800,CRM
2012-02-03,30.443819046020508,30.613088262183027,29.276110379817016,29.276110379817016,11595600,CRM
2012-02-06,30.230396270751953,30.578745748813894,30.02678283591696,30.225488885641767,6050000,CRM
2012-02-07,30.12491226196289,30.394760443540086,29.884500906829533,30.13472328969805,5415600,CRM
2012-02-08,30.370223999023438,30.404568205150575,29.65144561944462,30.252471098288357,5908000,CRM
2012-02-09,30.81424903869629,31.326960346178105,30.20586243981065,30.27700454942842,9218800,CRM
2012-02-10,31.508495330810547,31.915722181032404,31.135612688243672,31.427540324929968,16473600,CRM
2012-02-13,32.43825149536133,32.70810157314395,31.744004243646668,31.84213324613067,17785600,CRM
2012-02-14,32.28369903564453,33.05153823260611,31.86665739504196,32.418620308881515,10091600,CRM
2012-02-15,32.04328918457031,32.75716219298278,31.874019941004626,32.45787530443677,9466000,CRM
2012-02-16,32.320491790771484,32.38182099720559,31.61643369874406,32.15612996671661,10111200,CRM
2012-02-17,31.68757438659668,32.62713829185905,31.680215181177836,32.49221328711734,9880400,CRM
2012-02-21,31.304880142211914,32.12423743813697,31.098813036271384,32.02611220557551,10157600,CRM
2012-02-22,31.4177303314209,31.84212742780534,31.33677345125954,31.650780586973603,7881200,CRM
2012-02-23,32.325401306152344,32.381823131684264,31.16750551289369,31.400555764057465,20930800,CRM
2012-02-24,35.23731231689453,35.88004126847741,34.283029916532385,35.703412836353586,58348400,CRM
2012-02-27,35.166175842285156,35.39677056252214,34.346814627613895,34.52344307864878,15408000,CRM
2012-02-28,35.193153381347656,35.2029644073286,34.589672344483155,34.589672344483155,11445200,CRM
2012-02-29,35.11956024169922,35.57094233572021,34.876695218875874,35.068042057498644,10067200,CRM
2012-03-01,35.566036224365234,35.71567965410723,34.83990043723938,35.32071937188578,9913600,CRM
2012-03-02,35.274105072021484,35.81625690924771,35.205416659599756,35.32317143224078,9123200,CRM
2012-03-05,34.854618072509766,35.183341749127365,34.395876766435386,35.18088992822294,7858400,CRM
2012-03-06,34.51362991333008,34.6828991470264,33.93713379034093,34.295298055881936,9244000,CRM
2012-03-07,35.193153381347656,35.32562281989769,34.61910916566367,34.67307916665309,6978800,CRM
2012-03-08,35.83589172363281,36.18424125808129,35.30600634310329,35.32808396481568,9545200,CRM
2012-03-09,36.16706085205078,36.30689325119137,35.72549352331589,35.83588535549961,7590400,CRM
2012-03-12,36.10327911376953,36.30689254139972,35.69605225850916,36.09346808713439,6205200,CRM
2012-03-13,37.3519401550293,37.501583574932084,36.26028098192101,36.304439958947626,11707600,CRM
2012-03-14,37.19248962402344,37.376477270654405,36.7018558996742,37.256270660623066,6467600,CRM
2012-03-15,37.39365005493164,37.886739377205934,37.04284871485012,37.28080638684831,8651600,CRM
2012-03-16,37.138519287109375,37.74445223079191,36.85149901008684,37.6806711947552,7921200,CRM
2012-03-19,36.782814025878906,37.17286697136498,36.47371235771075,37.16060037857062,6862800,CRM
2012-03-20,37.0403938293457,37.116441456597215,36.13271845789187,36.6135411477956,6388800,CRM
2012-03-21,37.86955642700195,38.28169063240712,37.194935169838615,37.393641195757795,9936800,CRM
2012-03-22,37.494224548339844,37.754259797194095,37.23909668434262,37.49177272753027,5102800,CRM
2012-03-23,37.7542610168457,37.93579683004143,37.36175631007489,37.50649235051091,4654000,CRM
2012-03-26,38.598148345947266,38.652118346904636,37.81558707530307,37.97504525749083,6768400,CRM
2012-03-27,37.65613555908203,38.55889974836964,37.62915055650887,38.436241326353084,7746000,CRM
2012-03-28,37.79351043701172,38.19828545466206,37.207203359843454,37.76652543583503,6222800,CRM
2012-03-29,38.3700065612793,38.620227034591025,37.32986184685284,37.535927087193485,7193200,CRM
2012-03-30,37.90390396118164,38.509836861201194,37.50894369529729,38.44850765061815,6420800,CRM
2012-04-02,38.558902740478516,38.870456204683244,37.425540030934584,37.506495044936045,8230800,CRM
2012-04-03,38.83856201171875,39.00782747874523,38.37490961321885,38.416616768034494,5534800,CRM
2012-04-04,38.1909294128418,38.51965687114637,37.52367095470635,38.51965687114637,6243600,CRM
2012-04-05,38.52455139160156,38.66683559500812,37.884274347890816,38.27187536891471,4948400,CRM
2012-04-09,38.64231491088867,38.73553277729366,37.535933417189504,37.663499239348106,7308000,CRM
2012-04-10,37.712554931640625,39.00537566369481,37.523663669155155,38.69627780788772,10788800,CRM
2012-04-11,38.779685974121094,38.89989257160586,37.37156598464559,37.37156598464559,11344800,CRM
2012-04-12,38.83366012573242,38.92933355248466,38.36510401945738,38.70854613004532,6048000,CRM
2012-04-13,39.09613800048828,39.714337396965064,38.55889359881991,38.75760335511548,9975200,CRM
2012-04-16,38.006935119628906,39.618668508331915,37.84012147003218,39.43958826844418,9880400,CRM
2012-04-17,38.311134338378906,38.46813698216953,37.756719571326634,38.13450589620967,6028800,CRM
2012-04-18,38.91706085205078,39.14765926578016,37.97013776064911,38.07071855697579,5556000,CRM
2012-04-19,39.145206451416016,40.4159457721098,38.710994635378476,39.03726645256035,12405200,CRM
2012-04-20,38.49020767211914,39.520541313691645,38.473037441153,39.267865287819255,7006400,CRM
2012-04-23,38.02410888671875,38.230174126824544,36.959434736267696,37.82785467284942,9539600,CRM
2012-04-24,36.79262161254883,37.96769146809374,36.18423684789099,37.91862884474425,9383600,CRM
2012-04-25,36.96923828125,37.28815084634642,36.250461907084066,36.92017567352063,11908400,CRM
2012-04-26,38.31848907470703,38.35528884608831,37.04284227481783,37.04284227481783,7077600,CRM
2012-04-27,38.431339263916016,38.97594297950871,37.933346349523134,38.38472846271621,7682000,CRM
2012-04-30,38.20319747924805,38.54664336442769,37.97259900827109,38.2915117076384,3965200,CRM
2012-05-01,38.48530197143555,39.09859399039271,38.0167459705753,38.306218006769114,5548800,CRM
2012-05-02,38.990665435791016,39.12804228942507,38.15168215689291,38.25962218281638,5876400,CRM
2012-05-03,38.64231491088867,40.10930876437813,38.59079672049668,39.31693631212439,12618800,CRM
2012-05-04,37.432899475097656,38.563810370758894,37.35685184598133,38.563810370758894,10230400,CRM
2012-05-07,37.246463775634766,37.70520516108532,36.97906926450255,37.23664900384278,6163200,CRM
2012-05-08,35.8211669921875,37.01340701651114,34.84971063253053,36.94471859891537,15954400,CRM
2012-05-09,36.54730987548828,36.85150417207596,35.33544381837059,35.40168042795798,9210400,CRM
2012-05-10,33.225711822509766,36.748461626483056,32.9632210194854,36.64297344383475,38547600,CRM
2012-05-11,33.79975509643555,34.410595396939094,33.04663431781121,33.142307739023764,13857600,CRM
2012-05-14,33.49801254272461,34.008271977864645,33.166833338201414,33.4072427738605,7354000,CRM
2012-05-15,33.87825393676758,34.34190257132919,33.74332893872318,33.92976837214244,11282800,CRM
2012-05-16,33.505374908447266,34.280577031683485,32.88963097930522,34.21679225675063,13078400,CRM
2012-05-17,32.823394775390625,34.09413424215304,32.408808706329076,33.598596907882154,21522000,CRM
2012-05-18,35.713226318359375,36.53994287831349,35.08030841661923,35.18579286195695,36138000,CRM
2012-05-21,36.56447982788086,36.682230876104434,34.422864623980175,35.35506572533776,15436400,CRM
2012-05-22,36.6626091003418,37.26609030727661,36.061583458022504,36.35105559650918,12460000,CRM
2012-05-23,36.94717025756836,37.030577086677226,35.708319438908234,36.06893550132141,10400000,CRM
2012-05-24,35.867774963378906,36.85640147785127,35.57093995534761,36.601269881268756,10060400,CRM
2012-05-25,36.061580657958984,36.79753128363161,35.865326409131924,36.09592487076083,9678400,CRM
2012-05-29,35.74020767211914,36.483517328263126,35.1293674501472,36.051761077854636,10981600,CRM
2012-05-30,34.5774040222168,35.07294503227538,34.221695392235326,34.92084980614589,13785200,CRM
2012-05-31,34.005821228027344,34.476829140241584,33.15457144207467,33.912603368568305,12621600,CRM
2012-06-01,32.13404846191406,32.958313046365376,32.038375061184766,32.931328049070586,15065600,CRM
2012-06-04,32.19048309326172,32.42844077962822,30.988429939714916,31.923088577485345,14039200,CRM
2012-06-05,32.80868148803711,33.17910863615023,31.842132363969714,32.07273083437019,10949200,CRM
2012-06-06,33.60350036621094,33.78748799988547,32.676202991950305,32.953412224522765,10435600,CRM
2012-06-07,33.25515365600586,34.00091902261595,33.18155784777959,33.93223059980164,7091200,CRM
2012-06-08,33.48329162597656,33.51763582849982,32.234626259927,33.19627141705279,8953200,CRM
2012-06-11,32.0040397644043,33.7310688420947,31.984413966071212,33.68936542435125,8252000,CRM
2012-06-12,32.033477783203125,32.30577966245293,31.142976334773532,32.30577966245293,9843600,CRM
2012-06-13,31.236196517944336,31.984413696417676,31.047301485914417,31.957428691841972,8401600,CRM
2012-06-14,31.73418426513672,31.800420855228108,30.725931976304526,31.226378518117638,12167600,CRM
2012-06-15,33.00984191894531,33.1349559353384,31.537940498707638,31.847042192630436,12874000,CRM
2012-06-18,33.559349060058594,33.78994752018088,31.92553778336268,32.215013640719945,11644400,CRM
2012-06-19,33.85617446899414,34.95028918131734,33.495558428282,33.93222583085705,10668400,CRM
2012-06-20,33.792396545410156,34.15546444022332,33.409702853142484,34.03035419259369,7940400,CRM
2012-06-21,32.57072067260742,33.792397591888026,32.54618748922001,33.20118305869089,8782000,CRM
2012-06-22,33.63539505004883,33.669739260949775,32.65167578241307,32.6614868098541,8194000,CRM
2012-06-25,32.91170883178711,33.228165914891335,32.55109277008811,33.169292267748965,5635200,CRM
2012-06-26,33.19873046875,33.52745415639377,32.87245860209289,33.05153885831104,4588400,CRM
2012-06-27,33.29439926147461,33.68200028802817,32.96322005567144,33.11286346628239,4570800,CRM
2012-06-28,32.32785415649414,33.22080733974132,31.805328068756758,33.11777471204796,7087600,CRM
2012-06-29,33.91750717163086,33.92977376308161,33.15457159954706,33.20118240111704,10560800,CRM
2012-07-02,34.116207122802734,34.15791052710841,33.345908823580075,33.58632196826515,8538800,CRM
2012-07-03,34.675537109375,34.9723683919422,33.98128999741895,34.064696825310726,3344400,CRM
2012-07-05,34.93802261352539,35.28637206427404,34.34435633183506,34.5774065725821,4278800,CRM
2012-07-06,33.30176544189453,34.24868871947462,32.74489509321245,34.24868871947462,11248400,CRM
2012-07-09,32.210105895996094,33.534815501485824,32.038384835023486,33.32384284279422,8984000,CRM
2012-07-10,31.613985061645508,32.79150683183052,31.400560574328196,32.53392335972153,8694400,CRM
2012-07-11,31.133161544799805,31.994222318965626,30.735747584063972,31.88873787288665,6042800,CRM
2012-07-12,31.28771209716797,31.643422662002614,30.617996255526936,31.39565211292732,6979200,CRM
2012-07-13,32.026119232177734,32.13651107883902,31.398106750607727,31.459437841843084,6668400,CRM
2012-07-16,31.398101806640625,32.0849878352119,31.263178667701837,31.8789225881262,4522800,CRM
2012-07-17,31.10127067565918,31.866658067840078,30.6891382830929,31.626248597287542,7252400,CRM
2012-07-18,33.09324264526367,33.47594008804477,31.743999926330577,31.974598371757253,12746400,CRM
2012-07-19,34.12602233886719,34.54796756079989,33.215895306739505,33.29930586883321,10063200,CRM
2012-07-20,33.15703201293945,33.85863847361638,32.99757378723546,33.85863847361638,6290000,CRM
2012-07-23,32.13650131225586,32.558446514440654,31.618882706275528,32.42597334411614,10374400,CRM
2012-07-24,31.086551666259766,32.16594431364511,30.799531399703728,32.08744486778851,15500000,CRM
2012-07-25,30.743104934692383,31.677763325861243,30.69158862519786,31.403005931986034,9948400,CRM
2012-07-26,30.568931579589844,32.07517682733519,30.146986315365865,31.488869729513414,18435600,CRM
2012-07-27,32.256717681884766,32.722818253455486,30.752924019759337,30.752924019759337,16979200,CRM
2012-07-30,30.878028869628906,32.27633586942805,30.671961767170387,32.27633586942805,14448400,CRM
2012-07-31,30.50760269165039,31.45452585369749,30.330974265541442,30.94917375692276,9177600,CRM
2012-08-01,30.55911636352539,31.30978523800766,30.166609823652927,31.246004212016317,8856800,CRM
2012-08-02,29.77410888671875,30.725937658978456,29.48218121543188,30.144536009133446,10301200,CRM
2012-08-03,31.466794967651367,31.555109187787355,29.808452454854567,30.446275922355145,10586400,CRM
2012-08-06,32.55845642089844,32.958324130774734,31.334325720976672,31.658143925800722,11321200,CRM
2012-08-07,33.529903411865234,34.096588448429046,32.649216867317655,32.78904926085931,11107600,CRM
2012-08-08,33.25270462036133,33.65502416336222,33.06380957017986,33.26497121329961,8405200,CRM
2012-08-09,33.79484939575195,34.086777059017834,33.208542248177984,33.230623610510726,6166400,CRM
2012-08-10,34.305110931396484,34.65100862382392,33.73597772738652,33.799758767376034,10627600,CRM
2012-08-13,35.60773849487305,35.91438455060994,34.96500955988467,35.20296719859554,17647600,CRM
2012-08-14,34.97236633300781,35.64208022404377,34.71233109474963,35.64208022404377,10455600,CRM
2012-08-15,35.35751724243164,35.423750093904395,34.86442799981817,35.036152781900455,4846400,CRM
2012-08-16,36.0517692565918,36.24556793898686,35.00671698328751,35.01653175440836,9492400,CRM
2012-08-17,36.11799240112305,36.40746817950279,35.96834899931157,36.40746817950279,6748000,CRM
2012-08-20,36.201416015625,36.28236729697794,35.15391182518179,36.120460991033305,10104400,CRM
2012-08-21,36.21858215332031,37.01095458691807,36.00270211217137,36.574290862403764,8800800,CRM
2012-08-22,36.458988189697266,36.62089820525762,35.6003792349377,36.287267147392946,8528800,CRM
2012-08-23,36.00515365600586,36.618445756024585,35.71077419664446,36.45898756407697,16410800,CRM
2012-08-24,36.439361572265625,36.672415563613214,34.53325243076108,34.6093000518375,28062400,CRM
2012-08-27,36.566932678222656,37.280805680695416,36.064032337342724,36.108191321193445,12876400,CRM
2012-08-28,35.60038375854492,36.243116517464976,35.24222321669122,36.04440670407998,14783200,CRM
2012-08-29,35.71813201904297,35.88003828231656,35.337890183110325,35.55867383327108,8646000,CRM
2012-08-30,35.00426483154297,35.526790963260325,34.866887983055754,35.411491734728905,7556000,CRM
2012-08-31,35.61509704589844,35.93400968664857,35.03124551191247,35.39186156628747,8144400,CRM
2012-09-04,35.53169631958008,35.75002819500921,35.05823653368713,35.50225949155232,7312800,CRM
2012-09-05,35.504703521728516,35.713224323137204,35.08275827747494,35.48017408483427,6233600,CRM
2012-09-06,36.52522277832031,36.770539609054744,35.548862840103844,35.6935988718601,9194000,CRM
2012-09-07,36.692039489746094,36.937356315934444,36.32160868652955,36.50068892154049,6190400,CRM
2012-09-10,36.635616302490234,36.98887315404825,36.43200287434949,36.76073028763917,4713200,CRM
2012-09-11,36.9913215637207,37.09680974258452,36.35350007899188,36.571831898607584,6767600,CRM
2012-09-12,37.46234130859375,37.98241188131947,37.04529963006178,37.06492542908291,10642000,CRM
2012-09-13,38.512290954589844,38.76005960831791,37.474598056020746,37.66104124474561,10942800,CRM
2012-09-14,39.110862731933594,39.71679563746338,38.40680458587378,38.448508000260944,13426800,CRM
2012-09-17,38.79931640625,39.22126171502584,38.67420240897774,39.00783349630658,5740800,CRM
2012-09-18,38.3405647277832,38.76005814332093,38.22772108509802,38.63739973147498,6022800,CRM
2012-09-19,38.75515365600586,38.988203907288046,37.911263120499946,38.2448941753921,8056000,CRM
2012-09-20,38.27433395385742,38.90725184245653,37.781244715853695,38.764967627819104,7120800,CRM
2012-09-21,38.07316970825195,38.69872834778281,38.02655891354263,38.411708117624855,9854000,CRM
2012-09-24,37.67330551147461,38.04863994330116,37.30042290026087,37.724819947006644,4796000,CRM
2012-09-25,37.32005310058594,38.22527286417336,37.31759753644567,37.756716788419965,6296800,CRM
2012-09-26,36.5374870300293,37.1360606576294,35.870224993678775,37.05755748006462,8626400,CRM
2012-09-27,37.577640533447266,37.820505609351784,36.62090613122726,36.89565985837992,6900000,CRM
2012-09-28,37.45743179321289,37.84748470057892,37.067378885846864,37.212114934254906,6212800,CRM
2012-10-01,37.07719039916992,37.6536865225729,36.69449669309742,37.57518332992302,8091600,CRM
2012-10-02,37.51875686645508,37.74935528733916,36.863761374527336,37.16550002963162,5214800,CRM
2012-10-03,38.52455139160156,38.710994568662784,37.6144280944543,37.656131504260735,8752000,CRM
2012-10-04,38.71834945678711,38.78703785860247,37.99221011057698,38.15657191086638,6671200,CRM
2012-10-05,37.9578742980957,39.21389908722891,37.717464838613125,39.12558487348703,6718400,CRM
2012-10-08,37.680667877197266,38.37981862072537,37.46478786155962,37.77143390957315,4539200,CRM
2012-10-09,37.32250213623047,37.87691682104473,36.844135069329035,37.545741348530385,5986400,CRM
2012-10-10,36.8367805480957,37.43535428463578,36.47370890063612,37.33231790952007,4948000,CRM
2012-10-11,37.43780517578125,38.01920492094841,37.20229934931208,37.52366757183227,5578800,CRM
2012-10-12,37.604618072509766,37.96278231846803,37.33722360592967,37.59725886651127,4350000,CRM
2012-10-15,37.81559371948242,38.01184796260574,37.17041290179578,37.55310661710517,3823600,CRM
2012-10-16,38.13695526123047,38.18846969826697,37.67821025308238,37.96277866845723,4082400,CRM
2012-10-17,37.19740295410156,38.08299711781329,36.95944526030375,38.011853120199305,6300000,CRM
2012-10-18,36.82206344604492,37.31024161851369,36.51786918164734,37.08455054876259,6157600,CRM
2012-10-19,36.554664611816406,37.089457322621186,36.40992856021685,36.716574640676065,8387200,CRM
2012-10-22,36.21612548828125,36.79752518842221,35.880038879491934,36.620896768058756,6422400,CRM
2012-10-23,36.503150939941406,36.674871999989335,35.69605634285859,35.78682612999978,4791600,CRM
2012-10-24,36.36085891723633,37.07963539433257,36.17687130447602,36.748459937306556,5813600,CRM
2012-10-25,35.646995544433594,36.60863727322266,34.96746673280684,36.54976361718242,17436800,CRM
2012-10-26,35.97571563720703,36.14253304670801,35.63718091942718,35.72058775255858,8319200,CRM
2012-10-31,35.81135940551758,36.12536473272404,35.328084821268504,35.534153858629246,6795600,CRM
2012-11-01,35.87023162841797,36.051767452686164,34.10885462419969,35.1416402535451,10004000,CRM
2012-11-02,35.96345138549805,36.40992610201924,35.786822955619456,36.100828221350724,7022400,CRM
2012-11-05,35.593017578125,36.02968123130347,35.17352789961334,36.02968123130347,6740400,CRM
2012-11-06,36.23820877075195,36.569388046521766,35.69360501335712,35.69360501335712,3989600,CRM
2012-11-07,35.943824768066406,36.24311161501623,35.77946293297723,35.79418134459149,5667600,CRM
2012-11-08,35.14900207519531,36.000251943610635,34.95765520929823,35.88250088995978,8838400,CRM
2012-11-09,34.624019622802734,35.39922175740773,34.59458279900999,34.93802488738536,6524000,CRM
2012-11-12,34.75648880004883,35.03860541771892,34.28302908599116,34.75158515828058,4833200,CRM
2012-11-13,34.616661071777344,35.001806582225115,34.11866816259238,34.393421838490816,4170000,CRM
2012-11-14,34.26585006713867,35.28146524939601,34.18735063478161,35.00916344181341,5552000,CRM
2012-11-15,34.5234375,34.59458147910208,34.21188781144552,34.39096805474884,4548400,CRM
2012-11-16,35.39922332763672,35.54641119636736,34.381156121868415,34.680442987830354,6346000,CRM
2012-11-19,36.140079498291016,36.6920424010093,35.64699024285703,35.64699024285703,8460800,CRM
2012-11-20,35.79173278808594,36.68223429747773,35.41639824548449,36.14744527351858,12270000,CRM
2012-11-21,38.95140838623047,39.027456009333825,36.74846416416774,36.82205996638447,27916800,CRM
2012-11-23,39.11576461791992,39.17464199990357,38.0265573822659,38.36018839369833,8430800,CRM
2012-11-26,39.30466842651367,39.37335684928389,38.41662257267137,38.48285543111803,10954400,CRM
2012-11-27,38.36019515991211,39.06670889538542,38.303773331749156,38.60796757746419,11893200,CRM
2012-11-28,38.72571563720703,38.78213746102569,38.02410934092877,38.05354616322758,6702000,CRM
2012-11-29,38.944053649902344,39.2016371156045,38.72572178231904,38.75515860928897,5776800,CRM
2012-11-30,38.67910385131836,38.95140568033729,38.5000236148472,38.804214086128994,3504000,CRM
2012-12-03,38.52701187133789,39.128037402541224,38.482852892048726,38.931783174758614,4642000,CRM
2012-12-04,38.500022888183594,38.67910312127473,38.05109265188308,38.52455232459684,3894000,CRM
2012-12-05,38.48284912109375,38.549085711917904,37.58989602825996,38.3233946822168,5315200,CRM
2012-12-06,38.615325927734375,38.934238578663695,38.269428273805545,38.38963487684665,5110000,CRM
2012-12-07,38.4411506652832,38.87536254939919,38.293962797324646,38.53682408958962,5182000,CRM
2012-12-10,38.863094329833984,38.877812741689425,38.36510143145553,38.44114905486731,3867600,CRM
2012-12-11,40.47727584838867,40.69560767141714,38.845920470582016,38.845920470582016,17480400,CRM
2012-12-12,40.97527313232422,41.24021577935943,40.33008861936147,40.52143546279167,9206000,CRM
2012-12-13,40.87959671020508,41.068491718838246,40.6122022618627,40.76429749977528,6459200,CRM
2012-12-14,40.921302795410156,41.25248203733904,40.55087570268189,40.55087570268189,5086800,CRM
2012-12-17,41.43647766113281,41.83879721947809,40.393880856670606,40.42086586486859,10098400,CRM
2012-12-18,41.924644470214844,42.10863209148829,41.38985558113413,41.46099581433526,4890000,CRM
2012-12-19,41.66952133178711,42.378486896270154,41.65725474033303,42.017870818301596,4176000,CRM
2012-12-20,41.723480224609375,41.76273180951068,41.34078662991457,41.70385443215872,4705200,CRM
2012-12-21,41.446285247802734,41.640087675103544,41.08566914239645,41.196060987406064,10731600,CRM
2012-12-24,41.54440689086914,41.56648450731594,41.21322767121604,41.303993700989174,1648000,CRM
2012-12-26,40.806007385253906,41.62536483524346,40.54106471563533,41.50761378538133,3720400,CRM
2012-12-27,40.78147506713867,41.07830636361471,39.90324028255506,40.79128609425239,5888800,CRM
2012-12-28,40.276119232177734,40.661268489130734,40.116664774613646,40.33990400979387,4128400,CRM
2012-12-31,41.23776626586914,41.29418809638688,39.964571144946866,40.185354824877706,6147200,CRM
2013-01-02,41.990882873535156,42.675318950413214,40.938475281473046,42.1380744741991,8162800,CRM
2013-01-03,41.38740921020508,42.326969492511196,41.24266941755032,41.72104029044213,5707600,CRM
2013-01-04,41.608192443847656,41.799539293668786,41.230406129473124,41.375142177346355,3296400,CRM
2013-01-07,41.45364761352539,41.52724343021959,40.90904381052254,41.52724343021959,4185600,CRM
2013-01-08,41.69650650024414,41.8755867578183,41.102840155257866,41.544411246680184,3953600,CRM
2013-01-09,42.15279769897461,42.285267160108305,41.539505531573894,41.730852388343855,3856000,CRM
2013-01-10,42.4692497253418,42.64342632705371,41.66215897670302,42.34168766492748,4749200,CRM
2013-01-11,42.525672912597656,42.59926496516409,42.005598700622976,42.31470029435266,5296800,CRM
2013-01-14,42.687583923339844,42.87647894684216,42.30489023444337,42.425096839079046,3814000,CRM
2013-01-15,42.84458541870117,42.92063678485881,41.990883847468176,42.304889109145556,4128000,CRM
2013-01-16,41.61554718017578,42.861757134409814,41.03414748687844,42.68512871612545,16573600,CRM
2013-01-17,41.9810676574707,42.523215721228425,41.80689107217505,41.89520527511245,6331600,CRM
2013-01-18,41.70877456665039,42.219034096644606,41.12491922827694,42.07674986530829,6346000,CRM
2013-01-22,40.94093322753906,41.770105465073186,40.75203818518161,41.708776246160625,7501600,CRM
2013-01-23,41.80690383911133,42.125816543954286,41.00717212729538,41.02189054174005,5760000,CRM
2013-01-24,42.26563262939453,42.56001580351735,41.8240653546854,41.887846379351984,5149600,CRM
2013-01-25,42.65079116821289,43.111988081652235,42.34414508071085,42.486429314500405,6508000,CRM
2013-01-28,43.68357467651367,43.88963993874187,43.33522144429785,43.502038854128905,8180000,CRM
2013-01-29,42.854400634765625,43.17331328476191,42.27054534061417,42.85685245567185,6209600,CRM
2013-01-30,42.26809310913086,43.28370469690802,42.13071627495625,42.9402588682335,7241600,CRM
2013-01-31,42.226383209228516,42.876471250829674,41.85104879377767,42.540388422896704,4999600,CRM
2013-02-01,42.94517135620117,43.13651821842948,42.496241027669086,42.68022868313772,5174000,CRM
2013-02-04,42.38093566894531,42.88629150054236,42.15770019078559,42.63361171312489,5354400,CRM
2013-02-05,42.29261779785156,42.6262488190509,41.97370893000722,42.45698335946297,3767200,CRM
2013-02-06,42.02277755737305,42.51831864724052,41.868226742552054,42.06448097308514,4883200,CRM
2013-02-07,41.71612548828125,42.31715094141029,41.49779367083478,42.13561514922654,4346000,CRM
2013-02-08,41.69159698486328,42.05712043082808,41.57629776845955,41.821614613022724,4284000,CRM
2013-02-11,41.85841751098633,42.01051276813545,41.48062744593828,41.90502831385158,5684000,CRM
2013-02-12,42.282814025878906,42.43981666612812,41.819165311452466,41.882946347315574,5906400,CRM
2013-02-13,42.26809310913086,42.52812836570966,41.703863617424,42.282811520901284,4106800,CRM
2013-02-14,42.79798126220703,43.043298123465675,42.08656011861404,42.265640379226134,6841200,CRM
2013-02-15,42.937808990478516,43.136515044847556,42.34414264836475,42.86912057028275,5413600,CRM
2013-02-19,42.88874816894531,43.11198741557497,42.633616531871894,42.85685577850156,3497200,CRM
2013-02-20,41.96880340576172,43.082540158449774,41.96389602109254,42.90100810130532,5296800,CRM
2013-02-21,41.34815216064453,41.98842923226851,41.15680533402015,41.922192640517686,5466800,CRM
2013-02-22,41.841243743896484,41.841243743896484,41.39722081877325,41.740662931233686,4078400,CRM
2013-02-25,40.11175537109375,41.93936883326414,40.05533354570461,41.65234483491024,10159600,CRM
2013-02-26,40.07496643066406,40.889416541309664,39.80511636022325,40.18535828012127,6919200,CRM
2013-02-27,40.95319747924805,41.26475094162347,39.74133158388312,40.07741448647849,6224400,CRM
2013-02-28,41.512516021728516,41.67932967640525,40.98508631229352,40.98508631229352,14840000,CRM
2013-03-01,44.647674560546875,44.951868855668195,41.89767054086398,43.5437485411927,26723200,CRM
2013-03-04,45.60194778442383,45.78348359576524,44.52009960868045,44.65257280008141,9554000,CRM
2013-03-05,45.572509765625,45.60194658816947,44.902792106835314,45.07451688697905,9381200,CRM
2013-03-06,45.719696044921875,45.98954605306653,45.278128749030955,45.54552319322301,4816400,CRM
2013-03-07,45.25360107421875,45.76386058781618,45.15792764937162,45.74423478999649,3820000,CRM
2013-03-08,45.59214401245117,45.64120664019857,44.91016338001823,45.58232924095856,4218400,CRM
2013-03-11,45.61421203613281,46.10484569685363,45.508723852594194,45.51117941656997,4032000,CRM
2013-03-12,44.35083770751953,44.97149286636621,44.27969745835103,44.81939385324001,8922000,CRM
2013-03-13,44.380271911621094,44.56180398363876,43.89944924206605,44.525007953699514,6623200,CRM
2013-03-14,43.78660202026367,44.868446387944864,43.754709634756296,44.55934853192706,7147600,CRM
2013-03-15,43.29842758178711,44.117785029716806,43.2223799509582,43.7718873444256,9867600,CRM
2013-03-18,42.717018127441406,43.42107618756191,42.640970513827526,43.004038351357124,6496800,CRM
2013-03-19,42.00560760498047,42.86421667048187,41.794634942013445,42.81270222276533,7280800,CRM
2013-03-20,42.319610595703125,42.60908643989183,42.14053033421279,42.47661323794909,4590400,CRM
2013-03-21,42.37358093261719,42.606631205110546,41.73821115230466,41.892761974687055,6500000,CRM
2013-03-22,43.190486907958984,43.45052218747599,42.45208448751558,43.028576877725946,7256400,CRM
2013-03-25,42.38093566894531,43.24200016769671,42.24846622318858,43.16104516180841,5163200,CRM
2013-03-26,42.584556579589844,42.88384347460811,41.99579756103112,42.56247895862256,4500800,CRM
2013-03-27,43.14632797241211,43.217468210562664,42.312248452000595,42.42018846290874,5028400,CRM
2013-03-28,43.87001037597656,43.96568379260307,42.950072237937896,43.13405986554563,6541200,CRM
2013-04-01,43.026123046875,44.07117150156444,42.864213024204794,43.83812123797207,4823200,CRM
2013-04-02,43.01140213012695,43.49222104169698,42.88383632485335,43.418628984075596,3875600,CRM
2013-04-03,41.33834457397461,43.13897325151104,40.89186981535381,42.88629717390533,8306000,CRM
2013-04-04,40.823184967041016,41.37514797500023,40.359536190084825,41.3408037597901,5673200,CRM
2013-04-05,40.58031463623047,40.653910443067126,39.5745177535903,39.65792458782733,5285200,CRM
2013-04-08,40.933563232421875,41.01451822923885,40.22459779837467,40.46746278882561,3674400,CRM
2013-04-09,40.55823516845703,41.09302410349981,40.12157147589831,41.09302410349981,5304000,CRM
2013-04-10,41.40458297729492,41.51007118286775,40.6023957263502,40.70788393192303,4476400,CRM
2013-04-11,40.84770202636719,41.29663225259189,40.63182577188249,41.09547440827233,6846000,CRM
2013-04-12,41.58611297607422,41.66951980572629,40.35462135530124,40.81091084071988,7168400,CRM
2013-04-15,40.52143096923828,41.68914144074355,40.52143096923828,41.208318821317086,7120000,CRM
2013-04-16,41.79954147338867,41.80199329453129,40.73977453782632,40.90413639210323,6039200,CRM
2013-04-17,41.05378341674805,41.865781731205345,40.63919726991306,41.421758755135734,22142000,CRM
2013-04-18,40.26140594482422,41.12492242762616,39.99646325999049,40.398782801425725,4476800,CRM
2013-04-19,40.11420440673828,40.477272224646846,39.00537141647787,40.25158121658275,8713600,CRM
2013-04-22,39.564701080322266,40.39877686905914,39.37826162277491,40.2908405998926,4897800,CRM
2013-04-23,40.31047058105469,40.77166375932882,39.84927365954212,39.9473989119651,4115200,CRM
2013-04-24,40.143646240234375,40.752030935510284,40.104394648735855,40.25158624523642,2671100,CRM
2013-04-25,39.9964599609375,40.39877946918796,39.85908311566733,40.33009104655288,5148900,CRM
2013-04-26,39.947391510009766,40.3300851640829,39.86889207126443,40.074957309113394,2646100,CRM
2013-04-29,40.24177932739258,40.50672200684438,39.79039716680294,39.986651419349286,2651800,CRM
2013-04-30,40.33990478515625,40.4674705996023,39.947396314509106,40.28102739158772,3806600,CRM
2013-05-01,40.78147506713867,41.39967084273222,40.34971500937262,40.438029226348576,6423600,CRM
2013-05-02,41.085670471191406,41.31136155411261,40.722602532860655,40.987545215395606,3598400,CRM
2013-05-03,41.4487419128418,41.70386982237726,41.27211345884088,41.47817874076243,2897000,CRM
2013-05-06,41.64498519897461,42.03749363827297,41.50760836819155,41.53704893424356,4305700,CRM
2013-05-07,41.62535858154297,42.04730383533174,41.3211681031635,41.841238593222194,2803000,CRM
2013-05-08,41.5762939453125,41.79217394651301,41.40948030310312,41.63517133015927,3029900,CRM
2013-05-09,42.3416862487793,42.95988196369296,41.48798098739571,41.5566694001639,6062100,CRM
2013-05-10,43.34257507324219,43.42107825441104,42.400559358642184,42.400559358642184,4287000,CRM
2013-05-13,43.13650894165039,43.72527155847596,43.008946889756835,43.49958053215933,2945200,CRM
2013-05-14,44.13740539550781,44.19628278466265,43.18557485864643,43.22482645141633,4117200,CRM
2013-05-15,43.95096969604492,44.225723382409335,43.5780870193802,44.18647178628921,3099500,CRM
2013-05-16,45.285491943359375,46.423761976022796,44.44160138163272,44.539726624198956,7165000,CRM
2013-05-17,45.91350173950195,45.952753333191,44.89298276301477,45.31492803707701,4787600,CRM
2013-05-20,46.12937545776367,46.68870127869049,45.9429360129466,46.25694125855314,6331700,CRM
2013-05-21,45.462120056152344,46.22750742387478,45.432679488998225,46.168630032804586,6112600,CRM
2013-05-22,44.922420501708984,46.33544795739326,44.67710365101247,45.56024581081515,6717200,CRM
2013-05-23,44.8341064453125,45.18736331049096,42.214124267302395,42.62625478118521,12218700,CRM
2013-05-24,42.439815521240234,42.99913764599175,41.01697702679381,41.94918181579237,21576800,CRM
2013-05-28,41.01697540283203,42.71456750728127,40.8403469764049,42.71456750728127,10067300,CRM
2013-05-29,41.14453887939453,41.56648412493922,40.08476838084383,40.408588392035796,8799500,CRM
2013-05-30,41.9589958190918,42.16506483485765,41.2132341809378,41.30154840391221,5557500,CRM
2013-05-31,41.537052154541016,42.25337693004377,41.29173529677001,41.72349161888123,5758500,CRM
2013-06-03,40.27122116088867,41.64499348530406,39.339016239497624,41.576305056245225,8969800,CRM
2013-06-04,37.09190368652344,39.43713196591383,36.866212653699016,38.51474203916564,29720600,CRM
2013-06-05,37.239097595214844,38.08298813584696,36.983965981739196,37.95542232910913,18556600,CRM
2013-06-06,37.34703826904297,37.68066933189131,36.40501872831716,37.1605950689807,10970900,CRM
2013-06-07,38.86799621582031,38.89743303536647,37.553097956354655,37.66103795234055,10146600,CRM
2013-06-10,37.95542526245117,39.221261171228036,37.79842262019314,39.201635373041,10800800,CRM
2013-06-11,36.88583755493164,37.60216222694019,36.64052073260388,37.52366279027888,8942900,CRM
2013-06-12,36.87602615356445,37.78860127955258,36.5914577441849,37.40590763953617,7769100,CRM
2013-06-13,37.09190368652344,37.26853210234041,36.17932478588164,36.758272650340004,5839000,CRM
2013-06-14,36.85640335083008,37.99467333751661,36.79752596172567,37.08209439420678,4942800,CRM
2013-06-17,37.50404357910156,38.092802558749185,36.385399271828106,36.52277611752999,6521400,CRM
2013-06-18,37.53347396850586,37.79841658688383,37.3274087352911,37.53347396850586,3207200,CRM
2013-06-19,36.94472122192383,37.77879706236913,36.87603279945131,37.53348019832777,4960400,CRM
2013-06-20,36.061580657958984,37.08209975726893,35.89476697956098,36.660154432424214,5537300,CRM
2013-06-21,37.582542419433594,38.10261671102576,35.41394226294238,36.30689548874689,15540200,CRM
2013-06-24,36.25783157348633,36.92509371221169,35.45319259618306,36.92509371221169,8583200,CRM
2013-06-25,36.7386474609375,37.52366431895729,36.640522225303926,36.905464853399934,5831200,CRM
2013-06-26,37.28816223144531,37.484416465521605,37.01340854968141,37.04284537465949,5046600,CRM
2013-06-27,38.1124267578125,38.22036677297389,37.582541452422866,37.62179304761576,5187200,CRM
2013-06-28,37.46479034423828,37.84748403860105,37.10172244743746,37.71991822606742,5064800,CRM
2013-07-01,37.09190368652344,37.99467156105884,37.05265209562239,37.83766894069239,3799100,CRM
2013-07-02,37.454978942871094,37.6806737635155,37.023222587386506,37.03303735866938,4111000,CRM
2013-07-03,37.82786560058594,38.01430884207864,37.072289092022174,37.18022912799398,2292300,CRM
2013-07-05,38.21055603027344,38.33812185647779,37.61198598505909,38.23018182993861,2824600,CRM
2013-07-08,37.71010971069336,38.62268877029939,37.61198445958581,38.2988687038154,3846100,CRM
2013-07-09,37.99467849731445,38.08299272134546,37.229287307966224,37.76898742328819,3796000,CRM
2013-07-10,38.99557113647461,39.221262206726706,37.857301014242346,38.04374048708407,4668200,CRM
2013-07-11,40.742218017578125,40.918846427882755,39.4076939144932,39.45675652996946,6911700,CRM
2013-07-12,41.63517379760742,41.80198744970277,40.55578121411154,40.78147225454294,5274600,CRM
2013-07-15,41.193603515625,41.635174578330854,40.516530381634645,41.47817194972854,4151300,CRM
2013-07-16,41.056236267089844,41.26230156337423,40.62447987345986,41.154361529157036,3897400,CRM
2013-07-17,41.9099235534668,41.93936411651184,40.948282092966544,41.213224700946846,4606300,CRM
2013-07-18,41.1151008605957,42.19449337999828,40.761844038031185,41.75292235179263,5920400,CRM
2013-07-19,41.70386505126953,41.949181904512294,40.91885186954032,41.06603973554311,6078500,CRM
2013-07-22,41.25248718261719,41.72349514009924,41.05623293119004,41.70386934063268,3133800,CRM
2013-07-23,41.74311447143555,42.35149918767534,41.223040224253765,41.340795002806956,4638200,CRM
2013-07-24,41.22303771972656,42.714564468307174,41.164164077264786,42.2043050219582,6022200,CRM
2013-07-25,42.410377502441406,42.65569434825703,41.272107487586425,41.330981134909855,5236900,CRM
2013-07-26,42.410377502441406,42.51831751351836,41.48798376650233,42.165060656625776,2733000,CRM
2013-07-29,42.498695373535156,42.6164464215521,41.71367840478667,42.351503756085236,3087200,CRM
2013-07-30,43.16595458984375,43.58789612822913,42.70475771382787,42.773446132395584,4357900,CRM
2013-07-31,42.930450439453125,43.46033575468298,42.832325192886806,43.13651570318533,3263200,CRM
2013-08-01,44.294410705566406,44.74579282003956,43.32295805673237,43.3425801110676,5479000,CRM
2013-08-02,44.667301177978516,44.74580063875056,44.08835314973433,44.12760475173975,3494500,CRM
2013-08-05,44.8341064453125,45.23642593215728,44.402350134115544,44.46122752605798,2620900,CRM
2013-08-06,44.56916427612305,44.794859076045825,44.05890851341575,44.52991642431042,2750300,CRM
2013-08-07,44.078529357910156,44.35328677248624,43.36220461246593,44.35328677248624,3000300,CRM
2013-08-08,44.39253616333008,44.83410347228396,44.12759353201505,44.35328457130463,3400700,CRM
2013-08-09,44.36309814453125,44.72616977675347,44.01965605268651,44.38272394167067,2543800,CRM
2013-08-12,44.53972244262695,44.82429085988587,44.215906177969124,44.29440561600465,2862900,CRM
2013-08-13,44.22572708129883,44.647672416784665,43.66640489114105,44.51029556211273,3644600,CRM
2013-08-14,43.823402404785156,44.40235032673061,43.36220552399728,44.255158717855046,3741400,CRM
2013-08-15,42.783260345458984,43.35239727681884,42.05712451131379,43.28370885313587,5910700,CRM
2013-08-16,43.00895309448242,43.28370677602937,42.65569622207168,42.71456987198136,4073400,CRM
2013-08-19,42.626251220703125,43.34257591826496,42.53793701178521,42.979508056374776,3482000,CRM
2013-08-20,42.57719802856445,43.03839497092528,42.21413008630093,42.61644962860338,3571400,CRM
2013-08-21,42.68513870239258,43.322964111332986,42.43001078475961,42.61645027290529,5379900,CRM
2013-08-22,42.930450439453125,43.13651570318533,42.68513357979911,42.930450439453125,2964900,CRM
2013-08-23,42.77344512939453,42.9108219633086,42.19449722701527,42.341688830916326,4312800,CRM
2013-08-26,42.58700942993164,43.018765766475525,42.34169256396023,42.35150359157423,5731000,CRM
2013-08-27,41.664608001708984,42.174867438840145,41.53704594985442,42.115990054204296,5589800,CRM
2013-08-28,41.97861862182617,42.43981550258058,41.58611390358332,41.65480232285677,5877500,CRM
2013-08-29,42.83232879638672,43.15614513188894,41.32117591540694,41.56649279569956,13186500,CRM
2013-08-30,48.20967483520508,49.00449913946216,46.492456656344466,46.777021395408624,31862700,CRM
2013-09-03,48.6512336730957,49.21055572477656,48.20966264723249,48.533478904040436,10222700,CRM
2013-09-04,47.856414794921875,48.327422729697844,47.39521788778697,47.895666391962784,8027400,CRM
2013-09-05,47.689598083496094,48.19985762284955,47.463907012034866,47.55222123506216,5991900,CRM
2013-09-06,47.56202697753906,48.32741426965903,47.120455946224595,47.777903236996835,5185300,CRM
2013-09-09,48.27835464477539,48.27835464477539,47.63071833980075,47.68959198546524,5220300,CRM
2013-09-10,49.08299255371094,49.141869941385934,48.425541492672494,48.523670472130824,5138200,CRM
2013-09-11,48.945621490478516,49.4755030690112,48.56292778361225,48.857307270183355,4309400,CRM
2013-09-12,49.02411651611328,49.65212702899013,48.474609188965005,48.89655445416125,3839600,CRM
2013-09-13,48.710105895996094,49.151676909001196,48.258723857474216,48.98485952931593,3350800,CRM
2013-09-16,48.71992111206055,49.51474519952971,48.56291849968809,49.25961735813854,3347600,CRM
2013-09-17,48.965240478515625,49.52456254818077,48.76898626701749,48.91617411821279,3167000,CRM
2013-09-18,51.50672149658203,51.58522093298976,48.935798511760694,48.994675896494726,10464300,CRM
2013-09-19,52.38005447387695,53.23375605747544,51.67354075325032,51.67354075325032,6897600,CRM
2013-09-20,51.771663665771484,53.00806262123646,51.76185263931002,52.49780315076941,6106400,CRM
2013-09-23,51.369346618652344,52.64499722643728,50.91796451543758,51.84035826218903,4339300,CRM
2013-09-24,51.16327667236328,51.74222453191358,50.74133143184844,51.192713493670645,2979400,CRM
2013-09-25,51.487098693847656,52.164171813067775,51.0259018447227,51.07496446323352,4045800,CRM
2013-09-26,52.3211784362793,52.929563187425394,51.85998155191277,51.86979632230762,4141300,CRM
2013-09-27,51.44784927368164,52.09548559778364,51.330098235637095,52.036608207142365,3948100,CRM
2013-09-30,50.93758773803711,51.27121878512437,49.809128793796646,50.182011433067785,5051500,CRM
2013-10-01,51.644100189208984,51.8305396327665,50.95721231537102,51.16327755455107,3753300,CRM
2013-10-02,52.15436553955078,52.15436553955078,51.065158090455746,51.27122335292287,3207700,CRM
2013-10-03,51.02590560913086,52.340804095711064,50.741337160241244,52.02679882219085,3089100,CRM
2013-10-04,51.840362548828125,52.3702441409558,51.104411941899194,51.2614145883145,3600800,CRM
2013-10-07,51.18290328979492,52.20342220153674,51.04552646383694,51.43803114611149,2974800,CRM
2013-10-08,49.200748443603516,51.830545460931695,48.57273788601557,51.56560280509212,5746200,CRM
2013-10-09,48.97505569458008,49.55400360924935,47.787723041131635,49.31849778665589,4749700,CRM
2013-10-10,50.57452392578125,50.80021498408788,49.17131121015635,49.25962542803617,4789800,CRM
2013-10-11,50.113319396972656,50.908147236688365,49.946505757102585,50.57451621371064,2614300,CRM
2013-10-14,50.211448669433594,50.25070026194099,49.03393084011487,49.56381236601314,3866500,CRM
2013-10-15,49.76988220214844,50.56470637614281,49.65212742262205,50.1623869041892,3661500,CRM
2013-10-16,51.59504318237305,51.938485285020086,50.02501305097959,50.02501305097959,5546400,CRM
2013-10-17,52.01698303222656,52.105297247625444,51.27122145804341,51.516538307124954,3001700,CRM
2013-10-18,53.08656692504883,53.13563329156393,52.31136849350226,52.50761898660981,4548400,CRM
2013-10-21,54.067832946777344,55.18648094166438,53.70476505215613,55.098166724784825,4200400,CRM
2013-10-22,53.26319122314453,54.460338602881855,52.01698122394409,54.332772797687404,5078500,CRM
2013-10-23,52.34080505371094,53.027693005822904,51.98754817872546,52.939378787076535,2532500,CRM
2013-10-24,53.36132049560547,53.518323124684336,52.635180996592005,52.74312100594084,3193100,CRM
2013-10-25,53.5379524230957,53.86176872908481,52.64499920994524,53.52813765256496,2715100,CRM
2013-10-28,52.48799514770508,53.78326782302446,51.222159296703566,53.53795097174066,4450100,CRM
2013-10-29,52.694061279296875,53.076754974735444,51.81091910271699,52.743123901720615,3553400,CRM
2013-10-30,51.801109313964844,53.0963820417567,51.63429190185016,52.82162835502456,4280300,CRM
2013-10-31,52.36042785644531,52.703869941236604,51.526348339721075,51.80110575079209,3504400,CRM
2013-11-01,52.94918441772461,53.606635477658756,52.53705393440532,52.53705393440532,4330500,CRM
2013-11-04,54.53885269165039,54.62716317839568,53.13563978370441,53.4790819318428,4889200,CRM
2013-11-05,54.64677810668945,54.66640390314116,53.82251337190743,54.36221341623453,4262000,CRM
2013-11-06,54.195396423339844,54.901910127933554,53.63607432161581,54.86265853473658,4634200,CRM
2013-11-07,53.33188247680664,56.1677484488204,53.18469461058548,54.862660990878325,6338600,CRM
2013-11-08,54.450531005859375,54.50940465562812,53.33188299815725,53.33188299815725,4167400,CRM
2013-11-11,55.068721771240234,55.08834756712134,54.00895499632521,54.63696549156934,3391900,CRM
2013-11-12,55.647674560546875,56.42287672170925,54.911723994611535,55.07854140270738,6072000,CRM
2013-11-13,56.138309478759766,56.67800582340744,55.58880210671336,55.69673838105231,4583700,CRM
2013-11-14,55.92243194580078,56.6093161456153,55.67711509065612,56.02055719056339,4850200,CRM
2013-11-15,56.23643493652344,56.80556807085622,55.706549652558515,56.314934380497135,5295000,CRM
2013-11-18,54.47015380859375,57.27657927876153,54.175774325991426,57.10976561114089,15146000,CRM
2013-11-19,51.752044677734375,54.33277526229135,51.565601474784124,54.33277526229135,16325400,CRM
2013-11-20,52.605743408203125,53.773450211039446,52.33098974712114,52.45855180791612,7664600,CRM
2013-11-21,53.42019271850586,53.48888113294516,52.74311960050225,52.860870633364215,5691100,CRM
2013-11-22,53.6655158996582,54.05802437992828,53.479076430310975,53.626268046221824,3344800,CRM
2013-11-25,51.76185607910156,53.12581718539581,50.87871390936667,52.762749290388406,8399600,CRM
2013-11-26,51.32028579711914,52.144550587354296,51.02590631701477,51.575417424917596,5694000,CRM
2013-11-27,51.72260284423828,51.9090460426254,50.9081528630732,51.64410340010529,3770700,CRM
2013-11-29,51.11421585083008,51.614660546818705,50.03482327495934,50.162385333929514,5635300,CRM
2013-12-02,50.59415054321289,51.31047532507206,50.33901891265371,51.03571789652847,4235400,CRM
2013-12-03,50.66283416748047,50.82964781969576,50.08388628309222,50.23107413918138,3832700,CRM
2013-12-04,51.29085159301758,51.63429371348271,50.38808356556323,50.43714993411971,4090700,CRM
2013-12-05,52.05624008178711,52.154369077646166,51.03572098428354,51.212349433591406,4855500,CRM
2013-12-06,52.87068176269531,53.135624375821074,52.2328565374032,52.674427559279465,4570100,CRM
2013-12-09,52.6744270324707,52.998243283116345,51.93847658444986,52.61554964906352,3173600,CRM
2013-12-10,52.713687896728516,53.518326895353816,52.65481050296147,52.96881578324265,3986400,CRM
2013-12-11,50.466583251953125,52.4781806960454,50.240892196590394,52.30155226258968,6996000,CRM
2013-12-12,50.0250129699707,50.65302352421584,49.34793979303233,50.260518799431715,5813800,CRM
2013-12-13,50.17219924926758,50.829646558611195,49.809127644798814,50.37826448862264,4452300,CRM
2013-12-16,50.20164489746094,50.27033332265595,49.18112580422292,49.76988854720105,6554600,CRM
2013-12-17,51.241783142089844,51.46747418748533,49.84838153339163,50.33901521726997,6232700,CRM
2013-12-18,52.36042785644531,52.409490476667216,50.75114995644389,51.40859730254092,5557300,CRM
2013-12-19,52.07586669921875,52.93938316015456,51.75205036589189,52.291746750262334,3597900,CRM
2013-12-20,52.713687896728516,53.19450684449236,52.16417678461735,52.1838025825397,5795000,CRM
2013-12-23,53.55757141113281,53.72438505656347,52.841242982996114,53.13562616967704,4289500,CRM
2013-12-24,53.7734489440918,53.940266336702564,53.4300068758311,53.459443697899786,1327500,CRM
2013-12-26,53.822509765625,54.13651500133708,53.50850452991292,53.85195032994891,1985400,CRM
2013-12-27,53.43001174926758,53.91083068868881,53.312260707014765,53.8715828367633,1837300,CRM
2013-12-30,54.13652038574219,54.205212547171634,52.95900250632509,53.25338197617936,3743400,CRM
2013-12-31,54.156150817871094,54.50940770922549,53.832334496288475,54.107088192569286,3101700,CRM
2014-01-02,53.832332611083984,54.175774719407684,53.39076151235477,54.16596369198625,2730200,CRM
2014-01-03,54.087459564208984,54.35240221886428,53.49870060491156,53.90102010052038,1968700,CRM
2014-01-06,53.21412658691406,54.20520868140241,53.01787237326152,54.16595709002435,2532700,CRM
2014-01-07,53.92063903808594,54.087452682809634,53.2730027679605,53.41037959143594,2787200,CRM
2014-01-08,55.87336349487305,56.05980669349696,53.73420029839053,54.156145572950535,7036900,CRM
2014-01-09,55.235538482666016,55.942048409474104,54.607527995175374,55.942048409474104,4968100,CRM
2014-01-10,55.883174896240234,55.97148910520211,54.76453074488162,55.46122964711545,3517500,CRM
2014-01-13,55.15704345703125,56.29531356975099,54.81360134065654,55.90280882864251,5306500,CRM
2014-01-14,56.432682037353516,56.5994994285658,54.6075279628775,55.15703526748791,4924600,CRM
2014-01-15,58.601287841796875,58.72884990325826,56.39343628538509,56.42287310830112,8745500,CRM
2014-01-16,58.10084533691406,58.53260541445666,57.7475884528295,58.37560277077889,5644800,CRM
2014-01-17,58.738670349121094,58.78773297313482,57.74758812514781,58.14990763124159,4333300,CRM
2014-01-21,59.80824661254883,59.925997648177535,58.53259978739705,59.14098450525628,6130800,CRM
2014-01-22,59.994686126708984,60.298880357574355,59.36667561171797,59.84749826782931,3515900,CRM
2014-01-23,58.95454788208008,59.02323630142883,57.81627409118504,58.95454788208008,4875700,CRM
2014-01-24,57.306026458740234,58.44429666783391,57.15883482883833,58.365793467022584,4803500,CRM
2014-01-27,56.0107421875,57.5709536819609,55.88317638377326,57.41395105554257,5136700,CRM
2014-01-28,58.257843017578125,58.31672040765586,56.206994053678464,56.520999314283756,5534700,CRM
2014-01-29,56.8742561340332,58.11065512225539,56.70744247710369,57.46301880474214,4077800,CRM
2014-01-30,59.82787322998047,60.33813271569052,57.61020685965459,57.934026891124375,5946200,CRM
2014-01-31,59.39611053466797,60.11243523936557,58.87604004543605,58.90547686762267,4612200,CRM
2014-02-03,57.37470626831055,60.053565830108724,56.982197809698576,59.95543684383669,5450000,CRM
2014-02-04,59.81806182861328,60.20075552863753,57.95365595150368,58.306909083130385,5948100,CRM
2014-02-05,60.47550582885742,60.72082265824551,58.640533249903356,59.435361124686345,4860800,CRM
2014-02-06,60.5442008972168,61.5745309452628,59.95543819602039,60.691388765087275,5180000,CRM
2014-02-07,60.397003173828125,61.496021530972115,60.0731869026933,60.89745160636074,7537900,CRM
2014-02-10,59.896568298339844,60.54420468995984,59.504059806287195,60.426453639639405,5846400,CRM
2014-02-11,60.0830078125,60.64232998093514,60.00450835998127,60.10263361143928,6376300,CRM
2014-02-12,60.32832336425781,60.70120604946782,59.955440679047804,60.39701178742303,4786500,CRM
2014-02-13,61.947418212890625,62.13385768999307,60.03394584264736,60.04375687060499,4760400,CRM
2014-02-14,61.62358856201172,62.349728044862616,61.23108386966998,62.28103963012187,3654800,CRM
2014-02-18,62.536170959472656,62.74223621511747,61.123147250887854,62.14366624537369,3780100,CRM
2014-02-19,61.839473724365234,62.76186375856189,61.67265631522223,62.173104799413075,4929600,CRM
2014-02-20,61.82965850830078,62.06516433620603,60.828769033608374,62.02591274101547,5738900,CRM
2014-02-21,62.3987922668457,63.43893702759179,62.16328645079902,62.16328645079902,5516500,CRM
2014-02-24,62.712799072265625,63.12493332469899,60.642324269648434,61.574529043658195,5698600,CRM
2014-02-25,62.46747970581055,62.801110756433616,62.104411832356526,62.72260757123388,4895500,CRM
2014-02-26,62.54598617553711,63.527249839398365,61.515652403492325,62.58523402696014,7285700,CRM
2014-02-27,64.9795150756836,65.10707711634434,62.32027812316745,62.3300928913643,9345800,CRM
2014-02-28,61.2016487121582,65.74491797238653,59.82787655270797,64.80290213563697,18892500,CRM
2014-03-03,60.338134765625,60.55401105070108,58.699416242330926,59.51386999043403,9303400,CRM
2014-03-04,61.88853073120117,62.182910184063005,60.848386004968994,61.01520339897466,7927200,CRM
2014-03-05,62.48710632324219,62.555794739575624,61.76096682355418,61.88853262956111,5464400,CRM
2014-03-06,61.95722961425781,62.67355444311193,61.554910087278415,62.55580339071853,3958800,CRM
2014-03-07,59.6021842956543,62.17310386887475,58.61110211259348,62.01610123256903,11239300,CRM
2014-03-10,58.66015625,59.83767772359571,58.46390579043202,59.602175674819115,6012000,CRM
2014-03-11,59.87693786621094,61.1918363466322,58.40503674976496,58.86623363075422,9907300,CRM
2014-03-12,60.36756896972656,60.37737999638856,58.522785268521574,59.26855056492353,5573400,CRM
2014-03-13,57.95365524291992,61.005393778494074,57.32564094903965,60.642325880761256,9256600,CRM
2014-03-14,57.07051467895508,58.179347944331624,56.53081833070148,57.88496845830586,6782900,CRM
2014-03-17,57.22751235961914,58.15971710391357,56.93313289911509,57.51208079350949,6285200,CRM
2014-03-18,58.512969970703125,58.512969970703125,56.893877433289255,57.39432585099362,6019300,CRM
2014-03-19,57.3354606628418,58.67979609766903,56.83501213867471,58.34616499597047,4918600,CRM
2014-03-20,58.01252746582031,58.26765908526808,56.67800320690661,57.25695112089894,4708400,CRM
2014-03-21,55.96167755126953,58.78772865719529,55.70654967918558,58.6209149991477,10227600,CRM
2014-03-24,55.30424118041992,56.47194824825473,54.62716415732988,56.43269664683876,6299000,CRM
2014-03-25,55.58879852294922,57.01163322804459,54.224833721689166,55.74580115387468,7581100,CRM
2014-03-26,54.1757698059082,56.1383045171665,54.1070813904732,56.010742456066,6485400,CRM
2014-03-27,54.921539306640625,55.59861248641229,52.85106442847332,53.96970870080833,6206100,CRM
2014-03-28,54.70566177368164,55.87336872227154,54.5486591272894,55.01966706646613,5109500,CRM
2014-03-31,56.02055358886719,56.10886780077085,55.088348850603545,55.117785673492136,6520600,CRM
2014-04-01,57.69852828979492,57.7868425145833,56.521006540362684,56.530821311582756,5356600,CRM
2014-04-02,57.06070327758789,58.238221213974974,56.628943207223614,57.9438417298782,4799700,CRM
2014-04-03,54.69585418701172,57.14902303074991,54.499599930864946,56.982205602891646,6053200,CRM
2014-04-04,53.3907585144043,55.54954752001008,53.03750165525669,55.19629066086247,6496700,CRM
2014-04-07,52.959007263183594,54.47015634236605,52.075865031057546,53.125820938563855,6017700,CRM
2014-04-08,54.1757698059082,54.479964033718886,52.12492088291377,53.16506562744631,8810300,CRM
2014-04-09,55.883174896240234,56.030362749018174,54.25427128679496,54.71546438405119,7376700,CRM
2014-04-10,53.528141021728516,56.01075032568338,53.21413572326788,55.88318450342174,10912100,CRM
2014-04-11,51.879608154296875,53.47907511880073,51.77166813770779,52.81181296464838,6425100,CRM
2014-04-14,52.772552490234375,53.73419396395976,52.08566839702879,52.48798782729388,4860500,CRM
2014-04-15,54.195396423339844,54.34258802620952,51.889419599967965,52.93937538694031,6137700,CRM
2014-04-16,54.93135452270508,55.02948351922318,53.48889009141604,54.91172872340146,4516800,CRM
2014-04-17,55.04909896850586,55.382730030149325,54.067831580523666,54.66640528611089,3817000,CRM
2014-04-21,55.05891418457031,55.4317968431305,54.35240046166428,55.029477360528574,3009500,CRM
2014-04-22,56.0107421875,56.32474744033667,54.9019090328492,54.97059744795485,4662900,CRM
2014-04-23,54.59772491455078,55.55936664730319,54.04821749197144,55.46124139133933,4229200,CRM
2014-04-24,53.704769134521484,55.539738287794925,52.173990506659884,55.22573299129589,6003000,CRM
2014-04-25,51.810909271240234,53.351498531084715,51.42821564842042,53.31225068653617,5321300,CRM
2014-04-28,48.20967483520508,52.13474495831505,47.375595188101066,52.04643073081554,17648300,CRM
2014-04-29,49.80913543701172,50.34883554342707,47.27746729529995,48.307797396499375,10347900,CRM
2014-04-30,50.682464599609375,50.77077881863625,48.89655816438863,49.65213079654969,6857500,CRM
2014-05-01,51.10440444946289,52.67443068343378,50.81983602479385,50.92777603023644,6405200,CRM
2014-05-02,51.45766067504883,52.046423356033,50.65302171328468,51.104407558343965,6515700,CRM
2014-05-05,52.64500045776367,52.82162889912179,51.025907659727025,51.97773828890818,7025800,CRM
2014-05-06,50.81002426147461,52.703870623824145,50.692273222769415,52.183800104908,6947000,CRM
2014-05-07,49.48531723022461,50.829652573058794,48.25873293192088,50.7413383538514,9039300,CRM
2014-05-08,49.21056365966797,51.10441012011166,48.641426747177306,49.279252081073636,6499300,CRM
2014-05-09,49.33812713623047,49.799324044428936,48.39611126450615,49.05356241512344,5307000,CRM
2014-05-12,52.42911911010742,52.64499914264966,49.89744734270977,49.94651370882441,6558300,CRM
2014-05-13,51.30066680908203,53.194513498238,51.22216735081187,52.851071349733516,5321200,CRM
2014-05-14,50.90815734863281,52.02680166456818,50.751154703295185,51.055345223065274,3277300,CRM
2014-05-15,50.45676803588867,51.320284398128464,49.65212906536002,51.27122177665488,4762400,CRM
2014-05-16,50.82965087890625,50.95721668978477,49.54419297280072,50.633396649071166,4646100,CRM
2014-05-19,52.23286056518555,52.42911478373496,50.69227112591515,50.9768395556499,4816200,CRM
2014-05-20,51.89923858642578,53.13563775909111,51.40860482592905,52.81181768040877,10653800,CRM
2014-05-21,49.24980545043945,52.00716796760844,48.69048337741665,51.614659542255914,20536600,CRM
2014-05-22,52.27211380004883,53.233755383596204,48.9946805999744,49.34793745581588,13735500,CRM
2014-05-23,52.409488677978516,52.65480551390675,51.13384187979927,51.66372714378134,6646200,CRM
2014-05-27,53.34170150756836,53.587018380768555,51.85998549722567,51.89923709531492,5931300,CRM
2014-05-28,52.34080505371094,53.341698285090395,52.34080505371094,53.135633022428266,5945800,CRM
2014-05-29,53.38093948364258,53.93044674371241,52.046415435065896,52.1249148679741,6813000,CRM
2014-05-30,51.644100189208984,54.499587945628214,51.49690859365879,54.460336354383124,9683400,CRM
2014-06-02,51.39878845214844,51.85998159364798,50.67264891510855,51.64410530688327,4070400,CRM
2014-06-03,49.995574951171875,51.17309658388287,49.95632335665929,50.957216557301734,5793700,CRM
2014-06-04,50.113319396972656,50.55489041903694,49.26942894219149,49.68156314386402,4712800,CRM
2014-06-05,50.4077033996582,50.81002286884213,49.799318682578644,50.505832381921316,5410000,CRM
2014-06-06,50.82965087890625,51.31047355484031,50.62358562203656,50.77077723022239,3153900,CRM
2014-06-09,50.741329193115234,51.1142118005868,50.182007153526655,50.83945816520646,3931400,CRM
2014-06-10,52.06604766845703,52.20342450046479,50.6333944725125,50.6333944725125,6589800,CRM
2014-06-11,52.31136703491211,52.60574650960353,51.516539084331,51.702978544880004,4151400,CRM
2014-06-12,52.046424865722656,52.566495400591826,51.64410537317066,52.17398693521704,3626800,CRM
2014-06-13,53.29263687133789,53.37113632131692,51.76185829274496,52.1347409740506,5127700,CRM
2014-06-16,53.587013244628906,53.70476428437219,51.536164231512906,52.164174767794506,6994100,CRM
2014-06-17,56.73687744140625,56.91350586250754,53.233753328293695,53.28281594676898,13418900,CRM
2014-06-18,56.678001403808594,56.854629829118565,55.677111984702684,56.511187748370254,6043400,CRM
2014-06-19,56.795753479003906,57.521889198942525,56.43268187579684,56.884067687454575,4735800,CRM
2014-06-20,56.432682037353516,56.88406785030349,55.942048376386914,56.88406785030349,5955600,CRM
2014-06-23,56.913509368896484,57.13920042237768,55.68692511525647,56.37381304594249,3897100,CRM
2014-06-24,56.38362121582031,57.129386500456604,56.01074231674005,57.00182069643552,7784300,CRM
2014-06-25,56.33456039428711,56.59950303729006,55.56917303221501,56.04018092758538,3233100,CRM
2014-06-26,56.099056243896484,56.893884196551014,55.824302565899515,56.521001531242185,3048800,CRM
2014-06-27,56.30513381958008,56.511199109456705,55.853747895686304,55.863562667531106,3288100,CRM
2014-06-30,56.99201202392578,57.531708341823354,56.275683532461784,56.275683532461784,5393200,CRM
2014-07-01,58.091033935546875,58.375602395143666,57.08032591408901,57.14901807954191,5288500,CRM
2014-07-02,57.806461334228516,58.3657834426095,57.57095551548168,58.06158920656942,3621800,CRM
2014-07-03,57.659271240234375,57.97328025453628,56.87425806257486,57.89477706515128,2415000,CRM
2014-07-07,56.265869140625,57.62001911107962,56.118677543074654,57.62001911107962,4332400,CRM
2014-07-08,53.86176681518555,56.26587268616061,53.05712784921255,56.26587268616061,9256400,CRM
2014-07-09,53.57719039916992,54.43089560254129,53.165059950566494,54.067824024595424,4227400,CRM
2014-07-10,53.28281784057617,54.00895734682787,52.3015504632424,52.40949047366719,4437400,CRM
2014-07-11,53.19450759887695,53.76364451698176,52.7431254699762,53.479076057929355,2521500,CRM
2014-07-14,53.704769134521484,54.16596605142124,53.02769591580264,53.6655175366495,3004800,CRM
2014-07-15,52.73331069946289,53.93045435882426,52.164173821755654,53.74401490400878,4646700,CRM
2014-07-16,52.93937683105469,53.233756301586354,52.67443418460477,52.97862842532239,2537400,CRM
2014-07-17,51.6539192199707,53.26319727802403,51.49691657389815,52.615560895069926,4800100,CRM
2014-07-18,52.497806549072266,53.25338290560263,51.73241916544536,51.987547045574956,3597800,CRM
2014-07-21,52.3211784362793,52.47818107345371,51.59504264306193,52.252490016467874,2662700,CRM
2014-07-22,52.59592819213867,52.988436627414664,52.4094887441634,52.52723977745105,2991500,CRM
2014-07-23,52.59592819213867,52.95899980490221,52.18379770401295,52.949185035239495,3209400,CRM
2014-07-24,53.04731750488281,53.685139075111906,52.66462007085963,52.6940606385464,3122800,CRM
2014-07-25,53.86176681518555,54.33277471649379,52.58611994790431,52.8804994183172,4911200,CRM
2014-07-28,52.98843765258789,54.165959237959655,52.85106082055481,53.71457714892582,4017700,CRM
2014-07-29,53.802894592285156,54.12671089534582,52.635183963406796,53.24356871747464,3704400,CRM
2014-07-30,55.1962890625,55.431794876191354,54.008956453932655,54.05801907334063,3881200,CRM
2014-07-31,53.2337532043457,54.86265683930216,53.13562796762361,54.636965800251076,4291100,CRM
2014-08-01,52.478179931640625,53.724389974764364,51.91885781492404,53.312259464862905,4311800,CRM
2014-08-04,53.871578216552734,54.11689505042913,52.77255610565523,52.88049611147889,3499900,CRM
2014-08-05,53.28281784057617,54.29352578463178,53.01787519950749,53.59682310186394,3379200,CRM
2014-08-06,52.8805046081543,53.8912089282858,52.55668828189131,53.08656988334332,2606600,CRM
2014-08-07,52.74312210083008,53.71457846189801,52.36042841845842,53.15525260700325,2754000,CRM
2014-08-08,53.42019271850586,53.518321698589034,52.527239587557105,52.90012222539748,2516700,CRM
2014-08-11,53.84214401245117,54.14633826996361,53.439824507089966,53.65570454424319,2573500,CRM
2014-08-12,51.76185607910156,53.46926302617632,51.516539225646106,53.37113403885127,6298600,CRM
2014-08-13,51.830543518066406,52.487994619373026,51.75204407292956,52.03660877269344,4714700,CRM
2014-08-14,52.50761413574219,52.743119946247774,51.83054101330018,52.15436103484062,4855700,CRM
2014-08-15,52.6253662109375,53.03749667911701,52.02679256056829,52.831431445027256,4697000,CRM
2014-08-18,53.36132049560547,53.60663733749357,52.89031260836888,53.09637785717777,4757300,CRM
2014-08-19,53.93045425415039,54.17577109891262,53.410383741090634,53.508508981700324,4713500,CRM
2014-08-20,54.35239791870117,54.5192153146883,53.61644740618602,54.34258689222563,5057600,CRM
2014-08-21,54.666404724121094,55.00003578233472,53.86176577370671,54.60753107711974,9544200,CRM
2014-08-22,58.67979049682617,59.86712316712834,56.68781884803508,56.80556988938421,25342200,CRM
2014-08-25,58.12046813964844,58.57185024905223,57.443394975542745,58.228408153470674,7388400,CRM
2014-08-26,58.52278518676758,58.738665205409404,57.286389950996096,57.70833521839351,5760900,CRM
2014-08-27,58.46391677856445,59.46480628883579,58.20878514399468,58.306910392221035,5347600,CRM
2014-08-28,57.19807815551758,57.92421394179324,56.717255478196044,57.06070131720802,5848400,CRM
2014-08-29,57.98308563232422,58.76809873350026,56.84481569980953,56.972381498512426,5603900,CRM
2014-09-02,58.728851318359375,58.983982933905494,58.00271555185613,58.09102976597009,5268100,CRM
2014-09-03,57.92421340942383,59.23911187481875,57.72796292406422,58.88585501199055,3935200,CRM
2014-09-04,57.9732780456543,58.74847642348524,57.74758325639083,58.07140328540871,4244200,CRM
2014-09-05,58.68960189819336,58.768101340173956,57.649457153475645,57.865337169588614,2789700,CRM
2014-09-08,59.22929763793945,59.85730814082679,58.65034975373309,58.69941237241406,3976900,CRM
2014-09-09,58.54241180419922,59.78862182733162,58.46391236019833,59.36667655401758,4419500,CRM
2014-09-10,59.56293487548828,59.582560673647826,58.39522421604413,58.689607445199016,2744000,CRM
2014-09-11,60.06338119506836,60.289072264936976,58.993799498502426,59.25874216571473,4437000,CRM
2014-09-12,58.14009475708008,59.90637536814121,57.953655294454336,59.76899852797086,5814000,CRM
2014-09-15,56.4915657043457,58.041970042111174,55.7654299016045,58.041970042111174,5678500,CRM
2014-09-16,56.53081512451172,56.864446187948964,55.95186721275997,56.3836235182278,4062100,CRM
2014-09-17,56.37381362915039,56.97238735003727,55.92243151751829,56.38362465625625,4674700,CRM
2014-09-18,56.57987594604492,56.84481858298684,56.118679088045525,56.81538175996149,3573200,CRM
2014-09-19,57.14901351928711,57.69852085315579,56.64856506224188,57.22751296273779,6455500,CRM
2014-09-22,56.246246337890625,57.139199510561454,55.539732621232204,56.96257108139685,5440900,CRM
2014-09-23,55.74580001831055,56.71725260761109,55.73598524850627,56.10886789307271,4010800,CRM
2014-09-24,56.57987594604492,56.75650437067287,55.539731194706796,55.883177017366876,4153700,CRM
2014-09-25,54.872474670410156,56.69763274838633,54.75472362309378,56.48175645217936,4901400,CRM
2014-09-26,55.50048828125,55.618239327062,54.78416349243312,54.96078818953199,2830800,CRM
2014-09-29,56.15792465209961,56.314927263443074,54.25426752165535,54.51921013015449,4540800,CRM
2014-09-30,56.45231628417969,56.59950790180011,55.647677259194936,56.099059396481344,3922200,CRM
2014-10-01,55.66729736328125,56.295307880174576,55.333666308276925,56.21680843718188,4546700,CRM
2014-10-02,55.57898712158203,56.03036924494621,55.1472307961778,55.35329605989994,4604400,CRM
2014-10-03,57.36488342285156,57.46301239531005,56.413056721048314,56.550433539252644,5317700,CRM
2014-10-06,57.207889556884766,57.983091713261416,56.648567429685954,57.85552590118014,3295100,CRM
2014-10-07,55.843929290771484,57.04107675319057,55.81449246570813,56.82519672075745,2470800,CRM
2014-10-08,56.81538009643555,56.97238272003699,54.90190804781693,55.93223799915378,3417000,CRM
2014-10-09,56.05980682373047,58.287284239673205,55.853737827760156,56.66819155508972,5436800,CRM
2014-10-10,53.7440185546875,56.805571943118245,53.734203783998,56.000932935538614,5873000,CRM
2014-10-13,52.23286056518555,53.95007842682663,51.712790067781796,53.724387385628056,5442200,CRM
2014-10-14,51.732425689697266,53.27301542157774,51.43804243434088,52.90994373816848,5739700,CRM
2014-10-15,52.09550094604492,52.39969527245556,50.08390296362387,50.97685639695415,7010000,CRM
2014-10-16,52.860870361328125,53.20431617499501,50.72170726861557,50.996464668196644,5464200,CRM
2014-10-17,54.58790969848633,55.225731299797474,53.63607906705546,53.71458226039496,5410300,CRM
2014-10-20,54.98040771484375,55.32385352886494,53.665509333042294,53.724386720849935,3805600,CRM
2014-10-21,56.16774368286133,56.37380892402873,54.98040736729196,55.34347897495392,4283700,CRM
2014-10-22,55.1962890625,56.11867903437879,54.96078324880865,55.706548539466326,3960500,CRM
2014-10-23,56.795753479003906,57.82608341543656,55.73598297759585,55.765423542571256,5139900,CRM
2014-10-24,58.45410919189453,58.56204922415248,56.717265133511724,56.864456767179604,4268000,CRM
2014-10-27,58.002716064453125,58.25784393901592,57.31582814230062,58.25784393901592,2850900,CRM
2014-10-28,60.377376556396484,60.56381974149337,58.73866194083842,58.84660194416025,6107900,CRM
2014-10-29,59.82787322998047,60.15168951821228,59.22929953052758,60.033938480967805,3781600,CRM
2014-10-30,60.56382369995117,60.711011560543014,59.09192263460489,59.46480154269461,2935100,CRM
2014-10-31,62.791297912597656,63.38986783785128,61.7609642244795,61.8100305854282,7418900,CRM
2014-11-03,62.3987922668457,63.29174542465787,62.241789637227235,62.72260855276719,3815600,CRM
2014-11-04,62.37916946411133,62.76186315822126,61.810036308143204,62.251603651661966,2655100,CRM
2014-11-05,60.75026321411133,62.81092695357803,60.43625795265243,62.77167536008618,4971200,CRM
2014-11-06,61.90816116333008,62.26141803051408,60.72082849336903,60.9170827243866,3994200,CRM
2014-11-07,62.77167892456055,63.42912630831122,62.26141940990539,62.418422049550195,3639500,CRM
2014-11-10,63.242671966552734,63.33098991299538,61.94740322494037,62.850171051396764,2566000,CRM
2014-11-11,62.859981536865234,63.527243607696796,62.26141162157131,63.242675189175564,2026800,CRM
2014-11-12,62.57542419433594,62.73242683273913,62.074975710949516,62.595049992041105,2364200,CRM
2014-11-13,61.97685241699219,63.01699726868598,61.554907111141574,62.80111723037033,3025400,CRM
2014-11-14,62.712799072265625,62.73242486935655,61.21146115557117,62.00628534994445,3150500,CRM
2014-11-17,61.339027404785156,62.899242819150395,61.28015375273557,62.536174906304154,3334100,CRM
2014-11-18,61.29977798461914,62.13385380873838,60.99558373159632,61.339025837236434,4129800,CRM
2014-11-19,59.87693786621094,61.04464473769236,59.31761574142051,61.01520791319963,7256300,CRM
2014-11-20,57.207889556884766,58.56203963795259,56.72707061965539,58.31672278415528,15530100,CRM
2014-11-21,57.099952697753906,58.463917624562406,56.57988213679967,57.7868406749928,10342800,CRM
2014-11-24,57.00182342529297,57.149015032612894,55.73598758070346,56.21681025380888,9220400,CRM
2014-11-25,58.228397369384766,58.26764895682117,56.85462175500997,56.884062317205974,5882600,CRM
2014-11-26,58.12046813964844,58.30690759964442,57.80646286847727,58.16953076141179,3257300,CRM
2014-11-28,58.74848175048828,59.160616029950475,56.66819578451413,56.84482422667818,4469000,CRM
2014-12-01,57.9732780456543,58.68960277692778,57.85552326606346,57.98308907233456,4355400,CRM
2014-12-02,58.14009475708008,58.611102670480506,57.48264738105391,58.3657858149654,4939400,CRM
2014-12-03,57.77702331542969,58.463911217391235,57.44339226266196,58.306904845982494,3056600,CRM
2014-12-04,57.8457145690918,58.01252823204023,57.44339508071476,57.56114612181001,3087400,CRM
2014-12-05,57.747589111328125,58.032157576001005,57.463024389893576,57.87515493053292,2732000,CRM
2014-12-08,55.35328674316406,57.62982651800949,55.098158899102756,57.44338708362767,5057200,CRM
2014-12-09,55.08835220336914,55.147229595967595,52.43892942824885,54.00895954173109,6117600,CRM
2014-12-10,54.28370666503906,55.68691920164978,54.028578814399694,55.058908729395014,5642900,CRM
2014-12-11,54.44071960449219,55.284610240291464,54.126714308832696,54.460345403375705,4179300,CRM
2014-12-12,54.03839111328125,54.666401600329316,53.88138849151923,54.273896917543155,4477700,CRM
2014-12-15,54.37202072143555,55.10797119343291,54.07764128128414,54.38183174737094,4892200,CRM
2014-12-16,52.78237533569336,54.62715538720913,52.74312374057904,53.341697464739056,5924300,CRM
2014-12-17,55.93224334716797,56.177560203953796,53.0767552839105,53.17488052932956,9257500,CRM
2014-12-18,58.21859359741211,58.46391043459675,57.21770045251025,57.394328874742214,11006500,CRM
2014-12-19,58.738670349121094,59.34705512201548,58.19897399849358,58.493353485814204,9550200,CRM
2014-12-22,58.738670349121094,59.35686989276119,58.33635084302732,58.80735877138797,5297700,CRM
2014-12-23,59.36668014526367,59.71993702273212,58.75829538031147,58.87604642505488,3404100,CRM
2014-12-24,59.19986343383789,59.73955974967555,58.96435761321959,59.396113917242104,2309500,CRM
2014-12-26,59.66105651855469,59.95543598668604,58.79754016789643,59.32742545647568,3454700,CRM
2014-12-29,59.219482421875,59.78861927535027,58.895666146431154,59.278359809791084,2632500,CRM
2014-12-30,58.31672286987305,59.68068398007282,57.90458860840396,59.131172879193414,2777100,CRM
2014-12-31,58.198970794677734,59.10173500519615,58.110656579019356,58.2774702401307,3232000,CRM
2015-01-02,58.13027572631836,59.29798245023086,57.41394731279111,58.77791198598004,2796400,CRM
2015-01-05,57.080326080322266,58.13028570131434,56.75650976654426,57.50227138557715,3688200,CRM
2015-01-06,56.12849807739258,57.45320761845054,55.4906727468161,57.09013971530487,3174900,CRM
2015-01-07,55.86355209350586,56.86444526761849,55.53973206221737,56.70744263696777,4284300,CRM
2015-01-08,57.49245071411133,57.678890151786135,56.099049214778766,56.2560555748051,3756600,CRM
2015-01-09,57.07051467895508,58.38541321022583,56.687820972797766,58.05178212786643,6875300,CRM
2015-01-12,56.64856719970703,57.502268799349174,56.44250194173102,57.35508093361121,2724500,CRM
2015-01-13,56.88407516479492,58.424664758869156,56.226624028077076,57.296205696246915,3509100,CRM
2015-01-14,56.177555084228516,56.69762557538177,55.32385354852237,56.334557708533524,3098400,CRM
2015-01-15,54.07765197753906,56.4621322779063,53.99914878157777,56.079438555691034,4821000,CRM
2015-01-16,55.57898712158203,55.657490313421825,53.92064649796761,53.93045752532848,3236700,CRM
2015-01-20,56.2168083190918,56.48175095720674,54.764533066017165,55.63786042318979,6521500,CRM
2015-01-21,56.62894058227539,57.45320534548175,55.77523899499533,55.922430601839984,3544900,CRM
2015-01-22,56.913509368896484,57.36489147585887,56.099055627725235,56.825195152904875,5481500,CRM
2015-01-23,57.52189254760742,57.94383781885351,56.69762780182877,56.9135078224397,3887300,CRM
2015-01-26,58.66015625,58.85641045280555,57.30601011144063,57.433572161512295,4753200,CRM
2015-01-27,56.70744705200195,57.7966545246097,56.167750701073665,57.7966545246097,4150700,CRM
2015-01-28,55.2944221496582,57.40414877279121,55.2944221496582,57.33546034722301,4683400,CRM
2015-01-29,57.011634826660156,57.16863746198799,54.80378316179097,55.73598794671669,4424500,CRM
2015-01-30,55.392539978027344,57.05088037178422,55.31403679706864,56.42286989706535,3817400,CRM
2015-02-02,56.207000732421875,56.256067101602575,54.41128316891332,55.81449598164525,3495200,CRM
2015-02-03,57.51207733154297,57.56113994813398,56.157927402852515,56.57987264336303,3474200,CRM
2015-02-04,57.88496398925781,58.355971879182185,57.11957289279748,57.34526393943387,3013100,CRM
2015-02-05,58.14990234375,58.36578236166664,57.65926866174887,57.84571185658157,2513000,CRM
2015-02-06,58.061588287353516,58.581662537074685,57.55133255074994,58.149902500080664,2714200,CRM
2015-02-09,56.893882751464844,57.87515014023085,56.7368801189918,57.747584331584626,2879000,CRM
2015-02-10,57.688716888427734,58.06159584113106,57.12939471613432,57.40414841670275,3093700,CRM
2015-02-11,57.69852828979492,57.99290779134336,57.51208881223654,57.718154088996606,3413700,CRM
2015-02-12,60.11244201660156,60.19094520893362,58.11065927423119,58.17934769590262,5284800,CRM
2015-02-13,61.67265319824219,62.03572482316429,59.955435287069704,60.10262689103683,5107000,CRM
2015-02-17,60.90726089477539,61.43714613413659,60.671758839439974,61.40770931302908,3447200,CRM
2015-02-18,61.81984329223633,61.81984329223633,61.12314436938345,61.23108437722447,2534300,CRM
2015-02-19,61.6334114074707,61.849287706411545,60.848394433451205,61.41753136529151,2320900,CRM
2015-02-20,62.54598617553711,62.55579720258334,61.33902397075539,61.603966619860785,3473800,CRM
2015-02-23,61.407711029052734,62.251597784697466,61.2016420458286,61.957218335682995,4671400,CRM
2015-02-24,60.7698860168457,61.41752230460166,60.397003383520214,61.40771127833106,5481700,CRM
2015-02-25,61.692283630371094,61.86891207110781,60.73064197704802,60.76989357348691,7634000,CRM
2015-02-26,68.92420196533203,69.66996708954557,67.70743280533301,68.70832199623278,20370800,CRM
2015-02-27,68.08033752441406,69.09104935393299,67.71727333505552,68.54153445449579,8289500,CRM
2015-03-02,67.17755889892578,67.51119367607475,65.42108952206243,66.1177884112414,8124800,CRM
2015-03-03,65.69585418701172,67.09906696996131,65.4603520901918,66.78506167870921,4945600,CRM
2015-03-04,63.66462707519531,65.15615773573077,63.50762818204625,65.13652819503949,9121300,CRM
2015-03-05,64.361328125,64.8225250219931,63.54688183535999,63.900138714483376,3925200,CRM
2015-03-06,63.350624084472656,64.70477795485418,63.07587039670728,63.95901259772207,3861800,CRM
2015-03-09,64.2533950805664,64.43983080282655,63.11512125992945,63.53706655737571,4567800,CRM
2015-03-10,62.565608978271484,63.743130629528196,62.565608978271484,63.56650219467778,3941700,CRM
2015-03-11,62.48710632324219,63.29174526592357,62.45766950002441,62.80111158169161,3374100,CRM
2015-03-12,63.733306884765625,64.12581529432768,62.4674749375651,62.4674749375651,3809500,CRM
2015-03-13,63.38987350463867,64.19451248538992,62.70298930880574,63.59593876338855,3248000,CRM
2015-03-16,65.18558502197266,65.22483661113547,63.6940620661614,63.733306168849076,4538900,CRM
2015-03-17,66.28460693359375,66.29441421600953,64.64588490666857,64.72438808484554,5594700,CRM
2015-03-18,67.26588439941406,67.64857809295229,65.49960005502513,65.78416850420314,5576600,CRM
2015-03-19,67.5896987915039,67.65838721306785,66.82431138365524,67.02056936417827,3883100,CRM
2015-03-20,66.42198944091797,68.58077462034954,66.02948100289157,67.89389046866016,8649500,CRM
2015-03-23,66.39257049560547,66.98132956794127,66.1178092744695,66.43181461214711,3659000,CRM
2015-03-24,66.10798645019531,66.55936854910674,66.00004643888215,66.41217694400005,3216100,CRM
2015-03-25,64.54777526855469,66.07855018038542,64.30245839235224,66.03930606829273,4030100,CRM
2015-03-26,64.75382232666016,65.21501912199197,63.59592669731799,64.48888346895615,2971600,CRM
2015-03-27,65.3033447265625,65.43090678612931,64.33188466590701,64.547764679386,2106400,CRM
2015-03-30,65.59773254394531,66.29443158826486,64.99915875482286,66.13743267724493,2741200,CRM
2015-03-31,65.5584716796875,66.68693067117016,65.21502959179521,65.26409595569812,4031700,CRM
2015-04-01,64.84215545654297,65.30335235988922,64.19451534040316,65.26410076317076,3713000,CRM
2015-04-02,65.43090057373047,65.64678056671254,64.518321731154,65.00895535648597,2021600,CRM
2015-04-06,66.66731262207031,66.7850599241485,64.76365138272384,64.99915347335669,6375400,CRM
2015-04-07,66.92243194580078,68.44339937085459,66.71636669553446,66.96168353915759,3817100,CRM
2015-04-08,66.93223571777344,67.6289345408078,66.53972733517634,66.98130207302609,2566700,CRM
2015-04-09,66.47105407714844,67.06962781255534,65.56828983198525,67.04019098728557,2577500,CRM
2015-04-10,66.37294006347656,66.71638222720762,65.68605573601447,66.33368846098192,1953000,CRM
2015-04-13,65.82341766357422,67.04018711886448,65.7449144764004,66.49067978159971,2131000,CRM
2015-04-14,65.6566162109375,66.14724999226637,65.05804239879811,65.86268150071834,1938000,CRM
2015-04-15,65.95098114013672,66.24536435510441,65.72529383027415,66.0098547885398,2140200,CRM
2015-04-16,66.63787078857422,66.93224650812321,65.40147180433588,65.42109385771545,2269300,CRM
2015-04-17,64.57721710205078,65.90193432542101,64.21415288847072,65.90193432542101,3794200,CRM
2015-04-20,65.64678955078125,65.7939811558197,64.95009060584036,64.95009060584036,1945200,CRM
2015-04-21,66.11780548095703,66.66732040522274,65.85286653387402,66.12762025276821,2223700,CRM
2015-04-22,66.44160461425781,66.84392778035745,65.76452781593159,66.11778462493005,2051400,CRM
2015-04-23,67.1873779296875,67.78595162348552,66.00004531199129,66.09817055156168,3518400,CRM
2015-04-24,66.55935668945312,67.4228691396204,66.11778195281356,67.31492914754016,1910900,CRM
2015-04-27,66.56917572021484,67.64857583152265,66.43179888540767,67.17756419327233,2643200,CRM
2015-04-28,65.63697052001953,67.0598051412532,65.32296527667604,66.69674102373213,2832800,CRM
2015-04-29,73.2516098022461,76.99023604209778,64.65570564640299,65.067836140179,28245800,CRM
2015-04-30,71.45587921142578,72.61377483940501,69.66997315672643,70.83768355319421,17492100,CRM
2015-05-01,71.98577117919922,73.10441532484934,70.65124702535776,71.99558594861034,9210800,CRM
2015-05-04,70.25873565673828,71.01431565375385,69.67979155582069,70.91618293670493,5058500,CRM
2015-05-05,71.38719940185547,74.7529466971683,69.66998154682801,70.160615219693,20008500,CRM
2015-05-06,72.40773010253906,74.11513346526633,71.4362773686656,72.27035325073784,11122100,CRM
2015-05-07,73.12406158447266,73.36937849563249,72.02504661382252,72.69230891163639,4377700,CRM
2015-05-08,71.04376220703125,72.12315486416568,70.41575166155388,70.65125374448884,6156400,CRM
2015-05-11,69.8662338256836,70.92600438319478,69.8662338256836,70.14099497822332,4048500,CRM
2015-05-12,70.42555236816406,70.79843874166865,68.72796409443976,69.37559663364554,3575500,CRM
2015-05-13,70.4451904296875,71.17132623921542,69.68961030831363,71.0339493965068,4209700,CRM
2015-05-14,71.5147705078125,71.71102849366926,70.45500733009267,71.14189156439966,3199500,CRM
2015-05-15,71.04376220703125,71.9367116600009,70.89657059776832,71.84840118632887,3649300,CRM
2015-05-18,71.43626403808594,71.82876497771592,70.32742717285217,71.19094720757943,2856700,CRM
2015-05-19,70.14099884033203,71.73064727765222,69.5129808007086,71.62270726197292,5104100,CRM
2015-05-20,68.84571838378906,69.8956741109207,67.99201312498137,69.8956741109207,9728300,CRM
2015-05-21,71.54420471191406,73.28104459410369,70.95543832400853,72.13296361334399,12316000,CRM
2015-05-22,73.60487365722656,74.46838631969655,71.1418902569451,71.63252398285508,11304800,CRM
2015-05-26,72.19183349609375,72.59415667443503,71.84839144536048,72.28015144426816,6547800,CRM
2015-05-27,72.56471252441406,73.06516093455129,71.56382319061483,71.63251160091012,3927000,CRM
2015-05-28,71.31851959228516,72.11334384255635,71.17132797537063,71.55402168746244,5066300,CRM
2015-05-29,71.38719940185547,71.56382782354589,70.31762158851815,71.20075621049455,4838100,CRM
2015-06-01,71.73063659667969,72.11333023656674,70.89656090683549,71.42644613586569,3191400,CRM
2015-06-02,71.53438568115234,71.97595295930213,71.2498172736763,71.46569727151848,2623000,CRM
2015-06-03,72.0937271118164,72.22128919644258,71.33814691620742,71.83859545608688,2649500,CRM
2015-06-04,70.85731506347656,72.10352880127837,70.66106458635423,71.54420670635635,2767500,CRM
2015-06-05,72.17222595214844,72.28997325808282,70.50406674880287,70.6512583676976,3187600,CRM
2015-06-08,70.4942398071289,71.90726712619912,69.9054809196748,71.90726712619912,3830600,CRM
2015-06-09,70.4157485961914,71.12226230071629,69.66998329847337,71.10263276088176,3236500,CRM
2015-06-10,71.66197204589844,71.92691849186298,70.13119697669076,70.68070444020579,2476600,CRM
2015-06-11,71.04376220703125,72.11334009382117,70.89657059776832,71.79933482108248,2371700,CRM
2015-06-12,70.42555236816406,70.99468921137331,70.13117666360708,70.84749761585705,2288100,CRM
2015-06-15,71.20076751708984,71.30870754117895,69.40505367896837,69.97418314014728,2844600,CRM
2015-06-16,72.02501678466797,72.1722083677001,70.65124115382636,70.65124115382636,3434200,CRM
2015-06-17,73.02592468261719,74.38988589243765,71.93671717168476,72.12316039013456,7291600,CRM
2015-06-18,74.29175567626953,74.78238938763293,73.20254823812466,73.23198506297025,4230300,CRM
2015-06-19,73.59505462646484,74.52725565714296,73.55580303228693,74.08568832397461,5372600,CRM
2015-06-22,73.37916564941406,74.291744514906,72.95722042157423,74.08567928546914,3112700,CRM
2015-06-23,72.81005096435547,73.57544596038169,72.47642358285061,73.45769115642132,3142400,CRM
2015-06-24,72.12316131591797,73.15349518645041,71.62271279424705,72.7119203191607,2763300,CRM
2015-06-25,72.23108673095703,73.25160562386364,71.9955846745864,72.9277856173069,1958200,CRM
2015-06-26,70.98487854003906,72.52547551071191,70.73956169550786,72.36846913670348,4089800,CRM
2015-06-29,68.68871307373047,70.52368567525991,68.62002466011576,70.32742771744961,2698200,CRM
2015-06-30,68.32564544677734,69.45410443887644,67.81538969969809,69.35597919749306,3559900,CRM
2015-07-01,69.21861267089844,69.70924643736087,68.8359189319759,69.25786427059269,3060700,CRM
2015-07-02,69.1008529663086,69.71905625951005,68.66910037327645,69.59148669794068,1562300,CRM
2015-07-06,67.86444854736328,68.52189582694068,67.26587490880021,68.46301469945114,3586700,CRM
2015-07-07,68.94383239746094,69.18914918617874,67.04998648910062,68.86532922831742,4937200,CRM
2015-07-08,68.09014892578125,69.16954164202058,67.77614363584841,68.71815950564691,2988500,CRM
2015-07-09,68.64945983886719,70.25873762201148,68.62983778679366,69.17934508255745,3297500,CRM
2015-07-10,69.80736541748047,70.08211910416196,69.14991802628167,69.64055174863476,2252200,CRM
2015-07-13,69.71904754638672,70.5138716966252,69.66998118476492,70.24892532222859,2446400,CRM
2015-07-14,70.4451904296875,70.66107046436575,69.87605351762238,69.87605351762238,2024100,CRM
2015-07-15,70.02324676513672,70.80826373020068,69.73867830246296,70.40594047682433,1722300,CRM
2015-07-16,71.06339263916016,71.07320741066178,70.28819039302851,70.56295158973414,2774900,CRM
2015-07-17,71.44606018066406,72.12313692295956,70.7199245718022,71.18112133907742,3005700,CRM
2015-07-20,71.40682983398438,71.81896785727501,71.05358043562705,71.52458462442121,2175900,CRM
2015-07-21,72.44697570800781,72.53528618265594,71.14188823738154,71.25964302338868,3620500,CRM
2015-07-22,72.48621368408203,73.02590617397485,71.80913689308886,71.99558006428407,3296400,CRM
2015-07-23,70.85731506347656,73.12404026608544,70.6218129936346,72.85910137332273,3231600,CRM
2015-07-24,72.5352783203125,72.80022468849106,70.9063784660621,71.34794576439234,3480300,CRM
2015-07-27,71.1026382446289,72.50585099198334,70.9554466304215,71.99559521407105,3478400,CRM
2015-07-28,72.40773010253906,72.47641852843968,70.40594349367952,71.42646259740067,3435200,CRM
2015-07-29,72.49604034423828,72.80023836062738,70.97508020820045,71.6619644649302,2158700,CRM
2015-07-30,71.98577117919922,72.45677530027531,70.98487432058036,72.30959119148623,2362800,CRM
2015-07-31,71.9269027709961,72.76097855623765,71.64233432916525,72.03484278294835,2144600,CRM
2015-08-03,71.0830078125,72.26052561443369,70.7101214355897,72.19183720076215,2581400,CRM
2015-08-04,70.54330444335938,71.39700967551622,70.45499398131311,71.09281172669237,2089300,CRM
2015-08-05,71.17132568359375,72.26053313262061,71.07320043763599,71.21057727927213,2108900,CRM
2015-08-06,69.11066436767578,71.51476654087075,69.00272435306118,71.41664129662374,2195400,CRM
2015-08-07,69.0910415649414,69.40504683501592,68.17846257902542,69.13028567303407,2226200,CRM
2015-08-10,69.93492126464844,70.18023810398721,69.37559917041506,69.79754443353679,1814000,CRM
2015-08-11,70.2881851196289,70.53350198342466,69.08123034218065,69.35598403179564,2406200,CRM
2015-08-12,69.70923614501953,70.04286346344597,68.25695711666502,69.76810979262983,3135100,CRM
2015-08-13,70.06248474121094,70.5825551977065,69.42465951690546,70.1017363304809,2302900,CRM
2015-08-14,71.62271881103516,71.89747253653111,69.53262155367439,69.85644165292787,3246900,CRM
2015-08-17,72.65303802490234,72.75116326602762,70.25874321177025,71.23019582591974,3073000,CRM
2015-08-18,71.22039031982422,72.66285460844179,70.68069025045159,72.52547777014261,4126500,CRM
2015-08-19,70.69049835205078,71.57364043385874,70.39611516262296,71.18113201011349,4774900,CRM
2015-08-20,66.54955291748047,70.65125083485174,66.2355476576735,70.27837192835469,8168000,CRM
2015-08-21,67.85462951660156,70.2096723334386,67.00092434313665,67.70743793683523,13138700,CRM
2015-08-24,63.94919967651367,67.69764113902919,62.95812491505065,64.52815138088602,9650000,CRM
2015-08-25,63.95899963378906,66.92242343378236,63.80199328033181,66.32384981255781,7104000,CRM
2015-08-26,67.23643493652344,67.3541897126189,64.06694561632942,65.45052867469171,8044100,CRM
2015-08-27,68.62983703613281,68.9242127328684,66.97149291123024,68.01163384868494,4918100,CRM
2015-08-28,68.93402099609375,69.49334300222584,68.16863377575243,68.44338739469806,4191100,CRM
2015-08-31,68.06070709228516,68.89478288044786,67.73688705529428,68.48265237144645,3891900,CRM
2015-09-01,65.38185119628906,67.33457892249614,65.01878701059955,66.5888135221031,4373900,CRM
2015-09-02,66.70657348632812,66.70657348632812,65.08748047951131,66.32387224197286,3465400,CRM
2015-09-03,66.97149658203125,67.95276393121853,66.67711338268477,67.02056294408092,2937100,CRM
2015-09-04,65.87248229980469,66.69675086424202,65.29353808835276,66.01967391700528,3146000,CRM
2015-09-08,69.43447875976562,69.49335240422644,67.03036929578154,67.05980611801195,4098400,CRM
2015-09-09,67.73686981201172,69.9937872397848,67.56024142647753,69.68958933407501,3652800,CRM
2015-09-10,68.43357849121094,68.68871008201435,67.62893961542349,67.70744279512843,2861200,CRM
2015-09-11,68.73779296875,68.77703708156332,67.60933382020143,68.23734443589372,3442000,CRM
2015-09-14,68.58078002929688,69.08122851441267,68.237337926365,68.88497053668277,3436000,CRM
2015-09-15,69.93492126464844,70.35686652777017,68.83590661575525,69.30691075485923,4276400,CRM
2015-09-16,70.53348541259766,70.6512401746864,69.65035089959392,70.16060656236218,3330300,CRM
2015-09-17,70.96526336669922,71.82877604803635,70.16062433808514,70.16062433808514,4205900,CRM
2015-09-18,70.06248474121094,71.06337406493209,69.29709746663444,69.9643595112736,6039500,CRM
2015-09-21,70.78863525390625,71.27926899283628,69.72886458106298,70.41575630745105,2914000,CRM
2015-09-22,70.30781555175781,70.59238401574275,69.58167972193775,70.052683913965,3460100,CRM
2015-09-23,70.64144897460938,71.00452066399325,69.64055936558618,70.16062997032707,2688800,CRM
2015-09-24,70.36668395996094,70.65125240273798,69.13028494669972,70.20968506981131,3056000,CRM
2015-09-25,71.0830078125,72.24090356187422,70.60218143032363,71.24000669240255,4829900,CRM
2015-09-28,67.74669647216797,71.32832367694188,67.67800805942876,70.60218047201258,5638500,CRM
2015-09-29,67.09906768798828,68.36490363746559,66.44162027215583,67.79576670145686,4660200,CRM
2015-09-30,68.12938690185547,68.3158300789542,66.54954599716389,67.78594485441711,4080100,CRM
2015-10-01,71.54420471191406,71.70120359194009,67.39344060685318,67.8644522198825,8106900,CRM
2015-10-02,72.54508972167969,72.63340018265558,69.8269826721666,70.33723835958045,4838600,CRM
2015-10-05,73.8600082397461,74.33101997721622,72.47642483016824,72.7021121835462,4169700,CRM
2015-10-06,73.02592468261719,73.86981532147432,72.50585411165386,73.68337210302452,2519400,CRM
2015-10-07,73.59505462646484,73.87962306939764,71.87783668518065,73.22217571148882,3044400,CRM
2015-10-08,73.68336486816406,74.47819654644887,72.73154178661056,73.57543234260733,3804700,CRM
2015-10-09,73.84037017822266,74.28193750363494,73.3399217193397,73.8207481247164,3113600,CRM
2015-10-12,74.45857238769531,74.82164404409002,73.5852449446562,73.89925023331658,2594500,CRM
2015-10-13,75.19451904296875,76.83324130978356,74.41931688955964,75.08657902879304,5578600,CRM
2015-10-14,74.16419219970703,75.13564483356679,73.80112056505335,74.860891158251,3447200,CRM
2015-10-15,76.24446868896484,76.87247918242099,74.4880067530793,74.76276040815691,3295300,CRM
2015-10-16,77.29444122314453,77.36312965183326,76.00898313490808,76.715496965122,3613400,CRM
2015-10-19,76.47016906738281,77.84394492981463,76.02860173032224,76.97061753946733,4346900,CRM
2015-10-20,76.0776596069336,77.03930494391709,75.43983430565153,76.53885647842179,2006700,CRM
2015-10-21,74.40951538085938,76.07766711517513,73.8992520948845,75.96972709262187,3134700,CRM
2015-10-22,75.9206771850586,76.95100367694377,75.01790530003075,75.01790530003075,3280100,CRM
2015-10-23,77.08836364746094,77.89300260659876,75.82252781787656,76.73510678867106,3971400,CRM
2015-10-26,76.75473022460938,77.81450071669607,76.18559338776925,77.10798705530495,2740300,CRM
2015-10-27,76.29352569580078,77.14723086495543,75.87158049538753,76.578094085519,1683800,CRM
2015-10-28,77.05892944335938,77.05892944335938,75.1356461948278,76.42110412183418,3266800,CRM
2015-10-29,76.67623138427734,77.24536825334091,76.11690928508753,77.1079914210119,1822100,CRM
2015-10-30,76.25428771972656,77.15705191870845,75.96971927921521,76.68604776553357,3371600,CRM
2015-11-02,77.71637725830078,78.32476575844227,76.04822562625097,76.25429088763526,3110000,CRM
2015-11-03,77.15705108642578,77.83412797159669,76.78417217864485,77.54955953415494,2398500,CRM
2015-11-04,76.92156219482422,77.99114771102467,76.6173716517795,77.402381195293,2585800,CRM
2015-11-05,77.23554992675781,77.9911299562487,76.34260055773967,76.9411742223842,2601900,CRM
2015-11-06,77.92245483398438,78.13832739275482,76.71549252940964,77.08837147980601,2835100,CRM
2015-11-09,76.75473022460938,77.53973958111861,75.95990609878208,77.45142911668245,3088300,CRM
2015-11-10,76.78417205810547,76.89211206822344,75.85197104687859,76.73510569478788,2610500,CRM
2015-11-11,77.23554992675781,77.52011834818518,76.6271614926915,77.06873627896522,2385700,CRM
2015-11-12,76.83323669433594,78.25607136085203,76.76454827912087,77.00005034750457,3159800,CRM
2015-11-13,74.18380737304688,76.61735360358348,74.0071789572299,76.61735360358348,3922600,CRM
2015-11-16,74.83145141601562,74.90013983216616,72.55491142670019,74.12493771476672,4053200,CRM
2015-11-17,75.79309844970703,77.01968280603019,74.97865212683081,75.13565103147225,4567600,CRM
2015-11-18,75.90103149414062,76.58792316241937,74.38987880769871,76.31316200322222,6442500,CRM
2015-11-19,79.12940216064453,81.34706857030788,78.94295895985913,79.53172538623913,11602800,CRM
2015-11-20,79.47283935546875,80.60129828787234,78.21681836466239,79.38452888883813,5336300,CRM
2015-11-23,79.26678466796875,80.20880053650383,78.88409095532877,78.93315732319611,3593700,CRM
2015-11-24,78.88408660888672,79.28640984109663,77.64768757422539,78.7957761353633,3420300,CRM
2015-11-25,78.90371704101562,79.60041601265128,78.25607694862185,78.86446544573634,2487300,CRM
2015-11-27,78.47195434570312,78.97240281062234,77.96169111067442,78.71727119310799,2221700,CRM
2015-11-30,78.19718933105469,78.67800818600668,77.8046809348495,78.2364409193227,4449700,CRM
2015-12-01,79.49246978759766,79.58078025522033,78.15794559825517,78.8448297457951,3767400,CRM
2015-12-02,79.36489868164062,80.40504713865789,78.91351660977394,79.25695867679472,3379800,CRM
2015-12-03,78.43269348144531,80.52279007916587,78.06962189506773,79.44339757545772,4769100,CRM
2015-12-04,80.60130310058594,80.60130310058594,78.65839785394488,78.82521151408027,4341700,CRM
2015-12-07,79.16865539550781,80.32655124545444,78.79577647268565,80.27748488008056,2962500,CRM
2015-12-08,79.5611572265625,79.93403611830014,78.36400988141058,78.70745195096836,2105700,CRM
2015-12-09,78.21683502197266,79.87517956675329,77.73601602169937,79.3158573662174,3181000,CRM
2015-12-10,77.89300537109375,78.47195704384315,77.6771328265949,78.30514337862647,2032800,CRM
2015-12-11,75.43002319335938,77.40236515839074,75.21414318051598,76.83323579036578,4490700,CRM
2015-12-14,75.54776763916016,76.21502970534283,74.42912351151207,75.32208035166515,3946700,CRM
2015-12-15,75.9206771850586,76.41131098685467,75.52816864632618,76.20524568847765,3393500,CRM
2015-12-16,77.41218566894531,77.61825092744802,75.67534564072184,76.18560140180335,3749400,CRM
2015-12-17,76.96080017089844,77.83412753176081,76.57810649530597,77.49068544936706,2654300,CRM
2015-12-18,75.58702087402344,78.00093759601214,75.58702087402344,76.64679138215767,6721400,CRM
2015-12-21,75.84215545654297,76.86267441340749,74.99826492464493,76.83323759032572,3011600,CRM
2015-12-22,76.4014892578125,76.62717659366108,75.41040697221436,76.06785441000213,2100400,CRM
2015-12-23,76.57810974121094,77.42200031456314,76.47998449729292,76.73510863418453,2652800,CRM
2015-12-24,76.3720474243164,76.88230320422707,76.12673056183549,76.56829791971055,1084700,CRM
2015-12-28,76.73509216308594,76.73509216308594,75.93045335731098,76.205214462371,2327400,CRM
2015-12-29,77.9518814086914,78.265886664169,76.97061404951442,77.02948769539279,2230200,CRM
2015-12-30,77.65750885009766,78.3934594703499,77.49069517292826,77.81451524259369,1814700,CRM
2015-12-31,76.93135833740234,77.93224769611986,76.89210674675994,77.51030245480821,2463000,CRM
2016-01-04,75.27302551269531,75.76365923979134,74.22306963616889,75.69497081745696,4919200,CRM
2016-01-05,75.60665893554688,76.50942317987858,75.233772518536,75.62628099021651,2656800,CRM
2016-01-06,74.86089324951172,75.88141227667614,74.21325315119576,74.30157111300083,3484400,CRM
2016-01-07,72.9081802368164,74.18382352978739,72.09372639280689,73.72262659434882,6972200,CRM
2016-01-08,71.85821533203125,73.85018696550877,71.53439529176292,73.379175317257,3673800,CRM
2016-01-11,71.80913543701172,72.44696062711084,70.51386300646838,72.35864268437108,3685100,CRM
2016-01-12,73.06517028808594,73.86980926304135,71.68158713602384,72.58435135446625,4108100,CRM
2016-01-13,70.99469757080078,74.29175675809212,70.45500497232791,73.58524300560448,4727500,CRM
2016-01-14,71.70121765136719,72.24091778394836,69.54243209399664,71.06339226371955,4738200,CRM
2016-01-15,69.53262329101562,69.71906653217958,66.90282580252432,68.56117045546003,9572100,CRM
2016-01-19,69.4737319946289,70.83769302438391,68.5905898744519,70.51387299923971,7353700,CRM
2016-01-20,69.01253509521484,69.50316877428821,65.68603935001543,67.83500977355325,8083600,CRM
2016-01-21,68.20790100097656,69.31673049923282,67.84482935756768,69.04197681729154,4635600,CRM
2016-01-22,70.2096939086914,70.29800439180394,68.98310951117044,69.13029364969132,3751800,CRM
2016-01-25,68.61022186279297,70.06250105810325,68.492474554036,69.89568737971292,2765100,CRM
2016-01-26,68.56114959716797,68.78683688588482,67.9233243488163,68.64946006149836,2931200,CRM
2016-01-27,66.1668472290039,68.54151204309828,65.77433885388284,67.97237527349645,5487300,CRM
2016-01-28,64.45945739746094,66.23554898189572,64.04731940296288,65.62716050352321,8734000,CRM
2016-01-29,66.7850570678711,66.82430866237726,64.88140339641696,65.24446754426573,5612300,CRM
2016-02-01,67.15794372558594,67.79576155090592,65.81360468296792,66.32386044051916,4396400,CRM
2016-02-02,63.311370849609375,66.48086792053462,62.958121464822305,66.38274267551175,7636900,CRM
2016-02-03,64.11600494384766,65.25427866137396,62.05534875296886,64.19450812846515,7994500,CRM
2016-02-04,65.941162109375,66.10798324653213,63.615563309999224,64.44963904988222,7220400,CRM
2016-02-05,57.4139518737793,62.08478662695762,56.668190323473425,61.927783998301756,19063800,CRM
2016-02-08,53.03750228881836,55.92243084416047,51.61466380836083,55.804676060879274,18025400,CRM
2016-02-09,56.25606155395508,57.482645797745434,51.80110668213138,52.60574564659881,16477700,CRM
2016-02-10,57.659271240234375,60.43625980130015,57.28639232036991,57.40414336120932,9859700,CRM
2016-02-11,58.13027572631836,58.72884562704211,55.520104892743994,56.11867479346775,7779000,CRM
2016-02-12,58.56203842163086,59.39611420992287,57.99290153588766,58.88585471543389,5081600,CRM
2016-02-16,58.601287841796875,59.83768306636279,57.364888873993046,59.5433036074888,5726200,CRM
2016-02-17,62.3006706237793,63.21324588764519,58.76810563856539,59.24892832510207,9836700,CRM
2016-02-18,60.5442008972168,62.977743663076055,60.42644985427278,62.290855716632656,6724000,CRM
2016-02-19,60.97595977783203,61.19183981832818,59.52368437639961,60.59326606476219,4905600,CRM
2016-02-22,62.78148651123047,63.13473962364314,60.97595438264551,60.97595438264551,7453300,CRM
2016-02-23,61.721717834472656,62.58523040765166,61.27033200844968,62.52635676230274,5280400,CRM
2016-02-24,61.34883499145508,61.80021707275557,59.199860848816556,60.83857552176144,11909400,CRM
2016-02-25,68.11959075927734,69.51298886787524,65.88230196823797,69.17936149813089,18246100,CRM
2016-02-26,68.41397094726562,68.69853941918466,67.00094335883374,68.37471934908953,8364200,CRM
2016-02-29,66.48086547851562,67.86445608788695,66.38274023709715,67.83501177763299,7688100,CRM
2016-03-01,68.70834350585938,68.7475951022085,66.2355528276758,66.84394134137267,5146600,CRM
2016-03-02,69.11066436767578,69.22841915265795,68.21770742613258,68.3747138061088,4927600,CRM
2016-03-03,69.4737319946289,69.61110882593691,68.21770348677948,68.73778147556071,3241800,CRM
2016-03-04,69.72884368896484,70.82786563001169,69.30689850044882,69.8465984461581,4353000,CRM
2016-03-07,69.16954040527344,69.53261205664772,67.70745400202289,69.17935517597991,4624900,CRM
2016-03-08,68.51209259033203,69.5718632258285,67.87426725490491,68.48265576486988,4083700,CRM
2016-03-09,69.70923614501953,69.7877393328173,68.61021397527892,68.77702763449214,4255600,CRM
2016-03-10,69.3756103515625,70.96526642181118,68.48266080542165,70.10175370329912,4977700,CRM
2016-03-11,70.2881851196289,70.55313152495519,69.54242724395293,69.82699570433319,3426800,CRM
2016-03-14,70.86714935302734,71.13208831876524,69.83681534814887,69.97419221726895,3864100,CRM
2016-03-15,70.35685729980469,70.99468249572386,69.7582836914086,70.43536047485085,3205300,CRM
2016-03-16,71.36758422851562,71.55401995137242,69.77792828006586,69.9349271775493,2985800,CRM
2016-03-17,71.3577651977539,71.80914729497583,70.25874303507706,71.17132199955155,3379700,CRM
2016-03-18,71.28907012939453,72.16239741874311,70.83768807428545,71.73063741538864,5995900,CRM
2016-03-21,70.89657592773438,71.30870647547334,70.34706853074908,71.14189279945664,2852100,CRM
2016-03-22,71.48532104492188,71.9072662818298,70.35686215677507,70.80825170121406,3348100,CRM
2016-03-23,70.43536376953125,71.2203805837632,70.15079536153405,70.34705330832963,2945900,CRM
2016-03-24,71.0830078125,71.09281509554194,69.7288541051531,70.19986571781193,2698800,CRM
2016-03-28,70.6021957397461,71.31852433019722,70.07231786201494,71.03395584831813,2688100,CRM
2016-03-29,70.94563293457031,71.32832660503803,69.38541394333777,70.19986764673351,4606100,CRM
2016-03-30,72.9081802368164,73.26143714538735,71.59327785791854,71.63252945736832,5181100,CRM
2016-03-31,72.44697570800781,72.99648306975517,72.00540087533828,72.67266302309277,4226900,CRM
2016-04-01,74.31138610839844,74.52725865534728,71.74046273488857,72.00540164815276,4550600,CRM
2016-04-04,74.27213287353516,75.0080834331652,73.99737919577615,74.42913176662192,2978100,CRM
2016-04-05,73.18291473388672,74.09549359370418,72.96703473682612,73.47729042276244,2365400,CRM
2016-04-06,74.16419219970703,74.26231744282322,73.07498478222216,73.35955322779242,2033300,CRM
2016-04-07,73.9090576171875,74.04643444934126,73.28104710263433,73.50674189058743,3843700,CRM
2016-04-08,73.4478530883789,74.51743829728963,72.90816058598044,74.30155830174022,2375700,CRM
2016-04-11,72.77079772949219,74.0856925197782,72.74135341733412,74.05625569409665,2151800,CRM
2016-04-12,72.87872314453125,73.14366952274491,72.06427692979584,73.133854752984,2259700,CRM
2016-04-13,74.52725219726562,74.76276175139974,73.05535117306835,73.36935642543807,3099900,CRM
2016-04-14,74.7235107421875,75.15526328851793,74.2426918334106,74.57631914132394,2696200,CRM
2016-04-15,74.88050842285156,75.10620320541169,74.45856316661144,74.82163477804271,2132900,CRM
2016-04-18,75.8225326538086,75.8421621952578,74.43894944070055,74.8118283769937,1916100,CRM
2016-04-19,74.76276397705078,76.13653231801739,74.11512391361568,76.13653231801739,2365200,CRM
2016-04-20,74.71368408203125,75.2043176825103,74.37024205899084,74.77255771841686,2001600,CRM
2016-04-21,75.70478057861328,76.36222793266244,75.06695527829984,75.22396165408975,3542500,CRM
2016-04-22,75.04732513427734,75.43001877591489,73.93848831260554,74.8020083134084,3184500,CRM
2016-04-25,75.07676696777344,75.39077221999261,74.4585637465625,74.75294694585111,2456200,CRM
2016-04-26,74.78238677978516,75.36133843197217,74.3800710434646,75.36133843197217,1953700,CRM
2016-04-27,74.27213287353516,74.7725738638207,73.39880547502563,74.25250333285167,3359300,CRM
2016-04-28,73.96792602539062,75.20432491369522,73.55579555811421,73.96792602539062,3824800,CRM
2016-04-29,74.38008117675781,74.63520534226429,73.08480834692323,73.60487893584875,3228000,CRM
2016-05-02,75.80290222167969,75.9795306428203,74.29174961558239,74.87070124072828,3287400,CRM
2016-05-03,73.49693298339844,75.24358783423061,72.9866697205741,74.96883414800665,3273100,CRM
2016-05-04,72.60397338867188,73.23198393058804,72.16240604986326,72.91797865962995,2839900,CRM
2016-05-05,72.42733764648438,73.19272494929703,72.2605240007894,72.72172083363175,2088600,CRM
2016-05-06,72.85911560058594,72.92780402963918,71.79934484964105,72.12316493795376,3080100,CRM
2016-05-09,73.22216033935547,73.90904437707546,72.81002243024895,72.85908878428945,2136600,CRM
2016-05-10,74.4978256225586,74.5567067624297,73.54599496480749,73.72262341146725,2706300,CRM
2016-05-11,74.37025451660156,75.47908394429112,74.36043974673504,74.56650499507685,2517500,CRM
2016-05-12,74.46839141845703,75.35153368285796,73.78150714974356,75.01789883342781,2730400,CRM
2016-05-13,74.93939208984375,75.89121515452163,74.52725410280922,74.57632046612731,3583200,CRM
2016-05-16,75.86177825927734,76.23466465259945,74.57632039550089,75.23376773907542,4141800,CRM
2016-05-17,75.33190155029297,76.09729647744574,75.13565104782926,76.00897851080332,4587700,CRM
2016-05-18,76.41130828857422,77.01968938997214,75.2043458847266,75.33190797355708,8010200,CRM
2016-05-19,79.57096099853516,80.93492941997997,78.64857483620578,80.71904941821927,13765000,CRM
2016-05-20,79.50227355957031,80.28729039621052,79.20789786068677,80.0714103918107,5097900,CRM
2016-05-23,80.19898223876953,80.56204635981406,79.1980853689467,79.27658855216332,4875800,CRM
2016-05-24,81.19988250732422,81.84752262596693,80.29711823874038,80.43449508454763,5805600,CRM
2016-05-25,82.00450897216797,82.37738785563221,80.79754688424416,81.44518690373387,4932700,CRM
2016-05-26,81.78863525390625,82.89747219316763,81.69051001244777,82.24983212388476,4757200,CRM
2016-05-27,82.20075988769531,82.23020419585787,81.45500211670513,81.5629421205413,3139700,CRM
2016-05-31,82.14189910888672,82.48534122648257,81.60220649165798,81.99470749092373,4484500,CRM
2016-06-01,81.88675689697266,82.27926533203443,80.37561177466976,80.53261065680904,4172400,CRM
2016-06-02,81.6806869506836,81.80825648945806,80.90548489484563,81.65125012988189,3684300,CRM
2016-06-03,81.00361633300781,81.45499837994481,80.58167110640744,81.44518361100755,2826900,CRM
2016-06-06,81.27838897705078,81.83771115366038,80.95456890467761,81.30782580427072,2585500,CRM
2016-06-07,81.58257293701172,81.77882342699164,81.20969401145936,81.42557404232305,2605400,CRM
2016-06-08,81.78863525390625,81.99470050691188,81.38631951798367,81.57275523081196,2344600,CRM
2016-06-09,81.18024444580078,81.72975172068332,81.10174126753896,81.25874013758748,1852100,CRM
2016-06-10,80.29710388183594,81.04286162959967,80.02235023934664,80.46391752385084,2322100,CRM
2016-06-13,79.96347045898438,81.4353714141052,79.28640111043207,79.72796840237815,4618100,CRM
2016-06-14,79.57096099853516,80.18916418293628,79.25695576501286,79.6004053058914,3540300,CRM
2016-06-15,80.4541015625,81.0624899664785,80.21859951335274,80.29710269189354,3574400,CRM
2016-06-16,80.11067962646484,80.30693013561087,78.70746677528727,79.66911223764774,3045000,CRM
2016-06-17,78.99202728271484,80.00273152712953,78.66820723747239,80.00273152712953,5691300,CRM
2016-06-20,79.69853210449219,80.74848782658108,79.61021415363774,79.95366370126835,3448300,CRM
2016-06-21,80.10086059570312,80.33637017792759,79.70835959828229,80.04198694338533,3184200,CRM
2016-06-22,79.10978698730469,80.27749019850603,78.96259536790781,80.0321733283368,4222600,CRM
2016-06-23,80.73868560791016,80.77793720478309,79.27659918515712,79.63967084137434,2777100,CRM
2016-06-24,76.990234375,79.00183541076312,76.86267231630076,77.92244283718502,6815700,CRM
2016-06-27,74.64500427246094,76.23466001618566,74.09549697232298,76.00896523992871,6020700,CRM
2016-06-28,76.09728240966797,76.45053923797902,75.16507397910672,76.09728240966797,4781100,CRM
2016-06-29,77.52013397216797,78.15795935657616,76.44074119896483,76.78418333319169,5493600,CRM
2016-06-30,77.92245483398438,78.4621474606257,77.6084420507325,77.86357369388624,4644300,CRM
2016-07-01,78.33457946777344,79.33546893614954,77.84394576070204,78.09906989811627,2967300,CRM
2016-07-05,77.19629669189453,77.75561875341847,76.79398099187398,77.6182419303407,4163400,CRM
2016-07-06,77.02947998046875,77.25517474452425,76.27390748362656,77.00985792929983,4121200,CRM
2016-07-07,77.28462982177734,77.61825717578867,76.92155815434428,77.02949817746014,3085900,CRM
2016-07-08,79.37471008300781,79.58077531447631,77.81449869339983,77.94206074531597,3558900,CRM
2016-07-11,80.13030242919922,80.29711609658972,79.53172869423199,79.54153597833043,2928600,CRM
2016-07-12,80.39523315429688,80.90548887507141,79.6985342439722,80.41485520697158,3499400,CRM
2016-07-13,79.80647277832031,80.93493169143738,79.75740641782481,80.82699168752768,2474600,CRM
2016-07-14,80.03215789794922,80.48353995365586,79.91441061431506,80.46391790187528,1791700,CRM
2016-07-15,79.87516784667969,80.3756163168265,79.52191098380855,80.32654995224256,2253800,CRM
2016-07-18,80.10086059570312,80.53262067663802,79.62985640420746,79.98311329106753,2177300,CRM
2016-07-19,79.84573364257812,80.25786416729274,79.62985360968675,80.16954620543882,2164300,CRM
2016-07-20,80.60130310058594,81.18025475569992,79.89478937945243,80.51299262868228,4267800,CRM
2016-07-21,80.16954040527344,81.53350143825024,79.90460151183244,80.90549092608002,3195800,CRM
2016-07-22,81.00361633300781,81.12136361435432,79.70834383287007,80.45410156964851,2578700,CRM
2016-07-25,80.6503677368164,81.13118665310054,80.3854213538301,81.03306141315136,2633100,CRM
2016-07-26,80.22840881347656,80.65035401127733,79.90458883892548,80.4639108465707,3010000,CRM
2016-07-27,79.9732894897461,80.58167794541288,79.53172217427033,80.38541998238692,3570100,CRM
2016-07-28,80.7877426147461,81.17043628181877,80.16953939372429,80.38541940827312,2448200,CRM
2016-07-29,80.26766204833984,80.86623565487136,79.3648905110707,80.70922930526811,2996300,CRM
2016-08-01,79.50227355957031,80.26766834420845,79.04108421600523,80.24803880573097,4171900,CRM
2016-08-02,78.99202728271484,79.33546938230096,78.10888510772463,79.29621778713735,4267700,CRM
2016-08-03,78.90371704101562,79.2275296007362,78.34438742314302,79.02146434037718,2657500,CRM
2016-08-04,79.05089569091797,79.60041050029761,78.81539362202714,79.03127363787532,2467400,CRM
2016-08-05,79.80647277832031,79.80647277832031,79.14902547194338,79.35509071036859,3033500,CRM
2016-08-08,79.64947509765625,79.99291719914186,79.52191302752627,79.85554035854761,2682600,CRM
2016-08-09,79.65929412841797,80.10086149873281,79.48266568299668,79.59060570444728,2785300,CRM
2016-08-10,78.73689270019531,79.93404010505563,78.44251697723891,79.77704121677408,3376200,CRM
2016-08-11,79.95366668701172,80.11066556948462,78.69763819484987,78.91351820891637,3448600,CRM
2016-08-12,80.10086059570312,80.25786698385276,79.08034153216032,79.78685530588047,3275100,CRM
2016-08-15,77.44160461425781,78.25605817635812,76.74490580974805,77.86354980419748,10886100,CRM
2016-08-16,76.4996109008789,77.52012996589573,76.4603593037848,77.52012996589573,4797700,CRM
2016-08-17,74.89033508300781,75.99916465965532,74.44876770388119,75.96972783257714,8141600,CRM
2016-08-18,75.46926879882812,75.71458561460409,74.74312563386918,74.93938357837501,6200200,CRM
2016-08-19,76.02859497070312,76.11690543567319,75.07676447593424,75.28282971400655,3289300,CRM
2016-08-22,75.80290222167969,76.19541065604501,75.51833379392671,76.02859700454435,4059000,CRM
2016-08-23,76.55847930908203,76.81361092947907,76.22485198635032,76.36222882353115,4328600,CRM
2016-08-24,76.36222839355469,77.21593372249387,76.12672631492447,76.53885682414638,3661700,CRM
2016-08-25,78.65838623046875,78.73688192062497,76.64678537652534,76.6762221961433,7495900,CRM
2016-08-26,78.53083801269531,79.18828545086593,77.97151582871065,78.88409491694637,4271500,CRM
2016-08-29,78.42288208007812,78.73688732166748,78.22663161151308,78.70745050003028,4582800,CRM
2016-08-30,78.33457946777344,78.71727316037104,77.86356781493535,78.50139313142341,3352700,CRM
2016-08-31,77.93224334716797,78.59950537790205,77.46123925869391,78.5111949187413,10307100,CRM
2016-09-01,74.48800659179688,75.11601708389324,72.67265604265283,74.03661703203173,27418500,CRM
2016-09-02,73.69318389892578,75.03752299875536,73.25161654160827,74.57632610003732,8153000,CRM
2016-09-06,74.00718688964844,74.20344486518947,73.15348902709283,73.52636795090638,5146000,CRM
2016-09-07,73.60487365722656,74.19363263102322,73.18292835348493,73.66374730866328,5566800,CRM
2016-09-08,73.477294921875,73.61467174905712,72.97685397420109,73.59504969652065,5122200,CRM
2016-09-09,72.81005096435547,74.27214503923959,72.81005096435547,73.124056288439,6915100,CRM
2016-09-12,72.96704864501953,73.31049075740867,72.1231580337339,72.39791172364521,5197800,CRM
2016-09-13,71.69139099121094,72.61378470612314,71.28907526621201,72.27034262710556,6780300,CRM
2016-09-14,72.43716430664062,73.11424125633928,71.63252528102517,71.69139893352882,5828700,CRM
2016-09-15,72.60397338867188,72.90817137581728,71.98577761704459,72.14277650928553,4288800,CRM
2016-09-16,71.9170913696289,72.59416829695867,71.8582177190703,72.37828826294185,7317400,CRM
2016-09-19,71.63252258300781,72.39790998263386,71.24001411265496,72.33903633234767,3881800,CRM
2016-09-20,71.54420471191406,72.40771726824624,71.29888787911196,72.16240043544414,4833500,CRM
2016-09-21,72.79042053222656,72.86892372583483,70.75919718809128,71.84840466835709,6315800,CRM
2016-09-22,73.19273376464844,73.81093703481939,72.91798008300638,73.5950570031074,5155700,CRM
2016-09-23,69.07142639160156,71.82878597693963,68.78685788664303,71.72084594104234,23179200,CRM
2016-09-26,68.87518310546875,69.87607287772383,68.57098502392341,69.17937370053556,11726700,CRM
2016-09-27,68.73779296875,69.32655198515188,68.50228337300759,68.6592897701692,8179500,CRM
2016-09-28,70.27837371826172,70.38631373092659,68.83590944580949,69.07141152504369,7467300,CRM
2016-09-29,69.8662338256836,70.76900549679085,69.81717494901558,70.25874227140729,5323400,CRM
2016-09-30,69.9937973022461,70.44517935539754,69.91529412261751,69.96436048150419,5817000,CRM
2016-10-03,69.198974609375,70.16061996731217,68.71815567364453,69.81717787036185,4679900,CRM
2016-10-04,71.26944732666016,71.5834525897369,68.90459682678012,69.26766096711748,11238200,CRM
2016-10-05,67.13832092285156,68.29621687868502,65.51922804164285,66.93225564509437,48274000,CRM
2016-10-06,69.92511749267578,70.65125327736874,69.18916693770319,69.80736270874874,18527100,CRM
2016-10-07,69.58168029785156,70.09193609118381,68.8947885729513,69.91530764609251,6707400,CRM
2016-10-10,73.69318389892578,74.31138718294211,72.2016606709747,72.2016606709747,22522700,CRM
2016-10-11,71.06339263916016,72.53529393236468,70.20969468044689,72.51567187583855,16425400,CRM
2016-10-12,70.87696075439453,71.30871339974587,70.4942595097878,70.90639758402331,6301800,CRM
2016-10-13,69.30691528320312,70.04286584930465,69.17935321354366,70.04286584930465,6686800,CRM
2016-10-14,72.87872314453125,74.7333253325995,68.31583593404311,69.65036013544494,25005600,CRM
2016-10-17,71.46570587158203,73.33992269511758,71.37738791343894,72.7119121638985,8777200,CRM
2016-10-18,71.40682983398438,72.78060577650777,71.24001616238964,72.61379210491303,5248400,CRM
2016-10-19,71.45587921142578,74.0856756807443,71.0830003600841,71.24981399201526,3668800,CRM
2016-10-20,71.23019409179688,71.60308048006131,70.89656678279799,71.60308048006131,5054500,CRM
2016-10-21,72.6137924194336,72.8787313409683,70.87695230020766,70.9848848338132,6789700,CRM
2016-10-24,73.65392303466797,73.92867668789097,72.88853571883946,73.03572731491623,6329300,CRM
2016-10-25,73.65392303466797,73.85018099159552,73.17310414152773,73.65392303466797,4447200,CRM
2016-10-26,73.54598999023438,74.73333015420592,72.93760898237183,73.25161425669722,5748200,CRM
2016-10-27,73.33991241455078,74.7333176039411,73.2221651355002,74.07586285451697,4019400,CRM
2016-10-28,73.7226333618164,74.08570507519772,73.41844279625339,73.58525649437003,4827800,CRM
2016-10-31,73.7520523071289,74.57631322824881,73.46748389774935,73.90905117885283,4113500,CRM
2016-11-01,74.03662109375,75.6458990038429,73.83055584158303,74.5665063792405,7141700,CRM
2016-11-02,73.59505462646484,74.23287993052276,73.51655143810902,73.74224623301299,4084800,CRM
2016-11-03,72.75115203857422,73.9875508480761,72.34883636610587,73.63429404536127,3883200,CRM
2016-11-04,72.97685241699219,73.77167654108214,72.47640399352144,72.75115764202289,4280800,CRM
2016-11-07,74.8707046508789,75.5575888274471,73.99737727503819,74.22306458170658,5977500,CRM
2016-11-08,75.11602783203125,75.59684679617502,74.57632772887635,74.92958461703653,4031100,CRM
2016-11-09,74.47819519042969,75.11602048088083,73.50674258629772,73.82074784654623,6880900,CRM
2016-11-10,72.25071716308594,75.29265214263057,70.91619287807282,74.79220366413159,10200200,CRM
2016-11-11,73.19273376464844,73.66374542351791,72.41753908564822,72.41753908564822,8881800,CRM
2016-11-14,71.39703369140625,73.63432265350711,71.18115361848814,73.50676055881813,7241700,CRM
2016-11-15,72.63341522216797,73.33012171767783,71.93671621313482,73.0946121333604,6216400,CRM
2016-11-16,71.93670654296875,73.2123570838724,71.76989289135886,72.81984864925008,10638700,CRM
2016-11-17,73.781494140625,73.99737415457882,71.94652150849332,72.32921517451118,12539100,CRM
2016-11-18,76.31315612792969,78.86445714729071,75.81271518534895,78.0794402972603,19903000,CRM
2016-11-21,74.7235107421875,76.84304434060508,74.38006866448971,76.5977275013244,8549800,CRM
2016-11-22,74.15438079833984,75.22396621038399,73.69318389961747,74.32119446786345,7873800,CRM
2016-11-23,72.56471252441406,73.79129662716937,72.16239683167744,73.68335662720888,8233800,CRM
2016-11-25,72.34884643554688,72.78059898725321,72.12315164654909,72.57453373806875,2346100,CRM
2016-11-28,71.56383514404297,72.54510259014997,71.4264583005061,72.17222365576085,6436900,CRM
2016-11-29,71.56383514404297,71.94652884910658,71.05357936611698,71.39702147495913,7435000,CRM
2016-11-30,70.6512451171875,71.92689559306018,70.6512451171875,71.83857764369654,6261900,CRM
2016-12-01,67.17755889892578,70.86712606726655,66.93224207232156,70.78862288599909,10907300,CRM
2016-12-02,67.12850952148438,68.15883584708678,65.18559668588536,65.3425955841539,15967600,CRM
2016-12-05,69.4737319946289,70.13117932824231,67.73688457720148,67.79575822305468,10209600,CRM
2016-12-06,69.29711151123047,70.01343257277907,68.6789082130298,69.46392518457996,4234100,CRM
2016-12-07,70.43536376953125,70.6512437677688,68.95364808874416,69.4050376231364,4919700,CRM
2016-12-08,70.51388549804688,70.9162012934818,69.66999482101501,70.10175493107144,5426600,CRM
2016-12-09,69.8367919921875,70.86712565248496,69.2872846994824,70.65124564850069,5126800,CRM
2016-12-12,69.06159210205078,69.52278894573337,68.27658272866553,69.49335212362182,6100900,CRM
2016-12-13,70.26856231689453,70.77881809411073,69.03216324030616,69.12048120330071,5895400,CRM
2016-12-14,69.9937973022461,70.52368253502613,69.79753935317464,70.36667617576896,5071600,CRM
2016-12-15,68.9144287109375,70.60220274006693,68.83592550405393,69.86625202010872,4740200,CRM
2016-12-16,68.55133819580078,69.31672553683623,68.31583612620737,69.15972665259923,7224800,CRM
2016-12-19,68.20790100097656,68.75740836485912,67.83501458707653,68.6887199443738,4526000,CRM
2016-12-20,68.55133819580078,68.74758867271599,67.83500973075623,68.6494634342584,5262100,CRM
2016-12-21,68.79666900634766,69.03217112376663,68.01165196631466,68.6494773755318,3515800,CRM
2016-12-22,68.59058380126953,68.74758267180225,67.92332175693639,68.47282903351363,3468600,CRM
2016-12-23,68.56114959716797,68.69852642155443,68.01163481314669,68.38452118203173,2274000,CRM
2016-12-27,68.5415267944336,69.11066368652364,68.33546153760297,68.53171202416276,2939700,CRM
2016-12-28,67.7957534790039,68.74758394822997,67.56025142559471,68.54151871568753,4313700,CRM
2016-12-29,67.85462951660156,68.51207675488646,67.48174318299691,67.5602463570689,3229100,CRM
2016-12-30,67.17755889892578,68.08032302407526,66.95187161087613,68.0607009719961,4523300,CRM
2017-01-03,69.21861267089844,69.5326179819753,67.70745977181686,67.99202825474234,8112200,CRM
2017-01-04,71.43626403808594,71.70120292098373,69.43447780277576,69.74848304636507,9289500,CRM
2017-01-05,71.42645263671875,72.2801579422685,71.17132102474827,71.4460746900353,4695600,CRM
2017-01-06,72.41755676269531,72.74136940282928,71.19097217990222,71.52459959291242,4466100,CRM
2017-01-09,72.57453918457031,73.0455508512513,72.132971829819,72.66285714740646,3933100,CRM
2017-01-10,72.59416961669922,72.90817490284772,72.06428429260926,72.7315464614844,3994800,CRM
2017-01-11,74.35063171386719,74.65482971548626,72.67266526549054,72.87873053250418,7591300,CRM
2017-01-12,73.8011245727539,74.33100989812765,72.61379184767586,73.76187297608068,4681700,CRM
2017-01-13,74.22306823730469,74.36044507938435,73.3006744520758,73.43805129415546,3690000,CRM
2017-01-17,73.61467742919922,73.88943859123977,72.97685960512887,73.88943859123977,3152500,CRM
2017-01-18,74.36043548583984,74.79219549751645,73.6735513640593,74.17399230143852,3969500,CRM
2017-01-19,74.15438079833984,74.7431397702609,73.92868599109059,74.30157241293924,3274300,CRM
2017-01-20,74.60575103759766,74.69406898687403,74.016992159498,74.34081216271917,4593600,CRM
2017-01-23,74.73332214355469,75.51833150198502,74.2819325915248,74.2819325915248,3770900,CRM
2017-01-24,75.66552734375,76.00896942524734,74.52725360338637,74.89032522466978,3730300,CRM
2017-01-25,77.00004577636719,77.11779306033104,75.80289847956583,76.07765212411526,5690400,CRM
2017-01-26,76.48979187011719,77.5986288384616,75.8323444999779,77.52012564864538,4121000,CRM
2017-01-27,76.74491882324219,77.09817566944042,76.46035039233384,76.72529677022041,2219300,CRM
2017-01-30,77.23554992675781,77.30423833975921,75.65570894125018,76.34260055773967,4964000,CRM
2017-01-31,77.61825561523438,78.50139783820957,76.70567656590612,76.98043026050358,7835200,CRM
2017-02-01,77.10799407958984,77.81450780534206,75.9991571263769,77.43181411830562,6199700,CRM
2017-02-02,78.62894439697266,78.7565139346287,76.43090778750354,76.86266778607747,7676100,CRM
2017-02-03,78.70745849609375,79.19809220382639,78.31495003261239,78.88408693033655,4975400,CRM
2017-02-06,78.25607299804688,78.61914462119422,77.86356455154518,78.52101189471186,2664200,CRM
2017-02-07,78.70745849609375,79.02146376958359,78.0500111244863,78.77614691571726,3628200,CRM
2017-02-08,79.18827056884766,79.31584011314429,78.13831482477659,78.50138643215652,2568000,CRM
2017-02-09,79.5121078491211,80.44431650729905,78.9822224772728,79.18828776302315,5147500,CRM
2017-02-10,79.12940216064453,80.46392641721397,79.03127691840656,79.88498224747669,3061900,CRM
2017-02-13,79.39434814453125,79.77704182783908,78.95277332700033,79.65928704586895,4327500,CRM
2017-02-14,79.4041519165039,79.77703829968029,79.05089507269246,79.43358873907557,4809500,CRM
2017-02-15,80.1401138305664,81.27838770848439,79.37472638888623,79.70836122728441,5271900,CRM
2017-02-16,79.3060302734375,80.18917242299214,78.99202500764875,79.99291445282662,5234700,CRM
2017-02-17,79.94386291503906,79.94386291503906,78.7467153897818,79.06072068440037,3674100,CRM
2017-02-21,80.64055633544922,80.87605841845998,79.76722893641123,80.14992262873231,4325000,CRM
2017-02-22,80.54244232177734,80.846632866684,80.17937063305075,80.4639391210023,2741400,CRM
2017-02-23,80.53260803222656,81.57274898773738,80.29710597345486,80.78773962967325,5595200,CRM
2017-02-24,80.24803924560547,80.28729083630017,79.45321512184513,79.88497513301145,4434200,CRM
2017-02-27,80.0125503540039,80.38542929724781,79.38453977250015,80.10086083274194,3289300,CRM
2017-02-28,79.82610321044922,80.29711486663423,79.17847060548068,79.9732948209118,10533000,CRM
2017-03-01,82.24002075195312,82.81897242748973,80.57186911880278,81.31763446035914,14319200,CRM
2017-03-02,81.12137603759766,82.13208028513925,80.8073707617937,81.99470344487979,5884800,CRM
2017-03-03,80.6798095703125,81.04287372931809,80.12048743274515,80.46392953713276,6217200,CRM
2017-03-06,80.95455169677734,81.17043169913813,80.0910391738095,80.22841599595267,5328500,CRM
2017-03-07,81.41576385498047,82.80916187711414,81.25875746497721,81.7984575725175,5431800,CRM
2017-03-08,81.91621398925781,82.26946340081594,81.3863286422053,81.40595069810641,3732400,CRM
2017-03-09,81.7199478149414,82.01433102931853,81.25875093943945,81.63163734251395,3646900,CRM
2017-03-10,81.94563293457031,82.3773854484717,81.68068657562092,81.99469180685614,3930000,CRM
2017-03-13,82.04376220703125,82.1713242650283,81.5236917190367,81.90638537950348,3463700,CRM
2017-03-14,81.94563293457031,82.05357293466447,81.18024565133919,81.85731498609543,2933500,CRM
2017-03-15,81.91621398925781,82.20077497544673,81.44520229638552,81.99470969933913,3074100,CRM
2017-03-16,81.95545196533203,82.42646362294127,81.71013510931137,82.37739725714661,3762100,CRM
2017-03-17,81.4746322631836,82.40684079924577,81.46481749282103,82.36758920427172,7828200,CRM
2017-03-20,81.3470687866211,82.06338979469155,81.2587508278388,81.47463085322204,3428700,CRM
2017-03-21,80.02237701416016,81.62184053180434,79.84574854396503,81.44521206160921,4206200,CRM
2017-03-22,80.34617614746094,80.43449411096894,79.62004033034366,80.15974042268006,3057000,CRM
2017-03-23,79.992919921875,80.85644007668927,79.93404627003824,80.46393159599883,3056700,CRM
2017-03-24,80.08123779296875,80.7092483667524,79.76723250607692,80.34617671240262,3701800,CRM
2017-03-27,80.08123779296875,80.25786623475018,78.99203031639597,79.48266404506923,3403000,CRM
2017-03-28,80.60130310058594,80.8073683548372,79.7770420835809,79.91441891974841,3216000,CRM
2017-03-29,80.83679962158203,80.89568075194603,80.13029343549422,80.50317232424686,2874000,CRM
2017-03-30,81.01343536376953,81.04287218837499,80.48355006144254,80.70924486087813,3483000,CRM
2017-03-31,80.94474029541016,81.3765003180955,80.6503645870593,80.72886028406748,3174000,CRM
2017-04-03,80.76811218261719,81.42556698869701,80.02235439611499,81.06249537856192,4224200,CRM
2017-04-04,81.41576385498047,81.572762758507,80.98400376894823,81.19006904096996,4441500,CRM
2017-04-05,83.74136352539062,84.80113420529963,81.45501597645541,81.63164442310692,13289300,CRM
2017-04-06,83.40773010253906,83.84929744378555,82.78953432749874,83.81986061923261,5014400,CRM
2017-04-07,82.7993392944336,83.26053616346074,82.24983195421879,83.11334455833862,4876400,CRM
2017-04-10,82.6619644165039,83.02503605287116,82.28908549631207,82.55402440262381,3401300,CRM
2017-04-11,82.28907775878906,82.6913934655779,81.73957045723337,82.49514299687245,2536200,CRM
2017-04-12,81.80826568603516,82.50496464040532,81.64144453861324,82.25964779084642,3098400,CRM
2017-04-13,81.57276153564453,82.48534057604697,81.57276153564453,81.64144995862206,2594700,CRM
2017-04-17,82.62271118164062,82.65215549195851,81.44519330911136,81.69051015642796,2960800,CRM
2017-04-18,82.14189910888672,82.81897605963047,81.96527066462646,82.42646757388806,2498200,CRM
2017-04-19,81.93582153320312,82.63252043468923,81.78862993734538,82.5049583777328,2840600,CRM
2017-04-20,82.47553253173828,82.7797230469107,81.89658084071078,82.3773997971232,4012300,CRM
2017-04-21,82.22039031982422,82.8189639888829,82.08301349280836,82.43627032984217,2946100,CRM
2017-04-24,82.59326934814453,83.06428096047289,82.18113886640447,82.9269041332262,3193800,CRM
2017-04-25,83.16241455078125,83.53529347841433,82.76990608215486,82.98578611422319,3016500,CRM
2017-04-26,83.3586654663086,83.52548661969578,82.80915809931943,83.1624149742343,2165000,CRM
2017-04-27,84.2417984008789,84.7029952417219,83.69229109424501,83.78060156003592,2944500,CRM
2017-04-28,84.50675964355469,84.6048848960833,83.68249105206516,84.17312480118512,2919200,CRM
2017-05-01,85.0366439819336,85.25251654034425,84.63432071892029,84.63432071892029,3290000,CRM
2017-05-02,85.45856475830078,85.56650475920179,84.49692700578754,85.16418906295961,3503200,CRM
2017-05-03,84.92869567871094,85.42913665781734,84.57543881906167,85.34082618614305,2786700,CRM
2017-05-04,84.89925384521484,85.49782757005703,84.6735665311456,85.12494864576038,2140100,CRM
2017-05-05,85.34082794189453,85.35064271221896,84.60487738356358,84.82075741184352,2595800,CRM
2017-05-08,85.2328872680664,85.5370777674831,84.99738518743659,85.30157568685328,2168400,CRM
2017-05-09,85.49783325195312,85.9786597097485,85.27214592288547,85.39970800077255,2887000,CRM
2017-05-10,85.67445373535156,85.97865171815641,85.27213799696281,85.74314215344116,2920700,CRM
2017-05-11,86.06696319580078,86.3024652767919,84.94831895299771,85.74314315539037,2731600,CRM
2017-05-12,87.37205505371094,87.60755714659544,85.92959069764984,86.32209917677504,5586600,CRM
2017-05-15,88.11780548095703,88.25518230239636,87.38185501475685,87.59772752953634,4053900,CRM
2017-05-16,88.06875610351562,88.58882666874189,87.73512875468245,88.323887743873,6422300,CRM
2017-05-17,86.19451141357422,88.06873544951762,85.92957255083914,88.06873544951762,5619200,CRM
2017-05-18,86.1062240600586,86.74404943928035,85.53708710712368,86.23378614131215,10180000,CRM
2017-05-19,85.76278686523438,89.29534860963889,84.82077089915833,89.24628223669099,15733500,CRM
2017-05-22,87.27392578125,87.3818657951941,85.24270254340136,85.90014991089642,6058400,CRM
2017-05-23,86.83235168457031,87.578117018137,86.50853912649413,87.06786125505006,4344600,CRM
2017-05-24,87.92155456542969,88.03930934457358,86.67534830367929,86.77347354306126,4577200,CRM
2017-05-25,89.56027221679688,90.09015751065837,88.22575544165358,88.28462908992392,7407100,CRM
2017-05-26,89.12852478027344,89.3934636992101,88.76545312660502,89.22665002852862,5284500,CRM
2017-05-30,89.15796661376953,89.36403189262231,88.77527288354625,88.8047097110285,4626500,CRM
2017-05-31,87.96080017089844,89.26588747662014,87.80380129586953,88.99113383046301,6030100,CRM
2017-06-01,88.36312866210938,88.94207281034264,87.64680019607457,88.31406229957483,4890600,CRM
2017-06-02,89.15796661376953,89.38365394878483,88.14726227566818,88.54957806205398,4969200,CRM
2017-06-05,89.668212890625,90.1588465937644,89.05001711980078,89.29533397137048,5537300,CRM
2017-06-06,89.39347076416016,90.22754666996283,89.09909499612947,89.29534550814994,4296700,CRM
2017-06-07,89.67803955078125,90.26679857531336,88.92246684181919,89.73691320729131,3484000,CRM
2017-06-08,89.54063415527344,89.90370572314356,88.89299419417671,89.67801096766217,3804900,CRM
2017-06-09,85.63519287109375,89.5112031479258,83.6334141930422,89.38363360922894,11672200,CRM
2017-06-12,84.56562805175781,85.21326066745237,81.98489738661378,84.50675440118823,9281600,CRM
2017-06-13,85.63519287109375,86.65571174829223,85.17400353468867,86.18470764280079,5308000,CRM
2017-06-14,85.53707122802734,86.43983537348726,84.44786389448147,86.04733443127031,3554800,CRM
2017-06-15,84.6539306640625,84.76187067106439,83.30959919109013,84.37917700495794,6661600,CRM
2017-06-16,84.38899993896484,85.35064532534223,84.25162309612186,84.46750313101126,8005000,CRM
2017-06-19,85.90015411376953,86.06696778476267,84.9973898497727,85.06607827232732,4835500,CRM
2017-06-20,85.29175567626953,86.14546096000561,85.16419361678167,85.98845459158143,3095500,CRM
2017-06-21,85.9197769165039,86.15528649857752,84.81094737519466,85.86090326422382,3794700,CRM
2017-06-22,86.81272888183594,87.33279941082827,85.60576667458058,86.22396993366492,4413000,CRM
2017-06-23,86.95993041992188,87.19543252878559,85.87072287252124,86.63611034118611,4890900,CRM
2017-06-26,86.45946502685547,88.11780920987546,86.05714182813263,87.13654188008385,4866500,CRM
2017-06-27,86.03752136230469,87.60754762163081,85.4781992734674,86.35152661416991,5370800,CRM
2017-06-28,86.4398422241211,86.81272862984545,85.06607384453507,86.62628542698327,4257800,CRM
2017-06-29,85.17401885986328,86.02771676209873,84.22218822205795,86.00809470687074,5215600,CRM
2017-06-30,84.97775268554688,85.61557797289802,84.68337696663735,85.17401065129579,3943500,CRM
2017-07-03,84.48711395263672,85.46838126332118,83.52547618059221,85.38007079886779,2741300,CRM
2017-07-05,85.86090087890625,85.87071564950581,84.48712496754847,84.66375340595842,4719800,CRM
2017-07-06,85.22306823730469,85.83145669219938,84.72261979031835,84.99738093820599,3275000,CRM
2017-07-07,86.27301788330078,86.79308834641138,85.55669695781928,85.56650424040515,2454300,CRM
2017-07-10,86.84217071533203,86.9795475616133,85.83146642348703,86.21416013619579,2332100,CRM
2017-07-11,86.69496154785156,86.98934472256096,86.02769950678872,86.60665108732383,2414700,CRM
2017-07-12,88.70657348632812,88.71638825643402,87.18560603838593,87.5486776675432,4273500,CRM
2017-07-13,87.89213562011719,89.06965370516775,87.82344718993053,88.86358841460778,3211100,CRM
2017-07-14,88.3140640258789,88.48087768339578,87.86268193034597,88.10799877486231,1978000,CRM
2017-07-17,87.61737060546875,88.56920121999083,87.5977410642443,88.29444753466001,2485700,CRM
2017-07-18,87.59774780273438,87.72531737107732,86.95992990692764,87.33280886763525,3813100,CRM
2017-07-19,87.8823013305664,88.44162341971787,87.13654353601494,87.67623608577121,4463000,CRM
2017-07-20,88.84394836425781,88.93225883383674,87.74492621737272,88.02949465236465,3481000,CRM
2017-07-21,88.00988006591797,88.93226637894972,87.8626884509893,88.64769791981469,2928700,CRM
2017-07-24,87.99026489257812,88.12764175921703,87.29356578705865,87.9706428344059,2393500,CRM
2017-07-25,88.93226623535156,89.11870944639193,87.56830507973618,88.04913152015857,3346000,CRM
2017-07-26,89.3640365600586,89.49159864796987,88.46127219989259,88.93227643716295,3638100,CRM
2017-07-27,88.81450653076172,90.40415478531256,87.42110125760142,89.54064224563649,3572100,CRM
2017-07-28,88.92245483398438,89.41308853592022,88.01968313270054,88.31406634845251,2108800,CRM
2017-07-31,89.09908294677734,89.34439979686596,88.18650396498863,89.10889023051807,3002900,CRM
2017-08-01,89.5112075805664,90.06071489301006,89.18738756295826,89.65839917824971,3157500,CRM
2017-08-02,88.20612335205078,89.6387728148753,87.32298122113815,89.6387728148753,3636900,CRM
2017-08-03,88.65750885009766,88.73601203952258,87.74492986084253,88.31406675445889,2351400,CRM
2017-08-04,88.75563049316406,89.16776847768793,88.5593800140391,88.91263686564476,1987600,CRM
2017-08-07,88.80470275878906,89.00095325095826,88.43182382907703,88.85376912506955,1903300,CRM
2017-08-08,88.56920623779297,89.18740206481058,87.86269244321463,88.49070304140051,2366700,CRM
2017-08-09,88.43182373046875,88.77526583462009,87.94119001411646,87.96081206872094,3055400,CRM
2017-08-10,85.98845672607422,88.23555989621397,85.90996102638934,87.99024305431848,3961500,CRM
2017-08-11,86.63610076904297,86.99917240688758,85.6253965317587,85.90996497982997,2881500,CRM
2017-08-14,88.55938720703125,88.95189568363749,87.43092814421699,87.61737135506218,4906900,CRM
2017-08-15,89.0009536743164,89.40327691759634,88.40237993793376,88.65751156814844,2531700,CRM
2017-08-16,90.5121078491211,90.66911423524967,89.11870986137444,89.34440466981513,4273700,CRM
2017-08-17,89.17757415771484,90.75741519163601,89.05001209722475,90.27659628589176,3630500,CRM
2017-08-18,89.05982971191406,89.63877387395058,88.5888180743704,89.11870335917853,3046800,CRM
2017-08-21,90.04110717773438,90.08035877579839,88.87339646637946,89.2462754182724,3512500,CRM
2017-08-22,91.20880126953125,91.68962768281092,90.3256666041913,90.69854551874647,11254400,CRM
2017-08-23,91.32655334472656,92.85732803817999,89.58971340303715,90.41397439598104,12034900,CRM
2017-08-24,92.38633728027344,92.5433361884236,91.60132028009177,91.94476241024239,5494400,CRM
2017-08-25,92.33724975585938,93.44608657606713,92.11156247338407,92.38631611455848,5311000,CRM
2017-08-28,91.90550231933594,92.42557280978393,91.11067068606057,92.31763280386352,5536100,CRM
2017-08-29,92.07231903076172,92.35688746615111,90.76723163322706,91.01254847547902,3242800,CRM
2017-08-30,93.0830307006836,93.3970359845322,91.83681684950446,92.07232642724829,3808100,CRM
2017-08-31,93.70121002197266,93.86803114849441,92.58256592705119,93.16151751244398,5098200,CRM
2017-09-01,94.21149444580078,94.3684933522905,93.40685539803913,93.95636280046848,3679600,CRM
2017-09-05,94.37831115722656,94.68250169528136,93.34797725807493,93.57367208360009,4069500,CRM
2017-09-06,94.02503967285156,94.51567336087238,93.46571756796686,94.35867447367322,4105200,CRM
2017-09-07,94.91800689697266,95.69320162021714,94.08392354748436,94.28998882047709,4917300,CRM
2017-09-08,94.62361145019531,95.3693767370604,94.57454508779894,94.81005464353053,3316400,CRM
2017-09-11,95.879638671875,96.38008715209028,95.13387333675679,95.13387333675679,4471500,CRM
2017-09-12,95.0357437133789,95.7913237840937,94.34885954588904,95.7618794742219,4743200,CRM
2017-09-13,93.8189926147461,95.08482867367582,93.57367572316616,95.07501390179894,5610300,CRM
2017-09-14,93.51478576660156,93.94653832972945,92.73958362593808,93.59328146850366,5054600,CRM
2017-09-15,92.85733795166016,93.82879813681213,92.40595581402843,93.72085811623968,6081700,CRM
2017-09-18,93.94654083251953,94.37830089362586,92.96527341107883,93.16153138725275,5990700,CRM
2017-09-19,93.5638427734375,94.40773331543717,93.37740706286266,94.17223124148813,3521000,CRM
2017-09-20,93.42647552490234,93.57366714365018,92.28820914530428,93.29891344810846,3362600,CRM
2017-09-21,93.0830307006836,93.31853279195091,92.40595376600396,93.04377910439295,2896100,CRM
2017-09-22,93.16152954101562,93.5638452828657,92.78864313691304,93.01433793342125,2254400,CRM
2017-09-25,90.73780059814453,93.11246598586891,90.38454372384943,93.09284393128647,5821100,CRM
2017-09-26,90.61022186279297,91.91530921138686,90.39434933834622,91.20879553435933,4558200,CRM
2017-09-27,91.46392822265625,91.90550301927792,90.88498408328819,91.16955251138418,2945100,CRM
2017-09-28,90.86536407470703,91.50318941241055,90.69855040550847,91.4639378161621,3017600,CRM
2017-09-29,91.67000579833984,91.71907216672366,90.88499630953571,91.03218044173374,4629700,CRM
2017-10-02,92.18026733398438,93.0634020563688,91.6994408896466,91.96438729554318,2755900,CRM
2017-10-03,93.57366180419922,93.66197227852277,92.19007114798667,92.4059511783015,4996800,CRM
2017-10-04,93.73065948486328,93.93673222856924,92.9554648209173,93.41665421387371,3128300,CRM
2017-10-05,93.93672943115234,94.08391354873606,92.90639568921046,93.71103464006401,3956300,CRM
2017-10-06,94.51567840576172,94.76099526286622,93.6816025889017,93.76010577992946,4402900,CRM
2017-10-09,94.46660614013672,94.94743254029602,94.18204519176605,94.52548727296849,2031300,CRM
2017-10-10,93.60309600830078,94.65305181922777,93.43628234826474,94.46660861890744,2028900,CRM
2017-10-11,94.21149444580078,94.21149444580078,93.05359850034115,93.60310590277051,2640800,CRM
2017-10-12,94.92781066894531,95.40863710794653,94.04466846988609,94.339051698398,3118600,CRM
2017-10-13,95.12405395507812,95.80112329769753,94.87873713137427,95.33011918861231,2496000,CRM
2017-10-16,95.33012390136719,95.75206915845618,95.10442911835301,95.13386594081666,2544300,CRM
2017-10-17,94.90818786621094,95.18294155120293,94.13298569128274,95.14368995527887,2528300,CRM
2017-10-18,94.6334228515625,95.25161856878314,94.25072919521511,95.1534933339589,2876700,CRM
2017-10-19,95.36937713623047,95.4086287290167,94.30960659043005,94.59417502327327,2534100,CRM
2017-10-20,97.04734802246094,97.32210169850794,95.50675849336073,95.71282375039597,4588800,CRM
2017-10-23,96.59596252441406,97.57722989670928,96.4585856912108,97.21415827382872,4024900,CRM
2017-10-24,96.81185150146484,96.87072515357742,95.97776816866138,96.40952824809126,3651400,CRM
2017-10-25,97.72441864013672,97.763670235264,96.46839754196864,96.55671550262412,4687200,CRM
2017-10-26,98.17581176757812,98.87251076154298,97.43986117707597,97.95011695910779,3863300,CRM
2017-10-27,98.81362915039062,100.0696577741409,98.30337337080186,98.83325869180356,4030400,CRM
2017-10-30,98.81362915039062,99.08839032483621,98.03843445353927,98.81362915039062,2374600,CRM
2017-10-31,100.42289733886719,100.53083734664358,98.95099630898089,99.23556473980267,5111800,CRM
2017-11-01,100.04019927978516,101.97329707870529,99.4023815173388,101.72798025115655,3760800,CRM
2017-11-02,100.67803192138672,101.43361199814451,99.85377091380657,100.13833935303572,3212600,CRM
2017-11-03,100.78597259521484,101.13922945406568,99.79489043641243,100.93316420081537,3265500,CRM
2017-11-06,100.50140380859375,101.20791752386646,99.67714279842627,100.99203750125801,7046800,CRM
2017-11-07,100.79579162597656,103.03308016895187,99.84396102086527,102.97420651881347,5277100,CRM
2017-11-08,103.06251525878906,103.27839528763029,100.97241836282643,101.02147724162364,6674500,CRM
2017-11-09,101.6593017578125,102.48357027176748,100.49159863555089,102.37563025819628,5128600,CRM
2017-11-10,103.26858520507812,103.40596205030843,100.90373452377654,101.4728714462887,4675700,CRM
2017-11-13,103.79847717285156,103.97510562608946,103.03308970431299,103.03308970431299,4609500,CRM
2017-11-14,104.24002838134766,104.38721248689669,103.09193995273776,103.66107678244518,4366800,CRM
2017-11-15,103.45502471923828,104.99561427408116,103.03307942783665,103.89659206505277,4148400,CRM
2017-11-16,105.0250473022461,105.34886733692454,104.19097152003958,104.24003788401245,3708500,CRM
2017-11-17,105.56475067138672,105.8493191211084,104.73067486301701,105.18205697711737,4407900,CRM
2017-11-20,105.35868835449219,106.95815159607257,105.00543147507328,106.66376836773132,5578500,CRM
2017-11-21,106.76187896728516,107.14457259290164,105.77079695625211,106.71281261057538,10682700,CRM
2017-11-22,104.82878875732422,105.47642129039812,104.06340145165711,104.84841080951868,9009600,CRM
2017-11-24,105.1427993774414,105.5843666959268,104.41666362548564,105.38811621803903,4000000,CRM
2017-11-27,104.58348846435547,105.27037269689298,103.8769746900445,104.78955373411672,5144200,CRM
2017-11-28,104.4657211303711,104.88766639011908,103.80827380295412,104.11246428562973,4794300,CRM
2017-11-29,101.59061431884766,103.89659124774971,100.8644785276627,103.76902917887875,6851000,CRM
2017-11-30,102.36580657958984,102.55224976616519,100.84483923815795,101.64947814154421,5201800,CRM
2017-12-01,101.88500213623047,102.86626959591915,100.90373467654179,101.91443896218487,4797600,CRM
2017-12-04,97.97953796386719,102.77793444021289,97.95991591200523,102.64055761775322,9116000,CRM
2017-12-05,98.80381774902344,99.75564833302262,96.83146816189506,97.68517350234794,5323800,CRM
2017-12-06,100.9920425415039,101.39436578307598,98.12674343009934,98.38187505923099,4571000,CRM
2017-12-07,102.12049865722656,102.18918707619711,100.7172859669915,101.70836814340328,3900100,CRM
2017-12-08,101.50231170654297,103.3765287221574,101.27661688947015,103.03308659746124,4171500,CRM
2017-12-11,102.58170318603516,102.75833163177104,101.43362203199027,102.43451156684246,3357200,CRM
2017-12-12,101.72798156738281,103.09194254728362,101.34528791037326,102.98400254284753,4683600,CRM
2017-12-13,101.9929428100586,102.64057544464023,101.76724799883253,101.87518801900892,4067500,CRM
2017-12-14,102.28730010986328,103.22931580893284,101.99292441504639,102.24804851992597,4464900,CRM
2017-12-15,103.50408935546875,103.67090301785782,101.37473339315223,102.7975756247901,7261100,CRM
2017-12-18,103.11157989501953,103.89658932089758,102.82701145145305,103.42558516266597,3931400,CRM
2017-12-19,102.30693054199219,103.19987988982358,101.54154324771518,102.6307430604726,3942100,CRM
2017-12-20,101.4532241821289,102.542431469382,100.88408735903761,102.30692941676587,3673500,CRM
2017-12-21,101.6789321899414,102.09106270729463,101.39436374134716,101.7868722044591,2486800,CRM
2017-12-22,100.70747375488281,101.56117911503927,100.10890002301616,101.35511385289317,3538300,CRM
2017-12-26,100.61915588378906,100.67802952965303,99.42200850804966,100.24627698252426,2524600,CRM
2017-12-27,100.72708892822266,100.88408780183074,100.17757415440612,100.66820779995373,2038600,CRM
2017-12-28,100.86447143554688,100.9724114425697,100.44252617713286,100.71727983629069,2719400,CRM
2017-12-29,100.31497192382812,101.23735821042806,100.29534238294599,100.68785084934926,2498800,CRM
2018-01-02,102.45413208007812,102.73869303590318,100.35421297183956,100.95278668039089,4669200,CRM
2018-01-03,103.31763458251953,104.15171028753731,102.6601872903917,102.93494093567048,3888700,CRM
2018-01-04,104.68161010742188,105.64325548632155,103.7886531494096,104.01434795316891,4540200,CRM
2018-01-05,106.07500457763672,106.27126254977205,105.1918624192181,105.74137725472087,3368400,CRM
2018-01-08,106.82076263427734,107.09551629010559,105.55492687437525,105.97687212767595,2933600,CRM
2018-01-09,107.1053466796875,107.29178240963142,106.22220445253276,106.95815506074892,3302300,CRM
2018-01-10,106.76187896728516,107.4389482737355,106.20255693857838,106.64412420306665,3113300,CRM
2018-01-11,107.05628204345703,107.35066528609751,106.63433672179335,106.9581567914025,3668100,CRM
2018-01-12,108.17491912841797,108.6361160172518,106.86983913935951,107.1838444167499,5749500,CRM
2018-01-16,106.85020446777344,109.3524392827336,106.20257188958642,108.77348763524917,5790800,CRM
2018-01-17,107.9786605834961,108.31228789050516,107.18383642205323,107.6940921523247,4254700,CRM
2018-01-18,109.6762466430664,110.06875507401857,108.1552867670308,108.1651015365854,3842800,CRM
2018-01-19,109.833251953125,110.29444879357007,109.51924670868004,110.1080056062049,3120900,CRM
2018-01-22,110.77528381347656,110.84397223674642,108.93050366960291,109.53888470814258,2214700,CRM
2018-01-23,111.11871337890625,111.62897659682778,110.56920605481459,111.05983973317524,2816800,CRM
2018-01-24,110.73601531982422,111.70746786826281,110.3925732558788,111.50140262989557,4975500,CRM
2018-01-25,109.86270904541016,111.34442507530643,109.80383539073777,111.15798185354129,4715100,CRM
2018-01-26,111.57009887695312,111.78597889987054,109.93138413786323,110.60846103038135,3927400,CRM
2018-01-29,111.17759704589844,112.26680443561044,110.73602223342071,111.5700980083551,3181500,CRM
2018-01-30,110.12764739990234,111.32478738061208,109.74494621312564,110.31408312153813,3737700,CRM
2018-01-31,111.77617645263672,112.37474269688488,110.5299626251376,110.94209314864342,4181800,CRM
2018-02-01,110.62808990478516,112.12942790121473,110.4220246392435,111.17760476603941,4302800,CRM
2018-02-02,108.70479583740234,110.24538527747504,108.63610742235996,109.9313800249276,4403800,CRM
2018-02-05,105.6334457397461,109.5192640629212,105.48625412042226,107.10534696003106,6124000,CRM
2018-02-06,107.51746368408203,107.56653004637498,101.74761433738415,103.04288694527452,6857900,CRM
2018-02-07,107.98847198486328,110.18650869408594,106.77169511302034,107.02682671343587,4515400,CRM
2018-02-08,102.08125305175781,108.11604945086034,102.05181622568281,108.03754625700927,6803800,CRM
2018-02-09,104.97599029541016,106.08481976808147,100.45234695881892,103.34708280937721,6615800,CRM
2018-02-12,106.5165786743164,107.4291576507183,104.26947544239185,105.68249539975767,4624100,CRM
2018-02-13,105.67269134521484,106.05538504187035,103.94565858179752,105.98669662161106,7542800,CRM
2018-02-14,106.97776794433594,107.17402591491978,104.73067220134058,104.73067220134058,7428000,CRM
2018-02-15,111.0009765625,111.30516707611751,107.9884857925388,110.2061448377447,8341900,CRM
2018-02-16,110.7458267211914,112.01166242107236,110.55938354080168,110.7261971830055,4667300,CRM
2018-02-20,112.20792388916016,113.10088080231598,110.17670070326753,110.34351436183202,4287800,CRM
2018-02-21,112.33548736572266,113.5031903990046,112.03128940225835,112.62004830366173,4976500,CRM
2018-02-22,110.88321685791016,112.84575166955457,110.37296110093212,112.37474002071039,4763400,CRM
2018-02-23,112.80650329589844,112.80650329589844,110.62808839493685,111.50141581213657,4173500,CRM
2018-02-26,114.4648208618164,114.61201243973439,113.2088000383357,113.93493567319649,5418900,CRM
2018-02-27,114.2882080078125,115.40685217375555,113.59150909649539,115.10266169477255,5908200,CRM
2018-02-28,114.07234191894531,115.93675158523844,114.04290509306054,114.80829251197076,9684400,CRM
2018-03-01,117.1927719116211,120.17582585949147,115.8386255250748,118.6450510323977,15555500,CRM
2018-03-02,119.63612365722656,120.0384468983413,115.43630024102869,116.42738244475947,10627500,CRM
2018-03-05,120.20524597167969,120.63700598553584,117.41845039327306,117.75207768654337,10121300,CRM
2018-03-06,122.1481704711914,122.3542357288811,120.45057455811508,120.56832934242756,8154800,CRM
2018-03-07,122.98224639892578,123.41399896889715,120.87251996829718,121.06877045587724,6750400,CRM
2018-03-08,123.99295043945312,124.90552942957137,123.3453103557993,123.40419149116178,6127900,CRM
2018-03-09,125.02327728271484,125.11158775114846,123.88500355750975,124.8073972667983,5637800,CRM
2018-03-12,124.40508270263672,125.79848064668278,124.40508270263672,125.47466808678216,5609800,CRM
2018-03-13,124.35602569580078,125.71017206493515,123.37475825792694,125.49429203076669,4641800,CRM
2018-03-14,125.5924072265625,126.45591980765624,124.14013572715594,124.67002099958022,5402400,CRM
2018-03-15,124.83684539794922,126.05362241852308,124.29714530926917,125.60223280627623,4603500,CRM
2018-03-16,123.6102523803711,125.55315758971817,123.33549871330997,124.90552501542778,6662900,CRM
2018-03-19,122.63880920410156,123.40419661732182,121.15709325827878,122.68786808471927,6830400,CRM
2018-03-20,122.77616882324219,124.45413502907763,122.11871403420949,122.25609085902815,7113600,CRM
2018-03-21,119.42023468017578,121.69677465520695,117.9483336406347,119.28285784873668,14824000,CRM
2018-03-22,115.82880401611328,118.39972728197043,115.24004507736443,118.14459566347136,10950500,CRM
2018-03-23,112.28643035888672,115.86805791330781,112.16867557420592,115.79936949386308,10902100,CRM
2018-03-26,116.74137878417969,117.02594721638917,112.88499776761272,116.02505031875913,13171700,CRM
2018-03-27,111.67804718017578,117.90910153774855,110.60846924273231,117.8404056285598,8304700,CRM
2018-03-28,110.76545715332031,112.70836982458384,109.25430451710997,111.03040353354872,6489500,CRM
2018-03-29,114.12140655517578,115.06342240158074,110.41220933395591,111.7761779665634,7794700,CRM
2018-04-02,113.14014434814453,115.47555827418772,111.48179989794025,113.73871811467471,6461300,CRM
2018-04-03,114.30783081054688,115.2498465624444,112.45323612923679,114.572777185863,5193300,CRM
2018-04-04,117.24182891845703,117.43807939829654,111.86448042502904,111.92335407168571,6389300,CRM
2018-04-05,116.81006622314453,118.7726009228214,116.44699460857304,118.14459041784286,5052400,CRM
2018-04-06,113.92514038085938,116.75119520328997,112.7966814058736,115.8876751246691,5385500,CRM
2018-04-09,114.99472045898438,116.99650670465351,114.94565409803894,114.94565409803894,4104200,CRM
2018-04-10,117.25163269042969,117.86983590771426,115.47554119570252,116.69231060451432,3693000,CRM
2018-04-11,116.9278335571289,118.44879362082884,116.64326509673889,117.09464722776137,3059400,CRM
2018-04-12,119.12586975097656,119.44968980575165,117.10445371616444,117.7520938257146,4419900,CRM
2018-04-13,116.78063201904297,119.65574571799694,116.28018356319066,119.65574571799694,4933100,CRM
2018-04-16,117.17314147949219,118.71373096716148,116.4371909442398,118.68428665711156,4464700,CRM
2018-04-17,121.03933715820312,121.5397856485333,117.76190750396667,118.14460120643196,5524600,CRM
2018-04-18,122.12854766845703,122.40330136053491,119.94032541621063,121.21596862749745,4321800,CRM
2018-04-19,121.73603057861328,122.18741268175293,120.8725179664952,121.71640852477073,3657000,CRM
2018-04-20,120.5192642211914,122.05003900067136,119.76369160186448,121.68697484662748,2971000,CRM
2018-04-23,119.60668182373047,122.23647873400827,118.9688565215725,120.88233242804642,3932700,CRM
2018-04-24,115.67179870605469,121.21596102721064,114.71997561431503,121.02951782507216,5379300,CRM
2018-04-25,115.12227630615234,116.01523311915503,112.88498811888103,115.56384358493872,5080500,CRM
2018-04-26,118.56654357910156,119.7833130777745,115.94656137718941,116.47643919331499,4998800,CRM
2018-04-27,117.96795654296875,119.36135431858271,117.3105092457182,119.35153954932476,3801200,CRM
2018-04-30,118.72354125976562,119.42024021908536,117.53620859784246,118.60579396248555,2788300,CRM
2018-05-01,120.80382537841797,121.00989062579421,118.16421378238135,118.61559586994017,3873900,CRM
2018-05-02,120.5192642211914,121.64772325145155,119.45949361087007,119.99919368644379,3671000,CRM
2018-05-03,122.07947540283203,122.65841954959775,119.39079745604226,120.3230059365047,4435600,CRM
2018-05-04,122.77616882324219,123.48267499953438,120.67625737361357,122.05002562180016,6341200,CRM
2018-05-07,124.5915298461914,125.29804361098691,123.10981389427178,123.43363395088247,4342000,CRM
2018-05-08,126.33817291259766,126.54424564680627,124.13032134713478,124.2186318162449,4467800,CRM
2018-05-09,127.29981994628906,127.30964220331313,124.9447840952411,126.46575161164627,4605300,CRM
2018-05-10,128.17315673828125,128.54604318160366,126.63257454104843,127.51570930654965,3772400,CRM
2018-05-11,128.1829376220703,128.39881760137115,126.475527323859,127.56473450198624,3233200,CRM
2018-05-14,125.29804229736328,128.5460351407432,124.7779717499736,128.33996238944115,4169800,CRM
2018-05-15,125.72979736328125,126.18117198461768,123.72800347271695,124.5522719856832,2933100,CRM
2018-05-16,126.3578109741211,126.5540614652519,125.52372767062425,126.29893732407713,2439900,CRM
2018-05-17,123.68876647949219,127.03489211571032,123.19813274888965,126.76994570875804,5557000,CRM
2018-05-18,124.58171081542969,125.32747615126571,123.51213292053212,123.69856863963392,3612300,CRM
2018-05-21,124.00275421142578,125.94566680358584,123.63968260705167,125.60221725160804,2887200,CRM
2018-05-22,123.09017944335938,124.67002048429573,122.91355101994799,124.28732681465036,2789800,CRM
2018-05-23,125.69054412841797,125.69054412841797,122.24630076777184,122.54067651100637,4303900,CRM
2018-05-24,126.328369140625,126.95637967111684,125.00365217534514,126.39705007196912,5972400,CRM
2018-05-25,125.56297302246094,126.8288088407965,125.22934570683309,126.31854561086732,4031800,CRM
2018-05-29,124.50318908691406,125.15082908155826,123.7574313485952,124.3756270363668,8141900,CRM
2018-05-30,126.87785339355469,130.06697182972357,125.44519667720878,129.82165502694133,14170900,CRM
2018-05-31,126.90730285644531,128.5362101827231,126.00453872901387,126.94654696070282,6408300,CRM
2018-06-01,128.07501220703125,128.41844677831068,125.94566396247602,127.44700173385804,6132800,CRM
2018-06-04,130.1651153564453,130.31231445104856,127.17226174789306,127.94745641017506,4860700,CRM
2018-06-05,131.60757446289062,132.1080304027201,130.47912298008825,130.64593663571415,5123200,CRM
2018-06-06,133.0108184814453,133.16782488187357,131.6075981086687,131.8136708808501,4766900,CRM
2018-06-07,130.42027282714844,133.20706905775745,128.28110179593838,133.01081854360766,6564100,CRM
2018-06-08,131.02862548828125,131.17580959872572,128.36939940657678,129.2329044761029,3486600,CRM
2018-06-11,131.4701690673828,132.14724579914403,130.76365551884487,131.37205133577663,3443100,CRM
2018-06-12,133.70748901367188,134.92426596610167,132.12764791871436,132.43185338653586,5319900,CRM
2018-06-13,133.9429931640625,134.91445323002043,133.05985853897457,133.8154236173237,5809300,CRM
2018-06-14,135.81723022460938,137.13212500322462,134.32569952051958,134.43363953804487,6494900,CRM
2018-06-15,135.81723022460938,136.3471080551272,134.23738904425875,135.48360288787768,7711100,CRM
2018-06-18,137.18116760253906,137.5638612396518,134.34530578574197,134.44342352915916,4202400,CRM
2018-06-19,136.9064178466797,137.09286102929497,134.65930734551247,135.49339053943845,4833700,CRM
2018-06-20,136.33731079101562,139.45773429852187,136.21956348068073,137.37745196018437,5341400,CRM
2018-06-21,135.29718017578125,137.4363363361523,134.55140722427524,136.46489100420342,3912800,CRM
2018-06-22,132.4808807373047,134.72799103484522,131.44073988954855,134.68873196156233,7466000,CRM
2018-06-25,130.6949920654297,132.36314345509206,129.20346160002487,131.7253257091169,6969800,CRM
2018-06-26,132.94210815429688,134.60045251827435,131.31321558854202,132.2355944019165,7043100,CRM
2018-06-27,130.7244415283203,134.84576152868587,130.60669423409476,134.1196182774071,6851600,CRM
2018-06-28,132.58883666992188,133.34441670548892,130.69499791244286,131.48001477003643,6333700,CRM
2018-06-29,133.84486389160156,135.13033672946636,133.3542302043553,133.72711659800706,5229500,CRM
2018-07-02,137.79942321777344,137.83868231270728,132.76552983193758,133.59959843731116,6399200,CRM
2018-07-03,135.25790405273438,138.1133959751068,135.13034946363737,137.96621184424362,3164700,CRM
2018-07-05,137.1517333984375,137.26948068196432,135.63076610343015,136.6512774975473,5576700,CRM
2018-07-06,138.751220703125,139.0750407799959,136.4059919399879,137.56389539421906,5045800,CRM
2018-07-09,139.10446166992188,140.19366908625534,137.25968913374484,139.97778905974224,5183100,CRM
2018-07-10,139.7815399169922,140.82168097857692,138.85914615356347,139.63435579429716,3643700,CRM
2018-07-11,142.5290985107422,142.91179222107837,138.3783413489492,138.56478456195072,6168000,CRM
2018-07-12,145.38458251953125,145.9144603308656,143.06879084160795,143.06879084160795,4681000,CRM
2018-07-13,144.84490966796875,145.22760342943894,142.68612396293298,144.98228653175406,3941800,CRM
2018-07-16,144.2070770263672,145.90466559290996,144.0697001765826,145.07058223660462,3592100,CRM
2018-07-17,144.2659454345703,144.6780759689389,140.39974926598225,142.6861042330141,5133900,CRM
2018-07-18,145.070556640625,145.41400619096575,143.0295188232608,144.2659252261267,2908100,CRM
2018-07-19,144.40330505371094,145.22756602412332,143.8636050232202,144.2462986861225,3590600,CRM
2018-07-20,144.11874389648438,145.14907770146658,143.94212294457748,144.67807352342865,2462200,CRM
2018-07-23,144.79583740234375,144.87434060316335,142.08754435236256,144.11876039660982,2538100,CRM
2018-07-24,143.26504516601562,146.06166333823197,142.46039868423026,145.76728011384824,4052300,CRM
2018-07-25,146.08126831054688,146.55228742780156,143.2650357551968,143.3926053044056,4056900,CRM
2018-07-26,144.8056640625,145.9635526206403,142.95105396104796,145.20797239111778,3414300,CRM
2018-07-27,141.21420288085938,145.5023368629542,139.71286487426477,145.47290003717416,5924400,CRM
2018-07-30,135.44432067871094,141.03754114783396,132.98134521039063,140.85109797003813,9522000,CRM
2018-07-31,134.58084106445312,137.1713868470267,132.85381553372235,136.08217924679948,7442900,CRM
2018-08-01,135.10086059570312,138.26054217021218,134.93404696884386,135.41487328599058,5098100,CRM
2018-08-02,138.49607849121094,138.65308486674027,134.18831525843237,134.48269846931186,3779200,CRM
2018-08-03,138.39794921875,139.08484838560315,135.82703339031357,138.87877564095672,3463500,CRM
2018-08-06,140.03668212890625,140.17405897078214,138.0152586370855,138.2507682115668,3247300,CRM
2018-08-07,141.7342987060547,141.90111240620365,140.0563244726291,140.8413415702963,3928300,CRM
2018-08-08,142.45059204101562,142.9117889342693,140.47824988279123,141.75390054555774,3026700,CRM
2018-08-09,143.08840942382812,144.0991135771367,142.3720734915211,142.5781462191734,3572600,CRM
2018-08-10,142.7842254638672,144.24631939768523,141.6459665677927,142.2150885293532,2748500,CRM
2018-08-13,141.7440948486328,144.42295107234952,141.51840750416883,142.9019983455765,2880400,CRM
2018-08-14,143.8243865966797,144.0206371047288,141.86185157028052,143.44167789249602,3474700,CRM
2018-08-15,142.3230438232422,145.10985514179598,140.91003107928665,143.34357049565767,4476900,CRM
2018-08-16,143.00010681152344,144.15801023311883,142.49966578298475,143.76549425420785,3704000,CRM
2018-08-17,142.3033905029297,143.27483556406534,141.2534272867294,142.77439462266065,2865600,CRM
2018-08-20,142.98046875,143.32390333054656,141.61650776491527,142.48983508668965,2882200,CRM
2018-08-21,142.8038330078125,146.00275910597455,142.63701935885126,143.66735304756594,4063700,CRM
2018-08-22,143.7164306640625,144.44255896076814,142.3328400300848,142.86271784046332,4245300,CRM
2018-08-23,145.0607452392578,145.56118616676383,143.33372019957477,144.0794779495162,6196300,CRM
2018-08-24,149.447021484375,149.525524669699,145.71820253271846,145.71820253271846,4882000,CRM
2018-08-27,148.83863830566406,151.97870609610825,147.386366685003,151.81189242784578,5814800,CRM
2018-08-28,150.12411499023438,150.52642327178725,148.7208947281371,149.1820916349216,5266900,CRM
2018-08-29,151.90020751953125,152.06702119286237,150.1829894451214,150.45774313919068,9018600,CRM
2018-08-30,149.29000854492188,150.86004223641686,146.69946343502082,148.28911169227004,14441000,CRM
2018-08-31,149.81991577148438,150.98762650040706,149.0545283139131,149.29003790584036,6210500,CRM
2018-09-04,150.34002685546875,150.46758147142222,148.67185983203782,149.26062642536127,5310900,CRM
2018-09-05,145.86537170410156,149.91801026519502,144.32478989717688,149.53531663403984,7287400,CRM
2018-09-06,146.0420379638672,146.36585802263292,144.32481990774647,145.96353477026156,4190300,CRM
2018-09-07,147.61203002929688,148.57368274608385,144.73692408034424,145.07055136268232,3866800,CRM
2018-09-10,148.48538208007812,148.74050619994114,145.22756730222767,147.190101995501,3872300,CRM
2018-09-11,149.97689819335938,150.86985507544435,147.79848347833635,148.24987304747373,4151000,CRM
2018-09-12,152.45948791503906,152.85200379899928,148.9661788990182,149.97688296917198,5180800,CRM
2018-09-13,155.2168731689453,155.80563960959668,152.90109643386313,152.95014782645694,6213500,CRM
2018-09-14,154.53982543945312,155.81546122325867,153.39174425025578,154.99120010890476,4615300,CRM
2018-09-17,152.0179443359375,155.46218753156253,151.72356112033097,154.05898233173644,3899600,CRM
2018-09-18,153.0777130126953,155.0696846188064,151.85112877381152,151.86093605745984,3749600,CRM
2018-09-19,150.0357666015625,154.38278859663365,149.53532566075043,153.4407653853363,5546000,CRM
2018-09-20,152.58705139160156,153.14638088918457,148.80916663806383,150.4184442660412,4655600,CRM
2018-09-21,152.60670471191406,155.00099947684785,152.05719738349353,154.12767212140412,17991600,CRM
2018-09-24,155.80563354492188,155.93320309578633,150.45772931348864,152.46933043896865,5082100,CRM
2018-09-25,155.89393615722656,156.1588825291463,154.22578468833993,156.02150570166037,5699600,CRM
2018-09-26,155.36407470703125,156.9340936185191,154.40243681361156,156.08039574181663,4079700,CRM
2018-09-27,157.4247283935547,158.06256121406128,155.9528272318589,156.0705895064025,3930300,CRM
2018-09-28,156.05096435546875,157.84668562001255,155.9626538767912,157.00279499798026,4607700,CRM
2018-10-01,156.86538696289062,158.17047423358488,156.04112604654173,157.11070378130043,4297600,CRM
2018-10-02,154.31410217285156,156.5906496723855,153.76459483791632,156.28645918147149,4137000,CRM
2018-10-03,156.11965942382812,156.76728457025965,154.078621303101,155.58976660871215,3561600,CRM
2018-10-04,151.99832153320312,155.8645176695999,150.8993067840376,155.23650710251204,6206400,CRM
2018-10-05,152.1651611328125,153.66649923682093,149.61385959801234,151.95908836602814,4963600,CRM
2018-10-08,145.86537170410156,151.7235384238272,142.87251854983796,151.35066704792604,10238700,CRM
2018-10-09,145.71823120117188,148.04383050374412,144.45240264954452,145.54161022915835,5593300,CRM
2018-10-10,135.22848510742188,144.825281005444,134.96353866388174,144.7566000596108,13660600,CRM
2018-10-11,136.63168334960938,139.49698246955492,133.89393881489528,134.86539896801202,10499300,CRM
2018-10-12,143.9911651611328,145.96350699139305,140.53710016460786,143.03933470762183,9371700,CRM
2018-10-15,139.2908935546875,143.95191334059146,138.67270532258487,143.95191334059146,6040800,CRM
2018-10-16,144.6780548095703,145.13925164383159,141.3123001450434,142.74495700799454,5383100,CRM
2018-10-17,144.25611877441406,145.5710285034987,142.69590716200585,145.5710285034987,3377900,CRM
2018-10-18,140.16424560546875,144.82526621380777,138.78065484190554,143.35336496906913,5338200,CRM
2018-10-19,137.85824584960938,142.64682000455096,137.75030584966262,140.91979497835322,5141600,CRM
2018-10-22,140.2721710205078,141.10625429484318,136.59241829188508,139.04558677763356,4234900,CRM
2018-10-23,138.0250701904297,139.31052803392967,135.19901540762254,136.71017552402145,6462000,CRM
2018-10-24,130.76370239257812,138.84935202815606,130.5085782314117,138.58440560924416,7251500,CRM
2018-10-25,138.1624298095703,139.03575705060496,131.16598962624622,131.1856191633902,7792900,CRM
2018-10-26,132.9813690185547,136.60224830478512,130.12587714550025,133.20705633963144,7457000,CRM
2018-10-29,128.53619384765625,136.93583854867344,126.12226998644479,135.51300412618392,9212500,CRM
2018-10-30,129.69410705566406,130.49875348955229,125.63166072525618,127.99651869066693,10037900,CRM
2018-10-31,134.66912841796875,136.11159253369118,132.2453970111671,132.39258111564877,6666400,CRM
2018-11-01,136.97509765625,137.1811703756073,133.8546748556294,135.80738718344335,4668800,CRM
2018-11-02,134.22756958007812,137.9171448210206,133.55050760837102,137.51482156796834,4481400,CRM
2018-11-05,132.90284729003906,134.76724919586235,130.95994220240888,134.76724919586235,4629900,CRM
2018-11-06,131.44076538085938,135.41490134984753,130.4889348039699,132.8636001178434,4667100,CRM
2018-11-07,139.1339111328125,139.6441744211904,133.8743167756315,134.28646229856028,5804000,CRM
2018-11-08,139.21243286132812,140.93947346022264,138.04472199447258,140.53715014134784,3986700,CRM
2018-11-09,134.35511779785156,138.41756384749962,132.5201527261962,138.41756384749962,5252500,CRM
2018-11-12,128.05540466308594,134.10001586367986,127.64327412299363,133.19725158924624,7571200,CRM
2018-11-13,129.68431091308594,131.26415212024045,126.53443578309911,129.0170412553486,6176300,CRM
2018-11-14,126.92694091796875,132.4122219495235,126.17136084695571,131.69590095835503,5729600,CRM
2018-11-15,130.00811767578125,130.45949227569199,123.93407033296307,126.77973968250991,6468700,CRM
2018-11-16,130.06698608398438,130.96975022040448,127.64325460903926,129.38010195550726,5126900,CRM
2018-11-19,118.7431640625,129.78241425820528,118.16421243331156,129.13478918696046,14284700,CRM
2018-11-20,118.40953826904297,122.59955436236433,111.47197788013551,112.18830639377597,13829500,CRM
2018-11-21,121.27483367919922,123.39437484459097,119.33192843073286,121.87340738869544,7311300,CRM
2018-11-23,119.74405670166016,121.39258619288478,118.44878406473195,119.05717253301488,3009600,CRM
2018-11-26,124.04200744628906,124.57188521924185,121.34352227426828,122.14816118973908,9321200,CRM
2018-11-27,125.15084838867188,125.21953680902088,121.40240712146223,122.80561983985747,10558800,CRM
2018-11-28,138.00543212890625,138.25074895329445,129.49784645587764,135.88589117268404,25705400,CRM
2018-11-29,137.10267639160156,140.20348483489738,136.66110907530444,137.2302459394247,7763000,CRM
2018-11-30,140.08572387695312,140.53711345372463,135.68965026665387,136.28822395924666,9401400,CRM
2018-12-03,141.44967651367188,144.31499023033572,139.88946508685726,143.55941021045754,7358900,CRM
2018-12-04,136.63168334960938,142.48002889062266,136.1999232815575,140.05629712283826,6978400,CRM
2018-12-06,139.39883422851562,139.39883422851562,130.26323779995025,132.27483881706326,9186600,CRM
2018-12-07,133.40330505371094,139.70304020193709,132.21597983989997,139.2418433087518,6225300,CRM
2018-12-10,134.6985626220703,136.876977163782,130.6851681000824,132.62808807919842,5897000,CRM
2018-12-11,134.22756958007812,138.06432895118448,133.05005161990738,137.95638893141324,4548700,CRM
2018-12-12,137.4657440185547,141.33193990121057,136.93586622011267,139.13389557418563,6794300,CRM
2018-12-13,138.49607849121094,140.93943967667292,136.96530376218013,138.8493353496759,5122800,CRM
2018-12-14,134.47286987304688,138.07413419206665,133.8252448071867,136.27841316060804,5354400,CRM
2018-12-17,128.3791961669922,132.9617124296207,127.53530573272752,131.794002005969,8392400,CRM
2018-12-18,129.84130859375,131.1758178738359,127.69233060798739,129.66467267712252,6668400,CRM
2018-12-19,128.70303344726562,133.94299767488448,127.07412599924939,129.50766491476213,7350700,CRM
2018-12-20,125.3372802734375,129.8511085272203,120.3426256341687,126.82880333191831,12265100,CRM
2018-12-21,120.60757446289062,126.96618274490561,120.16599966028004,126.1615512979636,12568600,CRM
2018-12-24,119.05717468261719,122.50141784447983,117.90909362866297,118.87073148212893,4721500,CRM
2018-12-26,128.3889923095703,128.44786594381432,119.83234891711093,120.22484979403686,8110900,CRM
2018-12-27,132.66734313964844,132.66734313964844,125.4452148221801,126.38723806922013,7967700,CRM
2018-12-28,132.15711975097656,134.3159205566624,130.1259035039344,133.45240023438805,7276200,CRM
2018-12-31,134.40420532226562,135.3854727832018,131.97066621157077,133.45237468732125,5467700,CRM
2019-01-02,133.0108184814453,134.26683973896252,130.5576496233329,130.90108427969597,4783900,CRM
2019-01-03,127.95728302001953,132.25523969679676,127.66291473225776,130.97958888232884,6365700,CRM
2019-01-04,135.37567138671875,136.71019579055226,129.7431905257097,130.9992117324996,6650600,CRM
2019-01-07,139.55584716796875,140.70392819912237,136.19009228825263,138.37832931342285,9064800,CRM
2019-01-08,142.99029541015625,143.7164387205204,140.21330670274537,142.01883523489315,9057300,CRM
2019-01-09,143.2552490234375,144.73695757170475,141.82259187225515,144.13838379232058,5445900,CRM
2019-01-10,144.28555297851562,144.4523816139515,141.06699708046978,141.0768193372321,5116900,CRM
2019-01-11,144.7860107421875,145.25701491112198,142.88234955268018,143.81455060661708,5185200,CRM
2019-01-14,143.31411743164062,143.98137212628814,141.98940035385937,143.01973419513885,5815500,CRM
2019-01-15,146.39529418945312,147.05274158836758,143.06879811177822,143.608498207291,5350400,CRM
2019-01-16,145.7574462890625,146.98403048252183,145.03131802922357,146.35601997438872,3936800,CRM
2019-01-17,147.01348876953125,147.89662343863537,144.9233844202453,145.75745272485426,3743200,CRM
2019-01-18,149.65310668945312,150.39887960032294,147.42564016081394,148.98585195125838,6151200,CRM
2019-01-22,146.15977478027344,148.54426232446917,144.63880733082541,147.52373585377603,5203300,CRM
2019-01-23,146.9447784423828,147.97511210384778,144.8841111194529,146.9251489039209,3335400,CRM
2019-01-24,144.11874389648438,147.68074948946898,143.7753092767922,147.14104940372087,6734700,CRM
2019-01-25,146.9349822998047,147.08216641705127,144.7860043502931,145.74764218652524,4600800,CRM
2019-01-28,144.57012939453125,145.4238272503735,143.36317467196938,145.3943904258929,4054700,CRM
2019-01-29,142.46038818359375,145.22756932670038,141.93051039712208,144.31499786862372,3915100,CRM
2019-01-30,146.36582946777344,146.8858999226148,143.34352448187528,144.43273174960822,4653400,CRM
2019-01-31,149.12319946289062,150.5067900114146,145.92427331176947,146.22846379273187,8615900,CRM
2019-02-01,152.9501495361328,153.028652727294,148.24007785008303,149.54515035589878,5959200,CRM
2019-02-04,154.76551818847656,155.92340670301152,152.49879255822754,153.09736635879602,5264700,CRM
2019-02-05,156.01171875,156.8850461898904,154.86363761933197,155.3738859176601,4575600,CRM
2019-02-06,155.16783142089844,156.11966207443993,152.1749626119769,156.0215293372477,4205100,CRM
2019-02-07,152.02774047851562,154.1178446859033,150.48715855403339,153.03845960505075,4545500,CRM
2019-02-08,153.73516845703125,153.76460528247716,149.84935776864182,150.04560826259888,3018700,CRM
2019-02-11,156.91444396972656,158.47465524832293,154.61828227976028,155.23647044370537,7125500,CRM
2019-02-12,159.74049377441406,160.3292601310462,157.0322014743971,158.22934875271883,5631700,CRM
2019-02-13,157.395263671875,160.5058940851382,157.26770910874342,160.37832454905637,5296000,CRM
2019-02-14,156.48269653320312,157.43452700598309,153.77440419269712,156.48269653320312,5061100,CRM
2019-02-15,156.07057189941406,158.1999202096921,155.12854867410314,157.97423291611963,5282000,CRM
2019-02-19,157.6013641357422,158.45506201718874,156.15889980112038,156.66916306234208,3883200,CRM
2019-02-20,155.57012939453125,158.46488024730198,154.2650569087079,157.32660645233096,7047200,CRM
2019-02-21,156.63973999023438,157.47380840368703,154.35338485755673,154.74588587883395,4463000,CRM
2019-02-22,158.28823852539062,158.68075446079794,157.19903113568228,157.4639775204632,4175000,CRM
2019-02-25,158.33731079101562,160.00546240305977,157.91535801634333,159.46576232985217,5076700,CRM
2019-02-26,159.9465789794922,160.3194653660036,156.87520736479914,157.79760107483168,4496300,CRM
2019-02-27,160.06431579589844,160.46663897891597,157.49340028354857,159.24986214721073,4278300,CRM
2019-02-28,160.5843963623047,161.5166123262077,159.13212487199237,159.9465785719041,6908100,CRM
2019-03-01,161.44793701171875,163.03758553526745,158.72001461979897,162.05631805693795,6919900,CRM
2019-03-04,155.53086853027344,162.68430062725827,152.5085634207544,162.4586133385365,17886300,CRM
2019-03-05,154.029541015625,157.8663000444877,151.90019260912638,156.9242767766088,16042900,CRM
2019-03-06,153.85289001464844,157.24808138650516,153.35244909285367,154.18653226879533,7436300,CRM
2019-03-07,152.68521118164062,154.63792369620708,151.91000156219852,153.16602261787358,6916500,CRM
2019-03-08,152.1553192138672,152.49876878981019,147.43542546003687,149.17227293408916,4800700,CRM
2019-03-11,154.6968231201172,154.81458540761346,150.5558728652479,152.9796049092623,5699500,CRM
2019-03-12,155.3150177001953,156.38459567478634,154.2160028986305,155.04026399980413,4082100,CRM
2019-03-13,156.8163604736328,158.9653387449314,155.63884244048342,155.87435203629494,5230600,CRM
2019-03-14,157.6602020263672,158.56296606964108,156.7476307011809,157.93495564940926,3247200,CRM
2019-03-15,158.4844970703125,159.14194445099974,156.2079644209279,157.63079919841238,6743700,CRM
2019-03-18,158.916259765625,160.2704136314318,157.86631138512996,158.37655967614018,3575500,CRM
2019-03-19,160.859130859375,161.53620764809284,158.57279137499563,159.47555543563615,4379000,CRM
2019-03-20,160.447021484375,161.86004888585413,158.4844867540877,160.77084151162663,4391000,CRM
2019-03-21,163.82260131835938,163.86186040206033,159.7012809340079,160.11341147514773,4277800,CRM
2019-03-22,158.4746856689453,163.37121540278733,158.32750154759782,162.8511448767564,5614300,CRM
2019-03-25,157.8662872314453,158.5728008817731,156.2373799280256,157.22845450584208,3795400,CRM
2019-03-26,156.41400146484375,159.03399832926024,154.44165958419893,158.40597288389395,6910300,CRM
2019-03-27,152.21420288085938,156.31590863011252,149.51571737867678,156.02152539892018,8218700,CRM
2019-03-28,152.27305603027344,153.54870654504975,150.63434139725007,152.77351194780437,4424800,CRM
2019-03-29,155.40330505371094,155.53087460024804,152.51837665598993,153.9314040322575,4913100,CRM
2019-04-01,158.16067504882812,158.6513087572158,155.54069284279234,157.10091941490901,4601100,CRM
2019-04-02,157.5032196044922,157.974238720931,155.93320080188477,157.84666917194318,3158400,CRM
2019-04-03,159.57371520996094,160.08397849967417,157.64061704740584,158.7494541078537,3819100,CRM
2019-04-04,155.5504913330078,159.75031403727684,152.91087998951744,159.66200357676865,6295200,CRM
2019-04-05,155.5897674560547,157.2383045895617,155.05988961100624,156.6397308346802,4315300,CRM
2019-04-08,155.50143432617188,155.81543208451106,153.51927013551725,155.43273842634542,2848400,CRM
2019-04-09,154.029541015625,155.38369478415345,153.7155282686814,154.098221945924,5642900,CRM
2019-04-10,157.23828125,157.37565807632137,154.69678750362806,155.23648752594454,3414700,CRM
2019-04-11,157.71910095214844,157.81723367880483,156.04114212616827,157.15978633447233,2578400,CRM
2019-04-12,157.69949340820312,159.45595549914069,156.51215324377193,158.96532178991257,2844200,CRM
2019-04-15,157.09112548828125,158.99478701580912,156.50237391581055,157.98408259209364,2608400,CRM
2019-04-16,155.71734619140625,157.2579284222279,154.79495232073205,157.04204836854015,3004800,CRM
2019-04-17,152.4300537109375,156.0705618607679,152.1651223292871,156.0705618607679,4765500,CRM
2019-04-18,153.06790161132812,153.28378162940038,150.30072045582995,151.99830880435124,4391500,CRM
2019-04-22,155.7860107421875,156.1588971544087,152.37120430132543,152.53801796654213,2943300,CRM
2019-04-23,158.20974731445312,158.3765609847717,155.4425808818847,156.76728296016265,3418400,CRM
2019-04-24,156.57102966308594,159.4461510359615,156.41402327984673,158.8475773011958,3384900,CRM
2019-04-25,160.03492736816406,160.81994443332556,157.98408170230795,158.96534929052103,5498400,CRM
2019-04-26,162.85113525390625,162.94925300468938,158.2587962908446,159.37744046584206,3342900,CRM
2019-04-29,162.2623748779297,164.4211601236261,162.2329380543074,163.587091832741,4509700,CRM
2019-04-30,162.2525634765625,163.3221413022331,160.55496016834957,162.09555710592693,3581800,CRM
2019-05-01,159.1125030517578,163.1062685600615,159.10269576801255,162.90019581779293,2707700,CRM
2019-05-02,158.79852294921875,159.65222089162276,156.63973742168497,158.66114609672897,3181100,CRM
2019-05-03,160.2802276611328,160.43723405249122,157.84668848689208,159.53446976161084,3131000,CRM
2019-05-06,159.45594787597656,159.78957518879324,154.9028678709283,155.64862568303943,2520600,CRM
2019-05-07,153.96083068847656,158.64147982005133,151.85111201954993,158.30785253739373,6541900,CRM
2019-05-08,153.92160034179688,154.97154864233954,152.1356865403975,154.16691718443184,4061300,CRM
2019-05-09,153.38189697265625,154.1571065634523,149.53533076017337,151.7529895793179,5809300,CRM
2019-05-10,156.94390869140625,157.60135604569703,151.48806440079449,153.3524664518906,4462200,CRM
2019-05-13,150.28109741210938,153.9608501888305,149.91803326281766,152.0179449151484,5694600,CRM
2019-05-14,155.10894775390625,155.61919603009443,150.0554115738326,152.14551596287131,4954000,CRM
2019-05-15,152.1553192138672,153.45059935667288,148.85826018203247,150.9385572320278,7783800,CRM
2019-05-16,155.51124572753906,156.46307625666222,152.9795741630318,153.8234646845342,5048100,CRM
2019-05-17,151.67449951171875,154.21597832178796,150.30071625574388,153.25432555072015,5314000,CRM
2019-05-20,153.05809020996094,153.16603022665225,148.85826678898565,149.6138469058248,5437600,CRM
2019-05-21,152.86183166503906,154.88324007754187,152.27306524629267,154.412235926316,3803100,CRM
2019-05-22,154.68699645996094,155.22669653893604,152.92071209829365,152.95014892324204,3170100,CRM
2019-05-23,150.8306121826172,153.41133515248742,149.29982252689499,153.10714466718707,4508200,CRM
2019-05-24,151.61561584472656,153.99028108174798,151.27218124923257,151.98850223641608,3151700,CRM
2019-05-28,152.2828826904297,154.85379836027641,151.49786581455962,152.43988906019402,4934100,CRM
2019-05-29,150.0259552001953,151.17403613144808,148.36761108629116,150.87965295018952,4359500,CRM
2019-05-30,152.7440948486328,152.95015262826308,151.01705455407716,151.42920005924378,4418100,CRM
2019-05-31,148.57369995117188,151.5861830695233,148.4265008580706,149.80028419558823,5326900,CRM
2019-06-03,142.38189697265625,147.8769850909355,140.7039232337531,147.8769850909355,8835200,CRM
2019-06-04,147.9849395751953,148.09287959203527,139.8404168646827,143.31411197174882,12375100,CRM
2019-06-05,155.47198486328125,155.53085850237358,151.65485587498011,154.20614173099673,12072400,CRM
2019-06-06,156.32569885253906,157.00277571849733,154.38279369544907,155.5308746961364,5601200,CRM
2019-06-07,158.24903869628906,159.93682025840064,156.51219075690386,156.8458181656348,7175300,CRM
2019-06-10,149.92782592773438,154.5005351925809,148.00455038215276,150.60490276830424,29856300,CRM
2019-06-11,147.33729553222656,152.7931549057705,146.00277125652448,152.40063895823906,15214300,CRM
2019-06-12,148.44613647460938,149.46666299258925,147.33729948092537,148.279322807295,7161300,CRM
2019-06-13,148.50498962402344,149.3881391780052,147.4354118602757,149.3096359972323,5173800,CRM
2019-06-14,147.19993591308594,149.1330341335714,146.67986532310294,148.2106402651626,6248200,CRM
2019-06-17,147.4746551513672,148.44611516350759,147.06252468429415,147.38634468834096,4491800,CRM
2019-06-18,147.76902770996094,150.0848189581663,147.68071725328417,149.03487081412658,7317800,CRM
2019-06-19,151.25254821777344,151.5763682389308,147.69054295799384,148.84844621300667,8095300,CRM
2019-06-20,154.25523376464844,155.32481164739667,152.50857897373498,153.36227682857682,10153600,CRM
2019-06-21,153.90196228027344,154.83416323607915,153.01882768486826,153.7351486332725,9706900,CRM
2019-06-24,149.70213317871094,154.7752831971087,149.65306682033798,154.44165591689307,6378200,CRM
2019-06-25,146.54246520996094,150.10447054875826,145.80651468362774,149.96709371609413,7362500,CRM
2019-06-26,146.2481231689453,148.5443008368479,146.1303758429345,148.44616808320157,5844900,CRM
2019-06-27,147.86717224121094,147.9358531664663,145.6887576313562,147.0821554044519,6832800,CRM
2019-06-28,148.8876953125,148.92695439253663,146.79760597558433,147.6022374409117,6936600,CRM
2019-07-01,151.17404174804688,151.8413113152208,149.00544934387173,151.6744976666651,6476400,CRM
2019-07-02,151.23294067382812,151.46845026154563,149.72179532826325,151.39975435027043,4736300,CRM
2019-07-03,152.67538452148438,152.83239089215323,151.27217938762936,151.6450508017784,3885400,CRM
2019-07-05,151.68431091308594,151.9099982143634,149.71196890184885,151.06610768246537,3940900,CRM
2019-07-08,149.9474639892578,150.81098406375622,149.1918839240717,150.644170408083,4717400,CRM
2019-07-09,151.0661163330078,151.30162590409972,148.83863509690687,149.23115104872673,4979100,CRM
2019-07-10,153.34268188476562,153.47023648270493,151.67453006987947,151.67453006987947,4966300,CRM
2019-07-11,155.92337036132812,156.3158862710912,153.68608208100713,153.88234752236414,7083200,CRM
2019-07-12,155.11874389648438,156.62988902165486,154.45147431508013,156.41400900763745,4348000,CRM
2019-07-15,156.65933227539062,156.84577547450968,154.52998384330604,155.7860049002688,3603700,CRM
2019-07-16,154.1865692138672,158.58264348266897,153.86274913760255,156.96355807429975,6913100,CRM
2019-07-17,155.2757568359375,156.92427886042665,154.7066199542585,154.72623452148903,4160500,CRM
2019-07-18,155.02061462402344,155.60938103407938,153.28378216296676,154.05897679568704,3724000,CRM
2019-07-19,153.8136749267578,157.72893749697482,153.3622853053805,156.73784777600068,5218800,CRM
2019-07-22,154.745849609375,156.0705664483673,154.2061496018985,154.69678324997702,2909500,CRM
2019-07-23,153.32302856445312,155.48181381205023,152.37119800528885,155.0206169442922,4865800,CRM
2019-07-24,156.75747680664062,157.24811053686486,152.78334059723375,153.05809428832305,4110500,CRM
2019-07-25,156.3649444580078,158.11159898953807,155.69767493276527,157.12050947052415,6934500,CRM
2019-07-26,156.97335815429688,157.80744149181223,155.75658110293466,156.5710348986505,4979100,CRM
2019-07-29,153.28378295898438,158.18029756866903,152.60670607578945,157.39528067550168,8880500,CRM
2019-07-30,154.0196990966797,155.25609032059262,151.72352257662922,152.4300361254219,4241600,CRM
2019-07-31,151.60580444335938,154.93230013611114,149.44701928406363,154.44166646477342,7454200,CRM
2019-08-01,147.9849395751953,154.82437479953475,147.59243859011514,151.83150612620173,26124700,CRM
2019-08-02,142.97064208984375,147.09196174010344,142.58794844316859,146.9938439942346,13138900,CRM
2019-08-05,140.14462280273438,141.05719433384203,137.18119094499835,138.69233621271903,13070100,CRM
2019-08-06,140.12496948242188,142.24451038414927,139.30070856717802,141.0964144993342,6694000,CRM
2019-08-07,138.98672485351562,140.4193819581398,136.45505296591625,138.2900183566952,7635500,CRM
2019-08-08,141.12588500976562,142.24452924965948,139.6539839060657,140.83150179443518,8670300,CRM
2019-08-09,140.68431091308594,141.76371110799278,139.0357887677226,140.9198204936892,5286700,CRM
2019-08-12,138.08392333984375,139.31050735545995,137.42647610422742,138.89837692296683,4389500,CRM
2019-08-13,141.1847381591797,142.28375269902813,137.79935413384268,138.28998776383935,5205800,CRM
2019-08-14,137.10267639160156,139.69322161655654,135.28732579099474,138.64325835698514,8607800,CRM
2019-08-15,139.467529296875,140.61561026710513,137.1321082786738,138.45682515283607,6647700,CRM
2019-08-16,141.19456481933594,142.6173995470088,139.85023327999048,140.38011108501027,5341100,CRM
2019-08-19,140.9786834716797,143.40241511159167,140.20348882526852,142.87253731154445,4632100,CRM
2019-08-20,142.81365966796875,143.75568301851027,140.38012055742018,141.45952075356638,6259200,CRM
2019-08-21,144.61920166015625,145.61027639499494,143.4220541725931,144.14818250334406,6142400,CRM
2019-08-22,145.46307373046875,147.09196611144645,142.74495904625633,146.68965788741193,11744500,CRM
2019-08-23,148.730712890625,155.45238586284532,147.827933670702,154.7458721090508,26531900,CRM
2019-08-26,152.2338409423828,152.30253685511872,148.68165734659704,150.63437010931833,8975400,CRM
2019-08-27,150.69322204589844,152.9795616119122,149.6726956988581,151.3702838858412,6516500,CRM
2019-08-28,148.98585510253906,149.91805628788947,148.04383165891932,149.6433025695326,5326800,CRM
2019-08-29,153.00901794433594,153.0777138491058,149.8002843384091,150.5264126291065,5979900,CRM
2019-08-30,153.1464080810547,155.25612697123685,150.82079419521926,153.48984268229603,7591000,CRM
2019-09-03,149.86895751953125,152.41045132439154,148.91712699634584,151.32124397172328,4953800,CRM
2019-09-04,149.6040496826172,152.01795934848136,149.46667283149446,151.20350552648455,3604500,CRM
2019-09-05,150.8894805908203,151.84131109285386,149.10356687427867,151.7431783712819,5065400,CRM
2019-09-06,148.24008178710938,151.16425461399987,147.9456985556747,151.08575142075375,4722300,CRM
2019-09-09,146.7387237548828,149.29983232621754,145.31588898701963,148.8190208719401,6265500,CRM
2019-09-10,146.84664916992188,148.81900607549596,144.97243995896122,145.9831441056883,6249700,CRM
2019-09-11,151.2034912109375,151.7529985634025,146.24808780903666,147.27842158138475,6242400,CRM
2019-09-12,151.8511505126953,153.8627519470343,151.51752314546562,152.13571150875492,4993500,CRM
2019-09-13,150.11428833007812,152.00814226955285,149.87879372787188,151.42919807519203,3763500,CRM
2019-09-16,150.14370727539062,151.2133000338646,148.52462218622108,148.80918312098413,2592300,CRM
2019-09-17,149.957275390625,150.5754636056176,148.88768265833642,150.1338963169227,3028500,CRM
2019-09-18,149.908203125,150.04557994213593,147.7494181530281,149.49607267359218,2951200,CRM
2019-09-19,150.72267150878906,151.36048929947657,149.90821780851095,150.6441683237434,2947000,CRM
2019-09-20,152.2926788330078,153.9412156490346,150.7422747341429,151.7922379105633,11733000,CRM
2019-09-23,151.7530059814453,152.2927060764811,150.09467655917624,151.2623722537679,3642200,CRM
2019-09-24,149.2017059326172,153.342655413245,148.2596826735516,151.3899279654574,4120800,CRM
2019-09-25,150.12411499023438,150.33999503055705,146.11071967547463,149.20172117666544,3445000,CRM
2019-09-26,149.48626708984375,150.5264081031537,148.99563340636158,149.5647702759551,3837300,CRM
2019-09-27,145.48268127441406,150.28107766585262,144.000973074607,150.2516408453429,5858200,CRM
2019-09-30,145.65933227539062,146.17940278892775,144.6486280718787,145.1785058689526,3671200,CRM
2019-10-01,144.9234161376953,147.3471483392747,144.4916559923678,146.68970083541893,3172900,CRM
2019-10-02,141.5183868408203,143.75567533419203,140.51748989180064,143.32391527881285,4432400,CRM
2019-10-03,144.24632263183594,144.30519628621713,139.41848832417793,141.30252012914542,3660900,CRM
2019-10-04,145.25698852539062,146.13031577119108,143.4710899322374,145.5023053357048,3259000,CRM
2019-10-07,146.01260375976562,146.53267432540747,144.24631930430587,144.52107300038256,2704700,CRM
2019-10-08,143.17674255371094,145.56121535897128,143.0786098158761,144.77619837515323,2613200,CRM
2019-10-09,144.29537963867188,145.08039658304324,143.86361957062,144.5112596726978,2273000,CRM
2019-10-10,143.66734313964844,144.79579449954332,142.78419362181972,144.0892808744604,2687400,CRM
2019-10-11,146.5718994140625,147.8868090437249,145.315878402734,145.3649447648698,4663900,CRM
2019-10-14,146.5718994140625,147.46485629689886,146.01258480997868,146.60133623675367,1556900,CRM
2019-10-15,149.8787841796875,150.10447148340847,146.81721978947078,146.85647886930602,3942600,CRM
2019-10-16,144.21690368652344,148.0242268534296,143.08845190975353,144.5014647089674,8988600,CRM
2019-10-17,143.43186950683594,145.2668349510911,142.78422935958568,144.8154602833377,5024400,CRM
2019-10-18,141.3908233642578,143.69680786236228,139.7324789770618,143.55943101819562,6080000,CRM
2019-10-21,141.8422088623047,142.47021941354456,140.3212413634253,141.40064151694037,3358000,CRM
2019-10-22,139.66375732421875,143.2257619228039,139.47731416728638,142.33280520957453,4460500,CRM
2019-10-23,142.4113311767578,142.84309119393885,138.83951872501157,139.4478996730661,4761400,CRM
2019-10-24,145.3453369140625,146.00278434052316,143.6575556208083,143.84399884097473,5280100,CRM
2019-10-25,147.6709442138672,147.83775788392134,143.55943119509084,144.2953817839519,4991400,CRM
2019-10-28,151.89036560058594,152.01793514665957,146.6307720374496,148.36761942888091,7576700,CRM
2019-10-29,152.18475341796875,153.20527987163302,151.5273060742388,151.8805629277454,5477300,CRM
2019-10-30,155.3150177001953,155.45239455039092,152.10626880346854,152.82260485437405,4724500,CRM
2019-10-31,153.5585479736328,155.3150101134026,152.3025268409258,153.62722890889887,4578300,CRM
2019-11-01,156.7476806640625,157.09111531585918,153.8136853585075,154.95195928704598,4771100,CRM
2019-11-04,154.6477813720703,158.22940216047405,153.75482425319026,157.92521159695468,5748100,CRM
2019-11-05,155.1874542236328,156.13928492767485,152.55766442443309,154.63794680128984,4015000,CRM
2019-11-06,155.95281982421875,157.00278312337335,154.7949314857009,155.96264208085336,4207400,CRM
2019-11-07,156.51214599609375,158.11161660545486,155.1187481231649,155.9528164064576,3802300,CRM
2019-11-08,158.09197998046875,158.19011270255317,155.93319485117212,156.26682214953726,3265300,CRM
2019-11-11,158.74942016601562,159.19098744966593,157.2480824178343,158.19991288209965,3541200,CRM
2019-11-12,159.80921936035156,161.2909278367823,158.5630054919636,158.96532874464089,3710600,CRM
2019-11-13,159.5540771484375,161.33997594005405,158.9849402885076,159.99564446148352,5389700,CRM
2019-11-14,159.9956512451172,160.51572176499204,159.3480111729497,159.97602170485243,3820700,CRM
2019-11-15,160.15267944335938,160.85917828668272,157.9742643386627,160.65312049115838,3693000,CRM
2019-11-18,159.72088623046875,160.92784084437525,158.85736619556923,160.92784084437525,5556700,CRM
2019-11-19,160.88861083984375,161.36942228718198,158.8083137528098,160.57459808219622,4952900,CRM
2019-11-20,161.12411499023438,163.2240267694376,159.21064642532193,160.37835710602454,8450300,CRM
2019-11-21,159.828857421875,162.80209679053246,159.1714099844543,162.22315255096177,5724200,CRM
2019-11-22,159.7601318359375,160.42740140725076,158.3569267389961,159.92694548552802,3761900,CRM
2019-11-25,158.68075561523438,161.5656691534687,158.42561651212546,160.7119713187939,5509300,CRM
2019-11-26,159.49520874023438,159.56390465047696,158.28825393885148,158.53357080751204,5881400,CRM
2019-11-27,158.4844970703125,159.77977726363258,158.09199608788668,158.88682030971822,4012800,CRM
2019-11-29,159.8386688232422,160.3489321359317,158.29808657300194,158.58264757120213,2432500,CRM
2019-12-02,157.9840545654297,160.15266215097975,155.13838503759365,160.04472213589892,5117400,CRM
2019-12-03,158.5433807373047,158.81813441100456,153.2641573428743,154.0197374320251,6216400,CRM
2019-12-04,153.49964904785156,157.67985766883615,151.60581019169715,157.3756671767452,17803300,CRM
2019-12-05,155.25613403320312,155.94301823988144,152.34176856712622,152.82259499827742,7126600,CRM
2019-12-06,155.050048828125,156.51214257219678,154.63791833722826,155.13837426920765,4751200,CRM
2019-12-09,154.53001403808594,155.9234122025158,154.117883451955,154.43189626402904,3709000,CRM
2019-12-10,153.47018432617188,154.71639786450876,153.24449706225155,154.06875791800778,4074700,CRM
2019-12-11,153.46038818359375,153.9412145374944,152.56743137189983,153.90195546173294,4867500,CRM
2019-12-12,155.61920166015625,156.01171762483145,152.40064561458482,152.85203523072306,5353900,CRM
2019-12-13,158.11160278320312,158.46485960552505,155.57993138538782,155.88412184875799,5742300,CRM
2019-12-16,158.9260711669922,159.69145852417913,157.8074269547227,157.8368637782336,5370000,CRM
2019-12-17,158.60227966308594,159.32840807089852,156.74768458355587,158.9653438669922,4789600,CRM
2019-12-18,158.45504760742188,160.2213318333704,158.45504760742188,158.76906034668005,4144800,CRM
2019-12-19,160.27041625976562,160.280223544116,157.81724760637965,158.56300548674585,4185400,CRM
2019-12-20,161.46755981445312,162.07594083428,160.56479556882357,161.64418076616306,8586700,CRM
2019-12-23,160.67271423339844,161.78153610866704,160.2900205825985,160.96708244712852,4368600,CRM
2019-12-24,160.19190979003906,160.77085398688948,159.82884562810796,160.2507834408438,1238000,CRM
2019-12-26,161.42831420898438,161.44794375179742,160.21155206774898,160.33910666364858,2155500,CRM
2019-12-27,161.8894805908203,162.3604996917232,160.8297100732157,161.7717333020702,3409900,CRM
2019-12-30,159.39706420898438,161.85023248362904,158.1802873544983,161.7717293020863,3197100,CRM
2019-12-31,159.5933074951172,160.20168840850937,158.7690465854342,159.00454114651495,3273500,CRM
2020-01-02,163.86180114746094,163.9403043135217,160.51567668724255,160.8493039132898,5189300,CRM
2020-01-03,163.0572052001953,163.64597164071034,161.90912411684835,161.96799776630934,3205400,CRM
2020-01-06,170.2008514404297,170.4167314965866,161.36944360004233,161.90914374043464,8836200,CRM
2020-01-07,172.7030487060547,173.5567464850187,168.86628988276988,169.98493403115242,8272700,CRM
2020-01-08,174.00816345214844,175.49969420926382,171.47649156533078,171.94749576175278,7225100,CRM
2020-01-09,176.23561096191406,176.52997917003367,173.96887094873907,175.48983824014286,5952900,CRM
2020-01-10,176.8244171142578,177.29542136607145,175.34270844034654,176.47116018215877,5111800,CRM
2020-01-13,180.406005859375,180.99475727768262,177.73695750545008,177.86451207762684,6202600,CRM
2020-01-14,178.7084197998047,180.4060232365062,178.62991660854513,180.06257364636474,4342300,CRM
2020-01-15,177.6682586669922,179.66023012991613,177.23649865026857,178.27663961440214,3886600,CRM
2020-01-16,179.2677459716797,179.6798764881441,177.57015754061032,178.8163563738649,3485300,CRM
2020-01-17,178.8163604736328,179.9055679253157,177.9626625965945,179.79762790855602,4577000,CRM
2020-01-21,181.79942321777344,182.5157442581879,178.10004076807044,178.1098480522299,6302400,CRM
2020-01-22,179.32662963867188,182.94750898847136,179.26775598630982,181.91717515327545,4781800,CRM
2020-01-23,180.53353881835938,180.84755151555805,177.90374985759328,179.7779738400054,4369000,CRM
2020-01-24,178.69862365722656,182.64332316948446,177.73698570700824,181.53448611161966,4653600,CRM
2020-01-27,177.32485961914062,178.32574170614546,173.97873379202062,175.4211982401233,4239400,CRM
2020-01-28,179.42474365234375,180.41581830058152,176.9715752402141,177.74676987034832,3445300,CRM
2020-01-29,178.36495971679688,180.65131430208473,178.21776063934408,180.55318158378284,2785500,CRM
2020-01-30,182.19192504882812,182.45687145188836,177.15801825544816,177.51127513521084,3715700,CRM
2020-01-31,178.89483642578125,182.54515192571705,177.40330595937886,181.39707099842363,4193300,CRM
2020-02-03,181.94659423828125,182.38816156089382,178.4434775077397,179.82705312219878,4755200,CRM
2020-02-04,184.81190490722656,186.13662193217274,183.15356054826304,184.47827757320923,3983200,CRM
2020-02-05,182.01528930664062,186.98049978830338,179.43455133992234,186.83330069947297,6162700,CRM
2020-02-06,183.23207092285156,184.04652472167143,180.7887244993454,183.33020365926973,4102700,CRM
2020-02-07,182.24099731445312,185.11610383959186,182.17230140393684,183.34983435656162,3713100,CRM
2020-02-10,185.5772705078125,185.7244695893775,182.08396124916467,182.68253491244653,3873500,CRM
2020-02-11,185.56747436523438,188.99210290310663,185.11608478346778,187.89307325865613,4299200,CRM
2020-02-12,185.9109344482422,186.95107553157192,183.27132265774347,186.1562513064974,4535400,CRM
2020-02-13,185.1062774658203,187.4711354387606,184.8903974449655,184.96890063190833,3132100,CRM
2020-02-14,186.39173889160156,186.68612210501726,184.57640319261714,185.80298743772238,3599400,CRM
2020-02-18,187.5103759765625,187.9126991871295,185.3810276049821,187.37299914526542,4957000,CRM
2020-02-19,189.25701904296875,190.28735270083482,188.20707081966003,188.40332128474148,3903200,CRM
2020-02-20,189.73788452148438,192.05367642189847,186.21513778771768,190.3658951229719,5451200,CRM
2020-02-21,185.9501495361328,188.4425618389147,183.222227695919,188.24631137753,5242100,CRM
2020-02-24,182.45684814453125,183.64417321862302,175.44077781245286,175.44077781245286,8463300,CRM
2020-02-25,177.8743438720703,186.42117444904036,176.0688004960992,184.93946608128326,11361100,CRM
2020-02-26,175.51930236816406,179.24812163829628,170.9858515824031,173.23294743403812,13923100,CRM
2020-02-27,168.9251708984375,174.98941100017538,166.86451841567356,168.98405951761796,9927300,CRM
2020-02-28,167.20797729492188,168.5523239618546,160.0643510378974,161.89933145859806,12640800,CRM
2020-03-02,173.4488067626953,173.4782435845729,165.43185452409267,168.9742301618893,7761000,CRM
2020-03-03,166.19725036621094,175.07772309673965,163.9599619510151,175.06791581326095,8323500,CRM
2020-03-04,172.3988494873047,172.51659676865108,166.45237221210593,169.02328767450464,5846300,CRM
2020-03-05,166.42294311523438,170.49519649558889,164.95104213829404,169.33730824741232,5797500,CRM
2020-03-06,161.00636291503906,164.43099166160886,155.57013292733748,162.5665745468965,9757700,CRM
2020-03-09,148.37744140625,154.7556791307258,147.81811183416391,148.85825282125236,9657100,CRM
2020-03-10,158.3176727294922,158.44524227800787,148.1713717910815,154.2846632692407,11443900,CRM
2020-03-11,151.67449951171875,156.62988758666523,147.3372847047059,154.7262265566531,10341300,CRM
2020-03-12,137.95635986328125,148.3970428633407,137.47554849075323,141.63611207156745,13213000,CRM
2020-03-13,145.01168823242188,146.6994692774636,132.7851053985644,146.67003245470892,13765400,CRM
2020-03-16,121.97152709960938,138.8983878462834,121.07857027250857,131.49962409737762,13845300,CRM
2020-03-17,132.88320922851562,135.42468781308656,120.61736860072158,124.62094077838755,12191500,CRM
2020-03-18,129.7628173828125,130.92070582609733,113.13032904886875,123.18832075276794,12988200,CRM
2020-03-19,136.84754943847656,141.30249656141137,126.44610967463659,129.12496531285365,10444000,CRM
2020-03-20,136.7396240234375,143.46129701695068,132.07860367422532,137.78957240037715,12450100,CRM
2020-03-23,137.88766479492188,141.0277166959199,131.57810920316706,136.16062501966158,11898300,CRM
2020-03-24,150.76190185546875,151.25253548751246,140.49783968501657,141.92068919630344,11834400,CRM
2020-03-25,144.30516052246094,155.05985625500844,144.20704278046048,149.81007043710537,10639300,CRM
2020-03-26,151.8314971923828,152.17494676383387,144.96262554697685,145.5219551394054,8573100,CRM
2020-03-27,143.26504516601562,148.61294967933458,142.1954672579424,147.80831817050196,8273500,CRM
2020-03-30,147.0429229736328,150.13390923337442,143.81454490657185,144.95281866158825,7650400,CRM
2020-03-31,141.28289794921875,149.10360153675452,140.10537988137062,146.23830208157403,10429700,CRM
2020-04-01,131.5487060546875,136.45504308476208,130.6066977297665,135.72891478700058,8737600,CRM
2020-04-02,131.8038330078125,132.8537812494856,127.60399512226724,131.49962756272214,8150500,CRM
2020-04-03,131.7940216064453,133.6388091029049,129.19366899533128,131.9313984430145,6004400,CRM
2020-04-06,144.7860107421875,147.04292880163382,135.70928711178917,136.39617131085043,12296800,CRM
2020-04-07,142.3524627685547,147.9751205357492,141.80294047096334,147.51392367979406,7859500,CRM
2020-04-08,148.2891082763672,149.30963464421595,142.28375724469396,143.5594077180296,7665500,CRM
2020-04-09,151.65487670898438,153.17584414393266,148.83862914426277,149.53533557278362,7094600,CRM
2020-04-13,149.64329528808594,152.40065459575445,147.19012651287142,151.2329438630797,5138600,CRM
2020-04-14,154.75567626953125,155.81543180334597,152.2436193425949,152.7931416213614,7334300,CRM
2020-04-15,152.71466064453125,154.3239386911135,151.1151898823535,152.1749605432179,4042600,CRM
2020-04-16,154.11785888671875,155.04025265896985,151.36049982687405,154.05898523707765,4391500,CRM
2020-04-17,159.57371520996094,160.2017258077027,154.6771999936935,157.0027991649796,7312900,CRM
2020-04-20,159.7110595703125,161.2320268724038,157.51303041183795,157.73871769729902,4686000,CRM
2020-04-21,147.73960876464844,157.09108534549097,145.22756676227058,157.00277487813037,13737900,CRM
2020-04-22,151.25254821777344,152.78332288291628,147.8475493269704,151.1151713881568,6660900,CRM
2020-04-23,148.8778839111328,153.53890383525726,148.6620038957583,150.62453860065278,6281400,CRM
2020-04-24,151.0955352783203,151.60579846882933,148.46574609060232,150.71284162867627,6710500,CRM
2020-04-27,154.67718505859375,155.47200925694835,151.31143009054435,152.62632481308043,5036400,CRM
2020-04-28,151.56654357910156,157.79758153235665,151.2917749784182,156.51212385125655,4731800,CRM
2020-04-29,157.4247283935547,158.85738544570455,153.5879840781785,154.92250839703414,5256700,CRM
2020-04-30,158.916259765625,162.2035116964346,157.01259852614382,158.60226196907664,6830700,CRM
2020-05-01,153.44078063964844,157.16959980510146,152.35157321187313,155.52107773763206,4276900,CRM
2020-05-04,158.4452667236328,158.9849668510606,152.17496790649946,152.665601663624,5974200,CRM
2020-05-05,160.19190979003906,161.06523721386603,157.24810746617925,159.48539603447648,5264800,CRM
2020-05-06,160.60401916503906,162.60581286645575,159.8680686810081,161.3595991877371,4112600,CRM
2020-05-07,166.7173309326172,168.06167749787937,162.9100234729268,163.3810276484957,6460900,CRM
2020-05-08,172.6049346923828,172.78157061545684,167.9439144067806,169.71019877275725,5403400,CRM
2020-05-11,179.24810791015625,179.8663111419418,170.89752801763677,172.27129634054714,8696000,CRM
2020-05-12,174.21421813964844,179.59157459725063,173.69414758404486,179.57194505563734,5904600,CRM
2020-05-13,166.46218872070312,171.92785491803735,163.15532262070627,171.8885958401124,12534900,CRM
2020-05-14,163.87164306640625,165.41223995171174,161.487170656708,165.28467040827977,7442300,CRM
2020-05-15,168.1205291748047,168.50322282486488,163.06699356991143,164.13658631188295,5673800,CRM
2020-05-18,169.2686309814453,173.68433439835258,168.9055668251778,170.7405321204144,6398300,CRM
2020-05-19,172.7423095703125,174.8618507853967,169.5139463551784,169.5139463551784,5264000,CRM
2020-05-20,173.61566162109375,175.78426950951555,171.62368967881557,175.22495478812917,4951200,CRM
2020-05-21,171.97691345214844,174.9501523780856,171.6530934240922,173.61562815925606,4429700,CRM
2020-05-22,174.51841735839844,175.29361203530732,172.16336655688087,173.2918330783224,4965100,CRM
2020-05-26,173.2133331298828,178.59067452196348,172.91894990256372,178.59067452196348,8353600,CRM
2020-05-27,173.2918243408203,173.30163162430347,168.1597851912175,172.9876188774195,6340200,CRM
2020-05-28,177.70750427246094,181.33819008873866,173.7824352877391,176.62810431248246,10275200,CRM
2020-05-29,171.51573181152344,171.72180456510094,167.49254423119865,171.03492034143113,19588900,CRM
2020-06-01,173.0563201904297,174.19459397403892,169.4452483531406,169.85739383954754,5711600,CRM
2020-06-02,170.96621704101562,171.6236644104578,168.01260752045567,171.57461301820808,8571800,CRM
2020-06-03,171.71200561523438,172.6343844901017,169.60227150154788,171.55499922135974,6004000,CRM
2020-06-04,168.228515625,172.1437636705462,166.81548791988817,171.72182579988487,7301600,CRM
2020-06-05,170.622802734375,170.92699327269324,163.87167734348947,166.92341995760677,8232200,CRM
2020-06-08,173.2427520751953,173.26238161444476,169.42562271702724,170.377453235782,4592600,CRM
2020-06-09,171.2900390625,172.7030665481115,170.27933481406035,172.7030665481115,4025600,CRM
2020-06-10,178.6887969970703,179.08129796232745,172.75212631660548,172.94837679923407,8127200,CRM
2020-06-11,168.8270721435547,175.08754845523546,168.77800577519216,173.33108626230245,6521200,CRM
2020-06-12,171.82974243164062,174.36141422969945,168.6406232439509,172.60493712301056,5443800,CRM
2020-06-15,175.26417541503906,175.54873638024975,168.06167610753246,168.77799713550644,6000000,CRM
2020-06-16,177.09913635253906,179.08130069512544,174.675404674062,176.63793947620036,5824100,CRM
2020-06-17,178.0019073486328,179.32662437974366,177.29539359510073,177.5799695371096,5038600,CRM
2020-06-18,184.14463806152344,185.45953274248555,178.21777476786298,178.50235068972825,8677800,CRM
2020-06-19,183.4479217529297,187.66737420681028,182.01527985625575,185.9501564036107,11841000,CRM
2020-06-22,188.05984497070312,188.8939280447555,183.4969586720482,183.52639548897253,6252200,CRM
2020-06-23,185.51840209960938,190.45417565376346,185.0572052490028,188.40333049346276,6950800,CRM
2020-06-24,182.07415771484375,185.75391023546325,180.59243445051877,183.99743331410147,4903100,CRM
2020-06-25,184.81190490722656,185.23385768973904,180.98496790419748,182.653119547237,4022400,CRM
2020-06-26,179.73875427246094,184.6941578138088,179.59157014639183,184.47827778027226,7595700,CRM
2020-06-29,179.89573669433594,180.26862306131474,176.62811477425808,179.88592941155522,3972100,CRM
2020-06-30,183.82081604003906,184.3703233650535,179.69949612947914,180.0134938982224,4478900,CRM
2020-07-01,188.29541015625,189.20799666959348,183.9484025449695,184.57641311329982,4754600,CRM
2020-07-02,188.9233856201172,191.729810601206,188.6878760858967,189.54158878935203,4200300,CRM
2020-07-06,194.01622009277344,195.71380875229966,190.2088972288387,190.79766374470955,5794200,CRM
2020-07-07,192.7012939453125,196.46935711191827,192.53448028654086,193.95731500084776,5431500,CRM
2020-07-08,196.52821350097656,197.43097761955553,193.65310750111692,194.29092525646544,4233700,CRM
2020-07-09,196.9796142578125,199.02065215322418,191.97514475750052,198.23563527453481,6062800,CRM
2020-07-10,195.15444946289062,196.96978502177063,193.38816529166735,196.31233771388912,3783200,CRM
2020-07-13,184.81190490722656,196.50861092256082,184.50771439839,196.2534867800098,5555400,CRM
2020-07-14,186.009033203125,186.40154912000145,179.86630509028305,182.50591661109115,5854700,CRM
2020-07-15,184.5665740966797,188.50146579185562,183.25167942816006,187.45150252993585,7681800,CRM
2020-07-16,182.03489685058594,183.35961373419337,178.52195801527733,182.9278537136709,7350000,CRM
2020-07-17,184.26239013671875,184.87077112994868,179.9251900498926,183.6343796031727,4324300,CRM
2020-07-20,191.43545532226562,191.65133535018776,183.7619519660544,184.3801402524202,5729000,CRM
2020-07-21,187.22584533691406,192.81906719217253,185.93056502677314,192.32843343341384,5376800,CRM
2020-07-22,187.7262725830078,188.27577995675702,185.33197762056946,187.20620203478427,2833000,CRM
2020-07-23,185.00816345214844,190.92522011123026,183.99745914907533,187.8930922290575,3639500,CRM
2020-07-24,184.95909118652344,185.40065850658277,180.926081713805,182.57460370148027,3908400,CRM
2020-07-27,187.38282775878906,187.9715792102001,185.11608750605737,186.34267174602053,3015700,CRM
2020-07-28,185.9501495361328,189.35514819513182,185.50858225477958,187.4220504559439,3114200,CRM
2020-07-29,189.98318481445312,190.9153858640998,186.19549199368717,186.58799297050075,3747800,CRM
2020-07-30,188.1089630126953,188.32484304476003,183.86007325135284,186.52912185419592,3587400,CRM
2020-07-31,191.19996643066406,191.3373432731717,187.09826075073116,189.3846156797855,3734000,CRM
2020-08-03,199.38372802734375,200.95374690424788,192.88774254514325,194.09469727061094,6557500,CRM
2020-08-04,197.63705444335938,199.57995954383168,195.17406388835988,199.19726588808788,4480300,CRM
2020-08-05,198.84402465820312,200.0804161877191,197.80388361342665,199.00103103517563,3559100,CRM
2020-08-06,203.89752197265625,206.01706289563754,198.60849192071296,199.1678214585624,5113300,CRM
2020-08-07,197.2838134765625,203.0634778552063,194.8600818042649,202.74946510064765,5423400,CRM
2020-08-10,193.46665954589844,197.70572638825763,192.05363227412857,196.64595593443025,5528200,CRM
2020-08-11,188.39352416992188,192.1713944887276,188.12857779263942,189.99297977096418,5015400,CRM
2020-08-12,189.01170349121094,191.75925493970595,188.52106983872793,189.3845898584423,3980300,CRM
2020-08-13,191.48452758789062,194.35964897220344,189.61030318451824,189.69862863353714,4711600,CRM
2020-08-14,189.8360137939453,191.818163328501,188.91361996452162,191.56303917325863,2833000,CRM
2020-08-17,193.05453491210938,193.37835491940638,190.77798757824596,191.68075170179327,3574500,CRM
2020-08-18,200.1883544921875,200.96356411377974,195.272210267181,195.59603030206677,7284800,CRM
2020-08-19,201.2677764892578,203.22050419448277,196.282935818129,200.17856897093898,7080700,CRM
2020-08-20,205.58534240722656,206.17410887885978,199.69773758270773,200.03137990220836,5175100,CRM
2020-08-21,203.64242553710938,206.0661572511857,202.3864044431288,206.0072836019292,5727800,CRM
2020-08-24,204.55499267578125,205.36943137741588,201.3069852604028,204.96712315455636,5699000,CRM
2020-08-25,212.00282287597656,214.2597408704614,206.85116907186975,209.22583436196092,27096500,CRM
2020-08-26,267.2187805175781,272.7629360637874,244.79681150473567,247.24017304068477,63253400,CRM
2020-08-27,271.1438293457031,273.06710516550714,255.9537984181863,261.9984095120479,22817100,CRM
2020-08-28,266.0216369628906,270.5845250497979,262.3909350745207,266.1982579336566,28068000,CRM
2020-08-31,267.54254150390625,269.56394988335137,260.9288090359685,264.94218897169804,16010100,CRM
2020-09-01,275.9814758300781,276.6487305224008,265.51133875305453,265.92348426649306,13293600,CRM
2020-09-02,271.50689697265625,279.17059346977436,263.5390099574123,278.159889179829,12963800,CRM
2020-09-03,260.04571533203125,266.6594488411128,252.58807618298775,265.51135266530287,14000600,CRM
2020-09-04,249.9287872314453,260.69330606724884,238.64421287887598,258.0536945404104,14374300,CRM
2020-09-08,236.7504119873047,248.92793018358182,235.64157492999934,236.06352773749532,15229600,CRM
2020-09-09,245.73876953125,248.70220105142923,238.4087163731484,241.78426340099193,9988600,CRM
2020-09-10,243.15805053710938,251.70489568087925,242.34359684584234,250.03672921978094,5945000,CRM
2020-09-11,238.54612731933594,246.59251755760118,234.96449207947566,246.02338062974235,5455200,CRM
2020-09-14,242.01979064941406,244.20801275638647,239.46848942326565,241.6959706110447,4255200,CRM
2020-09-15,246.9653778076172,247.22051692026,243.85476187378904,246.66118730219162,4133600,CRM
2020-09-16,245.90562438964844,250.645132908878,245.54254525828728,249.8993750509991,5441200,CRM
2020-09-17,239.9492950439453,244.15894020496947,236.78961309569607,241.50950647936781,5279500,CRM
2020-09-18,238.23208618164062,243.46224295711056,234.23833585061985,240.53807044473905,6595600,CRM
2020-09-21,240.45956420898438,240.53806739279077,232.36410866922208,234.49345699625994,5561600,CRM
2020-09-22,243.13844299316406,243.913652648947,236.74057514699072,242.1179314524448,3600800,CRM
2020-09-23,231.5692901611328,244.1098858503331,230.941279648337,243.8351321867944,7507900,CRM
2020-09-24,233.10006713867188,235.4649250979443,229.2535008384158,231.4220933449895,4166800,CRM
2020-09-25,238.19287109375,239.38019634777402,230.6469218526469,232.94308413928212,5117800,CRM
2020-09-28,242.0492401123047,243.9234645354494,237.67279566984092,242.92256754394992,4088300,CRM
2020-09-29,242.8146514892578,243.25621889077817,239.91991522045265,240.66567316584363,3983700,CRM
2020-09-30,246.61215209960938,250.6255325292284,241.60768192510955,242.02961975763827,8188500,CRM
2020-10-01,248.7022247314453,249.899372182293,246.1116793402402,248.43727833548326,4318000,CRM
2020-10-02,243.20713806152344,250.1741278177705,242.57912750641168,245.07154018586849,4494500,CRM
2020-10-05,246.81817626953125,248.53539413844507,244.33557106259482,245.31683841625986,3403500,CRM
2020-10-06,245.45420837402344,252.47027874004618,244.33556422108592,247.99568715534494,4448100,CRM
2020-10-07,255.10992431640625,255.85566722070004,247.4756497238836,247.4756497238836,4963200,CRM
2020-10-08,255.3453826904297,259.6629529004938,252.26418893784492,259.2508373966347,4150400,CRM
2020-10-09,260.99755859375,261.0662245646388,256.6014691072926,257.97523771371374,4225000,CRM
2020-10-12,262.0670471191406,264.9421529249773,260.32039264213785,264.9421529249773,4317000,CRM
2020-10-13,261.83160400390625,263.75490993955486,259.2803323616816,261.429310665702,3713200,CRM
2020-10-14,256.92529296875,265.0992691785074,253.90300181417763,264.94226276262015,5129500,CRM
2020-10-15,252.89224243164062,255.6397792483066,249.26155594708683,253.2749211562202,5256800,CRM
2020-10-16,253.70664978027344,257.6022821797408,253.64777613763374,254.38372661653136,3092300,CRM
2020-10-19,250.23300170898438,256.58181814616336,249.73256071039745,254.8940369702451,3242300,CRM
2020-10-20,251.1750030517578,254.32486283876537,249.29097154945535,251.32218716406607,2989300,CRM
2020-10-21,249.46759033203125,253.47116285474138,247.13218425683047,251.64601998605937,2794000,CRM
2020-10-22,244.99302673339844,250.43906372623593,241.51934677126408,249.1339763046765,3685700,CRM
2020-10-23,245.82711791992188,245.87618428544633,242.18660920852318,245.41498740083094,3159600,CRM
2020-10-26,237.44708251953125,243.4622565047941,232.93326143935107,240.70489749183517,5864100,CRM
2020-10-27,245.61123657226562,247.0340713271263,241.16609638733368,243.35431852682154,4285600,CRM
2020-10-28,233.96356201171875,240.85206285211356,233.5514315303893,240.0179946064294,4425400,CRM
2020-10-29,232.69773864746094,237.97696177879666,232.6879313642291,237.97696177879666,4589000,CRM
2020-10-30,227.91896057128906,233.2963011972043,224.37658500992347,231.40246249016977,5741200,CRM
2020-11-02,228.09561157226562,234.03228253041598,224.70043464242212,230.71559381893354,3953400,CRM
2020-11-03,232.68792724609375,236.42655338562417,228.91004202842768,230.69595575981927,4151400,CRM
2020-11-04,246.04299926757812,248.14291095587967,238.68349358807,241.41141582877145,6505400,CRM
2020-11-05,255.3453826904297,256.03228179139757,250.6549261081774,253.27489307755928,8961700,CRM
2020-11-06,255.27664184570312,256.84667526727077,249.72268118307034,255.12945776309607,3798600,CRM
2020-11-09,254.42298889160156,265.84495484169537,252.4310174348497,256.0617184880752,8777500,CRM
2020-11-10,243.0206756591797,254.1482438222114,238.34983348732575,253.22585011691413,6863200,CRM
2020-11-11,249.41854858398438,251.93059081327758,246.5041980871681,248.76110120154848,4163400,CRM
2020-11-12,244.74769592285156,250.19373260497213,241.74502028539894,242.7655317216304,5607000,CRM
2020-11-13,244.83602905273438,249.03585242071128,242.92256057458295,248.1036513644788,5160000,CRM
2020-11-16,245.2089080810547,248.74147668277666,243.5309342519987,244.84584393722153,5712600,CRM
2020-11-17,251.37127685546875,253.43191438809444,245.76823355109306,248.9867893461445,5090700,CRM
2020-11-18,252.34274291992188,257.7397139352247,251.05728494649497,251.59697006966275,5880500,CRM
2020-11-19,259.6923828125,262.0866774004113,250.87079944099568,252.0286876584229,8084600,CRM
2020-11-20,253.2062530517578,260.05548046743183,252.99037302185403,258.65227524600976,7286100,CRM
2020-11-23,252.81375122070312,256.8369236662123,249.84049717759504,256.33649764768643,5383600,CRM
2020-11-24,255.95379638671875,257.3962607265997,252.99037948767008,255.1295353276305,5797300,CRM
2020-11-25,242.19644165039062,261.1152770802743,240.45959405386287,258.7896779915521,26394900,CRM
2020-11-27,242.9912567138672,247.12238417924922,242.40249027097087,246.29812313755647,7395000,CRM
2020-11-30,241.19552612304688,242.9912472335728,231.64779866356182,240.881513372966,18966400,CRM
2020-12-01,236.82888793945312,242.0786594339664,234.22852040101768,240.4105078840552,18872000,CRM
2020-12-02,216.64422607421875,221.76644335304115,211.5907047038063,221.25618008741262,52225500,CRM
2020-12-03,216.83067321777344,221.87438739544254,216.00641213962206,221.87438739544254,21395300,CRM
2020-12-04,221.6290740966797,224.3177523877836,217.66476005726238,219.62729502137964,20504800,CRM
2020-12-07,223.43458557128906,225.56393404764836,222.0117508257806,223.8369088016532,12864100,CRM
2020-12-08,223.5915985107422,225.20087650646724,221.4328131466651,224.3667931968918,12116800,CRM
2020-12-09,216.43814086914062,224.55321085912482,215.94750720707842,223.77801626116502,15651800,CRM
2020-12-10,218.74412536621094,220.10808644303538,216.0358327528411,216.43815597732402,9258600,CRM
2020-12-11,218.25347900390625,218.56749173833862,215.85918430918895,217.76284533606915,8214400,CRM
2020-12-14,217.12503051757812,219.28381569090635,216.32038410433722,218.91092930692142,8508500,CRM
2020-12-15,216.02601623535156,217.97874378880695,214.11254776349722,217.910062855434,10766800,CRM
2020-12-16,219.43099975585938,219.80388613976237,216.12413358161902,217.33108822826364,8821400,CRM
2020-12-17,221.6879425048828,222.4827667508725,220.29454451008124,220.68704550443687,9946900,CRM
2020-12-18,223.1696319580078,223.55234060837526,220.19639300894414,222.76732371361334,11845400,CRM
2020-12-21,222.22763061523438,223.17946119680738,220.50060537108817,220.68703360093187,9219000,CRM
2020-12-22,226.83958435058594,227.52646853989967,222.35520009303218,222.74770106608221,10339600,CRM
2020-12-23,223.1696319580078,228.81191936549098,222.85563418387417,228.14466473736204,7090500,CRM
2020-12-24,221.55056762695312,224.89669328482782,220.61836652736562,224.02336583762113,6146300,CRM
2020-12-28,220.43190002441406,223.57195259425865,217.89042114545796,222.96357161999393,6422500,CRM
2020-12-29,218.29275512695312,221.0795509843586,216.72272127810226,220.7557309415474,6122400,CRM
2020-12-30,218.23387145996094,219.45064846909506,217.42923994954612,218.9502074677256,4724000,CRM
2020-12-31,218.3614501953125,218.61657434876122,216.04565835347057,218.10632604186378,6011100,CRM
2021-01-04,216.1830291748047,219.55859159318356,211.67901517987673,218.46938412647356,10319900,CRM
2021-01-05,217.37037658691406,218.82264826638956,213.90650357676668,215.3784047982895,8657200,CRM
2021-01-06,212.10092163085938,216.33019628559524,211.73785751996252,213.91627213124522,9789800,CRM
2021-01-07,213.8966522216797,216.5264564989889,212.44438073976497,212.96445123611858,8443100,CRM
2021-01-08,217.880615234375,218.15538389199156,215.1134488465608,215.87883624997448,7301700,CRM
2021-01-11,214.16162109375,216.44797605040557,212.17945665110835,215.51577496692485,7199000,CRM
2021-01-12,211.48272705078125,214.21064887422506,210.07950706325352,213.9162656974825,10736000,CRM
2021-01-13,214.09291076660156,214.79942448128895,211.49255818681596,212.9350224398901,6839200,CRM
2021-01-14,211.56124877929688,215.388185493648,211.51218241671253,214.141971754174,6548000,CRM
2021-01-15,209.1473388671875,213.78872960614237,209.00015474226558,212.12057797423213,8525600,CRM
2021-01-19,212.69952392578125,213.209787184661,209.69684796886514,211.31594822118947,7753800,CRM
2021-01-20,219.25439453125,220.43191243964327,215.84939538895242,217.83155976806847,9857700,CRM
2021-01-21,218.0081787109375,220.53004314197847,216.6834766910389,219.4997093667557,6785900,CRM
2021-01-22,221.5407257080078,223.52287490206555,219.5585615409991,220.6870129630909,10186100,CRM
2021-01-25,221.6879425048828,225.98589876595682,217.17412117798045,225.38732501714492,8213500,CRM
2021-01-26,222.02159118652344,223.6406916330015,220.33380979726095,223.5327516032363,5021000,CRM
2021-01-27,220.56932067871094,223.5425601841664,217.42926748500687,219.5095499184068,7641100,CRM
2021-01-28,222.25704956054688,225.29898426335956,220.78514857007968,220.78514857007968,7246000,CRM
2021-01-29,221.33468627929688,224.5041759883603,218.84227351452157,220.45155155289265,6473000,CRM
2021-02-01,224.18035888671875,225.59337137864128,220.5398502106048,222.95377462525823,5696700,CRM
2021-02-02,229.81283569335938,231.53005374504133,227.04566924744182,227.13397972516242,7134900,CRM
2021-02-03,230.42120361328125,231.5790918856931,227.90914664944546,230.5978245471944,5357600,CRM
2021-02-04,233.5220184326172,233.76733528973233,231.05904257744416,231.10810894345772,4770700,CRM
2021-02-05,234.4149627685547,234.87615963294328,231.98142386938537,234.67008689595932,5020000,CRM
2021-02-08,234.45420837402344,236.59337905253398,232.68793906493735,235.02334525228858,4336400,CRM
2021-02-09,232.26600646972656,235.58269529989457,231.814631819711,235.0724320245718,5157200,CRM
2021-02-10,232.28562927246094,233.75753043041945,229.57733653208032,233.0019503102406,5535600,CRM
2021-02-11,236.72096252441406,238.34004781060744,234.11078754151373,234.45422216160932,6091600,CRM
2021-02-12,235.86721801757812,237.03492850969582,234.43457613284195,236.43635485293595,4314400,CRM
2021-02-16,243.93324279785156,246.52378795891258,239.2329788593215,240.4104966647217,10837600,CRM
2021-02-17,243.0206756591797,244.82620399089475,240.90113458823512,243.93324710828134,5879200,CRM
2021-02-18,242.3828582763672,243.36412568929228,238.0260435402598,241.36234675502416,4152800,CRM
2021-02-19,241.9412841796875,244.7182726774811,241.372147299328,243.35431161051767,4647700,CRM
2021-02-22,236.43637084960938,239.9395025629753,235.87705623217772,239.68436346296096,5055000,CRM
2021-02-23,231.22584533691406,234.48366023275364,224.72003780174592,230.85295894034272,8641600,CRM
2021-02-24,235.96536254882812,236.97606672875852,227.17320044151748,231.11789940930464,6128300,CRM
2021-02-25,226.75128173828125,235.84763509575026,225.46582378808475,234.06172116867066,8828900,CRM
2021-02-26,212.44439697265625,226.18214088774718,212.28739059154657,225.09293344984687,20372900,CRM
2021-03-01,213.4648895263672,216.0750642316916,211.0019139051039,215.78068103652058,14027700,CRM
2021-03-02,209.47116088867188,214.5050676297708,209.34359133056907,214.3088021640887,10211500,CRM
2021-03-03,202.14109802246094,209.32398306153877,201.55233155360256,208.84315661287266,11459000,CRM
2021-03-04,201.483642578125,205.1732027132989,197.73519382005216,202.96535100259865,12800500,CRM
2021-03-05,206.8119354248047,208.3721621482237,199.41318497292716,206.0759847908547,11406000,CRM
2021-03-08,203.828857421875,210.87434988673863,203.68167330690775,209.6183288625125,9576400,CRM
2021-03-09,207.5675048828125,211.74769887752342,207.21424799784023,208.2053227434512,9732200,CRM
2021-03-10,207.9894561767578,212.10095423250456,207.80301296479053,210.69774896004017,7186400,CRM
2021-03-11,211.90467834472656,214.08309302982028,210.3346595899333,210.9724773695444,6431000,CRM
2021-03-12,208.23475646972656,209.8440343676082,205.3792648117747,209.45151843339812,6114600,CRM
2021-03-15,208.813720703125,208.95109755006774,205.57553505609934,207.88151960080256,5733700,CRM
2021-03-16,210.4622039794922,212.63081127656068,209.48093669036535,210.81546080249586,5311000,CRM
2021-03-17,209.12771606445312,210.7860604657858,206.91005699744287,209.52023203181324,5805100,CRM
2021-03-18,205.555908203125,207.4203254051115,204.49613752443818,206.75305573055155,5580100,CRM
2021-03-19,208.22496032714844,208.76466044627716,205.1536032363864,205.87973160307433,7088400,CRM
2021-03-22,211.1393280029297,212.91541979760623,207.41050847611416,207.51844850096515,5002500,CRM
2021-03-23,210.9724884033203,213.3569609689548,210.31504105016654,210.73697883995618,4578000,CRM
2021-03-24,205.60496520996094,211.2472529818544,205.48721790867504,211.100068855247,4617700,CRM
2021-03-25,201.59158325195312,204.2704391439191,200.5416199146427,202.30790428355812,7977200,CRM
2021-03-26,205.17320251464844,205.4872152779946,200.93413502014363,201.787832889443,7333200,CRM
2021-03-29,206.8217315673828,207.68523668724126,202.13127465043846,205.09469138176175,5686900,CRM
2021-03-30,206.066162109375,207.33199051709047,203.47561667034668,204.73163779393903,4717900,CRM
2021-03-31,207.90109252929688,209.66737661690226,206.1740675174996,206.49788751463976,6838000,CRM
2021-04-01,214.62277221679688,214.8288299526197,209.3729864866173,209.59868873264213,7763500,CRM
2021-04-05,216.1634063720703,217.68437395919025,214.82888200164268,215.49615167333323,5553200,CRM
2021-04-06,216.94839477539062,217.39978434440064,214.1615990954462,215.70219602166043,5448500,CRM
2021-04-07,216.65402221679688,218.50861700010284,215.28025384877475,217.80211824865737,4403400,CRM
2021-04-08,220.24546813964844,221.48187466432574,218.28293331109654,218.8226333835388,6169100,CRM
2021-04-09,226.947509765625,226.97694658806262,219.4408205850093,220.12770473013896,7319300,CRM
2021-04-12,224.4747314453125,225.54432432130656,222.89489028727007,225.22050427330313,6205700,CRM
2021-04-13,227.65403747558594,229.11613129618766,224.2196015653939,224.7102352668499,5397100,CRM
2021-04-14,223.74862670898438,228.77271167855812,223.3953697987516,228.48815068254345,4617600,CRM
2021-04-15,228.63528442382812,228.71378760579213,225.2008488208951,225.56391293614655,5073900,CRM
2021-04-16,227.5657196044922,229.61656481639514,225.583555322625,229.61656481639514,5088700,CRM
2021-04-19,226.18214416503906,227.85029581288046,224.58267345183293,226.50596421591254,4257700,CRM
2021-04-20,223.68972778320312,227.1143414983329,222.63976445616677,225.6915067330844,4081200,CRM
2021-04-21,226.24098205566406,226.46666933801154,222.42385292906292,222.85561292864975,4024000,CRM
2021-04-22,227.01622009277344,229.50863271290058,224.72004298606618,225.69150310709435,4975400,CRM
2021-04-23,229.13575744628906,231.07867778279305,227.40873212012747,228.57644278429166,5447100,CRM
2021-04-26,231.04920959472656,231.38283688978646,228.0661485591471,229.655796825098,3459600,CRM
2021-04-27,229.82266235351562,231.48099181220053,227.5657441620484,231.0492466996442,3445200,CRM
2021-04-28,232.442626953125,233.86546169128775,229.1553751675832,230.59783944621057,4274500,CRM
2021-04-29,229.9698028564453,233.2177951931184,227.82082509405544,232.8743606251302,4140800,CRM
2021-04-30,226.0055389404297,230.1072299243447,225.2205219418326,228.4390781604221,5024800,CRM
2021-05-03,219.56842041015625,227.12419248265297,218.8913583816001,226.44711548114236,5835700,CRM
2021-05-04,213.11166381835938,217.84138025229626,210.34449731460384,217.51756018759926,6727500,CRM
2021-05-05,211.364990234375,215.45688843495648,210.81548289056178,214.72093789100262,4205800,CRM
2021-05-06,213.9653778076172,214.19106513643302,209.50060776235338,211.76733325394562,5200000,CRM
2021-05-07,212.44439697265625,217.1054172295621,211.06080631341345,216.37927394664436,5774700,CRM
2021-05-10,209.88331604003906,211.91454705913281,209.23567586238994,211.46315739723823,5263700,CRM
2021-05-11,211.5220184326172,212.51310818341187,204.99659559220075,205.08490607307738,6097900,CRM
2021-05-12,206.59603881835938,209.37302745134568,205.08489355918041,209.34359062618296,5482500,CRM
2021-05-13,207.89129638671875,211.60048568297256,206.52733540183127,208.98050371802827,5337000,CRM
2021-05-14,213.58267211914062,214.18124584955112,210.1384138617979,210.17767294379846,4429000,CRM
2021-05-17,211.03135681152344,213.64153159210124,208.83332749983833,212.53269467993397,3816100,CRM
2021-05-18,210.31503295898438,213.27846454892833,209.78514020503897,211.40424031659265,3540600,CRM
2021-05-19,217.1937255859375,217.44886469599066,210.4916673588244,211.8065770716037,8092100,CRM
2021-05-20,219.5880126953125,222.58088119340678,218.19461481502557,218.8029957981637,6705500,CRM
2021-05-21,218.41050720214844,221.55055999557683,218.2731303603407,220.99124534427142,4913600,CRM
2021-05-24,222.73789978027344,223.33647351271242,220.00997751714561,220.78517220032754,5288300,CRM
2021-05-25,223.44439697265625,225.41673897457213,222.0411768629327,223.72895791875243,6256300,CRM
2021-05-26,225.37750244140625,225.9270247948621,224.01354127446098,224.19998448705005,5807100,CRM
2021-05-27,221.599609375,225.2204883236711,221.16784934157178,225.2204883236711,15344100,CRM
2021-05-28,233.63975524902344,238.9385927961855,233.37480887978,234.7387698578094,17810800,CRM
2021-06-01,231.77536010742188,233.93414542284168,228.105429563094,233.54164444656624,8103900,CRM
2021-06-02,230.22496032714844,233.82621000931692,229.51844657758895,230.00908029406344,5543900,CRM
2021-06-03,226.51576232910156,228.8119244445642,225.13217170582834,228.52736348753427,5109000,CRM
2021-06-04,233.0313720703125,233.43369528765336,227.18302689896746,227.29096690915765,6177600,CRM
2021-06-07,233.67901611328125,234.98410354129118,231.42209811727125,232.167870917821,3510800,CRM
2021-06-08,231.99124145507812,237.26064270494106,231.25529089066362,234.32666270416493,5827300,CRM
2021-06-09,231.6674041748047,234.39532619945115,231.09826731724482,234.39532619945115,3350900,CRM
2021-06-10,235.6906280517578,235.78874581167074,230.74503178519944,231.57911509569985,4659500,CRM
2021-06-11,235.80838012695312,235.8672537786834,233.94397794838028,234.55235898019714,4624200,CRM
2021-06-14,241.64688110351562,242.01976747070506,235.97515727928544,236.19103728418978,6764700,CRM
2021-06-15,238.0358123779297,240.7637341474268,237.47648285588494,240.61655004844135,5135300,CRM
2021-06-16,237.84942626953125,240.42034230163316,234.99393428051437,237.46673254740193,5099300,CRM
2021-06-17,239.85118103027344,242.5496663536689,236.6816915519483,237.46670845879922,5170200,CRM
2021-06-18,238.23208618164062,241.40157553166296,236.54430514076677,237.31951473259625,7822200,CRM
2021-06-21,239.90023803710938,240.1357475918643,234.41495713265022,238.8895338623325,5895100,CRM
2021-06-22,238.555908203125,240.13574924975305,236.37749346869498,239.23298507638725,4457200,CRM
2021-06-23,237.30970764160156,239.9198825545172,236.33826248511335,239.183931994534,4482400,CRM
2021-06-24,239.20358276367188,243.05014956846512,238.1536193512316,238.7914522102605,4987300,CRM
2021-06-25,237.33914184570312,239.62549669022818,236.47563671313117,239.61568940646626,15409300,CRM
2021-06-28,239.98858642578125,242.95200333181137,239.03675580544183,239.63532954634647,4274900,CRM
2021-06-29,241.20533752441406,242.15716810153702,237.88864891658548,239.8610059759414,3871900,CRM
2021-06-30,239.6941680908203,242.00995952283373,238.93858807573162,240.88149314158034,4168800,CRM
2021-07-01,240.39089965820312,241.97074087757807,238.07510783923647,239.91989546689135,3899600,CRM
2021-07-02,243.55055236816406,244.29632513407498,241.2347608318725,242.29453136267895,4056200,CRM
2021-07-06,245.56216430664062,248.18214644075044,243.72719907899062,244.33558006934473,5590200,CRM
2021-07-07,243.7860870361328,248.7512979244755,243.21695011986682,248.26066420075858,5101400,CRM
2021-07-08,241.19552612304688,241.96091348517896,237.211582937346,240.2535028457563,5159600,CRM
2021-07-09,240.46937561035156,243.3543040296005,239.5175450782061,240.9894461106432,4213500,CRM
2021-07-12,238.35964965820312,242.62815354084972,237.31950868872534,242.5889094359237,5604500,CRM
2021-07-13,239.44886779785156,242.53004674045073,237.15269077281891,237.75126446738204,6699800,CRM
2021-07-14,237.88865661621094,241.53897266513,235.37661438318122,239.9198873897179,6375700,CRM
2021-07-15,233.12953186035156,237.49616919231613,231.40250646977503,236.70134492180674,7912600,CRM
2021-07-16,233.96356201171875,236.36767894556726,233.31593695417317,233.8360074405854,7288100,CRM
2021-07-19,233.10006713867188,234.0322681471835,229.9207554641456,232.07954068726508,8843000,CRM
2021-07-20,235.61212158203125,238.62460478530147,231.84405827047487,234.22853092181907,8487000,CRM
2021-07-21,237.57461547851562,238.42831319820067,233.806552816447,236.91716821505182,15323100,CRM
2021-07-22,243.62904357910156,244.04117404755738,238.78158073072254,238.93858709192972,7868700,CRM
2021-07-23,243.59963989257812,245.86636526388193,242.05904283796224,245.31685789786317,5877300,CRM
2021-07-26,242.9617919921875,243.82529704354795,241.21513737788564,243.55054339453088,3960700,CRM
2021-07-27,238.9484100341797,243.48187543019662,236.67187753928542,242.5791112535186,6352500,CRM
2021-07-28,239.3900146484375,241.47029685942042,238.447991304567,239.25263780380567,4100200,CRM
2021-07-29,239.46849060058594,241.54878767794838,238.92880550693593,238.92880550693593,3271100,CRM
2021-07-30,237.39804077148438,239.6647812898401,237.10367249775993,238.448004190948,3748400,CRM
2021-08-02,236.3480987548828,237.92794008298435,234.4051932306746,237.7709336840906,3525700,CRM
2021-08-03,236.613037109375,238.49706891296316,234.56217665455713,236.8583539844196,3077900,CRM
2021-08-04,239.59609985351562,240.06710409288632,235.18039580540892,237.09386456499752,4121600,CRM
2021-08-05,245.86634826660156,246.19997557676962,238.97784718062002,240.09649137638183,5235200,CRM
2021-08-06,245.89581298828125,247.35790691642256,244.5514813387586,244.5612886232462,4045400,CRM
2021-08-09,244.6496124267578,247.69153259525277,243.20714805026594,246.71026512677955,3312200,CRM
2021-08-10,238.83067321777344,246.5434356236647,238.48722363667895,246.17054921824237,4430600,CRM
2021-08-11,237.74147033691406,241.53897047721642,235.60231453917916,240.08669888182976,3999200,CRM
2021-08-12,243.7370147705078,243.7762588793561,237.39802062539553,237.95735024391394,4467400,CRM
2021-08-13,246.84762573242188,249.01623328316634,244.2080140202263,246.99482482678007,5986400,CRM
2021-08-16,244.53182983398438,246.29811412508937,239.8904392861254,245.48366039716453,4047500,CRM
2021-08-17,242.3632354736328,244.53182799765963,241.3329017304796,243.60943426517866,3472600,CRM
2021-08-18,246.5139923095703,251.98945111173208,243.0795564808502,243.35431014931163,8306700,CRM
2021-08-19,248.329345703125,250.6549446272866,243.72719924596552,244.5023938963687,6600800,CRM
2021-08-20,251.33201599121094,253.03941163043163,247.8779506602082,248.26064433516646,5510700,CRM
2021-08-23,255.6398162841797,256.95471123307306,251.76382735434493,252.18576522197816,7603900,CRM
2021-08-24,254.79588317871094,257.5826788535611,254.20711678072223,257.0135569679106,6685200,CRM
2021-08-25,255.9635467529297,256.99386530093426,253.90287971102305,255.97333906139906,9701000,CRM
2021-08-26,262.77362060546875,270.06443062148037,262.35165284021355,264.74594783015135,18987000,CRM
2021-08-27,261.5372009277344,265.8351569640046,260.45780079028447,262.8422734035342,7992500,CRM
2021-08-30,260.0064392089844,262.56753289702846,259.79055917066637,260.8307002791333,5730000,CRM
2021-08-31,260.30078125,261.7726822868522,257.77894689907964,259.81014757104924,5901500,CRM
2021-09-01,263.2936706542969,268.14113390837844,260.6147999257032,261.2820545572527,7189000,CRM
2021-09-02,259.20172119140625,264.2160120837078,258.97604890400214,263.96087303266177,4498300,CRM
2021-09-03,262.0768737792969,262.4007087783547,256.89578330750214,258.6620825260547,7356700,CRM
2021-09-07,260.2419738769531,262.8815861375793,259.12334437594694,261.547076565023,4672500,CRM
2021-09-08,257.7004089355469,259.38818985926156,256.6798825769075,258.68167621803445,3851500,CRM
2021-09-09,255.85560607910156,258.7699709285273,255.57106014554927,256.91539144938315,4126500,CRM
2021-09-10,252.3820037841797,256.6897523803781,251.69510458084014,256.1108081699777,5280900,CRM
2021-09-13,249.349853515625,252.86279251847822,247.46582195044905,252.18571563336224,5258200,CRM
2021-09-14,249.60498046875,250.33112372547683,248.260648939749,249.3498563383632,4097500,CRM
2021-09-15,251.36146545410156,251.9404096373643,248.21159045339897,249.77180205491825,4764600,CRM
2021-09-16,255.4827880859375,256.32669369512513,250.2232087390271,250.74327930837387,5122600,CRM
2021-09-17,255.64956665039062,256.79766255941036,253.83421616913952,254.413160278508,7049400,CRM
2021-09-20,253.38290405273438,254.35434932956784,250.16434773618738,251.78343317954605,5985500,CRM
2021-09-21,253.1375732421875,257.6317651284497,252.94130776764734,254.6094744635176,6040600,CRM
2021-09-22,254.3151092529297,255.48279001897885,251.41053591355666,254.05014786452656,4355600,CRM
2021-09-23,272.65496826171875,274.1563362577299,261.40965129925485,264.9422202247665,15617200,CRM
2021-09-24,280.2794189453125,280.99572499903616,272.9984014872725,273.2829774249203,13368300,CRM
2021-09-27,274.4408874511719,278.4444756243549,273.8128918224988,277.14919533621287,5941100,CRM
2021-09-28,267.17950439453125,271.51671976963667,264.9814748537936,269.9564781465915,7127100,CRM
2021-09-29,265.4328308105469,269.5345213417852,264.1964243080006,268.36681074402577,4361900,CRM
2021-09-30,266.1393127441406,269.1223736586764,265.37392546396575,265.57998320780877,5224200,CRM
2021-10-01,270.1036376953125,271.16339316825395,263.73519276459695,266.4140631859969,4756000,CRM
2021-10-04,265.7861022949219,270.14293241713284,261.1545484147814,270.06444419285407,6393800,CRM
2021-10-05,266.6790771484375,268.42573222801786,265.9529487281576,267.01270452926633,4050400,CRM
2021-10-06,270.1134948730469,270.32937492162534,262.48905715236293,264.61842081088247,4745500,CRM
2021-10-07,269.4364013671875,274.26425036374246,268.94576764560657,271.71294902234047,5374200,CRM
2021-10-08,267.375732421875,271.73256175562557,267.16964472186214,270.37840805109465,2683300,CRM
2021-10-11,268.6219787597656,271.0947620850822,266.423949137262,266.6888805823613,2693000,CRM
2021-10-12,273.77362060546875,275.49083865586147,270.84943280198803,271.24196374165996,5970100,CRM
2021-10-13,279.0823059082031,279.75938290954065,273.38114387066895,274.7549124437057,6573500,CRM
2021-10-14,284.587158203125,285.19556914063014,279.3275793568558,280.6424740684231,5433900,CRM
2021-10-15,286.1964416503906,287.3837667704709,283.90027962278845,287.0108803825358,5119300,CRM
2021-10-18,286.2356872558594,287.7566396130493,283.30167762600325,285.3329081514648,5163300,CRM
2021-10-19,286.8637390136719,289.9939847524276,285.9020860775898,286.6282443950019,3631200,CRM
2021-10-20,284.65582275390625,289.87617189055277,282.5559263385175,287.61923917035244,4487900,CRM
2021-10-21,284.381103515625,286.1081437266706,282.8699433309601,284.04747619229204,2828500,CRM
2021-10-22,287.0795593261719,287.5113193344965,282.7816037543324,283.5862501285648,2927000,CRM
2021-10-25,288.4141540527344,289.60147933166843,286.2553535947567,287.8057430539172,2993500,CRM
2021-10-26,289.5818176269531,292.7709367825331,288.11973873523857,290.2392799829173,3601400,CRM
2021-10-27,289.62103271484375,293.58536092474856,289.5621590735101,290.9751863573197,3742700,CRM
2021-10-28,292.79058837890625,293.21252619806427,288.03143522704767,289.54259549448346,3450400,CRM
2021-10-29,294.0760498046875,295.14562775102263,290.7201018887948,292.417705388523,4251900,CRM
2021-11-01,297.0885314941406,299.1491691043808,294.1054701742535,295.8521249712726,3825100,CRM
2021-11-02,297.27496337890625,297.7557748102004,293.8012684848671,296.067993726545,4177500,CRM
2021-11-03,297.2160339355469,298.25617476261334,292.6040661582536,298.25617476261334,3260200,CRM
2021-11-04,302.26959228515625,302.6326564005874,296.7352302510866,297.81463028743724,3833800,CRM
2021-11-05,301.49444580078125,305.5667000233921,297.6576862004991,302.72103020192355,4681800,CRM
2021-11-08,304.15362548828125,305.5568605856587,300.1696823634834,301.44534791147163,3893000,CRM
2021-11-09,303.9083251953125,305.91011912310466,301.46497889470936,304.1929011328386,3126500,CRM
2021-11-10,294.05645751953125,302.8093472254205,292.3098024924164,300.8271975708907,4350900,CRM
2021-11-11,297.3044128417969,300.0225128068969,295.85212628382476,295.85212628382476,2681900,CRM
2021-11-12,300.9056091308594,301.46493867436817,295.9796581050815,298.79589044204164,3803700,CRM
2021-11-15,299.7673645019531,301.9948606360448,297.5497205703259,301.15095511127015,3595300,CRM
2021-11-16,301.3373718261719,301.81818322090254,297.04923851277806,298.38374766790866,2989400,CRM
2021-11-17,302.25,304.09478766345535,301.49443481694954,302.0145053862507,3864700,CRM
2021-11-18,297.314208984375,301.23927870373296,293.96808345511374,300.4248399131646,4443100,CRM
2021-11-19,295.5282897949219,300.2677977399139,295.45959389600415,299.9832218343275,4758900,CRM
2021-11-22,291.2794494628906,299.7674075922167,291.1617021508578,296.1857871036466,4474700,CRM
2021-11-23,285.9609375,290.9163255210736,282.90918054234044,288.1491444729867,6431100,CRM
2021-11-24,283.75311279296875,284.02786647251503,277.8949451023701,280.68174097945536,5091400,CRM
2021-11-26,278.88604736328125,282.1831219665527,277.7379810774145,279.1706233431079,4195300,CRM
2021-11-29,291.1813049316406,292.8004202442627,279.3668659320935,284.0965524673978,8215600,CRM
2021-11-30,279.6219482421875,293.6638822563023,278.0911735030403,290.6415918586257,13597600,CRM
2021-12-01,246.78875732421875,271.75220300549006,246.74951321532797,266.1786112199365,30723100,CRM
2021-12-02,256.30706787109375,257.66119178671653,247.416772267825,248.0840419144307,12200800,CRM
2021-12-03,253.48097229003906,256.8467118911281,246.98497268066092,256.65044645573533,8944000,CRM
2021-12-06,253.9029541015625,254.37397326071192,246.01357034772346,251.30260133376157,7123000,CRM
2021-12-07,261.98858642578125,265.1679133213298,258.66210534808226,260.4970706849663,7401200,CRM
2021-12-08,261.3212890625,263.47026681881715,259.61389356412786,263.28382363843156,4586500,CRM
2021-12-09,259.3686218261719,261.6843986542722,257.7200996828558,261.05640305268304,3967000,CRM
2021-12-10,261.04656982421875,265.5015322835755,259.48635822423387,261.11526573044637,3480100,CRM
2021-12-13,260.7816467285156,265.49171850353963,259.6531652058753,260.8208758654082,3625700,CRM
2021-12-14,250.80213928222656,257.23925123869947,248.55504345166528,257.0920671131211,7227300,CRM
2021-12-15,255.16880798339844,255.3159921185816,247.18127619384157,250.0760272847092,6484900,CRM
2021-12-16,248.37840270996094,256.4542442969649,247.4952680277166,255.1295273006459,6556700,CRM
2021-12-17,248.19195556640625,249.1437861394483,242.1669743470109,246.53362624255425,12119400,CRM
2021-12-20,242.57913208007812,246.82800694797265,241.88242560484113,245.20892165014376,5580100,CRM
2021-12-21,247.819091796875,248.2704664286481,240.65583658190562,243.35432200739078,5428200,CRM
2021-12-22,248.06439208984375,249.49703405340486,244.83601408424957,248.6727730628942,4982400,CRM
2021-12-23,248.3980255126953,249.54610655765154,244.6692064510111,246.52380121177913,3769500,CRM
2021-12-27,253.4613800048828,253.58894956958386,248.4961838875035,248.64336802142498,3531800,CRM
2021-12-28,250.6647491455078,255.894906075974,250.16430817213202,254.86458730566812,3293700,CRM
2021-12-29,249.77178955078125,251.62638427952282,248.3783916833679,251.20444649781288,2592700,CRM
2021-12-30,250.54701232910156,253.0688618144157,249.6933144644203,250.51757550431617,2950600,CRM
2021-12-31,249.36952209472656,251.68529909060345,248.8788883299145,249.70314946128974,3169300,CRM
2022-01-03,250.674560546875,251.89133743525414,243.99211740332615,250.23297826677805,4316800,CRM
2022-01-04,243.58001708984375,252.0581673344128,238.84049346738996,252.03855276576434,7240700,CRM
2022-01-05,223.40513610839844,233.7378801213554,223.05187926295756,231.7459085957433,18882500,CRM
2022-01-06,224.85740661621094,230.08756337341347,221.81548682373608,223.76819926192746,9376100,CRM
2022-01-07,224.0331573486328,227.9287901183883,221.8154984183572,224.21960055001418,6286700,CRM
2022-01-10,225.32846069335938,225.5247111986615,214.78964235884817,221.27582112922613,7803800,CRM
2022-01-11,230.44081115722656,231.9225343758954,222.31591903988598,224.5139632014038,7635300,CRM
2022-01-12,233.3748321533203,234.79766691686385,231.3436014081393,232.5603783984617,6718900,CRM
2022-01-13,224.34716796875,234.31683326289448,223.65046153436688,233.05100491901223,6680300,CRM
2022-01-14,226.89846801757812,228.91987656664728,223.34628464389166,223.75841517567684,5805100,CRM
2022-01-18,221.8253173828125,226.40783457820854,221.07955951096974,224.17054598972723,6032000,CRM
2022-01-19,222.0313720703125,227.86010264556953,221.9332393441017,223.20888992008267,5332600,CRM
2022-01-20,218.76376342773438,227.0652775078097,218.32219607844573,224.77893757014473,5663700,CRM
2022-01-21,214.5345001220703,220.5594814621846,214.1616137123489,218.8815075913908,9128400,CRM
2022-01-24,218.85208129882812,219.1955309004106,203.62280606506943,208.41139608075076,11664300,CRM
2022-01-25,211.3551788330078,219.70575878545228,210.64866512674053,216.86008939345197,9092700,CRM
2022-01-26,207.04742431640625,217.3114880530817,205.15358539474732,215.4961373483303,10029600,CRM
2022-01-27,208.7548370361328,218.9698195338793,208.0875674023118,210.06973178992823,9462100,CRM
2022-01-28,217.96893310546875,218.12592451056673,206.92967481737665,210.28560754020236,8254900,CRM
2022-01-31,228.27224731445312,228.5470009973566,218.0964938711652,218.7735707943747,7084200,CRM
2022-02-01,227.7718048095703,228.4194449459734,222.08046535037803,228.0171216818787,6387100,CRM
2022-02-02,220.7949676513672,230.09739318872408,218.84225514902536,229.36144265416465,9378900,CRM
2022-02-03,208.78427124023438,216.6540250962806,206.4586572944527,213.98499151335747,12826600,CRM
2022-02-04,215.1232452392578,217.5175400612099,209.19639680492654,210.96268109759217,6176500,CRM
2022-02-07,212.90557861328125,217.29184487562878,212.6013881297592,214.8975501404917,3922300,CRM
2022-02-08,213.35696411132812,213.85742006922874,208.17587342462556,211.56125794118034,5628700,CRM
2022-02-09,217.880615234375,218.0278143337717,211.53182868886736,216.99748052980624,6107700,CRM
2022-02-10,213.59246826171875,217.83155051949694,211.76731034066736,213.62190508520732,5312600,CRM
2022-02-11,204.0054931640625,215.81013917552653,202.2490310485335,213.5434138028296,8165600,CRM
2022-02-14,202.53359985351562,205.968035999104,200.7967672118445,201.94484835518676,7005900,CRM
2022-02-15,210.23651123046875,210.55052394184307,204.6138540023553,205.82080854418118,6353000,CRM
2022-02-16,207.7735595703125,208.44081419893,204.30968693110523,207.0474163218594,7072700,CRM
2022-02-17,196.28289794921875,205.82081735787006,195.76282747506593,204.42741958061617,8820100,CRM
2022-02-18,193.15267944335938,198.80478948475863,192.12234563598324,196.64598913675036,6691800,CRM
2022-02-22,191.47470092773438,197.6861249893548,189.9046671938799,191.86720187472233,8434800,CRM
2022-02-23,186.97067260742188,195.27220090221778,186.56836437696586,192.6718484371728,7784300,CRM
2022-02-24,200.4630889892578,201.0616626377729,180.9849421787626,181.27932536167916,11792600,CRM
2022-02-25,204.1919403076172,204.56482673038332,197.83333141686228,200.8850737887272,5853600,CRM
2022-02-28,206.58624267578125,207.70488701115238,203.07330327836397,203.89756437327878,7904700,CRM
2022-03-01,204.97694396972656,210.3739146008125,204.5550061801314,209.40245449695428,12587300,CRM
2022-03-02,206.44883728027344,213.23920554922583,197.38192157106164,212.05188043993056,16670100,CRM
2022-03-03,200.91448974609375,207.66561389984665,200.39441924886063,206.4488369965919,6559900,CRM
2022-03-04,199.20709228515625,202.51397365126797,195.52733948340844,200.86543661014966,6813600,CRM
2022-03-07,192.55409240722656,201.09111555755277,192.36764921068826,199.6388440379705,7043500,CRM
2022-03-08,188.4818115234375,193.5058949547124,185.6557571068705,190.64059643700406,8229000,CRM
2022-03-09,199.3542938232422,201.38550960875565,193.5255629181948,194.63439990071706,6881300,CRM
2022-03-10,196.4006805419922,197.43101439272945,193.82976453038117,195.37036166420847,5604200,CRM
2022-03-11,194.1928253173828,200.9341429829531,193.92789388238225,200.9341429829531,5196900,CRM
2022-03-14,189.50233459472656,196.4104647136196,188.22669909378976,194.52643331018075,5665500,CRM
2022-03-15,192.46575927734375,196.21420738781916,189.12945659119345,194.81098742373146,5276300,CRM
2022-03-16,201.71913146972656,202.042936511233,193.6334833101421,194.93857065097373,6043400,CRM
2022-03-17,206.46847534179688,206.73340675685156,198.76552033296835,200.78692876283412,5842600,CRM
2022-03-18,214.70130920410156,215.46669657501957,204.40780883149063,205.310573038908,12220600,CRM
2022-03-21,209.7164764404297,214.99570000776723,206.66473413271285,214.10274305252005,6448700,CRM
2022-03-22,214.1223907470703,217.6942038979283,208.63709396618333,209.71649422040718,7018800,CRM
2022-03-23,207.15533447265625,209.922500394855,204.407783115381,209.8636267541838,8404700,CRM
2022-03-24,209.97158813476562,210.09915768451071,205.93857863564773,208.3721324995053,4150300,CRM
2022-03-25,207.07684326171875,211.81636625801633,204.57460857792856,210.25615479825876,3656500,CRM
2022-03-28,211.2472381591797,211.34537088533412,205.37926348057798,206.43903403664834,4290900,CRM
2022-03-29,217.1446533203125,217.99836612797765,212.7093355148828,214.52467119571713,5370400,CRM
2022-03-30,210.91363525390625,215.7316621903663,209.40247494478652,215.5942853416239,4951200,CRM
2022-03-31,208.3427276611328,212.72897971363034,207.82264209884806,210.4818836741599,7141300,CRM
2022-04-01,208.27401733398438,210.02067220613395,206.10540967022843,208.4997046562186,6007900,CRM
2022-04-04,214.75038146972656,216.86010043957305,210.08936121140994,210.60943174765958,7843600,CRM
2022-04-05,206.20352172851562,214.18123012946342,204.761057516397,213.91628375074018,7304600,CRM
2022-04-06,197.05809020996094,201.62097679152455,194.3694126382288,201.36585270471255,7171300,CRM
2022-04-07,196.41049194335938,198.9225341628729,194.47739391274337,195.38996543358658,5246000,CRM
2022-04-08,193.4764862060547,196.39085150273115,192.93678615612353,194.91895044271078,3897700,CRM
2022-04-11,191.78872680664062,193.40782713946382,188.56036337148078,190.5719647088319,5173800,CRM
2022-04-12,191.16070556640625,197.35250065156498,190.935018250023,196.00816906434588,4832200,CRM
2022-04-13,192.05364990234375,193.40780365757664,185.7735447546511,188.39352682281125,8733000,CRM
2022-04-14,185.86187744140625,192.76999392964478,185.67543422407115,192.64243933853672,5126700,CRM
2022-04-18,183.50680541992188,185.80298244449563,182.05453390517192,184.77264871170573,4899500,CRM
2022-04-19,187.80477905273438,188.59960330170284,182.04474383908854,183.73252507245874,6120400,CRM
2022-04-20,182.74143981933594,189.67900813594161,182.59425568554167,189.27668487296583,6015400,CRM
2022-04-21,173.91000366210938,186.60760523194898,173.42919225597723,185.24364425033434,9119500,CRM
2022-04-22,168.2186737060547,175.69594194287615,167.89486862001988,174.37122488092086,8843900,CRM
2022-04-25,171.2998504638672,171.4862786852508,166.05987137463197,166.51126094896745,7988900,CRM
2022-04-26,166.8939208984375,170.46573277323856,164.41131617360605,169.38633290463852,8073300,CRM
2022-04-27,171.4077911376953,173.91002613210284,167.43366993987794,167.79673410536915,9644600,CRM
2022-04-28,182.2606201171875,183.4283157962064,175.62724262476354,178.01173029541118,10614800,CRM
2022-04-29,172.64418029785156,181.88771695647154,172.0161697915213,179.14998763262818,7110800,CRM
2022-05-02,174.24366760253906,174.44972538138006,169.8770154887424,171.81011355552369,6278400,CRM
2022-05-03,175.0188446044922,177.0108161210052,172.83062261317542,173.63525405175608,5047700,CRM
2022-05-04,182.00546264648438,182.49609631814417,171.46666096192126,176.34356085605557,7563100,CRM
2022-05-05,169.07237243652344,178.8261725817768,166.6388335284509,177.10895466811817,8379400,CRM
2022-05-06,166.5210723876953,169.1999281586962,162.478255549252,166.3150146215156,7232700,CRM
2022-05-09,160.5353240966797,167.09998925863903,159.09286007721764,163.5968730491952,9997800,CRM
2022-05-10,164.01882934570312,168.0518386985929,160.2213295438917,164.28377571904736,8598700,CRM
2022-05-11,158.24903869628906,166.79587157471033,157.81727853301084,162.39979667879365,7220100,CRM
2022-05-12,157.4149169921875,163.7244742595646,151.74319252863432,153.99028832195074,10187500,CRM
2022-05-13,163.78334045410156,165.5201729198961,158.97512135339974,160.48628148928813,6499700,CRM
2022-05-16,161.04562377929688,162.99835157301877,158.8475940736728,161.65401983535017,5065800,CRM
2022-05-17,160.6628875732422,165.93230304881806,155.30517660891866,164.19545577067012,7317700,CRM
2022-05-18,154.3828125,161.43812798889275,153.26416818566764,159.7699762882853,7454400,CRM
2022-05-19,152.68521118164062,156.26683114973795,151.83149837459982,152.32213206737765,8382200,CRM
2022-05-20,156.65933227539062,157.71910284963147,151.6548775876973,155.76639033306307,9068700,CRM
2022-05-23,157.3167724609375,157.7190806533662,152.9893803016985,156.8457534011503,6148800,CRM
2022-05-24,153.9902801513672,155.42293709003013,151.654874008082,154.8145561160666,6928400,CRM
2022-05-25,156.65933227539062,158.85737661155153,152.4104576677764,152.4104576677764,7436800,CRM
2022-05-26,159.4167022705078,160.6236569337342,154.61830546768402,156.6985874844566,6697700,CRM
2022-05-27,162.00723266601562,162.13478722982424,157.2480804055899,157.66021086325298,7883600,CRM
2022-05-31,157.23828125,164.14639661679763,156.36495393132464,163.83239885932784,18114600,CRM
2022-06-01,172.77175903320312,180.96533287396545,171.10359246781044,174.67540521994658,37037400,CRM
2022-06-02,184.8707733154297,186.56837670846588,171.42741284678678,171.7217960631999,19231200,CRM
2022-06-03,181.44615173339844,186.08754216917853,180.35694436126485,181.53446220258317,9224000,CRM
2022-06-06,179.44436645507812,186.85293839433146,178.29628538226214,185.3908445633338,5811700,CRM
2022-06-07,183.64418029785156,185.06702994715167,178.30609844071228,178.30609844071228,6331100,CRM
2022-06-08,185.64598083496094,186.9903123746159,181.9171617397875,183.4970028444789,6226200,CRM
2022-06-09,183.60494995117188,189.07060176596357,183.1143162347691,184.99834790900147,8467700,CRM
2022-06-10,175.10716247558594,180.5041331121002,173.88057824001453,180.19013533372902,7855800,CRM
2022-06-13,162.91983032226562,169.4452527472788,161.96799971664467,167.3551633014831,10726200,CRM
2022-06-14,161.36941528320312,166.45238802309956,159.11249734766463,165.56923841026182,8576200,CRM
2022-06-15,165.39260864257812,168.2873442220702,161.59509395870086,163.6066949454499,7740700,CRM
2022-06-16,156.85557556152344,163.77349768066128,155.64860606611688,160.66288230166094,8090900,CRM
2022-06-17,160.20172119140625,163.1160867647635,155.20707338040262,155.58976709342159,13074600,CRM
2022-06-21,163.70481872558594,166.17761641235145,161.8109651285109,161.95816420122975,6736800,CRM
2022-06-22,164.31324768066406,167.25705032041185,161.13395041242737,161.61476192756194,5864500,CRM
2022-06-23,169.80836486816406,170.14199226591165,163.98944008765744,165.9225384995415,7258000,CRM
2022-06-24,182.43722534179688,182.9180517373192,173.24275499174604,174.3908360034692,12107100,CRM
2022-06-27,177.91360473632812,183.08488855804,177.08934364509327,182.62369164374,6170600,CRM
2022-06-28,168.2481231689453,178.9144955339855,168.2284936275647,176.9127015558452,6668600,CRM
2022-06-29,167.41404724121094,170.5246633909782,164.91181214452862,169.26864220031362,5430400,CRM
2022-06-30,161.9483642578125,164.36228863724048,158.0919905830722,161.95818651445038,9539400,CRM
2022-07-01,165.04916381835938,165.98136479803964,160.97691034098975,161.67360176848652,4561600,CRM
2022-07-05,168.97422790527344,169.12142698564665,161.52641261068663,162.9885062938688,4614200,CRM
2022-07-06,169.49432373046875,171.78067870304866,167.62992155052189,170.26953340669684,4085100,CRM
2022-07-07,173.33106994628906,173.6254531558,169.92607092920545,170.90733831227388,4000100,CRM
2022-07-08,172.2124481201172,173.30165565586344,169.60227294826345,170.78961322425687,2869200,CRM
2022-07-11,171.09378051757812,173.01707116532697,168.05184565854276,170.74052366280597,3689300,CRM
2022-07-12,163.21424865722656,170.13218852650257,161.2713429188917,168.98410718235215,7073000,CRM
2022-07-13,160.4274139404297,162.7333833656918,158.15086636662198,159.3676433429281,6225900,CRM
2022-07-14,158.02328491210938,158.68074720222316,154.69678924807596,158.01347762902978,6096100,CRM
2022-07-15,164.24456787109375,164.470255215937,159.18122370229787,160.64331774705326,6037700,CRM
2022-07-18,164.74497985839844,169.4059999142222,163.97959249969932,165.78512088570997,3818200,CRM
2022-07-19,170.55406188964844,170.8386377829451,164.66645826665825,167.71820007682618,4373400,CRM
2022-07-20,179.0322265625,180.06256028350822,172.32036142391468,172.80118781983896,5654000,CRM
2022-07-21,181.87791442871094,182.05453536966334,176.53981749885443,177.27576803205997,3886000,CRM
2022-07-22,179.05186462402344,184.04651212296454,177.54070443516767,181.60316586671502,3804700,CRM
2022-07-25,173.96888732910156,178.58085599656485,171.80029480269621,178.42384962215078,4407900,CRM
2022-07-26,167.26683044433594,173.81188153459996,166.57993135639325,173.79225199618568,3886500,CRM
2022-07-27,176.92250061035156,178.81633934900572,171.08396305688973,171.58440399931754,4960900,CRM
2022-07-28,177.89393615722656,178.47289522390875,172.63434300982303,175.06789661128826,4562100,CRM
2022-07-29,180.5728302001953,180.9653311689707,176.8440111050206,178.41404492602643,4751400,CRM
2022-08-01,179.5522918701172,181.7110770017571,176.3926098693442,177.903769942558,3997100,CRM
2022-08-02,180.3471221923828,181.67183912260302,176.06879588758903,177.42294964088507,4317900,CRM
2022-08-03,186.0973358154297,187.1080399276846,181.8975130062859,182.0545193664101,5786300,CRM
2022-08-04,187.68698120117188,187.99117163695664,183.74228287179227,185.02774050582426,3759700,CRM
2022-08-05,186.6076202392578,188.20709089755684,182.79049064035243,183.49700436837702,4090300,CRM
2022-08-08,186.19549560546875,190.7289463593005,185.53804822142908,187.5103903735481,3396800,CRM
2022-08-09,178.826171875,183.624568741569,176.45150662339458,182.81011502326993,5851700,CRM
2022-08-10,185.0768280029297,186.01885120895847,182.72179244728406,184.635260707865,4179200,CRM
2022-08-11,183.23207092285156,188.89398843084194,182.82976263862525,188.53092425741085,4175100,CRM
2022-08-12,186.33285522460938,186.46042477058575,182.03489946951194,183.13392907564022,3846200,CRM
2022-08-15,187.4809112548828,188.51124482276424,185.36137048203236,185.50856954770077,2768500,CRM
2022-08-16,186.03848266601562,187.27488917199744,182.86899315825627,185.99923855813708,3835900,CRM
2022-08-17,184.43902587890625,185.8814751723021,182.9769320722607,184.20351631419254,3181300,CRM
2022-08-18,184.4095916748047,185.037617240622,183.11432637769047,184.890418133776,2791600,CRM
2022-08-19,180.32749938964844,181.9662140154843,178.1785215655499,181.75033400748666,4346100,CRM
2022-08-22,173.66470336914062,177.20707934548702,172.76193914173038,176.62813516262923,5182900,CRM
2022-08-23,172.7030487060547,174.773523354801,171.63347091837204,172.5853014187358,5076800,CRM
2022-08-24,176.637939453125,177.8350868801092,172.76193621399855,173.36050992749063,11438800,CRM
2022-08-25,170.65220642089844,170.87789371631234,162.45861815577803,165.42204971028085,24025600,CRM
2022-08-26,162.13479614257812,172.99743263243616,161.54604473053087,170.70127068225437,11074700,CRM
2022-08-29,157.2088623046875,162.71377321238822,157.0518559216235,161.2026129780649,9329900,CRM
2022-08-30,156.67893981933594,160.780644705259,155.41311165648037,159.10267112171096,8079400,CRM
2022-08-31,153.1954803466797,158.19014340017392,153.0482962079424,156.79673034634175,9166100,CRM
2022-09-01,150.65399169921875,152.42027611903376,148.04381666621174,151.9688865000437,9924000,CRM
2022-09-02,150.8109893798828,155.697696848471,150.094668368988,153.52910427532373,7315700,CRM
2022-09-06,148.8778839111328,151.537110051412,147.9947492831109,150.01615763348,6373700,CRM
2022-09-07,150.40866088867188,151.1740482374659,147.66110926515262,148.45593343713475,6211400,CRM
2022-09-08,153.96083068847656,154.08840022658995,148.93674699167792,149.466639709264,6659200,CRM
2022-09-09,159.54425048828125,160.23113461994265,155.50143390797314,155.62900345133565,5642300,CRM
2022-09-12,162.52732849121094,162.55676531614233,159.69146623018452,160.62366728990102,6353400,CRM
2022-09-13,155.13836669921875,158.23915999936958,154.85379079630235,155.28555080558877,5463200,CRM
2022-09-14,157.27752685546875,158.62185830965112,155.0500458182645,155.61918266786938,6037300,CRM
2022-09-15,151.8805389404297,156.8457486722912,151.41934214972008,153.8627029149934,7012200,CRM
2022-09-16,148.6718292236328,149.35872843207753,146.75836064870927,149.0741524804754,9882300,CRM
2022-09-19,149.96710205078125,150.66379353624356,147.5826144270046,147.88681990540857,4874800,CRM
2022-09-20,146.99386596679688,148.74052081762903,146.06166489046893,148.17138390389286,5505700,CRM
2022-09-21,144.864501953125,150.42828596486027,144.74673969091515,148.38724810432163,6164400,CRM
2022-09-22,147.33729553222656,149.9965367997996,146.3560281228266,146.7092849891287,12405100,CRM
2022-09-23,144.25611877441406,147.03310738421536,142.07770389284488,145.29627482230552,9175800,CRM
2022-09-26,143.57904052734375,148.3578075537099,142.62721003522037,144.2462951136421,7862400,CRM
2022-09-27,146.10089111328125,147.78867210657023,143.52015326261065,145.59062791292732,7046600,CRM
2022-09-28,147.35693359375,148.05364008281006,142.94122999611218,143.26505005669335,7908400,CRM
2022-09-29,144.05987548828125,146.18922411049135,142.29359104017163,145.6691535470137,8602500,CRM
2022-09-30,141.14549255371094,145.8457715624875,141.05718208539193,143.27484091435016,7575600,CRM
2022-10-03,145.12942504882812,146.169580945243,141.20435592001112,142.26412638154576,6819900,CRM
2022-10-04,152.8127899169922,154.47113445640676,148.3872786988086,148.85828292590566,8017900,CRM
2022-10-05,153.3033905029297,154.0197264330904,149.09376025275722,149.34888436784456,4256200,CRM
2022-10-06,152.54782104492188,155.28555022380243,151.54692420650338,152.80294515265763,3853900,CRM
2022-10-07,147.4746551513672,150.30070975181152,146.4737732911687,148.95637834924352,5956700,CRM
2022-10-10,142.91175842285156,148.13210726048408,141.8716175573104,147.7984650236721,5497800,CRM
2022-10-11,139.8992919921875,142.25432762138675,136.9064236075729,141.80293805643203,7415000,CRM
2022-10-12,139.62454223632812,140.7530088147877,136.96531576761396,139.6441717782279,5707100,CRM
2022-10-13,142.7155303955078,143.59866504989037,135.01257545969125,136.35692195427833,6548600,CRM
2022-10-14,139.55584716796875,144.93318818659782,139.33996714779096,144.57012404945874,5736300,CRM
2022-10-17,144.4229278564453,146.20884170047486,143.20616587062068,143.33373542318057,6288200,CRM
2022-10-18,150.65399169921875,155.99208906890271,149.0545209505872,153.5192908811617,16354800,CRM
2022-10-19,150.79135131835938,153.02863967022364,147.81811245672523,149.01525981712032,6220500,CRM
2022-10-20,154.54959106445312,158.27840958948707,150.7226547987038,152.09642295231896,9203400,CRM
2022-10-21,157.1696014404297,157.4247255803014,151.91982970796892,154.54961921618582,8335500,CRM
2022-10-24,157.640625,158.54340431694098,155.4327730253616,158.16069560063403,6259200,CRM
2022-10-25,162.174072265625,162.9198301217808,158.66113307126645,158.67094035529846,5804500,CRM
2022-10-26,156.91444396972656,161.04557056069802,155.72710405128532,156.80650397714098,6617500,CRM
2022-10-27,156.75747680664062,161.5755036309513,156.33553898566532,158.7690780951506,4987700,CRM
2022-10-28,159.9662322998047,160.03491323897921,155.20707892796594,156.5219737865726,5055400,CRM
2022-10-31,159.54425048828125,160.92784100752493,157.98403903787508,159.08305364853334,4878100,CRM
2022-11-01,156.82620239257812,162.59604597025154,156.6495664303364,161.90916161254708,4545900,CRM
2022-11-02,147.19993591308594,156.77711653184545,147.1508845152399,156.5219773928661,7238200,CRM
2022-11-03,143.58885192871094,147.60223176334244,143.3926014549325,146.20883393467886,5999400,CRM
2022-11-04,137.1517333984375,144.1972253578701,133.49159562400578,143.75565807169392,14265300,CRM
2022-11-07,141.8814239501953,142.2150512119669,136.1704565075216,137.98579188336078,7379900,CRM
2022-11-08,144.34445190429688,148.7208964683309,142.36228740766506,142.37209469217512,9101800,CRM
2022-11-09,139.39883422851562,143.58884991175768,139.28108694049283,143.11784578671526,5588500,CRM
2022-11-10,153.37210083007812,153.44078176358286,146.9251666898993,148.17138050645315,8777900,CRM
2022-11-11,154.7753143310547,156.92429249269708,152.665595253188,153.5585522471683,7382500,CRM
2022-11-14,155.68788146972656,157.1597824959104,151.7529898103728,152.90108578699352,6580100,CRM
2022-11-15,159.03402709960938,162.15445048778787,157.73874684364236,159.63258588622492,8116100,CRM
2022-11-16,152.21420288085938,157.80743935465486,150.94837445157128,157.00279285425927,6454700,CRM
2022-11-17,146.88589477539062,148.91711016552742,145.5611780192081,147.376528392799,7357900,CRM
2022-11-18,145.26683044433594,149.46666901341973,142.92160177746428,148.99564984478488,7555700,CRM
2022-11-21,142.1365966796875,144.57994305708976,140.71374689323918,143.28467780394033,8015900,CRM
2022-11-22,146.4541473388672,146.58171688166246,140.24272341377116,142.4800117029208,7017700,CRM
2022-11-23,149.38815307617188,150.04560043174,144.78600661424286,144.85468754571457,5558900,CRM
2022-11-25,150.4773406982422,151.15440253211014,148.54424299322096,149.22131980003908,3023700,CRM
2022-11-28,150.8109893798828,152.41046003617816,149.15264507515118,149.15264507515118,7931700,CRM
2022-11-29,148.83863830566406,151.13481549769315,148.42650777708266,149.8591648294443,6398100,CRM
2022-11-30,157.24810791015625,157.24810791015625,147.31768616764296,147.92606719161344,14591500,CRM
2022-12-01,144.24632263183594,144.82526686385617,139.41848832417793,144.78602275191997,33721500,CRM
2022-12-02,141.8520050048828,142.48983776293676,140.10535032852837,141.58705862929267,15086700,CRM
2022-12-05,131.421142578125,141.6852067078012,130.39082373252418,140.12499505359415,20294600,CRM
2022-12-06,130.7735137939453,132.0295348988775,128.45772207429798,130.22400643215656,16981800,CRM
2022-12-07,128.03578186035156,131.24453084426082,127.58440718585365,130.0179464438472,12915900,CRM
2022-12-08,127.69232940673828,128.99741682355304,124.64057975864633,126.02416287641964,15156900,CRM
2022-12-09,128.6539764404297,130.87163549530285,125.95549094302936,127.30964482034251,10287500,CRM
2022-12-12,130.61651611328125,131.57815406046865,128.49697474266304,128.6441738498456,11852400,CRM
2022-12-13,133.07948303222656,137.25969183426747,131.52907870810725,134.81633056227105,12579800,CRM
2022-12-14,132.22576904296875,134.69856683827646,130.73423855039178,132.48089315141647,9611800,CRM
2022-12-15,127.99650573730469,131.60756212202423,127.25073302567102,129.20346029304025,10807300,CRM
2022-12-16,125.86717987060547,127.44702106235019,124.51302599969486,126.50499772324866,15464700,CRM
2022-12-19,126.59330749511719,127.15263712492715,124.81721581806245,125.37653796139594,9441400,CRM
2022-12-20,126.04379272460938,127.55495288375266,124.80740120863474,125.11159170259224,8455500,CRM
2022-12-21,127.85914611816406,129.68430409398044,124.22845222062047,125.56297649296957,9313200,CRM
2022-12-22,126.76995849609375,127.113393158386,123.97333996038195,126.25969517236975,9968600,CRM
2022-12-23,127.01525115966797,127.42738165958308,125.19990053039612,126.31854473672337,5821300,CRM
2022-12-27,128.21238708496094,129.28196483238105,125.25877046012953,126.15171979674469,8300800,CRM
2022-12-28,126.06343078613281,128.68341308683895,125.76904755587248,127.2802078171641,6249800,CRM
2022-12-29,130.05715942382812,130.45948260436575,127.07411346419543,127.2703639266929,7628800,CRM
2022-12-30,130.1062469482422,130.15531331508623,127.91802473816426,128.16334159943162,5630200,CRM
2023-01-03,132.2552032470703,134.38455145510514,130.53798550127283,132.6575264267367,8196400,CRM
2023-01-04,136.97509765625,139.19277131820235,135.04199989374584,138.57456813308102,14322600,CRM
2023-01-05,133.7860107421875,135.9938626730612,131.72535792381123,135.06166151906092,8493500,CRM
2023-01-06,137.8778533935547,138.99649743924243,133.01077630713948,135.0027475904874,9145700,CRM
2023-01-09,144.34445190429688,146.40510462291599,139.91892599885227,139.91892599885227,13679700,CRM
2023-01-10,144.6780548095703,146.48358306930118,142.87252654983942,143.07858430041094,6527700,CRM
2023-01-11,142.1856231689453,144.285534553453,140.8707286046074,142.5585095274398,13595000,CRM
2023-01-12,146.79762268066406,147.01350272657606,141.24364508666193,145.07058231336802,11678000,CRM
2023-01-13,146.7092742919922,147.15085657238666,143.35334179329246,143.46128179937423,8378100,CRM
2023-01-17,145.6887969970703,147.67096167656206,143.36319765260265,146.7976341400905,9407600,CRM
2023-01-18,142.725341796875,146.7387219104623,142.56833541775876,146.0714672586469,7812600,CRM
2023-01-19,143.66734313964844,143.93227451934195,140.47822454443667,140.83148135697812,7070100,CRM
2023-01-20,148.41668701171875,148.69144067248283,141.5968819089111,141.5968819089111,10127100,CRM
2023-01-23,152.9501495361328,154.91268439630446,150.35960411962435,154.40243611318581,19922900,CRM
2023-01-24,151.9590606689453,157.2088469201344,151.60580382809772,152.97957211308764,6390200,CRM
2023-01-25,153.24453735351562,153.47022467677397,147.01349796945624,148.37745913924448,9390500,CRM
2023-01-26,161.99742126464844,162.07592444845605,155.1383721535429,155.22668262046972,13354600,CRM
2023-01-27,161.4381103515625,164.10715877011862,160.5353461766026,161.95818085482253,9872300,CRM
2023-01-30,161.66380310058594,163.32214739149342,160.3390861300042,160.9965484599344,8169800,CRM
2023-01-31,164.82350158691406,164.86274569843678,161.20262215108136,161.20262215108136,6421300,CRM
2023-02-01,168.6013946533203,169.83778635424255,163.8716779587503,164.5879990651847,8853900,CRM
2023-02-02,171.36854553222656,175.48986579548531,169.66113479228306,172.4185088825532,10667100,CRM
2023-02-03,167.8359832763672,171.80031228243516,166.6780948363966,166.8351012267852,6481700,CRM
2023-02-06,165.8832550048828,167.9635370769621,164.21510343918044,164.85292125246448,4310600,CRM
2023-02-07,168.07147216796875,168.51303948523392,163.4889553950224,164.4309786484129,6179200,CRM
2023-02-08,166.45236206054688,169.21952781407643,166.05984619174697,166.81542613785604,7694500,CRM
2023-02-09,170.40689086914062,172.0946719017924,168.78779076476172,170.08307084826484,11512300,CRM
2023-02-10,163.90109252929688,166.56033376985667,162.23294094485286,164.51929578228376,11273700,CRM
2023-02-13,167.87521362304688,167.95371680480275,163.822574830986,165.1276621533946,8820300,CRM
2023-02-14,166.7761993408203,169.55317266433048,164.70572470855183,165.06878882352964,8393100,CRM
2023-02-15,167.89483642578125,168.39527734482752,165.08841142564359,165.68698506118537,4997000,CRM
2023-02-16,164.9608612060547,167.1785201128125,164.81367708702618,165.82438129889408,7483500,CRM
2023-02-17,162.07591247558594,163.97957336667687,159.69144020700003,161.93853565730876,8084500,CRM
2023-02-21,158.5924530029297,161.42831555848161,158.42563932000948,160.67275034283495,5210800,CRM
2023-02-22,160.29986572265625,161.90914388722322,159.07328129926822,160.05454883797864,4343700,CRM
2023-02-23,161.04562377929688,162.37034094670412,158.54340353212336,162.1937050036711,4679400,CRM
2023-02-24,159.16156005859375,159.34800324945775,156.66914759518133,157.58171903726122,6569900,CRM
2023-02-27,160.08395385742188,161.6834244190485,159.18118969794315,160.77083800344357,6891200,CRM
2023-02-28,160.54513549804688,161.369396395189,158.504097819683,159.485365070457,6912600,CRM
2023-03-01,164.2151336669922,164.8333220538742,159.92698420870508,159.93680646708654,15841200,CRM
2023-03-02,183.0946502685547,190.27753363473505,181.7306894072215,189.50232413218646,37712500,CRM
2023-03-03,182.9376678466797,186.21511222838953,180.83775628246892,184.5469607008682,12087200,CRM
2023-03-06,180.35694885253906,185.45953627395156,180.19013519338554,181.6031626273356,10770300,CRM
2023-03-07,179.8859405517578,182.67273627504989,179.6013646310344,181.0045847490202,9024300,CRM
2023-03-08,179.5228729248047,181.43634141446023,178.39442137199447,179.86632251372222,6749100,CRM
2023-03-09,175.37210083007812,180.39618483750874,175.19546492231146,179.67005658599967,7102400,CRM
2023-03-10,169.93589782714844,176.0001387403944,168.49344838266302,175.15624809463375,14109000,CRM
2023-03-13,172.2222442626953,173.78247088314126,166.8154660190469,167.79673346621777,9154800,CRM
2023-03-14,179.46397399902344,181.83863904314103,175.75478484210953,176.6281121309501,10138100,CRM
2023-03-15,179.4835968017578,180.41579769732056,174.87164370822373,175.80384460378647,7716900,CRM
2023-03-16,183.79139709472656,184.13483171979107,179.55231450721476,179.86632727945405,8369500,CRM
2023-03-17,181.3872833251953,184.14464229990003,180.72982099662994,182.5549789439115,10493300,CRM
2023-03-20,181.77978515625,182.04473154566548,179.22848393680596,180.7592736522437,5513200,CRM
2023-03-21,185.14552307128906,185.73428949164958,181.42652626910294,182.38816411426987,6982000,CRM
2023-03-22,183.01614379882812,187.85379897901535,182.9180260606049,186.44077178664466,6575600,CRM
2023-03-23,183.9287567138672,186.99030609171155,182.1035988217788,183.88949763453746,8685000,CRM
2023-03-24,186.49966430664062,186.754803392342,182.60403185126384,183.0063550456768,6102700,CRM
2023-03-27,187.6771697998047,188.51125295572922,185.37120073433988,185.3810080166278,7776500,CRM
2023-03-28,188.69773864746094,189.21780921195446,187.59870889262734,187.59870889262734,4899000,CRM
2023-03-29,192.95643615722656,193.7316308762739,189.2668758324618,189.52199998632284,8085200,CRM
2023-03-30,192.91717529296875,194.4577573127658,191.8279678887241,194.0652563450722,6932500,CRM
2023-03-31,196.03759765625,196.25347767953366,193.29986823071943,193.79050192491826,6634300,CRM
2023-04-03,192.80923461914062,195.20351447057712,191.86721133777627,194.5068230093694,5340800,CRM
2023-04-04,193.5059051513672,194.9778060753983,192.93676833065442,194.43810607533013,4659100,CRM
2023-04-05,191.65133666992188,194.5755093778867,190.1009323555103,194.29094841527657,3953700,CRM
2023-04-06,188.94302368164062,190.43455418642375,186.04828810948555,190.36585828765405,6304700,CRM
2023-04-10,187.9028778076172,188.94301873411544,185.7342705195223,187.01972826728715,5263800,CRM
2023-04-11,185.3516082763672,186.89220536191925,183.8012039065653,185.51842194633312,4907700,CRM
2023-04-12,186.75482177734375,188.29540383434042,185.97961213394495,186.73519223659943,5033400,CRM
2023-04-13,190.385498046875,190.73875489663115,186.8823663723807,186.8823663723807,4716400,CRM
2023-04-14,191.00367736816406,191.5139405657063,187.6085008343605,188.256140857439,5073800,CRM
2023-04-17,193.38816833496094,193.81992835838233,191.37656730199376,191.50413684699134,5413500,CRM
2023-04-18,194.78158569335938,196.37123414545653,193.36855819240515,195.35072260196333,4679000,CRM
2023-04-19,195.19371032714844,195.3409094216105,192.0634649107881,192.6227945184297,3665100,CRM
2023-04-20,193.8101348876953,196.3319995022577,193.13307290271717,193.48631482203436,3620000,CRM
2023-04-21,195.30165100097656,195.389961474181,192.78960883236738,193.3391161851316,4860100,CRM
2023-04-24,191.2686309814453,195.04651628622244,190.42474045748492,194.73250354570158,4449700,CRM
2023-04-25,187.0982666015625,190.4836363765433,187.05902249088433,190.3364522453085,5010000,CRM
2023-04-26,187.9323272705078,190.7289302373036,187.0001262815759,189.01171237292053,4007600,CRM
2023-04-27,192.26953125,193.81011323798205,189.64954916372344,190.53268380927219,4794400,CRM
2023-04-28,194.65399169921875,194.92874534847326,191.6120720187722,192.4755770708788,4094600,CRM
2023-05-01,194.0848846435547,195.32129122787217,193.42743724103101,194.05544781754267,2882900,CRM
2023-05-02,190.2088623046875,194.69326134660918,189.3159054096554,194.31056767344566,6051000,CRM
2023-05-03,189.0019073486328,192.12233037533332,188.95284098590227,190.5719411183002,3779900,CRM
2023-05-04,188.77621459960938,190.91537020177054,187.18655133613646,188.30519549853156,4386500,CRM
2023-05-05,193.88861083984375,194.39887405097224,189.62991416187708,190.31679830784728,4284400,CRM
2023-05-08,194.1928253173828,196.7441267153416,192.40692631717425,194.99747182563019,4169400,CRM
2023-05-09,197.411376953125,199.98230783483822,193.09380619403782,193.09380619403782,6996800,CRM
2023-05-10,201.0126190185547,202.41582411678098,199.23651256974443,201.10092948495677,6535600,CRM
2023-05-11,199.65847778320312,199.98229781986092,194.83064400321385,199.10897043843312,5366300,CRM
2023-05-12,198.0295867919922,200.13932084763124,196.38106462052772,199.619235310612,4733600,CRM
2023-05-15,199.52110290527344,201.55231864412374,198.6870196233062,199.93323341789593,4518200,CRM
2023-05-16,200.7280731201172,201.81728062078798,197.97071389964108,198.14733485885358,4423200,CRM
2023-05-17,205.45777893066406,205.56571894669617,200.96357231225494,202.63172394578956,5772200,CRM
2023-05-18,209.32398986816406,209.8734972713919,205.40872716073508,205.57554083864682,5165500,CRM
2023-05-19,206.4193878173828,209.24544240521482,205.99743509655622,208.97068876172565,6091600,CRM
2023-05-22,206.3212890625,208.83334631684264,205.12414157325134,205.25171113335338,3890800,CRM
2023-05-23,202.76910400390625,205.71290633553843,202.60229033520145,203.84850418135255,4256800,CRM
2023-05-24,205.14378356933594,206.27225019139283,201.57197042620572,202.18035149202254,4894000,CRM
2023-05-25,205.9778289794922,208.3524941230176,204.53536480553586,208.04830364617465,6496700,CRM
2023-05-26,211.4042205810547,212.10091194978423,208.568358802718,208.8136756173594,6933300,CRM
2023-05-30,214.77000427246094,217.97875306048633,211.68882504563615,215.16252024040392,10421000,CRM
2023-05-31,219.1955108642578,220.78515921929213,212.99389387161457,215.43725502390407,19624000,CRM
2023-06-01,208.91180419921875,211.32572836863918,202.19993939588034,204.31948037786643,20907400,CRM
2023-06-02,209.0393829345703,212.09112500019157,206.4880818285317,208.91181338738292,11026900,CRM
2023-06-05,205.9287872314453,208.3427117415689,203.1812353825181,206.5273609736296,7804400,CRM
2023-06-06,208.86276245117188,209.40244751793205,204.46667392129405,204.64330983108678,6796000,CRM
2023-06-07,201.8761444091797,212.60140521711267,200.94394334421875,210.85475038757875,9323900,CRM
2023-06-08,205.60496520996094,206.43904852194373,201.01264078437634,201.53271132899292,5548600,CRM
2023-06-09,211.27667236328125,214.56392400033008,206.74322196264043,206.74322196264043,7676700,CRM
2023-06-12,209.68702697753906,216.26151537093367,208.1660595573701,212.100936326185,11568300,CRM
2023-06-13,205.0652618408203,212.17945065669284,204.02512076824104,211.46312963041794,11698900,CRM
2023-06-14,205.47738647460938,207.74412673379638,201.1794454671462,203.80923489809933,8963400,CRM
2023-06-15,207.95016479492188,209.3337552839296,203.48539557726582,204.05453240904808,7905400,CRM
2023-06-16,207.79318237304688,209.64777718814773,206.65492355129393,209.5398371735989,13672700,CRM
2023-06-20,212.90557861328125,212.98408179821462,204.7021829496394,204.7414270556303,9522900,CRM
2023-06-21,205.66383361816406,213.72004567173303,204.1723179300523,212.46402458019026,7971600,CRM
2023-06-22,209.29452514648438,209.9519875057771,205.17320490376775,205.70309770484656,5689800,CRM
2023-06-23,206.1544647216797,207.04742165026758,204.1723153518094,206.55678794967454,14037600,CRM
2023-06-26,203.47560119628906,207.78336432529565,203.46579391291175,205.1045086140241,4771500,CRM
2023-06-27,204.90826416015625,206.5371566528293,203.63261355487202,204.24099454708897,4014800,CRM
2023-06-28,208.1955108642578,208.22494768960973,203.71112645119803,204.5059506816057,4775900,CRM
2023-06-29,206.4880828857422,208.66649761758737,205.79139144665527,207.93054709934106,3838300,CRM
2023-06-30,207.30255126953125,209.84404528529484,207.0081830197483,207.89131771500257,5984200,CRM
2023-07-03,207.68524169921875,207.98944717412888,205.98765326938732,206.62548607077022,2400000,CRM
2023-07-05,209.8146209716797,210.59962298184797,206.15448246962666,206.54699844766438,5069300,CRM
2023-07-06,206.20352172851562,208.51931328913895,203.93679653031535,207.24366273089743,4250900,CRM
2023-07-07,205.66383361816406,208.13663169280562,205.35964311562748,205.84046953854326,3022200,CRM
2023-07-10,208.82350158691406,208.8823752320245,204.41762078436824,205.0848753928882,3820100,CRM
2023-07-11,217.02694702148438,218.18485054194875,213.17057265198204,217.90027456132023,10028100,CRM
2023-07-12,223.02244567871094,223.81726984925655,217.45866151193988,217.74322245989444,8923500,CRM
2023-07-13,226.05453491210938,226.6334939775568,223.3364353702019,223.98406038527415,5800300,CRM
2023-07-14,225.03404235839844,227.8502748513688,223.87613910365133,225.3971064852409,4278700,CRM
2023-07-17,223.72897338867188,225.96626192472237,223.54253018184224,224.94575038859253,3557900,CRM
2023-07-18,223.36590576171875,225.3186183287065,221.24636455851018,222.79676886606353,5092700,CRM
2023-07-19,229.97962951660156,233.7575148934411,226.89845056298753,229.59693583988667,8516300,CRM
2023-07-20,223.88597106933594,229.12593533312457,223.0617100560786,226.77089958868874,5303000,CRM
2023-07-21,223.78785705566406,226.48634260109586,223.0322769105162,225.69151834520486,3529700,CRM
2023-07-24,221.43276977539062,223.3266083684466,219.35247303743625,223.00278838131763,5363200,CRM
2023-07-25,221.79586791992188,223.25796172758706,220.9716069022774,221.6486837999683,3203700,CRM
2023-07-26,221.3543243408203,223.24816342789615,218.9403997038759,220.25530953269148,4856700,CRM
2023-07-27,220.9323272705078,225.8288565025016,219.81368314406035,223.76818917712166,4299600,CRM
2023-07-28,221.37393188476562,223.05189075736558,219.78426851188658,221.76643285639247,4238700,CRM
2023-07-31,220.7949676513672,221.1580467633572,217.5960413847448,218.18480780157316,5571900,CRM
2023-08-01,220.06881713867188,220.5986948819197,217.478272117676,219.69593078082497,4212600,CRM
2023-08-02,216.36947631835938,218.67546085333726,214.7013246202461,217.82174797605114,5127000,CRM
2023-08-03,211.5220184326172,214.12238627329683,210.58001002402554,212.15002902932952,5515200,CRM
2023-08-04,210.57017517089844,213.18035014011576,209.0786594510195,212.3560890886638,4800400,CRM
2023-08-07,212.01263427734375,212.82708802466087,210.35428995823622,211.27668371960627,3615200,CRM
2023-08-08,207.61656188964844,210.1776704469863,207.18480183048766,209.5496598990122,4843800,CRM
2023-08-09,202.00372314453125,207.6950774981259,201.0715220372161,207.6852552406788,7847500,CRM
2023-08-10,204.3489532470703,206.3997986921515,202.57286149927495,204.2802573362721,4004700,CRM
2023-08-11,204.79049682617188,205.57551371561902,201.65044424133512,202.2686474748794,2930800,CRM
2023-08-14,208.08755493164062,208.12681401107577,203.24009175507177,204.00547910158772,3304700,CRM
2023-08-15,204.86900329589844,208.39174961201974,203.946609558986,206.38997073615073,4076400,CRM
2023-08-16,203.11251831054688,205.7619369541266,203.07325923475884,204.10359286641494,2759600,CRM
2023-08-17,200.0215606689453,203.05367360590637,199.579993295021,202.70043168512976,4062700,CRM
2023-08-18,200.99301147460938,201.65045886246745,196.44973843736068,197.2053185583719,4267200,CRM
2023-08-21,205.11431884765625,205.4970125261995,200.3944251546388,202.1410798898313,4023300,CRM
2023-08-22,202.88682556152344,206.17407707057464,202.14106778906884,205.91895295780225,3153200,CRM
2023-08-23,205.2124786376953,207.03763680058904,203.25975090747954,204.1036415628595,3833200,CRM
2023-08-24,201.66024780273438,208.01887101423907,201.59156687413696,207.05721823026335,3960300,CRM
2023-08-25,205.5460968017578,206.841362067797,201.6308342316615,201.66027105773378,3068800,CRM
2023-08-28,207.75392150878906,209.4809466293299,205.7128836538128,206.5077078000444,4086900,CRM
2023-08-29,207.9894561767578,208.48008990384938,202.65135883032903,202.87704615236427,5850400,CRM
2023-08-30,211.01170349121094,211.55140347493608,205.50679360311455,207.80297035451332,9946000,CRM
2023-08-31,217.31149291992188,224.50417004812263,217.0563538039246,223.72897536194148,19268400,CRM
2023-09-01,217.3801727294922,219.7744676561206,216.38909801472832,219.31327076584614,5600900,CRM
2023-09-05,214.59336853027344,216.19283917190575,213.53359794927954,215.22137906275663,5807300,CRM
2023-09-06,217.46844482421875,218.04740388560822,214.91715893839012,215.35872620969218,5066700,CRM
2023-09-07,218.3614501953125,218.55770069588485,215.2017677253514,215.65315735232588,4201900,CRM
2023-09-08,220.54966735839844,221.2463738381669,218.685265186775,219.1366548032797,4578900,CRM
2023-09-11,221.08935546875,222.5808861089771,218.61655742865418,221.77623965406764,4418000,CRM
2023-09-12,217.50770568847656,220.57906204822768,217.1151897984627,219.26416750581922,4002300,CRM
2023-09-13,214.70130920410156,217.70398503969568,214.2106755061822,217.0367154245902,4173600,CRM
2023-09-14,214.68165588378906,216.43813271263124,214.24989588177309,215.30966634864396,4297200,CRM
2023-09-15,210.5897979736328,215.08400447648742,209.46134644927326,214.76999172048514,9939000,CRM
2023-09-18,210.9724884033203,212.32664218999793,210.16784195820694,210.54072835696212,4279400,CRM
2023-09-19,211.65939331054688,212.0126502037156,208.28383076981322,210.37393530214095,4001500,CRM
2023-09-20,209.0393829345703,213.11163645883607,208.9314429268621,211.16873129303988,2990900,CRM
2023-09-21,204.70217895507812,207.92073460978125,204.17230118330744,205.86988947712888,4957300,CRM
2023-09-22,202.56300354003906,205.7913813735764,202.02331849810292,205.38905818311963,3848300,CRM
2023-09-25,202.47471618652344,202.66115939230636,200.05098445725037,201.15982143504203,4067300,CRM
2023-09-26,198.69683837890625,202.57284155896713,197.50949825376227,201.62101099672293,5404500,CRM
2023-09-27,198.93231201171875,200.1098297562643,197.17585016393957,199.18745108788644,4123800,CRM
2023-09-28,199.39353942871094,201.30700792883218,195.81191928676483,196.99924449606578,4344000,CRM
2023-09-29,198.98138427734375,203.89752811891222,198.31412969237516,201.23830208894208,4405100,CRM
2023-10-02,199.89398193359375,201.26775025830875,196.7637366369734,197.0384903019164,3745700,CRM
2023-10-03,196.086669921875,199.75661545519927,193.72181185115306,198.95196898547877,4622400,CRM
2023-10-04,198.08843994140625,198.94215273814947,195.77264834051022,197.11699482411316,3656400,CRM
2023-10-05,198.225830078125,198.36320692074727,194.77177947134982,198.2160227939923,3592600,CRM
2023-10-06,203.47560119628906,204.36855809103014,196.14553278943305,196.7244769406799,4989200,CRM
2023-10-09,203.33822631835938,204.37836733851447,200.85562106143766,201.0518715415317,2781100,CRM
2023-10-10,203.00462341308594,205.30078574946333,202.39622738680671,203.75038131628997,4503500,CRM
2023-10-11,202.9751434326172,205.2811125633844,200.58084886695727,203.348014818468,3971000,CRM
2023-10-12,201.8270721435547,204.67275659435572,199.46222908315656,203.9368060425377,3548500,CRM
2023-10-13,200.75750732421875,203.2597423577175,199.4033684024179,201.2677705990897,3677500,CRM
2023-10-16,204.62368774414062,205.56571102712422,201.19905916101592,201.98407606801024,3623200,CRM
2023-10-17,205.9091339111328,207.96980130309518,202.14107093955428,202.62189732379917,4006100,CRM
2023-10-18,200.99301147460938,205.7030981798561,200.36500091210667,204.96714760006608,3380800,CRM
2023-10-19,204.41761779785156,206.99834069951322,201.67987355660375,202.58263770532756,4995900,CRM
2023-10-20,199.91358947753906,204.21154518565785,198.33374847314,203.47559468621017,5539100,CRM
2023-10-23,198.2160186767578,199.75661571190628,194.14376487629258,196.15535110727384,4564100,CRM
2023-10-24,200.39443969726562,200.80657022922423,197.16606140416044,199.91361325683744,3959600,CRM
2023-10-25,193.36854553222656,199.9234193496157,191.76907492781757,199.39352658497447,4490000,CRM
2023-10-26,192.57373046875,195.91985595218696,190.05186602158153,193.7218115491852,5149100,CRM
2023-10-27,192.8877410888672,194.59513679177172,191.7494673049626,193.6040621024656,3168600,CRM
2023-10-30,195.53717041015625,196.822628383557,193.38819228297962,195.27222400425626,3438300,CRM
2023-10-31,197.0679473876953,198.12771804984936,194.93859877897074,196.66562413232182,3425400,CRM
2023-11-01,200.09022521972656,200.65936206892152,196.73429274174347,197.15623050739853,3593600,CRM
2023-11-02,204.21156311035156,204.3587472339797,202.092021892391,202.4452787620511,4963600,CRM
2023-11-03,203.58355712890625,206.24278350846774,203.31861072747867,205.4675888183796,3861900,CRM
2023-11-06,203.53448486328125,204.57462592465077,200.8556290201188,204.30969450385456,3729700,CRM
2023-11-07,207.8716583251953,209.3435592545668,205.04561872240845,205.57549646888393,5467100,CRM
2023-11-08,207.5086212158203,208.53895499500854,205.72270733550036,208.4408222644373,3433500,CRM
2023-11-09,206.07595825195312,209.57909000543225,205.15357948680304,209.56928272183933,4731400,CRM
2023-11-10,209.628173828125,210.25618440827134,204.92789427496064,205.47740166096952,4112600,CRM
2023-11-13,211.2472381591797,212.0911286960717,207.79317282527836,208.588011972045,3306600,CRM
2023-11-14,217.0367431640625,217.1054390775683,213.86725326283747,214.89758715474557,4743800,CRM
2023-11-15,215.3096923828125,217.22316082952253,213.58266713887593,216.6147798292743,4800700,CRM
2023-11-16,217.3016815185547,218.59696178553335,214.83870552192255,215.87884666015802,3712300,CRM
2023-11-17,217.07594299316406,218.6165247950551,216.25168209382298,217.02687663590444,3634900,CRM
2023-11-20,220.91273498535156,221.8645655630491,216.48720942000776,217.28203361988972,4599300,CRM
2023-11-21,220.11790466308594,221.73698984203781,219.35250233576204,219.80389191618877,3852300,CRM
2023-11-22,219.64691162109375,221.46226246886624,219.02872328329016,220.09830125511328,3893600,CRM
2023-11-24,220.1768035888672,220.28474361138692,217.9591294849076,220.15717404669442,1869100,CRM
2023-11-27,220.57911682128906,221.98233714548493,220.0492389543816,221.27582334097235,4885500,CRM
2023-11-28,220.70664978027344,221.3052234605626,218.06703822248932,219.42119195201758,5535300,CRM
2023-11-29,226.03494262695312,227.16339410307933,223.00281510159834,224.32753202831316,12327400,CRM
2023-11-30,247.1812286376953,247.76999501106036,239.08577335515574,244.38462579658852,24425700,CRM
2023-12-01,255.1295623779297,258.495302879205,245.02250364298234,245.31688690185547,14538200,CRM
2023-12-04,245.96449279785156,250.34093706540133,245.16966859073324,248.0644044581583,11429200,CRM
2023-12-05,246.31773376464844,246.95555155135003,243.9823126862277,245.30702959454817,5771500,CRM
2023-12-06,244.463134765625,249.22227233335454,244.18838111100334,246.80836308589986,5374800,CRM
2023-12-07,244.1884002685547,246.03317281246535,242.2651095623621,244.09026753865467,6568200,CRM
2023-12-08,246.11167907714844,247.36770017621112,243.35432002416,243.89402009944925,4605800,CRM
2023-12-11,247.37753295898438,248.77093095714122,245.03230432562236,245.31686530127243,4766000,CRM
2023-12-12,251.6460418701172,251.77358148017345,246.3177519928883,247.0831393827517,5827600,CRM
2023-12-13,252.49974060058594,254.26600998451366,250.38019937232949,252.68618380672228,6567600,CRM
2023-12-14,252.39178466796875,253.92255944722112,248.47653724556233,251.69509318474744,6613200,CRM
2023-12-15,256.6994934082031,257.3961847025091,249.74229790872832,250.23293148559955,13739500,CRM
2023-12-18,258.6523132324219,260.6148483576234,254.81555346914382,254.95294530194448,7498500,CRM
2023-12-19,259.3882141113281,261.58624344692157,258.7994476976074,260.49705103555635,4665500,CRM
2023-12-20,255.37481689453125,259.95734839886427,255.20798827598264,256.7584073922519,4510500,CRM
2023-12-21,262.2436828613281,263.3328751775709,259.29005874014547,259.79051463998735,5160700,CRM
2023-12-22,261.3507080078125,263.12679928188,260.33018171327626,262.25348702719054,3110600,CRM
2023-12-26,261.2330322265625,261.5372227526047,259.6629982543371,260.55595526320224,3218800,CRM
2023-12-27,261.7236022949219,262.0081781824664,260.4283223370295,260.95821503724,3387000,CRM
2023-12-28,260.6050109863281,261.9199357963585,260.3302572825698,261.5077902677671,2958700,CRM
2023-12-29,258.210693359375,260.67365393502786,257.7298520160645,260.04565843085123,3706600,CRM
2024-01-02,251.33201599121094,255.67902324848177,249.01622440165653,255.65940868162878,4741400,CRM
2024-01-03,247.12237548828125,249.39892301626773,247.05369455703192,248.75128294644895,5097100,CRM
2024-01-04,246.5336456298828,247.90741410470187,245.15986218211034,247.11258984620275,4489800,CRM
2024-01-05,246.41586303710938,249.15360744952466,245.48366200797795,246.50418848195824,3676000,CRM
2024-01-08,255.9832305908203,256.660307515621,246.68081951348466,247.48546599598777,6626000,CRM
2024-01-09,256.4444274902344,258.9859065496181,253.93238525602092,254.63889900601256,4571800,CRM
2024-01-10,259.18212890625,261.46846846994595,257.8279752818367,258.3382234818893,5128300,CRM
2024-01-11,266.2963562011719,267.8467455425782,260.13399802523804,262.97966754305276,9012600,CRM
2024-01-12,266.8360290527344,270.08402165560426,265.9823312311691,266.149159860464,4847600,CRM
2024-01-16,264.14739990234375,266.4828213364538,262.7049354839762,264.64785590848373,5858700,CRM
2024-01-17,266.3551940917969,266.8065686578001,259.18213263800436,263.26420813490137,4706500,CRM
2024-01-18,269.3186340332031,270.5256036790429,267.04211649328533,267.8859920576016,4752400,CRM
2024-01-19,275.61846923828125,276.71748424250825,270.3686811898879,271.33033429154307,7413600,CRM
2024-01-22,275.0491943359375,280.3676759324811,274.92165474978367,278.4738373535798,6735900,CRM
2024-01-23,271.5853576660156,276.4328208418516,270.54521665541796,275.56930076983014,6573800,CRM
2024-01-24,271.693359375,275.6969177341271,271.5069161480253,274.7352947170036,7037800,CRM
2024-01-25,273.8031005859375,274.60774721481795,271.673736691639,273.3909550126855,4178000,CRM
2024-01-26,274.69598388671875,278.03228688185465,273.4693997013083,274.04834384331366,4877400,CRM
2024-01-29,282.4676208496094,282.7521967819332,275.7361408248588,276.12864179770617,5762300,CRM
2024-01-30,282.3401184082031,283.8708933659492,281.15276313071513,282.2419856655971,4810900,CRM
2024-01-31,275.8244934082031,280.2794564922209,275.5595619489124,278.72903698579853,4557300,CRM
2024-02-01,278.4837341308594,279.71031863627354,276.08943878061814,276.72728668016214,3218300,CRM
2024-02-02,280.3088684082031,282.76203707737886,277.8556997390274,279.85749375792864,3629600,CRM
2024-02-05,282.7129211425781,283.635314844993,276.0893665462881,280.88777825007827,5274800,CRM
2024-02-06,280.4756164550781,283.2330050914909,276.62906544619204,282.54610600981067,4207200,CRM
2024-02-07,283.42926025390625,284.3712685332741,279.85746264060566,281.96718147233605,3621400,CRM
2024-02-08,286.4809875488281,287.6192312141162,283.5666225988281,283.8806053620626,4488400,CRM
2024-02-09,285.8431701660156,289.7093659624735,285.59785332586426,287.75665349755764,4376300,CRM
2024-02-12,281.9377746582031,285.5488317350515,281.62376188302335,285.37221077872783,3750000,CRM
2024-02-13,275.88336181640625,278.12065060112985,271.241985535512,275.15723342230126,4956600,CRM
2024-02-14,283.73345947265625,284.0376499675015,279.30796391253415,279.6612057984561,3850700,CRM
2024-02-15,286.4712219238281,286.53009557519164,282.6148480299877,285.8824554642869,3986500,CRM
2024-02-16,284.2927551269531,286.5987392044027,282.48722694070983,286.5300433083743,4159400,CRM
2024-02-20,281.0252380371094,285.40168308127545,278.82717828353015,284.0769658523673,4295500,CRM
2024-02-21,278.23834228515625,278.25798679733447,273.14556239476474,274.823551107254,3797200,CRM
2024-02-22,288.149169921875,289.1108227674198,285.9413182419844,286.5300846791362,5264300,CRM
2024-02-23,287.3150634765625,292.41766559278415,285.62728246389554,292.41766559278415,4416800,CRM
2024-02-26,294.7629089355469,298.13844101543606,289.47386362943683,290.0528077631874,8719300,CRM
2024-02-27,293.8895568847656,296.0974083137831,291.0438876987679,295.93057969628285,6178800,CRM
2024-02-28,294.1545104980469,295.2437328571845,291.0537019966414,293.9680673009504,12490800,CRM
2024-02-29,303.03497314453125,304.7227540892973,289.267794197351,294.380188418025,21737800,CRM
2024-03-01,310.9439697265625,312.73967561067786,300.8761581991783,301.2490445440296,9450200,CRM
2024-03-04,308.7460021972656,311.6995968332485,307.6666020223307,308.6773062893366,9350000,CRM
2024-03-05,293.15362548828125,306.6951031559057,290.5925320379654,305.4783412051874,9015300,CRM
2024-03-06,298.07958984375,300.1599019039408,297.0688856110203,298.9431099544132,8270000,CRM
2024-03-07,296.7548828125,301.02337179446545,296.0974205170107,300.2678067214756,6788900,CRM
2024-03-08,299.56134033203125,303.08408705328986,296.5390496170094,296.5390496170094,4851600,CRM
2024-03-11,300.2677917480469,301.84761771621805,294.62550481160486,296.97074801661074,4895500,CRM
2024-03-12,300.8762512207031,303.2509318665697,298.17776545971844,300.9645617066445,4832000,CRM
2024-03-13,299.36309814453125,302.3598913465531,297.82048862639374,299.6775211007803,5548800,CRM
2024-03-14,298.02685546875,304.0891677482175,296.72988321985997,299.6775310664149,4828800,CRM
2024-03-15,289.1936950683594,294.8138777350158,288.64346991092634,293.7429026969757,11885100,CRM
2024-03-18,295.26580810546875,295.71777224739924,290.85414272776717,294.39132510704366,5240500,CRM
2024-03-19,296.189453125,296.50384606423955,291.44372394107575,292.9764982155677,3329900,CRM
2024-03-20,300.7386779785156,301.6622767237029,295.44275281858324,296.7004147291537,4946600,CRM
2024-03-21,303.0083923339844,306.3588590525789,301.00398337071414,302.56623315597517,6083900,CRM
2024-03-22,302.39910888671875,304.8162011274439,301.29865875355154,303.9220778979912,3779000,CRM
2024-03-25,300.7190246582031,302.3402249431171,297.260462051385,298.40022279323983,4141200,CRM
2024-03-26,300.49298095703125,302.60548553041576,299.56941238034335,302.11421097567876,3893900,CRM
2024-03-27,296.12066650390625,303.90243895084393,293.41865635163225,302.07491193157017,3859900,CRM
2024-03-28,295.9241638183594,297.51588874067056,294.4012245371412,294.7647629471725,4892300,CRM
2024-04-01,296.9853210449219,298.21350750463256,294.7549152436739,296.4252608228888,2918100,CRM
2024-04-02,298.69500732421875,299.1469716368623,289.74399699096716,292.30843644393116,4746100,CRM
2024-04-03,299.4219970703125,301.79977903752956,297.8106321711804,298.6850852602477,3047400,CRM
2024-04-04,289.0070495605469,305.86756823212824,287.002640703252,302.8806401140291,8351000,CRM
2024-04-05,296.64141845703125,298.1250772736509,288.1816546553061,288.41748684190094,4918200,CRM
2024-04-08,296.4645690917969,298.2036703118582,294.29311385714794,295.8455583228708,3142900,CRM
2024-04-09,297.0933837890625,300.2670283606152,294.02783521698495,298.0268174821723,2997700,CRM
2024-04-10,294.3913269042969,295.6686585967031,292.94697867331695,293.24176136464877,3036400,CRM
2024-04-11,293.9295654296875,295.835713135418,291.23739041613857,294.2439883468228,3468600,CRM
2024-04-12,289.1839294433594,292.652327420133,288.3782317867652,291.6894182706649,3820000,CRM
2024-04-15,268.13763427734375,281.48066739334234,266.9192830299691,278.0024353017836,18365100,CRM
2024-04-16,272.5690002441406,275.66402448914107,267.68572910735344,269.98489083178305,7624300,CRM
2024-04-17,271.498046875,274.10179668701414,270.04386302478696,272.89325017727464,4199400,CRM
2024-04-18,267.1748046875,271.50782048400146,265.04265962610583,271.4980153813382,5918200,CRM
2024-04-19,265.65185546875,268.3833413853029,264.040490172415,267.7348552343913,4913600,CRM
2024-04-22,269.03173828125,274.81896626233225,264.8559050469261,274.514378472277,6747200,CRM
2024-04-23,271.8517150878906,271.87138526300134,265.6911421803067,270.15192410210244,6285200,CRM
2024-04-24,271.3702392578125,274.07224929207257,269.3265203311979,273.14865073610576,3938800,CRM
2024-04-25,268.3735046386719,268.8057987032832,264.5808491096183,266.8603704649546,4811900,CRM
2024-04-26,269.5033874511719,272.0678260801088,268.68785494766615,270.2009888812058,3754600,CRM
2024-04-29,270.9280700683594,272.4510391128209,268.4520572147748,270.0929273496426,3576400,CRM
2024-04-30,264.24676513671875,269.8178019062142,263.67686985032077,269.7195709813358,5218000,CRM
2024-05-01,264.0011901855469,269.21852489325266,261.898520160356,264.32541828124005,3761000,CRM
2024-05-02,267.3811340332031,268.3145378360882,263.2642502486769,265.71078830274223,3859900,CRM
2024-05-03,268.88446044921875,272.82449296327763,268.57987254756114,271.98932001339875,4041600,CRM
2024-05-06,270.8200378417969,272.2938616257329,269.2774284182053,271.3506227998199,3744800,CRM
2024-05-07,272.343017578125,274.01336344224404,269.28730353797414,270.7807677331089,3507700,CRM
2024-05-08,274.10174560546875,275.0548195082925,270.91829586140733,270.91829586140733,3283300,CRM
2024-05-09,270.3680419921875,270.54489362917263,266.3395847902015,267.4203947690297,4709700,CRM
2024-05-10,271.8418884277344,274.76006062307243,270.17154286702805,271.28182821190717,2912300,CRM
2024-05-13,272.6770324707031,272.9521450364878,270.3877061181042,272.3036889767974,2998700,CRM
2024-05-14,271.96966552734375,273.99371491934346,270.2403989502643,272.1268770316289,3056800,CRM
2024-05-15,282.5221862792969,282.77762866422665,274.8484799444612,274.8582850459839,5828500,CRM
2024-05-16,279.7120361328125,284.9588440822361,279.61377523791384,284.3693386828746,3559200,CRM
2024-05-17,280.6258850097656,282.3257060559988,279.299467471951,282.0309532664899,3478900,CRM
2024-05-20,282.06036376953125,282.6990146568157,280.1345460369274,281.0090290866839,2799300,CRM
2024-05-21,278.80816650390625,282.2077782903109,278.34636718726864,281.78528933690376,3492100,CRM
2024-05-22,278.8671569824219,282.08008248476233,277.89441275958285,278.4643081604422,3309200,CRM
2024-05-23,273.7087707519531,281.9916543075061,272.6181254165993,281.6772313292937,5456600,CRM
2024-05-24,267.5382995605469,270.16168883383,263.84390539455455,266.2020172086911,8325100,CRM
2024-05-28,265.1212463378906,268.4619377179945,262.4978566774834,268.3342015201052,9294100,CRM
2024-05-29,266.8800354003906,268.10822202231645,263.0972146078541,263.3232117408974,13397900,CRM
2024-05-30,214.20553588867188,221.16198570531685,208.3004208643036,219.5014752345309,66763300,CRM
2024-05-31,230.34881591796875,230.52566756149525,212.2895584651776,215.28633625140117,36807400,CRM
2024-06-03,232.49081420898438,236.78456491212899,226.19268449167106,230.52571557821278,19962700,CRM
2024-06-04,230.76150512695312,236.39150783078367,228.14792066337327,231.60649803651236,11197500,CRM
2024-06-05,232.40237426757812,232.78556787762744,227.50928317175314,231.5279060296444,10772100,CRM
2024-06-06,238.52366638183594,242.44404354713677,235.27143054703706,235.6939345487172,11693800,CRM
2024-06-07,237.62953186035156,239.67322101879526,236.09674250275214,238.10115128210694,6883800,CRM
2024-06-10,237.61968994140625,239.3882814627801,236.2342920002875,237.57055948393545,7656900,CRM
2024-06-11,236.78453063964844,239.49636096029505,232.13706225594464,236.95156219998614,7264400,CRM
2024-06-12,231.68508911132812,237.97339758049074,230.79096579996767,236.36201759823595,10260100,CRM
2024-06-13,225.03321838378906,231.53768860535698,224.66968001566804,231.4099674177117,13566700,CRM
2024-06-14,227.89247131347656,231.14470687323114,225.20028101996562,225.34767240030135,8833700,CRM
2024-06-17,226.45790100097656,227.7941683095908,223.79520146946035,226.2613941893439,10563700,CRM
2024-06-18,227.7647247314453,228.23634414349232,225.22974602886256,226.45793251310744,7119800,CRM
2024-06-20,237.58041381835938,239.51603705793863,228.78660094904652,228.78660094904652,14809600,CRM
2024-06-21,240.78350830078125,241.08809615872013,235.9984984199103,236.37187191932506,15719600,CRM
2024-06-24,235.7528533935547,240.14484944144493,235.6251172021473,238.94613823865322,7545700,CRM
2024-06-25,237.54110717773438,238.85773459971793,235.68408964884938,237.56076236112546,6037800,CRM
2024-06-26,238.90684509277344,239.3588243462802,235.71356001754506,237.25616954259954,4524700,CRM
2024-06-27,248.43756103515625,254.08721870361333,240.184139097904,240.7245441342585,12869000,CRM
2024-06-28,252.61341857910156,255.63965708056813,248.7618123194842,249.07623527639655,12619300,CRM
2024-07-01,251.73887634277344,254.95183083272403,250.08820118345042,253.64502384283094,5871700,CRM
2024-07-02,251.7192840576172,253.23241823411186,249.62644944646402,250.59917855992487,5130600,CRM
2024-07-03,256.396240234375,256.66151773876976,252.45620812434134,252.49551849037067,4755700,CRM
2024-07-05,258.5971374511719,261.1714116681098,256.75977516587756,258.1353381079409,6562100,CRM
2024-07-08,252.87869262695312,258.2532381590747,252.70184096049036,256.81872466717147,6539300,CRM
2024-07-09,248.4109649658203,252.90821157774784,247.09230318630028,252.01269640765724,7014900,CRM
2024-07-10,248.5684356689453,250.74325620676655,242.1916098861017,247.20056687415934,8947700,CRM
2024-07-11,247.121826171875,251.35336737670477,246.92501344473493,248.57827338757826,5341800,CRM
2024-07-12,249.9264678955078,251.22544396739534,245.71461227332674,247.6138769510594,4705500,CRM
2024-07-15,248.83413696289062,252.30794853654305,248.10591333007085,251.94381419635957,4404300,CRM
2024-07-16,251.9536590576172,252.6917180553681,248.6471541470592,249.7394820643645,4780400,CRM
2024-07-17,247.22024536132812,251.50099359398828,245.63587809761918,249.95598287021454,5625300,CRM
2024-07-18,243.41184997558594,248.43064187265958,241.8077970376265,248.12557990636378,6351600,CRM
2024-07-19,243.68740844726562,245.02575605332456,241.26656828636163,244.69115788992306,4468900,CRM
2024-07-22,250.03468322753906,251.5108010728573,244.05148375928084,244.78954268193996,5647600,CRM
2024-07-23,251.98318481445312,253.23295392870602,249.70996546243438,252.50474531444664,3905500,CRM
2024-07-24,245.8031768798828,251.83558412565222,244.93718281741886,249.59188588731323,5204100,CRM
2024-07-25,252.43582153320312,259.87545304819946,247.71225645538445,250.68417791259233,7155800,CRM
2024-07-26,258.52728271484375,260.2789414359246,252.97709498186126,254.05958745706758,6127300,CRM
2024-07-29,254.472900390625,261.8436400396111,254.40400767592286,258.5272997174109,5101400,CRM
2024-07-30,253.82339477539062,256.5985037299526,251.05813621730826,255.48649006883187,3944300,CRM
2024-07-31,254.67953491210938,257.6612919302469,251.2844816912101,252.13077488942452,4647700,CRM
2024-08-01,249.0309295654297,259.166927191849,245.76379640262164,255.7620236248716,5527400,CRM
2024-08-02,240.08566284179688,244.0514984910079,237.28103276005692,243.84483537321572,6504500,CRM
2024-08-05,235.2046356201172,237.9699092738994,228.51291273059294,228.62116198405664,6899300,CRM
2024-08-06,234.6240234375,239.96757816734976,234.24023337525597,237.2515115583782,5673900,CRM
2024-08-07,236.21823120117188,242.60490700920553,235.84429152706676,238.74732052495534,4035500,CRM
2024-08-08,245.1536865234375,245.4587485248508,239.209857647013,239.36731384640362,4474300,CRM
2024-08-09,248.50938415527344,248.92269539281145,244.49434139881296,244.74036106514623,2975300,CRM
2024-08-12,247.30880737304688,250.04454486572715,245.05527383284718,248.5782772622075,3679700,CRM
2024-08-13,250.54644775390625,251.70765343420942,248.97191579785667,248.97191579785667,4031600,CRM
2024-08-14,251.25497436523438,253.60690678065941,249.8182128935807,251.32385206420363,4145200,CRM
2024-08-15,258.6060485839844,258.7044624597921,252.16031511480753,253.7938893517811,5167900,CRM
2024-08-16,258.72412109375,259.4031377637844,255.54553624752668,257.5825862576298,3494900,CRM
2024-08-19,261.15478515625,261.16463555244854,257.4644903852917,258.91108713677517,4501300,CRM
2024-08-20,257.671142578125,261.27287393561727,256.8740412974673,260.73164270662124,5731300,CRM
2024-08-21,256.93304443359375,257.9663448473357,255.0534509498588,256.94289482844675,4648200,CRM
2024-08-22,254.472900390625,259.0685610064591,253.17390933494664,257.3365729322213,5111400,CRM
2024-08-23,259.7967834472656,261.371315413892,256.5493356668546,257.818775599512,4711300,CRM
2024-08-26,261.056396484375,263.04422464810295,259.0488675263486,259.73773462942296,3818300,CRM
2024-08-27,259.99359130859375,260.2494313360062,255.26999577019475,255.5160154326625,5276400,CRM
2024-08-28,254.7779541015625,260.95796676463465,253.26246458582696,257.66129731155337,10981900,CRM
2024-08-29,252.91807556152344,267.6202136992977,252.1996873012014,266.6951773214523,14301700,CRM
2024-08-30,248.87347412109375,255.00429466439002,247.00373077099906,253.34119941323686,10507700,CRM
2024-09-03,244.1105499267578,249.6509175860337,242.71316003186212,248.59794621252962,6190400,CRM
2024-09-04,243.736572265625,245.5079166893848,241.25670508820855,242.54584560843597,4706500,CRM
2024-09-05,242.20143127441406,244.54354325431564,241.0992679972126,242.06366086476388,4083600,CRM
2024-09-06,240.08566284179688,246.01965573690313,237.59594512700727,243.79564345474685,6259400,CRM
2024-09-09,241.84715270996094,245.38984169651005,240.87292450054585,242.57537628382045,4588800,CRM
2024-09-10,242.2407989501953,243.40200452496038,239.4361688508384,243.1953564217183,3544800,CRM
2024-09-11,245.59649658203125,246.03932893655096,238.1568499595411,240.91227296610995,4822200,CRM
2024-09-12,249.3359832763672,250.09372798213732,245.59649671103875,247.38751190594851,5219700,CRM
2024-09-13,250.51690673828125,252.74090404442248,248.43064980948955,248.5192132833375,4998900,CRM
2024-09-16,252.81964111328125,253.70530586229813,250.51690075315898,250.51690075315898,5367000,CRM
2024-09-17,251.1270294189453,255.24047090810757,250.70386779740016,254.60082580131288,5423400,CRM
2024-09-18,248.8009490966797,252.4379024549524,247.3520962935472,252.31963243986127,4436700,CRM
2024-09-19,262.1660461425781,265.66502842905345,254.3401913252908,256.9718199173289,11022800,CRM
2024-09-20,262.96435546875,266.4337696727373,257.56315757565113,262.1857345081069,11463200,CRM
2024-09-23,260.41162109375,264.2062782341398,258.469941263193,263.4079254687742,6034000,CRM
2024-09-24,266.55206298828125,268.54301193794544,262.46173084617755,265.95081691925617,7154500,CRM
2024-09-25,270.1495666503906,273.06700405986265,265.50728795537464,266.5619124174586,7920000,CRM
2024-09-26,271.7955322265625,274.63413257548336,268.7893626564337,272.16020809048734,5253400,CRM
2024-09-27,272.6629333496094,273.84566364922966,271.1056311820007,272.2883915604669,5220100,CRM
2024-09-30,269.7750244140625,271.7758390987365,265.2707474673968,270.01159452929215,5059700,CRM
2024-10-01,266.9758605957031,270.7508158402473,265.81283196280845,270.1988690287432,4369900,CRM
2024-10-02,275.46209716796875,277.94585783513236,266.95616060671097,269.78489555291424,8512300,CRM
2024-10-03,276.87152099609375,277.07849352396994,273.73724525859086,274.9791105046925,3868400,CRM
2024-10-04,283.6131896972656,283.75119143852606,277.4234747186685,279.77909947167933,6129900,CRM
2024-10-07,280.47894287109375,284.02719419855407,279.3060482645326,282.4600260498376,4794700,CRM
2024-10-08,287.3782958984375,288.4230545649434,280.01568600290796,281.8883649289744,5211200,CRM
2024-10-09,283.78076171875,287.3782818629101,282.95281142077965,286.6390641588151,4851000,CRM
2024-10-10,285.9984436035156,286.0575786194848,280.5282139955802,283.78079026812657,3965500,CRM
2024-10-11,283.9581604003906,286.06737922792,282.18401990291954,285.0521881401465,3597000,CRM
2024-10-14,287.447265625,288.2456182915961,284.10598736352165,285.75199192135966,3642500,CRM
2024-10-15,284.2045593261719,289.3593512906013,283.85958506466477,289.24108127610606,3850800,CRM
2024-10-16,286.678466796875,286.73763188560633,280.1438075737074,283.41605507649996,3497000,CRM
2024-10-17,286.9248962402344,289.1228478841605,285.9294367729108,287.76268238748816,2830000,CRM
2024-10-18,288.7285461425781,290.47308888288904,285.978648196968,287.84149102172245,3087900,CRM
2024-10-21,287.1023254394531,288.7088968240015,283.89904853222504,284.8452388273598,2712600,CRM
2024-10-22,284.18487548828125,287.7429927777062,283.514658573984,285.5844744129364,3100100,CRM
2024-10-23,280.3409423828125,284.1553012975065,278.5569658882339,283.59351864720736,3227100,CRM
2024-10-24,282.637451171875,284.7565360311414,281.08014894048495,282.4403144077747,3210700,CRM
2024-10-25,286.2842102050781,290.14786778673096,284.6776389930888,285.8308317905212,3351200,CRM
2024-10-28,289.546630859375,291.8135831609688,288.28503386883875,289.3790916934287,3867800,CRM
2024-10-29,294.593017578125,296.2784253137324,288.6004099511007,289.77330430339794,4280700,CRM
2024-10-30,292.1388244628906,295.23369695641424,292.08955531519797,292.7992054992716,2826500,CRM
2024-10-31,287.18115234375,291.83329708185266,285.3873101177068,288.3934802373861,4301800,CRM
2024-11-01,290.48297119140625,292.720325800975,285.830826874977,286.05753111777875,3527500,CRM
2024-11-04,293.7257385253906,295.86452518351126,288.70891732997416,293.7060068002517,5107900,CRM
2024-11-05,293.213134765625,294.5141650461492,290.50267005395455,293.1638656205864,4456100,CRM
2024-11-06,302.4878845214844,304.1240233485798,298.7129592721177,300.61520564960034,5874900,CRM
2024-11-07,306.3121337890625,307.701866822358,301.6008536830499,303.0792892403197,5722600,CRM
2024-11-08,317.3215026855469,318.1691244706018,304.9913428876766,305.572857152065,8485000,CRM
2024-11-11,336.8171691894531,339.9218775646867,320.57408116623526,320.57408116623526,13954200,CRM
2024-11-12,336.2454833984375,343.8446328933579,333.643452748792,334.41223794969244,7659700,CRM
2024-11-13,336.8072509765625,343.1842359852703,333.89964972920154,340.5329064635162,6902900,CRM
2024-11-14,326.8820495605469,341.02575374462606,326.0639952356775,337.51693625691377,7630600,CRM
2024-11-15,320.5839538574219,325.51207204336833,319.5194634851035,322.229928487374,7093000,CRM
2024-11-18,317.6172180175781,322.2989303079846,315.60653736972654,322.2989303079846,4250400,CRM
2024-11-19,318.7802429199219,320.0320041784727,311.4570665797081,314.4139374649585,5469900,CRM
2024-11-20,321.0176086425781,322.5551790048098,317.3806552645336,320.6134993695905,3763500,CRM
2024-11-21,330.9526672363281,338.0097353106969,323.87589751977043,326.586362223471,8364200,CRM
2024-11-22,337.1029357910156,337.881586771507,330.95265482825295,334.0770945315227,5649400,CRM
2024-11-25,334.2348327636719,342.84920420823903,333.4266442033926,340.04017069542033,7117200,CRM
2024-11-26,338.2463073730469,338.8672550675112,334.2644095970064,337.06357707397535,4492800,CRM
2024-11-27,325.2656555175781,332.5296966739535,324.1518960312913,331.622909722644,7471500,CRM
2024-11-29,325.2459411621094,327.21718847740584,322.54534196538424,324.60529180040743,3517600,CRM
2024-12-02,326.25128173828125,329.6910985221457,325.36419642357566,327.22703948984264,6063400,CRM
2024-12-03,326.66522216796875,328.01552168586085,318.9970717715992,322.6931602675134,12632400,CRM
2024-12-04,362.5813293457031,363.6950887661929,351.5226319475448,361.5365707924112,24733100,CRM
2024-12-05,356.18463134765625,360.1961262803358,351.5423530051629,355.5932512217515,10942100,CRM
2024-12-06,356.78582763671875,361.8716483136999,355.898772536059,359.74269802481194,5738900,CRM
2024-12-09,346.51568603515625,356.500057620842,345.7469008530193,356.500057620842,6475000,CRM
2024-12-10,343.8052062988281,350.3792983872572,342.43517515689234,346.2988326218259,6033000,CRM
2024-12-11,349.7485656738281,355.0216583295035,346.8212621677732,348.40810184025327,7546600,CRM
2024-12-12,352.8827819824219,354.8244614887222,347.8462603141346,349.89634396804547,5422000,CRM
2024-12-13,349.21630859375,359.55549092581816,347.4323322161958,358.7670040473625,5538000,CRM
2024-12-16,352.0943298339844,352.9222500494108,345.5202071802421,345.7370455756285,5482300,CRM
2024-12-17,345.9243469238281,352.09436083492835,344.0910712234476,351.7690881737869,6911000,CRM
2024-12-18,332.7611389160156,350.0686823575672,330.79748932875134,349.8022711582155,8400000,CRM
2024-12-19,331.77435302734375,338.97760273136316,330.98493641157796,337.1718668029102,7423400,CRM
2024-12-20,339.0960388183594,341.8589520573782,326.7518383700673,328.33061152017217,14932300,CRM
2024-12-23,338.35595703125,339.2933798811275,332.21838192705826,337.714576713886,5330300,CRM
2024-12-24,339.86566162109375,340.3787899368689,336.31336222142147,338.4546189790402,1811000,CRM
2024-12-26,337.19158935546875,340.3097172186007,336.5107307020513,340.3097172186007,3483300,CRM
2024-12-27,333.9649353027344,337.7342904839282,330.8270531880136,335.83975083184964,3220400,CRM
2024-12-30,331.29083251953125,333.6294209459268,327.21555761712375,329.0509249362119,3411100,CRM
2024-12-31,329.89947509765625,332.68211193370394,328.0049356315707,331.8137687979306,3026000,CRM
2025-01-02,326.2781677246094,334.42871760021364,323.4659292949224,331.85328910543393,4807100,CRM
2025-01-03,328.4884948730469,329.02134737347416,324.90659381507425,327.6991082979578,4101200,CRM
2025-01-06,326.1498718261719,332.13944045258813,322.9429402697329,329.59361330748914,5785300,CRM
2025-01-07,320.6240539550781,327.1069962204524,318.6308336272938,326.1202481172233,4643100,CRM
2025-01-08,322.5679626464844,324.44277809975046,318.82817874445306,323.39682747488104,3788200,CRM
2025-01-10,313.637939453125,318.49272401330984,311.8321732797694,318.49272401330984,6540000,CRM
2025-01-13,314.841796875,316.3021651309473,309.6416139035586,310.4310306354469,4583000,CRM
2025-01-14,319.2524719238281,325.56765340923124,317.23949747395693,320.69311564241366,5935200,CRM
2025-01-15,316.904052734375,327.13662666014284,316.52908360357117,325.508498167116,6042700,CRM
2025-01-16,315.7594299316406,323.3771273832681,315.3153811880329,318.66047210319084,5047700,CRM
2025-01-17,320.2590026855469,325.2026209473576,318.7887574610534,324.3638789303615,6303600,CRM
2025-01-21,322.5087585449219,325.153236333626,318.17694986808027,325.03483137490247,6397200,CRM
2025-01-22,328.2121887207031,330.7876172384764,322.94295682981175,326.86034847492846,7259300,CRM
2025-01-23,330.22515869140625,331.0145452120346,325.2322151711766,327.9260185048658,4355900,CRM
2025-01-24,329.45550537109375,334.16228360917785,327.39320517445526,331.84341923534197,3299100,CRM
2025-01-27,342.5002746582031,348.47008867241726,326.12025002609073,327.9555870545217,15661100,CRM
2025-01-28,355.1800231933594,362.2253896142396,345.81576238915227,350.06864468088605,12099300,CRM
2025-01-29,349.3088684082031,355.40696515494926,346.84199786859716,354.00579955182593,6266700,CRM
2025-01-30,339.01708984375,343.3883771882685,335.49439150577956,336.38245887242647,7591100,CRM
2025-01-31,337.1718444824219,344.86846776934823,335.59304146857056,343.38834559008063,5778000,CRM
2025-02-03,334.74444580078125,336.93502798358315,326.8702145296765,331.5177900654123,4549400,CRM
2025-02-04,339.57958984375,342.33259604434056,334.182075193009,341.03995812166823,4965600,CRM
2025-02-05,343.3193054199219,343.4278633843792,334.3793688395734,341.1386002570634,4521000,CRM
2025-02-06,326.4261474609375,333.00777075768326,324.7388165852332,333.00777075768326,13240600,CRM
2025-02-07,321.5121765136719,329.3963156912061,319.4301521121444,327.60042660734297,7626100,CRM
2025-02-10,322.864013671875,327.3537058057079,322.3212841097996,323.57447355968753,5981900,CRM
2025-02-11,320.1011047363281,322.11407946255275,317.00273109867834,319.7261356084548,5455900,CRM
2025-02-12,321.7983093261719,322.66665253642515,312.7695695668222,315.31536660309706,5643400,CRM
2025-02-13,325.4789123535156,325.97228647255594,318.9367667169347,321.8772873071548,4312100,CRM
2025-02-14,322.2127685546875,324.1467866123779,318.3447023261412,323.6830137496844,5879700,CRM
2025-02-18,324.6005859375,324.79794756591514,318.71957679124023,324.235494026773,5262100,CRM
2025-02-19,320.2294006347656,325.37035046143035,318.59139496574176,325.37035046143035,5012000,CRM
2025-02-20,314.210205078125,320.1504481927688,313.9931192813579,317.96971310741986,6393100,CRM
2025-02-21,305.694580078125,314.74307431491417,302.7935379633172,314.74307431491417,7353200,CRM
2025-02-24,304.2342224121094,308.58578573302464,299.49781282602146,307.38195168429183,6652900,CRM
2025-02-25,301.8265686035156,304.33291766556397,296.6362630162386,302.1916606488866,7360100,CRM
2025-02-26,303.2572937011719,309.54290467051305,302.3889806299232,308.5166781695565,12638500,CRM
2025-02-27,290.99200439453125,300.879239483774,288.79157543626553,292.4129240467199,16691400,CRM
2025-02-28,293.9029541015625,297.97822894003474,288.27847737927823,292.03798557012675,10863100,CRM
2025-03-03,289.1763916015625,299.05374957615635,287.2028954300576,297.0111738114899,6298200,CRM
2025-03-04,283.5322265625,287.78510893126713,278.4998046774808,286.1569804101871,9096300,CRM
2025-03-05,288.1008605957031,288.8014433554675,281.8350037762968,283.4138068500851,6612600,CRM
2025-03-06,282.2593078613281,294.1298873891082,281.05547386433153,284.41044180273076,10396800,CRM
2025-03-07,279.1412353515625,284.4893941651763,271.52353742630794,279.427370671249,8248100,CRM
2025-03-10,269.2835388183594,274.66132777598506,267.1324352805735,273.29961063878596,10040200,CRM
2025-03-11,273.3785705566406,276.73353845098563,268.3955043050661,270.0927123750512,8313400,CRM
2025-03-12,280.80877685546875,282.14089288808856,275.39153911773406,278.1149736632533,7463900,CRM
2025-03-13,268.1389465332031,278.81556929636446,266.1753272492087,278.3123180775858,9494500,CRM
2025-03-14,275.6973876953125,276.1809146966768,269.0664398702257,271.35570247829173,6976900,CRM
2025-03-17,277.0295715332031,278.98334391138127,272.4214439501593,273.69435762593446,4484300,CRM
2025-03-18,275.03631591796875,276.78284925972457,272.28328021557144,276.30919931864844,5881700,CRM
2025-03-19,275.6876220703125,278.4801065103186,273.61544461708513,273.82265332845736,5245400,CRM
2025-03-20,275.3323669433594,279.1313537829995,273.3884716584423,273.3884716584423,5504700,CRM
2025-03-21,276.9012756347656,278.11498676399856,270.41833272028725,272.5497124502458,9804100,CRM
2025-03-24,282.1705322265625,282.95994892548373,279.4668515515313,279.9799498209541,6763800,CRM
2025-03-25,284.78533935546875,286.60098226130765,281.8250952148313,281.8250952148313,4301700,CRM
2025-03-26,277.2663879394531,285.20972961489883,275.87506925920985,284.51899377767137,5070300,CRM
2025-03-27,274.12847900390625,277.1775269275863,272.3523445226119,276.82231207659197,3757200,CRM
2025-03-28,266.3923645019531,273.5364105396071,265.6227022499029,273.0430365289811,4973400,CRM
2025-03-31,264.8037414550781,264.8925752956685,255.75527701837234,261.04423309496013,7585800,CRM
2025-04-01,266.61932373046875,267.23110267714793,262.2973626385616,265.2970549005473,4598200,CRM
2025-04-02,267.9416198730469,270.0039200375934,262.22833925219686,262.4355479465423,5396900,CRM
2025-04-03,251.84774780273438,259.090491290624,251.07808538396247,256.6927003067384,8872600,CRM
2025-04-04,237.5695037841797,246.9732134233121,236.35580764979215,244.41753906364164,9705000,CRM
2025-04-07,240.97378540039062,249.59795506272332,226.95208680383143,226.95208680383143,11965200,CRM
2025-04-08,240.7567138671875,253.9791496120166,237.0860091279989,250.58471812507938,9340300,CRM
2025-04-09,261.656005859375,264.6162501472988,237.70761029764782,237.70761029764782,12491100,CRM
2025-04-10,252.1347198486328,258.18310211533156,245.22652267389054,256.9576215714974,9692300,CRM
2025-04-11,252.0161590576172,253.40966379166417,244.78180560615354,251.29470525611578,6089000,CRM
2025-04-14,251.57142639160156,256.9576510612606,250.1779216646654,256.9576510612606,6038100,CRM
2025-04-15,251.94696044921875,253.71602342740178,250.8301932610051,251.39351563377832,5227700,CRM
2025-04-16,246.91653442382812,253.60730551670989,243.8033996664763,248.98207501090258,7190900,CRM
2025-04-17,244.36671447753906,248.6164016139367,243.91210555145952,246.84735369681786,5566900,CRM
2025-04-21,233.4954376220703,239.64265653684882,230.04628492580812,237.61664125357612,9240000,CRM
2025-04-22,240.5419921875,241.36228182331837,232.84315283965236,235.4423678656661,7145300,CRM
2025-04-23,247.5490264892578,254.7735018463059,246.58049809396107,249.65410731068656,5818900,CRM
2025-04-24,261.60260009765625,261.87932244488053,253.9926903082771,255.17866045950916,7857600,CRM
2025-04-25,264.7157897949219,265.8819749209395,261.10850588587806,261.62241030739085,5651700,CRM
2025-04-28,262.53167724609375,266.346495694407,260.2486795353551,265.01228643712517,4977700,CRM
2025-04-29,264.6268615722656,265.43724355982715,262.06717163582,262.2944610272474,3139800,CRM
2025-04-30,265.56573486328125,265.7238662743196,259.92255773905293,261.7014833323895,4624100,CRM
2025-05-01,266.1784362792969,271.3867889616043,265.852311027086,270.2008186326081,5208900,CRM
2025-05-02,271.8612060546875,273.0867170100992,269.064333871285,271.24846565722373,4323400,CRM
2025-05-05,269.4398498535156,272.93843531271295,269.12358706568864,270.171181159946,4219600,CRM
2025-05-06,270.16131591796875,271.58446844702337,265.3977391453792,266.66276026448526,4681600,CRM
2025-05-07,274.9743347167969,275.52777952877625,270.50720567091736,270.50720567091736,4267600,CRM
2025-05-08,276.4666442871094,279.7379102825655,275.122572650762,275.9428472287563,4789900,CRM
2025-05-09,272.1971740722656,279.1745587600728,270.6751860048122,278.324606404309,4324200,CRM
2025-05-12,285.4403991699219,285.5886379227777,279.91581380331763,281.66509140797376,5937400,CRM
2025-05-13,285.78631591796875,289.3145189546138,285.54910374775983,287.59488906311555,6711600,CRM
2025-05-14,287.3379211425781,292.5857842195787,285.8752585385124,290.06563489034494,7926200,CRM
2025-05-15,287.35772705078125,288.5535599803591,284.5806102385118,286.1816492365625,4635600,CRM
2025-05-16,287.7431640625,288.75124805178484,286.32990414238543,287.6838685525989,3846000,CRM
2025-05-19,284.26434326171875,286.5077703215822,283.55276703296545,284.7288448299394,5781200,CRM
2025-05-20,284.6893005371094,285.06485884164823,281.8726434135484,284.71894828954765,4032300,CRM
2025-05-21,278.9769287109375,284.2643322740589,277.8206060737283,281.08200956298515,5689800,CRM
2025-05-22,280.1036376953125,282.99934571882585,277.74158926734174,279.194389598397,6642700,CRM
2025-05-23,269.9339904785156,277.45492804197255,268.4712977521599,275.73529819918025,8887800,CRM
2025-05-27,273.9465026855469,275.320222112956,267.1272480953923,269.97355300687826,10958000,CRM
2025-05-28,272.8000793457031,275.5475484285093,270.3787355517974,274.46041386470506,12758600,CRM
2025-05-29,263.7967224121094,264.656537521068,251.52203835048223,260.5056706000094,28053100,CRM
2025-05-30,262.2648010253906,266.5836611865968,257.6494633411764,264.943081851498,12388500,CRM
2025-06-02,258.5587158203125,260.7033373922857,256.1077542071826,260.0312713159742,9213500,CRM
2025-06-03,261.3753662109375,261.6520886487926,258.3017414785804,258.93426714252564,7838500,CRM
2025-06-04,260.0905456542969,262.39326803157167,258.55866478795724,261.0985993290753,7372500,CRM
2025-06-05,264.0140686035156,265.60521466831415,260.55502394737016,260.6241819185314,8642900,CRM
2025-06-06,271.2978820800781,271.6833028843589,265.07158225889356,266.8109975984726,7507000,CRM
2025-06-09,269.0643005371094,270.99149491919826,266.5046107187505,269.6572857439429,5728300,CRM
2025-06-10,265.0814208984375,270.5467103150028,263.71756416322813,268.88637609843323,6309700,CRM
2025-06-11,262.79852294921875,266.35640446395206,262.3043735766304,265.35821307996855,6568100,CRM
2025-06-12,263.7867736816406,265.87206917737933,260.31783606610867,261.6026422972769,8054000,CRM
2025-06-13,255.37637329101562,262.5909717629192,254.98105985047567,260.3969474833679,7659300,CRM
2025-06-16,260.7922668457031,260.89110274820297,256.9181226552843,257.3431140199852,7177000,CRM
2025-06-17,259.68536376953125,267.3347856940437,259.0330830391531,260.76260568227536,9110100,CRM
2025-06-18,256.8702087402344,262.3936473359399,254.86078211140813,262.11648608397456,7628000,CRM
2025-06-20,257.98870849609375,260.20599805133935,256.632597287455,258.0480980228732,12859200,CRM
2025-06-23,260.7405700683594,262.0570783718201,256.12779153114917,257.9986525084084,9283800,CRM
2025-06-24,268.4219055175781,270.6095003406603,262.74996396273974,263.01721683706216,9713900,CRM
2025-06-25,265.0464782714844,271.22323124336106,264.2743841499998,269.243499628446,6074300,CRM
2025-06-26,267.99627685546875,268.2635599745625,262.47283857442227,266.0561482022367,6708000,CRM
2025-06-27,270.6491394042969,271.39153880662474,266.69955404226255,269.10492085581063,21741400,CRM
2025-06-30,269.9264831542969,273.5790900446194,267.6596822177394,271.67853458781013,8541900,CRM
2025-07-01,269.1543884277344,271.2232041335375,267.8972698529078,269.3226486815319,6256800,CRM
2025-07-02,266.48175048828125,268.95641486689465,262.9578308298002,268.7683379574556,6115200,CRM
2025-07-03,269.3919982910156,271.94586922632914,266.5906910893357,266.9668449641733,5031800,CRM
2025-07-07,267.0657653808594,271.22321358482475,265.4918824744696,268.7584575513867,6283500,CRM
2025-07-08,270.87677001953125,273.9948412466174,266.99651300174173,268.0457683326557,6661200,CRM
2025-07-09,268.1744384765625,272.7673997830748,266.64012846084944,271.5795488166069,6373600,CRM
2025-07-10,261.29486083984375,268.7386403365968,260.54255321008446,268.1546231744487,7244600,CRM
2025-07-11,255.4546661376953,260.2852159215105,254.65287728184055,259.91894021217286,7011200,CRM
2025-07-14,257.04833984375,259.5725157209252,254.89043968206624,255.9792980874179,6533900,CRM
2025-07-15,254.96961975097656,259.15676296454274,254.62319088724348,258.3549740823311,5201500,CRM
2025-07-16,255.3358917236328,256.355452275446,251.94064422161014,256.3059408611347,5649500,CRM
2025-07-17,257.2463684082031,257.56313276279985,254.04909050863486,255.37550725915824,5837400,CRM
2025-07-18,259.72100830078125,260.3149338564321,256.49403594144815,257.6620704022994,6381200,CRM
2025-07-21,259.6220397949219,261.6314664622818,258.988541296129,260.9484565410712,6714700,CRM
2025-07-22,260.9187316894531,263.1954412337756,259.34484863760355,260.3347144720982,5001400,CRM
2025-07-23,264.5119323730469,265.75917291040133,259.83976472845444,261.24538741406866,5620700,CRM
2025-07-24,264.9870910644531,266.57085220363393,262.9479698998658,265.2642522846405,5877100,CRM
2025-07-25,266.3827819824219,268.352635547742,264.3040878828833,265.29395372392383,4015400,CRM
2025-07-28,267.51123046875,267.6003147650934,263.8883180425853,266.7688311242484,4533700,CRM
2025-07-29,264.68023681640625,271.22323540408655,264.6010306339426,268.8475634714057,5137100,CRM
2025-07-30,262.1263427734375,265.05633688964747,260.66133061118006,264.16546377013213,3928200,CRM
2025-07-31,255.7119903564453,262.3540108850355,255.24675227390344,262.3144077991182,7340300,CRM
2025-08-01,248.19894409179688,253.39573928975128,247.59512537891607,252.40587353775996,7646900,CRM
2025-08-04,249.76295471191406,250.93098914710194,248.0999722551223,248.45632455985242,4403500,CRM
2025-08-05,244.98187255859375,250.72308165310693,244.5067261378523,250.44592045975054,6761000,CRM
2025-08-06,246.6448516845703,247.7238017470633,244.51664632430231,246.84282181740755,5834700,CRM
2025-08-07,238.43887329101562,250.4459348999314,234.56849447642423,248.14945415054635,10010200,CRM
2025-08-08,238.0726318359375,240.48790694374674,235.41979858910065,238.84472599608577,8812000,CRM
2025-08-11,230.3219757080078,239.41884516689368,229.22323912890255,236.4987439685131,10740100,CRM
2025-08-12,229.31231689453125,231.30194173274936,224.18480415072196,230.63873345334332,13178000,CRM
2025-08-13,234.62789916992188,234.94466348915196,227.28309643950746,230.64863425847977,10209200,CRM
2025-08-14,231.00498962402344,234.59820750907406,230.5100566967891,234.59820750907406,7544800,CRM
2025-08-15,239.9830780029297,242.0221992280226,232.2522281661348,233.75681337632417,12942800,CRM
2025-08-18,241.49757385253906,242.0420030936196,237.0629790513049,237.34014028237237,8809200,CRM
2025-08-19,243.50698852539062,245.98165304292507,240.98282769667478,242.51712271837684,8642200,CRM
2025-08-20,243.95240783691406,245.06106773306004,241.9726763631243,243.21000853424292,8195100,CRM
2025-08-21,243.3386993408203,243.79402912787995,237.5875817451203,242.5566969393334,5646800,CRM
2025-08-22,245.77377319335938,247.00121222463846,241.63614139333973,243.28921546924374,6694300,CRM
2025-08-25,245.3580322265625,246.84283093390846,244.28897534477503,246.84283093390846,4957700,CRM
2025-08-26,241.26988220214844,246.30829522083806,240.38890229297843,244.19987634997452,8862300,CRM
2025-08-27,247.6248321533203,247.83269551299466,243.12093974248373,243.25952035031779,6506900,CRM
2025-08-28,251.9505157470703,253.05916049921314,247.75347973600506,249.9212880385466,8461200,CRM
2025-08-29,253.65310668945312,255.02903462670199,250.30735551227883,252.8117147329195,7363200,CRM
2025-09-02,250.29745483398438,252.40587372058192,246.2291059861872,252.23759835511981,9312500,CRM
2025-09-03,253.85108947753906,255.3853693418128,248.0108723564554,252.47516155357883,17417900,CRM
2025-09-04,241.5371551513672,242.73489944857198,232.2423156345161,237.6271881532397,30967500,CRM
2025-09-05,248.21875,248.585010627787,241.88361473204293,242.34885288030037,13029400,CRM
2025-09-08,249.71343994140625,250.37664818926865,244.79380589726378,248.25833606332733,12602200,CRM
2025-09-09,249.5055694580078,252.75232805190092,248.66419259614264,248.77307843757853,10901900,CRM
2025-09-10,240.11175537109375,251.4160210423854,239.28025661642187,250.18858200770103,11363600,CRM
2025-09-11,243.78414916992188,244.66512913192696,241.03232344122497,241.23029358133164,6944900,CRM
2025-09-12,240.2998046875,245.08085808553022,238.80511283842083,243.60596778066778,8386400,CRM
2025-09-15,240.06224060058594,242.2300489617226,238.3992583232699,240.78483835291402,7244600,CRM
2025-09-16,236.88478088378906,240.22062377818773,234.8357665431724,240.0622567302118,8779800,CRM
2025-09-17,240.1728973388672,240.95624637957346,237.36669726290728,237.95173143144976,10124000,CRM
2025-09-18,242.2254638671875,245.2101425936466,240.90664811443935,242.1064779777664,9344400,CRM
2025-09-19,245.0118408203125,245.12091626825875,241.30330585104917,243.95084794524863,11813900,CRM
2025-09-22,247.5899658203125,248.37331480825523,241.1148880888675,243.2170528270286,7523800,CRM
2025-09-23,242.5031280517578,249.24593974326382,242.07675182523974,247.6395695794253,7669800,CRM
2025-09-24,243.8219451904297,246.74713123301632,240.9661625460427,243.60379428673593,6707100,CRM
2025-09-25,238.92349243164062,242.60229621769082,237.47578020177681,242.44363826277402,8145500,CRM
2025-09-26,241.38262939453125,242.47338391782566,238.32854699021752,238.66568379543386,4974600,CRM
2025-09-29,243.03858947753906,243.7525351190903,240.82733402613076,242.66178063048287,6373500,CRM
2025-09-30,235.00669860839844,243.14765461421578,233.82670474725575,242.98899667160998,10801100,CRM
2025-10-01,233.70773315429688,240.4307087963897,231.54606016278564,234.5010077854061,10016600,CRM
2025-10-02,236.8708953857422,237.38651101175338,231.63530423988124,233.44989963947984,7679200,CRM
2025-10-03,238.3384552001953,240.76784647331252,236.49409810659859,236.74199548406884,8849800,CRM
2025-10-06,243.71287536621094,248.36343271891099,233.43009670197645,237.3171258741176,13922600,CRM
2025-10-07,237.72366333007812,245.27957019713946,235.55207998502078,244.4069666278678,8387400,CRM
2025-10-08,238.40785217285156,239.29038133809797,233.66805565379684,237.72366813905512,7120200,CRM
2025-10-09,243.2666473388672,243.8913535488906,235.15543757815232,237.25761755059034,7929100,CRM
2025-10-10,239.64735412597656,246.95537936600203,238.69543663522404,244.44665902598686,7988300,CRM
2025-10-13,246.6578826904297,247.25284242950303,240.33153697807134,240.84716774323795,8276500,CRM
2025-10-14,237.75341796875,246.19183914255285,237.53526706894007,246.02327074369154,9123900,CRM
2025-10-15,234.59024047851562,239.29038005035022,233.915951765761,238.84415268096708,8389200,CRM
2025-10-16,243.93101501464844,254.58067647447976,240.62902019086874,251.06054588249407,24869700,CRM
2025-10-17,241.03558349609375,248.67081981071098,240.12332294896245,244.4962363844956,10851200,CRM
2025-10-20,252.14137268066406,253.25194806055623,242.24531387081268,242.9394234832453,9963900,CRM
2025-10-21,261.1946105957031,264.8833249829649,251.8637491703276,252.35954395215896,13354700,CRM
2025-10-22,254.48153686523438,260.19307165205544,254.3526253920043,259.99477191400933,9370000,CRM
2025-10-23,252.9049072265625,256.3853809552256,251.98272111561099,255.4334634999039,6110100,CRM
2025-10-24,252.68675231933594,256.32588394302724,251.86373122448322,255.254980605377,5490800,CRM
2025-10-27,253.32138061523438,255.92926594327844,252.7760033429592,254.91782524700847,4942400,CRM
2025-10-28,252.1215362548828,256.663017898251,252.0025503587843,253.3213661855435,6435600,CRM
2025-10-29,249.3450927734375,251.4373471434884,246.945432960583,249.8805444255208,7904200,CRM
2025-10-30,254.49143981933594,257.09932505321905,247.89737567847064,248.3931704298276,7767800,CRM
2025-10-31,258.2198181152344,259.61796290249885,250.50525323110855,252.65700057036403,6878300,CRM
2025-11-03,259.1419982910156,259.3601491931292,252.9544894469363,257.81327198210937,7054300,CRM
2025-11-04,252.30003356933594,257.0795021986246,251.32828010060672,255.97882212332408,6792200,CRM
2025-11-05,250.55482482910156,254.66991515645358,249.89046168709646,252.55783983349846,5241200,CRM
2025-11-06,237.25762939453125,248.43283242433264,232.50790710651054,248.43283242433264,11041800,CRM
2025-11-07,237.8624725341797,238.94330135986914,233.80686034776605,234.16383314061667,5741500,CRM
2025-11-10,239.67710876464844,239.87542364191864,233.10286542647705,237.98148403350936,6486600,CRM
2025-11-11,242.44363403320312,243.63353841341004,239.1317287169831,239.86549526737556,5762800,CRM
2025-11-12,243.9508514404297,246.3405706207466,241.63052052637,243.67320759267125,4278200,CRM
2025-11-13,238.40785217285156,243.83184785615745,237.89223653553728,243.18732074428723,5542100,CRM
2025-11-14,241.61070251464844,243.11790766891366,235.4231785540507,236.30569260862964,5512900,CRM
2025-11-17,235.0364532470703,240.78767525748196,233.60856197491793,240.03407269960363,5280900,CRM
2025-11-18,231.53614807128906,235.79006036560548,228.33331822528856,234.2531087461558,8045100,CRM
2025-11-19,225.96340942382812,230.3263969654728,223.16711990334858,230.0487531290293,9710700,CRM
2025-11-20,223.47451782226562,229.12659000199383,221.42193545220667,227.32188987320657,7521100,CRM
2025-11-21,225.19989013671875,226.75667777134558,220.09321030502406,222.96881377968526,7479300,CRM
2025-11-24,224.91233825683594,226.9153381582893,223.1472950220756,225.4279539042935,8563300,CRM
2025-11-25,232.15093994140625,232.65666029395402,224.61486846119706,224.89251232396785,10233000,CRM
2025-11-26,226.23114013671875,230.86187645262453,224.09922874727846,228.57129198018285,8506600,CRM
2025-11-28,228.6010284423828,230.60404339679658,226.7071040647147,227.07398732476037,3691500,CRM
2025-12-01,230.8717803955078,232.27983564115718,226.67736113251712,226.74676452826608,5634700,CRM
2025-12-02,232.73597717285156,234.65964808475965,229.67195413226,231.0601885043919,7626200,CRM
2025-12-03,236.71224975585938,237.24770143548375,231.19901448440416,233.38050838693212,13782000,CRM
2025-12-04,245.3787384033203,246.87603306520793,235.60166556414606,241.6404418420451,20912100,CRM
2025-12-05,258.37847900390625,259.67745880654763,247.40157615785142,248.72039198669214,15852400,CRM
2025-12-08,257.3471984863281,262.0572481860146,254.18402584608714,259.6774396530913,10805400,CRM
2025-12-09,258.8246765136719,260.04434247430436,256.8216766476447,257.81326613277076,8045900,CRM
2025-12-10,261.97796630859375,263.6933968309874,256.97042101831755,258.55697032079036,8894700,CRM
2025-12-11,260.1435241699219,265.64683406118695,258.5767957367673,261.283846098816,7783800,CRM
2025-12-12,260.0245056152344,262.2654771366241,258.7156003126054,261.3036341846645,6006600,CRM
2025-12-15,252.4388427734375,260.0740784753494,250.9613690531332,259.0130705063725,10271800,CRM
2025-12-16,252.7660675048828,253.7080744457603,249.9896140498327,251.86371748416207,6145300,CRM
2025-12-17,255.96893310546875,259.7667076505979,254.09481438825583,254.17412823502025,6269000,CRM
2025-12-18,256.09405517578125,258.2989382537239,254.41556160109837,256.6601807669533,5654200,CRM
2025-12-19,258.1400146484375,260.25551418251956,253.76004314331402,258.90476003133085,20732100,CRM
2025-12-22,262.827880859375,262.827880859375,256.6502376986757,258.8451791646396,5664200,CRM
2025-12-23,261.63604736328125,262.4405288782817,258.7458606831942,260.930890915143,4745100,CRM
2025-12-24,263.45361328125,264.48650915303597,260.76204631117145,261.43743860857757,2076600,CRM
2025-12-26,264.26800537109375,266.0855602062323,262.99672327039974,262.99672327039974,2456400,CRM
2025-12-29,264.4169616699219,267.27732316155567,262.9072936026629,262.9072936026629,4300100,CRM
2025-12-30,264.1091003417969,266.45301421268863,263.5230915643202,264.8440512488132,3291800,CRM
2025-12-31,263.10595703125,264.28785551332874,262.58950916142027,263.4833740671746,3367900,CRM
2026-01-02,251.89285278320312,263.57277733825595,250.7606167452008,263.1953602739627,9680600,CRM
2026-01-05,254.514892578125,257.8222021169872,250.5917797464572,251.8928562905814,6421500,CRM
2026-01-06,261.1096496582031,261.75521710792253,253.26345457831587,253.46208955093132,6103300,CRM
2026-01-07,264.3077392578125,266.0060858079951,261.7055860975985,261.7055860975985,5976200,CRM
2026-01-08,258.75579833984375,263.394009134812,258.63662038532715,262.5994389217771,5243500,CRM
2026-01-09,258.1698303222656,259.2524038660146,254.76319564196987,258.22941930193946,5174400,CRM
2026-01-12,257.63348388671875,259.77877795676943,254.02821443677803,257.2362139425806,4927700,CRM
2026-01-13,239.41839599609375,259.1332249596227,238.7231659776434,255.9053572301452,13661000,CRM
2026-01-14,237.9385528564453,240.59036853046848,234.84973112590097,237.5511941796288,10149300,CRM
2026-01-15,231.93966674804688,237.21350338835418,230.09233268402448,235.4059054123066,11489600,CRM
2026-01-16,225.5634002685547,231.363626713847,224.89796473178896,231.363626713847,13902600,CRM
2026-01-20,218.5713348388672,226.38773544181177,217.8661632569629,222.01769026362217,13050800,CRM
2026-01-21,220.07106018066406,221.8687318042425,217.46890701547346,218.6507904829158,12616600,CRM
2026-01-22,226.53671264648438,227.162427221411,219.60425040881225,220.7265600038705,9483000,CRM
2026-01-23,226.4969940185547,229.27792919057478,225.1065188551059,225.23563841121518,9408000,CRM
2026-01-26,227.83778381347656,229.37723137063728,226.04011230767918,227.8675783015932,7239600,CRM
2026-01-27,226.97372436523438,234.1346314027617,224.72912027386116,230.3605061244008,9838400,CRM
2026-01-28,226.40760803222656,230.2810431236355,226.1195744340916,227.82786251411738,8465900,CRM
2026-01-29,212.62213134765625,215.8003365308671,207.35822096193445,215.19448998384271,18555600,CRM
2026-01-30,210.84429931640625,214.08210842911086,209.59288536691182,212.7015749295142,11090400,CRM
2026-02-02,209.3743896484375,215.41298690274766,208.3712731650351,212.8902908724165,7950900,CRM
2026-02-03,195.04266357421875,204.16014080488003,191.7949279222085,203.6039568110546,20194200,CRM
2026-02-04,198.0818328857422,199.30345244636243,186.00463782054652,191.99357281794167,23010000,CRM
2026-02-05,188.6763153076172,198.20100426492584,187.50434316623776,192.668943558262,21956300,CRM
2026-02-06,190.0469207763672,193.27478841588564,185.84571598326687,190.32501277599707,13652600,CRM
2026-02-09,192.7086639404297,193.87069447884485,184.46518350509197,188.01087925335761,12112000,CRM
2026-02-10,192.13259887695312,197.7441313649671,189.4509889580633,190.59315137475897,13393000,CRM
2026-02-11,183.7401580810547,192.35111394118692,180.5718794169307,191.83465087510695,16350200,CRM
2026-02-12,184.16722106933594,187.03755482156245,179.01257751348297,184.6936257308121,16849100,CRM
2026-02-13,188.42800903320312,192.13260350990737,183.04492102262535,185.1703470279448,14822900,CRM
2026-02-17,183.03497314453125,191.68566446278487,181.9226052262247,189.66949003341614,13692900,CRM
2026-02-18,186.5111541748047,186.85877675677827,180.6215444099069,182.62779256883127,9852900,CRM
2026-02-19,184.02816772460938,185.67686675544363,181.98219875725258,185.32925934970555,9565100,CRM
2026-02-20,183.89906311035156,190.42431349692956,182.47879353697357,184.05797714672107,10816200,CRM
2026-02-23,176.94674682617188,181.2273936107796,173.38119810563873,180.0355685556146,15498600,CRM
2026-02-24,184.15728759765625,187.3851550909298,175.07953162276812,176.43027062614843,15564700,CRM
2026-02-25,190.44419860839844,191.28841624175584,181.01881925541315,181.75378537333464,21875100,CRM
2026-02-26,198.1116180419922,199.67091852072042,190.0270517409182,195.42006637154898,26680500,CRM
2026-02-27,193.46348571777344,194.58579533860637,188.62665496017053,190.60310864144105,16346500,CRM
2026-03-02,191.63601684570312,194.6056605467623,189.38147119202358,191.18908435481023,9932700,CRM
2026-03-03,194.7149200439453,197.31707322842655,188.2889789535958,189.45100953952547,13208900,CRM
2026-03-04,191.76515197753906,195.13206590956048,190.791829894223,193.7714002820253,11583700,CRM
2026-03-05,200.01853942871094,203.027904005614,192.91723677995333,193.036414733929,15860900,CRM
2026-03-06,200.733642578125,201.57786018664046,196.02591626270382,199.42262443147192,9657400,CRM
2026-03-09,197.43624877929688,202.2830212056148,194.53613557244566,197.20781930490568,10754800,CRM
2026-03-10,193.58267211914062,198.2109412897675,189.30202552048814,195.9166595935153,14467400,CRM
2026-03-11,192.8079833984375,198.19107148731072,189.9873122244243,195.0625138319317,9580000,CRM
2026-03-12,197.92291259765625,203.46491491333137,191.8346527217226,192.80798988541147,26309700,CRM
2026-03-13,191.51683044433594,199.6311909649738,190.4441834205658,198.36983541551118,14834700,CRM
2026-03-16,196.9893035888672,197.2773371794379,193.82102502185103,193.82102502185103,13419600,CRM
2026-03-17,193.97994995117188,201.00181101332737,193.1258058856387,196.870136689126,11559300,CRM
2026-03-18,193.0165557861328,194.8142273994103,191.32813568744072,192.08295468965375,10525100,CRM
2026-03-19,193.66213989257812,199.03528672813619,191.9836462262046,194.25804484992108,9254300,CRM
2026-03-20,194.04946899414062,194.3374874288811,188.7061018910339,191.89424849112825,20201100,CRM
2026-03-23,193.850830078125,196.70129587684067,190.69249293817774,195.74782674400356,13976200,CRM
2026-03-24,181.77365112304688,190.8315397252546,181.0486114593648,190.8315397252546,18631400,CRM
2026-03-25,180.7208709716797,186.11388575256032,178.62523932745174,184.4353921172228,12565200,CRM
2026-03-26,184.3758087158203,186.19334840910557,178.30741662633756,179.9461742219026,10330700,CRM
2026-03-27,178.0889129638672,182.85622843623207,177.6022595179307,182.7469769199218,9902000,CRM
2026-03-30,183.7699432373047,185.1206822343098,178.35706080510735,178.873523844959,11617700,CRM
2026-03-31,185.39877319335938,187.21631268951384,181.0684642406058,183.64082267168922,11041400,CRM
2026-04-01,184.9717254638672,187.69305657672035,181.76371060247217,185.57757201725383,11677700,CRM
2026-04-02,185.9053192138672,186.30260435442378,180.34346363998176,184.0381320953261,11635500,CRM
2026-04-06,183.7699432373047,186.85876472248452,182.34968882130843,186.22312373300426,14391000,CRM
2026-04-07,181.71405029296875,185.3093932676422,180.78044926189565,183.6904887071696,12344600,CRM
2026-04-08,175.16893005371094,185.49811600774805,174.5829515420302,185.22995044202645,13472100,CRM
2026-04-09,170.11090087890625,173.53600651391776,166.39702609690565,172.42085654869442,20855400,CRM
2026-04-10,164.2463836669922,170.51911748141393,162.8126107290287,170.51911748141393,18109300,CRM
2026-04-13,172.0723876953125,172.64986524473616,165.05288296806555,166.32734447058994,12390800,CRM
2026-04-14,170.56890869140625,176.73213311656963,169.76241519084576,174.45204636569144,13123600,CRM
2026-04-15,176.8317108154297,178.842961383224,172.13212825786283,173.4663277892384,14340300,CRM
2026-04-16,180.43605041503906,183.7516467853238,177.7975202909648,183.20402302576684,11866700,CRM
2026-04-17,181.35206604003906,187.16679869125107,180.2468672661974,184.62782689266567,17225700,CRM
2026-04-20,185.4641876220703,188.1823732032504,181.33213168739005,181.71049264335025,14382300,CRM
2026-04-21,186.30056762695312,192.72266205659292,183.30359427786254,185.79277934305472,12073700,CRM
2026-04-22,188.9789276123047,190.32307839218262,186.22090638746613,187.38584314047216,14565900,CRM
2026-04-23,172.55030822753906,178.09620453908036,169.91176299674837,176.79187402244924,22719900,CRM
2026-04-24,177.3892822265625,177.67802099968907,173.64553828976923,174.86026177656544,10817600,CRM
2026-04-27,179.40052795410156,183.4927485632761,176.74208028723328,177.48883576195288,11907000,CRM
2026-04-28,180.53561401367188,183.6221942474171,180.53561401367188,181.64079755049028,8711700,CRM
2026-04-29,180.43605041503906,180.993625445577,176.58279674895851,178.42478460392994,6882800,CRM
2026-04-30,175.76634216308594,177.91700179812335,172.25161391537955,177.5286895189733,14408300,CRM
2026-05-01,183.02479553222656,185.23517775709007,177.97672123732488,181.40184210764588,12324400,CRM
2026-05-04,184.67759704589844,189.4867039708132,183.17413487478322,183.4429710909726,8444700,CRM
2026-05-05,186.18109130859375,186.57935484127736,180.3165719120649,184.74731828248485,9740800,CRM
2026-05-06,180.4061737060547,186.29061066672372,178.80313796531692,184.71744393043366,11303400,CRM
2026-05-07,185.5338897705078,187.76420500299514,183.2040162535504,183.80142673148902,13955100,CRM
2026-05-08,181.03346252441406,181.0832340725416,176.11483030121695,178.9027054786904,15123900,CRM
2026-05-11,176.72218322753906,181.71050448397241,175.54728001063023,179.13171247756284,11145000,CRM
2026-05-12,170.56890869140625,176.81178885885427,169.8420709331304,176.81178885885427,10214000,CRM
2026-05-13,165.12257385253906,169.04553187519093,164.03729283000675,169.04553187519093,11951900,CRM
2026-05-14,166.8550567626953,168.61740406025308,163.6191161459536,165.28188996280727,9749400,CRM
2026-05-15,172.75938415527344,175.208748793394,168.26890004362795,168.51781853481674,13883400,CRM
2026-05-18,178.7035675048828,179.99794675965515,171.05679838161558,172.14207940894528,13671200,CRM
2026-05-19,178.64382934570312,186.62913917305158,178.03646759089023,184.19969215379996,17510800,CRM
2026-05-20,179.32090759277344,179.52999064127536,172.5901410995666,175.2784580726278,13025300,CRM
2026-05-21,175.5472869873047,176.57283002972753,171.2459830488208,174.6213174256682,10949100,CRM
2026-05-22,179.29103088378906,182.55684050514856,176.91135535362608,179.06201491679843,10176700,CRM
2026-05-26,178.3052978515625,181.5711072848628,176.91134516631826,177.65810065002006,13617200,CRM
2026-05-27,176.74209594726562,183.12437028296355,176.12478289515707,177.2299817033781,18524900,CRM
2026-05-28,175.4078826904297,181.69058305393472,170.90743206078423,177.65810040886282,22559400,CRM
2026-05-29,190.2733154296875,193.300157831373,179.24124522546262,179.4602947300403,33998900,CRM
2026-06-01,208.69326782226562,210.42573078703867,197.352542040295,197.89019929317448,27594800,CRM
2026-06-02,199.97117614746094,203.50582212700357,194.91315005947894,200.15040537992587,19216600,CRM
2026-06-03,189.78541564941406,196.8248227029743,188.9092176958791,196.41660792260376,14154400,CRM
2026-06-04,187.9334716796875,197.23306340024567,185.30489286893842,196.95427588946774,14453600,CRM
2026-06-05,184.85684204101562,191.6771999565016,184.03043078199042,188.97893187257114,13183900,CRM
2026-06-08,181.7602996826172,184.21961578552705,180.92393713233002,183.11441698951177,11177800,CRM
2026-06-09,174.5914306640625,181.67067295305804,170.8178179406258,178.72347141920568,15427800,CRM
2026-06-10,170.18060302734375,174.77066090372276,169.29445375021453,169.86199523865795,10820500,CRM
2026-06-11,166.15768432617188,168.68324002592192,163.02319927399245,167.97449542856495,16666000,CRM
2026-06-12,165.59866333007812,166.24751570711442,161.11654318571533,164.45068905317035,13589400,CRM
2026-06-15,164.26101684570312,169.65152715835328,163.88167933552708,165.7384133733495,13541800,CRM
2026-06-16,161.42601013183594,166.00794547648326,160.21812844274586,163.77187390130433,16385300,CRM
2026-06-17,154.7477569580078,161.1464880907799,153.95913583212104,159.96856772714034,19986200,CRM
2026-06-18,151.51344299316406,154.19872125667314,149.5369245308901,152.46177155831626,57940800,CRM
2026-06-22,149.85635375976562,153.59976799422813,146.06303952110352,149.89629204151515,20502800,CRM
2026-06-23,153.1505584716797,154.90746203605198,150.58507988488608,151.3836627210609,20720700,CRM
2026-06-24,152.49171447753906,156.78416578154756,150.13585854547796,151.5433859321397,13146800,CRM
2026-06-25,149.92623901367188,153.72954546101067,148.51871159760412,149.74654720873116,11324700,CRM
2026-06-26,158.0918731689453,158.18172669148592,151.22396585960973,151.22396585960973,21267900,CRM
2026-06-29,157.6526336669922,161.47590919170364,157.4230418613804,159.98853570040265,12664100,CRM
2026-06-30,156.38487243652344,157.41306229956933,153.79942473166005,154.81762240854619,13690500,CRM
2026-07-01,162.94332885742188,165.5187996520913,160.91689519122698,161.93510811748962,14164600,CRM
2026-07-02,165.8182830810547,166.91635738599376,161.7155003336798,162.71374416290004,10486300,CRM
2026-07-06,165.3590850830078,167.42545713166504,162.08484652458776,163.7020118941432,10595500,CRM
2026-07-07,169.2222900390625,172.07726786232246,167.38550990550306,168.92281385833064,13057900,CRM
2026-07-08,166.28746032714844,167.23578892665194,164.4906183727253,167.07606625692716,9792400,CRM
2026-07-09,162.21461486816406,163.51233483350762,156.2051830247059,158.05194011753997,13858600,CRM
2026-07-10,163.03318786621094,166.00795018252597,162.13475928971866,165.309182555471,8321500,CRM
2026-07-13,170.9193115234375,172.45660033514153,165.62861612441756,165.62861612441756,14020700,CRM
2026-07-14,167.26573181152344,171.04908441402395,161.18643061178116,162.20464357173537,13507900,CRM
2026-07-15,166.7067108154297,172.4965277703878,166.26748111628243,170.22053317661667,13328100,CRM
2026-07-16,172.37673950195312,174.23347365925665,166.58693739801024,170.5399744864679,12057500,CRM
2026-07-17,170.4700927734375,175.1218971627477,169.45187986364394,171.19880646017637,10191500,CRM
2026-07-20,173.4847869873047,175.08198319404937,166.2075962327059,167.5652084388413,13426500,CRM
2026-07-21,169.76133728027344,172.1271701993457,166.63682932879615,166.76660589633732,12831800,CRM
2026-07-22,162.7137451171875,169.27221442498495,161.92513918955498,169.17238394868065,12194500,CRM
2026-07-23,156.65438842773438,165.58868240689682,154.87751572533796,164.76013824512907,12775000,CRM
2026-07-24,163.37258911132812,164.16119503609974,159.2698063547753,160.0983505627206,10899100,CRM
2026-07-27,173.29513549804688,176.63924319933312,166.84647363492246,167.70496394056457,17312000,CRM
2026-07-28,181.18124389648438,184.2158982492034,176.59930865692883,176.59930865692883,17204600,CRM
2026-07-29,188.04917907714844,189.84600579995922,181.69035547131784,181.69035547131784,18139500,CRM
2026-07-30,180.39263916015625,182.1894657683464,175.59107381078547,180.67214619840766,12182400,CRM
2026-07-31,183.6968231201172,184.1260606305619,176.719093672914,177.38791517206647,9691500,CRM
2026-08-03,185.62342834472656,193.3598176605707,185.5735131091938,188.65809797401798,12908000,CRM
2026-08-04,190.6545867919922,190.95404774317345,182.67861343238377,182.76845171773815,9326900,CRM
2026-08-05,192.64108276367188,194.5976472985604,190.0955580470331,192.9405589477455,9605500,CRM
2026-08-06,186.44200134277344,186.69156229618915,182.67861790030668,183.11784761543703,13297600,CRM
2026-08-07,192.40151977539062,194.35806913699778,190.2652786051507,190.75440832955653,11392800,CRM
2026-08-10,197.1631317138672,197.83195324647698,189.66632609742803,189.83602571925513,9706600,CRM
2026-08-11,197.12319946289062,199.03982568300384,195.1566580076304,196.59413148071312,11171600,CRM
2026-08-12,192.98049926757812,196.1549072491085,191.44319528135938,191.6628101365335,12787900,CRM
2026-08-13,201.016357421875,202.63352280232277,191.0538881519706,196.4943140399408,15058700,CRM
2026-08-14,195.86541748046875,204.04102118972457,194.9769811314243,202.3939250564146,8664800,CRM
2026-08-17,190.63462829589844,194.59765757905976,189.57649225733002,193.4896063018435,14378800,CRM
2026-08-18,195.79554748535156,199.05980912906665,192.89065423573348,193.74914455318788,14152900,CRM
2026-08-19,205.72805786132812,207.58479190950163,193.8689320609861,193.8689320609861,17843600,CRM
2026-08-20,205.0692138671875,207.5149233311111,202.64348877595435,204.8595912018172,11482300,CRM
2026-08-21,208.8026580810547,210.6993304789719,204.3704530814486,205.21896642156838,9685400,CRM
2026-08-24,208.69285583496094,212.79563864790583,207.0257904413594,208.05398038332925,9580200,CRM
2026-08-25,205.32876586914062,209.9406472657768,204.40039123164104,205.48848852987044,10081800,CRM
2026-08-26,205.25888061523438,206.07744782398032,198.6005964484484,199.58886327149727,14888900,CRM
2026-08-27,251.60736083984375,254.03308603964834,229.6459965412689,229.6459965412689,55517500,CRM
2026-08-28,255.5504150390625,263.0671897003631,248.56270837783813,250.0301279952546,34362700,CRM
2026-08-31,257.08770751953125,261.8193732125837,253.94323052362589,253.94323052362589,22471500,CRM
2026-09-01,257.6567077636719,261.8593363431507,253.80350109154352,254.56216094068927,15897500,CRM
2026-09-02,256.478759765625,264.0853722779391,253.15462147722897,258.92446914243163,14393700,CRM
2026-09-03,263.9656066894531,267.7988593124239,261.14059007574764,261.5199276025597,16028300,CRM
2026-09-04,258.7747497558594,263.1370702625856,257.36722235025957,262.89747103645215,10490600,CRM
2026-09-08,248.6824951171875,253.55392982426912,245.45817184934052,253.27442277373083,17482700,CRM
2026-09-09,243.73121643066406,254.35253013956037,243.02245661149126,249.3413418635835,11853700,CRM
2026-09-10,242.5732421875,248.06358306005657,241.32543744373714,244.91912119857076,10732600,CRM
2026-09-11,247.2849578857422,250.1099896964979,241.59497121389842,241.59497121389842,9738300,CRM
2026-09-14,258.9743957519531,259.7230786425112,251.0583293004754,255.3008656803045,12963700,CRM
2026-09-15,255.20101928710938,261.87927269153323,254.63202824640504,256.43886230448,11502800,CRM
2026-09-16,250.09999084472656,255.9497000259878,249.16165448300154,251.4077029961344,9423800,CRM
2026-09-17,242.85000610351562,247.0,241.52000427246094,244.17999267578125,16611300,CRM
2026-09-18,237.9199981689453,244.25,236.5500030517578,244.25,21962400,CRM
2026-09-21,236.4199981689453,241.33999633789062,236.25,239.8000030517578,10581900,CRM
2026-09-22,233.27999877929688,242.44000244140625,229.80999755859375,241.5,13635600,CRM
2026-09-23,237.5800018310547,241.1199951171875,234.24000549316406,234.4199981689453,12353500,CRM
2026-09-24,238.22000122070312,242.08999633789062,237.0,240.63999938964844,11074000,CRM
2026-09-25,234.02000427246094,239.3699951171875,233.3800048828125,237.02999877929688,8735500,CRM
2026-09-28,227.27000427246094,230.57000732421875,221.17999267578125,224.97000122070312,10327500,CRM
2026-09-29,225.30999755859375,228.97999572753906,223.42999267578125,227.27000427246094,13506300,CRM
2026-09-30,229.57000732421875,233.75999450683594,224.42999267578125,225.39999389648438,11228200,CRM
2026-10-01,236.69000244140625,239.4499969482422,230.75,235.27999877929688,9571200,CRM
2026-10-02,234.69000244140625,239.0,233.1699981689453,238.11000061035156,7901800,CRM
