Date,Close,High,Low,Open,Volume,Ticker
2005-09-30,7.8447699546813965,7.870550878825696,7.741399695336873,7.789242319047099,365685948,GOOGL
2005-10-03,7.899803161621094,7.935251993992818,7.753795481708597,7.774618228531007,366045588,GOOGL
2005-10-04,7.7094221115112305,7.964254178427574,7.702976526217359,7.931284674286274,365406228,GOOGL
2005-10-05,7.70223331451416,7.806099058194584,7.635054409150471,7.751315363479895,332802864,GOOGL
2005-10-06,7.752804279327393,7.795689201047953,7.686864319396632,7.787260248848383,319432248,GOOGL
2005-10-07,7.758752822875977,7.849976798173052,7.698019026935926,7.803373127490013,270541188,GOOGL
2005-10-10,7.700745582580566,7.804115840998362,7.663561366952115,7.766685062604797,222665112,GOOGL
2005-10-11,7.587954998016357,7.750323665519533,7.557216367331724,7.699754208726387,341362296,GOOGL
2005-10-12,7.460787296295166,7.614974994674165,7.411951807938005,7.5656454360895005,371875752,GOOGL
2005-10-13,7.3732805252075195,7.486320106964346,7.205706171782504,7.486320106964346,422285292,GOOGL
2005-10-14,7.341055870056152,7.44244324157581,7.251814785753837,7.434262741932911,340423236,GOOGL
2005-10-17,7.560688018798828,7.565645725592626,7.301888261151199,7.374768818263991,302365332,GOOGL
2005-10-18,7.518050670623779,7.634063655702258,7.504664011950306,7.559696163793491,282828888,GOOGL
2005-10-19,7.652407169342041,7.6814113606484415,7.5349072486616375,7.535898695572347,280147572,GOOGL
2005-10-20,7.516067028045654,7.712644631347744,7.466736524283631,7.6843853255483765,555911532,GOOGL
2005-10-21,8.42582893371582,8.587701656029198,8.254783319889333,8.572085068016507,914780304,GOOGL
2005-10-24,8.642733573913574,8.658847066686805,8.482595288901305,8.511847461248324,376890732,GOOGL
2005-10-25,8.59959888458252,8.611746587689012,8.49920344170675,8.571588032664746,274856868,GOOGL
2005-10-26,8.811051368713379,8.824933514599643,8.581751760520847,8.58398310646051,355943700,GOOGL
2005-10-27,8.752052307128906,8.851952737100333,8.717844321599873,8.839806923122625,205170624,GOOGL
2005-10-28,8.878726959228516,8.89806277414173,8.800641177076058,8.806839256108969,235903860,GOOGL
2005-10-31,9.225030899047852,9.289730488796215,8.911944324249164,8.930039766394211,573142284,GOOGL
2005-11-01,9.404501914978027,9.516549093975774,9.14743805621512,9.218088201025795,653589756,GOOGL
2005-11-02,9.41193962097168,9.543817626875661,9.349718897613085,9.462012641766382,422193384,GOOGL
2005-11-03,9.567367553710938,9.582985085094112,9.454080936031877,9.479614825201718,297638064,GOOGL
2005-11-04,9.678422927856445,9.712135896278959,9.554972455682108,9.667267144403047,352643004,GOOGL
2005-11-07,9.79245376586914,9.852939107798203,9.721061091753453,9.79418820739821,383276340,GOOGL
2005-11-08,9.665285110473633,9.806335074041998,9.63256311355395,9.7731171175293,315584100,GOOGL
2005-11-09,9.398801803588867,9.62537409549985,9.371037513130418,9.585215538596527,418257324,GOOGL
2005-11-10,9.69503116607666,9.701229243844454,9.356164182688817,9.379217328820118,364782852,GOOGL
2005-11-11,9.677679061889648,9.838808298593694,9.639255892613226,9.794683955895513,282273444,GOOGL
2005-11-14,9.840544700622559,9.871530368814406,9.70569186072262,9.720317473983174,312003684,GOOGL
2005-11-15,9.737174034118652,9.84128776434584,9.691314302389419,9.776339728170816,344651004,GOOGL
2005-11-16,9.869794845581055,9.887146817867006,9.76964690971551,9.82145626381386,347460192,GOOGL
2005-11-17,10.001178741455078,10.01010318137202,9.904005600439259,9.96027671170131,368119512,GOOGL
2005-11-18,9.920863151550293,10.02720919098913,9.911938711102062,10.002171256233131,280742976,GOOGL
2005-11-21,10.147682189941406,10.163052215827998,9.754279433938928,9.895080963028843,412990596,GOOGL
2005-11-22,10.323932647705078,10.344756339666333,10.070092947978859,10.130081391622268,383456160,GOOGL
2005-11-23,10.482335090637207,10.528443275248438,10.306828680589094,10.338061855470599,402996600,GOOGL
2005-11-25,10.625120162963867,10.628342483352025,10.542820154199314,10.554719405917059,193410396,GOOGL
2005-11-28,10.497703552246094,10.690066892474725,10.47192310292042,10.654866045909195,439895664,GOOGL
2005-11-29,10.003409385681152,10.570089027029487,9.968704495741292,10.521997007075262,858972168,GOOGL
2005-11-30,10.037370681762695,10.125123415902147,9.805592217529192,10.0212581344386,623240136,GOOGL
2005-12-01,10.264935493469238,10.298400016749145,10.12115820730425,10.143716341659514,389406204,GOOGL
2005-12-02,10.354423522949219,10.399787294583483,10.259233287943909,10.335583670852131,301438260,GOOGL
2005-12-05,10.060673713684082,10.349467737379639,10.021754575602115,10.33707252375826,411164424,GOOGL
2005-12-06,10.028199195861816,10.322446858470267,9.957798432529147,10.131321959654972,604406988,GOOGL
2005-12-07,10.020267486572266,10.081744759980566,9.891115805383174,10.068357627176827,466169364,GOOGL
2005-12-08,10.179661750793457,10.179661750793457,9.981099341623812,10.047039303859943,356043600,GOOGL
2005-12-09,10.143715858459473,10.3068289504976,10.127850818452938,10.287492193090564,305430264,GOOGL
2005-12-12,10.228245735168457,10.292697805110734,10.162306731240761,10.278319701388964,277725996,GOOGL
2005-12-13,10.349217414855957,10.361859189012224,10.204200715769112,10.225519421297767,326225448,GOOGL
2005-12-14,10.385658264160156,10.404746571281295,10.299640907107392,10.338063139475548,264950784,GOOGL
2005-12-15,10.474650382995605,10.489276941000472,10.324676914283945,10.38937650122687,241590168,GOOGL
2005-12-16,10.66304874420166,10.721302744393308,10.479607922581385,10.543812493553979,652566780,GOOGL
2005-12-19,10.525468826293945,11.061161910828964,10.414165093156358,10.713866414125453,876594528,GOOGL
2005-12-20,10.652883529663086,10.71386482771374,10.527201709208923,10.606279390724975,402984612,GOOGL
2005-12-21,10.568353652954102,10.829383345825754,10.429039065683211,10.747331784905713,448427124,GOOGL
2005-12-22,10.70989990234375,10.730225743749584,10.55843761946409,10.703205864780925,301562136,GOOGL
2005-12-23,10.682382583618164,10.7213017122788,10.629086295408856,10.712625726123665,183620196,GOOGL
2005-12-27,10.526461601257324,10.705438804669583,10.479858396315128,10.705438804669583,267843888,GOOGL
2005-12-28,10.577277183532715,10.604297061765903,10.442671862582701,10.519022242929687,284431284,GOOGL
2005-12-29,10.415155410766602,10.62784648573274,10.390862839344832,10.609254142814137,277554168,GOOGL
2005-12-30,10.284021377563477,10.367065794494344,10.256258032560448,10.343763251665745,303180516,GOOGL
2006-01-03,10.788976669311523,10.799884001779867,10.367313706446224,10.47390723312781,524323152,GOOGL
2006-01-04,11.037116050720215,11.129331471826504,10.90102379256324,11.003899038612042,610844544,GOOGL
2006-01-05,11.185850143432617,11.193535155518498,10.944404729302814,11.055955962509598,431899668,GOOGL
2006-01-06,11.543310165405273,11.663288930349633,11.235428844311043,11.325412918019314,709565724,GOOGL
2006-01-09,11.57404899597168,11.735178245858648,11.426305932330921,11.561902236426603,511164324,GOOGL
2006-01-10,11.64494514465332,11.657090957933454,11.453572774530977,11.512570233578261,363520116,GOOGL
2006-01-11,11.691303253173828,11.777569058657148,11.630569450765485,11.682378813426563,359935704,GOOGL
2006-01-12,11.492988586425781,11.774593516816903,11.440188252405571,11.743110944506778,404606988,GOOGL
2006-01-13,11.55793571472168,11.573800753362438,11.442913712233725,11.509843694528534,305957736,GOOGL
2006-01-17,11.579256057739258,11.648418345941334,11.465722853368204,11.478860589559352,330481188,GOOGL
2006-01-18,11.028937339782715,11.33756122538552,10.987786858578968,11.08818326330643,818608572,GOOGL
2006-01-19,10.819220542907715,11.241628927565522,10.733699145555898,11.18411744340706,580910508,GOOGL
2006-01-20,9.90226936340332,10.907964949730315,9.785264458628289,10.874995443395148,1643023332,GOOGL
2006-01-23,10.597357749938965,10.619419924366317,10.057697918595487,10.098600891463327,908746344,GOOGL
2006-01-24,10.982331275939941,11.029926390318838,10.770384606956846,10.80880777569038,617965416,GOOGL
2006-01-25,10.733698844909668,11.259971562751149,10.639995532537661,11.186348476286788,748842408,GOOGL
2006-01-26,10.765179634094238,10.906974018392233,10.499688196024485,10.8958182332388,516526956,GOOGL
2006-01-27,10.745842933654785,10.863095336675197,10.634044196683107,10.783275128963128,337749912,GOOGL
2006-01-30,10.580499649047852,10.740637916356809,10.535384330451421,10.640241524543343,343212444,GOOGL
2006-01-31,10.725268363952637,10.897305890307612,10.509851848010573,10.67345995029086,881757360,GOOGL
2006-02-01,9.9597806930542,9.965233414765816,9.6062871305606,9.643718383571578,1083815100,GOOGL
2006-02-02,9.817490577697754,10.076785827939718,9.816002698818094,10.010350855106681,471835692,GOOGL
2006-02-03,9.458293914794922,9.764439810982642,9.235688385845569,9.757499211673565,730540728,GOOGL
2006-02-06,9.546298027038574,9.665285827365318,9.40896538851926,9.551503241438958,357258384,GOOGL
2006-02-07,9.1204195022583,9.511592766361023,9.007133825023736,9.493992340635682,664542792,GOOGL
2006-02-08,9.149175643920898,9.189087643150629,8.791964715076665,9.134302522287893,831331836,GOOGL
2006-02-09,8.893600463867188,9.281054577856416,8.82766238476187,9.20173031011054,476019504,GOOGL
2006-02-10,8.988789558410645,9.035642157289494,8.754036272484448,8.972429503015372,608331060,GOOGL
2006-02-13,8.569602966308594,8.691070533117596,8.47515716245654,8.59290550535415,787923288,GOOGL
2006-02-14,8.510608673095703,8.718093643332114,8.487803029768726,8.560435144726458,585573840,GOOGL
2006-02-15,8.4873046875,8.57704220060624,8.374514027472634,8.459788848858372,517362120,GOOGL
2006-02-16,9.084230422973633,9.097615667006233,8.539611870729555,8.568863102025018,851767380,GOOGL
2006-02-17,9.140995025634766,9.2250304246784,9.013827198766881,9.168511810374895,572235192,GOOGL
2006-02-21,9.087451934814453,9.259736041479238,9.05076320052114,9.083732709670576,347092560,GOOGL
2006-02-22,9.06018352508545,9.145954325416007,9.019778395825062,9.101334010942278,258788952,GOOGL
2006-02-23,9.372029304504395,9.450611031000072,9.057703343206615,9.063156064620042,501561936,GOOGL
2006-02-24,9.355420112609863,9.42160757465879,9.258495436158386,9.352942203971148,259112628,GOOGL
2006-02-27,9.677184104919434,9.709906104164267,9.426814237725658,9.45135526481678,408079512,GOOGL
2006-02-28,8.98903751373291,9.854673053394771,8.391370342772165,9.747088560390292,1575926496,GOOGL
2006-03-01,9.043076515197754,9.15834506543396,8.956314773562966,9.136282896555462,481965552,GOOGL
2006-03-02,9.33187198638916,9.44714055575038,8.978625939566228,9.030186844643637,732478788,GOOGL
2006-03-03,9.374756813049316,9.599346213070069,9.314766484667397,9.526465658544954,478001520,GOOGL
2006-03-06,9.124882698059082,9.504156731194623,9.101085137598794,9.442431011672761,357230412,GOOGL
2006-03-07,9.034400939941406,9.133557905738309,8.878230348392812,9.048531537336585,414736848,GOOGL
2006-03-08,8.772380828857422,8.924834094519376,8.689584856520847,8.773620255580363,469354176,GOOGL
2006-03-09,8.502674102783203,8.887649253423488,8.465490360989973,8.809811942251178,555859584,GOOGL
2006-03-10,8.366333961486816,8.539858416368643,8.218838411008502,8.515068938618397,772250976,GOOGL
2006-03-13,8.355427742004395,8.57952215674766,8.315517631642283,8.451362400737397,545150304,GOOGL
2006-03-14,8.704954147338867,8.734947893630432,8.24536304313923,8.357410232435287,737289972,GOOGL
2006-03-15,8.539856910705566,8.733211213264363,8.441444373480573,8.695284008613449,510241248,GOOGL
2006-03-16,8.397817611694336,8.64521268266291,8.376251396218064,8.64174285439867,400267332,GOOGL
2006-03-17,8.423101425170898,8.472431930874773,8.302626692565727,8.398560398395677,341725932,GOOGL
2006-03-20,8.631329536437988,8.678429639234933,8.466482010703565,8.48631378209464,415887696,GOOGL
2006-03-21,8.426325798034668,8.717349274295048,8.405502103973669,8.676448187416446,392850756,GOOGL
2006-03-22,8.433761596679688,8.529942813924379,8.36633470246343,8.422109851485105,303536160,GOOGL
2006-03-23,8.475159645080566,8.570844903370528,8.433265697629881,8.486561993508413,297090612,GOOGL
2006-03-24,9.067867279052734,9.1742133075363,8.986311675266615,9.137773026983014,606616776,GOOGL
2006-03-27,9.164298057556152,9.214371088751369,9.04803661285916,9.099845030495384,280667052,GOOGL
2006-03-28,9.350462913513184,9.366824857833484,9.200985404864168,9.21437064672758,357474168,GOOGL
2006-03-29,9.791213989257812,9.890866919067912,9.407725731959333,9.418385557342098,760338900,GOOGL
2006-03-30,9.6290922164917,9.75452463471839,9.509360026554393,9.647682669343345,587879532,GOOGL
2006-03-31,9.667764663696289,9.714120357012838,9.51977314448107,9.636529598609302,1459395144,GOOGL
2006-04-03,9.660326957702637,9.728994220097368,9.616451063443291,9.656113662656955,324583092,GOOGL
2006-04-04,10.023241996765137,10.037124144150592,9.6216573100411,9.665286646199649,627999372,GOOGL
2006-04-05,10.11372184753418,10.276834950583309,9.985562092101333,10.118927062273794,535883580,GOOGL
2006-04-06,10.192798614501953,10.25997705311475,10.050260765311197,10.07653717815312,343596060,GOOGL
2006-04-07,10.068354606628418,10.234194973983053,10.015306774440438,10.223287642885671,280754964,GOOGL
2006-04-10,10.32170295715332,10.341286279027994,10.045799175031021,10.091163897642874,372431196,GOOGL
2006-04-11,10.155119895935059,10.389129725535778,10.06984506347479,10.322694747550575,443843712,GOOGL
2006-04-12,10.137517929077148,10.196516337184478,10.044310590183745,10.138757355708965,240439320,GOOGL
2006-04-13,9.96920108795166,10.15759868685391,9.928051550970665,10.12958688514679,261853884,GOOGL
2006-04-17,10.084716796875,10.225518296170568,9.936476849010177,10.001176425541951,330049620,GOOGL
2006-04-18,10.020761489868164,10.159333557061162,9.952840526129005,10.112233451215284,325178496,GOOGL
2006-04-19,10.175941467285156,10.253778785136523,10.0824856728753,10.227255810004598,270996732,GOOGL
2006-04-20,10.287490844726562,10.312280320744536,10.118925052922014,10.188583282148695,490369140,GOOGL
2006-04-21,10.835333824157715,11.172961437960424,10.812279729447235,11.127846112559327,901149948,GOOGL
2006-04-24,10.919617652893066,11.023731395360764,10.820956632696701,10.892349318111014,353102544,GOOGL
2006-04-25,10.588929176330566,10.933002358605156,10.560173908648242,10.89804995711436,382377240,GOOGL
2006-04-26,10.559430122375488,10.660321536035081,10.498944775673902,10.603306017350345,290820888,GOOGL
2006-04-27,10.412181854248047,10.582730557756483,10.396316814634007,10.483574532511225,333182484,GOOGL
2006-04-28,10.360372543334961,10.553480325138977,10.319718969565159,10.377477009726094,296555148,GOOGL
2006-05-01,9.888388633728027,10.397557859466573,9.879713590173857,10.373512788837772,414033552,GOOGL
2006-05-02,9.786752700805664,9.977380693079223,9.628102296809324,9.942428291641443,523647828,GOOGL
2006-05-03,9.771133422851562,9.952838832562627,9.689577834061806,9.825174120361357,322565112,GOOGL
2006-05-04,9.785513877868652,9.887645672171562,9.722549672025792,9.79245542389997,185893920,GOOGL
2006-05-05,9.774356842041016,9.932512220620968,9.711888603856028,9.856161836833216,242357400,GOOGL
2006-05-08,9.786255836486816,9.844262326042829,9.669003430729557,9.794436808093336,204539256,GOOGL
2006-05-09,10.13379955291748,10.13875725939765,9.760723638120375,9.809061276302032,365258376,GOOGL
2006-05-10,9.98952865600586,10.205937108349387,9.961764362246578,10.121654197134157,247240512,GOOGL
2006-05-11,9.59339714050293,10.032413045169893,9.543323167153751,10.000435457767152,355356288,GOOGL
2006-05-12,9.274360656738281,9.540595554892652,9.259982551431744,9.507626049294878,403100496,GOOGL
2006-05-15,9.325675964355469,9.423592581971839,9.128601412812568,9.318982869943389,343260396,GOOGL
2006-05-16,9.204207420349121,9.342035068924181,9.169255020935635,9.320467910930455,259384356,GOOGL
2006-05-17,9.283534049987793,9.415908052620766,9.177436464005925,9.1871043715381,425326248,GOOGL
2006-05-18,9.19652271270752,9.464741458614204,9.189582111961629,9.389630498398462,233166600,GOOGL
2006-05-19,9.172478675842285,9.283533968364715,8.938221329613556,9.253290819154852,455472072,GOOGL
2006-05-22,9.19553279876709,9.247093712392298,9.054234356613378,9.118685498644888,343831824,GOOGL
2006-05-23,9.310304641723633,9.516055132350973,9.260229727093181,9.276344162804808,358960680,GOOGL
2006-05-24,9.450859069824219,9.50514822640863,9.211892501291537,9.354181898067145,381769848,GOOGL
2006-05-25,9.493993759155273,9.4942422113402,9.229245756015017,9.397068121795083,327456216,GOOGL
2006-05-26,9.453336715698242,9.565632349929828,9.420614721448057,9.532661903560935,146533320,GOOGL
2006-05-30,9.220071792602539,9.44466212714187,9.207925034064859,9.37723429720055,172467360,GOOGL
2006-05-31,9.2170991897583,9.376494023009338,9.092162691446722,9.266181250568545,318932748,GOOGL
2006-06-01,9.484820365905762,9.493992312277772,9.211643923812142,9.259735001570915,250868880,GOOGL
2006-06-02,9.405989646911621,9.595380078849121,9.35666008997371,9.58943045324885,255200544,GOOGL
2006-06-05,9.2820463180542,9.455819259515811,9.274858208851699,9.325179696694878,222117660,GOOGL
2006-06-06,9.66751766204834,9.667765169533247,9.328153725633669,9.335095271431754,409981608,GOOGL
2006-06-07,9.58125114440918,9.788240147561368,9.58100269223319,9.748082529503705,356095548,GOOGL
2006-06-08,9.749567985534668,9.773613995910171,9.384919600017884,9.61198785011207,413965620,GOOGL
2006-06-09,9.582737922668457,9.802369621015291,9.552493833312377,9.7220525047556,246053700,GOOGL
2006-06-12,9.458048820495605,9.679911883789245,9.444663577988313,9.626614642503593,200563236,GOOGL
2006-06-13,9.581499099731445,9.593397407694665,9.37326973586731,9.442183564180839,306057636,GOOGL
2006-06-14,9.528696060180664,9.695031462765838,9.383184347950085,9.663549836804453,310569120,GOOGL
2006-06-15,9.692553520202637,9.723539186456733,9.494240532751693,9.58397615584549,271156572,GOOGL
2006-06-16,9.6851167678833,9.69081888666491,9.618186778890893,9.645454167312423,211971816,GOOGL
2006-06-19,9.62165641784668,9.786752402777536,9.592901151083632,9.688834857678927,305018676,GOOGL
2006-06-20,9.597611427307129,9.714120374169173,9.581250427633861,9.618929189223346,161434404,GOOGL
2006-06-21,9.968454360961914,10.014810991284646,9.661565929640313,9.694039471392955,349426224,GOOGL
2006-06-22,9.914413452148438,10.064387822855826,9.618183934558116,9.954820452565853,236239524,GOOGL
2006-06-23,10.036130905151367,10.15734910111516,9.934000068904588,9.984073095472288,212379408,GOOGL
2006-06-26,10.020267486572266,10.121407364649613,9.996221471584867,10.082984186855064,141905952,GOOGL
2006-06-27,9.973166465759277,10.113968935655182,9.9406929178001,10.057201867424927,164119716,GOOGL
2006-06-28,10.067117691040039,10.076288692838702,9.943667202365999,10.015059880459367,148271580,GOOGL
2006-06-29,10.357149124145508,10.36681608460133,10.059927641353239,10.11371988822859,266061672,GOOGL
2006-06-30,10.394829750061035,10.394829750061035,10.221306235716291,10.302365874399383,250069680,GOOGL
2006-07-03,10.490763664245605,10.504892371693977,10.397803835478419,10.412429447187142,86181732,GOOGL
2006-07-05,10.447630882263184,10.48084884246647,10.30335763765362,10.449118761207535,199224576,GOOGL
2006-07-06,10.490514755249023,10.544803909929374,10.460520063416077,10.495224954407446,147336516,GOOGL
2006-07-07,10.42259407043457,10.607024917976885,10.309306503625567,10.561412693360353,241434324,GOOGL
2006-07-10,10.366817474365234,10.541085408330991,10.321702152135288,10.496713553207332,177278544,GOOGL
2006-07-11,10.524477005004883,10.536622819263984,10.238657853323915,10.374501658164093,238613148,GOOGL
2006-07-12,10.343269348144531,10.479360671799245,10.330379121077554,10.463248124136781,196071732,GOOGL
2006-07-13,10.13454532623291,10.370290557933146,10.084967305464003,10.262705090901896,276703020,GOOGL
2006-07-14,10.002418518066406,10.200484013463962,9.881199370324897,10.171728746133024,301781916,GOOGL
2006-07-17,10.11124038696289,10.188335178224316,10.007870129464346,10.030429205244257,232243524,GOOGL
2006-07-18,9.991263389587402,10.177678096887153,9.859632859583183,10.157350363285186,341130528,GOOGL
2006-07-19,9.89086627960205,9.943915061564853,9.783280836919586,9.791956823270693,340399260,GOOGL
2006-07-20,9.596372604370117,10.025720631817583,9.560179830022792,10.021753899214628,501046452,GOOGL
2006-07-21,9.670492172241211,9.711145747705759,9.36261081968102,9.572078664837885,469713816,GOOGL
2006-07-24,9.690073013305664,9.764192988806823,9.449867044778326,9.7376681268119,323120556,GOOGL
2006-07-25,9.651898384094238,9.700237909718263,9.514070748575495,9.544312945835646,230213556,GOOGL
2006-07-26,9.5562162399292,9.715115139064066,9.494243940492527,9.623147192431267,221054724,GOOGL
2006-07-27,9.479368209838867,9.605545077935902,9.369056383652673,9.60257026449198,225418356,GOOGL
2006-07-28,9.621161460876465,9.656857328561188,9.462758568227363,9.469451661503875,163180656,GOOGL
2006-07-31,9.583480834960938,9.647188496367294,9.501924296740148,9.618185724742446,183628188,GOOGL
2006-08-01,9.308568954467773,9.562905528034918,9.308568954467773,9.546544530082953,218309472,GOOGL
2006-08-02,9.103316307067871,9.349720386683186,9.052993881456642,9.310800309100408,283628088,GOOGL
2006-08-03,9.30559253692627,9.368060760495693,9.00737917946812,9.047537728056213,252826920,GOOGL
2006-08-04,9.26741886138916,9.436729059366831,9.215361057915533,9.408963826871396,203604192,GOOGL
2006-08-07,9.369054794311523,9.41318008411178,9.200488988775154,9.209164975448505,157718124,GOOGL
2006-08-08,9.444663047790527,9.53142386281642,9.397315435622785,9.48977836930479,229498272,GOOGL
2006-08-09,9.34401798248291,9.535886335495583,9.3296398771233,9.489283136178875,172267560,GOOGL
2006-08-10,9.276094436645508,9.36211366551542,9.232962013172674,9.268161917483447,170305524,GOOGL
2006-08-11,9.134796142578125,9.302865963792634,9.12240187772472,9.281051301902782,150509340,GOOGL
2006-08-14,9.157851219177246,9.299149632492876,9.139011367756167,9.209164614829362,198533268,GOOGL
2006-08-15,9.443918228149414,9.4612702014682,9.236432347276619,9.273864544074504,267660072,GOOGL
2006-08-16,9.611246109008789,9.629341550439726,9.472426535665363,9.50613950973719,233893872,GOOGL
2006-08-17,9.563652038574219,9.6677657853265,9.517047887693806,9.578276708871579,203004792,GOOGL
2006-08-18,9.503165245056152,9.59562913013001,9.438465654127256,9.576292371475596,197889912,GOOGL
2006-08-21,9.352941513061523,9.395082016450981,9.301379667305158,9.372772338185975,160771068,GOOGL
2006-08-22,9.377484321594238,9.40152939057047,9.291961037915014,9.363603119239437,166397436,GOOGL
2006-08-23,9.257007598876953,9.376987312209682,9.237920239262074,9.361369780452533,145546308,GOOGL
2006-08-24,9.264445304870605,9.330631823969613,9.228005026435431,9.282044786056048,139160700,GOOGL
2006-08-25,9.25279426574707,9.303859211043864,9.233954413669483,9.248331574014907,98569332,GOOGL
2006-08-28,9.443422317504883,9.443422317504883,9.295926764790691,9.311048337000718,166393440,GOOGL
2006-08-29,9.393843650817871,9.477383080995201,9.350461830951497,9.439207419599354,178221600,GOOGL
2006-08-30,9.438464164733887,9.53514227463971,9.382936529891312,9.400289447164884,161614224,GOOGL
2006-08-31,9.383432388305664,9.473168007775682,9.375251416996996,9.456807954528164,118277604,GOOGL
2006-09-01,9.385167121887207,9.451603034838616,9.350214723865292,9.444413037775323,106809084,GOOGL
2006-09-05,9.5279541015625,9.553734555375543,9.356412530067622,9.416650369473583,162809028,GOOGL
2006-09-06,9.423343658447266,9.49895057978565,9.41144535054991,9.471930698683611,148815036,GOOGL
2006-09-07,9.382440567016602,9.463252693682698,9.355419744293437,9.404750246051327,153526320,GOOGL
2006-09-08,9.366575241088867,9.439454846258263,9.338563444745745,9.338563444745745,123212664,GOOGL
2006-09-11,9.521261215209961,9.536134336267244,9.364593705729474,9.376740465800266,180986832,GOOGL
2006-09-12,9.714863777160645,9.735439016523898,9.54084429746067,9.543819110534816,217470312,GOOGL
2006-09-13,10.078519821166992,10.083230020382164,9.794188541627792,9.795428912981487,390337272,GOOGL
2006-09-14,10.014315605163574,10.071330173239819,9.963497225379745,10.022248124311524,214429356,GOOGL
2006-09-15,10.160572052001953,10.164786291500315,10.082734736721186,10.101077684118561,313214472,GOOGL
2006-09-18,10.279807090759277,10.378963099367123,10.150406997477166,10.163544729339263,283983732,GOOGL
2006-09-19,10.010102272033691,10.299639719488638,9.73568639722333,10.298896252401034,571144284,GOOGL
2006-09-20,9.841286659240723,10.098846484441394,9.782288255613764,10.091657432648828,365546088,GOOGL
2006-09-21,10.085461616516113,10.125124219299837,9.912186535768392,9.92309386961955,427256316,GOOGL
2006-09-22,10.009357452392578,10.100333438749146,9.949367129540732,10.039104634041976,185798016,GOOGL
2006-09-25,10.014315605163574,10.149911897699022,9.97762782218992,10.053978200903325,229262508,GOOGL
2006-09-26,10.085956573486328,10.106034906148052,9.959531283966555,10.05199515167448,211364424,GOOGL
2006-09-27,9.988040924072266,10.193790497971689,9.974406284476263,10.071828821552192,234832932,GOOGL
2006-09-28,10.004402160644531,10.088685075087527,9.929043686255595,10.016796429037592,204091704,GOOGL
2006-09-29,9.962756156921387,10.054971587387803,9.950608451954244,10.04282388242066,132303564,GOOGL
2006-10-02,9.951353073120117,10.064391253681022,9.93548803217525,9.962756366513322,145929924,GOOGL
2006-10-03,10.015803337097168,10.075793667403445,9.870787579820727,9.94763297954616,218369412,GOOGL
2006-10-04,10.304842948913574,10.306579279591858,9.991260494793671,10.038855604822679,266205528,GOOGL
2006-10-05,10.208416938781738,10.367809869832715,10.184866884977525,10.280057130134884,231360408,GOOGL
2006-10-06,10.423831939697266,10.458784337008646,10.157348605002403,10.169000348791114,293166540,GOOGL
2006-10-09,10.634541511535645,10.707669580587057,10.496217893725092,10.530427773127737,303028668,GOOGL
2006-10-10,10.576285362243652,10.85392354093172,10.470683756892607,10.698000458514525,391152456,GOOGL
2006-10-11,10.5725679397583,10.657099299195973,10.504646032177819,10.535880152684829,225190584,GOOGL
2006-10-12,10.595870018005371,10.651397655799325,10.510595195221983,10.623633364559863,193566240,GOOGL
2006-10-13,10.592399597167969,10.646935317555405,10.549266224735222,10.60380288980766,144755100,GOOGL
2006-10-16,10.454818725585938,10.639498017527195,10.444654860373394,10.602314273812075,172603224,GOOGL
2006-10-17,10.4273042678833,10.50439717457151,10.32963423308742,10.41887484385866,208231560,GOOGL
2006-10-18,10.39433479309082,10.529187641126292,10.349466976031193,10.485558306184048,240451308,GOOGL
2006-10-19,10.561660766601562,10.646935594434261,10.400779962166586,10.41714001742877,459679860,GOOGL
2006-10-20,11.394824028015137,11.40548385401731,11.244106142525531,11.377967068144278,465450084,GOOGL
2006-10-23,11.918123245239258,12.013808499179483,11.412176412215853,11.459524024247724,603575820,GOOGL
2006-10-24,11.73294734954834,11.845737063962186,11.68584724752273,11.806570426111055,346061592,GOOGL
2006-10-25,12.062396049499512,12.109495211374766,11.777568787506247,11.836566257418864,367132500,GOOGL
2006-10-26,12.0252103805542,12.195263106843795,12.00289975760669,12.089165547321633,280986732,GOOGL
2006-10-27,11.77979850769043,12.028680469685666,11.712619129947107,11.99546345900955,263895840,GOOGL
2006-10-30,11.813759803771973,11.910190411634785,11.651142677417388,11.770378925183572,262261476,GOOGL
2006-10-31,11.809297561645508,11.952330417854999,11.746084914094508,11.850694600057984,251164584,GOOGL
2006-11-01,11.588921546936035,11.877219551995777,11.53339391089487,11.868047605921097,216834948,GOOGL
2006-11-02,11.648664474487305,11.743358748980006,11.561158307763186,11.588921653697064,209258532,GOOGL
2006-11-03,11.695516586303711,11.743856120901174,11.528437696954938,11.70617641253779,196111692,GOOGL
2006-11-06,11.823179244995117,11.890357677267845,11.708653205771252,11.744349069224079,199460340,GOOGL
2006-11-07,11.71460247039795,11.874492286261582,11.694771644088013,11.823179834247632,195688116,GOOGL
2006-11-08,11.77484130859375,11.941921135783605,11.61619090586246,11.659572731480099,318281400,GOOGL
2006-11-09,11.716090202331543,11.886143881358514,11.697001898625553,11.812023901710292,194972832,GOOGL
2006-11-10,11.738898277282715,11.767901053019095,11.65808519463496,11.744598506877624,111756132,GOOGL
2006-11-13,11.924321174621582,11.92779100284583,11.753523060514368,11.772362914659801,173502324,GOOGL
2006-11-14,12.129326820373535,12.145439368141837,11.911182044015632,11.916139751021262,288647064,GOOGL
2006-11-15,12.194520950317383,12.390850092594203,12.194520950317383,12.231703748537115,334493172,GOOGL
2006-11-16,12.292935371398926,12.337059721080346,12.210139394189918,12.270624744388005,203500296,GOOGL
2006-11-17,12.364575386047363,12.386141600924487,12.221045608521361,12.227243687097243,220219560,GOOGL
2006-11-20,12.27186393737793,12.354906469412297,12.212369567518873,12.354906469412297,204775020,GOOGL
2006-11-21,12.633785247802734,12.64246218002466,12.291199936357987,12.308800363600957,336762900,GOOGL
2006-11-22,12.593132019042969,12.716830028129007,12.537851882205098,12.666507598592007,179847972,GOOGL
2006-11-24,12.518515586853027,12.580487865740585,12.493726108487023,12.506120375327539,69238692,GOOGL
2006-11-27,12.016535758972168,12.438694699294336,12.016535758972168,12.42853083345416,292695012,GOOGL
2006-11-28,12.134284973144531,12.14320846820847,11.82516418357038,11.926799070289523,311592096,GOOGL
2006-11-29,12.014058113098145,12.264181458829608,11.954564675633296,12.251786244815344,252359388,GOOGL
2006-11-30,12.018022537231445,12.15659365363852,11.937210405234808,12.002653457278985,222876900,GOOGL
2006-12-01,11.918619155883789,12.106769246750504,11.861603633311427,12.047027363072932,225030744,GOOGL
2006-12-04,12.019013404846191,12.082970466846577,11.88267363557672,11.973153672861779,195800004,GOOGL
2006-12-05,12.072310447692871,12.132795791448128,12.020005130982092,12.082225861003742,163955880,GOOGL
2006-12-06,12.114700317382812,12.20617132748002,12.010833151311594,12.071318494898547,177833988,GOOGL
2006-12-07,11.964231491088867,12.191299774700523,11.958777824145024,12.15238063893879,186385428,GOOGL
2006-12-08,12.000670433044434,12.111973216271048,11.8987861589739,11.946878181453108,158837004,GOOGL
2006-12-11,11.996208190917969,12.119410230651438,11.992985870362737,12.020749218002038,130405464,GOOGL
2006-12-12,11.942913055419922,12.056447199815688,11.905729305294598,11.994226460549552,167072760,GOOGL
2006-12-13,11.873750686645508,12.035127449149533,11.824915194755247,12.015048169139328,186297516,GOOGL
2006-12-14,11.951339721679688,11.991745786539282,11.830864049474878,11.9049830862938,189766044,GOOGL
2006-12-15,11.906224250793457,12.000671024747872,11.894820957952067,11.96423074489833,207424368,GOOGL
2006-12-18,11.47241497039795,11.966710089667211,11.420853115362888,11.961008915354968,320343336,GOOGL
2006-12-19,11.616933822631836,11.633790781380334,11.36582049581894,11.445641653040095,263216520,GOOGL
2006-12-20,11.474891662597656,11.688078716553829,11.460762954399984,11.650894972011937,174537288,GOOGL
2006-12-21,11.308805465698242,11.53314737457981,11.21312020951958,11.506622508623483,277853868,GOOGL
2006-12-22,11.293435096740723,11.369289516352195,11.22278683567362,11.341030211925355,159372468,GOOGL
2006-12-26,11.341774940490723,11.3898650719122,11.268894386942925,11.316737010910813,82889028,GOOGL
2006-12-27,11.602060317993164,11.60329974464332,11.38069323910269,11.403003863490436,169090740,GOOGL
2006-12-28,11.466464042663574,11.61569403463593,11.4587790306061,11.579502209567227,124523352,GOOGL
2006-12-29,11.41490364074707,11.513811214543198,11.399533615955402,11.455061254998396,102265632,GOOGL
2007-01-03,11.59115219116211,11.815989082452154,11.430518918508652,11.551738048514554,307951740,GOOGL
2007-01-04,11.979599952697754,11.996704419799027,11.609993825201936,11.626107317709748,315188496,GOOGL
2007-01-05,12.077018737792969,12.084703748705047,11.8519334120442,11.960758267857186,274609116,GOOGL
2007-01-08,11.987533569335938,12.143457626066311,11.953324632004396,12.089416914146206,189985824,GOOGL
2007-01-09,12.035127639770508,12.103297056273245,11.92853410432773,12.033888213010185,215040744,GOOGL
2007-01-10,12.133292198181152,12.234679570264992,11.949356362124387,12.00860322608408,238501260,GOOGL
2007-01-11,12.387629508972168,12.43795099203203,12.299875825627632,12.325160320898663,288039672,GOOGL
2007-01-12,12.518515586853027,12.518515586853027,12.394570084392942,12.443899644292188,178769052,GOOGL
2007-01-16,12.500667572021484,12.716828496670166,12.476373108739793,12.581727210251016,302453244,GOOGL
2007-01-17,12.327141761779785,12.58718046046817,12.255254072265718,12.478604042125662,267696036,GOOGL
2007-01-18,12.092885971069336,12.307311512395362,12.082970557524776,12.258724474531046,237042720,GOOGL
2007-01-19,12.140480041503906,12.165517025353234,12.06586504952733,12.096603206735548,198932868,GOOGL
2007-01-22,11.919610977172852,12.212370766596933,11.861603535756544,12.20865248620128,215955828,GOOGL
2007-01-23,11.875236511230469,12.01653492520629,11.831607182538873,11.918369880335128,186433380,GOOGL
2007-01-24,12.371514320373535,12.383166064140637,11.980342023969275,12.00909728815987,242129628,GOOGL
2007-01-25,12.09933090209961,12.50612076617942,12.039094007624145,12.419359006214306,254485260,GOOGL
2007-01-26,12.291447639465332,12.342513535562592,12.07305534518228,12.169733470472673,219640140,GOOGL
2007-01-29,12.207906723022461,12.363582301491155,12.15907217894323,12.344990901570869,190836972,GOOGL
2007-01-30,12.253767013549805,12.344991465107523,12.176921612353082,12.245834493618046,167052780,GOOGL
2007-01-31,12.431751251220703,12.518513941757492,12.283264742055465,12.307558257618371,487755756,GOOGL
2007-02-01,11.942167282104492,12.54355180971234,11.936712671404477,12.543304302264573,625721652,GOOGL
2007-02-02,11.935970306396484,12.022732059516366,11.8444974095427,11.963485199597521,251208540,GOOGL
2007-02-05,11.58049488067627,11.849208642404474,11.556448868431396,11.836813430388093,287987724,GOOGL
2007-02-06,11.687582969665527,11.732699234601672,11.58297327919055,11.60379602536339,212663124,GOOGL
2007-02-07,11.651141166687012,11.758726600746494,11.62065051849187,11.745587923862802,164627208,GOOGL
2007-02-08,11.67642879486084,11.743855688644327,11.530668618660167,11.602557259824941,162904932,GOOGL
2007-02-09,11.44985580444336,11.717330128328916,11.440187898452441,11.69179718293879,194149656,GOOGL
2007-02-12,11.360614776611328,11.462249658594583,11.279554189561553,11.419861641988438,229949820,GOOGL
2007-02-13,11.380693435668945,11.471917883813864,11.335081211596485,11.381932862340507,162341496,GOOGL
2007-02-14,11.550005912780762,11.629331124647457,11.383670475369444,11.403006290976059,227724048,GOOGL
2007-02-15,11.439444541931152,11.554962520183548,11.420853139991316,11.551740199450988,161534304,GOOGL
2007-02-16,11.649406433105469,11.654613536286314,11.4540682677712,11.472413103886737,246832920,GOOGL
2007-02-20,11.702953338623047,11.719066831980914,11.51976189786729,11.6129683063014,162541296,GOOGL
2007-02-21,11.796159744262695,11.866065489658455,11.594871932340155,11.646929744010295,225398376,GOOGL
2007-02-22,11.79591178894043,12.003892686199352,11.759719963237703,11.866312546603876,229526244,GOOGL
2007-02-23,11.666264533996582,11.823180490369658,11.59635973375279,11.793433304569005,155148696,GOOGL
2007-02-26,11.525214195251465,11.781037717749973,11.495962970004168,11.72104927780589,158637204,GOOGL
2007-02-27,11.124621391296387,11.398046281861195,11.084958793371591,11.27905754340185,372139488,GOOGL
2007-02-28,11.1414794921875,11.246090145196789,10.982581563262231,11.165278000085653,320970708,GOOGL
2007-03-01,11.111234664916992,11.215101826214768,10.907220511501611,10.973407970432625,347060592,GOOGL
2007-03-02,10.874499320983887,11.122887232443755,10.874499320983887,11.033894128480885,263080656,GOOGL
2007-03-05,10.930771827697754,11.043562495730269,10.832854280629299,10.833349295580083,253949796,GOOGL
2007-03-06,11.342270851135254,11.37821517115568,11.090165596045999,11.092396942044271,301046652,GOOGL
2007-03-07,11.294921875,11.480840586339632,11.261457357175274,11.469685747064723,261102636,GOOGL
2007-03-08,11.272116661071777,11.539343466948745,11.256747581888776,11.38366789207346,214297488,GOOGL
2007-03-09,11.228487968444824,11.363340805658439,11.157592194223149,11.353425392034568,198908892,GOOGL
2007-03-12,11.272859573364258,11.28525478376664,11.182627051697162,11.218819819088067,138477384,GOOGL
2007-03-13,10.982331275939941,11.20295487568343,10.977373569611084,11.157838614468961,254836908,GOOGL
2007-03-14,11.105534553527832,11.121895553068956,10.882432075461592,10.987290221259025,320355324,GOOGL
2007-03-15,11.06066608428955,11.150650159408734,11.004889995733949,11.10206406797377,157610232,GOOGL
2007-03-16,10.928292274475098,11.073309930550337,10.90449471358817,11.047280078909735,226137636,GOOGL
2007-03-19,11.086447715759277,11.117930289603839,10.922839602004489,10.987786698920221,207700092,GOOGL
2007-03-20,11.038106918334961,11.09561839266947,10.996461427532509,11.050749636858898,136723140,GOOGL
2007-03-21,11.317480087280273,11.317976991540174,11.036371144857457,11.03860343528739,231700068,GOOGL
2007-03-22,11.453574180603027,11.456796501065384,11.217829933537596,11.294180318201368,227000772,GOOGL
2007-03-23,11.448368072509766,11.48703875228466,11.330619702186524,11.438948618545298,164287548,GOOGL
2007-03-26,11.526948928833008,11.526948928833008,11.294427018840302,11.416637127065057,188223588,GOOGL
2007-03-27,11.4927396774292,11.532649779757367,11.41143064939442,11.491004291295821,149498352,GOOGL
2007-03-28,11.449606895446777,11.537855575874335,11.406721037078084,11.449357498645021,183480336,GOOGL
2007-03-29,11.425810813903809,11.551739210716018,11.279057781457261,11.51579394733884,159380460,GOOGL
2007-03-30,11.357390403747559,11.487286469960575,11.30731737943067,11.455060433199476,135072792,GOOGL
2007-04-02,11.366561889648438,11.366561889648438,11.207663071266829,11.347473588463448,137802060,GOOGL
2007-04-03,11.715347290039062,11.756249315412381,11.50216117635979,11.50339965836234,259811928,GOOGL
2007-04-04,11.676179885864258,11.72526288387814,11.640484018840516,11.703944177713826,151000848,GOOGL
2007-04-05,11.688326835632324,11.702703995563665,11.64147424190378,11.683120676989732,108523368,GOOGL
2007-04-09,11.606522560119629,11.725262850198694,11.541574522573974,11.724766890580486,122361516,GOOGL
2007-04-10,11.564133644104004,11.670479667557778,11.530916630462354,11.57875925712943,119052828,GOOGL
2007-04-11,11.515298843383789,11.636022025039058,11.46770372523746,11.553226055549619,152327520,GOOGL
2007-04-12,11.586194038391113,11.601315608714819,11.458530273040006,11.502159597949733,108207684,GOOGL
2007-04-13,11.558927536010742,11.620404801418706,11.486296374868926,11.612472281517194,111680208,GOOGL
2007-04-16,11.756744384765625,11.82417126976818,11.605033657338653,11.612718669030363,202912884,GOOGL
2007-04-17,11.720304489135742,11.809297588689368,11.690557305238624,11.745093966497496,128275596,GOOGL
2007-04-18,11.799878120422363,11.896308732063256,11.639244826214991,11.682129746873416,226593180,GOOGL
2007-04-19,11.691797256469727,11.947125767291807,11.640732310053291,11.762446467138481,439943616,GOOGL
2007-04-20,11.960264205932617,12.20865213086517,11.948861857591845,12.159569130638037,485973540,GOOGL
2007-04-23,11.875980377197266,12.02273246218912,11.855652646244517,11.901265814816062,226757016,GOOGL
2007-04-24,11.837557792663574,11.898291591703288,11.788475738488627,11.864330165735366,147640212,GOOGL
2007-04-25,11.84896183013916,11.932748782648234,11.802358626490872,11.898787354545664,158513328,GOOGL
2007-04-26,11.928038597106934,12.00909823750873,11.82714623998841,11.851687266704001,164831004,GOOGL
2007-04-27,11.874244689941406,11.958280083044714,11.85738773195616,11.900522046101324,116910972,GOOGL
2007-04-30,11.685103416442871,11.932251884252667,11.685103416442871,11.877715224033036,145502352,GOOGL
2007-05-01,11.626105308532715,11.720551122483638,11.506373114830408,11.705182989118093,146181672,GOOGL
2007-05-02,11.546283721923828,11.677666719806012,11.545045240013048,11.617428886822912,122385492,GOOGL
2007-05-03,11.730964660644531,11.751787406582453,11.53413860407472,11.557191751208514,143624232,GOOGL
2007-05-04,11.678659439086914,11.770874862430516,11.548764311031096,11.653869960789937,157842000,GOOGL
2007-05-07,11.583220481872559,11.720799674282006,11.563388710758119,11.703943660753927,120683196,GOOGL
2007-05-08,11.571820259094238,11.605533237024925,11.52025840047808,11.554963297786333,116087796,GOOGL
2007-05-09,11.632303237915039,11.69377955432707,11.499185795259494,11.555455953030142,155440404,GOOGL
2007-05-10,11.439444541931152,11.63825351237011,11.428289700767252,11.577520654681585,147304548,GOOGL
2007-05-11,11.570083618164062,11.57653014926058,11.427795148973322,11.448369445683621,117646236,GOOGL
2007-05-14,11.447128295898438,11.589169236214996,11.403003951066065,11.538848702769206,154753092,GOOGL
2007-05-15,11.353425979614258,11.465969141998665,11.338801310573162,11.45159198043698,164595240,GOOGL
2007-05-16,11.715596199035645,11.728733934558084,11.378712049711062,11.45258358955777,261905832,GOOGL
2007-05-17,11.67469310760498,11.780294720597587,11.670974827435558,11.711876853984208,186237576,GOOGL
2007-05-18,11.65882682800293,11.717824289499292,11.644697175924517,11.701216728923074,147688164,GOOGL
2007-05-21,11.665770530700684,11.878956667275121,11.569588364301268,11.639245663117023,246125628,GOOGL
2007-05-22,11.796159744262695,11.874245517082905,11.72526302430079,11.72526302430079,153406440,GOOGL
2007-05-23,11.749307632446289,11.983317434291045,11.743854910833093,11.919113810071083,202205592,GOOGL
2007-05-24,11.758233070373535,11.878956261572469,11.688079814288459,11.77856080315977,166777056,GOOGL
2007-05-25,11.986045837402344,12.02149514672308,11.831114642824632,11.891352489828941,213726060,GOOGL
2007-05-29,12.075039863586426,12.191300372219791,11.99794505543922,12.022734537733953,208511280,GOOGL
2007-05-30,12.35986328125,12.365812906742137,11.973152739219364,12.010337426202781,289542168,GOOGL
2007-05-31,12.342759132385254,12.612217281053308,12.321688879864912,12.408451577238736,356615028,GOOGL
2007-06-01,12.404484748840332,12.519009845838232,12.343254996038501,12.419357868150863,191768040,GOOGL
2007-06-04,12.56982707977295,12.655102841046816,12.334826319265485,12.342758838374111,283755960,GOOGL
2007-06-05,12.861597061157227,12.865563793428976,12.558425920207767,12.63626418461908,417466116,GOOGL
2007-06-06,12.846973419189453,12.909690120592929,12.772853423525763,12.80978966760497,315152532,GOOGL
2007-06-07,12.767894744873047,13.051483532612107,12.704683033266607,12.884156190865498,424794780,GOOGL
2007-06-08,12.77855396270752,12.881428271777118,12.629075507654244,12.796154389274358,254073672,GOOGL
2007-06-11,12.675679206848145,12.846972335061034,12.64246219094712,12.74211418333525,185722092,GOOGL
2007-06-12,12.512813568115234,12.683859175302867,12.473150969224402,12.610482658841095,256523220,GOOGL
2007-06-13,12.524466514587402,12.606269628922297,12.36209687867528,12.570326251348888,281078640,GOOGL
2007-06-14,12.464971542358398,12.540330956223164,12.4367112898166,12.527935744001839,184663152,GOOGL
2007-06-15,12.540578842163086,12.617672700061535,12.425060864372451,12.59759341923574,246717036,GOOGL
2007-06-18,12.77136516571045,12.791196938686866,12.49967658319731,12.54776671967792,193242564,GOOGL
2007-06-19,12.74930191040039,12.822181520751093,12.680635594956348,12.741865350421639,174037788,GOOGL
2007-06-20,12.641716957092285,12.859366711482311,12.619158824132748,12.814993912653115,173354472,GOOGL
2007-06-21,12.744342803955078,12.77359402573995,12.550244075340983,12.66675205824785,176211612,GOOGL
2007-06-22,13.013803482055664,13.014050989535608,12.793674863881893,12.801607384145587,287859852,GOOGL
2007-06-25,13.07429027557373,13.261943476931798,12.974142314264778,13.11296096187511,316683000,GOOGL
2007-06-26,13.14468765258789,13.217567258446515,13.045035676707966,13.205917404279164,227352420,GOOGL
2007-06-27,13.046276092529297,13.088418492094931,12.879445659422561,13.014298503977475,244679076,GOOGL
2007-06-28,13.014544486999512,13.125848209878177,12.984549795856843,13.011322166710777,166569264,GOOGL
2007-06-29,12.957283020019531,13.073791962334642,12.876965903677082,13.039583030118777,155068776,GOOGL
2007-07-02,13.147663116455078,13.1841033935315,12.994466392945668,13.02644397834093,139364496,GOOGL
2007-07-03,13.245829582214355,13.24731651647741,13.076271841973897,13.164521484954648,74797128,GOOGL
2007-07-05,13.426543235778809,13.495209563231379,13.19154242018002,13.276072844883972,197518284,GOOGL
2007-07-06,13.371262550354004,13.482070331881646,13.354654986590058,13.417123232406597,109770120,GOOGL
2007-07-09,13.449596405029297,13.602793146633,13.392580883112077,13.46050373869494,149042808,GOOGL
2007-07-10,13.468932151794434,13.559660648881984,13.427038203789502,13.480086992889484,154085760,GOOGL
2007-07-11,13.496942520141602,13.547264946361292,13.386384143124149,13.475624758027173,132239628,GOOGL
2007-07-12,13.518260955810547,13.567591458324694,13.391588153150174,13.531398689173198,137526336,GOOGL
2007-07-13,13.687570571899414,13.700213290678953,13.565856417354508,13.582216471439843,209274516,GOOGL
2007-07-16,13.708146095275879,13.846717211074605,13.61692164582147,13.641462672144677,263716020,GOOGL
2007-07-17,13.757973670959473,13.825647129412397,13.6930256288843,13.758964645580013,172970856,GOOGL
2007-07-18,13.621631622314453,13.745577123277508,13.480581655444086,13.730455551103734,242956800,GOOGL
2007-07-19,13.599072456359863,13.721283506444006,13.441661502612614,13.719795627743236,444642912,GOOGL
2007-07-20,12.893326759338379,12.969182127713285,12.630065732933343,12.689560102455427,710181108,GOOGL
2007-07-23,12.704681396484375,12.89035166417471,12.695757902530906,12.865810638775256,254013732,GOOGL
2007-07-24,12.741617202758789,12.857878638467035,12.57082004788486,12.625108259585986,222661116,GOOGL
2007-07-25,12.63651180267334,12.816480907581075,12.532398069047375,12.815488988333211,221578200,GOOGL
2007-07-26,12.592883110046387,12.706664747182447,12.366804880555058,12.611226058207116,275060664,GOOGL
2007-07-27,12.689311027526855,12.806563429856622,12.530909094967127,12.606020047905762,220143636,GOOGL
2007-07-30,12.793922424316406,12.873991088497455,12.654855349572232,12.714845679356074,158373468,GOOGL
2007-07-31,12.642460823059082,12.901259155222526,12.642460823059082,12.896053941133122,170649180,GOOGL
2007-08-01,12.715340614318848,12.80383870194949,12.596352819405126,12.654855269989994,176950872,GOOGL
2007-08-02,12.667498588562012,12.766159601729228,12.617672122347686,12.734677029056344,126069804,GOOGL
2007-08-03,12.468937873840332,12.721786591560614,12.468937873840332,12.643700819222733,126920952,GOOGL
2007-08-06,12.642460823059082,12.64617910303293,12.456542100941972,12.468937312206416,145913940,GOOGL
2007-08-07,12.791692733764648,12.887378942287201,12.618665156566905,12.636265584559911,170401428,GOOGL
2007-08-08,13.0336332321167,13.0336332321167,12.818215776048408,12.873990920759995,162589248,GOOGL
2007-08-09,12.75971508026123,13.059416424965555,12.757236226585883,12.91018546603223,193666140,GOOGL
2007-08-10,12.78499984741211,12.85862293131102,12.534133066958661,12.646923737296516,234772992,GOOGL
2007-08-13,12.778803825378418,12.884157952037052,12.717574999349234,12.878952736629566,127044828,GOOGL
2007-08-14,12.607755661010742,12.825900416231544,12.592882541434978,12.784253980986527,145202652,GOOGL
2007-08-15,12.333836555480957,12.68435436470022,12.313012864177493,12.617671885090472,216163620,GOOGL
2007-08-16,12.184356689453125,12.306071788640399,11.910190221328362,12.196751900769591,345478176,GOOGL
2007-08-17,12.395562171936035,12.419359733217611,12.18758125437855,12.331110089208202,218956824,GOOGL
2007-08-20,12.343008041381836,12.458031001285027,12.295412920191913,12.455551203080837,107784108,GOOGL
2007-08-21,12.558425903320312,12.596849075854708,12.339290160609272,12.368292934439047,144279576,GOOGL
2007-08-22,12.71063232421875,12.797394087464875,12.623869616287585,12.64147004322775,129977892,GOOGL
2007-08-23,12.696748733520508,12.794417819105227,12.568093037533574,12.791195498807616,122944932,GOOGL
2007-08-24,12.766407012939453,12.780041651598802,12.60527775995716,12.707161092928287,98809092,GOOGL
2007-08-27,12.723274230957031,12.827140462572453,12.677166987837976,12.752277951288976,92910996,GOOGL
2007-08-28,12.553220748901367,12.76591090695069,12.538098231534466,12.680388574540299,130825044,GOOGL
2007-08-29,12.71385383605957,12.724264264514382,12.573794841258282,12.588916413697133,101870028,GOOGL
2007-08-30,12.677165985107422,12.776322009232443,12.656838253860665,12.700963544259624,105961932,GOOGL
2007-08-31,12.772604942321777,12.803590612375759,12.678902575645425,12.719307700458804,118984896,GOOGL
2007-09-04,13.01801872253418,13.088666998527312,12.75698805621015,12.766903471130574,147600252,GOOGL
2007-09-05,13.083708763122559,13.12535425985598,12.946128607912767,12.974636369343774,132383484,GOOGL
2007-09-06,12.977609634399414,13.134029625347855,12.846723533227728,13.12237788105445,144890964,GOOGL
2007-09-07,12.87424087524414,12.921091586607663,12.81102821846754,12.83730463369068,146397456,GOOGL
2007-09-10,12.75351619720459,12.941665321977323,12.664275587759299,12.922082002753466,128902968,GOOGL
2007-09-11,12.923321723937988,12.931254243729125,12.7845021552506,12.815737219484749,108035856,GOOGL
2007-09-12,12.956043243408203,13.088170668435275,12.865564146665525,12.903490415988308,119320560,GOOGL
2007-09-13,13.008845329284668,13.069082223980956,12.970173703895933,12.990997395474102,75568356,GOOGL
2007-09-14,13.107257843017578,13.144936604331123,12.94538512320217,12.969677698034259,110485404,GOOGL
2007-09-17,13.021734237670898,13.120394295609634,12.991243587517882,13.052223943139007,87812100,GOOGL
2007-09-18,13.268881797790527,13.317964791798982,12.996201331798288,13.051976473728216,168459372,GOOGL
2007-09-19,13.555939674377441,13.620391748423346,13.357875142547751,13.368038063026539,220854924,GOOGL
2007-09-20,13.704179763793945,13.802592317329404,13.53561301730768,13.559659027748683,220779000,GOOGL
2007-09-21,13.88439655303955,13.901501018779427,13.70417994944238,13.791189212256118,320147532,GOOGL
2007-09-24,14.080726623535156,14.166001444629801,13.881917675742276,13.906706208838429,211668120,GOOGL
2007-09-25,14.105018615722656,14.118900760495348,13.952813816856265,13.981073121295209,109114776,GOOGL
2007-09-26,14.084196090698242,14.174181108650854,13.976363140436451,14.139723725970637,133710156,GOOGL
2007-09-27,14.067837715148926,14.172943372565936,14.025200300607677,14.17269586508577,82169748,GOOGL
2007-09-28,14.062134742736816,14.118654300492725,13.984048971539105,14.055441649643155,105474420,GOOGL
2007-10-01,14.440913200378418,14.485533507348494,14.12014257194892,14.12906606653193,188263548,GOOGL
2007-10-02,14.486525535583496,14.794406884083616,14.377949108088359,14.461488548635304,282417300,GOOGL
2007-10-03,14.4773530960083,14.600554188024711,14.386625550271567,14.532633227139875,155024820,GOOGL
2007-10-04,14.353654861450195,14.503877720217842,14.304820316766008,14.503877720217842,119348532,GOOGL
2007-10-05,14.725988388061523,14.774327921308556,14.551473887468912,14.55395179631603,202545252,GOOGL
2007-10-08,15.111955642700195,15.127820682318289,14.723509679522667,14.749537640196582,200918880,GOOGL
2007-10-09,15.249783515930176,15.462970592556742,15.081465200731605,15.248048129481987,350361288,GOOGL
2007-10-10,15.50287914276123,15.510068195315592,15.289940539722958,15.40297965280442,215208576,GOOGL
2007-10-11,15.418844223022461,15.899999654964715,15.096584796712493,15.707389733464383,471488040,GOOGL
2007-10-12,15.800350189208984,15.825387176459046,15.32563746136532,15.467927809385491,272675052,GOOGL
2007-10-15,15.371992111206055,15.861577926839423,15.258953942702945,15.827121487533889,277474248,GOOGL
2007-10-16,15.270109176635742,15.516018236078441,15.17070564362562,15.331834893647843,240770988,GOOGL
2007-10-17,15.703423500061035,15.716313726373146,15.408679902418596,15.628312543384627,240978780,GOOGL
2007-10-18,15.855630874633789,15.899010809963018,15.579973680182608,15.75126679894789,491076432,GOOGL
2007-10-19,15.981807708740234,16.323402046818465,15.945119919844322,16.22598045557117,630928440,GOOGL
2007-10-22,16.131526947021484,16.236881965594794,15.772829214629313,15.832075116765402,266309424,GOOGL
2007-10-23,16.751754760742188,16.79711852802886,16.36083093741924,16.391816601038627,271476252,GOOGL
2007-10-24,16.75299644470215,16.79389941556102,16.349925809053918,16.675902591733166,295871832,GOOGL
2007-10-25,16.571788787841797,16.8310840640089,16.4488342436734,16.823895010417605,231588180,GOOGL
2007-10-26,16.722753524780273,16.77084365971989,16.560632352079068,16.708624815823434,134021844,GOOGL
2007-10-29,16.8375244140625,16.856612716275404,16.660530148695514,16.801331647835596,122529348,GOOGL
2007-10-30,17.222749710083008,17.350165037419874,16.794888670569307,16.794888670569307,275747976,GOOGL
2007-10-31,17.525922775268555,17.525922775268555,17.254233257592492,17.3695018323663,274796928,GOOGL
2007-11-01,17.43197250366211,17.692505299536442,17.39652225311466,17.42156018522865,260826912,GOOGL
2007-11-02,17.631275177001953,17.689033215637142,17.286457608042948,17.612931284391255,233426340,GOOGL
2007-11-05,17.988235473632812,18.101769588330175,17.50286395494792,17.525670536607603,354992652,GOOGL
2007-11-06,18.38833236694336,18.38833236694336,17.972123111303972,18.283474236847894,337114548,GOOGL
2007-11-07,18.16895294189453,18.523436544395405,17.92601963453945,18.371975197020486,330609060,GOOGL
2007-11-08,17.199695587158203,18.217289430536546,16.786707668253705,18.210100378079005,659827512,GOOGL
2007-11-09,16.45924186706543,16.903215395631793,16.390824013089876,16.75200158460011,455068476,GOOGL
2007-11-12,15.668469429016113,16.606985498466134,15.523205237848458,16.304807262417622,408682908,GOOGL
2007-11-13,16.374465942382812,16.383638834229924,15.668472573702422,15.988747257239291,337478184,GOOGL
2007-11-14,15.906693458557129,16.744814139535514,15.772585042837973,16.690029971740238,323464212,GOOGL
2007-11-15,15.608479499816895,16.050967066091285,15.468421463389944,15.829599056891658,278429292,GOOGL
2007-11-16,15.707143783569336,15.75325102563784,15.27060672238196,15.714826906886547,361350288,GOOGL
2007-11-19,15.514281272888184,15.784978838860631,15.332080842762899,15.606992648031392,220874904,GOOGL
2007-11-20,16.07674789428711,16.338520082185514,15.68830196244253,15.777790074370499,393230376,GOOGL
2007-11-21,16.373722076416016,16.60797938807972,15.916609800720943,15.958502800563824,280259460,GOOGL
2007-11-23,16.774810791015625,16.81397743010988,16.561871240003622,16.608723836060513,109438452,GOOGL
2007-11-26,16.509571075439453,17.18879214979425,16.484780647405177,16.861575881948824,271332396,GOOGL
2007-11-27,16.697216033935547,16.768112735005495,16.119382602664206,16.727706678905882,355823820,GOOGL
2007-11-28,17.16053009033203,17.21109907898413,16.661772302423564,16.90892079506624,316343340,GOOGL
2007-11-29,17.278030395507812,17.42156017119232,17.04922579133535,17.123098271484473,248071680,GOOGL
2007-11-30,17.178871154785156,17.62656297599766,16.908918010428078,17.625076042034834,315504180,GOOGL
2007-12-03,16.894542694091797,17.22845105826426,16.884874787683884,17.12954442692796,172830996,GOOGL
2007-12-04,16.959733963012695,17.15408019349817,16.785218556391733,16.81471917413378,169102728,GOOGL
2007-12-05,17.315462112426758,17.325874430561505,17.04253316737954,17.172181737585763,168215616,GOOGL
2007-12-06,17.730680465698242,17.76290745172015,17.27828023892828,17.297861670782126,196163640,GOOGL
2007-12-07,17.721012115478516,17.79860097833625,17.612681315554642,17.723985983645324,153929916,GOOGL
2007-12-10,17.809011459350586,17.9671668324438,17.699445011208848,17.748774569149436,154093752,GOOGL
2007-12-11,17.332565307617188,17.87272103939006,17.32215299024629,17.84669308001763,245318436,GOOGL
2007-12-12,17.33628273010254,17.707375737902947,17.067321495113525,17.699444163567772,246117636,GOOGL
2007-12-13,17.20490264892578,17.293398845310342,16.88660806065273,17.260924355601812,201430368,GOOGL
2007-12-14,17.103513717651367,17.34496007951732,17.036584677314416,17.04277992130902,146793060,GOOGL
2007-12-17,16.58963394165039,17.23886107153346,16.451806306267688,17.054925256273314,219220560,GOOGL
2007-12-18,16.6917667388916,16.77505772096535,16.17491260212742,16.711845072674784,286381332,GOOGL
2007-12-19,16.791418075561523,16.844220296723552,16.583933139026282,16.71308479866677,176667156,GOOGL
2007-12-20,17.096824645996094,17.129297252795812,16.87173829783348,17.00113748876262,176711112,GOOGL
2007-12-21,17.27034568786621,17.334053354709358,17.18482335506705,17.299844421589693,215064720,GOOGL
2007-12-24,17.370492935180664,17.370492935180664,17.18035997217515,17.22820259725068,65070864,GOOGL
2007-12-26,17.621112823486328,17.680110290692355,17.308025322983198,17.327361135427523,101098800,GOOGL
2007-12-27,17.370738983154297,17.749021038967758,17.370738983154297,17.527654920439126,117582300,GOOGL
2007-12-28,17.415115356445312,17.5494722391288,17.266627875190704,17.47460784044151,102405492,GOOGL
2007-12-31,17.141191482543945,17.41412038464082,17.118881804956047,17.316946321488654,94952952,GOOGL
2008-01-02,16.985271453857422,17.28720414129142,16.800345570924506,17.175651948435842,172103724,GOOGL
2008-01-03,16.988744735717773,17.026424450338858,16.770352406928165,16.98701029365679,129969900,GOOGL
2008-01-04,16.286462783813477,16.880410765566246,16.236885718315335,16.848928195353,214177608,GOOGL
2008-01-07,16.09434700012207,16.41734987748624,15.799356863672276,16.21060747963006,255879864,GOOGL
2008-01-08,15.65880298614502,16.359840461800715,15.641946027900827,16.187306981309433,213350436,GOOGL
2008-01-09,16.1922607421875,16.195731513847296,15.431482520378367,15.618144663492899,269318412,GOOGL
2008-01-10,16.03188133239746,16.291422210038288,15.867776315914488,15.989243917946451,253114632,GOOGL
2008-01-11,15.821667671203613,16.09980087040551,15.61988485459488,15.931979477860128,198880920,GOOGL
2008-01-14,16.2076358795166,16.29637959009294,15.995191333963598,16.14119996095165,177722100,GOOGL
2008-01-15,15.806794166564941,16.089391012181007,15.750523060656194,16.01130524056288,222505272,GOOGL
2008-01-16,15.268869400024414,15.864801237605503,14.921325469598184,15.591624796975283,421977600,GOOGL
2008-01-17,14.89306640625,15.51155445758176,14.824151641318952,15.388105866260382,328343328,GOOGL
2008-01-18,14.879679679870605,15.121126037073072,14.83505937582284,15.080719972568785,341242416,GOOGL
2008-01-22,14.485532760620117,14.811509531323127,13.911664043872706,13.932239282280397,379679940,GOOGL
2008-01-23,13.599817276000977,14.080231156166539,12.865563706758115,13.899518586964284,677949372,GOOGL
2008-01-24,14.24111270904541,14.370015917994456,13.73665282401435,13.852170791612297,375659964,GOOGL
2008-01-25,14.040570259094238,14.749539420697092,14.035116592024364,14.670461720526465,278361360,GOOGL
2008-01-28,13.782264709472656,14.185336270099972,13.599321745954265,14.153854644222765,232435332,GOOGL
2008-01-29,13.646916389465332,13.914885712390321,13.402742734858602,13.893567952603515,251068680,GOOGL
2008-01-30,13.591141700744629,13.89257746246683,13.473144874642346,13.613947341618047,317266416,GOOGL
2008-01-31,13.988511085510254,14.204176045073867,13.244588697670624,13.361593595901015,594257148,GOOGL
2008-02-01,12.788715362548828,13.303585640327801,12.642460190177525,13.105273606243655,703315980,GOOGL
2008-02-04,12.281283378601074,12.711374859647242,12.209890696162763,12.619406937063557,525757716,GOOGL
2008-02-05,12.563136100769043,12.61767182045783,12.109990550272798,12.132548683108089,447683868,GOOGL
2008-02-06,12.436958312988281,12.671464080564403,12.343255953629651,12.670720613478183,305150544,GOOGL
2008-02-07,12.5172758102417,12.746327918321672,12.264674594045811,12.31673240661945,316838844,GOOGL
2008-02-08,12.808300018310547,12.834081416756758,12.610235470986165,12.627835897297087,272882844,GOOGL
2008-02-11,12.919107437133789,12.982320087767224,12.726744069071287,12.903242397609358,232806960,GOOGL
2008-02-12,12.84300422668457,13.153116901126145,12.717571792584913,12.974387231307691,266225508,GOOGL
2008-02-13,13.252768516540527,13.261940462502658,12.857877935897031,12.952324700904327,264723012,GOOGL
2008-02-14,13.194018363952637,13.411915607362163,13.163031754104743,13.345232188687635,258808932,GOOGL
2008-02-15,13.129321098327637,13.204184556866817,12.997690568642826,13.096351589033691,209394396,GOOGL
2008-02-19,12.616434097290039,13.263678491613886,12.555700291192508,13.260703678184097,253761984,GOOGL
2008-02-20,12.617671966552734,12.667498432151834,12.36531826270988,12.481579700879447,266221512,GOOGL
2008-02-21,12.465466499328613,12.722034448931774,12.382175510376065,12.713110009536136,226884888,GOOGL
2008-02-22,12.58792495727539,12.61767119671608,12.33383588259159,12.445634622003691,220415364,GOOGL
2008-02-25,12.058429718017578,12.55569965697233,12.04107774268627,12.54206596206916,334577088,GOOGL
2008-02-26,11.506872177124023,11.563390798399844,11.07702816725281,11.432753127403497,930560508,GOOGL
2008-02-27,11.721792221069336,11.786987766879808,11.394080995044492,11.406226810071882,404471124,GOOGL
2008-02-28,11.784509658813477,11.87622817909423,11.585452252063812,11.663289571209468,263212524,GOOGL
2008-02-29,11.680145263671875,11.892340381468975,11.51827256475971,11.697250672798187,376638984,GOOGL
2008-03-03,11.329132080078125,11.718321486329135,11.157838975325804,11.688326795258554,301877820,GOOGL
2008-03-04,11.02125072479248,11.238402613862704,10.802610012284468,11.1786616840515,544323132,GOOGL
2008-03-05,11.09809684753418,11.25848261647858,11.006376445521065,11.037363055056781,297166536,GOOGL
2008-03-06,10.7262601852417,11.236917203885598,10.688580480481747,11.097849184595185,298505196,GOOGL
2008-03-07,10.7423734664917,10.907220990733062,10.566122650186626,10.631565700283018,322549128,GOOGL
2008-03-10,10.253283500671387,10.684118404739934,10.238905395852473,10.630325210081367,319184496,GOOGL
2008-03-11,10.903254508972168,10.910939521238618,10.526707801615558,10.541829374000201,352722924,GOOGL
2008-03-12,10.911684036254883,11.102559526501315,10.859378718099338,10.907468851859383,265809924,GOOGL
2008-03-13,10.98183822631836,11.08025174601527,10.629089014322265,10.725518695214044,308754936,GOOGL
2008-03-14,10.855659484863281,11.13875228890431,10.674698463657592,10.981092867478633,262713024,GOOGL
2008-03-17,10.408214569091797,10.751296709894465,10.215850282936334,10.60950140363323,315212472,GOOGL
2008-03-18,10.886398315429688,10.928043807152706,10.548522293071118,10.634044622389803,289198512,GOOGL
2008-03-19,10.708907127380371,11.093138806798299,10.700727101043293,10.934735936241815,246912840,GOOGL
2008-03-20,10.747329711914062,10.800625995642816,10.349464361970437,10.592893581533273,396139464,GOOGL
2008-03-24,11.416887283325195,11.546285518353892,10.85070257817904,10.86830300538707,270269460,GOOGL
2008-03-25,11.174448013305664,11.340287459882786,11.055956177451671,11.340039952420506,233030736,GOOGL
2008-03-26,11.358134269714355,11.474147240732014,11.137510674145686,11.219314716393647,208818972,GOOGL
2008-03-27,11.008360862731934,11.120654618489455,10.919367761356625,11.055955980067617,233054712,GOOGL
2008-03-28,10.859624862670898,11.243609030273884,10.766170023056315,11.092146761224527,174872952,GOOGL
2008-03-31,10.918871879577637,10.973903557260819,10.709155597108525,10.799140618326533,177678144,GOOGL
2008-04-01,11.544549942016602,11.564134207512163,11.077523166374455,11.099090325762024,243480276,GOOGL
2008-04-02,11.544301986694336,11.793184918064778,11.412671468158814,11.648416665233704,239720040,GOOGL
2008-04-03,11.282034873962402,11.484563093060038,11.10875883108981,11.445891461025536,270864864,GOOGL
2008-04-04,11.6779146194458,11.844994431453825,11.308804486816525,11.328884709836842,235652112,GOOGL
2008-04-07,11.819955825805664,12.033637878217352,11.738399290491705,11.825161984195546,237502260,GOOGL
2008-04-08,11.596609115600586,11.753524152651105,11.452832759581106,11.726256760554477,181698120,GOOGL
2008-04-09,11.506872177124023,11.70047594533066,11.342024623927683,11.6293307643635,241682076,GOOGL
2008-04-10,11.628089904785156,11.746581744612177,11.448864266166147,11.525959064511385,202693104,GOOGL
2008-04-11,11.339792251586914,11.582974017498485,11.279306902971143,11.503896322745819,166621212,GOOGL
2008-04-14,11.196264266967773,11.339793108957075,11.15883206438516,11.332604055311464,153550296,GOOGL
2008-04-15,11.076778411865234,11.396063023456291,10.999436112215635,11.356647934251564,182920896,GOOGL
2008-04-16,11.279801368713379,11.360365042353271,10.932009007035616,11.016292849843245,304922772,GOOGL
2008-04-17,11.143710136413574,11.387386907319062,11.068846684654682,11.294675521959142,533585880,GOOGL
2008-04-18,13.371509552001953,13.57701159929917,13.008596535724847,13.267395820268549,728694576,GOOGL
2008-04-21,13.331351280212402,13.450339079527732,13.145433493253138,13.371013879984178,297290412,GOOGL
2008-04-22,13.757973670959473,13.902494424414494,13.325649892698824,13.325899289552801,317222460,GOOGL
2008-04-23,13.547017097473145,13.864813852918061,13.409684461138818,13.830852427379664,196663140,GOOGL
2008-04-24,13.461494445800781,13.745329768977918,13.386630995847149,13.666004571902867,165238596,GOOGL
2008-04-25,13.486778259277344,13.708392840307008,13.453808755426236,13.609731836203798,166409424,GOOGL
2008-04-28,13.686579704284668,13.802840193480915,13.36134545411805,13.531895098847253,160183656,GOOGL
2008-04-29,13.84399127960205,13.96620140008065,13.634274987023112,13.654602718980955,173666160,GOOGL
2008-04-30,14.236156463623047,14.498177148071568,13.843992185499934,13.936702633364622,315803880,GOOGL
2008-05-01,14.70194149017334,14.74780121949584,14.30258916686762,14.335806177938538,263847888,GOOGL
2008-05-02,14.409676551818848,14.934214699701371,14.36034605405517,14.836049663716059,279672048,GOOGL
2008-05-05,14.747058868408203,14.84869469232374,14.554447045993427,14.845223919674018,250988760,GOOGL
2008-05-06,14.535360336303711,14.6751708868833,14.452069346462691,14.650382351661584,184986828,GOOGL
2008-05-07,14.352909088134766,14.860838750843763,14.289201429373609,14.632283580978754,264255480,GOOGL
2008-05-08,14.452316284179688,14.608239376506356,14.350680459722396,14.531393975663518,204711084,GOOGL
2008-05-09,14.209135055541992,14.501647327960132,14.162035894044926,14.35291139354961,179216604,GOOGL
2008-05-12,14.500158309936523,14.545026121870073,14.102788864557171,14.247557110472673,194361444,GOOGL
2008-05-13,14.452068328857422,14.574773458935017,14.341755576148046,14.53213604773383,206333460,GOOGL
2008-05-14,14.285982131958008,14.655093264088189,14.25995416870914,14.53858336413866,174856968,GOOGL
2008-05-15,14.402491569519043,14.450829214000786,14.268878150535215,14.352911664200574,173534292,GOOGL
2008-05-16,14.379436492919922,14.493715042745833,14.33605561099419,14.413149468100853,170793036,GOOGL
2008-05-19,14.3162202835083,14.597826101915198,14.217064276491662,14.341753224550256,223955820,GOOGL
2008-05-20,14.342994689941406,14.439177787534147,14.201944725609287,14.244582135880375,132411456,GOOGL
2008-05-21,13.633780479431152,14.412655400767001,13.581723606634554,14.341014261026455,258465276,GOOGL
2008-05-22,13.620638847351074,13.738387207570858,13.392331179014496,13.682364558837163,202848948,GOOGL
2008-05-23,13.500661849975586,13.708394308290934,13.331847580646018,13.558668344581843,177082740,GOOGL
2008-05-27,13.904229164123535,13.946369673005306,13.481574257038925,13.509090097296262,154465380,GOOGL
2008-05-28,14.086179733276367,14.166745302114059,13.909186390163164,14.07874411782755,161853984,GOOGL
2008-05-29,14.452068328857422,14.523461005702092,14.209134087994968,14.248549178781229,193606200,GOOGL
2008-05-30,14.521476745605469,14.623607572225032,14.40992457671845,14.463716822922546,128878992,GOOGL
2008-06-02,14.253756523132324,14.474132664655139,14.161293579014403,14.43967527541455,146821032,GOOGL
2008-06-03,14.062880516052246,14.390096752871894,13.8970401068151,14.290939773562414,172039788,GOOGL
2008-06-04,14.18484115600586,14.328121520999407,13.994708196681067,14.014043063367446,134393472,GOOGL
2008-06-05,14.533870697021484,14.577005010326873,14.28374930563016,14.305314572913021,156511332,GOOGL
2008-06-06,14.055441856384277,14.395549237782934,14.055441856384277,14.3715032259111,189190620,GOOGL
2008-06-09,13.829117774963379,14.129810079862752,13.51999793478426,14.081719943000218,211320468,GOOGL
2008-06-10,13.737397193908691,13.852665764323087,13.554204829616628,13.623119598025635,146149704,GOOGL
2008-06-11,13.515039443969727,13.815978294214979,13.496694606159227,13.788710906678945,152363484,GOOGL
2008-06-12,13.707155227661133,13.832340158317376,13.556684858722846,13.603288058354085,219444336,GOOGL
2008-06-13,14.167242050170898,14.271109231341576,13.915137718432602,13.918855054269278,247128624,GOOGL
2008-06-16,14.199468612670898,14.355391716482444,14.043048604515871,14.043048604515871,141570288,GOOGL
2008-06-17,14.116421699523926,14.329856247779938,14.08965027421442,14.287218839617363,138377484,GOOGL
2008-06-18,13.940916061401367,14.104771665756044,13.861094906659666,13.993716392554965,135112752,GOOGL
2008-06-19,13.886876106262207,13.97562170449046,13.65410572237171,13.766648880423766,227096676,GOOGL
2008-06-20,13.54552936553955,13.807055017461915,13.497934245649823,13.807055017461915,239084676,GOOGL
2008-06-23,13.515286445617676,13.71211250049218,13.436208757478742,13.519004725597066,145290564,GOOGL
2008-06-24,13.44314956665039,13.663525676169115,13.264668346127449,13.513551269264303,186717096,GOOGL
2008-06-25,13.65881633758545,13.827382155297684,13.477111840499424,13.509337880870298,164723112,GOOGL
2008-06-26,13.108992576599121,13.508344915811705,13.095110431182764,13.487769677487904,226153620,GOOGL
2008-06-27,13.090400695800781,13.138243322365978,12.768637209926599,13.080732789626936,217682100,GOOGL
2008-06-30,13.04949951171875,13.336557178999058,12.966208520266036,13.199473931452292,150461388,GOOGL
2008-07-01,13.25549602508545,13.304825583391239,12.815984189835264,12.879941249784297,198197604,GOOGL
2008-07-02,13.06486701965332,13.395553981446202,13.04057444652804,13.299620281526108,168751080,GOOGL
2008-07-03,13.311768531799316,13.367047721698418,13.07627177649842,13.160058726900377,95923980,GOOGL
2008-07-07,13.483060836791992,13.609238640228531,13.277063759395288,13.443150727469385,170037792,GOOGL
2008-07-08,13.746321678161621,13.762683622984245,13.386135946395399,13.534622485030788,197098704,GOOGL
2008-07-09,13.424556732177734,13.774826987481664,13.404229947876061,13.652864392301884,165993840,GOOGL
2008-07-10,13.400264739990234,13.621631825564043,13.156092014428044,13.510081534312313,173094732,GOOGL
2008-07-11,13.232441902160645,13.37374031798076,12.876221994419774,13.299372830147535,199056744,GOOGL
2008-07-14,12.930510520935059,13.387621846773882,12.777561302001457,13.361345434528195,176815008,GOOGL
2008-07-15,12.793425559997559,13.076269888755034,12.421836586550912,12.798135758935405,242597160,GOOGL
2008-07-16,13.27706241607666,13.299373040653743,12.657333970780511,12.742608792278755,189498312,GOOGL
2008-07-17,13.223519325256348,13.313008397520468,13.001904709336067,13.241367260337325,351144504,GOOGL
2008-07-18,11.931509017944336,12.369285511722167,11.853919201661876,12.353667978662596,451244304,GOOGL
2008-07-21,11.621149063110352,12.000173682467423,11.544301773829114,11.920600977011325,235823940,GOOGL
2008-07-22,11.827147483825684,11.904984811906628,11.54182519044672,11.569588540588972,187472340,GOOGL
2008-07-23,12.12734317779541,12.325904636815721,11.851687862095698,11.938698077631628,195568236,GOOGL
2008-07-24,11.790209770202637,12.31697933685649,11.790209770202637,12.31276509719098,141494364,GOOGL
2008-07-25,12.195761680603027,12.224269440303768,11.93597141207988,12.059668467957367,127212660,GOOGL
2008-07-28,11.827394485473633,12.198487526817116,11.778063036066632,12.198487526817116,126273600,GOOGL
2008-07-29,11.975882530212402,12.0787577923507,11.849209705851074,11.881435748489883,111999888,GOOGL
2008-07-30,11.965717315673828,12.048017320681122,11.720551742153722,12.035126150347102,139488372,GOOGL
2008-07-31,11.743855476379395,11.920848825735034,11.686592449833595,11.763934756259806,114489396,GOOGL
2008-08-01,11.597845077514648,11.730715003810035,11.464975151219262,11.713115524770695,120195684,GOOGL
2008-08-04,11.477373123168945,11.72551166706093,11.450104787972263,11.604293454724278,99380520,GOOGL
2008-08-05,11.895068168640137,11.900770287261071,11.55991943943129,11.5911535593723,143236620,GOOGL
2008-08-06,12.055952072143555,12.14097845355535,11.713118295960099,11.858381577370135,134896968,GOOGL
2008-08-07,11.876973152160645,11.997943848646251,11.809793765814408,11.94836583372863,110841048,GOOGL
2008-08-08,12.270872116088867,12.28921506424175,11.791945174487838,11.902505435811653,149422428,GOOGL
2008-08-11,12.41539192199707,12.614695874821338,12.190801588361673,12.207906053223866,169402428,GOOGL
2008-08-12,12.459271430969238,12.546529160174684,12.344992873670824,12.44414985647411,110117772,GOOGL
2008-08-13,12.395312309265137,12.482322516578046,12.242859052046123,12.434232384517127,144874980,GOOGL
2008-08-14,12.530662536621094,12.583215362445337,12.302602355180614,12.337554755012919,116627256,GOOGL
2008-08-15,12.64617919921875,12.658820973352,12.530909685097907,12.567844977659695,141686172,GOOGL
2008-08-18,12.352428436279297,12.642461855402182,12.283267100559316,12.638495122961864,133222644,GOOGL
2008-08-19,12.159072875976562,12.351932210026677,12.06313916858147,12.157337489614195,121738140,GOOGL
2008-08-20,12.022732734680176,12.312517686547265,11.962494896889496,12.26368219647294,159124716,GOOGL
2008-08-21,12.060659408569336,12.144199793589566,11.880691245589148,11.971171286710774,140423436,GOOGL
2008-08-22,12.16130256652832,12.267647632936534,12.1337867300035,12.183860696798385,91796112,GOOGL
2008-08-25,11.97340202331543,12.320202513889233,11.935971712704314,12.050249317174462,80491428,GOOGL
2008-08-26,11.754018783569336,11.984558776210825,11.665522578328906,11.984558776210825,132195672,GOOGL
2008-08-27,11.61569595336914,11.770629033969195,11.522985501876754,11.743360698421373,175308516,GOOGL
2008-08-28,11.744597434997559,11.810784897652326,11.659075105178166,11.712619848955512,121066812,GOOGL
2008-08-29,11.484560012817383,11.675931448754516,11.460762455134663,11.644697331424368,153774072,GOOGL
2008-09-02,11.533145904541016,11.952826894050245,11.438203182888683,11.818716591828101,244215540,GOOGL
2008-09-03,11.512325286865234,11.757241504799762,11.392594011360782,11.619414786724672,172411416,GOOGL
2008-09-04,11.161558151245117,11.48332164145242,11.140239444819155,11.403004522635774,193746060,GOOGL
2008-09-05,11.012574195861816,11.216093344246799,10.90920393381773,11.043313299675937,181190628,GOOGL
2008-09-08,10.410199165344238,11.227993133328834,10.350704793278226,11.205187492691698,360355284,GOOGL
2008-09-09,10.378222465515137,10.718328933761883,10.287493020778983,10.490021221656198,288894816,GOOGL
2008-09-10,10.266668319702148,10.522493714936957,10.15561305184146,10.522244318122489,248822928,GOOGL
2008-09-11,10.752289772033691,10.785506787096079,10.073811314611003,10.122645862606994,258597144,GOOGL
2008-09-12,10.849213600158691,10.956551538974093,10.634540556582756,10.664535248637426,240878880,GOOGL
2008-09-15,10.75501537322998,10.956055669858687,10.503405145775798,10.510595143039303,262433304,GOOGL
2008-09-16,10.979852676391602,11.137263634708306,10.547529905121575,10.559181648885398,279348372,GOOGL
2008-09-17,10.274850845336914,10.885901417588872,10.248820995967172,10.869541363462968,364710924,GOOGL
2008-09-18,10.884417533874512,10.88689544300225,10.175943354072217,10.476884142311263,343232424,GOOGL
2008-09-19,11.134042739868164,11.454317418843804,10.98853006944963,11.427794441724155,399839760,GOOGL
2008-09-22,10.662798881530762,11.257491232549425,10.634539578340727,11.257491232549425,176115708,GOOGL
2008-09-23,10.641231536865234,10.926803155084995,10.553231308768568,10.739892533526207,207959832,GOOGL
2008-09-24,10.786004066467285,11.031167789569523,10.66205760734134,10.66775878170207,169510320,GOOGL
2008-09-25,10.897305488586426,11.155111899437888,10.807567976294093,10.878465636728942,200611188,GOOGL
2008-09-26,10.685110092163086,10.836819877780679,10.436970648486293,10.60975068659568,211488300,GOOGL
2008-09-29,9.444663047790527,10.498447828352603,9.437473050260426,10.399291801450158,430085484,GOOGL
2008-09-30,9.928544998168945,10.537367034029696,9.725274309616218,9.816001849449766,123328548,GOOGL
2008-10-01,10.206185340881348,10.336576449512101,9.992504179110988,10.19205568551359,249142608,GOOGL
2008-10-02,9.679910659790039,10.163050875041261,9.568607880991575,10.158340675965645,239156604,GOOGL
2008-10-03,9.591166496276855,10.22552063385049,9.495976249517417,9.84996580625352,319396284,GOOGL
2008-10-06,9.201977729797363,9.320468630757311,8.853689356712067,9.270643107239382,448375176,GOOGL
2008-10-07,8.577290534973145,9.29543254840494,8.561425494333973,9.254530520028482,441733824,GOOGL
2008-10-08,8.381455421447754,8.89905302158566,8.083985471160341,8.184381862787824,472582944,GOOGL
2008-10-09,8.155132293701172,8.640751462621832,7.973923737084178,8.540355995301523,322677000,GOOGL
2008-10-10,8.22999382019043,8.475159419833956,7.692069862216253,7.762967055525647,423488088,GOOGL
2008-10-13,9.445157051086426,9.468210196656564,8.57084362034729,8.819727469565493,355863780,GOOGL
2008-10-14,8.9912691116333,9.779314952854719,8.849723178309354,9.755269885374078,311080608,GOOGL
2008-10-15,8.407733917236328,8.899302735178651,8.399305436143374,8.791469756999145,268587144,GOOGL
2008-10-16,8.75106143951416,8.837327233132138,7.670750929857371,8.24883292285366,648938412,GOOGL
2008-10-17,9.234946250915527,9.568609008546844,9.01209221492034,9.39409261689616,569398032,GOOGL
2008-10-20,9.40301513671875,9.444165612979193,8.913926233530267,9.4136749616527,269865864,GOOGL
2008-10-21,8.992260932922363,9.51357590145082,8.973668587504111,9.231227504979463,231048720,GOOGL
2008-10-22,8.816755294799805,9.16429930471398,8.52746624124634,8.849477300093197,262137600,GOOGL
2008-10-23,8.733709335327148,8.874510843065156,8.378480411684682,8.766677894151597,258896844,GOOGL
2008-10-24,8.410707473754883,8.68785066554485,8.050025784806072,8.092910706405336,294065640,GOOGL
2008-10-27,8.167771339416504,8.502673441639539,8.07134169250323,8.299650283916092,247779972,GOOGL
2008-10-28,9.140995025634766,9.1548771717401,8.143480404200012,8.404757603330951,323891784,GOOGL
2008-10-29,8.874512672424316,9.196771214301688,8.734949617839957,9.067620478989191,389873736,GOOGL
2008-10-30,8.916406631469727,9.221560705054186,8.883684628631473,9.13380796050634,319236444,GOOGL
2008-10-31,8.908226013183594,9.220568175085747,8.782049154829535,8.828900809754623,296635068,GOOGL
2008-11-03,8.589189529418945,8.998209800879563,8.463756142339014,8.864100426610925,237941820,GOOGL
2008-11-04,9.0961275100708,9.230484394215084,8.564647710461918,8.761473781788457,293702004,GOOGL
2008-11-05,8.483835220336914,9.144217265180538,8.460781127750742,8.977386839978708,277582140,GOOGL
2008-11-06,8.21065616607666,8.537872271626782,8.076546837554746,8.427561439914747,342649008,GOOGL
2008-11-07,8.2086763381958,8.456814870045246,8.064650600659311,8.25775839448271,187064748,GOOGL
2008-11-10,7.902281761169434,8.166533780764329,7.671494736366349,8.130837912277734,322880796,GOOGL
2008-11-11,7.7208251953125,7.840804444259042,7.4496330488613305,7.652159819763378,405458136,GOOGL
2008-11-12,7.213639259338379,7.746357997487305,7.133322612563037,7.487559651020928,401641956,GOOGL
2008-11-13,7.736195087432861,7.759000728169607,6.9409592491414935,7.232727575045372,528858612,GOOGL
2008-11-14,7.685129165649414,8.056223185277378,7.500202813920359,7.517307281630712,380303316,GOOGL
2008-11-17,7.439716815948486,7.688599741655584,7.385923619215296,7.511109493831937,301450248,GOOGL
2008-11-18,7.372785568237305,7.52920508323202,7.073580703614519,7.4756603409502596,333510156,GOOGL
2008-11-19,6.945422172546387,7.441452230141976,6.905758623853376,7.3224644181182486,313070616,GOOGL
2008-11-20,6.434267997741699,7.013839291560322,6.421377771780069,6.8142859348961276,390784824,GOOGL
2008-11-21,6.50541353225708,6.677450588138667,6.130354697505061,6.507396426051208,409370220,GOOGL
2008-11-24,6.381715297698975,6.691828444881978,6.17274295584587,6.674723034403022,401785812,GOOGL
2008-11-25,6.991776466369629,7.106055007930001,6.6266330506625835,6.660346023405123,430417152,GOOGL
2008-11-26,7.240659713745117,7.3241991491367315,6.846760095527195,6.94789948400159,254009736,GOOGL
2008-11-28,7.26222562789917,7.348740822972266,7.146212644352947,7.203228161582958,102517380,GOOGL
2008-12-01,6.593663215637207,7.123903605992099,6.593415708150368,7.106550686046493,228219552,GOOGL
2008-12-02,6.819740295410156,6.885926341259442,6.509132129184217,6.686374395125794,233354412,GOOGL
2008-12-03,6.926828861236572,6.974671483623439,6.577549566202243,6.689348773762564,235955808,GOOGL
2008-12-04,6.800652027130127,7.027472778399113,6.662576871548437,6.854940238445213,195268536,GOOGL
2008-12-05,7.039867877960205,7.046065011697093,6.544828837557854,6.718352360930791,260587152,GOOGL
2008-12-08,7.489046573638916,7.6707515382857645,6.990537242001269,7.188602733880435,325446228,GOOGL
2008-12-09,7.584732532501221,7.882945942941163,7.362621994102559,7.379478479377557,275320404,GOOGL
2008-12-10,7.655381679534912,7.806099553014773,7.548540171628651,7.66579352488418,209270520,GOOGL
2008-12-11,7.442195892333984,7.7560268843229805,7.382206028879026,7.540113444193673,246920832,GOOGL
2008-12-12,7.827418804168701,7.845019229928903,7.288006517775152,7.330395949609134,228655116,GOOGL
2008-12-15,7.701242923736572,7.895093237673275,7.563414321765573,7.784037954288833,269246484,GOOGL
2008-12-16,8.063410758972168,8.168021396921961,7.716115740777532,7.796680366785643,282101616,GOOGL
2008-12-17,7.814527988433838,7.985324667558511,7.744622246050527,7.898811363571683,231356412,GOOGL
2008-12-18,7.6915740966796875,7.9412004899312425,7.662570378414268,7.850719979544802,190349460,GOOGL
2008-12-19,7.688847541809082,7.87774108919928,7.659844294836278,7.709175273951186,224279496,GOOGL
2008-12-22,7.365100860595703,7.67223825733329,7.204467571797938,7.648937130034016,156547296,GOOGL
2008-12-23,7.387659072875977,7.518793149271318,7.3541931370031755,7.447400475301573,150956892,GOOGL
2008-12-24,7.5098700523376465,7.593905459694324,7.396584360368524,7.473431186490875,76783140,GOOGL
2008-12-26,7.4456658363342285,7.567132003968145,7.394847456731893,7.5376323285425935,78285636,GOOGL
2008-12-29,7.372785568237305,7.470950141849751,7.228016852582055,7.442194877024159,147927924,GOOGL
2008-12-30,7.513835430145264,7.6055558399805925,7.404763518856141,7.456573349806526,153586260,GOOGL
2008-12-31,7.626378536224365,7.709422486272583,7.501441586126797,7.540856677477969,115356528,GOOGL
2009-01-02,7.965247631072998,7.977641899772429,7.573082861292273,7.6499296889415325,144275580,GOOGL
2009-01-05,8.13207721710205,8.211154910281353,7.8085792807958425,7.957314268191575,195364440,GOOGL
2009-01-06,8.281060218811035,8.448139090980991,8.09092725477038,8.25428784692054,256750992,GOOGL
2009-01-07,7.9823503494262695,8.202973978119777,7.901538686508494,8.138770350177493,179600220,GOOGL
2009-01-08,8.06118106842041,8.06118106842041,7.866585860847093,7.889887935407239,143883972,GOOGL
2009-01-09,7.810314178466797,8.11844301499494,7.768916194359269,8.11844301499494,173446380,GOOGL
2009-01-12,7.751316070556641,7.906496167790767,7.690335237297219,7.841053114971755,132039828,GOOGL
2009-01-13,7.791722297668457,7.947397403610605,7.69430118942595,7.728509648644316,177122700,GOOGL
2009-01-14,7.460787296295166,7.778831543490065,7.380965669319975,7.684633228642479,218497284,GOOGL
2009-01-15,7.411705017089844,7.525487134241171,7.109277799862833,7.376505107860484,237142620,GOOGL
2009-01-16,7.428561210632324,7.641252315268544,7.330148650613323,7.561183176263883,208767024,GOOGL
2009-01-20,7.009130001068115,7.424347897475119,7.009130001068115,7.415423930063509,201726072,GOOGL
2009-01-21,7.513092517852783,7.523503418184783,7.147948173147362,7.147948173147362,196783020,GOOGL
2009-01-22,7.597870349884033,7.668519084354064,7.316513893940783,7.388154075239762,330349320,GOOGL
2009-01-23,8.049034118652344,8.229003235227335,7.541352338009681,7.666537278630945,428882688,GOOGL
2009-01-26,8.028458595275879,8.130837890276633,7.946407032663209,8.052752115402841,184243572,GOOGL
2009-01-27,8.217103958129883,8.276350826129615,8.038375213561647,8.092414977530279,196894908,GOOGL
2009-01-28,8.643228530883789,8.733957016543998,8.336835087790543,8.378233070929014,307348344,GOOGL
2009-01-29,8.510608673095703,8.55349359851186,8.431035011923372,8.540850877636796,291060648,GOOGL
2009-01-30,8.391866683959961,8.646451713527282,8.32914999653345,8.544568389147315,186693120,GOOGL
2009-02-02,8.442436218261719,8.552252056819594,8.229992648397719,8.286760652205333,208067724,GOOGL
2009-02-03,8.439462661743164,8.502675315210848,8.275358592761611,8.492015489438522,261997740,GOOGL
2009-02-04,8.502674102783203,8.786261892731007,8.407731382382215,8.430041060647222,272423304,GOOGL
2009-02-05,8.768414497375488,8.809563084151028,8.35393870177343,8.450865266361886,290285424,GOOGL
2009-02-06,9.20371150970459,9.26642820088564,8.811051308123217,8.836335801630586,281242476,GOOGL
2009-02-09,9.389382362365723,9.444662491215396,9.10505108801511,9.203711149478844,198892908,GOOGL
2009-02-10,8.887152671813965,9.35789856434897,8.871783594481276,9.32021886562799,283863852,GOOGL
2009-02-11,8.875503540039062,9.04803608448384,8.750566115118016,8.898061673084737,209054736,GOOGL
2009-02-12,8.999696731567383,9.013827330034044,8.712887526708888,8.754533020946369,221789988,GOOGL
2009-02-13,8.866579055786133,8.998209573242287,8.805846202316593,8.978378745884067,165702132,GOOGL
2009-02-17,8.494247436523438,8.604063299197552,8.420623404234092,8.589685192166773,226988784,GOOGL
2009-02-18,8.75329303741455,8.759985185640948,8.441197468589746,8.607780379628458,240739020,GOOGL
2009-02-19,8.493751525878906,8.91913183967442,8.46325992852704,8.861373799519102,199348452,GOOGL
2009-02-20,8.588197708129883,8.649427468152899,8.30436142366679,8.37996928980028,248435316,GOOGL
2009-02-23,8.181902885437012,8.67124022827852,8.169260167123438,8.601831392990979,208635156,GOOGL
2009-02-24,8.563407897949219,8.666779108352106,8.202478716415385,8.205701036918056,243592164,GOOGL
2009-02-25,8.468960762023926,8.733211785459154,8.401532936564855,8.481602534612657,257306436,GOOGL
2009-02-26,8.358402252197266,8.737923799191698,8.357906292550894,8.57605107278124,223999776,GOOGL
2009-02-27,8.378480911254883,8.523001652117628,8.207931265396216,8.253543489833413,216583200,GOOGL
2009-03-02,8.110015869140625,8.445660599540593,8.081260599061299,8.262965111960474,231308460,GOOGL
2009-03-03,8.068370819091797,8.271890011872928,7.9907809925971875,8.182152478867,260731008,GOOGL
2009-03-04,7.905751705169678,8.155626537120487,7.817998032702609,8.010857350421002,312423264,GOOGL
2009-03-05,7.576552867889404,7.909718219066072,7.5021853784825465,7.845266615339952,260934804,GOOGL
2009-03-06,7.649184703826904,7.689343734888312,7.294204678037853,7.6157192382278085,289078632,GOOGL
2009-03-09,7.210913181304932,7.599606650419965,7.175215897619591,7.436246055552054,258593148,GOOGL
2009-03-10,7.6392693519592285,7.697027392418341,7.29420473698573,7.393361235541333,268938792,GOOGL
2009-03-11,7.880715847015381,7.932524734559821,7.578287694991486,7.687112101501273,236707056,GOOGL
2009-03-12,8.020029067993164,8.05646934342421,7.775112894212209,7.871542077982668,200763036,GOOGL
2009-03-13,8.042092323303223,8.117451728655977,7.908478922424749,8.083737813269261,156099744,GOOGL
2009-03-16,7.924839496612549,8.17372336765347,7.897572109320789,8.081011983617532,197674128,GOOGL
2009-03-17,8.312789916992188,8.312789916992188,7.909965875080147,7.93698669787977,188311500,GOOGL
2009-03-18,8.25726318359375,8.428307854092749,8.132077302914167,8.299652145318927,200287512,GOOGL
2009-03-19,8.17892837524414,8.329150287758152,8.115468218563505,8.222060801017102,164283552,GOOGL
2009-03-20,8.184381484985352,8.254534729817067,8.089687216005856,8.18785225728187,189326484,GOOGL
2009-03-23,8.641493797302246,8.662564049338108,8.255525776597963,8.26866445420354,170689140,GOOGL
2009-03-24,8.60604476928711,8.771388249358814,8.527463987345532,8.589436263512845,152647200,GOOGL
2009-03-25,8.529197692871094,8.709414276947186,8.335347417045368,8.686113625131446,173278548,GOOGL
2009-03-26,8.757755279541016,8.903267945553015,8.639014986687885,8.75378854718766,239891868,GOOGL
2009-03-27,8.619184494018555,8.725778031167708,8.563904359190204,8.676199070591098,132779088,GOOGL
2009-03-30,8.494989395141602,8.522753684930953,8.330390328791577,8.491518622746701,123640236,GOOGL
2009-03-31,8.628108024597168,8.763209322933106,8.581504821722525,8.649675184283135,146065788,GOOGL
2009-04-01,8.777585983276367,8.806093742394367,8.443429172510015,8.522009959829942,131915952,GOOGL
2009-04-02,8.986063003540039,9.16603114756599,8.932022303094886,9.006141336679823,179340480,GOOGL
2009-04-03,9.166526794433594,9.2146178676564,8.874510527529866,9.035640704209854,151440408,GOOGL
2009-04-06,9.128351211547852,9.167518791721324,8.958793499601299,9.097613054636913,131080788,GOOGL
2009-04-07,8.890625953674316,9.01705032473817,8.807829973957812,8.98854256288448,147056796,GOOGL
2009-04-08,8.973669052124023,9.048036548277485,8.830139274417917,9.010852800200755,110497392,GOOGL
2009-04-09,9.233954429626465,9.279814160894926,9.0790213731493,9.159586940391408,135168696,GOOGL
2009-04-13,9.373021125793457,9.397563097795748,9.179418323523256,9.2049522147912,121881996,GOOGL
2009-04-14,9.1449613571167,9.345257241215018,9.062908855488923,9.344017814546637,137006856,GOOGL
2009-04-15,9.407478332519531,9.446149012868188,9.027213336026907,9.100093894168797,197030772,GOOGL
2009-04-16,9.636528968811035,9.739651722171843,9.445157526559935,9.4570558334514,406996596,GOOGL
2009-04-17,9.723292350769043,9.911193978403476,9.539109003341993,9.569103697159216,428802768,GOOGL
2009-04-20,9.402521133422852,9.6838776259328,9.317990715334101,9.572326381418119,176978844,GOOGL
2009-04-21,9.456313133239746,9.526466387683522,9.323195677372182,9.324931063758214,147668184,GOOGL
2009-04-22,9.515559196472168,9.667764960173336,9.395331965939535,9.463253875374548,139931928,GOOGL
2009-04-23,9.5361328125,9.66156618090633,9.447387225920691,9.606037603921257,104255640,GOOGL
2009-04-24,9.655120849609375,9.746592799142206,9.432266847557864,9.569846033022957,135280584,GOOGL
2009-04-27,9.567367553710938,9.655121226905095,9.488042359527226,9.527457449165514,91532376,GOOGL
2009-04-28,9.511838912963867,9.64421287581693,9.458046668947603,9.512829887358393,117626256,GOOGL
2009-04-29,9.704205513000488,9.79096727855115,9.56439401305529,9.567864785976537,144255600,GOOGL
2009-04-30,9.815753936767578,10.008614189526483,9.786751166198686,9.810548723066573,174053772,GOOGL
2009-05-01,9.759236335754395,9.855914451882374,9.706187550724575,9.792454293692307,97010892,GOOGL
2009-05-04,9.964736938476562,9.975148310127755,9.786503249207833,9.870290181959788,127991880,GOOGL
2009-05-05,9.989776611328125,10.039602137404785,9.847486252631828,9.915161603618307,95935968,GOOGL
2009-05-06,10.00167179107666,10.120908017359813,9.940442990348426,10.083971786303664,105210684,GOOGL
2009-05-07,9.831620216369629,10.03935361414994,9.729736883640175,10.017291440624328,119872008,GOOGL
2009-05-08,10.097358703613281,10.166768479766311,9.791708747914877,9.98630343964238,154449396,GOOGL
2009-05-11,10.113472938537598,10.213124918782016,9.945402151528347,9.985064748725744,102269628,GOOGL
2009-05-12,9.891115188598633,10.188089217753678,9.794438009046113,10.163796641465368,151480368,GOOGL
2009-05-13,9.656360626220703,9.826166798532054,9.626860949767613,9.769151283988556,113598288,GOOGL
2009-05-14,9.605789184570312,9.722546555995338,9.536131907199277,9.638015216670754,117362520,GOOGL
2009-05-15,9.667764663696289,9.769647997066915,9.645206530402914,9.695032051751902,120227652,GOOGL
2009-05-18,9.837323188781738,9.848973989916672,9.553735339507504,9.785017865077934,133933932,GOOGL
2009-05-19,9.88789176940918,9.956309632510688,9.742131604446637,9.818977002021919,113386500,GOOGL
2009-05-20,9.845749855041504,10.056210558102805,9.791710094296034,9.967464959823822,91268640,GOOGL
2009-05-21,9.82889461517334,9.986058092284875,9.76295559697019,9.82393596321706,108683208,GOOGL
2009-05-22,9.754526138305664,9.882189921789085,9.717342392816272,9.832859416829592,68675256,GOOGL
2009-05-26,10.023736000061035,10.039601039847422,9.667764524110847,9.716104055245147,124055820,GOOGL
2009-05-27,10.053483009338379,10.209654551036778,10.0348906643012,10.055465903105619,121250628,GOOGL
2009-05-28,10.1734619140625,10.203705056513716,10.029932158168732,10.130824505697623,106645248,GOOGL
2009-05-29,10.342772483825684,10.342772483825684,10.180899760725959,10.215852161832265,105822072,GOOGL
2009-06-01,10.574055671691895,10.649414138628856,10.374999206495005,10.379956913361976,132763104,GOOGL
2009-06-02,10.619667053222656,10.658337730521929,10.495721557346355,10.566369819269552,104839056,GOOGL
2009-06-03,10.70023250579834,10.720311787160298,10.510596422966096,10.560174440616384,141170688,GOOGL
2009-06-04,10.914163589477539,10.937961152477678,10.770882251785743,10.790713081943297,145378476,GOOGL
2009-06-05,11.014309883117676,11.089174278631699,10.893834207265877,11.03290222826344,147084768,GOOGL
2009-06-08,10.876729965209961,10.930026254352326,10.761460455933289,10.894825404856203,123824052,GOOGL
2009-06-09,10.79864501953125,10.91961761144521,10.702959757694389,10.872021543331252,130065804,GOOGL
2009-06-10,10.723780632019043,10.85491517836346,10.576781047304243,10.813765648389923,134221644,GOOGL
2009-06-11,10.634541511535645,10.751793929498739,10.618923978431937,10.703206888451689,114493392,GOOGL
2009-06-12,10.531416893005371,10.602313603503191,10.44143187992362,10.581490859488788,116619264,GOOGL
2009-06-15,10.331369400024414,10.448621807160588,10.26270308476388,10.448621807160588,149326524,GOOGL
2009-06-16,10.312280654907227,10.438458440094852,10.297903495205128,10.39433315245931,121866012,GOOGL
2009-06-17,10.291459083557129,10.404498203854226,10.202218468320492,10.316992030316978,139464396,GOOGL
2009-06-18,10.264189720153809,10.378963260066591,10.23791236665311,10.304347328004011,123284592,GOOGL
2009-06-19,10.413668632507324,10.422840578043429,10.277080423908776,10.367065437823305,170193636,GOOGL
2009-06-22,10.097856521606445,10.349218318130394,9.962507716603543,10.335832131056039,164811024,GOOGL
2009-06-23,10.05645751953125,10.138510020129301,9.978867710631338,10.080502585533095,115868016,GOOGL
2009-06-24,10.14594554901123,10.218826102821096,10.078272098594843,10.132312800631102,98213688,GOOGL
2009-06-25,10.306580543518066,10.309802863795507,10.077032498400774,10.089179257159886,121658220,GOOGL
2009-06-26,10.543316841125488,10.615452038266117,10.24064073184354,10.254770384453348,130137732,GOOGL
2009-06-29,10.514066696166992,10.604795199713724,10.466968474857074,10.56017488747184,86685228,GOOGL
2009-06-30,10.450854301452637,10.590169853594778,10.367315794228062,10.5105971346019,103652244,GOOGL
2009-07-01,10.386401176452637,10.570089499425473,10.3655784304951,10.515552836503387,92339568,GOOGL
2009-07-02,10.126114845275879,10.297656407004899,10.084469353843378,10.297656407004899,100603296,GOOGL
2009-07-06,10.15388011932373,10.179412121999187,9.956806538307148,10.07678626227934,90413496,GOOGL
2009-07-07,9.832115173339844,10.143466283846465,9.816000739775443,10.119916236107755,130241628,GOOGL
2009-07-08,9.977381706237793,10.064391929793329,9.867565839048858,9.915656924772128,137510352,GOOGL
2009-07-09,10.173213958740234,10.273858803739785,10.059432324852553,10.067364844361661,130892976,GOOGL
2009-07-10,10.272619247436523,10.346244219392254,10.131321763855246,10.15313643040731,116946936,GOOGL
2009-07-13,10.518031120300293,10.523484786297187,10.291953850588369,10.316495819916852,161666172,GOOGL
2009-07-14,10.52769947052002,10.57826940068029,10.433004250941355,10.503405007611955,115716168,GOOGL
2009-07-15,10.861855506896973,10.874498224724993,10.621897043714004,10.650899814396068,150928920,GOOGL
2009-07-16,10.971673965454102,11.049760692079788,10.760966674775213,10.824922801504131,261917820,GOOGL
2009-07-17,10.665528297424316,10.795174985218928,10.57752616097882,10.733698660477076,273889836,GOOGL
2009-07-20,10.663542747497559,10.729977713439762,10.566369624117355,10.656354640055621,126013860,GOOGL
2009-07-21,10.60727310180664,10.70642913240697,10.55323333908812,10.682631571700687,118609272,GOOGL
2009-07-22,10.602066993713379,10.664287723587398,10.49819982759959,10.60975106113709,103364532,GOOGL
2009-07-23,10.841280937194824,10.93721558263119,10.54777771661838,10.626607896458099,138988872,GOOGL
2009-07-24,11.07380485534668,11.167260656396783,10.783276419969955,10.803354755683998,144930924,GOOGL
2009-07-27,11.02621078491211,11.074549378027587,10.847977042546674,11.056948949480333,100075824,GOOGL
2009-07-28,10.903504371643066,10.976879952464035,10.810544524085055,10.932011189117233,101198700,GOOGL
2009-07-29,10.81401252746582,10.852684146674607,10.706179585365339,10.838554495304033,79400520,GOOGL
2009-07-30,11.04703140258789,11.191552139040022,10.971920447549929,10.971920447549929,127816056,GOOGL
2009-07-31,10.982826232910156,11.222042174810317,10.967458099119657,11.154616235471545,114301584,GOOGL
2009-08-03,11.209897994995117,11.251790997232806,11.096610421790183,11.123878755114292,103508388,GOOGL
2009-08-04,11.247575759887695,11.25426790803035,11.116193701313476,11.139494355455005,95496408,GOOGL
2009-08-05,11.18337345123291,11.326406326028541,11.102560368209607,11.303848191602059,93586320,GOOGL
2009-08-06,11.16403865814209,11.276084928694463,11.118673932972449,11.261707765529248,84351564,GOOGL
2009-08-07,11.331116676330566,11.388627213868565,11.27881135351438,11.295668313858478,101622276,GOOGL
2009-08-10,11.318967819213867,11.363588120741461,11.249062081853538,11.282527544170456,69610320,GOOGL
2009-08-11,11.252781867980957,11.334337463506648,11.214110245291081,11.246087830498535,68431500,GOOGL
2009-08-12,11.367803573608398,11.446384360725416,11.277075082161867,11.289222786491381,93562344,GOOGL
2009-08-13,11.459526062011719,11.52001141904761,11.375985663532987,11.456302796229995,79728192,GOOGL
2009-08-14,11.403002738952637,11.48183196656148,11.325908897419863,11.471916554338069,66936996,GOOGL
2009-08-17,11.02843952178955,11.204442836009944,10.984563627823258,11.192296076517671,104703192,GOOGL
2009-08-18,11.038106918334961,11.098097245946523,10.96473134983827,11.03364611605819,93949956,GOOGL
2009-08-19,11.005633354187012,11.03116629864359,10.871523991269123,10.906973293501366,90109800,GOOGL
2009-08-20,11.413167953491211,11.457043846707366,11.185602792185586,11.204690151910688,159796044,GOOGL
2009-08-21,11.532899856567383,11.553970111206224,11.468696228697066,11.54033641702815,142277580,GOOGL
2009-08-24,11.619413375854492,11.653126347956109,11.512571396457275,11.585203499464889,98037864,GOOGL
2009-08-25,11.684858322143555,11.758729863801573,11.619166808865357,11.629330675979167,93546360,GOOGL
2009-08-26,11.601317405700684,11.725262910698,11.569091366570683,11.71931328461877,79432488,GOOGL
2009-08-27,11.55322551727295,11.615693752672684,11.42109999418857,11.615693752672684,79876044,GOOGL
2009-08-28,11.520750045776367,11.70964355930971,11.486789570276953,11.63254971846417,70793136,GOOGL
2009-08-31,11.444402694702148,11.44911289458432,11.353426686027275,11.397799489610417,78237684,GOOGL
2009-09-01,11.29789924621582,11.572067648753537,11.264682228312177,11.395073335563422,103692204,GOOGL
2009-09-02,11.229727745056152,11.361605762260757,11.219315427680586,11.29938503357047,72119808,GOOGL
2009-09-03,11.341527938842773,11.359625272009774,11.27905968948217,11.299387424257317,65782152,GOOGL
2009-09-04,11.435229301452637,11.467456284699024,11.298393572154612,11.342766370128057,59908032,GOOGL
2009-09-08,11.368796348571777,11.576280363333845,11.299881573119578,11.509350371202073,106161732,GOOGL
2009-09-09,11.501416206359863,11.558430775903721,11.373255525413306,11.379702055371506,87728184,GOOGL
2009-09-10,11.67419719696045,11.67419719696045,11.452582596634018,11.567852116424763,101282616,GOOGL
2009-09-11,11.70394515991211,11.732700428729103,11.592145460729611,11.660812729029152,76039884,GOOGL
2009-09-14,11.777816772460938,11.819463213992655,11.652135870081903,11.663539163622321,78948972,GOOGL
2009-09-15,11.837804794311523,11.87176621882829,11.718074477074262,11.776824435090889,95828076,GOOGL
2009-09-16,12.104289054870605,12.131061428817015,11.861108232665794,11.893829288289709,103308588,GOOGL
2009-09-17,12.189313888549805,12.32937381907864,12.076028217948046,12.160808021169256,179144676,GOOGL
2009-09-18,12.182869911193848,12.319706584233169,12.177168737407406,12.314500425370355,131208660,GOOGL
2009-09-21,12.320201873779297,12.367301978001409,12.052975996655837,12.09065475747454,84571344,GOOGL
2009-09-22,12.371269226074219,12.443901340090571,12.34028355475034,12.417377416500312,121526352,GOOGL
2009-09-23,12.35639476776123,12.568093952654817,12.337802422292164,12.413905301141947,108059832,GOOGL
2009-09-24,12.314501762390137,12.429523782619208,12.221045957654297,12.406221235964885,101002896,GOOGL
2009-09-25,12.208154678344727,12.392834925771083,12.196256370896238,12.253024381312642,81902016,GOOGL
2009-09-28,12.35813045501709,12.431753537536673,12.228482827256357,12.266657549003172,73498428,GOOGL
2009-09-29,12.35813045501709,12.388372656632551,12.221294718922492,12.382918989999432,83884032,GOOGL
2009-09-30,12.291693687438965,12.398038754241224,12.078259142145571,12.394568926660966,125542332,GOOGL
2009-10-01,12.077268600463867,12.307064169478345,12.072310893625302,12.221044932837252,112415472,GOOGL
2009-10-02,12.012321472167969,12.18981172202113,11.963238474176556,11.99149872563282,103927968,GOOGL
2009-10-05,12.109991073608398,12.206916702280234,11.981583816341434,12.088423914393791,85698216,GOOGL
2009-10-06,12.363335609436035,12.378953142147068,12.188820167393937,12.188820167393937,109182708,GOOGL
2009-10-07,12.829370498657227,12.865314816363767,12.340281592950003,12.369779380549854,194773032,GOOGL
2009-10-08,12.746078491210938,12.970916342229991,12.725255745648226,12.879691895809122,171979848,GOOGL
2009-10-09,12.797393798828125,12.927784892921382,12.754011973498473,12.807309212761751,109414476,GOOGL
2009-10-12,12.990499496459961,13.033136906237344,12.873495544052066,12.975131361965822,132755112,GOOGL
2009-10-13,13.041813850402832,13.07527931419677,12.924561445740135,12.999176440582772,121374504,GOOGL
2009-10-14,13.270123481750488,13.276569068465049,13.138245436117682,13.199227696001168,130205664,GOOGL
2009-10-15,13.136013984680176,13.309290008697849,13.070570926792767,13.231204230583703,243771984,GOOGL
2009-10-16,13.630308151245117,13.75177574838725,13.498430125416515,13.567839911016305,353322324,GOOGL
2009-10-19,13.685834884643555,13.723267080556504,13.602543903186533,13.700708948964404,128587284,GOOGL
2009-10-20,13.676663398742676,13.707154995455062,13.403486957173937,13.674680504994827,161586252,GOOGL
2009-10-21,13.661293029785156,13.865804080469623,13.609236169535682,13.631794299757933,146677176,GOOGL
2009-10-22,13.73541259765625,13.757971673445287,13.584447224688624,13.63402617843905,93366540,GOOGL
2009-10-23,13.725497245788574,13.829611915505351,13.66377247780149,13.764168867673195,95612292,GOOGL
2009-10-26,13.738389015197754,13.922572365373188,13.656089000405922,13.776564681788884,118697184,GOOGL
2009-10-27,13.591636657714844,13.747064726579517,13.489257371782637,13.658071626279098,128531340,GOOGL
2009-10-28,13.393572807312012,13.634028218328655,13.342755364033806,13.581225991745418,102609288,GOOGL
2009-10-29,13.660055160522461,13.679390972827285,13.410924725237951,13.460750245483862,100803096,GOOGL
2009-10-30,13.28995418548584,13.63824161974215,13.243350037200013,13.634028324354585,138601260,GOOGL
2009-11-02,13.237152099609375,13.372748397115664,13.094614257166093,13.313749988575923,127955916,GOOGL
2009-11-03,13.318957328796387,13.324162543275945,13.096103297694592,13.138492259384645,95112792,GOOGL
2009-11-04,13.394316673278809,13.522475476961416,13.297391045682197,13.405967473613591,93214692,GOOGL
2009-11-05,13.60056209564209,13.628325443449958,13.452074616138322,13.472649855692419,73834092,GOOGL
2009-11-06,13.661293029785156,13.678149042078621,13.522473476206722,13.577506093824597,72994932,GOOGL
2009-11-09,13.944138526916504,13.945873913185359,13.738884936602584,13.769127136180623,105890004,GOOGL
2009-11-10,14.049491882324219,14.099566798632953,13.931496005901437,13.94959144653935,89142768,GOOGL
2009-11-11,14.143691062927246,14.216571618724771,14.027182121320667,14.141707224497543,92695212,GOOGL
2009-11-12,14.076513290405273,14.201699177743093,14.018260229968803,14.118903199070058,75376548,GOOGL
2009-11-13,14.180627822875977,14.192030170842028,14.045774038936154,14.112209011654668,66605328,GOOGL
2009-11-16,14.285484313964844,14.303084739349858,14.198722558384867,14.253754235717198,87880032,GOOGL
2009-11-17,14.31548023223877,14.315727739701686,14.222024437233685,14.250532195662728,76591332,GOOGL
2009-11-18,14.294657707214355,14.347458040539955,14.181122631352508,14.294657707214355,61922016,GOOGL
2009-11-19,14.203927993774414,14.228964033160274,14.129808016028791,14.223263804435865,86633280,GOOGL
2009-11-20,14.128817558288574,14.16947207743482,14.114936356840103,14.117415210290545,80167752,GOOGL
2009-11-23,14.435956001281738,14.541310111104846,14.275074249435976,14.290691782533145,101798100,GOOGL
2009-11-24,14.45429801940918,14.48404520280317,14.291929354382487,14.440168367085386,64143792,GOOGL
2009-11-25,14.519989967346191,14.552711019872921,14.44438305225758,14.536598473408278,58389552,GOOGL
2009-11-27,14.371750831604004,14.438680814898087,14.153854526833339,14.179386526699098,55328616,GOOGL
2009-11-30,14.452068328857422,14.468675890538568,14.306059710068194,14.393317426211679,68934996,GOOGL
2009-12-01,14.622369766235352,14.65583428698841,14.452068570726198,14.579236394705768,92719188,GOOGL
2009-12-02,14.563865661621094,14.700206370130159,14.53188807658304,14.650380852621682,66461472,GOOGL
2009-12-03,14.519989967346191,14.66153589177065,14.501646075035541,14.601794015690437,57090852,GOOGL
2009-12-04,14.501893043518066,14.74532323048367,14.357372311565136,14.700453531199644,100443456,GOOGL
2009-12-07,14.532633781433105,14.593119129126244,14.402491139200144,14.482063847696379,65382552,GOOGL
2009-12-08,14.55246639251709,14.641955470620205,14.427281441922927,14.464465193500763,60899040,GOOGL
2009-12-09,14.601298332214355,14.608983344407639,14.466445498092803,14.563618627685623,71168760,GOOGL
2009-12-10,14.662775039672852,14.74234868534329,14.635755161317979,14.636498628357533,66665268,GOOGL
2009-12-11,14.638235092163086,14.743340745161687,14.569321266164568,14.741605358818362,68731200,GOOGL
2009-12-14,14.767632484436035,14.806799119776914,14.690290188198865,14.758213031445589,76459464,GOOGL
2009-12-15,14.703428268432617,14.78374537927172,14.650132924688805,14.70739500035938,91124784,GOOGL
2009-12-16,14.81795597076416,14.88265555796693,14.79019262290319,14.838779662516155,112263624,GOOGL
2009-12-17,14.723260879516602,14.814981287112621,14.718799132443484,14.785234102360265,105446448,GOOGL
2009-12-18,14.784734725952148,14.846956390536755,14.749534825487759,14.77506776635761,141118740,GOOGL
2009-12-21,14.840763092041016,14.869518360204063,14.766148088243579,14.814238225275284,102745152,GOOGL
2009-12-22,14.901247024536133,14.910667422934683,14.844974975658639,14.906700690797146,75156768,GOOGL
2009-12-23,15.163021087646484,15.192519821920028,14.944132846281878,14.960246338580085,82825092,GOOGL
2009-12-24,15.331584930419922,15.35736632584306,15.177644748316588,15.194005745983706,34313652,GOOGL
2009-12-28,15.440409660339355,15.517751961291085,15.331585733668918,15.410415913405553,67848084,GOOGL
2009-12-29,15.354393005371094,15.489245842311263,15.326877165809652,15.486766988910322,56935008,GOOGL
2009-12-30,15.43694019317627,15.43694019317627,15.319936236852751,15.332082051446038,58565376,GOOGL
2009-12-31,15.36877155303955,15.50312938717199,15.36877155303955,15.4870158939268,48743208,GOOGL
2010-01-04,15.536591529846191,15.605010335580866,15.47437174659313,15.541549236335602,78169752,GOOGL
2010-01-05,15.46817398071289,15.56361266661335,15.407441130308003,15.54725166805742,120067812,GOOGL
2010-01-06,15.078242301940918,15.514530908132315,15.031143140900971,15.514530908132315,158988852,GOOGL
2010-01-07,14.727227210998535,15.121375297985656,14.691283836256043,15.106501232717559,256315428,GOOGL
2010-01-08,14.92356014251709,14.954049854622065,14.603531055286151,14.675172195710411,188783028,GOOGL
2010-01-11,14.900999069213867,14.984042542612709,14.72573923175226,14.984042542612709,288227484,GOOGL
2010-01-12,14.637491226196289,14.827871699504744,14.576013962185858,14.815228980506456,193937868,GOOGL
2010-01-13,14.55345630645752,14.585433893852818,14.22648760088185,14.290691227828576,259604136,GOOGL
2010-01-14,14.621874809265137,14.729707773140875,14.447359362090694,14.474379243758841,169434396,GOOGL
2010-01-15,14.377701759338379,14.713842419083152,14.329113774433939,14.708387807747272,217162620,GOOGL
2010-01-19,14.566595077514648,14.636004868459915,14.28573453763968,14.407449651625171,172495332,GOOGL
2010-01-20,14.387864112854004,14.525939270695938,14.260944740035027,14.525939270695938,129897972,GOOGL
2010-01-21,14.45157241821289,14.546762654328287,14.185585029253307,14.4629757104616,252055692,GOOGL
2010-01-22,13.634273529052734,14.144681115072732,13.258717823840561,13.993468236396561,271743984,GOOGL
2010-01-25,13.386137008666992,13.631054181152546,13.274833264213898,13.549496681471938,176619204,GOOGL
2010-01-26,13.446124076843262,13.624110278434744,13.294167724295619,13.335813215521888,174045780,GOOGL
2010-01-27,13.438191413879395,13.575771549427008,13.269873119837667,13.41761617594216,158417424,GOOGL
2010-01-28,13.244588851928711,13.559659232914713,13.153116897257126,13.49743850314141,129034836,GOOGL
2010-01-29,13.136757850646973,13.410677795765181,13.029420840917247,13.348705508925665,165454380,GOOGL
2010-02-01,13.213106155395508,13.282268429548328,13.145680212170582,13.252272793192262,89941968,GOOGL
2010-02-02,13.166007041931152,13.261197275990115,13.07899683483337,13.261197275990115,163684152,GOOGL
2010-02-03,13.406463623046875,13.438193706137739,13.094368951716486,13.105276285864608,119844036,GOOGL
2010-02-04,13.05842399597168,13.336557224538177,13.028180848690669,13.311768688752156,134972892,GOOGL
2010-02-05,13.170221328735352,13.225005498412552,12.95133404685361,13.098580200792874,126113760,GOOGL
2010-02-08,13.224261283874512,13.435713898345277,13.176171151042821,13.200216217458665,107664228,GOOGL
2010-02-09,13.297886848449707,13.424063710438425,13.2639254200179,13.374733200527979,112671216,GOOGL
2010-02-10,13.248556137084961,13.331351163915336,13.08098035556919,13.23913573833603,106873020,GOOGL
2010-02-11,13.296893119812012,13.398281431647355,13.12584846347931,13.220542737786907,96303600,GOOGL
2010-02-12,13.215585708618164,13.315486146784346,13.150638615247715,13.211868373164888,91096812,GOOGL
2010-02-16,13.418360710144043,13.48851395892286,13.244836255828357,13.308544863905205,146029824,GOOGL
2010-02-17,13.34176254272461,13.47041919195706,13.32688942219068,13.435714299359567,81106812,GOOGL
2010-02-18,13.465956687927246,13.510329487364883,13.290449328690228,13.325154221771927,93382524,GOOGL
2010-02-19,13.404975891113281,13.486035535858413,13.37869947665991,13.39927471688261,102021876,GOOGL
2010-02-22,13.455544471740723,13.572053410973313,13.410924167626,13.568334186335884,85698216,GOOGL
2010-02-23,13.263923645019531,13.47611877807952,13.195010767419763,13.460502191201172,114789096,GOOGL
2010-02-24,13.174684524536133,13.347464587015484,13.150886963319069,13.236905260989655,92970936,GOOGL
2010-02-25,13.0497465133667,13.100811458046541,12.890351712035823,13.066850034288512,132235632,GOOGL
2010-02-26,13.058916091918945,13.18162309537164,12.976616093198508,13.074286114292729,81890028,GOOGL
2010-03-01,13.204928398132324,13.219802465139198,13.082222304922425,13.118414136049788,89426484,GOOGL
2010-03-02,13.4124116897583,13.526441780688529,13.262438224378261,13.27408807965883,174097728,GOOGL
2010-03-03,13.518014907836914,13.587423751409915,13.367544530784784,13.444638387117116,123452424,GOOGL
2010-03-04,13.747809410095215,13.785984131989702,13.539828499489703,13.547265060013173,127224648,GOOGL
2010-03-05,13.986278533935547,14.07205025699817,13.879438447679954,13.915382764383809,156331512,GOOGL
2010-03-08,13.943394660949707,14.010326537567769,13.906955326617256,14.000410179169725,95360544,GOOGL
2010-03-09,13.886630058288574,13.997437841642435,13.795157144852727,13.8782006331516,126936936,GOOGL
2010-03-10,14.289698600769043,14.340516035328314,13.93670008540657,13.975123254142824,225969804,GOOGL
2010-03-11,14.405961036682129,14.531641932177243,14.233923502410402,14.235411381322043,169162668,GOOGL
2010-03-12,14.366297721862793,14.582954608383806,14.356877323279067,14.579483835780856,110025864,GOOGL
2010-03-15,13.960748672485352,14.116176762281334,13.782762447915328,14.047510438636259,185969844,GOOGL
2010-03-16,14.010820388793945,14.090641540861183,13.900757038476769,13.927280956893146,137122740,GOOGL
2010-03-17,14.019747734069824,14.165756375754782,13.987273238627582,14.087669649004715,132731136,GOOGL
2010-03-18,14.040570259094238,14.091140197067118,13.955295424681731,13.998923816555626,71016912,GOOGL
2010-03-19,13.881917953491211,14.080230945653017,13.814491063813712,13.881917953491211,191576232,GOOGL
2010-03-22,13.8199462890625,14.051724772403782,13.740125123584932,13.7854898456087,160031808,GOOGL
2010-03-23,13.609237670898438,13.840024212263693,13.435714154467266,13.808542585202714,219831948,GOOGL
2010-03-24,13.8157320022583,13.878200247367898,13.378699904609999,13.522723756720723,262345392,GOOGL
2010-03-25,13.953312873840332,14.179389248906933,13.848702222272202,13.857625717925943,157078764,GOOGL
2010-03-26,13.948600769042969,14.065109713800974,13.882414249127981,14.01255688769166,107740152,GOOGL
2010-03-29,13.94265079498291,13.998921899816633,13.896047596116825,13.956285433133283,124055820,GOOGL
2010-03-30,14.048253059387207,14.071058698741844,13.888858257306552,13.952070905986231,79036884,GOOGL
2010-03-31,14.058416366577148,14.123364403293822,13.951575329958837,14.007102968104745,121110768,GOOGL
2010-04-01,14.10006046295166,14.215330912188891,14.019495846889953,14.163273107110486,84023892,GOOGL
2010-04-05,14.154847145080566,14.25077990544673,14.105019735474329,14.152119839524909,75983940,GOOGL
2010-04-06,14.085684776306152,14.151872240076198,14.01577903245391,14.116422936192965,82321596,GOOGL
2010-04-07,13.969673156738281,14.098823887052188,13.92802766000309,14.062880509414482,103136760,GOOGL
2010-04-08,14.067587852478027,14.12609124638002,13.883157010845098,13.964217591841855,77822100,GOOGL
2010-04-09,14.036108016967773,14.099319728693473,13.981075388531137,14.067589646744631,82181736,GOOGL
2010-04-12,14.197484016418457,14.228964697705125,14.036106320398838,14.06411811854769,94001904,GOOGL
2010-04-13,14.545522689819336,14.597828005193449,14.1578211592334,14.192525104934589,156335508,GOOGL
2010-04-14,14.600802421569824,14.683597440910448,14.477104435107917,14.627077887584681,135971892,GOOGL
2010-04-15,14.756974220275879,14.819939363901588,14.583203196009917,14.679384408396109,270201528,GOOGL
2010-04-16,13.63774585723877,14.100309929020037,13.624855630240543,13.956286086039542,488930580,GOOGL
2010-04-19,13.636505126953125,13.73293573645632,13.510081713771168,13.603039661259084,155604240,GOOGL
2010-04-20,13.758963584899902,13.873489634409971,13.660302574945991,13.737397371488713,118976904,GOOGL
2010-04-21,13.740618705749512,13.888114250479607,13.687569924498273,13.794162501894805,95564340,GOOGL
2010-04-22,13.561145782470703,13.695998611065065,13.469177870806545,13.683604344827415,131096772,GOOGL
2010-04-23,13.509832382202148,13.617170325093445,13.442406435554696,13.565856925676343,83492424,GOOGL
2010-04-26,13.178897857666016,13.509832345832216,13.11866001928789,13.50933733089753,174577248,GOOGL
2010-04-27,13.114941596984863,13.34473620172352,13.069576882846508,13.11221429164517,153634212,GOOGL
2010-04-28,13.118165016174316,13.257975560743922,12.915885287224254,13.190301162064673,136107756,GOOGL
2010-04-29,13.187821388244629,13.29937357089261,13.05569585583116,13.221783758408051,122233644,GOOGL
2010-04-30,13.03165054321289,13.328623601213442,13.025204957630862,13.166255871195677,97318584,GOOGL
2010-05-03,13.153117179870605,13.210627711701756,13.016280506109798,13.051482302286153,74237688,GOOGL
2010-05-04,12.55247688293457,13.057431816684572,12.49893307989182,13.051978149983222,242808948,GOOGL
2010-05-05,12.63651180267334,12.784254868245421,12.406220272608888,12.418862991936683,183104712,GOOGL
2010-05-06,12.361598014831543,12.82887314972704,11.403002681582787,12.611471880776467,199803996,GOOGL
2010-05-07,12.224515914916992,12.526447611768345,11.931755219417385,12.393825183073563,203356440,GOOGL
2010-05-10,12.931254386901855,12.960258105530409,12.706913429024414,12.740873909806705,164954880,GOOGL
2010-05-11,12.618910789489746,12.887377027833965,12.598335551191107,12.783015791593044,132771096,GOOGL
2010-05-12,12.528182029724121,12.693030495305935,12.444147581464051,12.693030495305935,153917928,GOOGL
2010-05-13,12.664276123046875,12.939930482644336,12.651633403690845,12.803589764693227,132898968,GOOGL
2010-05-14,12.581232070922852,12.66700285867211,12.301610970738322,12.636759712184993,164475360,GOOGL
2010-05-17,12.592138290405273,12.601806196126871,12.353666746450639,12.56263955832958,111640248,GOOGL
2010-05-18,12.354161262512207,12.666504298572708,12.321935228767343,12.64245923549095,112906980,GOOGL
2010-05-19,12.256494522094727,12.380687537468916,12.090655067875437,12.301858296470176,137690172,GOOGL
2010-05-20,11.775089263916016,12.037110869527892,11.745094571022262,12.024468150401026,196335468,GOOGL
2010-05-21,11.701712608337402,12.022732621379202,11.512076547110299,11.627593570139647,387244368,GOOGL
2010-05-24,11.828384399414062,12.141470921149848,11.819460905938081,11.916881535274369,173650176,GOOGL
2010-05-25,11.826155662536621,11.835575116905616,11.502409270939216,11.605035128463614,120575304,GOOGL
2010-05-26,11.786493301391602,12.140729409321416,11.774841556075327,11.950101414561304,138884976,GOOGL
2010-05-27,12.1580810546875,12.203940785277691,11.924814724973151,12.02149283742283,112251636,GOOGL
2010-05-28,12.038350105285645,12.232202309980096,11.97315455647506,12.214600938275652,115676208,GOOGL
2010-06-01,11.957534790039062,12.172953169325767,11.901759650885495,11.909444662267658,106565328,GOOGL
2010-06-02,12.230217933654785,12.242612200862213,11.934979309167844,12.064378481805395,101530368,GOOGL
2010-06-03,12.533390045166016,12.592884421722248,12.263188386400358,12.273351308420619,145881972,GOOGL
2010-06-04,12.362837791442871,12.62386744815967,12.312763824926767,12.387627267263516,156655188,GOOGL
2010-06-07,12.035621643066406,12.417126017920678,11.976871690554695,12.371266290558063,145162692,GOOGL
2010-06-08,12.017280578613281,12.117924495044894,11.837806469379617,12.093382520848353,107296596,GOOGL
2010-06-09,11.750548362731934,12.11891507978778,11.700475330650912,12.077765542868297,109050840,GOOGL
2010-06-10,12.072559356689453,12.109495598119423,11.795665550791238,11.907959320006286,103012884,GOOGL
2010-06-11,12.109495162963867,12.114701322180363,11.93894645054323,11.96076111732373,71196732,GOOGL
2010-06-14,11.977864265441895,12.258229770122302,11.977864265441895,12.257733810495514,81534384,GOOGL
2010-06-15,12.344742774963379,12.40448559779689,11.952827930018177,11.975137610510835,170213616,GOOGL
2010-06-16,12.426051139831543,12.493725534102463,12.298138911052126,12.299626789815568,91480428,GOOGL
2010-06-17,12.396552085876465,12.540079952802794,12.312516695502492,12.48009151667552,79012908,GOOGL
2010-06-18,12.395312309265137,12.480587130325032,12.34821409640164,12.456789571751454,114801084,GOOGL
2010-06-21,12.110981941223145,12.418615784180666,12.020005939668275,12.392090918167588,119220660,GOOGL
2010-06-22,12.053716659545898,12.310284561033873,12.040826434848455,12.144197629226841,88699212,GOOGL
2010-06-23,11.949602127075195,12.069581826991332,11.853173420575926,12.069581826991332,81082836,GOOGL
2010-06-24,11.777320861816406,11.966957889247853,11.731708632149957,11.89035998899218,75668256,GOOGL
2010-06-25,11.717329978942871,11.840532012520837,11.664777154688622,11.825906399989751,89718192,GOOGL
2010-06-28,11.702458381652832,11.838054699532877,11.626355496160004,11.715101102100585,70421508,GOOGL
2010-06-29,11.260714530944824,11.515793638177973,11.18287626966459,11.488278744274773,139943916,GOOGL
2010-06-30,11.029925346374512,11.349208972275967,11.024224173572902,11.27806381488375,143983872,GOOGL
2010-07-01,10.89457893371582,11.115450067805535,10.749314719720442,11.03835526882037,140403456,GOOGL
2010-07-02,10.821699142456055,10.96374008887668,10.808064503928748,10.947380034139902,77362560,GOOGL
2010-07-06,10.809800148010254,11.097353739933336,10.749313861018685,11.00637680199312,102301596,GOOGL
2010-07-07,11.160070419311523,11.187091244761547,10.79269564303079,10.865327750317615,125062812,GOOGL
2010-07-08,11.317728996276855,11.336818246511177,11.146685270925445,11.24311399451966,106649244,GOOGL
2010-07-09,11.58867359161377,11.731706443360178,11.471917150435669,11.699481351959635,173086740,GOOGL
2010-07-12,11.795416831970215,11.88490590164776,11.677668453840829,11.709646042631855,133242624,GOOGL
2010-07-13,12.126846313476562,12.220797122986715,11.905727681585768,11.954562226359306,158892948,GOOGL
2010-07-14,12.17989730834961,12.241621141251015,12.058925662107155,12.143704534066364,124595280,GOOGL
2010-07-15,12.246330261230469,12.263187220078027,11.965221295342266,12.189564140565272,194133672,GOOGL
2010-07-16,11.39333724975586,11.66477832971612,11.391105903658564,11.62908246026973,312679008,GOOGL
2010-07-19,11.556200981140137,11.642219271899709,11.34152604309545,11.428041238153957,181829988,GOOGL
2010-07-20,11.938200950622559,11.972905841514235,11.41787792875832,11.428535864328452,162017820,GOOGL
2010-07-21,11.836813926696777,12.040086532249411,11.785501468856404,11.99794413218573,131052816,GOOGL
2010-07-22,12.018022537231445,12.12139374656933,11.960263552821008,11.978855897927922,85822092,GOOGL
2010-07-23,12.14816665649414,12.161304391103336,11.899035267021047,11.91787512042661,90485424,GOOGL
2010-07-26,12.121145248413086,12.165269594328315,12.019757877919677,12.124119116721323,79728192,GOOGL
2010-07-27,12.211873054504395,12.33259623035131,12.150891753270592,12.161055618371202,97949952,GOOGL
2010-07-28,12.006620407104492,12.27682301020617,11.96497491037997,12.269137997143517,99740160,GOOGL
2010-07-29,12.02248477935791,12.118914447426938,11.882178270864747,12.04628233968871,106912980,GOOGL
2010-07-30,12.019013404846191,12.081234135867334,11.877467476693909,11.890110195679332,85678236,GOOGL
2010-08-02,12.156841278076172,12.227985499135476,12.070822993007056,12.121640428718692,74273652,GOOGL
2010-08-03,12.142464637756348,12.207660185757767,12.066361756394194,12.159073145275409,72019908,GOOGL
2010-08-04,12.551238059997559,12.568094074601666,12.172707500574099,12.20071930044189,152347500,GOOGL
2010-08-05,12.59536075592041,12.607755967219525,12.482818547819939,12.540577530674847,96719184,GOOGL
2010-08-06,12.4000244140625,12.536860160718273,12.296654136900822,12.528432624984841,132647220,GOOGL
2010-08-09,12.527191162109375,12.530910387004791,12.428283585953617,12.450345759742683,74813112,GOOGL
2010-08-10,12.48653793334961,12.54330594671254,12.359121649345882,12.452824013678168,82877040,GOOGL
2010-08-11,12.189812660217285,12.344992296620571,12.183863033696472,12.338299202955922,88831080,GOOGL
2010-08-12,12.196503639221191,12.264425538721307,11.961006919673133,11.996455275795503,88095816,GOOGL
2010-08-13,12.056197166442871,12.176175927437653,12.04776774308332,12.121887720309633,77310612,GOOGL
2010-08-16,12.037358283996582,12.143455853612398,11.911181435223218,11.990010673016751,52147800,GOOGL
2010-08-17,12.159567832946777,12.263186544349537,12.048265054310733,12.110237330505802,75552372,GOOGL
2010-08-18,11.952085494995117,12.168246458547603,11.93721237220683,12.157587576153025,107348544,GOOGL
2010-08-19,11.600573539733887,11.961007694479846,11.582724662109921,11.923823005105731,156843000,GOOGL
2010-08-20,11.453078269958496,11.690310396879706,11.428288791326354,11.600573825684027,156547296,GOOGL
2010-08-23,11.503896713256836,11.60751543931741,11.346734182386284,11.440189041830465,119328552,GOOGL
2010-08-24,11.189569473266602,11.36259797073198,11.177917728957047,11.34598851974685,110397492,GOOGL
2010-08-25,11.269638061523438,11.348715749716591,11.155112015087822,11.155112015087822,103580316,GOOGL
2010-08-26,11.179405212402344,11.33508078631266,11.16601902697772,11.30533454731121,71008920,GOOGL
2010-08-27,11.374000549316406,11.402755815429988,11.09685737197789,11.218572474202205,92403504,GOOGL
2010-08-30,11.221796035766602,11.397054942615318,11.215102942504798,11.381933369737167,49206744,GOOGL
2010-08-31,11.155607223510742,11.275834435552676,11.105533256170467,11.157838569223637,77794128,GOOGL
2010-09-01,11.41118335723877,11.525460945224172,11.217084618406236,11.278561877814234,129002868,GOOGL
2010-09-02,11.48183536529541,11.512821037665622,11.41069018322611,11.473407829221792,67300632,GOOGL
2010-09-03,11.658332824707031,11.697500411998988,11.587436100289224,11.6637864915611,101514384,GOOGL
2010-09-07,11.512075424194336,11.591152161410445,11.477865550649627,11.514553332633508,68327604,GOOGL
2010-09-08,11.665270805358887,11.712865917383485,11.514801402729415,11.531657414476763,95975928,GOOGL
2010-09-09,11.804091453552246,11.9087020846488,11.665271891545526,11.844994421920424,97126776,GOOGL
2010-09-10,11.8031005859375,11.893581572504287,11.776825116780705,11.874493266982528,78893028,GOOGL
2010-09-13,11.955058097839355,12.00661900305256,11.887135249088361,11.92109761814882,89570340,GOOGL
2010-09-14,11.909446716308594,12.016536211149965,11.90077072900599,11.948613357594084,88571340,GOOGL
2010-09-15,11.914649963378906,11.945636571885062,11.861601184358049,11.897546443760483,96015888,GOOGL
2010-09-16,11.925063133239746,11.959519571748196,11.884160164699448,11.897547294986865,78701220,GOOGL
2010-09-17,12.150396347045898,12.176424307265759,11.928038288805833,11.991745953632595,225438336,GOOGL
2010-09-20,12.599823951721191,12.652624285357822,12.197744290885579,12.208651623816385,175963860,GOOGL
2010-09-21,12.728231430053711,12.889857588399419,12.615440763295364,12.63452906860563,178473348,GOOGL
2010-09-22,12.791194915771484,12.835318312804722,12.684105436942017,12.713356659793778,101382516,GOOGL
2010-09-23,12.728726387023926,12.882666576002906,12.674685685288818,12.756738184731283,92603304,GOOGL
2010-09-24,13.071064949035645,13.084451135391982,12.847219005796914,12.933485750023298,134141724,GOOGL
2010-09-27,13.148408889770508,13.308050270507724,13.109736318163838,13.109736318163838,124171704,GOOGL
2010-09-28,13.068089485168457,13.227235834654016,12.851928565116298,13.224509473898872,146041812,GOOGL
2010-09-29,13.080978393554688,13.211121957392637,13.007107816931823,13.084945125244793,86801112,GOOGL
2010-09-30,13.033882141113281,13.184599074252585,12.863579998700908,13.117420635036565,129634236,GOOGL
2010-10-01,13.029669761657715,13.153615284479056,12.96472171443707,13.138245257449924,88911000,GOOGL
2010-10-04,12.948607444763184,13.094862632133392,12.861844740097464,13.013058579044715,77542380,GOOGL
2010-10-05,13.34225845336914,13.386135292405157,13.052721006161892,13.098085724056837,140143716,GOOGL
2010-10-06,13.246076583862305,13.384896156761412,13.136756689781013,13.367791689964237,110381508,GOOGL
2010-10-07,13.138493537902832,13.316727278633117,13.116927321402427,13.292186248704187,95736168,GOOGL
2010-10-08,13.295653343200684,13.326639953300615,13.07924492145463,13.206909641704158,114253632,GOOGL
2010-10-11,13.357379913330078,13.500166224376596,13.315982869813704,13.348456418360641,104946948,GOOGL
2010-10-12,13.420592308044434,13.53462240399592,13.331351691972847,13.389110679409946,149993856,GOOGL
2010-10-13,13.467938423156738,13.571804641309898,13.443893357756254,13.55965882722692,122101776,GOOGL
2010-10-14,13.40919017791748,13.51627873000888,13.314494948940144,13.489754807981777,265098636,GOOGL
2010-10-15,14.909427642822266,14.914137842208325,14.665254912113365,14.855387882356943,592399008,GOOGL
2010-10-18,15.312498092651367,15.361581087321147,14.88711686227124,14.88711686227124,283644072,GOOGL
2010-10-19,15.067582130432129,15.240858131322678,14.944380099420899,15.09286662282582,183332484,GOOGL
2010-10-20,15.071300506591797,15.304318384515872,15.059402199708476,15.075266293991255,140862996,GOOGL
2010-10-21,15.170705795288086,15.27010932929195,15.022218318269578,15.158806543080294,116703180,GOOGL
2010-10-22,15.184090614318848,15.240857675292782,15.122613354379741,15.168968098267014,90153756,GOOGL
2010-10-25,15.282503128051758,15.486765733023754,15.24457591834504,15.259944997121531,126209664,GOOGL
2010-10-26,15.334562301635742,15.399757851054794,15.1469091184362,15.198222521032003,100415484,GOOGL
2010-10-27,15.281761169433594,15.369267341145951,15.179134369583181,15.264409195321399,89586324,GOOGL
2010-10-28,15.334066390991211,15.39405577759061,15.203179340146615,15.37050572533184,87284628,GOOGL
2010-10-29,15.213094711303711,15.344476776718537,15.19549428519734,15.296634149928183,91040868,GOOGL
2010-11-01,15.245321273803711,15.385627783164656,15.151370458645252,15.263417660152658,123360516,GOOGL
2010-11-02,15.260194778442383,15.369268114231224,15.23491028309864,15.336297661326613,79824096,GOOGL
2010-11-03,15.37372875213623,15.41463078027581,15.208137745680768,15.307294721443858,135084780,GOOGL
2010-11-04,15.475115776062012,15.615175721452895,15.42132352179118,15.484288667582678,142689168,GOOGL
2010-11-05,15.495193481445312,15.505356401212019,15.396779991055247,15.448093383496957,70557372,GOOGL
2010-11-08,15.537089347839355,15.604516242467179,15.44685775638049,15.46891898608618,83967948,GOOGL
2010-11-09,15.488747596740723,15.638226024559218,15.381906574747633,15.617155773760931,89398512,GOOGL
2010-11-10,15.44066047668457,15.443635289842923,15.307542075102129,15.420828703857222,99780120,GOOGL
2010-11-11,15.29960823059082,15.36554723995247,15.225736701721868,15.361828959997636,90373536,GOOGL
2010-11-12,14.955039024353027,15.29241908107076,14.903477175540365,15.220282938908928,135584280,GOOGL
2010-11-15,14.761189460754395,14.972640191138614,14.725987664021545,14.949833606142118,139016844,GOOGL
2010-11-16,14.469916343688965,14.821177611450306,14.46322325067554,14.694009788880185,132163704,GOOGL
2010-11-17,14.46570110321045,14.613196656395559,14.41166134438842,14.501646366184685,97602300,GOOGL
2010-11-18,14.788208961486816,14.872987824250568,14.58989597032672,14.600803302926145,103496400,GOOGL
2010-11-19,14.64616870880127,14.821179175467165,14.634021948173443,14.79911794503151,91808100,GOOGL
2010-11-22,14.655834197998047,14.71086682120921,14.445870404852966,14.5628753071007,87376536,GOOGL
2010-11-23,14.452316284179688,14.601051268386456,14.33308003359783,14.551473255212532,86417496,GOOGL
2010-11-24,14.748793601989746,14.789199666552573,14.552463508147179,14.558908148857167,95760144,GOOGL
2010-11-26,14.625592231750488,14.699463763911702,14.551224739969538,14.636994579579508,52391556,GOOGL
2010-11-29,14.430005073547363,14.620633995456393,14.376460330254531,14.605016463767665,114273612,GOOGL
2010-11-30,13.775572776794434,14.236897397244126,13.71607840723677,14.236897397244126,284411304,GOOGL
2010-12-01,13.989752769470215,14.168729973488224,13.941413233165926,13.95628729998459,150013836,GOOGL
2010-12-02,14.174924850463867,14.212357046702047,14.014539074653008,14.096591574871553,101814084,GOOGL
2010-12-03,14.204177856445312,14.290443662334717,14.080232342136831,14.116176664095349,105142752,GOOGL
2010-12-06,14.337043762207031,14.427277225827105,14.293663833509168,14.391828871200392,83668248,GOOGL
2010-12-07,14.554695129394531,14.699959336478422,14.52643582334844,14.657074417802605,121566312,GOOGL
2010-12-08,14.638978958129883,14.68806195796491,14.469173714286965,14.674427319001556,70205724,GOOGL
2010-12-09,14.662775039672852,14.763913952914963,14.600802763609712,14.72177344757778,74681244,GOOGL
2010-12-10,14.680376052856445,14.72450134299876,14.632780934828869,14.703429200115922,68119812,GOOGL
2010-12-13,14.740117073059082,14.947850464569411,14.72697933913941,14.802090296658589,95844060,GOOGL
2010-12-14,14.747307777404785,14.83109472573302,14.687069937212778,14.801347539191717,65666268,GOOGL
2010-12-15,14.633028984069824,14.78548224975343,14.604521224753093,14.729707102528087,86621292,GOOGL
2010-12-16,14.66798210144043,14.719047048451147,14.577748625469239,14.696241408162816,63812124,GOOGL
2010-12-17,14.645423889160156,14.689052275710907,14.56783313280047,14.650381595948765,123360516,GOOGL
2010-12-20,14.751025199890137,14.82093094697145,14.592374796981506,14.740862278403348,78853068,GOOGL
2010-12-21,14.949585914611816,14.99048794006271,14.814237119211409,14.83803467846802,75104820,GOOGL
2010-12-22,15.009574890136719,15.047007086644733,14.954791665129243,14.972639597913059,48251700,GOOGL
2010-12-23,14.978342056274414,15.022218897283084,14.923806334046677,15.005858841894284,44387568,GOOGL
2010-12-27,14.93248176574707,14.967185711605595,14.861089090976645,14.941405259665286,48275676,GOOGL
2010-12-28,14.846711158752441,14.969417231375772,14.824152082186359,14.924300022928554,42549408,GOOGL
2010-12-29,14.898272514343262,14.933224913804803,14.846711608302261,14.923061992822959,40727232,GOOGL
2010-12-30,14.845224380493164,14.906453195273254,14.808785045279901,14.823905673683798,39540420,GOOGL
2010-12-31,14.724003791809082,14.834315595290885,14.675913660971418,14.79266916033276,61510428,GOOGL
2011-01-03,14.981316566467285,15.012055672110568,14.786225885659118,14.786225885659118,94513392,GOOGL
2011-01-04,14.926036834716797,15.026681689354081,14.876458819208533,15.012799542712555,72907020,GOOGL
2011-01-05,15.098320007324219,15.129555069566308,14.874721588586544,14.875217548170292,101190708,GOOGL
2011-01-06,15.208136558532715,15.330346673766172,15.122614228615388,15.138230815778355,82229688,GOOGL
2011-01-07,15.28101634979248,15.325885107438154,15.124598245432159,15.26787861582376,83963952,GOOGL
2011-01-10,15.225736618041992,15.25498784260722,15.085677628439855,15.240361285639663,63104832,GOOGL
2011-01-11,15.270358085632324,15.339519420241574,15.232926831295922,15.312499539451887,57514428,GOOGL
2011-01-12,15.291677474975586,15.353154744419815,15.239620604918203,15.353154744419815,65242692,GOOGL
2011-01-13,15.287214279174805,15.361085809566399,15.224496644192671,15.2941548796299,53306640,GOOGL
2011-01-14,15.472884178161621,15.475114579315633,15.296880870832965,15.304813390312102,94529376,GOOGL
2011-01-18,15.855876922607422,15.914379370076684,15.499903586668509,15.519486904974247,144535320,GOOGL
2011-01-19,15.660537719726562,15.93842339892304,15.608728365184014,15.917600654127408,136107756,GOOGL
2011-01-20,15.537089347839355,15.718298831937556,15.450823544172401,15.671942192409963,219212568,GOOGL
2011-01-21,15.166738510131836,15.907933607436743,15.15508771050265,15.854638260653303,355819824,GOOGL
2011-01-24,15.148147583007812,15.183100929851355,14.903975782864475,15.061138311178688,183784032,GOOGL
2011-01-25,15.367035865783691,15.386371679425427,15.03510943658751,15.076754932414277,145726128,GOOGL
2011-01-26,15.282503128051758,15.430990591340622,15.25225998539083,15.377445850726476,81442476,GOOGL
2011-01-27,15.289692878723145,15.361829021632277,15.201939204193089,15.316961209852952,80687232,GOOGL
2011-01-28,14.898024559020996,15.37818996934692,14.867533907622105,15.346211439154088,169074756,GOOGL
2011-01-31,14.882406234741211,14.984289556328868,14.763170940943128,14.962723344787502,112083804,GOOGL
2011-02-01,15.147153854370117,15.204416872938907,14.950576267463317,14.98478425158293,109702188,GOOGL
2011-02-02,15.170951843261719,15.228958330481799,15.06014408264796,15.146162366670312,70357572,GOOGL
2011-02-03,15.125093460083008,15.157319499113203,15.025440529962019,15.108484008606183,59744196,GOOGL
2011-02-04,15.14566707611084,15.157069422706332,15.037338170659448,15.125091839255013,61969968,GOOGL
2011-02-07,15.227720260620117,15.329355133556733,15.101789980639982,15.125340031273307,71912016,GOOGL
2011-02-08,15.329108238220215,15.36009485177367,15.233174529096503,15.243586847458328,67728204,GOOGL
2011-02-09,15.282503128051758,15.355631186819243,15.179380378754283,15.291675073828447,73626300,GOOGL
2011-02-10,15.28101634979248,15.307293707099877,15.160045659806816,15.21805215142121,93282624,GOOGL
2011-02-11,15.480816841125488,15.493212052397427,15.195741152145208,15.215325415911579,103492404,GOOGL
2011-02-14,15.571297645568848,15.608233884381093,15.370258286048838,15.452062338932738,85034880,GOOGL
2011-02-15,15.472139358520508,15.619387396940885,15.446111399615278,15.550722028873755,83596320,GOOGL
2011-02-16,15.473876953125,15.53039556711149,15.421323182069935,15.50882935332033,67292640,GOOGL
2011-02-17,15.499656677246094,15.548987180770615,15.376207137048512,15.400252203139583,59092848,GOOGL
2011-02-18,15.619140625,15.646408011803791,15.472884498857992,15.518000763373495,128587284,GOOGL
2011-02-22,15.126581192016602,15.491477101698464,15.066094902127588,15.370009506991002,145450404,GOOGL
2011-02-23,15.154097557067871,15.237885454799082,14.97264150384997,15.129557472965637,115468416,GOOGL
2011-02-24,15.092123985290527,15.197974049159136,14.906948722729869,15.155831651711804,108359532,GOOGL
2011-02-25,15.122365951538086,15.238378934741602,15.108980710108428,15.16748316132276,77218704,GOOGL
2011-02-28,15.205658912658691,15.282257754475568,15.072044549912707,15.121376002723094,91168740,GOOGL
2011-03-01,14.89232349395752,15.349931749447494,14.856130721649478,15.314234936772511,132795072,GOOGL
2011-03-02,14.89306640625,15.022217115749909,14.7542468465915,14.868524436707249,80986932,GOOGL
2011-03-03,15.110468864440918,15.158312438930686,14.997429740414917,15.031639620225322,77734188,GOOGL
2011-03-04,14.8888521194458,15.096089539107895,14.878439802288115,15.079975103789822,120319560,GOOGL
2011-03-07,14.666740417480469,14.964953824288113,14.551223402836149,14.887116511691564,138369492,GOOGL
2011-03-08,14.682855606079102,14.823409620968436,14.630550286310896,14.69822468654632,91304604,GOOGL
2011-03-09,14.669468879699707,14.737391729594224,14.52023793846206,14.650381519725872,85953960,GOOGL
2011-03-10,14.385138511657715,14.54180507833649,14.364067311888238,14.512554795509217,124998876,GOOGL
2011-03-11,14.296144485473633,14.377701028931604,14.21235754078432,14.33357573832814,121158720,GOOGL
2011-03-14,14.129561424255371,14.335310976119052,14.080726879546118,14.199218715017963,112531356,GOOGL
2011-03-15,14.118901252746582,14.154598062737358,13.770365410651761,13.819944365899225,160063776,GOOGL
2011-03-16,13.810029983520508,14.12460539155123,13.665758622872318,14.080480096175302,151788060,GOOGL
2011-03-17,13.915630340576172,14.10501888586652,13.89530355494876,13.992972640436836,115856028,GOOGL
2011-03-18,13.908193588256836,14.079982650932786,13.875472536807784,13.996938233987564,131812056,GOOGL
2011-03-21,14.290937423706055,14.37274241414486,14.105515612766183,14.135261851451293,120715164,GOOGL
2011-03-22,14.311264038085938,14.358611645589892,14.192028743266969,14.310024611488867,75400524,GOOGL
2011-03-23,14.431244850158691,14.438432957690884,14.179386183221185,14.258463868239545,72575352,GOOGL
2011-03-24,14.54849910736084,14.585681910427631,14.347953810169706,14.512306334213104,83864052,GOOGL
2011-03-25,14.371256828308105,14.548994600486035,14.358861615526758,14.54825207802234,114221664,GOOGL
2011-03-28,14.262679100036621,14.501398161075716,14.24656560828902,14.429013563656678,88647264,GOOGL
2011-03-29,14.420586585998535,14.42455331839356,14.20442564930774,14.278544691218006,64127808,GOOGL
2011-03-30,14.423314094543457,14.514041645050058,14.392079028633939,14.486277351949381,56835108,GOOGL
2011-03-31,14.545275688171387,14.579979635079388,14.420833282295842,14.452068346008987,81094824,GOOGL
2011-04-01,14.670211791992188,14.754247185687879,14.594853329488265,14.594853329488265,104423472,GOOGL
2011-04-04,14.568081855773926,14.743092309531242,14.454546778401204,14.699959881794511,82097820,GOOGL
2011-04-05,14.107254028320312,14.414639472136964,14.02272265339666,14.4044765489306,241658100,GOOGL
2011-04-06,14.233428001403809,14.257720575947493,14.080231270467554,14.183849988390893,106625268,GOOGL
2011-04-07,14.377701759338379,14.393566799652675,14.233676025071544,14.271851691627516,101158740,GOOGL
2011-04-08,14.332086563110352,14.498917915006466,14.329608654639097,14.498917915006466,75995928,GOOGL
2011-04-11,14.312506675720215,14.330602117965839,14.20417775099089,14.283502955134198,74253672,GOOGL
2011-04-12,14.144930839538574,14.301102383328304,14.081469735972297,14.253754771634691,83340576,GOOGL
2011-04-13,14.285484313964844,14.318206311414587,14.173189613437941,14.266396954461637,82693224,GOOGL
2011-04-14,14.340765953063965,14.364067554601563,14.181868037640825,14.258465935859956,218033748,GOOGL
2011-04-15,13.155596733093262,13.528672687453287,13.139731692800336,13.517270339213702,561186252,GOOGL
2011-04-18,13.059910774230957,13.080238506954723,12.865564499375973,13.049499400388191,201390408,GOOGL
2011-04-19,12.928278923034668,13.160057374187154,12.91266233621583,13.137003282799645,107256636,GOOGL
2011-04-20,13.032392501831055,13.059413323033363,12.924808010630702,13.036606741015179,122277600,GOOGL
2011-04-21,13.016777038574219,13.09560532927094,12.94959765795589,13.076022010324785,98705196,GOOGL
2011-04-25,13.015539169311523,13.063877762644326,12.94017974725238,13.020496876865131,65166768,GOOGL
2011-04-26,13.208148002624512,13.322673099255953,13.019501983070718,13.051976471623997,139860000,GOOGL
2011-04-27,13.330606460571289,13.339283392041045,13.246076049257871,13.336556086526272,91844064,GOOGL
2011-04-28,13.335813522338867,13.367543601086028,13.23938291473276,13.338043923551266,79920000,GOOGL
2011-04-29,13.48776912689209,13.48776912689209,13.349198019898378,13.386134255453118,168970860,GOOGL
2011-05-02,13.350438117980957,13.52817681524198,13.314741307241412,13.527432403490247,85262652,GOOGL
2011-05-03,13.234674453735352,13.435962270942847,13.129071893430682,13.314991574636922,83176740,GOOGL
2011-05-04,13.28177261352539,13.361345316626174,13.213106298226139,13.266403533998055,84595320,GOOGL
2011-05-05,13.244093894958496,13.371757684545935,13.175428519234593,13.233930973460026,79832088,GOOGL
2011-05-06,13.26962661743164,13.422327391653393,13.266651804338359,13.340275830513315,82161756,GOOGL
2011-05-09,13.328622817993164,13.34870304063434,13.165510685800218,13.262187851054856,77870052,GOOGL
2011-05-10,13.452075004577637,13.495951845896478,13.32515468022529,13.386135988859271,81634284,GOOGL
2011-05-11,13.273344039916992,13.47413588091599,13.22971565496643,13.389605471774614,93458448,GOOGL
2011-05-12,13.263428688049316,13.310280338258934,13.160800948885644,13.268137942536562,57874068,GOOGL
2011-05-13,13.12708854675293,13.28499547743944,13.114693334955728,13.252521930794458,84263652,GOOGL
2011-05-16,12.85118579864502,13.070570956505716,12.80111276665357,13.046773394975736,118209672,GOOGL
2011-05-17,13.149646759033203,13.168486611968406,12.767151360415104,12.777066774164686,132011856,GOOGL
2011-05-18,13.13353443145752,13.146424658484671,13.031651097294727,13.126841338127553,78049872,GOOGL
2011-05-19,13.169229507446289,13.300363106429817,13.131301353788178,13.20591728984352,98649252,GOOGL
2011-05-20,12.990253448486328,13.187574536088672,12.967942821911082,13.18286433648228,92607300,GOOGL
2011-05-23,12.850441932678223,12.890352038543247,12.72674393821537,12.806069135021914,91908000,GOOGL
2011-05-24,12.847217559814453,12.98851596774233,12.844491199230388,12.899522872641391,75924000,GOOGL
2011-05-25,12.882171630859375,12.95901702735353,12.822181303075633,12.82416419676598,52011936,GOOGL
2011-05-26,12.84399700164795,12.942905522892117,12.76640718717472,12.833337175919972,84655260,GOOGL
2011-05-27,12.912662506103516,12.93472467858948,12.798631474312991,12.852672177278635,69762168,GOOGL
2011-05-31,13.113948822021484,13.114691344313519,12.97711311088063,13.014295906573384,107384508,GOOGL
2011-06-01,13.029170989990234,13.217567614994959,13.02198193771931,13.089656331613163,118117764,GOOGL
2011-06-02,13.090153694152832,13.145681335246351,12.951830078714728,13.078005989414379,88091820,GOOGL
2011-06-03,12.966702461242676,13.078749656324568,12.927536767015473,12.939930089154615,69870060,GOOGL
2011-06-06,12.916629791259766,13.059415149885016,12.871760087935671,12.978106112154112,77606316,GOOGL
2011-06-07,12.866308212280273,13.005126847730589,12.865316292967712,12.961993472595159,76227696,GOOGL
2011-06-08,12.869775772094727,12.921089166116642,12.785740382746564,12.804332726127125,66069864,GOOGL
2011-06-09,12.80929183959961,12.890352425124327,12.782271959319703,12.890352425124327,67496436,GOOGL
2011-06-10,12.630315780639648,12.80830106271556,12.624862113666424,12.743602415565862,97498404,GOOGL
2011-06-13,12.511823654174805,12.647419968977239,12.448363490570076,12.642462261781251,96994908,GOOGL
2011-06-14,12.60205364227295,12.743599554941795,12.567843769110137,12.59659903183907,93566340,GOOGL
2011-06-15,12.467696189880371,12.601557094930698,12.409689703223405,12.519257091493275,82849068,GOOGL
2011-06-16,12.403741836547852,12.557433577018346,12.312021429309462,12.464227180341327,110169720,GOOGL
2011-06-17,12.023228645324707,12.560408642419565,12.017774034268692,12.547765923375117,209606184,GOOGL
2011-06-20,12.012321472167969,12.053223498151652,11.879699035883762,12.022732845435543,121022856,GOOGL
2011-06-21,12.22104549407959,12.24434803984999,12.016039394528184,12.077021647624086,110505384,GOOGL
2011-06-22,12.072559356689453,12.204933351686119,12.065618755503081,12.182623669146663,96187716,GOOGL
2011-06-23,11.904241561889648,11.969684617575805,11.743359811338022,11.951588231076721,191875932,GOOGL
2011-06-24,11.771867752075195,11.917379479364994,11.725758619574885,11.915644092932101,152071776,GOOGL
2011-06-27,11.968195915222168,12.107015481953704,11.74013668295388,11.750052096381856,137650212,GOOGL
2011-06-28,12.237160682678223,12.300620848518157,11.998440648924804,11.998440648924804,108495396,GOOGL
2011-06-29,12.334330558776855,12.400765520381277,12.205674874653932,12.308797616832393,93626280,GOOGL
2011-06-30,12.552724838256836,12.559913891622148,12.43175413659563,12.443900897196313,97038864,GOOGL
2011-07-01,12.915884017944336,12.919603242387248,12.552722581395843,12.561647019626019,145322532,GOOGL
2011-07-05,13.198726654052734,13.272103159979146,13.021733335642804,13.021733335642804,153814032,GOOGL
2011-07-06,13.271112442016602,13.3491982089601,13.213601912848388,13.225005204638354,107716176,GOOGL
2011-07-07,13.549744606018066,13.650883527687904,13.284003768508171,13.410925033423572,157262580,GOOGL
2011-07-08,13.18757438659668,13.327881841111328,13.070570422369512,13.21137194715416,190617192,GOOGL
2011-07-11,13.070817947387695,13.286483871614598,13.026693599008894,13.093128573739973,113458428,GOOGL
2011-07-12,13.237650871276855,13.371759318491758,13.039089390988565,13.092634144745869,113534352,GOOGL
2011-07-13,13.343003273010254,13.485293629966845,13.298877977349026,13.311769150026521,111496392,GOOGL
2011-07-14,13.111967086791992,13.435713447512025,13.057181973451177,13.364319828357669,265714020,GOOGL
2011-07-15,14.814483642578125,14.879679182567763,14.57997883819536,14.811508829783039,548734716,GOOGL
2011-07-18,14.74804973602295,14.92430055783459,14.675170123702157,14.687316883203119,178553268,GOOGL
2011-07-19,14.936697006225586,14.989497343621792,14.762677515933277,14.777798145010134,118581300,GOOGL
2011-07-20,14.758213996887207,14.943636758286411,14.758213996887207,14.927523267145254,89022888,GOOGL
2011-07-21,15.046761512756348,15.0732854355408,14.724997998275612,14.725493957938745,138641220,GOOGL
2011-07-22,15.325389862060547,15.356872435055905,14.97933379001209,15.007098082766504,140986872,GOOGL
2011-07-25,15.343982696533203,15.50337657107354,15.195742718385842,15.204667158059294,125138736,GOOGL
2011-07-26,15.431734085083008,15.555183619770565,15.300351086520077,15.320926323862974,93622284,GOOGL
2011-07-27,15.052460670471191,15.392815541581376,14.991231860376557,15.299360693921427,157218624,GOOGL
2011-07-28,15.144676208496094,15.269613627634119,14.947850153776528,15.002138363991834,124211664,GOOGL
2011-07-29,14.964956283569336,15.24432988526424,14.964956283569336,14.978342470847062,165330504,GOOGL
2011-08-01,15.041305541992188,15.25771492356206,14.853156411816638,15.151618297326229,158485356,GOOGL
2011-08-02,14.685086250305176,15.113193860354508,14.66451101171771,15.022217863950072,127895976,GOOGL
2011-08-03,14.902486801147461,14.947850573883223,14.467685147604467,14.731442138683132,152874972,GOOGL
2011-08-04,14.3162202835083,14.844972652511402,14.314981801722523,14.73713971551584,196387416,GOOGL
2011-08-05,14.353903770446777,14.625593304114684,13.931497293057271,14.440666480342749,236926836,GOOGL
2011-08-08,13.535365104675293,14.105019592535163,13.493967119621985,13.955789596120098,299564136,GOOGL
2011-08-09,14.214341163635254,14.244088350410413,13.411172788816094,13.906707319061896,258529212,GOOGL
2011-08-10,13.60948657989502,13.98405043551768,13.577756497415868,13.916128522924833,214569216,GOOGL
2011-08-11,13.934717178344727,14.092624092453931,13.594610778073656,13.728719190329835,193030776,GOOGL
2011-08-12,13.975372314453125,14.142203674178647,13.891832880863728,14.117414196768921,126045828,GOOGL
2011-08-15,13.813253402709961,14.005616780367399,13.536110212137297,13.719054135406944,285510204,GOOGL
2011-08-16,13.361346244812012,13.694513034340574,13.145681267476379,13.694265526865259,277298424,GOOGL
2011-08-17,13.216328620910645,13.47760675166074,13.157331156112035,13.38687826391458,163000836,GOOGL
2011-08-18,12.515541076660156,13.011570605963657,12.406716199238735,12.97637069834801,251376372,GOOGL
2011-08-19,12.16948413848877,12.76318465285633,12.167997204297448,12.378209455369243,216183600,GOOGL
2011-08-22,12.349204063415527,12.568092271880273,12.258971543099959,12.493724789319423,196039764,GOOGL
2011-08-23,12.861102104187012,12.92530573514729,12.371268728565443,12.48133209592592,173698128,GOOGL
2011-08-24,12.971907615661621,13.138243021225632,12.821686646264647,12.87374351137102,143636220,GOOGL
2011-08-25,12.891345024108887,13.318461695515847,12.84821164956336,13.147664528449509,131588280,GOOGL
2011-08-26,13.060403823852539,13.149396913676572,12.72029650160902,12.890102655305045,143708148,GOOGL
2011-08-29,13.36332893371582,13.372501825122091,13.226493199996417,13.25128173454848,93338568,GOOGL
2011-08-30,13.403488159179688,13.460255228683032,13.158324438981351,13.341267422866958,119440440,GOOGL
2011-08-31,13.409934043884277,13.542308039844956,13.286979502794065,13.5036364116655,107624268,GOOGL
2011-09-01,13.200218200683594,13.481078751104752,13.168488117309744,13.404728356072063,96523380,GOOGL
2011-09-02,13.010332107543945,13.08668249346542,12.908448775597481,13.001160160934628,95951952,GOOGL
2011-09-06,12.944392204284668,12.95876936422314,12.654854775629543,12.66229133539271,108523368,GOOGL
2011-09-07,13.238142967224121,13.28549057602012,13.073791406164984,13.149398320019314,110121768,GOOGL
2011-09-08,13.261197090148926,13.363823882677115,13.185342668660253,13.232441825432206,95124780,GOOGL
2011-09-09,13.010580062866211,13.253514319668701,12.919852512893971,13.172948746529567,130621248,GOOGL
2011-09-12,13.141219139099121,13.18757483503275,12.828380068418602,12.839783361787562,106709184,GOOGL
2011-09-13,13.126344680786133,13.234425142901276,12.974634888265811,13.187820999542568,94073832,GOOGL
2011-09-14,13.189557075500488,13.31052776161878,13.034624965561369,13.202447301593262,107668224,GOOGL
2011-09-15,13.449596405029297,13.509585795505277,13.251282449798586,13.274584996094308,118313568,GOOGL
2011-09-16,13.551727294921875,13.5556930825266,13.463972671776155,13.505123150113894,141230628,GOOGL
2011-09-19,13.551478385925293,13.63154704926075,13.271608853098837,13.394810887120295,98637264,GOOGL
2011-09-20,13.550485610961914,13.845229189903218,13.452320568691261,13.619151922467951,111052836,GOOGL
2011-09-21,13.366304397583008,13.757973654110407,13.357876862235987,13.57676511216105,100471428,GOOGL
2011-09-22,12.90671157836914,13.107999360595159,12.741615617880457,13.045282677310464,175835988,GOOGL
2011-09-23,13.02694034576416,13.049498478276977,12.754011409699928,12.805077300696738,110980908,GOOGL
2011-09-26,13.185094833374023,13.210875284591468,12.723024881663383,13.0700718879972,105262632,GOOGL
2011-09-27,13.369773864746094,13.560898747018477,13.288218267504861,13.341513614181737,120315564,GOOGL
2011-09-28,13.109489440917969,13.485788686255193,13.081230131182101,13.423320440096402,90441468,GOOGL
2011-09-29,13.076272010803223,13.319205331105202,12.875727653766123,13.287971209012385,116147736,GOOGL
2011-09-30,12.767395973205566,12.989506481074331,12.751034032732408,12.895554745169193,108835056,GOOGL
2011-10-03,12.283514022827148,12.692039265780569,12.270623796209028,12.638742972990942,178797024,GOOGL
2011-10-04,12.441668510437012,12.479845120200402,11.913660453127227,12.147421808896334,166185648,GOOGL
2011-10-05,12.511078834533691,12.587926127621738,11.917875206531155,12.304089842422993,181182636,GOOGL
2011-10-06,12.759218215942383,12.77210844212289,12.459020955076815,12.580487601618657,136835028,GOOGL
2011-10-07,12.76938247680664,12.902748389010245,12.649898711440876,12.811772384456013,114121764,GOOGL
2011-10-10,13.315983772277832,13.32342033348471,12.969679214307847,13.018762218706444,92795112,GOOGL
2011-10-11,13.464964866638184,13.55470238542313,13.224014451826728,13.224014451826728,114021864,GOOGL
2011-10-12,13.596842765808105,13.763674137580777,13.500909058928793,13.587670819100627,126984888,GOOGL
2011-10-13,13.856881141662598,13.857128649127638,13.584944123012324,13.634770587653781,227276496,GOOGL
2011-10-14,14.667237281799316,14.863567378595736,14.565353953392874,14.86034505819226,340854804,GOOGL
2011-10-17,14.437442779541016,14.670956622958471,14.328121945565302,14.46991632534834,160167672,GOOGL
2011-10-18,14.638235092163086,14.68905253231906,14.31324833751661,14.382410615669887,151879968,GOOGL
2011-10-19,14.39505386352539,14.676657859297777,14.358366075553796,14.559653894439867,117142740,GOOGL
2011-10-20,14.46867561340332,14.598075723347888,14.36555285993625,14.424799721053688,135024840,GOOGL
2011-10-21,14.637740135192871,14.693763738216322,14.543789316228075,14.613447558777317,135504360,GOOGL
2011-10-24,14.784734725952148,14.872736838825132,14.53882760348406,14.54428126885485,136938924,GOOGL
2011-10-25,14.456034660339355,14.749537898412356,14.448350592546529,14.702438738350024,101518380,GOOGL
2011-10-26,14.534119606018066,14.630053307029154,14.200706279708632,14.614436720177087,114809076,GOOGL
2011-10-27,14.84051513671875,14.940415577484822,14.707396736627311,14.834317058308667,151060788,GOOGL
2011-10-28,14.876955032348633,14.930498833161069,14.730946408943696,14.737639502130873,100219680,GOOGL
2011-10-31,14.691033363342285,14.865797229579831,14.666988299436685,14.751767153405972,102209688,GOOGL
2011-11-01,14.34423542022705,14.514288161286201,14.297135317100961,14.38017973856803,124878996,GOOGL
2011-11-02,14.497183799743652,14.575022062914007,14.389600240776842,14.499167638190395,84751164,GOOGL
2011-11-03,14.811509132385254,14.811509132385254,14.469915783825089,14.551223871373933,106685208,GOOGL
2011-11-04,14.777796745300293,14.867038300448955,14.685829774010502,14.71235369393925,113278608,GOOGL
2011-11-07,15.079977989196777,15.091133775518871,14.680874041796148,14.707893924968689,134161704,GOOGL
2011-11-08,15.179381370544434,15.229703794223632,14.96272448541691,15.09658540101357,121054824,GOOGL
2011-11-09,14.89703369140625,15.10625402641193,14.84026567947168,14.97908619777317,148291560,GOOGL
2011-11-10,14.751522064208984,15.020979296261656,14.664264342845867,15.02048333662547,114621264,GOOGL
2011-11-11,15.080472946166992,15.173184329711024,14.838779073798886,14.905710004348046,158920920,GOOGL
2011-11-14,15.195740699768066,15.32167003434574,15.066342482145231,15.071795203533213,127420452,GOOGL
2011-11-15,15.283988952636719,15.321668652162247,15.133767058760407,15.190781622904824,106932960,GOOGL
2011-11-16,15.157814025878906,15.32712424289699,15.136496265103396,15.172935598011033,104235660,GOOGL
2011-11-17,14.895051002502441,15.178142875538343,14.793662681848991,15.122615234264742,139592268,GOOGL
2011-11-18,14.746562004089355,14.985034489351673,14.718551151197877,14.923061268502908,131376492,GOOGL
2011-11-21,14.40100383758545,14.588409514425207,14.181620571580376,14.570065619996491,119931948,GOOGL
2011-11-22,14.377701759338379,14.500903801593305,14.259704931572662,14.377701759338379,96115788,GOOGL
2011-11-23,14.132535934448242,14.383897705212007,14.132535934448242,14.262430114694851,92938968,GOOGL
2011-11-25,13.956286430358887,14.235660025425812,13.914887498026175,14.01057464532281,62433504,GOOGL
2011-11-28,14.580723762512207,14.596341295076101,14.29093880203722,14.362083974727728,113042844,GOOGL
2011-11-29,14.450333595275879,14.634516941811862,14.410670995237343,14.57303967558088,73198728,GOOGL
2011-11-30,14.858363151550293,14.861337964691497,14.677402122369692,14.822666338540863,135744120,GOOGL
2011-12-01,15.21483039855957,15.270109586708903,14.848695049803847,14.873483584512961,144679176,GOOGL
2011-12-02,15.378190994262695,15.46842352782065,15.276555167930985,15.296139432904287,163264572,GOOGL
2011-12-05,15.50932502746582,15.664256198138567,15.428760403054602,15.558655532403902,127772100,GOOGL
2011-12-06,15.462722778320312,15.58294906429416,15.375216603302965,15.443386020289111,92966940,GOOGL
2011-12-07,15.453300476074219,15.509571578084199,15.32216592812218,15.41091151897974,90201708,GOOGL
2011-12-08,15.271349906921387,15.553945814452767,15.252757561266883,15.39504790663412,96427476,GOOGL
2011-12-09,15.553201675415039,15.595590634605188,15.29514680618599,15.319686887594528,110537352,GOOGL
2011-12-12,15.50287914276123,15.5224624620059,15.37645478846521,15.415869879099333,87268644,GOOGL
2011-12-13,15.508830070495605,15.779775186947257,15.43991624147977,15.586419886922938,160966872,GOOGL
2011-12-14,15.32142448425293,15.476356610510766,15.183100865785995,15.415127793949734,155991852,GOOGL
2011-12-15,15.357863426208496,15.468423693024592,15.33679317148708,15.431735905526345,96247656,GOOGL
2011-12-16,15.517009735107422,15.600300718733763,15.40570600833763,15.47635521781816,178193628,GOOGL
2011-12-19,15.414628982543945,15.579972462235963,15.369266156939997,15.567826648104266,85654260,GOOGL
2011-12-20,15.626328468322754,15.662768743308003,15.567329118140538,15.56757851495176,95432472,GOOGL
2011-12-21,15.513540267944336,15.662274314747272,15.343485624466442,15.617406498757322,99816084,GOOGL
2011-12-22,15.609720230102539,15.66004265346669,15.543037752526365,15.566339351856183,72819108,GOOGL
2011-12-23,15.694995880126953,15.733171546233097,15.631040704670124,15.666736572614168,58089852,GOOGL
2011-12-27,15.871247291564941,15.976352950102688,15.666737148759404,15.667976575543527,64191744,GOOGL
2011-12-28,15.857611656188965,15.98899465796675,15.817948114581196,15.933218570137333,85002912,GOOGL
2011-12-29,15.924543380737305,15.93941650107092,15.746061213309003,15.901984303402017,62952984,GOOGL
2011-12-30,16.011302947998047,16.032620706352134,15.915120804549355,15.915120804549355,71220708,GOOGL
2012-01-03,16.49494171142578,16.562864566954577,16.171693157692523,16.18582186739056,146912940,GOOGL
2012-01-04,16.566089630126953,16.614924184713093,16.37620413451755,16.485523101065084,114445440,GOOGL
2012-01-05,16.33629035949707,16.45924489117792,16.267377478010104,16.413633609937122,131184684,GOOGL
2012-01-06,16.11343765258789,16.360833655888776,16.107735533786585,16.339761511756574,107608284,GOOGL
2012-01-09,15.43024730682373,16.038572474670538,15.399756654489412,16.026178207765522,232671096,GOOGL
2012-01-10,15.44710636138916,15.711358402578027,15.292669240311115,15.61096293765603,175648176,GOOGL
2012-01-11,15.517009735107422,15.602036105006805,15.397030021657379,15.456027486831049,95904000,GOOGL
2012-01-12,15.608233451843262,15.688798075774635,15.530395188746134,15.64740009085495,74932992,GOOGL
2012-01-13,15.492964744567871,15.541550839988401,15.395543156880724,15.524446372961041,92199708,GOOGL
2012-01-17,15.58195686340332,15.666239766439958,15.510068227082376,15.666239766439958,76295628,GOOGL
2012-01-18,15.689294815063477,15.716314696025432,15.421820477043608,15.533618281132892,110357532,GOOGL
2012-01-19,15.854388236999512,15.889589086640212,15.653348893623226,15.889589086640212,251959788,GOOGL
2012-01-20,14.526187896728516,14.650381854843815,14.419842816989606,14.6387301100627,422628948,GOOGL
2012-01-23,14.51453685760498,14.592374176838792,14.456034405933016,14.526436109659949,136379484,GOOGL
2012-01-24,14.400755882263184,14.568082273021735,14.328122829261547,14.534369298455891,122109768,GOOGL
2012-01-25,14.117169380187988,14.3457246078371,14.040074572538028,14.315977418212308,199308492,GOOGL
2012-01-26,14.082708358764648,14.240862776710705,13.99470718414262,14.178890504383379,128918952,GOOGL
2012-01-27,14.377203941345215,14.385632420051188,14.113198519569194,14.149143780134338,144555300,GOOGL
2012-01-30,14.320438385009766,14.377701411114318,14.214092360236311,14.329362824227294,93126780,GOOGL
2012-01-31,14.380427360534668,14.476857968763726,14.257472832252637,14.452068490325502,85610304,GOOGL
2012-02-01,14.398276329040527,14.514041812983908,14.356383326111349,14.500159666272948,92735172,GOOGL
2012-02-02,14.504371643066406,14.53659767891935,14.429261636365274,14.498422017592194,96491412,GOOGL
2012-02-03,14.782505989074707,14.800850825339412,14.57725240933811,14.641951989445072,126613260,GOOGL
2012-02-06,15.098816871643066,15.141950245753849,14.724997444966403,14.749785980340961,147036816,GOOGL
2012-02-07,15.041305541992188,15.10625357955231,14.966690542957284,15.050725940685291,83600316,GOOGL
2012-02-08,15.117655754089355,15.154839497123753,14.990982953513093,15.087660118591575,73382544,GOOGL
2012-02-09,15.157567024230957,15.232926435262247,15.096585718749187,15.171449170160667,90497412,GOOGL
2012-02-10,15.019986152648926,15.075016881248208,14.972638546218423,15.068819748403355,92914992,GOOGL
2012-02-13,15.175909996032715,15.216563567429137,15.121870239139072,15.133768545867193,72579348,GOOGL
2012-02-14,15.115425109863281,15.170952747201248,14.991479608890943,15.159550399718826,72075852,GOOGL
2012-02-15,15.011310577392578,15.19400698251643,14.936943087169718,15.19400698251643,96938964,GOOGL
2012-02-16,15.03510856628418,15.09187563245033,14.817212248257295,14.943389099906993,101134764,GOOGL
2012-02-17,14.988505363464355,15.062625348331338,14.932977724023923,14.99668539085364,97866036,GOOGL
2012-02-21,15.220531463623047,15.316713622723755,14.94487615789937,14.969418129644685,99132768,GOOGL
2012-02-22,15.070307731628418,15.289443451840823,15.039817082072336,15.169959706771632,78601320,GOOGL
2012-02-23,15.024946212768555,15.070309988047594,14.882160848788432,15.047008387026503,82117800,GOOGL
2012-02-24,15.118897438049316,15.162278320619004,15.010072553369534,15.055684782047312,77346576,GOOGL
2012-02-27,15.104268074035645,15.179874034548927,14.998913988416929,15.036841194727916,72483444,GOOGL
2012-02-28,15.32935619354248,15.3635651266125,15.063863811676462,15.121375289539317,113790096,GOOGL
2012-02-29,15.325885772705078,15.508086227354058,15.257715412468963,15.334561759906217,125350524,GOOGL
2012-03-01,15.428759574890137,15.51056362160333,15.323405477590146,15.425288802462205,89418492,GOOGL
2012-03-02,15.400252342224121,15.46842269836817,15.377199195124772,15.41884468693839,62869068,GOOGL
2012-03-05,15.226730346679688,15.430992983314642,15.15558517050687,15.379926143299585,63668268,GOOGL
2012-03-06,14.99643611907959,15.091873854361468,14.720780848116558,15.073034003682173,126849024,GOOGL
2012-03-07,15.042049407958984,15.150873335804386,15.018747808908369,15.09782455226886,50529420,GOOGL
2012-03-08,15.050477981567383,15.158558443033096,15.030894662368855,15.12236567288674,53766180,GOOGL
2012-03-09,14.879679679870605,15.168473646559534,14.87348254662577,15.07055705192123,106717176,GOOGL
2012-03-12,15.001147270202637,15.04700700089935,14.855138654340601,14.873482546619286,66693240,GOOGL
2012-03-13,15.314233779907227,15.315969166149328,15.011062653628565,15.090387848375029,89742168,GOOGL
2012-03-14,15.26986026763916,15.438178554959032,15.207144526517608,15.245319243314649,117358524,GOOGL
2012-03-15,15.397276878356934,15.456026833587822,15.241105345973116,15.284982181809326,97306596,GOOGL
2012-03-16,15.494203567504883,15.51576978105567,15.37050557072212,15.391329261873725,121897980,GOOGL
2012-03-19,15.715818405151367,15.797374950639176,15.400005485963796,15.446608686422543,86825088,GOOGL
2012-03-20,15.703670501708984,15.767378164152106,15.549481861165386,15.639962839265861,61558380,GOOGL
2012-03-21,15.864554405212402,16.048240846946914,15.679379139910075,15.731436007108417,98685216,GOOGL
2012-03-22,16.01502799987793,16.083198376943667,15.64195101127514,15.827869792052033,96311592,GOOGL
2012-03-23,15.929254531860352,16.07575817676634,15.887361529210136,16.02865807019225,77530392,GOOGL
2012-03-26,16.096328735351562,16.100296411818654,15.853644859557045,15.98899364006801,72695232,GOOGL
2012-03-27,16.03907012939453,16.199702481117033,15.98403655876946,16.039317636870223,80207712,GOOGL
2012-03-28,16.255725860595703,16.325880058724383,16.13971287339645,16.163261981297556,101454444,GOOGL
2012-03-29,16.073524475097656,16.276299199199702,15.971642098159796,16.198213434856093,76895028,GOOGL
2012-03-30,15.89578628540039,16.19945336612719,15.889836659724022,16.156320941685838,92335572,GOOGL
2012-04-02,16.036592483520508,16.050970590633753,15.737138645306745,15.884139203235648,91276632,GOOGL
2012-04-03,15.929996490478516,16.062123913815164,15.831336422762668,15.999158768958486,81714204,GOOGL
2012-04-04,15.744821548461914,15.840259291862344,15.644425153673636,15.826625598429416,65038896,GOOGL
2012-04-05,15.674668312072754,15.776551641088192,15.581709421941394,15.672685418326838,92655252,GOOGL
2012-04-09,15.637980461120605,15.74928324347618,15.500400321830702,15.579478010724102,87220692,GOOGL
2012-04-10,15.539320945739746,15.728709515971213,15.482057916513842,15.704416939810725,99180720,GOOGL
2012-04-11,15.76490306854248,15.765894987898053,15.649385085077506,15.715572557277065,87872040,GOOGL
2012-04-12,16.137975692749023,16.190776018303385,15.871493322564955,15.923301729028356,230033736,GOOGL
2012-04-13,15.483298301696777,16.087905238879795,15.457020942214827,16.05220748003223,326045628,GOOGL
2012-04-16,15.02395248413086,15.463711816142398,14.914632600606144,15.443633482871562,227456316,GOOGL
2012-04-17,15.110715866088867,15.312003669667911,15.047254764401053,15.08567793585778,120835044,GOOGL
2012-04-18,15.058161735534668,15.190783220102364,14.943139731385356,15.073034855218355,106673220,GOOGL
2012-04-19,14.85612964630127,15.276554124470037,14.84869403108368,15.014532528839059,131652216,GOOGL
2012-04-20,14.775814056396484,15.092867341365016,14.770112882517893,14.9788372509983,122213664,GOOGL
2012-04-23,14.813990592956543,14.835060848080033,14.630550707279772,14.697480697651196,87824088,GOOGL
2012-04-24,14.904966354370117,15.03783630303454,14.807049751603907,14.829855392774954,77086836,GOOGL
2012-04-25,15.114434242248535,15.154841254907895,14.94487650549456,14.97264079843774,72771156,GOOGL
2012-04-26,15.25697135925293,15.319687105788468,15.11393849561111,15.14393318845093,83616300,GOOGL
2012-04-27,15.24482536315918,15.288454696518217,15.136248934086607,15.245817282439168,65390544,GOOGL
2012-04-30,14.9937105178833,15.27209218106572,14.88860486553373,15.19549428775761,96195708,GOOGL
2012-05-01,14.983298301696777,15.161035093863145,14.878191717201805,14.967433263812806,80011908,GOOGL
2012-05-02,15.05345344543457,15.074523699669552,14.888604968288835,14.90323058145535,64395540,GOOGL
2012-05-03,15.146660804748535,15.241107582947729,15.095347401683592,15.111956854400699,74645280,GOOGL
2012-05-04,14.798371315002441,15.06906889181498,14.79440552767376,15.020234349135404,88207704,GOOGL
2012-05-07,15.060641288757324,15.135504739618023,14.749537630102163,14.749537630102163,79700220,GOOGL
2012-05-08,15.190537452697754,15.292420790382414,14.890837066072747,15.010568338359269,106984908,GOOGL
2012-05-09,15.100303649902344,15.279529282084665,14.918351656901562,15.042545610941627,93058848,GOOGL
2012-05-10,15.212102890014648,15.274818633845442,15.127075577258815,15.194749972342361,61374564,GOOGL
2012-05-11,15.003131866455078,15.234166877086917,14.991728573179575,15.130052192703975,83892024,GOOGL
2012-05-14,14.972639083862305,15.084190313129966,14.887860225193677,14.892818876332502,72903024,GOOGL
2012-05-15,15.148889541625977,15.245319197156206,14.966441602813633,15.006104198207622,83999916,GOOGL
2012-05-16,15.590635299682617,15.619638077291206,15.26862426446132,15.318698243482226,193210596,GOOGL
2012-05-17,15.44487190246582,15.811750680856898,15.399755640280892,15.712099647881493,134017848,GOOGL
2012-05-18,14.88339900970459,15.677146923949644,14.791678602977859,15.49568994889651,238701060,GOOGL
2012-05-21,15.223257064819336,15.262423700742161,14.873481812763332,14.886124530769969,122892984,GOOGL
2012-05-22,14.893315315246582,15.21582227519986,14.774327514921104,15.20664938376117,121953924,GOOGL
2012-05-23,15.107989311218262,15.111459139255837,14.802090858496499,14.914385565500718,126996876,GOOGL
2012-05-24,14.964213371276855,15.168970073613698,14.845473075322953,15.10055220472549,75576348,GOOGL
2012-05-25,14.663518905639648,14.91636761265118,14.582954283286321,14.898272172333435,143132724,GOOGL
2012-05-29,14.733175277709961,14.851915556392933,14.583945293995736,14.769615552903623,104123772,GOOGL
2012-05-30,14.58171272277832,14.67268870471025,14.465203799612409,14.579977336769485,76191732,GOOGL
2012-05-31,14.399017333984375,14.625590556020732,14.352909154276443,14.593860480212873,118613268,GOOGL
2012-06-01,14.154102325439453,14.195500309719339,14.088906782353611,14.174181604246193,122193684,GOOGL
2012-06-04,14.342747688293457,14.38984779190192,14.130057533717991,14.135262747944047,97210692,GOOGL
2012-06-05,14.139972686767578,14.331345076615362,14.04230359811243,14.264910106796107,93502404,GOOGL
2012-06-06,14.391831398010254,14.426536291746627,14.219298848603863,14.290443077781159,83748168,GOOGL
2012-06-07,14.333822250366211,14.573285705200602,14.309529677862646,14.566097597707714,70269660,GOOGL
2012-06-08,14.388855934143066,14.402490572481646,14.24334327238137,14.274825844076204,56359584,GOOGL
2012-06-11,14.09262466430664,14.50957836358005,14.047755908754153,14.482062525552065,106337556,GOOGL
2012-06-12,14.008341789245605,14.137245937882984,13.846716588543378,14.124107259818546,128839032,GOOGL
2012-06-13,13.90893840789795,14.055442048348906,13.849196527975597,13.924555940454502,78089832,GOOGL
2012-06-14,13.858367919921875,14.007598860017442,13.79565122941928,13.914144009946641,93702204,GOOGL
2012-06-15,13.993717193603516,13.993964701074248,13.809781355449827,13.890346926542968,119927952,GOOGL
2012-06-18,14.150880813598633,14.234172746521105,13.863326253082612,13.946866638163536,99776124,GOOGL
2012-06-19,14.415629386901855,14.483799749648853,14.207152510811138,14.218803311561654,82964952,GOOGL
2012-06-20,14.3159761428833,14.377701862878613,14.216820112547397,14.372991663308722,93774132,GOOGL
2012-06-21,14.011069297790527,14.373735763098919,13.974381510681534,14.373735763098919,80371548,GOOGL
2012-06-22,14.166496276855469,14.166496276855469,14.026190725159731,14.080230482360417,89026884,GOOGL
2012-06-25,13.899272918701172,14.082463420855152,13.816228484882323,14.063623565739526,63200736,GOOGL
2012-06-26,13.997930526733398,14.045525643461273,13.869027321766637,13.950335410005524,53953992,GOOGL
2012-06-27,14.112455368041992,14.2287158445204,14.031147286737186,14.07279277415125,67624308,GOOGL
2012-06-28,13.98875904083252,14.036354159126162,13.81275572825719,14.028174131947713,76759164,GOOGL
2012-06-29,14.379436492919922,14.380924371864914,14.184345805652432,14.252763675310957,100679220,GOOGL
2012-07-02,14.389351844787598,14.452069484616173,14.290939280709544,14.422817312341857,66153780,GOOGL
2012-07-03,14.571797370910645,14.586175474816747,14.328120628988207,14.377947088411561,47532420,GOOGL
2012-07-05,14.772343635559082,14.874970429364684,14.589398782950266,14.594853393829105,93742164,GOOGL
2012-07-06,14.525938034057617,14.712848666440461,14.447604761523765,14.686323803606337,86385528,GOOGL
2012-07-09,14.526683807373047,14.590887433762614,14.408687927935873,14.500406449521686,68535396,GOOGL
2012-07-10,14.419842720031738,14.685830116010441,14.346466202576067,14.630302476811146,76847076,GOOGL
2012-07-11,14.159306526184082,14.32440249188417,14.004375369916957,14.285979323290592,139832028,GOOGL
2012-07-12,14.141707420349121,14.177652683823238,13.93372651992342,14.05841643506697,92299608,GOOGL
2012-07-13,14.291435241699219,14.356630790394751,14.093865701712748,14.18310631874247,78960960,GOOGL
2012-07-16,14.251771926879883,14.357621046307033,14.17393460686953,14.287716246184136,58445496,GOOGL
2012-07-17,14.29664134979248,14.394310446403425,14.090147370968017,14.338782804610425,67136796,GOOGL
2012-07-18,14.396540641784668,14.469172745053283,14.28176708706636,14.302837340448725,61866072,GOOGL
2012-07-19,14.701447486877441,14.835805317154762,14.526437025133616,14.5299068532975,186801012,GOOGL
2012-07-20,15.141701698303223,15.19425452330987,14.828366697335149,15.09063580744291,258289452,GOOGL
2012-07-23,15.257965087890625,15.328365855097339,14.83010398355154,14.88538412115517,142325532,GOOGL
2012-07-24,15.061137199401855,15.317952645294561,14.981068534544274,15.245320540600256,80295624,GOOGL
2012-07-25,15.071549415588379,15.205162832591135,15.006601374889295,15.079729443288535,72847080,GOOGL
2012-07-26,15.204666137695312,15.291676348445922,15.122118618824468,15.245320656121592,67340592,GOOGL
2012-07-27,15.740111351013184,15.74110327022786,15.307293542141553,15.3417499816045,141846012,GOOGL
2012-07-30,15.674172401428223,15.929500910445311,15.6047626179396,15.76713129184997,87380532,GOOGL
2012-07-31,15.690781593322754,15.778286821235048,15.5730332194585,15.574025138720371,74549376,GOOGL
2012-08-01,15.68359375,15.852903034641336,15.651366764979917,15.798118860540242,73710216,GOOGL
2012-08-02,15.58617115020752,15.816215178948008,15.453798106016087,15.505854974219742,79028892,GOOGL
2012-08-03,15.89802074432373,15.957267615868055,15.769365023474982,15.865051233881468,75808116,GOOGL
2012-08-06,15.934954643249512,16.09757081565987,15.84571214841826,15.855380053868815,71224704,GOOGL
2012-08-07,15.878435134887695,15.970651503591935,15.777543724040664,15.909420802129736,79192728,GOOGL
2012-08-08,15.920328140258789,16.01056067054208,15.827865208744303,15.841498902335413,52835112,GOOGL
2012-08-09,15.923304557800293,16.02295560143593,15.902729318143997,15.976849304527516,42769188,GOOGL
2012-08-10,15.914627075195312,15.92057481149943,15.769114421743568,15.830095723189473,57326616,GOOGL
2012-08-13,16.361080169677734,16.364549052873016,16.030640704778072,16.048984597448552,130585284,GOOGL
2012-08-14,16.575504302978516,16.679370522739905,16.33604178569765,16.34223891890275,146321532,GOOGL
2012-08-15,16.547744750976562,16.714079235704972,16.462469916148798,16.61566572047236,96331572,GOOGL
2012-08-16,16.679866790771484,16.72374362581188,16.536337034602433,16.54699685905655,68639292,GOOGL
2012-08-17,16.785720825195312,16.78844907615142,16.650868897396727,16.71085829913311,87020892,GOOGL
2012-08-20,16.74605369567871,16.828602153868037,16.674660077093648,16.745061776506585,70253676,GOOGL
2012-08-21,16.59657859802246,16.807037425580567,16.414626586905513,16.68581921712142,88799112,GOOGL
2012-08-22,16.786705017089844,16.871484809712143,16.526914807931384,16.54377176348888,76291632,GOOGL
2012-08-23,16.77729034423828,16.868514797411088,16.633513063672773,16.714574595452618,71296632,GOOGL
2012-08-24,16.82265281677246,16.867769080234396,16.709863102802565,16.74754091703088,57006936,GOOGL
2012-08-27,16.589387893676758,16.658300772745896,16.341991904802708,16.43495079505551,104443452,GOOGL
2012-08-28,16.78844451904297,16.797615520806293,16.478332781419727,16.484777422337466,82261656,GOOGL
2012-08-29,17.055173873901367,17.07946928136074,16.761176582267243,16.79141783678118,119492388,GOOGL
2012-08-30,16.898258209228516,17.039804120083648,16.861075413259258,16.96171835917849,65010924,GOOGL
2012-08-31,16.982791900634766,17.069306156595655,16.857607907247544,16.955772019121408,84998916,GOOGL
2012-09-04,16.882394790649414,16.98055889291731,16.695485095040514,16.969404053056856,75508416,GOOGL
2012-09-05,16.87446403503418,17.017746313394873,16.83529739082276,16.856617044140737,68259672,GOOGL
2012-09-06,17.337526321411133,17.34967308264265,16.97386978570788,17.00436044253697,121618260,GOOGL
2012-09-07,17.50484848022461,17.656062300802578,17.2946371990503,17.352395233074198,129190680,GOOGL
2012-09-10,17.371484756469727,17.669944742068456,17.31248540235819,17.594339715837076,102297600,GOOGL
2012-09-11,17.158790588378906,17.36850873275052,17.12929185966897,17.301825319499482,74877048,GOOGL
2012-09-12,17.126317977905273,17.22621839930232,16.878427008854562,17.08987770504504,105586308,GOOGL
2012-09-13,17.50212287902832,17.575498446796594,17.117891178049973,17.18110382535719,106253640,GOOGL
2012-09-14,17.592357635498047,17.674656707537267,17.52617111164291,17.590373796896582,104635260,GOOGL
2012-09-17,17.59979248046875,17.671681116267404,17.47634293975945,17.55343678966689,60271668,GOOGL
2012-09-18,17.805543899536133,17.814962409038955,17.520468194857386,17.545256729396403,82589328,GOOGL
2012-09-19,18.03409767150879,18.060373138164344,17.7591867992682,17.78620667764895,123808068,GOOGL
2012-09-20,18.049470901489258,18.130283043534547,17.878426217598864,17.95899085214841,116179704,GOOGL
2012-09-21,18.19498062133789,18.21803471392237,18.09904597086506,18.150856274655553,254109636,GOOGL
2012-09-24,18.57648468017578,18.592844733743718,18.10226796171824,18.120859361084047,142409448,GOOGL
2012-09-25,18.571029663085938,18.96096347318384,18.53384686516786,18.66745931959726,242097660,GOOGL
2012-09-26,18.67762565612793,18.87048689379646,18.368755201357747,18.58813752794105,226689084,GOOGL
2012-09-27,18.75298500061035,18.910148477886988,18.632758709787176,18.838509229868784,157086756,GOOGL
2012-09-28,18.70340347290039,18.822392209952742,18.620361887411413,18.69472937572666,111228660,GOOGL
2012-10-01,18.883869171142578,18.963689375700316,18.745792139180924,18.816193835448836,126593280,GOOGL
2012-10-02,18.765127182006836,18.9882296231116,18.598545235178545,18.968646306274707,111496392,GOOGL
2012-10-03,18.901718139648438,18.936918991472904,18.646390571900795,18.73364923438059,88243668,GOOGL
2012-10-04,19.03929901123047,19.084912182681546,18.82487251627752,18.907915997546226,98069832,GOOGL
2012-10-05,19.029386520385742,19.19621792034508,18.96394251096568,19.105240960312894,109326564,GOOGL
2012-10-08,18.78620147705078,18.928489924726346,18.694729522386528,18.864534753383655,78265656,GOOGL
2012-10-09,18.445354461669922,18.872471201176946,18.406684717804318,18.831570110875358,120007872,GOOGL
2012-10-10,18.45700454711914,18.53062763665559,18.301575505604113,18.39007360691772,81514404,GOOGL
2012-10-11,18.6285400390625,18.80256044426295,18.59904130841384,18.66374088776007,95260644,GOOGL
2012-10-12,18.46170997619629,18.712576736703824,18.445597429436976,18.637714231984745,96071832,GOOGL
2012-10-15,18.368257522583008,18.43890673794091,18.113424954459877,18.392054138725943,120643236,GOOGL
2012-10-16,18.460472106933594,18.51724012062646,18.256210417246127,18.347187365769692,82245672,GOOGL
2012-10-17,18.727951049804688,18.74902130808429,18.350411395912545,18.44188337262961,91624284,GOOGL
2012-10-18,17.22844886779785,18.825366880678434,16.75745732148647,18.72918473314419,497198304,GOOGL
2012-10-19,16.900985717773438,17.518482795198622,16.658299940279196,17.490720394736954,458828712,GOOGL
2012-10-22,16.823646545410156,16.971389618125865,16.601286579837158,16.881652096460005,162061776,GOOGL
2012-10-23,16.86528968811035,17.038318176566197,16.658299777073225,16.65854728452013,116547336,GOOGL
2012-10-24,16.78968048095703,17.030134877445004,16.739359011950448,17.025177171705227,99760140,GOOGL
2012-10-25,16.801090240478516,16.906195915787645,16.695737057647086,16.856618836511867,95947956,GOOGL
2012-10-26,16.736387252807617,16.931725440103488,16.638470651687484,16.769851774545,77953968,GOOGL
2012-10-31,16.86405372619629,16.881405702222224,16.732670700402362,16.853146391963087,61418520,GOOGL
2012-11-01,17.04476547241211,17.1268170378991,16.824886246182956,16.844222059971155,81921996,GOOGL
2012-11-02,17.052947998046875,17.24208907905056,17.039312412663055,17.22324827851745,92883024,GOOGL
2012-11-05,16.92998695373535,17.02666410502762,16.746548062630062,16.968161665804384,65370564,GOOGL
2012-11-06,16.899253845214844,17.0177456928827,16.7958826266929,16.9924602524404,63248688,GOOGL
2012-11-07,16.53733253479004,16.81274036316262,16.52171500057909,16.73267074275058,89202708,GOOGL
2012-11-08,16.169708251953125,16.64565944547338,16.143430894168677,16.61368185843702,103776120,GOOGL
2012-11-09,16.435941696166992,16.567572202129316,16.120375370156292,16.228209263240643,124439436,GOOGL
2012-11-12,16.5070858001709,16.60376485315765,16.382396839806223,16.453788567305875,56179764,GOOGL
2012-11-13,16.3372802734375,16.549227884981082,16.316952544071064,16.435198751190534,63704232,GOOGL
2012-11-14,16.176151275634766,16.414871260301904,16.125332896165265,16.377191558410978,66669264,GOOGL
2012-11-15,16.045019149780273,16.360833008724427,15.961726274560846,16.112940110906806,73882044,GOOGL
2012-11-16,16.043033599853516,16.187802779780846,15.765891395063301,16.013534869626227,137390472,GOOGL
2012-11-19,16.564350128173828,16.58195149867882,16.25002509553502,16.25423839053568,94633272,GOOGL
2012-11-20,16.60797691345215,16.807033343966655,16.474115072627203,16.596574567518786,83464452,GOOGL
2012-11-21,16.506343841552734,16.603767320721715,16.37074941851495,16.583687095436478,84403512,GOOGL
2012-11-23,16.558399200439453,16.608722565246733,16.5120435122267,16.607978153542806,36863100,GOOGL
2012-11-26,16.38933753967285,16.534354222308167,16.336537213788514,16.520471133687323,88095816,GOOGL
2012-11-27,16.626327514648438,16.73267261858557,16.311257991366404,16.36505025683551,100247652,GOOGL
2012-11-28,16.947593688964844,16.978333744958288,16.45726617873973,16.55939609433442,121558320,GOOGL
2012-11-29,17.151363372802734,17.201187962112588,16.906196768068906,17.04947906888806,110948940,GOOGL
2012-11-30,17.31199073791504,17.33306099155362,16.997663817467032,17.13698028918045,126417456,GOOGL
2012-12-03,17.234647750854492,17.498403770406473,17.206386557871266,17.407923741607586,87612300,GOOGL
2012-12-04,17.130041122436523,17.241096413916203,16.997915574392746,17.228452748481573,79588332,GOOGL
2012-12-05,17.050466537475586,17.216058481866746,16.91437332691423,17.15780353661764,74421504,GOOGL
2012-12-06,17.132518768310547,17.24357405196085,16.9684156410588,17.044765085797714,58433508,GOOGL
2012-12-07,16.96097183227539,17.275051167493636,16.916599990078495,17.228446090573442,76695228,GOOGL
2012-12-10,16.990970611572266,17.145407701351672,16.950564548420534,16.990226199859848,54613332,GOOGL
2012-12-11,17.275054931640625,17.39999140498295,17.04798667952758,17.104505290415315,107396496,GOOGL
2012-12-12,17.29191017150879,17.43940572279629,17.190772200299556,17.33330815557689,96942960,GOOGL
2012-12-13,17.419328689575195,17.760675508348825,17.34124291479012,17.747041814070013,137658204,GOOGL
2012-12-14,17.400983810424805,17.54624801847225,17.31347764152687,17.331821534300918,85118796,GOOGL
2012-12-17,17.86751937866211,17.89577868947459,17.452052529044433,17.48874032053716,121294584,GOOGL
2012-12-18,17.87470245361328,18.0737607893827,17.72547246801753,17.763896581978088,120075804,GOOGL
2012-12-19,17.850906372070312,17.92254749890909,17.765879059682383,17.8657794917094,76667256,GOOGL
2012-12-20,17.906681060791016,17.963447174184918,17.77306672319397,17.928990738506283,66213720,GOOGL
2012-12-21,17.739850997924805,17.81892679475685,17.613178195530605,17.69870052233161,140898960,GOOGL
2012-12-24,17.587890625,17.728692118140557,17.53756915420165,17.71208455906879,33602364,GOOGL
2012-12-26,17.572275161743164,17.671680577918398,17.412137840952404,17.55244433574626,47248704,GOOGL
2012-12-27,17.508323669433594,17.57153632994516,17.317943165389963,17.5293939264807,65830104,GOOGL
2012-12-28,17.352643966674805,17.52368671650496,17.352643966674805,17.39428945366523,56023920,GOOGL
2012-12-31,17.53533935546875,17.61441703905287,17.25323944009001,17.352395456532363,79816104,GOOGL
2013-01-02,17.92874526977539,18.02170605936223,17.76266018769273,17.833804420282714,101550348,GOOGL
2013-01-03,17.939157485961914,18.143916084251337,17.866029415144265,17.970392552923737,92635272,GOOGL
2013-01-04,18.293642044067383,18.380403805203084,18.038561975092207,18.07971245433995,110429460,GOOGL
2013-01-07,18.213817596435547,18.328591142870295,18.110448286033527,18.231171457926703,66161772,GOOGL
2013-01-08,18.177875518798828,18.25224300826503,17.9579963154857,18.23340221141137,66976956,GOOGL
2013-01-09,18.297359466552734,18.303059695665247,18.06136582468077,18.152342766088058,80907012,GOOGL
2013-01-10,18.380651473999023,18.467910140218393,18.18283443014903,18.41411599625949,73354572,GOOGL
2013-01-11,18.34371566772461,18.404200069331843,18.25224370885126,18.39354213319757,51356592,GOOGL
2013-01-14,17.92874526977539,18.398501256844316,17.906435587172215,18.26959708973014,114441444,GOOGL
2013-01-15,17.97039031982422,18.220015759531655,17.652345128161187,17.831570756264572,156950892,GOOGL
2013-01-16,17.728944778442383,17.955765533974983,17.691265072920675,17.907673510490575,80855064,GOOGL
2013-01-17,17.633010864257812,17.83925638931049,17.625574303704067,17.791413760666707,88371540,GOOGL
2013-01-18,17.464195251464844,17.668953815462718,17.385365074801776,17.60921194200956,128942928,GOOGL
2013-01-22,17.423542022705078,17.484772727409815,17.241342510933393,17.467915767789485,151544304,GOOGL
2013-01-23,18.381149291992188,18.567069001012392,18.239603334646713,18.244561042404293,236127636,GOOGL
2013-01-24,18.696216583251953,18.761163674235974,18.35660422958543,18.374700614674737,135172692,GOOGL
2013-01-25,18.682832717895508,18.802068978957333,18.598052900335947,18.6109440728981,88946964,GOOGL
2013-01-28,18.609952926635742,18.73067612702384,18.539551213025167,18.635485875960345,65018916,GOOGL
2013-01-29,18.683080673217773,18.764142212256893,18.50608636229931,18.511291577198918,69814116,GOOGL
2013-01-30,18.68679428100586,18.863293532797172,18.663989588400433,18.68456293535822,69250680,GOOGL
2013-01-31,18.7329044342041,18.78074705947476,18.598050655723206,18.604497185911324,65302632,GOOGL
2013-02-01,19.22645378112793,19.251244202237565,18.79264502883178,18.795123882005765,149694156,GOOGL
2013-02-04,18.815452575683594,19.099288864628235,18.796861174059295,19.030374090822715,121498380,GOOGL
2013-02-05,18.982038497924805,19.115155970932484,18.826611340557033,18.867759936058256,74753172,GOOGL
2013-02-06,19.09185218811035,19.161014468977104,18.80256317885964,18.816693777630398,83040876,GOOGL
2013-02-07,19.18555450439453,19.30603018082288,18.976085723424067,19.080201345242628,113494392,GOOGL
2013-02-08,19.468647003173828,19.50087209851612,19.324622214662604,19.338752813165478,120683196,GOOGL
2013-02-11,19.395517349243164,19.4098954540446,19.180595857064727,19.295864424190995,86625288,GOOGL
2013-02-12,19.35287857055664,19.531359773200915,19.319909068448553,19.37890652820942,74285640,GOOGL
2013-02-13,19.406421661376953,19.468145476443517,19.334780545343587,19.338748221478145,47880072,GOOGL
2013-02-14,19.52937889099121,19.552183585098916,19.2802484717412,19.328833617472732,69342588,GOOGL
2013-02-15,19.65506362915039,19.66423463220864,19.51078942961782,19.51897040267967,109082808,GOOGL
2013-02-19,20.001115798950195,20.004834078991376,19.714305663375416,19.731907033732952,117154728,GOOGL
2013-02-20,19.644397735595703,20.053665429240272,19.627790176472022,19.962690391769915,110457432,GOOGL
2013-02-21,19.72049903869629,19.96640804695589,19.61365896771066,19.781729728031056,140115744,GOOGL
2013-02-22,19.824121475219727,19.862296194778274,19.677617841005944,19.812966635117093,82073844,GOOGL
2013-02-25,19.602508544921875,20.039788117648666,19.595566999523037,19.888326771187597,92063844,GOOGL
2013-02-26,19.586639404296875,19.73091166768335,19.44459659704969,19.70736256486972,88011900,GOOGL
2013-02-27,19.825857162475586,19.949059193267477,19.610935671114557,19.702407624230105,80962956,GOOGL
2013-02-28,19.861061096191406,20.004588990379514,19.856845911346426,19.85858224253089,90541368,GOOGL
2013-03-01,19.984758377075195,20.00830937647479,19.735875420885066,19.776778396095803,86928984,GOOGL
2013-03-04,20.364274978637695,20.39749387718958,19.955254773143178,19.962691332391284,110912976,GOOGL
2013-03-05,20.78817367553711,20.826595904757525,20.547717328742056,20.5484617405395,161602236,GOOGL
2013-03-06,20.609195709228516,20.92203382497933,20.545488040184306,20.84841074186163,114805080,GOOGL
2013-03-07,20.639436721801758,20.739087756559147,20.564572330295267,20.675627601554098,82025892,GOOGL
2013-03-08,20.61266326904297,20.69694616490015,20.452276559042293,20.686533848123965,116359524,GOOGL
2013-03-11,20.694469451904297,20.815440142373017,20.612168496419617,20.616878695731447,63724212,GOOGL
2013-03-12,20.5157413482666,20.621838931416324,20.41807224554482,20.592589591469018,80251668,GOOGL
2013-03-13,20.458724975585938,20.592091833190924,20.384357478529925,20.5229295507989,65586348,GOOGL
2013-03-14,20.365270614624023,20.50037002165811,20.262396303546492,20.50037002165811,65981952,GOOGL
2013-03-15,20.18579864501953,20.334533644583193,20.162000138191658,20.28991238896602,123864012,GOOGL
2013-03-18,20.0244197845459,20.147619933255267,19.86775133589576,19.955257506820267,73458468,GOOGL
2013-03-19,20.111923217773438,20.30850270972651,19.991200038208504,20.109939379371298,83844072,GOOGL
2013-03-20,20.195960998535156,20.265370789001693,20.114901351846914,20.248513828701658,58493448,GOOGL
2013-03-21,20.110437393188477,20.25074389957838,20.075485937354234,20.111181804972826,59044896,GOOGL
2013-03-22,20.086889266967773,20.209099393364035,20.07027981438905,20.19670512548593,59468472,GOOGL
2013-03-25,20.07027816772461,20.308006252106615,20.000373369005366,20.138945429127677,68411520,GOOGL
2013-03-26,20.139196395874023,20.178363041631055,20.024422819906707,20.16596877264089,47628324,GOOGL
2013-03-27,19.89725112915039,20.0048337410652,19.864279734890975,19.996902166192644,86441472,GOOGL
2013-03-28,19.687284469604492,19.964426680697027,19.66522229829231,19.930217750853885,91420488,GOOGL
2013-04-01,19.86081314086914,19.88708861120411,19.663986118677734,19.707615453615183,72219708,GOOGL
2013-04-02,20.154560089111328,20.198933829554978,19.930465709202426,19.943853784003743,81578340,GOOGL
2013-04-03,19.98500633239746,20.183320299936366,19.847923075299388,20.16497640436521,69470460,GOOGL
2013-04-04,19.709102630615234,19.9738506227076,19.615646825577898,19.936665928810225,97806096,GOOGL
2013-04-05,19.4111385345459,19.508807639606808,19.246289091947734,19.485753543967988,137218644,GOOGL
2013-04-08,19.207866668701172,19.324376572618053,19.04797682455902,19.30454385343057,113170716,GOOGL
2013-04-09,19.27727508544922,19.42848893074506,19.164732867030896,19.223977844752135,86205708,GOOGL
2013-04-10,19.587881088256836,19.64167333661033,19.236369499994293,19.407911054725737,79064856,GOOGL
2013-04-11,19.59308624267578,19.660264676051952,19.436170300253746,19.65481195474687,81066852,GOOGL
2013-04-12,19.584659576416016,19.63547796121023,19.40816029945869,19.632751600305372,65402532,GOOGL
2013-04-15,19.38336944580078,19.756941304907155,19.261654355823936,19.483022364969045,98025876,GOOGL
2013-04-16,19.66695785522461,19.732154343076612,19.432702436242423,19.498888953932845,69610320,GOOGL
2013-04-17,19.398988723754883,19.604242316617466,19.28842846294318,19.50285494686718,81398520,GOOGL
2013-04-18,18.986249923706055,19.479305564533473,18.87097946526221,19.4681488351922,132767100,GOOGL
2013-04-19,19.828092575073242,19.916588788786804,18.994929413047508,19.06681617278562,231895872,GOOGL
2013-04-22,19.83403968811035,19.929477436070908,19.211582955366293,19.846184558616766,115220664,GOOGL
2013-04-23,20.027143478393555,20.215540092137857,19.840233798630607,19.856098836294432,91600308,GOOGL
2013-04-24,20.164724349975586,20.27751405921296,20.029623072713278,20.03234943334161,73090836,GOOGL
2013-04-25,20.0568904876709,20.23958687995869,20.020450212191257,20.23413415869389,79608312,GOOGL
2013-04-26,19.866512298583984,20.02318075030495,19.74653352334991,20.019709977571726,99408492,GOOGL
2013-04-29,20.303794860839844,20.394025509923683,19.905680013583883,19.911877147595547,91939968,GOOGL
2013-04-30,20.44038200378418,20.51648393900555,20.2695829535592,20.30230495301547,92175732,GOOGL
2013-05-01,20.337751388549805,20.44409834905996,20.236859038784456,20.407905580293946,58141800,GOOGL
2013-05-02,20.565317153930664,20.687776664143716,20.303543064606764,20.32957291374979,80651268,GOOGL
2013-05-03,20.964670181274414,20.99144255366997,20.723720719084376,20.747517333786,100403496,GOOGL
2013-05-06,21.35708236694336,21.364518926945976,21.027634823473818,21.027634823473818,85566348,GOOGL
2013-05-07,21.24999237060547,21.41459238466548,21.087376194913244,21.39327462437623,78281640,GOOGL
2013-05-08,21.656538009643555,21.66273514350751,21.142905195786234,21.24429257304466,98633268,GOOGL
2013-05-09,21.603242874145508,21.8060176484215,21.522676347323205,21.587377832033813,87935976,GOOGL
2013-05-10,21.820148468017578,21.82783253696089,21.620100053022025,21.698185837472032,75832092,GOOGL
2013-05-13,21.753211975097656,21.875669589410794,21.650335789407055,21.78692400046547,57882060,GOOGL
2013-05-14,21.99044418334961,22.029858328654157,21.743545104680916,21.75246859867801,63108828,GOOGL
2013-05-15,22.70412254333496,22.71626930189247,22.161984878495986,22.198672661614616,159276564,GOOGL
2013-05-16,22.406158447265625,22.805512671582154,22.36005026446578,22.781217264164386,128255616,GOOGL
2013-05-17,22.537790298461914,22.644630393365322,22.323116300033764,22.558613045259865,111568320,GOOGL
2013-05-20,22.521677017211914,22.82088141980396,22.434170848395844,22.434170848395844,90817092,GOOGL
2013-05-21,22.483009338378906,22.599269848726976,22.25098333269416,22.509037303252878,79240680,GOOGL
2013-05-22,22.047956466674805,22.541014030221522,21.98499321003713,22.37368764059374,102321576,GOOGL
2013-05-23,21.883604049682617,22.061340853740756,21.6657067992955,21.740074287437903,90912996,GOOGL
2013-05-24,21.64885139465332,21.785192114259683,21.59158836799345,21.69694152985108,91780128,GOOGL
2013-05-28,21.84592628479004,22.115384463321167,21.824359125610044,21.901205473864795,90209700,GOOGL
2013-05-29,21.524658203125,21.764617651471777,21.425007156440586,21.708099034583896,80455464,GOOGL
2013-05-30,21.58538818359375,21.787170984171414,21.47755618350602,21.56456543951219,84743172,GOOGL
2013-05-31,21.596792221069336,21.74007447710885,21.505072759079802,21.51994776833397,78697224,GOOGL
2013-06-03,21.50779914855957,21.66496260549353,21.195208565635745,21.640918484063167,98928972,GOOGL
2013-06-04,21.296350479125977,21.581178688101602,21.17166150012492,21.51325583341431,74669256,GOOGL
2013-06-05,21.31122398376465,21.55291787796326,21.247516312599316,21.38088128144618,84187728,GOOGL
2013-06-06,21.43368148803711,21.475574487817816,21.001854650988495,21.42525300871443,103060836,GOOGL
2013-06-07,21.80774688720703,21.814440924457312,21.450536962101207,21.57696036445178,106877016,GOOGL
2013-06-10,22.06778907775879,22.087123001301816,21.81667479610333,21.866501262601595,93418488,GOOGL
2013-06-11,21.80973243713379,21.98796615250603,21.8025433844281,21.91285424966378,70233696,GOOGL
2013-06-12,21.61563491821289,21.96317887449971,21.557876875169576,21.949792687552968,88103808,GOOGL
2013-06-13,21.740074157714844,21.806013166395594,21.454998473308354,21.541265212487563,82713204,GOOGL
2013-06-14,21.69148826599121,21.930952684844815,21.66893107784912,21.816921649320246,89710200,GOOGL
2013-06-17,21.969375610351562,22.048203906988775,21.77180607506906,21.795355183196335,85766148,GOOGL
2013-06-18,22.325593948364258,22.3350143466884,22.02143184555435,22.028866516113013,86589324,GOOGL
2013-06-19,22.327077865600586,22.578936507421975,22.24824958526127,22.34418232899908,116519364,GOOGL
2013-06-20,21.931941986083984,22.335014495238408,21.896493627774102,22.161241586849478,134745120,GOOGL
2013-06-21,21.837493896484375,22.05935691424601,21.64265075504598,22.02118030974371,159132708,GOOGL
2013-06-24,21.561344146728516,21.723215901199627,21.39922299544865,21.61315255500809,120555324,GOOGL
2013-06-25,21.472352981567383,21.806508837301244,21.430458092671344,21.74651945255613,102025872,GOOGL
2013-06-26,21.65703010559082,21.764862109659752,21.580678781559676,21.659508958802295,73182744,GOOGL
2013-06-27,21.741811752319336,21.93070340604509,21.731399434326192,21.784696672262793,76982940,GOOGL
2013-06-28,21.82361602783203,21.860056310280598,21.67042022642295,21.688019709546733,93878028,GOOGL
2013-07-01,22.009780883789062,22.11389461585993,21.938387260819063,21.974332524454816,68923008,GOOGL
2013-07-02,21.871706008911133,22.087122528561036,21.746769528813168,22.067291701123896,75584340,GOOGL
2013-07-03,21.973833084106445,22.04175403139686,21.777253625405756,21.811959455353115,41838120,GOOGL
2013-07-05,22.14884376525879,22.196438875100924,21.996390531438696,22.062578927611522,68007924,GOOGL
2013-07-08,22.436403274536133,22.465652612000564,22.23784182039964,22.290642155312177,78701220,GOOGL
2013-07-09,22.44011878967285,22.631243659813105,22.260148758826652,22.5829041335024,79096824,GOOGL
2013-07-10,22.458711624145508,22.586374460263542,22.31964455119093,22.395746482194767,68267664,GOOGL
2013-07-11,22.81195831298828,22.82608702164681,22.52142989223113,22.632485169877512,103264632,GOOGL
2013-07-12,22.88037872314453,22.88037872314453,22.688014387313366,22.806011223364045,102625272,GOOGL
2013-07-15,22.92226791381836,23.00431946848002,22.715774902118937,22.912600008199778,78341580,GOOGL
2013-07-16,22.79633903503418,23.003574564658848,22.654793115602253,22.98275181978039,79240680,GOOGL
2013-07-17,22.770065307617188,22.97606333282776,22.714289212026603,22.830799110427368,60183756,GOOGL
2013-07-18,22.57497215270996,22.80600808566421,22.38930188098275,22.780970155441366,145234620,GOOGL
2013-07-19,22.225942611694336,22.383353586845114,21.705619550724418,21.97829910238063,294077628,GOOGL
2013-07-22,22.575468063354492,22.624302605611184,22.23585572396895,22.359802164218245,116011872,GOOGL
2013-07-23,22.404428482055664,22.63248869895496,22.299570321570407,22.575473172387568,81746172,GOOGL
2013-07-24,22.382110595703125,22.565549503252086,22.327573938308948,22.490191991380726,83056860,GOOGL
2013-07-25,22.00531578063965,22.232136509779227,21.965157226376363,22.158265930876098,119923956,GOOGL
2013-07-26,21.947067260742188,22.062088336766436,21.864021885145586,21.987720838271244,71036892,GOOGL
2013-07-29,21.870712280273438,22.18181591743552,21.836503350026526,21.935908765197233,75600324,GOOGL
2013-07-30,22.085142135620117,22.201402636906373,21.83601168027666,21.949793327958606,70153776,GOOGL
2013-07-31,22.006559371948242,22.223712237118633,21.967642126252628,22.136455456947715,86853060,GOOGL
2013-08-01,22.41483497619629,22.423015948018712,22.186277895051113,22.186277895051113,85450464,GOOGL
2013-08-02,22.47308921813965,22.48374904298532,22.33055137588389,22.39549846540354,68487444,GOOGL
2013-08-05,22.434173583984375,22.44706475666355,22.290396292684385,22.44384149115121,52335612,GOOGL
2013-08-06,22.225196838378906,22.55092607425172,22.204374094261677,22.426484624425285,60183756,GOOGL
2013-08-07,22.078447341918945,22.271801678633928,22.039773829458092,22.187269379986652,55112832,GOOGL
2013-08-08,22.128276824951172,22.207107022732966,21.945580383302527,22.198431034232286,59460480,GOOGL
2013-08-09,22.07249641418457,22.19916732221576,22.062331604727976,22.076212804556526,52895052,GOOGL
2013-08-12,21.951026916503906,21.987962203258558,21.855339791960994,21.985483350313544,55024920,GOOGL
2013-08-13,21.845428466796875,22.02515100703998,21.72024448028586,21.983753021492145,56735208,GOOGL
2013-08-14,21.561843872070312,21.82014722632043,21.49615236041882,21.774039036543815,83204712,GOOGL
2013-08-15,21.31023406982422,21.44062517080784,21.269083588329092,21.428725917710672,74693232,GOOGL
2013-08-16,21.242061614990234,21.37914485149021,21.232888723897858,21.350390530267784,66936996,GOOGL
2013-08-19,21.458715438842773,21.616126391070093,21.255445703788304,21.26189034404141,72363564,GOOGL
2013-08-20,21.45301628112793,21.618855720134963,21.406411194919027,21.52564743708701,49270680,GOOGL
2013-08-21,21.549942016601562,21.737843636662628,21.47978782106515,21.58266401472968,70221708,GOOGL
2013-08-22,21.658517837524414,21.684298289747435,21.57274800175188,21.633479907670292,34761204,GOOGL
2013-08-23,21.571758270263672,21.764865118748965,21.56035592178843,21.760651823454886,43040916,GOOGL
2013-08-26,21.477060317993164,21.688016018939337,21.468631839103733,21.566550320817203,42057900,GOOGL
2013-08-27,21.074485778808594,21.411122378805853,21.018711578128812,21.309239994068168,69294636,GOOGL
2013-08-28,21.034828186035156,21.20488096047116,21.015492370318494,21.07697059072151,53142804,GOOGL
2013-08-29,21.205371856689453,21.32807697647836,21.035814145314973,21.047711506764056,59080860,GOOGL
2013-08-30,20.99392318725586,21.270073524668984,20.960706171095076,21.213554906761374,74389536,GOOGL
2013-09-03,21.328081130981445,21.47210592732291,21.168686308557547,21.17885111990647,81822096,GOOGL
2013-09-04,21.606956481933594,21.65331217134986,21.198928167837934,21.327333521989488,81566352,GOOGL
2013-09-05,21.803537368774414,21.811468944626437,21.606462837474513,21.653315438231655,51600348,GOOGL
2013-09-06,21.804035186767578,21.908148932751402,21.659264083015387,21.87493002553994,62401536,GOOGL
2013-09-09,22.013994216918945,22.05613661412174,21.874432125272275,21.906904726963578,49334616,GOOGL
2013-09-10,22.02936553955078,22.111914007816598,21.913600055868027,22.06283195181858,51452496,GOOGL
2013-09-11,22.21578025817871,22.235116071617917,21.96516098465221,22.026144182852057,64359576,GOOGL
2013-09-12,22.1381893157959,22.258169983255613,22.062584283134957,22.24577382623621,43776180,GOOGL
2013-09-13,22.039283752441406,22.203139393636476,21.93442558892817,22.173890051678093,52962984,GOOGL
2013-09-16,22.006805419921875,22.235857522906024,21.935166177899553,22.216026695460123,53406540,GOOGL
2013-09-17,21.96590232849121,22.02242093728872,21.839229528904756,21.99812742014229,50325624,GOOGL
2013-09-18,22.392528533935547,22.408641083078717,21.890547431191422,21.971856478139873,77310612,GOOGL
2013-09-19,22.270313262939453,22.4587117858593,22.196195169817827,22.4587117858593,63852084,GOOGL
2013-09-20,22.387319564819336,22.41260500422144,22.201649280467223,22.27031465625671,173638188,GOOGL
2013-09-23,21.975570678710938,22.3496375701093,21.94334369703767,22.214785685841974,71024904,GOOGL
2013-09-24,21.983999252319336,22.06481138024716,21.849145478101423,21.9755707733451,59412528,GOOGL
2013-09-25,21.74577522277832,21.97680924942496,21.70536916056207,21.97680924942496,65894040,GOOGL
2013-09-26,21.769079208374023,21.88261334056282,21.690496531667087,21.77230058421037,50345604,GOOGL
2013-09-27,21.724956512451172,21.752968314081052,21.599028103545663,21.686035487658543,50301648,GOOGL
2013-09-30,21.71305274963379,21.83526285273002,21.524654245695494,21.54374254821055,68827104,GOOGL
2013-10-01,21.98796844482422,22.0045778978924,21.815684337501366,21.820642044798703,67324608,GOOGL
2013-10-02,22.01250457763672,22.046465998691637,21.76039841590976,21.882113503852956,59752188,GOOGL
2013-10-03,21.717512130737305,22.16396450372566,21.618603631154407,22.012750695595425,84595320,GOOGL
2013-10-04,21.624805450439453,21.75271579022982,21.56655050942385,21.690495061869758,54265680,GOOGL
2013-10-07,21.46095085144043,21.665461941182983,21.42054478208505,21.50334075942029,51692256,GOOGL
2013-10-08,21.161745071411133,21.46689910917155,21.111174194042437,21.45053905435815,77670252,GOOGL
2013-10-09,21.216033935546875,21.3843522532279,20.896751164922676,21.226446254389582,105945948,GOOGL
2013-10-10,21.52292251586914,21.5375481288935,21.323866052131304,21.413851076225253,90121788,GOOGL
2013-10-11,21.615880966186523,21.652816259193262,21.450041519479967,21.46813790478963,56299644,GOOGL
2013-10-14,21.718013763427734,21.72148453617449,21.452273868582175,21.483756441407,49694256,GOOGL
2013-10-15,21.864269256591797,21.954004883578712,21.665707808385402,21.70933713985991,63612324,GOOGL
2013-10-16,22.261390686035156,22.268827246399876,21.91384674055526,21.959954926312523,80223696,GOOGL
2013-10-17,22.03234100341797,22.23337942434244,21.95648468499593,22.136454740413814,170093736,GOOGL
2013-10-18,25.071983337402344,25.172380680389836,24.14462197160211,24.20857714605592,462193344,GOOGL
2013-10-21,24.87094497680664,25.260134414302275,24.777984193931534,25.073222818670626,144986868,GOOGL
2013-10-22,24.962663650512695,25.1113986424009,24.684778877044877,24.91308657946335,88255656,GOOGL
2013-10-23,25.567766189575195,25.650562158219376,24.80475548351111,24.81392837447381,106421472,GOOGL
2013-10-24,25.422500610351562,25.79483496935487,25.403909209958844,25.57916905668944,83600316,GOOGL
2013-10-25,25.16593360900879,25.503562131137567,25.055375236545107,25.503562131137567,81138780,GOOGL
2013-10-28,25.160972595214844,25.36994444258589,25.111146137230783,25.165930301333084,46301652,GOOGL
2013-10-29,25.687501907348633,25.704853883706413,25.12379695763152,25.26261465786401,64135800,GOOGL
2013-10-30,25.543224334716797,25.718981089472372,25.433657879124365,25.716997250973776,52911036,GOOGL
2013-10-31,25.547191619873047,25.818384227841523,25.383334119882285,25.50628864939937,65534400,GOOGL
2013-11-01,25.45943832397461,25.681548882200758,25.411346300045242,25.577187640990633,51280668,GOOGL
2013-11-04,25.436382293701172,25.59156190792734,25.335242436041753,25.569994751042877,45506448,GOOGL
2013-11-05,25.322599411010742,25.573711767169524,25.220962654102163,25.293595695813814,47208744,GOOGL
2013-11-06,25.353092193603516,25.45844724691785,25.170150158754215,25.423743297646343,36479484,GOOGL
2013-11-07,24.986215591430664,25.382346606660516,24.978529633631933,25.349624604911206,67116816,GOOGL
2013-11-08,25.186506271362305,25.247735077328475,24.999844096084324,25.006041228912693,51580368,GOOGL
2013-11-11,25.05165672302246,25.184031659141475,24.987454038235054,25.02488623831769,44459496,GOOGL
2013-11-12,25.081157684326172,25.22443806648794,24.913086876973598,24.980017813059582,48675276,GOOGL
2013-11-13,25.59404182434082,25.603462222824643,24.950269249734493,24.95646638311334,63112824,GOOGL
2013-11-14,25.662460327148438,25.774507524419086,25.541489635464107,25.629987725308926,46621332,GOOGL
2013-11-15,25.621061325073242,25.731126568868717,25.540496702969,25.65353581499439,51000948,GOOGL
2013-11-18,25.57123565673828,25.997360348053256,25.513972636119256,25.675349380877503,70317612,GOOGL
2013-11-19,25.41382598876953,25.65056215033123,25.36052875270624,25.57545024917571,45218736,GOOGL
2013-11-20,25.34218406677246,25.6161049295691,25.29384642465776,25.53157451570842,38509452,GOOGL
2013-11-21,25.633705139160156,25.73881078757377,25.433656763109788,25.458445296404534,43628328,GOOGL
2013-11-22,25.579662322998047,25.685759885770967,25.513475808502484,25.617589532954483,50117832,GOOGL
2013-11-25,25.927705764770508,26.10767582984386,25.657257541549125,25.710305387488027,64455480,GOOGL
2013-11-26,26.23707389831543,26.313672740024405,25.853586564180155,25.993893075554784,91360548,GOOGL
2013-11-27,26.35358238220215,26.474800581185292,26.27648852966142,26.32681000962833,44899056,GOOGL
2013-11-29,26.26632308959961,26.440591014619343,26.26285231703509,26.330032643696335,47664288,GOOGL
2013-12-02,26.139652252197266,26.433898968791432,26.047437766992555,26.363499150461834,54873072,GOOGL
2013-12-03,26.109407424926758,26.36176110436516,26.004301782077523,26.052144404551516,66976956,GOOGL
2013-12-04,26.231372833251953,26.37514822351047,26.028596196071835,26.062557622145093,47616336,GOOGL
2013-12-05,26.210546493530273,26.268057019624557,26.055614394552542,26.207073831913227,45302652,GOOGL
2013-12-06,26.521156311035156,26.52437957622044,26.278470515889083,26.519174361926503,57094848,GOOGL
2013-12-09,26.726163864135742,26.829535080122703,26.475297083240942,26.548922056639462,59244696,GOOGL
2013-12-10,26.88779067993164,27.077426759771832,26.664438790140782,26.676834947556657,74081844,GOOGL
2013-12-11,26.705097198486328,27.052888711392296,26.652544362560906,26.955714616216447,68403528,GOOGL
2013-12-12,26.523387908935547,26.845151398266424,26.499591293815804,26.761611014452647,63796140,GOOGL
2013-12-13,26.29606819152832,26.68029989105507,26.22418144747898,26.65823960868753,86409504,GOOGL
2013-12-16,26.598249435424805,26.640639339127596,26.326312421699427,26.375643870517393,64015920,GOOGL
2013-12-17,26.520906448364258,26.791107114528657,26.484218665357496,26.594282014377786,61366572,GOOGL
2013-12-18,26.890016555786133,26.894974261995877,26.25268679606941,26.57023505840873,88323588,GOOGL
2013-12-19,26.926462173461914,27.069495048988813,26.74946598066682,26.79135898432657,66561372,GOOGL
2013-12-20,27.283422470092773,27.29705616378636,26.970582480058123,26.97802092962459,130333536,GOOGL
2013-12-23,27.64236831665039,27.659720290166764,27.394974216886247,27.462400161886116,68795136,GOOGL
2013-12-24,27.561553955078125,27.64583685184943,27.46884257969271,27.639142814698616,29338632,GOOGL
2013-12-26,27.70087242126465,27.739047143153815,27.48347205629672,27.615350085886615,53458488,GOOGL
2013-12-27,27.724172592163086,27.77077579144801,27.588823796769677,27.763836135607033,62725212,GOOGL
2013-12-30,27.50255584716797,27.77622918362292,27.49165040427214,27.77226339626354,49394556,GOOGL
2013-12-31,27.78143882751465,27.788627881020414,27.423235025910436,27.571475009632415,54261684,GOOGL
2014-01-02,27.593286514282227,27.708060070983592,27.472810839054436,27.651292061293415,72783144,GOOGL
2014-01-03,27.392000198364258,27.687733846784507,27.390265756650475,27.63989121816098,66601332,GOOGL
2014-01-06,27.697397232055664,27.73557194785777,27.427691589589205,27.590557151423273,70701228,GOOGL
2014-01-07,28.23135757446289,28.25193281233844,27.79258920973945,27.887779442489297,102001896,GOOGL
2014-01-08,28.29010772705078,28.44107404875779,28.0932826195601,28.408352051765892,89610300,GOOGL
2014-01-09,28.01767921447754,28.36423126044158,27.901666221061646,28.344895446643914,83296620,GOOGL
2014-01-10,28.016189575195312,28.23681319205755,27.819610080145758,28.23681319205755,85654260,GOOGL
2014-01-13,27.83770751953125,28.430909201975332,27.693680853588504,27.924219876960773,96659244,GOOGL
2014-01-14,28.492637634277344,28.53230117994961,27.964381101685966,28.208801348884464,99204696,GOOGL
2014-01-15,28.473297119140625,28.6314524820168,28.3535658688321,28.581626023019208,77929992,GOOGL
2014-01-16,28.661699295043945,28.704087310772927,28.457932630976412,28.485200018674234,67288644,GOOGL
2014-01-17,28.520648956298828,28.77101882561622,28.363734886067697,28.67731551905624,107943948,GOOGL
2014-01-21,28.84712028503418,28.85455684485632,28.539734921573004,28.77845302635131,79116804,GOOGL
2014-01-22,28.87984275817871,28.950986981939106,28.727141993113275,28.919256903760058,62793144,GOOGL
2014-01-23,28.75788116455078,28.817126138737354,28.615838330116794,28.755402311148583,77886036,GOOGL
2014-01-24,27.858779907226562,28.595513297160124,27.83820466765808,28.5325481517185,155544300,GOOGL
2014-01-27,27.298542022705078,27.924964500498252,26.82854047845304,27.915049087293472,173969856,GOOGL
2014-01-28,27.838451385498047,27.906374235957745,27.514456554750332,27.52387695342605,88319592,GOOGL
2014-01-29,27.439594268798828,27.80721654450132,27.253676483412924,27.74202194375615,95100804,GOOGL
2014-01-30,28.145339965820312,28.569235235373764,27.94355714152593,28.38356495825288,203452344,GOOGL
2014-01-31,29.275230407714844,29.413305565531388,28.535521279199337,29.036757908135087,222429348,GOOGL
2014-02-03,28.09675407409668,29.293821073196344,28.06155322296466,29.231352835260754,182581236,GOOGL
2014-02-04,28.214008331298828,28.631457086806567,28.185501515954353,28.209793146712833,112363524,GOOGL
2014-02-05,28.338943481445312,28.526597595546487,27.962645223382317,28.34340617329806,95684220,GOOGL
2014-02-06,28.75440788269043,28.759365589062202,28.44677313334698,28.535518722519406,77786136,GOOGL
2014-02-07,29.187725067138672,29.199127415265576,28.76928439737669,28.944544250665796,105342552,GOOGL
2014-02-10,29.075925827026367,29.31067815219859,28.978999259942047,29.047912138985993,77730192,GOOGL
2014-02-11,29.503538131713867,29.54543113223229,29.058077593300926,29.255399615045537,81949968,GOOGL
2014-02-12,29.417024612426758,29.49907617386569,29.285394092165895,29.474287639139735,68911020,GOOGL
2014-02-13,29.74448585510254,29.74448585510254,29.24275238249922,29.26977225925478,73382544,GOOGL
2014-02-14,29.816375732421875,29.85579176823643,29.56848472738992,29.63814201856099,87380532,GOOGL
2014-02-18,30.016672134399414,30.06600358453766,29.746966459340648,29.781919803942625,84271644,GOOGL
2014-02-19,29.804973602294922,29.975523249829774,29.684992941735192,29.878349174055273,84059856,GOOGL
2014-02-20,29.848854064941406,29.917766953223605,29.752424389223172,29.824808050542998,67963968,GOOGL
2014-02-21,29.840919494628906,29.99163832778415,29.817370385462194,29.940572432200238,74417508,GOOGL
2014-02-24,30.057077407836914,30.246713455654348,29.873389096180976,29.879833736602468,66905028,GOOGL
2014-02-25,30.24275016784668,30.35430046001079,30.005269588707044,30.142105319126472,57490452,GOOGL
2014-02-26,30.24696159362793,30.462875001262077,30.088063699935013,30.341904317923277,79208712,GOOGL
2014-02-27,30.223169326782227,30.3476108004301,30.16863265824029,30.20284159365066,50349600,GOOGL
2014-02-28,30.134918212890625,30.346616449875114,29.901155913401073,30.251178704600385,92451456,GOOGL
2014-03-03,29.813648223876953,29.941312946217128,29.552121646012118,29.91429306765879,84107808,GOOGL
2014-03-04,30.116573333740234,30.143593214485954,29.982465849275428,30.118804679741263,58649292,GOOGL
2014-03-05,30.199615478515625,30.31910112306123,30.02981024428638,30.120042774009328,49362588,GOOGL
2014-03-06,30.233083724975586,30.395204901496804,30.20804579297401,30.29927024745877,50673276,GOOGL
2014-03-07,30.113597869873047,30.416025535215503,30.03055439350802,30.411315335989556,60543396,GOOGL
2014-03-10,30.033777236938477,30.184246655746257,29.848352585617352,30.135907126863824,48535416,GOOGL
2014-03-11,29.746721267700195,30.101949302490123,29.663677782570783,30.08831560766397,68451480,GOOGL
2014-03-12,29.92793083190918,29.94156452676971,29.355053025318806,29.657728230829065,78493428,GOOGL
2014-03-13,29.47577476501465,30.00725455645923,29.369182175629902,29.944041903126983,93730176,GOOGL
2014-03-14,29.07270050048828,29.520641769102696,29.06600835221474,29.30051316853751,91664244,GOOGL
2014-03-17,29.55113410949707,29.674336150591312,29.2043326825094,29.23259387945897,86397516,GOOGL
2014-03-18,30.026092529296875,30.032786567129797,29.574929872191753,29.6148409236122,72527400,GOOGL
2014-03-19,29.728376388549805,30.044190262690375,29.608397610809206,30.039480063123317,64451484,GOOGL
2014-03-20,29.67656898498535,29.98519381657032,29.63194773068446,29.745729378502062,67320612,GOOGL
2014-03-21,29.32654571533203,29.985688372242446,29.311920101399167,29.903389300119787,128211660,GOOGL
2014-03-24,28.70408821105957,29.372651249892673,28.407115137323643,29.35505176788244,121362516,GOOGL
2014-03-25,28.72367286682129,28.999326283601473,28.433144439929105,28.904136043608744,96311592,GOOGL
2014-03-26,28.060564041137695,29.04221462363803,28.048914185024028,28.805229041057217,103096800,GOOGL
2014-03-27,27.622047424316406,28.059822075019408,27.32011471780187,28.032802190685498,152735112,GOOGL
2014-03-28,27.767553329467773,28.090803732879724,27.708553976222706,27.73904462734734,90265644,GOOGL
2014-03-31,27.627742767333984,28.135671535950635,27.586592289976235,28.021642391782944,77614308,GOOGL
2014-04-01,28.13294792175293,28.19764561868129,27.714257861524125,27.77052896825009,87152760,GOOGL
2014-04-02,28.138151168823242,28.37860560387008,27.862990898663018,28.306716969745782,83360556,GOOGL
2014-04-03,28.30565071105957,29.137732960633013,28.033738273986483,28.39925953902837,80366000,GOOGL
2014-04-04,27.005521774291992,28.712775200066204,26.96787986019,28.654826339582232,107274000,GOOGL
2014-04-07,26.776702880859375,27.23335796620832,26.276463806016025,26.98274246913508,79232000,GOOGL
2014-04-08,27.612743377685547,27.730126146823444,26.978281650716696,26.995616618957108,69650000,GOOGL
2014-04-09,28.084753036499023,28.12239495390018,27.50724821931096,28.025319126159804,60632000,GOOGL
2014-04-10,27.076847076416016,28.142705018633272,27.01790817447522,28.13230403593784,65890000,GOOGL
2014-04-11,26.63455581665039,27.121421924348706,26.41861026340409,26.643469864685876,63494000,GOOGL
2014-04-14,27.003049850463867,27.390363169917663,26.771254365264795,26.92677597825978,50824000,GOOGL
2014-04-15,27.176393508911133,27.383919988564603,26.281905428035458,27.290309276878308,79956000,GOOGL
2014-04-16,27.929231643676758,27.934185571372023,27.394322704147758,27.62215425451437,91644000,GOOGL
2014-04-17,26.910924911499023,27.587487543798385,26.715781325750676,27.553807633263943,112294000,GOOGL
2014-04-21,26.714296340942383,26.943614852694107,26.448327828853184,26.943614852694107,48502000,GOOGL
2014-04-22,27.01790428161621,27.141726026160164,26.54738127447522,26.54738127447522,46622000,GOOGL
2014-04-23,26.622175216674805,26.983239538615372,26.157596077748217,26.92727261321638,39114000,GOOGL
2014-04-24,26.47011947631836,26.869320691384967,26.299739865681328,26.829201808151065,41348000,GOOGL
2014-04-25,25.908462524414062,26.44139141906227,25.878744625532157,26.362145578080412,47400000,GOOGL
2014-04-28,25.90251922607422,26.04714293678154,25.3091644887408,26.04219089819345,75056000,GOOGL
2014-04-29,26.56372833251953,26.634555146912003,25.90351064725059,25.94759153946898,50704000,GOOGL
2014-04-30,26.49190902709961,26.564220879619434,26.205138580902247,26.503796942237035,40770000,GOOGL
2014-05-01,26.672691345214844,26.74104119360976,26.39186294887399,26.460707812203655,40086000,GOOGL
2014-05-02,26.44188690185547,26.86436701938797,26.412169002447715,26.816819136083527,35616000,GOOGL
2014-05-05,26.514198303222656,26.533513331542956,26.13035013892557,26.262095900910765,24568000,GOOGL
2014-05-06,25.882213592529297,26.475568359997173,25.866860571693554,26.41910453675374,36700000,GOOGL
2014-05-07,25.655866622924805,25.974336939762928,25.313624252820716,25.91589305773495,61486000,GOOGL
2014-05-08,25.763343811035156,26.118961036517533,25.480535348708603,25.542941240525003,49040000,GOOGL
2014-05-09,26.082801818847656,26.118958689703994,25.471619012296827,25.688059554424107,45224000,GOOGL
2014-05-12,26.667734146118164,26.683584068935904,26.126881272625656,26.341339854005543,38968000,GOOGL
2014-05-13,26.8217716217041,26.943116406577683,26.6414879413205,26.72469579380524,40240000,GOOGL
2014-05-14,26.46863555908203,26.835641924458972,26.40424771505954,26.835641924458972,25618000,GOOGL
2014-05-15,26.206623077392578,26.448324489975583,26.01791848817722,26.405728647450676,36658000,GOOGL
2014-05-16,26.166013717651367,26.291815530262593,25.931741283512103,26.23039966878325,38154000,GOOGL
2014-05-19,26.687549591064453,26.713305482863163,26.03525782520021,26.194739546644527,39530000,GOOGL
2014-05-20,26.764814376831055,27.06000386601593,26.57561476177518,26.745497458703937,48506000,GOOGL
2014-05-21,27.225927352905273,27.228402427591472,26.850003184841466,26.889132037323282,31294000,GOOGL
2014-05-22,27.510711669921875,27.635030306878143,27.290309136821122,27.34974492887526,42994000,GOOGL
2014-05-23,27.92428207397461,27.98371598598319,27.447320064978033,27.643453675039336,53450000,GOOGL
2014-05-27,28.472566604614258,28.472566604614258,27.941619578515066,28.121408265038873,43716000,GOOGL
2014-05-28,28.253644943237305,28.61074718930742,28.22888097204464,28.457704449203025,31632000,GOOGL
2014-05-29,28.259096145629883,28.40371986505356,28.15459130973039,28.399262841118667,28222000,GOOGL
2014-05-30,28.313081741333008,28.359142691590794,28.022842396169118,28.312586726403456,37434000,GOOGL
2014-06-02,27.951025009155273,28.25166533008268,27.572625779666584,28.21897545167061,33210000,GOOGL
2014-06-03,27.464157104492188,27.85493923831598,27.366089365186255,27.78064543916392,40626000,GOOGL
2014-06-04,27.427017211914062,27.665746704216414,27.169467702257105,27.316073389098843,34582000,GOOGL
2014-06-05,27.980243682861328,27.983710676148725,27.490900725123232,27.592928574993945,35868000,GOOGL
2014-06-06,28.034730911254883,28.171925624471903,27.715270563458677,28.14022766397335,34804000,GOOGL
2014-06-09,28.267515182495117,28.330416085820026,27.994610812734916,28.070389661423953,30594000,GOOGL
2014-06-10,28.14716339111328,28.330419066896262,28.039684682623076,28.170935445928592,29676000,GOOGL
2014-06-11,28.107534408569336,28.180341272795033,27.91833480881075,28.029278601916577,22580000,GOOGL
2014-06-12,27.711307525634766,28.082772768902338,27.594914780445073,28.082772768902338,30930000,GOOGL
2014-06-13,27.753408432006836,27.768266438191453,27.4250340254844,27.740035470692657,27066000,GOOGL
2014-06-16,27.35470199584961,27.636520432261683,27.24078620752437,27.599868542693716,39436000,GOOGL
2014-06-17,27.2714900970459,27.426019761027845,27.115475388426045,27.357669920288735,29552000,GOOGL
2014-06-18,27.768760681152344,27.805410678144526,27.31903963599006,27.379463574221163,41212000,GOOGL
2014-06-19,27.98322296142578,27.983717976400314,27.571143778200078,27.793033295848584,52548000,GOOGL
2014-06-20,28.058998107910156,28.071379148746455,27.704867842830048,28.055531114176812,63212000,GOOGL
2014-06-23,28.443838119506836,28.451267122357375,27.90942225676878,27.9515230885385,34456000,GOOGL
2014-06-24,28.357160568237305,28.838082652258297,28.189752955103547,28.440368415225745,56886000,GOOGL
2014-06-25,29.020349502563477,29.088204333255973,28.392821740496256,28.407184730498045,42294000,GOOGL
2014-06-26,28.962900161743164,29.202122753631436,28.706835725017456,29.18726474737144,40248000,GOOGL
2014-06-27,29.00846290588379,29.11692974050533,28.85641019782978,28.996574990688632,40426000,GOOGL
2014-06-30,28.957944869995117,29.108512542823547,28.889595021425105,29.06145967272217,29578000,GOOGL
2014-07-01,29.295730590820312,29.403209293155665,29.038183007405397,29.105540937598374,32864000,GOOGL
2014-07-02,29.26056671142578,29.427479332269513,29.1778538681298,29.333870491730902,23916000,GOOGL
2014-07-03,29.374481201171875,29.43243006828376,29.172405522743237,29.306131352238367,17978000,GOOGL
2014-07-07,29.25957489013672,29.501769446929796,29.11990321563577,29.39577957075591,26734000,GOOGL
2014-07-08,28.64739990234375,29.121389919912907,28.429474304443307,29.042144076188208,42504000,GOOGL
2014-07-09,28.8930606842041,28.929712570850572,28.57805926674136,28.674640077174598,27456000,GOOGL
2014-07-10,28.728628158569336,28.986672642106004,28.335369023160208,28.379944929060034,28724000,GOOGL
2014-07-11,29.056011199951172,29.134267011529435,28.75537088391369,28.77617284643033,30232000,GOOGL
2014-07-14,29.432926177978516,29.462644079732787,29.057993914145932,29.251652456450653,39032000,GOOGL
2014-07-15,29.373493194580078,29.48443700831933,28.98964498124743,29.477008004987876,33476000,GOOGL
2014-07-16,29.252639770507812,29.56863310582171,29.234314771947535,29.56318416305979,28816000,GOOGL
2014-07-17,28.767261505126953,29.19717066027799,28.570632872547666,29.170919752522163,58706000,GOOGL
2014-07-18,29.970312118530273,30.049061057802277,29.26749861859702,29.866300413735093,97432000,GOOGL
2014-07-21,29.639955520629883,29.923258983759407,29.442334983706616,29.7840823267995,44758000,GOOGL
2014-07-22,29.894033432006836,30.157526827939527,29.680564879178025,29.702358759345838,37632000,GOOGL
2014-07-23,29.974275588989258,30.06639938258826,29.784084043657117,29.8187558731929,22120000,GOOGL
2014-07-24,29.866300582885742,30.158519986952093,29.76674779059492,29.991114251472865,27100000,GOOGL
2014-07-25,29.62212562561035,29.766749345729767,29.50672479210927,29.680074494522934,27200000,GOOGL
2014-07-28,29.668682098388672,29.771701885122805,29.350211786388552,29.60578119350013,27162000,GOOGL
2014-07-29,29.417572021484375,29.64243161236623,29.329410238908274,29.60330464919773,27332000,GOOGL
2014-07-30,29.49136734008789,29.6404499606856,29.355659568946635,29.509694228027943,24302000,GOOGL
2014-07-31,28.70435905456543,29.32049582695627,28.611740249328584,29.170423170340484,46190000,GOOGL
2014-08-01,28.4096622467041,28.89652831833518,28.246216631967382,28.654828779439242,44266000,GOOGL
2014-08-04,28.839073181152344,28.91584205208443,28.343291227376863,28.553787798537886,30388000,GOOGL
2014-08-05,28.386878967285156,28.73655222728402,28.246712276450488,28.695938330156732,32876000,GOOGL
2014-08-06,28.4537410736084,28.659283725066086,28.105057876534097,28.20659260972712,26456000,GOOGL
2014-08-07,28.321008682250977,28.642946020466308,28.203130878271644,28.531010285624898,23260000,GOOGL
2014-08-08,28.624616622924805,28.70485438764591,28.182821459501405,28.331407183598646,29866000,GOOGL
2014-08-11,28.59044075012207,28.71129240813201,28.493859938194234,28.67711748489263,24068000,GOOGL
2014-08-12,28.336362838745117,28.523580522431516,28.2269040710926,28.47900461354855,27890000,GOOGL
2014-08-13,28.952495574951172,29.03025448002571,28.488906565780585,28.550817436649535,37988000,GOOGL
2014-08-14,28.95695686340332,29.112971600798982,28.77221425338155,29.05799470914002,25458000,GOOGL
2014-08-15,28.910398483276367,29.195683918916057,28.76428971603978,29.098113069104443,34468000,GOOGL
2014-08-18,29.35565948486328,29.472052227278247,29.05105716132262,29.0782980963291,29320000,GOOGL
2014-08-19,29.57408332824707,29.608753269438296,29.441842536756262,29.498799487554667,20864000,GOOGL
2014-08-20,29.489883422851562,29.568139237347573,29.37051869670138,29.566157288256424,19346000,GOOGL
2014-08-21,29.34178924560547,29.481955918470724,29.276411384509096,29.464620951110692,22640000,GOOGL
2014-08-22,29.347736358642578,29.46908114321132,29.212026694399626,29.383891341865738,17544000,GOOGL
2014-08-25,29.250164031982422,29.498302547472804,29.18528117788177,29.45818555492398,25912000,GOOGL
2014-08-26,29.128814697265625,29.3234632291732,29.095629808314374,29.320986265530802,29434000,GOOGL
2014-08-27,28.875232696533203,29.190731040088462,28.771222876472137,29.113465252778795,27292000,GOOGL
2014-08-28,28.74249839782715,28.9599290014324,28.621646727012624,28.72763850177693,28116000,GOOGL
2014-08-29,28.843534469604492,28.870280391479294,28.63947684031342,28.84303945466163,24122000,GOOGL
2014-09-02,29.15407943725586,29.187264332759863,28.84551696804404,28.872756016010406,31660000,GOOGL
2014-09-03,29.198156356811523,29.444314789248896,29.048580618660306,29.307615106215348,31580000,GOOGL
2014-09-04,29.377452850341797,29.618162363722483,29.25165104001747,29.32742989091991,32616000,GOOGL
2014-09-05,29.60726547241211,29.642925440216867,29.397758910476828,29.476014723049964,35982000,GOOGL
2014-09-08,29.79795265197754,29.891563381781328,29.61915400417041,29.674627798982687,31984000,GOOGL
2014-09-09,29.31950569152832,29.746939774928027,29.24570878543009,29.730594834334163,31424000,GOOGL
2014-09-10,29.391319274902344,29.40617916896077,29.08027987003742,29.308111425654648,23202000,GOOGL
2014-09-11,29.276906967163086,29.318510889634013,29.025796498323704,29.22193008541654,30028000,GOOGL
2014-09-12,28.969335556030273,29.29523295979002,28.889097797650837,29.241247995342068,37030000,GOOGL
2014-09-15,28.80787467956543,28.920798547082832,28.578556171798905,28.83759069128263,30908000,GOOGL
2014-09-16,29.161508560180664,29.229363396324537,28.773700241496606,28.773700241496606,31592000,GOOGL
2014-09-17,29.38488006591797,29.52256978374223,29.07928960622847,29.197662406617155,34390000,GOOGL
2014-09-18,29.582006454467773,29.596369444557993,29.371507973550667,29.47205268292205,29890000,GOOGL
2014-09-19,29.984676361083984,29.984676361083984,29.606277111607376,29.691961931522762,83832000,GOOGL
2014-09-22,29.582006454467773,29.90542879643623,29.376461901466556,29.84104095911912,35644000,GOOGL
2014-09-23,29.28037452697754,29.55129693252925,29.23381667605312,29.46957413065096,28074000,GOOGL
2014-09-24,29.638965606689453,29.722670368244938,29.23679240736973,29.29969520461747,35160000,GOOGL
2014-09-25,28.986675262451172,29.621632109743057,28.961414383556743,29.56814215144985,33420000,GOOGL
2014-09-26,29.117921829223633,29.200634663687044,28.974288152455003,29.02034910067976,25782000,GOOGL
2014-09-29,29.113466262817383,29.187760073649933,28.80440877096661,28.817284828156573,22874000,GOOGL
2014-09-30,29.143184661865234,29.271463446577876,28.9495280026786,29.097618722533696,31430000,GOOGL
2014-10-01,28.708322525024414,29.158538628423784,28.628579772064462,29.063442854316307,28954000,GOOGL
2014-10-02,28.770233154296875,28.887120921721426,28.43195089395147,28.62758949437028,30726000,GOOGL
2014-10-03,29.03620147705078,29.1372393184825,28.89999679113323,28.92971469243434,24290000,GOOGL
2014-10-06,29.111976623535156,29.34080008886572,28.994098841979607,29.219453424365213,25722000,GOOGL
2014-10-07,28.43442726135254,29.01638912212842,28.43442726135254,28.969338140796417,30914000,GOOGL
2014-10-08,28.911884307861328,28.958937178595345,28.114471916316482,28.468602205438263,44158000,GOOGL
2014-10-09,28.27147674560547,28.851951635240212,28.18331496786052,28.806385701635246,48234000,GOOGL
2014-10-10,27.497838973999023,28.490393016475586,27.488923037291,28.106051716845045,59574000,GOOGL
2014-10-13,26.98076057434082,27.779659940172763,26.964912537900005,27.49486951613443,55116000,GOOGL
2014-10-14,27.175907135009766,27.66822224643486,26.96838247874061,27.247723989918327,52198000,GOOGL
2014-10-15,26.781658172607422,26.939652976622654,26.171958409913962,26.848521094522386,76720000,GOOGL
2014-10-16,26.59295082092285,26.794531485369173,26.000091075537835,26.101625819542498,76100000,GOOGL
2014-10-17,25.902023315429688,26.91637120436078,25.676171820476437,26.767783600677404,119930000,GOOGL
2014-10-20,26.368087768554688,26.40672160409116,25.712329045436135,25.777210007501985,54964000,GOOGL
2014-10-21,26.64792823791504,26.68457823797595,26.260118032610254,26.610286318582453,49190000,GOOGL
2014-10-22,26.87872886657715,27.27842505529788,26.756887184619114,26.797501078605126,59474000,GOOGL
2014-10-23,27.42156410217285,27.60729671712036,27.017904009823557,27.155593727911473,43026000,GOOGL
2014-10-24,27.186302185058594,27.48842754688207,27.00106458141214,27.487437517054946,43508000,GOOGL
2014-10-27,27.23484230041504,27.43890182349976,27.102106496789304,27.129842449151102,31934000,GOOGL
2014-10-28,27.68357276916504,27.69644882579582,27.26208266007079,27.32548047081852,34774000,GOOGL
2014-10-29,27.6593017578125,27.98222907752284,27.536965058627835,27.778169573912947,41066000,GOOGL
2014-10-30,27.74944496154785,27.859893750942152,27.34628175163813,27.649397153809026,32250000,GOOGL
2014-10-31,28.125864028930664,28.168459877477783,27.974306318260634,28.147162897889263,46810000,GOOGL
2014-11-03,27.922794342041016,28.090201965878887,27.816802577584372,27.91090831572688,30834000,GOOGL
2014-11-04,27.9435977935791,27.97331569500233,27.6518752800341,27.793527020348407,27726000,GOOGL
2014-11-05,27.53548240661621,28.077820407269705,27.446330592109057,28.072373353456623,32906000,GOOGL
2014-11-06,27.324485778808594,27.577578202433823,27.269508895782476,27.51319036833364,33014000,GOOGL
2014-11-07,27.3309268951416,27.51814645467454,27.20859207906145,27.51814645467454,31782000,GOOGL
2014-11-10,27.64841079711914,27.767278634867917,27.32102450488796,27.359658347058016,26090000,GOOGL
2014-11-11,27.799964904785156,27.85989383086624,27.549844440035564,27.662770193777497,21966000,GOOGL
2014-11-12,27.649398803710938,27.797984534708412,27.513194114830704,27.79303249573553,21882000,GOOGL
2014-11-13,27.559749603271484,27.776685167541668,27.443356859027933,27.77619015262394,30220000,GOOGL
2014-11-14,27.497838973999023,27.637013741913098,27.36510128944249,27.637013741913098,28502000,GOOGL
2014-11-17,27.07436752319336,27.497837653779317,26.965403785719836,27.497837653779317,33612000,GOOGL
2014-11-18,26.9688720703125,27.378969260793802,26.93370711714746,27.138259752781092,36440000,GOOGL
2014-11-19,27.10210609436035,27.15262407005776,26.705379955494667,26.980759415209263,30346000,GOOGL
2014-11-20,26.931726455688477,27.01196233240546,26.81979261811528,26.849013614872877,35016000,GOOGL
2014-11-21,27.037221908569336,27.29229440672219,26.993141018711224,27.29229440672219,50120000,GOOGL
2014-11-24,27.1159725189209,27.29972319007625,26.95104186149624,27.070901599580907,33076000,GOOGL
2014-11-25,27.202648162841797,27.364606846146287,27.087742349301017,27.102600354754834,38072000,GOOGL
2014-11-26,27.128353118896484,27.234839894986163,27.004531374111735,27.202646921515285,29604000,GOOGL
2014-11-28,27.19521713256836,27.22097113272621,26.9673855822027,27.092197353197307,24202000,GOOGL
2014-12-01,26.72816276550293,27.180855804531493,26.677147887594707,26.997598256002544,39888000,GOOGL
2014-12-02,26.6756591796875,26.83712282371857,26.48101064648429,26.718253129897967,41480000,GOOGL
2014-12-03,26.59542465209961,26.815332195300606,26.508254792309724,26.621675557705103,32476000,GOOGL
2014-12-04,26.873281478881836,26.87873042180298,26.49240528105568,26.62860996038485,32598000,GOOGL
2014-12-05,26.155118942260742,26.656349971292283,26.114506929108973,26.582056155002267,61402000,GOOGL
2014-12-08,26.286367416381836,26.43941015959577,26.10162482445252,26.211578597002312,64566000,GOOGL
2014-12-09,26.552831649780273,26.579577571263606,25.923816926836277,26.04615363325375,43322000,GOOGL
2014-12-10,26.153135299682617,26.713800171321633,26.125894363399212,26.542430535950754,46222000,GOOGL
2014-12-11,26.354717254638672,26.59889377393918,26.20860848864637,26.250707432470925,41426000,GOOGL
2014-12-12,25.829715728759766,26.36115777223562,25.827238764457302,26.123420212193942,47314000,GOOGL
2014-12-15,25.548885345458984,26.020893435100422,25.527093351503567,25.9411525728767,52352000,GOOGL
2014-12-16,24.6732177734375,25.53600611281378,24.625174874670247,25.437940255584923,86998000,GOOGL
2014-12-17,25.083812713623047,25.213578433802187,24.720271446878503,24.757418353265066,72788000,GOOGL
2014-12-18,25.488460540771484,25.56919143016303,25.089257449459957,25.55631348445654,77534000,GOOGL
2014-12-19,25.75690460205078,25.79504153279173,25.203173749894997,25.605841923801503,97442000,GOOGL
2014-12-22,26.364126205444336,26.39731109877524,25.78414443075288,25.785136349962556,66390000,GOOGL
2014-12-23,26.68457794189453,26.859414575465305,26.434459359863926,26.473586323614825,57544000,GOOGL
2014-12-24,26.593446731567383,26.75986244710793,26.502807981321848,26.68705557155894,14754000,GOOGL
2014-12-26,26.820781707763672,26.9064665246198,26.522123330773123,26.593445157226824,22270000,GOOGL
2014-12-29,26.61226463317871,26.940145888641734,26.604835630663555,26.77026130315013,44300000,GOOGL
2014-12-30,26.511722564697266,26.63851629407798,26.429009726108866,26.495872640010937,20972000,GOOGL
2014-12-31,26.282899856567383,26.66625111810005,26.260115945050703,26.633561240244376,24648000,GOOGL
2015-01-02,26.227920532226562,26.537474866393886,26.145205815457082,26.37898130908008,26480000,GOOGL
2015-01-05,25.728179931640625,26.15066009048042,25.643487027508176,26.10905616086376,41182000,GOOGL
2015-01-06,25.09322166442871,25.814853307484437,25.039234806262243,25.779688353183527,54456000,GOOGL
2015-01-07,25.019420623779297,25.333431998943997,24.945128712980488,25.30668796910353,46918000,GOOGL
2015-01-08,25.10659408569336,25.13581508136982,24.517696365378082,24.839138654038862,73054000,GOOGL
2015-01-09,24.800012588500977,25.19029978331693,24.69748969528174,25.16949781780924,42000000,GOOGL
2015-01-12,24.618736267089844,24.77821798586817,24.314133930640097,24.726708092501823,57138000,GOOGL
2015-01-13,24.853500366210938,25.190295657779853,24.628640791686983,24.89163729672917,60958000,GOOGL
2015-01-14,25.058055877685547,25.173458601696684,24.673219534525618,24.78515337508416,52800000,GOOGL
2015-01-15,24.962961196899414,25.247254702604504,24.86390341654046,25.204660745054056,51068000,GOOGL
2015-01-16,25.28241729736328,25.301732323749597,24.9173891830267,24.920361161556063,49658000,GOOGL
2015-01-20,25.25666046142578,25.53748880478568,25.22842950051131,25.39682712568505,46796000,GOOGL
2015-01-21,25.77424430847168,25.84655617463761,25.239333371220017,25.301244254362835,46356000,GOOGL
2015-01-22,26.611770629882812,26.688044496347135,25.849525090806782,25.903510059508417,56068000,GOOGL
2015-01-23,26.842079162597656,27.013448799353302,26.535001747631526,26.647927502512875,45966000,GOOGL
2015-01-26,26.583045959472656,26.819793477645224,26.352737414540844,26.819793477645224,30932000,GOOGL
2015-01-27,25.813861846923828,26.387899653088375,25.797516908024367,26.319549808026878,39148000,GOOGL
2015-01-28,25.37999153137207,26.03674219336118,25.376029522591388,26.002567269744127,35822000,GOOGL
2015-01-29,25.419614791870117,25.51669061747717,24.936708849037664,25.403269852840797,79018000,GOOGL
2015-01-30,26.62415313720703,26.899037572563525,25.66478208494039,25.705395981582246,121108000,GOOGL
2015-02-02,26.359172821044922,26.57214636665283,25.840111916658692,26.464172659795246,75378000,GOOGL
2015-02-03,26.41365623474121,26.619198900846218,26.09221394857462,26.247238641297066,47062000,GOOGL
2015-02-04,26.057048797607422,26.58452876080059,26.004051971269256,26.4057301275141,33896000,GOOGL
2015-02-05,26.241792678833008,26.28438663646963,26.034266165665464,26.147686937085094,33176000,GOOGL
2015-02-06,26.4423828125,26.75639421379565,26.183348298880574,26.300236062059394,42938000,GOOGL
2015-02-09,26.214550018310547,26.442381576057933,26.128865204357005,26.302709906822074,30314000,GOOGL
2015-02-10,26.753421783447266,26.79502570970357,26.209101858890644,26.35669754986323,47430000,GOOGL
2015-02-11,26.646440505981445,26.842079099789913,26.547382727052224,26.732125324158773,38306000,GOOGL
2015-02-12,27.043163299560547,27.158564114617416,26.59690927919492,26.728655031972725,48590000,GOOGL
2015-02-13,27.298234939575195,27.366584777620417,27.072383465110093,27.117454379157216,47382000,GOOGL
2015-02-17,26.993635177612305,27.38936936520213,26.906960334780344,27.298237498844486,39174000,GOOGL
2015-02-18,26.87674903869629,27.119440502601552,26.72321127625927,26.934697905497156,31164000,GOOGL
2015-02-19,27.064956665039062,27.085263612160553,26.78264324367809,26.867833040734382,30834000,GOOGL
2015-02-20,26.834651947021484,27.120927417473403,26.65139627145906,27.120927417473403,38234000,GOOGL
2015-02-23,26.497852325439453,26.71082586911126,26.34926661550721,26.69596786492898,32906000,GOOGL
2015-02-24,26.678632736206055,26.715777746437983,26.299736627512186,26.326977561262133,28406000,GOOGL
2015-02-25,27.108545303344727,27.219489112110175,26.646936304472703,26.66823517293682,40836000,GOOGL
2015-02-26,27.700908660888672,27.742512589934226,26.997600097420843,27.029794963494243,54032000,GOOGL
2015-02-27,27.8663330078125,28.202633307470524,27.588971604802897,27.64444350753082,68328000,GOOGL
2015-03-02,28.47999382019043,28.528036721826922,27.892087988519833,28.082774550206356,50406000,GOOGL
2015-03-03,28.666717529296875,28.768745398375337,28.25612342081012,28.5458658669622,50526000,GOOGL
2015-03-04,28.643932342529297,28.807376065382744,28.35616996893043,28.57657252647775,37964000,GOOGL
2015-03-05,28.797470092773438,28.88513496148348,28.638978418887998,28.70782327515767,35918000,GOOGL
2015-03-06,28.37499237060547,28.864335407301677,28.33338844444368,28.825703460061437,37592000,GOOGL
2015-03-09,28.43442726135254,28.50129017659802,28.184306791462394,28.276925598669397,23478000,GOOGL
2015-03-10,27.72864532470703,28.21947534215843,27.727158390420083,28.156077527674984,40080000,GOOGL
2015-03-11,27.522602081298828,27.943100240107174,27.50873410643518,27.726164680724466,40524000,GOOGL
2015-03-12,27.79401969909668,27.827202702391567,27.514678250930306,27.66078700289753,35602000,GOOGL
2015-03-13,27.38936996459961,27.952016767016012,27.25712918569483,27.697934301203986,35428000,GOOGL
2015-03-16,27.81730079650879,27.921805631758787,27.306163853446023,27.584020278568428,36856000,GOOGL
2015-03-17,27.617698669433594,27.76776943350691,27.45920698358769,27.651376688414153,28892000,GOOGL
2015-03-18,28.041170120239258,28.058505090139843,27.414135446042305,27.623642019052255,35324000,GOOGL
2015-03-19,27.917842864990234,28.080791579039342,27.841073983904455,27.959941806916632,24660000,GOOGL
2015-03-20,27.981237411499023,28.087724187794457,27.957960374470588,28.068409159422565,44320000,GOOGL
2015-03-23,28.00204086303711,28.213529382141797,27.88763006334457,28.033243808407803,30234000,GOOGL
2015-03-24,28.604808807373047,28.819762447845722,28.13676081147453,28.159049710979286,79156000,GOOGL
2015-03-25,28.082775115966797,28.730114874347965,28.082775115966797,28.6062931162435,53070000,GOOGL
2015-03-26,27.91635513305664,28.092183677244602,27.652368588054056,27.96637998062562,49842000,GOOGL
2015-03-27,27.614723205566406,27.93765049430084,27.584015279989224,27.826704816714074,34552000,GOOGL
2015-03-30,27.79253578186035,27.843055648706326,27.577087131717125,27.748456777652397,24788000,GOOGL
2015-03-31,27.473573684692383,27.85742002064072,27.472086750357587,27.634045451898864,34932000,GOOGL
2015-04-01,27.215524673461914,27.661776832807224,27.04415504736719,27.480008114939164,38902000,GOOGL
2015-04-02,26.810380935668945,27.14172730485054,26.76729007475499,27.112506308888978,47760000,GOOGL
2015-04-06,26.941133499145508,27.019884319600163,26.532521393176193,26.68804108522014,33718000,GOOGL
2015-04-07,26.986209869384766,27.248711397715006,26.923308959029132,26.992648842786544,27318000,GOOGL
2015-04-08,27.183326721191406,27.315074356734165,27.042665039607567,27.042665039607567,28386000,GOOGL
2015-04-09,27.142719268798828,27.209584076814327,26.842080808323146,27.201660058594012,32366000,GOOGL
2015-04-10,27.16847038269043,27.23335323005184,26.992148727400572,27.219485255920837,26104000,GOOGL
2015-04-13,27.17342185974121,27.40274033241759,27.05752603091238,27.094672929244712,29326000,GOOGL
2015-04-14,26.734603881835938,27.070904201683877,26.53450825230597,27.070904201683877,47206000,GOOGL
2015-04-15,26.79701042175293,26.903497212375196,26.367596265051706,26.644462676417653,46962000,GOOGL
2015-04-16,26.919837951660156,27.004530844465013,26.651392504921667,26.663773545535378,31722000,GOOGL
2015-04-17,26.38591957092285,26.73559283827976,26.200683844646125,26.61226609949714,49234000,GOOGL
2015-04-20,26.96986198425293,27.032764777111968,26.416131115218956,26.435943048235504,38508000,GOOGL
2015-04-21,26.890117645263672,27.130332106222244,26.854952696802442,27.058020260506755,29128000,GOOGL
2015-04-22,27.200172424316406,27.29031426970552,26.810877171052937,26.897057007433858,31806000,GOOGL
2015-04-23,27.61026954650879,27.79402212007565,27.244748237927396,27.26109317822853,78184000,GOOGL
2015-04-24,28.412635803222656,28.95943271969925,28.14963738239446,28.729124179381472,92168000,GOOGL
2015-04-27,28.0391902923584,28.504759440174716,27.84999065397121,28.368556634757308,48062000,GOOGL
2015-04-28,27.952510833740234,28.123880457716535,27.78361817363499,27.950033869869173,37178000,GOOGL
2015-04-29,27.80491828918457,28.0253208643418,27.686545476089854,27.76133241123523,33622000,GOOGL
2015-04-30,27.17986297607422,27.791047681935684,27.078330127950068,27.664748973389653,47240000,GOOGL
2015-05-01,27.298234939575195,27.301206918103645,26.936178803879443,27.266040079991754,36572000,GOOGL
2015-05-04,27.381446838378906,27.572131502988494,27.111514439586664,27.28981806275769,35260000,GOOGL
2015-05-05,26.896068572998047,27.370058645895206,26.862883675359548,27.248711957456905,28528000,GOOGL
2015-05-06,26.50181770324707,26.94014777604969,26.361155992413,26.876254949077193,39034000,GOOGL
2015-05-07,26.84653663635254,27.003048270136677,26.42108640569576,26.5424311952825,31844000,GOOGL
2015-05-08,27.188779830932617,27.379464492780805,27.14321389593343,27.184817822154855,28226000,GOOGL
2015-05-11,27.031770706176758,27.407694831168,27.022856659587816,27.165993424219373,21858000,GOOGL
2015-05-12,26.68259620666504,26.892102766953474,26.49785361767802,26.884671875130138,35282000,GOOGL
2015-05-13,26.720237731933594,26.935686357407874,26.694976856717943,26.768775643997174,24238000,GOOGL
2015-05-14,27.201160430908203,27.2254312768469,26.869319056372227,26.942125926078575,31736000,GOOGL
2015-05-15,27.066938400268555,27.27050289898558,26.869319748829863,27.260101917330914,33440000,GOOGL
2015-05-18,27.07585334777832,27.15856618306263,26.85693583672888,26.934696633517138,26706000,GOOGL
2015-05-19,27.20512580871582,27.40918343883373,27.09814401015313,27.14172799774199,47126000,GOOGL
2015-05-20,27.365102767944336,27.541424447613387,26.99809452823887,27.286351935563406,30840000,GOOGL
2015-05-21,27.578075408935547,27.617699275952177,27.20611514288731,27.250691048596032,34170000,GOOGL
2015-05-22,27.46465301513672,27.648900584995967,27.420077112065602,27.46168103634933,24266000,GOOGL
2015-05-26,27.10161018371582,27.40571561522229,26.892598631736377,27.36856871241128,37474000,GOOGL
2015-05-27,27.451282501220703,27.502792396262034,27.07139820614714,27.17540802612386,34844000,GOOGL
2015-05-28,27.447813034057617,27.52606884414751,27.280407307284772,27.42849800601375,23544000,GOOGL
2015-05-29,27.008991241455078,27.43592839072019,26.99512326600897,27.399276503025497,43446000,GOOGL
2015-06-01,27.201658248901367,27.26901617803303,26.92281180176792,27.177884306451965,33210000,GOOGL
2015-06-02,27.436424255371094,27.676143743538024,27.069911035182894,27.11349691195052,31842000,GOOGL
2015-06-03,27.502792358398438,27.636520079342983,27.34727264359449,27.493381406307776,26710000,GOOGL
2015-06-04,27.324485778808594,27.535974278994576,27.19719704465667,27.348754734148155,26866000,GOOGL
2015-06-05,27.217506408691406,27.405716000038616,27.11101962680193,27.33984311540959,24396000,GOOGL
2015-06-08,26.917858123779297,27.23434649195067,26.891607217043145,27.22146854605218,27336000,GOOGL
2015-06-09,26.85247802734375,26.985215705466285,26.68853740631048,26.91488391316522,30016000,GOOGL
2015-06-10,27.36956024169922,27.477533962168373,26.99859187630558,27.02781287372939,30316000,GOOGL
2015-06-11,27.24276351928711,27.480006007763667,27.199672663929533,27.463166055389305,25872000,GOOGL
2015-06-12,27.115478515625,27.183826474876835,27.02434475433924,27.09962859081052,25468000,GOOGL
2015-06-15,26.894086837768555,26.946091752068856,26.7063741312994,26.880713875609878,27150000,GOOGL
2015-06-16,26.986703872680664,27.07684571818606,26.823260137003967,26.96738884256954,32526000,GOOGL
2015-06-17,27.0723876953125,27.159557558499046,26.835145173892702,27.013943813440044,24440000,GOOGL
2015-06-18,27.546873092651367,27.599868032157282,27.141727923197504,27.141727923197504,41192000,GOOGL
2015-06-19,27.61324119567871,27.63255811483744,27.352721630729608,27.56371324978406,59290000,GOOGL
2015-06-22,27.720224380493164,28.013930744653795,27.682087444586372,27.706853308141795,34752000,GOOGL
2015-06-23,27.903974533081055,27.97876335347147,27.594915174203127,27.725670911469177,31396000,GOOGL
2015-06-24,27.665246963500977,27.866829526070173,27.578077095850286,27.858905507930135,28924000,GOOGL
2015-06-25,27.634536743164062,27.891591190167812,27.610267786421005,27.75092948829441,26684000,GOOGL
2015-06-26,27.392343521118164,27.73607283032798,27.332414593416953,27.721709839427113,43676000,GOOGL
2015-06-29,26.807405471801758,27.28535744170059,26.757380629599705,27.079812909345662,37756000,GOOGL
2015-06-30,26.747478485107422,27.03771592570362,26.722712624966977,26.997597046071164,34510000,GOOGL
2015-07-01,26.908946990966797,27.0332637714854,26.733615325637366,26.926776977558397,30760000,GOOGL
2015-07-02,27.109037399291992,27.141725386839212,26.92231286768664,26.98026172995245,28124000,GOOGL
2015-07-06,27.02385139465332,27.170457067714576,26.849509768495352,26.856938771736242,25614000,GOOGL
2015-07-07,27.242271423339844,27.29031432523081,26.738070350332645,27.113497628146252,33578000,GOOGL
2015-07-08,26.82969856262207,27.155597909733846,26.80493458802285,27.02286209898435,27662000,GOOGL
2015-07-09,26.975805282592773,27.185311840164925,26.9743202378693,27.173920829175337,29766000,GOOGL
2015-07-10,27.543405532836914,27.70090719265849,27.339842922404863,27.42453582088573,43436000,GOOGL
2015-07-13,28.317041397094727,28.372513294514363,27.67168179596347,27.711800674362937,41792000,GOOGL
2015-07-14,28.933673858642578,29.20756824841586,28.437891873605754,28.454236812183964,74832000,GOOGL
2015-07-15,28.92277717590332,29.15704769560513,28.737044566512814,28.911881180233205,41466000,GOOGL
2015-07-16,29.80537986755371,29.94009760548964,29.11891134365236,29.197167153191486,112642000,GOOGL
2015-07-17,34.651268005371094,34.81867752001456,33.58046002326781,33.67951591151158,257162000,GOOGL
2015-07-20,34.31546401977539,34.56112746867655,33.76718395176082,34.12428622382608,102436000,GOOGL
2015-07-21,34.43977737426758,34.94744343805957,33.8850546703142,33.9212096476742,75604000,GOOGL
2015-07-22,34.42740249633789,35.33030978422432,34.2550428215925,34.373910650686526,83100000,GOOGL
2015-07-23,33.41850280761719,34.4754466990995,33.2629811931416,34.26643323695483,76232000,GOOGL
2015-07-24,32.42990493774414,33.570056555849526,32.35115599922562,33.519538582766316,82622000,GOOGL
2015-07-27,32.60326385498047,33.03911511857316,32.27042861444998,32.27141864445667,58382000,GOOGL
2015-07-28,32.67210006713867,32.89200759002561,32.36254572878384,32.77610987137716,34364000,GOOGL
2015-07-29,32.759765625,32.8538713604696,32.33431353448211,32.80087453506159,36756000,GOOGL
2015-07-30,32.914791107177734,33.087645773897066,32.27735551499332,32.56214778647451,39606000,GOOGL
2015-07-31,32.56511688232422,32.936582093909664,32.550258878459125,32.92172409004458,34922000,GOOGL
2015-08-03,32.92272186279297,33.019302689370136,32.573048559887084,32.573048559887084,31348000,GOOGL
2015-08-04,32.752342224121094,33.08517745956626,32.71420717574389,32.90389994511921,26188000,GOOGL
2015-08-05,33.3471794128418,33.67505689589896,32.96531129398244,32.97373032649695,36448000,GOOGL
2015-08-06,33.191654205322266,33.41948574580781,32.72509323964218,33.38184572167936,40660000,GOOGL
2015-08-07,32.9063720703125,33.124790779743634,32.63297269892809,33.07427280932073,27544000,GOOGL
2015-08-10,32.84446334838867,33.26446650957111,32.70033465111006,33.040100049248764,34458000,GOOGL
2015-08-11,34.189659118652344,34.86820363155338,33.89347772060649,34.64928612457607,109880000,GOOGL
2015-08-12,34.24761199951172,34.47197468437075,33.70477711120142,34.39718586317109,58498000,GOOGL
2015-08-13,34.00194549560547,34.37440074452124,33.787486907482126,34.13517629695961,36354000,GOOGL
2015-08-14,34.14360046386719,34.286739142019904,33.82315196008195,33.87961389590449,27598000,GOOGL
2015-08-17,34.37836837768555,34.40956943407867,33.83107456604719,34.077728042491984,24680000,GOOGL
2015-08-18,34.111907958984375,34.46009245213358,33.94301337007586,34.2278057112757,27710000,GOOGL
2015-08-19,34.37489700317383,34.679992450747385,34.016309715671476,34.18025033981043,50194000,GOOGL
2015-08-20,33.65376281738281,34.479901237118405,33.44574316753721,34.13023173088566,57798000,GOOGL
2015-08-21,31.897968292236328,33.327367346398646,31.8519054529446,33.235736682741134,91880000,GOOGL
2015-08-24,30.614185333251953,31.08817535761437,29.374975907214196,29.746938063557884,129788000,GOOGL
2015-08-25,30.334848403930664,32.04507235213237,30.29522453089553,32.0188252205186,71430000,GOOGL
2015-08-26,32.676063537597656,32.81177320126887,31.221405505566285,31.851905257112435,87740000,GOOGL
2015-08-27,33.083194732666016,33.38136003472485,32.248142194125535,33.28279536614575,58974000,GOOGL
2015-08-28,32.6735954284668,33.03564790876159,32.379394015732494,32.97423203657064,38836000,GOOGL
2015-08-31,32.08567428588867,32.90735732550591,32.01286931955493,32.40860155105268,38936000,GOOGL
2015-09-01,31.181293487548828,31.918280135544435,30.958413927647264,31.391790114922987,51458000,GOOGL
2015-09-02,31.941553115844727,31.948982118668557,31.234779477152898,31.599310745419558,37630000,GOOGL
2015-09-03,31.552261352539062,32.25556803268813,31.39178770386115,32.09113237492942,34572000,GOOGL
2015-09-04,31.15157699584961,31.425966468941713,31.0297371719087,31.188228890721902,40478000,GOOGL
2015-09-08,31.89054298400879,31.94799495199264,31.34671801187435,31.747899315275404,39092000,GOOGL
2015-09-09,31.867265701293945,32.55818947175841,31.74294514536799,32.28677389210816,40978000,GOOGL
2015-09-10,32.24714279174805,32.43634049749726,31.782561890770545,31.891525621681573,27850000,GOOGL
2015-09-11,32.45616149902344,32.45665651403033,32.06537927038062,32.20406282585966,34892000,GOOGL
2015-09-14,32.31598663330078,32.48686122608086,32.16888408968433,32.47249823786421,29942000,GOOGL
2015-09-15,32.940059661865234,33.12727736165885,32.359085862130264,32.5259966102902,35546000,GOOGL
2015-09-16,32.96234130859375,33.088638132930264,32.797905662247594,32.963826353382196,26252000,GOOGL
2015-09-17,33.26694107055664,33.77807609402343,32.936584739870554,33.059911472093624,47752000,GOOGL
2015-09-18,32.73450469970703,33.17629978809935,32.690421926594844,32.93955043238205,72544000,GOOGL
2015-09-21,33.03464889526367,33.13469858490842,32.589883681283006,32.96184391847682,39094000,GOOGL
2015-09-22,32.352142333984375,32.630495615920324,31.9474922443954,32.563630821873694,54362000,GOOGL
2015-09-23,32.35660934448242,32.70281375809933,32.22981371149237,32.33729242373007,29160000,GOOGL
2015-09-24,32.43683624267578,32.52896191265159,31.805843420653222,32.14263869707954,38692000,GOOGL
2015-09-25,31.70579719543457,32.61861229072034,31.68152823809176,32.61861229072034,48480000,GOOGL
2015-09-28,30.91828727722168,31.839523189971544,30.600808918679935,31.65131173178752,47646000,GOOGL
2015-09-29,30.837066650390625,31.43487657072626,30.61022509930188,30.980203438624475,42130000,GOOGL
2015-09-30,31.61763572692871,31.66419169018873,31.160980694581948,31.293716486265293,52954000,GOOGL
2015-10-01,31.797420501708984,31.888556141614405,31.25854957276162,31.596334877794604,42506000,GOOGL
2015-10-02,32.53986358642578,32.54035860142059,31.376434756478353,31.599809328202802,48788000,GOOGL
2015-10-05,33.267433166503906,33.33429796214105,32.484383871454064,32.768186102385265,37960000,GOOGL
2015-10-06,33.26546096801758,33.62008441865501,32.841493852237434,33.152038296069264,42774000,GOOGL
2015-10-07,33.18423080444336,33.61711193805121,32.59533304815509,33.550742146325796,44354000,GOOGL
2015-10-08,33.03564453125,33.27784289005283,32.416040707375146,33.15699121814033,39308000,GOOGL
2015-10-09,33.245643615722656,33.38679844049463,32.80582853434508,33.059910997674415,32124000,GOOGL
2015-10-12,33.5026969909668,33.5794658703796,33.04752887865783,33.144109691264234,26684000,GOOGL
2015-10-13,33.836517333984375,34.09852378333775,33.338256543853774,33.39521726060749,42446000,GOOGL
2015-10-14,33.6998291015625,34.176789299993075,33.62504026722825,33.86426477834551,31292000,GOOGL
2015-10-15,34.32438278198242,34.38084471752574,33.89695058823443,33.93954454737272,47156000,GOOGL
2015-10-16,34.43829345703125,34.482871250580324,34.13022791520861,34.44225735509288,36316000,GOOGL
2015-10-19,34.6676139831543,34.681976973234825,34.28426082775576,34.37291762156513,30172000,GOOGL
2015-10-20,33.67951583862305,34.57103394584727,33.36649258186791,34.565585002895475,52434000,GOOGL
2015-10-21,33.273380279541016,33.92220502997797,33.21889840811228,33.838502163143595,31952000,GOOGL
2015-10-22,33.7359733581543,34.07821756588089,33.268422372624414,33.45365995757948,88632000,GOOGL
2015-10-23,35.627479553222656,37.27034721790607,35.558634689588274,37.1494955559732,126726000,GOOGL
2015-10-26,36.211421966552734,36.401118484837205,35.661653108458125,35.661653108458125,48776000,GOOGL
2015-10-27,36.295616149902344,36.45113772930653,35.86570896306136,35.986061814435935,38778000,GOOGL
2015-10-28,36.498687744140625,36.520974750701264,36.020733857259906,36.30453610000945,39604000,GOOGL
2015-10-29,36.89144515991211,36.98753093972116,36.41151127569911,36.484320022173904,36520000,GOOGL
2015-10-30,36.521968841552734,36.96376401767774,36.479374883281146,36.926619002613,39984000,GOOGL
2015-11-02,37.03459167480469,37.056383668275885,36.2277664502532,36.380317962031505,39914000,GOOGL
2015-11-03,37.08808135986328,37.23072122837102,36.708688330354065,36.920176837311814,36306000,GOOGL
2015-11-04,37.409523010253906,37.6368595709286,37.106902610971424,37.141572551202636,41840000,GOOGL
2015-11-05,37.67499923706055,37.95632266354496,37.51650753835357,37.58287355185739,45486000,GOOGL
2015-11-06,37.7210578918457,37.79138779597369,37.39565171873256,37.61159913766155,33544000,GOOGL
2015-11-09,37.38277816772461,37.80526021453793,37.10244854807529,37.568510805486504,35538000,GOOGL
2015-11-10,37.555633544921875,37.67153128737081,37.06777928393037,37.31888791028619,29798000,GOOGL
2015-11-11,37.90183639526367,38.09152912952219,37.629427048397204,37.75968776424102,41866000,GOOGL
2015-11-12,37.469947814941406,37.929079836989295,37.436762920471885,37.65072651413479,35452000,GOOGL
2015-11-13,36.65470504760742,37.41050967669592,36.62498525955262,37.34661874517265,48188000,GOOGL
2015-11-16,37.16732406616211,37.231214995904786,36.37040677091238,36.66163801329457,50704000,GOOGL
2015-11-17,36.94742202758789,37.39169606996607,36.851831236838045,37.268864341139945,38864000,GOOGL
2015-11-18,37.64230728149414,37.69629413924492,37.01725456915921,37.125228284660764,36266000,GOOGL
2015-11-19,37.63884353637695,37.801790366643026,37.50461890955349,37.63091573966302,28078000,GOOGL
2015-11-20,38.483802795410156,38.59871051107563,37.84488581753682,38.10243342438387,55478000,GOOGL
2015-11-23,38.46894073486328,38.77602003801759,38.31094405949888,38.50707955731743,34648000,GOOGL
2015-11-24,38.11878204345703,38.43378544351126,37.548211059181355,38.28371274812063,47880000,GOOGL
2015-11-25,38.10044479370117,38.28568238331324,37.965230157747435,38.220797647154676,23612000,GOOGL
2015-11-27,38.23466873168945,38.33521344080133,37.988510283640935,38.09549396540489,14434000,GOOGL
2015-11-30,37.78297424316406,38.38623123718875,37.697287528287276,38.229719593006294,33586000,GOOGL
2015-12-01,38.82009506225586,38.88002587194056,37.93650482958289,37.9855377543287,40398000,GOOGL
2015-12-02,38.52589797973633,39.278732495945825,38.455564299146616,38.89240927192124,46876000,GOOGL
2015-12-03,38.047943115234375,38.85426944869695,37.76315463222132,38.6601178119216,41950000,GOOGL
2015-12-04,38.593257904052734,38.75224461094832,37.91471711915407,38.12273675633147,49800000,GOOGL
2015-12-07,38.285186767578125,38.68190906522551,37.9746386231468,38.63535121643029,36626000,GOOGL
2015-12-08,38.39167404174805,38.56551873985474,37.766621373662964,37.86468722605754,31082000,GOOGL
2015-12-09,37.768104553222656,38.438725010092845,37.246071691043745,38.19157655297513,46550000,GOOGL
2015-12-10,37.64379119873047,37.942451459683596,37.39416764471698,37.81961974235447,32458000,GOOGL
2015-12-11,37.16732406616211,37.51501723616525,37.079657306638204,37.096994164081984,43184000,GOOGL
2015-12-14,37.76761245727539,37.84735520314572,36.465999084093625,37.20892955748949,53864000,GOOGL
2015-12-15,37.646270751953125,38.37235940498031,37.54275595077579,38.02764007767492,49386000,GOOGL
2015-12-16,38.4634895324707,38.706677886032885,37.495701382242665,37.96721252722285,53120000,GOOGL
2015-12-17,38.12868118286133,38.71113617411495,38.10243027573638,38.6898391951951,36510000,GOOGL
2015-12-18,37.48579406738281,38.342147194978686,37.47291612215703,37.99990295288833,67794000,GOOGL
2015-12-21,37.681434631347656,37.95631905848397,37.352068333698575,37.79287344694566,34848000,GOOGL
2015-12-22,37.99495315551758,38.15393987099069,37.70125057292148,37.85330330011459,36338000,GOOGL
2015-12-23,38.06330108642578,38.23120562030951,37.525420117547334,38.17127480365119,30594000,GOOGL
2015-12-24,37.931060791015625,38.0974765034836,37.85924583607798,38.063796593283165,10412000,GOOGL
2015-12-28,38.74332809448242,38.77205407415644,38.02466847276389,38.13709731691559,31156000,GOOGL
2015-12-29,39.323814392089844,39.55808496660606,38.93947113878416,38.978596217877346,38430000,GOOGL
2015-12-30,39.14253234863281,39.44763159972619,38.98899458256072,39.32380984547708,28566000,GOOGL
2015-12-31,38.5338249206543,39.04495995318788,38.499649996917114,39.019699076896075,32752000,GOOGL
2016-01-04,37.614078521728516,37.75077822639408,37.024685743784126,37.75077822639408,67382000,GOOGL
2016-01-05,37.71759033203125,38.09747460937118,37.42636284969141,37.84488096353637,45216000,GOOGL
2016-01-06,37.60863494873047,37.92561839253403,37.04747683726249,37.16485963890178,48206000,GOOGL
2016-01-07,36.70075988769531,37.409515346813,36.41745646573572,36.9726741893878,63132000,GOOGL
2016-01-08,36.201026916503906,37.1524721461863,36.10246225573224,37.03756443381835,47506000,GOOGL
2016-01-11,36.308006286621094,36.407560975844255,35.63887453006377,36.252534380533035,50896000,GOOGL
2016-01-12,36.91572189331055,37.06430951417759,36.474421722847275,36.68838532735249,46816000,GOOGL
2016-01-13,35.63936996459961,37.29511569105602,35.50118521271843,37.11383818546396,51728000,GOOGL
2016-01-14,36.22480010986328,36.64579335347368,34.91773759384967,35.88057575565509,55558000,GOOGL
2016-01-15,35.18965148925781,35.8667072861582,34.74488241733056,35.16488562519818,76676000,GOOGL
2016-01-19,35.61509704589844,35.925645237091985,35.15794885682766,35.6680938747011,48724000,GOOGL
2016-01-20,35.5893440246582,36.00488827548958,34.06484918924632,34.962307478954806,82440000,GOOGL
2016-01-21,35.99101638793945,36.535831272392635,35.2203500214474,35.669079117527275,51938000,GOOGL
2016-01-22,36.921661376953125,37.075202907571644,36.67600172969498,36.75029175238491,47146000,GOOGL
2016-01-25,36.33523941040039,37.26836131390369,36.27976751624218,36.84142422333344,45340000,GOOGL
2016-01-26,36.34366989135742,36.62449833337447,36.00588449266066,36.41400358967093,30940000,GOOGL
2016-01-27,35.540802001953125,36.44766924924528,35.33624749722936,36.44766924924528,42428000,GOOGL
2016-01-28,37.06232833862305,37.20397818827836,36.18566820363039,36.561592379138844,62104000,GOOGL
2016-01-29,37.70867919921875,37.89490685098318,36.85925997529824,37.09501935320207,75808000,GOOGL
2016-02-01,38.175235748291016,38.51302107095236,37.71015979928954,38.19950281479806,111522000,GOOGL
2016-02-02,38.67745590209961,40.13558084139727,38.66209910418187,39.6477228807753,135846000,GOOGL
2016-02-03,37.11581802368164,39.19849693433698,36.46599947065833,38.94342443806631,131114000,GOOGL
2016-02-04,36.157432556152344,36.910765854492276,35.78943622491337,36.87857099340181,104922000,GOOGL
2016-02-05,34.85631561279297,35.993493319691304,34.6770219710595,35.93307127173737,109556000,GOOGL
2016-02-08,34.87613296508789,34.89396484054793,33.77907018845363,34.05989860982246,89410000,GOOGL
2016-02-09,34.72060775756836,35.70821166182453,34.100508981574336,34.320911544050134,84300000,GOOGL
2016-02-10,35.00935745239258,35.82014271736605,34.937047491166226,35.25403084230721,60314000,GOOGL
2016-02-11,34.98508834838867,35.28027969098621,34.233738922554686,34.48881138902276,65004000,GOOGL
2016-02-12,35.011348724365234,35.46255300234565,34.748348391488854,35.27484029349555,46538000,GOOGL
2016-02-16,35.54377746582031,35.80330889060448,35.174292262777364,35.59380042673136,43444000,GOOGL
2016-02-17,36.25352096557617,36.34217775964759,35.492762389017365,36.007362516330815,49154000,GOOGL
2016-02-18,35.53733825683594,36.45312346171829,35.44026242534527,36.35208751067128,47276000,GOOGL
2016-02-19,35.76517105102539,35.86026682598514,35.319906982575574,35.457596716660596,34918000,GOOGL
2016-02-22,36.1088981628418,36.39616552999746,35.831538651789394,36.131680185895405,37516000,GOOGL
2016-02-23,35.52644348144531,36.20052919651631,35.44620948726348,35.96279352515778,41332000,GOOGL
2016-02-24,35.70524597167969,35.72109778921462,34.77014744423125,35.19559586765382,37092000,GOOGL
2016-02-25,36.112369537353516,36.13168267848134,35.3253562023394,35.805785230512356,36146000,GOOGL
2016-02-26,35.901371002197266,36.46104391272154,35.75674729899834,36.3342520820018,42474000,GOOGL
2016-02-29,35.52296829223633,36.18566091697937,35.50414639181868,35.71018593050024,45068000,GOOGL
2016-03-01,36.75872039794922,36.76664441637795,35.59330776291775,35.72505354380368,60112000,GOOGL
2016-03-02,36.6254768371582,36.80576049323217,36.31691253643114,36.79338134300584,36292000,GOOGL
2016-03-03,36.234703063964844,36.700769108272496,36.137627226814686,36.625485266172745,40534000,GOOGL
2016-03-04,36.166847229003906,36.40359283220181,35.939011894150845,36.39368875530112,48516000,GOOGL
2016-03-07,35.30405807495117,36.01776760575479,34.92466879313932,35.91573784511294,61690000,GOOGL
2016-03-08,35.3402099609375,35.77210101941517,34.868203801389804,35.08563248597623,52530000,GOOGL
2016-03-09,35.928611755371094,35.96972066397956,35.2971201219562,35.42143687756884,39544000,GOOGL
2016-03-10,36.263423919677734,36.47986255084365,35.823608891941724,36.04648649492067,44616000,GOOGL
2016-03-11,36.89243698120117,36.8939220257701,36.48778689797311,36.64875741601872,35380000,GOOGL
2016-03-14,37.158409118652344,37.35751468391547,36.832507948022005,36.897392684715804,32824000,GOOGL
2016-03-15,37.17475891113281,37.29561058112278,36.791900729914836,36.949402401381654,29832000,GOOGL
2016-03-16,37.51105880737305,37.59228660640246,36.97317781439563,37.09947464761856,29306000,GOOGL
2016-03-17,37.566524505615234,37.90628987325788,37.511052608857256,37.52541559792926,44564000,GOOGL
2016-03-18,37.41447448730469,37.747800906637046,37.23666588450363,37.72254380959906,56222000,GOOGL
2016-03-21,37.74879837036133,37.80724036626395,37.209428551976,37.340184299048175,28774000,GOOGL
2016-03-22,37.644283294677734,37.88945169540601,37.53680838440333,37.5645443326986,22096000,GOOGL
2016-03-23,37.520957946777344,37.908770000979295,37.44517910106979,37.807730280456,24678000,GOOGL
2016-03-24,37.3862419128418,37.520957760798765,37.17128830674289,37.20595824321045,31116000,GOOGL
2016-03-28,37.308982849121094,37.55761639405747,37.247566985328106,37.45211774757766,21676000,GOOGL
2016-03-29,37.93353271484375,37.99742742529754,37.06183035658819,37.328786983794345,40062000,GOOGL
2016-03-30,38.05487823486328,38.49915221147537,38.01723820933822,38.04843926252168,40396000,GOOGL
2016-03-31,37.78544616699219,38.091531662654184,37.55513574410013,38.054881663611866,32554000,GOOGL
2016-04-01,38.12075424194336,38.13907735103914,37.40407090159999,37.50115050477174,31674000,GOOGL
2016-04-04,37.8953971862793,38.25794836705329,37.730466534476264,38.112825868771715,26924000,GOOGL
2016-04-05,37.57098388671875,37.783957429781154,37.42388133250792,37.54919189539778,24478000,GOOGL
2016-04-06,38.041507720947266,38.058844579516816,37.458553962176275,37.53482782665455,25312000,GOOGL
2016-04-07,37.64775085449219,38.10539398528077,37.517985164174206,37.90529839693424,25498000,GOOGL
2016-04-08,37.61556625366211,37.994955573336725,37.43231245691766,37.93254967484541,23434000,GOOGL
2016-04-11,37.51996612548828,37.99940503675809,37.51006204923836,37.91173828017728,31774000,GOOGL
2016-04-12,37.85577392578125,37.8854899352773,37.22428227281182,37.564051437339664,27388000,GOOGL
2016-04-13,38.231693267822266,38.42188099493196,37.869142126824876,38.15244554747209,35426000,GOOGL
2016-04-14,38.404052734375,38.61306236096119,38.29657405327522,38.40256768984129,26992000,GOOGL
2016-04-15,38.63238525390625,38.6784480927536,38.38127287550089,38.40950761970658,31712000,GOOGL
2016-04-18,39.01276397705078,39.05585672574483,38.51401188941667,38.64179375453752,33540000,GOOGL
2016-04-19,38.446651458740234,39.17472391705,38.15047005911196,39.15243691005842,43952000,GOOGL
2016-04-20,38.380775451660156,38.61554476545236,38.199996769544995,38.59077890598908,34262000,GOOGL
2016-04-21,38.63238525390625,38.71559310554026,38.213867142390555,38.499154444055584,77628000,GOOGL
2016-04-22,36.54079055786133,37.340678034305846,36.174279222395306,36.844896001095734,140798000,GOOGL
2016-04-25,36.76069641113281,36.89293719244177,36.40854808298833,36.42093101361896,49442000,GOOGL
2016-04-26,35.9266357421875,36.92810388713355,35.67651337937062,36.87015690813614,55864000,GOOGL
2016-04-27,35.732975006103516,36.014789629674375,35.11980648228856,35.92415278068243,66262000,GOOGL
2016-04-28,34.92070007324219,36.1192973643917,34.82857818178446,35.82361099470602,62590000,GOOGL
2016-04-29,35.06037902832031,35.26988371741744,34.8573095336667,34.874151378431705,58278000,GOOGL
2016-05-02,35.38379669189453,35.433324632210166,34.985090537433294,35.260469966627014,33476000,GOOGL
2016-05-03,35.088111877441406,35.33228648564626,35.033134992134336,35.28919751574066,38620000,GOOGL
2016-05-04,35.23323059082031,35.41549432613991,34.87067940109443,35.00539903230092,34172000,GOOGL
2016-05-05,35.398658752441406,35.53931857250475,35.13813729761531,35.41302174341661,29668000,GOOGL
2016-05-06,35.91722106933594,35.95733995063016,35.26195734441672,35.27434027499986,39952000,GOOGL
2016-05-09,36.11286163330078,36.36842914813491,35.83401330201769,35.992504989133266,38074000,GOOGL
2016-05-10,36.62053298950195,36.651239031030414,36.23569476806669,36.40161546428539,32634000,GOOGL
2016-05-11,36.18319320678711,36.690863155362834,36.051942449477195,36.67699517933567,29834000,GOOGL
2016-05-12,36.060359954833984,36.421921124860845,35.87215225654351,36.25500662591718,27094000,GOOGL
2016-05-13,35.8998908996582,36.21984438862023,35.83451113697371,35.98854770188358,25244000,GOOGL
2016-05-16,36.170814514160156,36.28869232420413,35.66066943106424,35.874633054661615,22538000,GOOGL
2016-05-17,35.67007064819336,36.44569097482514,35.56160570460678,36.208450361907204,33404000,GOOGL
2016-05-18,35.74882507324219,35.936537754247226,35.414009828446886,35.58636948942367,32536000,GOOGL
2016-05-19,35.428375244140625,35.685431597811636,35.180731732091246,35.57646784791149,30598000,GOOGL
2016-05-20,35.745361328125,36.04203779421481,35.4135199038959,35.4853386438911,34798000,GOOGL
2016-05-23,35.52445983886719,35.83401421839503,35.509106818310286,35.6596744917315,24816000,GOOGL
2016-05-24,36.30602264404297,36.36396961924162,35.64332614743624,35.65323400325436,37884000,GOOGL
2016-05-25,36.557132720947266,36.64578951828206,36.284727134762456,36.403594958211464,32216000,GOOGL
2016-05-26,36.499183654785156,36.705718233876375,36.304536990980566,36.45312081710431,27202000,GOOGL
2016-05-27,37.027652740478516,37.04300575897087,36.50314102872605,36.52790688725396,34802000,GOOGL
2016-05-31,37.089569091796875,37.31888570956262,36.92711350021093,37.085110178555546,42484000,GOOGL
2016-06-01,37.070247650146484,37.21437633497876,36.866188155670244,37.07074266503068,20788000,GOOGL
2016-06-02,36.86272430419922,37.0127969514814,36.502648197954244,36.95336115470181,33916000,GOOGL
2016-06-03,36.44618606567383,36.72503438171717,36.34960525815896,36.72503438171717,24608000,GOOGL
2016-06-06,36.15892791748047,36.576951101083516,36.071264913309555,36.576951101083516,29992000,GOOGL
2016-06-07,36.20993423461914,36.48828374743537,36.19557124558525,36.317907938553475,24314000,GOOGL
2016-06-08,36.796356201171875,36.83994018689096,36.44173280011592,36.626471613868354,32314000,GOOGL
2016-06-09,36.77605438232422,36.84588928369547,36.47789287089633,36.50612384044044,19180000,GOOGL
2016-06-10,36.31394958496094,36.633408054127045,36.181213780482665,36.45064928783355,29050000,GOOGL
2016-06-13,36.24906539916992,36.60170873283684,36.147035646029316,36.147035646029316,23354000,GOOGL
2016-06-14,36.316925048828125,36.45312975689933,35.982608524006814,36.12178332225819,26584000,GOOGL
2016-06-15,36.26442337036133,36.51008305656101,36.220835600902106,36.39963425608216,23234000,GOOGL
2016-06-16,35.87116241455078,36.17526784596295,35.43976635013892,36.05491120071942,45002000,GOOGL
2016-06-17,34.880592346191406,35.729512816402405,34.72556574470168,35.729512816402405,82262000,GOOGL
2016-06-20,34.97370529174805,35.456114413307816,34.93804531806589,35.18073492384493,45654000,GOOGL
2016-06-21,35.10990905761719,35.43184639967402,34.90089937108072,35.16785604096685,30318000,GOOGL
2016-06-22,35.188655853271484,35.373893472896775,34.961319289923196,35.36596945485646,29058000,GOOGL
2016-06-23,35.40658187866211,35.40707689359775,34.68247327506081,35.192618285526926,42500000,GOOGL
2016-06-24,33.93706512451172,34.91773509186506,33.92270213338604,34.183223590941665,95436000,GOOGL
2016-06-27,33.7359733581543,33.84444207311595,33.31597025070706,33.80283815213606,58146000,GOOGL
2016-06-28,34.237213134765625,34.31051691974059,33.919734702772146,34.24266207841911,38246000,GOOGL
2016-06-29,34.431854248046875,34.6453228159784,34.30753748786173,34.38579518880809,43124000,GOOGL
2016-06-30,34.84492111206055,34.856809026640406,34.41748898946029,34.55369365603083,42250000,GOOGL
2016-07-01,35.177764892578125,35.29068877255025,34.854837511419724,34.92269235389929,30984000,GOOGL
2016-07-05,34.912288665771484,35.072265418241365,34.62700510376234,34.91823262437965,28440000,GOOGL
2016-07-06,35.11436462402344,35.31396522804846,34.62056266019424,34.662166587541094,28902000,GOOGL
2016-07-07,35.029666900634766,35.17379559723046,34.70327446454988,35.17082550768287,21174000,GOOGL
2016-07-08,35.55071258544922,35.55665654375242,35.07176860384999,35.19311528725154,29946000,GOOGL
2016-07-11,36.017269134521484,36.10295205739633,35.60469499700244,35.63193593155612,28822000,GOOGL
2016-07-12,36.2802619934082,36.43330471493442,36.032123517951746,36.25104100218423,26468000,GOOGL
2016-07-13,36.13019943237305,36.42935475088805,36.107417406613564,36.42935475088805,20436000,GOOGL
2016-07-14,36.44322204589844,36.46006011272278,36.18517564882316,36.35109635712433,21408000,GOOGL
2016-07-15,36.43479919433594,36.70076580323066,36.38576248646314,36.70076580323066,32342000,GOOGL
2016-07-18,37.30501174926758,37.40109753546447,36.47837849055098,36.547718359070444,38698000,GOOGL
2016-07-19,37.31542205810547,37.47291994889882,37.07173866123691,37.140088513652216,30436000,GOOGL
2016-07-20,37.49718475341797,37.67350829937971,37.34711211127082,37.34711211127082,22502000,GOOGL
2016-07-21,37.36494827270508,37.55018588658459,37.221809601242725,37.4932251597202,19062000,GOOGL
2016-07-22,37.60614776611328,37.61456679772068,37.27826653964396,37.509071948342196,20920000,GOOGL
2016-07-25,37.518978118896484,37.63289578498079,37.34810350913989,37.52690213607162,21466000,GOOGL
2016-07-26,37.52541732788086,37.60516007251645,37.2827277683765,37.518978355371786,23792000,GOOGL
2016-07-27,37.73938751220703,37.8622192475403,37.440235971226016,37.590803661070645,32172000,GOOGL
2016-07-28,37.931060791015625,38.086087380927324,37.596740542494025,38.079648407856354,73464000,GOOGL
2016-07-29,39.19404220581055,39.81810109584615,39.12767241868015,39.50954053403182,101810000,GOOGL
2016-08-01,39.669517517089844,39.99392989473079,38.882009228846584,38.96274200674691,60594000,GOOGL
2016-08-02,39.62890625,39.73787000090073,39.35204173811397,39.49072150153666,39928000,GOOGL
2016-08-03,39.56946563720703,39.60017545465559,39.277248139614834,39.44812274832945,29206000,GOOGL
2016-08-04,39.48675537109375,39.632864129388,39.32182470918746,39.53578830047942,21520000,GOOGL
2016-08-05,39.96619415283203,39.98055714325578,39.51449114065777,39.62840881292949,36146000,GOOGL
2016-08-08,39.881996154785156,39.99937893122146,39.70666262315225,39.92013119791531,24426000,GOOGL
2016-08-09,39.993431091308594,40.28317350294746,39.82404153398977,39.845338510032086,32154000,GOOGL
2016-08-10,40.043453216552734,40.16182600890435,39.94439734032515,39.972133287968035,18370000,GOOGL
2016-08-11,40.02910232543945,40.31042578458416,39.92013856141446,40.1415311945973,25646000,GOOGL
2016-08-12,39.972137451171875,39.97907143880479,39.80324289463744,39.875061624311094,17946000,GOOGL
2016-08-15,39.918148040771484,40.18560345181678,39.82255726478973,39.9800589105855,18596000,GOOGL
2016-08-16,39.6818962097168,39.83394890819473,39.47436783673516,39.79630510536073,21158000,GOOGL
2016-08-17,39.89139938354492,39.90180225298453,39.43969643873142,39.62295396114789,21322000,GOOGL
2016-08-18,39.7591667175293,40.01919316159791,39.70369481252694,39.888437417129474,17292000,GOOGL
2016-08-19,39.60562515258789,39.68388286049595,39.4684342137511,39.61255914071012,22416000,GOOGL
2016-08-22,39.471900939941406,39.58829369793303,39.34213522011183,39.5491648423716,17056000,GOOGL
2016-08-23,39.454063415527344,39.67248590844643,39.424347406249005,39.64673001841068,18350000,GOOGL
2016-08-24,39.305973052978516,39.54668254334994,39.16530947188754,39.46743481675115,25672000,GOOGL
2016-08-25,39.192054748535156,39.36144430518398,38.990474109880154,39.22672468366918,24054000,GOOGL
2016-08-26,39.28716278076172,39.5932521140587,39.09846002745401,39.25100778969984,24978000,GOOGL
2016-08-29,39.41592788696289,39.54965370580238,39.143518542812494,39.27873318508929,15474000,GOOGL
2016-08-30,39.22277069091797,39.523906048110916,39.10142400962578,39.27031857777686,23348000,GOOGL
2016-08-31,39.12024688720703,39.205434806463934,38.98899612481041,39.10786395554429,21428000,GOOGL
2016-09-01,39.19701385498047,39.27081264763772,38.945905244204624,39.22573983663845,26070000,GOOGL
2016-09-02,39.467933654785156,39.47932655574071,39.28913501647197,39.38868969924981,26998000,GOOGL
2016-09-06,40.02017593383789,40.16232077525835,39.396608351861516,39.543212105818235,39790000,GOOGL
2016-09-07,40.01869583129883,40.14796274467995,39.80720731634327,40.01572196299426,22906000,GOOGL
2016-09-08,39.76361846923828,40.03999171956553,39.67298161636431,39.88150003607962,23554000,GOOGL
2016-09-09,39.05238723754883,39.709634777225695,39.03109026035865,39.562037202873626,37752000,GOOGL
2016-09-12,39.56452178955078,39.631382820248135,38.80573940302876,38.856261160710666,37274000,GOOGL
2016-09-13,39.06428146362305,39.41444977467458,38.84684896495883,39.32628798349377,36180000,GOOGL
2016-09-14,39.15045166015625,39.44118788533569,39.005332944380434,39.005332944380434,25842000,GOOGL
2016-09-15,39.683876037597656,39.803733874891634,39.0612984797654,39.12816327471218,31144000,GOOGL
2016-09-16,39.52240753173828,39.57441431917758,39.30695893821659,39.57441431917758,42612000,GOOGL
2016-09-19,39.394630432128906,39.82057752213832,39.303993583058045,39.677933879364375,22990000,GOOGL
2016-09-20,39.612060546875,39.75916310775899,39.53677671424401,39.622958432399656,20984000,GOOGL
2016-09-21,39.87208938598633,39.91567715198923,39.426330320834026,39.68536672718553,26970000,GOOGL
2016-09-22,40.412940979003906,40.56697374562617,40.00482575457232,40.11824462683804,35186000,GOOGL
2016-09-23,40.36390686035156,40.46494279961748,40.253458080756836,40.37282090705394,28234000,GOOGL
2016-09-26,39.75421142578125,40.1222115774968,39.64524767933799,40.10933363160005,29454000,GOOGL
2016-09-27,40.15439987182617,40.291099560315516,39.713594767308365,39.713594767308365,27346000,GOOGL
2016-09-28,40.121219635009766,40.13063247677058,39.76065224808996,39.82503820182845,29406000,GOOGL
2016-09-29,39.75371170043945,40.31189954861213,39.66554992810489,39.98104822897196,27000000,GOOGL
2016-09-30,39.82404708862305,40.02364769639707,39.69725524444355,39.801265064764245,33204000,GOOGL
2016-10-03,39.64177703857422,39.79828486975446,39.43623250535076,39.74925194645071,29784000,GOOGL
2016-10-04,39.76114273071289,39.94489528670207,39.606614947858944,39.870601484709326,25174000,GOOGL
2016-10-05,39.683876037597656,40.043948343089816,39.65812014936046,39.92012660809032,24276000,GOOGL
2016-10-06,39.7755126953125,39.967189302144234,39.64822582491078,39.825040645746085,21998000,GOOGL
2016-10-07,39.658119201660156,39.91715556497536,39.46545261683496,39.91666055011643,23262000,GOOGL
2016-10-10,40.32478332519531,40.48377003582438,39.733905515755836,39.81760838753281,29922000,GOOGL
2016-10-11,40.096946716308594,40.606596664765746,39.98798298069279,40.32477826407818,34432000,GOOGL
2016-10-12,40.20591354370117,40.341124415098996,40.04643182587251,40.21532260607277,18158000,GOOGL
2016-10-13,39.82503890991211,39.94787064002745,39.55461336491413,39.92360357023108,27380000,GOOGL
2016-10-14,39.850791931152344,40.12270628020538,39.737868066074995,39.99195054123899,22238000,GOOGL
2016-10-17,39.961734771728516,40.29110107523914,39.81265592627688,39.919635830808495,21128000,GOOGL
2016-10-18,40.68733215332031,41.04987957140694,40.28317703052519,40.32676101618569,45786000,GOOGL
2016-10-19,40.95230484008789,41.09891237564094,40.75617314450189,40.75617314450189,30002000,GOOGL
2016-10-20,40.69426345825195,41.033038801483016,40.640771620178725,40.98796599528512,27878000,GOOGL
2016-10-21,40.81462097167969,40.82601387293646,40.52983244892093,40.6135353198127,32316000,GOOGL
2016-10-24,41.39311599731445,41.50207974585815,41.06127460219689,41.113281401725494,28952000,GOOGL
2016-10-25,41.03700637817383,41.52981452874955,40.87603583463335,41.52981452874955,37814000,GOOGL
2016-10-26,40.7175407409668,40.99539902445275,40.43275224897416,40.96617425204781,35898000,GOOGL
2016-10-27,40.48228073120117,40.939428880682605,40.34657107381869,40.762614092905096,59470000,GOOGL
2016-10-28,40.59174346923828,41.55458155284639,40.4649478463459,41.10585239134757,87098000,GOOGL
2016-10-31,40.113285064697266,40.74378658972558,40.019183123024675,40.73387873560898,44854000,GOOGL
2016-11-01,39.89437484741211,40.3143817831153,39.536777579275935,40.16133526120931,47118000,GOOGL
2016-11-02,39.049415588378906,39.95777168389913,38.88002602869621,39.95777168389913,47014000,GOOGL
2016-11-03,38.7408561706543,39.127674455374546,38.56453260151955,38.85526508374616,43504000,GOOGL
2016-11-04,38.68687438964844,39.05239574331703,38.186633377328604,38.20149138523326,39412000,GOOGL
2016-11-07,39.72350311279297,39.870601894834735,39.271305102410835,39.37283984022069,39852000,GOOGL
2016-11-08,40.216312408447266,40.41739805152858,39.60413765307024,39.723504267357484,35382000,GOOGL
2016-11-09,39.89982986450195,40.20294530744759,39.22871800529641,39.713602199513794,61970000,GOOGL
2016-11-10,38.64674758911133,40.121215634759494,38.04943085394216,40.11824554528284,118192000,GOOGL
2016-11-11,38.223777770996094,38.49816342807949,37.91620343934803,38.47439137391961,71852000,GOOGL
2016-11-14,37.30601119995117,38.225265372949295,36.829051031314805,38.22427534296892,73766000,GOOGL
2016-11-15,38.39266586303711,38.644273256932934,37.90035273975532,37.91273189155231,58878000,GOOGL
2016-11-16,38.63140106201172,38.80574080910431,37.955335275948975,38.15790599277364,35968000,GOOGL
2016-11-17,38.93748092651367,39.073190590464996,38.624956466226365,38.756207217122544,30674000,GOOGL
2016-11-18,38.43278884887695,39.19156745224186,38.40208280545635,38.987511699010774,36126000,GOOGL
2016-11-21,38.8701286315918,38.956801596503176,38.4491316238442,38.53828344235378,32616000,GOOGL
2016-11-22,38.880027770996094,39.31439390654118,38.81762188384057,39.07764830302512,27884000,GOOGL
2016-11-23,38.582855224609375,39.10389807773363,38.26834694464023,39.10389807773363,26260000,GOOGL
2016-11-25,38.64378356933594,38.776024367873845,38.54274383016275,38.7616613756678,12270000,GOOGL
2016-11-28,38.91915512084961,39.61007876584269,38.53827706130695,38.55065999102689,51508000,GOOGL
2016-11-29,39.09994125366211,39.446640679449615,38.89687174802919,39.047439435439856,31240000,GOOGL
2016-11-30,38.4283332824707,39.20246875371343,38.29312238641178,39.08310589572033,45582000,GOOGL
2016-12-01,37.85626983642578,38.56304533841636,37.312939948010374,38.56057026381305,57342000,GOOGL
2016-12-02,37.86271667480469,38.16187201358559,37.59229110108986,37.7359248114577,34376000,GOOGL
2016-12-05,38.544227600097656,38.63238938912001,37.98702967621612,38.13710234566975,33770000,GOOGL
2016-12-06,38.44318389892578,38.89389687577066,38.301534056124154,38.64179446654179,34682000,GOOGL
2016-12-07,39.20048141479492,39.22672854211137,38.31193340072965,38.62991058422393,40588000,GOOGL
2016-12-08,39.38373947143555,39.57343601359334,39.02416210129051,39.273785685978936,32250000,GOOGL
2016-12-09,40.090999603271484,40.11576546077649,39.526372816559075,39.588283681582276,38090000,GOOGL
2016-12-12,40.01422882080078,40.18510340468777,39.8473181342711,39.86168112174023,32572000,GOOGL
2016-12-13,40.38273239135742,40.826511429430234,40.21433660919722,40.23662361941131,42564000,GOOGL
2016-12-14,40.509033203125,40.824531567456546,40.255940734939664,40.41146234969531,35994000,GOOGL
2016-12-15,40.3980827331543,40.76211895674457,40.21730026923553,40.482775625671565,35394000,GOOGL
2016-12-16,40.11032485961914,40.57391203204998,40.02513316392819,40.52983302871288,51978000,GOOGL
2016-12-19,40.242069244384766,40.42631682685612,39.845838128020986,40.082587523713634,25272000,GOOGL
2016-12-20,40.37579345703125,40.43968816872117,40.167773829700835,40.28515660360441,25438000,GOOGL
2016-12-21,40.22720718383789,40.40154689251946,39.875553898413706,40.40154689251946,29192000,GOOGL
2016-12-22,40.10239791870117,40.171242779675495,39.92161544772397,40.07367193850869,22632000,GOOGL
2016-12-23,40.0092887878418,40.166295453610736,39.87605795699508,40.019691660305384,15310000,GOOGL
2016-12-27,40.11478042602539,40.41542077083932,39.91022966440264,40.05286954746138,19520000,GOOGL
2016-12-28,39.849308013916016,40.28317917009304,39.74381314862238,40.28317917009304,24296000,GOOGL
2016-12-29,39.76560592651367,39.90775079455509,39.53084035877363,39.738364988807035,21148000,GOOGL
2016-12-30,39.24901580810547,39.78590668182561,39.108847242982684,39.78194278403045,34718000,GOOGL
2017-01-03,40.01968002319336,40.189560808282565,39.46892120502663,39.653659993251516,39180000,GOOGL
2017-01-04,40.00779342651367,40.28812677211917,39.82651973630667,40.112793260370545,30306000,GOOGL
2017-01-05,40.267826080322266,40.30348605030842,39.916172751204776,39.99442667919496,26810000,GOOGL
2017-01-06,40.87158203125,41.05731466379456,40.19254243838996,40.365397124732695,40342000,GOOGL
2017-01-09,40.96915054321289,41.13011730407852,40.6937710966463,40.92903166204217,28178000,GOOGL
2017-01-10,40.91120910644531,41.079608686984116,40.76906421648395,40.96371093011874,23948000,GOOGL
2017-01-11,41.10188674926758,41.10386680897781,40.686342500652046,40.94141500172095,26508000,GOOGL
2017-01-12,41.085548400878906,41.12764734697844,40.66356135243444,41.02858766903217,26990000,GOOGL
2017-01-13,41.15538024902344,41.33912904178607,41.085050339078386,41.158350338708416,25804000,GOOGL
2017-01-17,40.98301696777344,41.117732817683695,40.77202347778889,41.10881877067412,28818000,GOOGL
2017-01-18,41.060279846191406,41.099408695071226,40.81560645507907,41.09891368017955,20554000,GOOGL
2017-01-19,40.82997131347656,41.25740724515224,40.80966814450937,41.05929169596535,21410000,GOOGL
2017-01-20,41.018184661865234,41.071181490041276,40.841366082126086,41.063748708506715,26124000,GOOGL
2017-01-23,41.82352066040039,41.87849754779648,41.044435174403034,41.18856387321818,49148000,GOOGL
2017-01-24,42.07612609863281,42.174686991265624,41.71703993120151,41.9498254708155,33768000,GOOGL
2017-01-25,42.51791763305664,42.534755699968585,42.086521521985006,42.275228035341286,33108000,GOOGL
2017-01-26,42.44510269165039,42.64420826944014,42.125149236931115,42.54762745938286,69866000,GOOGL
2017-01-27,41.853240966796875,42.941385925476695,41.69821814482254,42.545158550857245,75050000,GOOGL
2017-01-30,40.80323028564453,41.46691304798565,40.66454675231036,41.45849401547241,70338000,GOOGL
2017-01-31,40.6229362487793,40.765579878441166,40.286636008967726,40.588761330591744,40404000,GOOGL
2017-02-01,40.377784729003906,40.811655936771686,40.22969210928394,40.811655936771686,45020000,GOOGL
2017-02-02,40.52735137939453,40.83938460086608,40.21978084968036,40.36588960454157,33784000,GOOGL
2017-02-03,40.61997604370117,40.917147510419284,40.58134220374433,40.76856366643034,30562000,GOOGL
2017-02-06,40.69376754760742,40.73190258702195,40.33072136778282,40.65909761234897,27018000,GOOGL
2017-02-07,41.070682525634766,41.20391711792648,40.7764849472161,40.885943707671984,33332000,GOOGL
2017-02-08,41.102874755859375,41.31931718822498,40.86662416988669,41.135069618265405,26044000,GOOGL
2017-02-09,41.111793518066406,41.206889292741955,40.935473723814795,41.19450636126251,23884000,GOOGL
2017-02-10,41.349037170410156,41.46295106892511,41.13408354083997,41.254931427405566,28302000,GOOGL
2017-02-13,41.55259704589844,41.69028676166298,41.418372434402954,41.49018738165871,25914000,GOOGL
2017-02-14,41.605594635009766,41.7031654824509,41.397574993956574,41.59271668883884,27266000,GOOGL
2017-02-15,41.471370697021484,41.69177325287088,41.41688882670008,41.54516570641992,27144000,GOOGL
2017-02-16,41.71158981323242,41.7373419277721,41.46840142945694,41.5298172941104,20102000,GOOGL
2017-02-17,41.928524017333984,41.94784093752763,41.59321372189133,41.668992579004644,29224000,GOOGL
2017-02-21,42.06324005126953,42.20835877963095,41.92852041520191,41.99984413142474,25206000,GOOGL
2017-02-22,42.166751861572266,42.28710471987905,41.93644145777508,42.00033616675811,24488000,GOOGL
2017-02-23,42.148921966552734,42.22915972834813,41.72792878206621,42.152885864646514,27734000,GOOGL
2017-02-24,41.99092102050781,42.01816195325167,41.75070655324091,41.98299700386696,26924000,GOOGL
2017-02-27,42.08305358886719,42.132581535048224,41.753192252640154,41.8492780553022,20206000,GOOGL
2017-02-28,41.84828567504883,42.041451095606234,41.67543098309519,41.968147314362604,27662000,GOOGL
2017-03-01,42.43370819091797,42.49561905563846,42.05085010360015,42.16773784642235,36374000,GOOGL
2017-03-02,42.09196472167969,42.42083600523113,42.03599780628442,42.41191817926848,25018000,GOOGL
2017-03-03,42.0538215637207,42.14000327378625,41.83738292693663,42.04688757687586,20100000,GOOGL
2017-03-06,41.96417999267578,42.046892830283475,41.6620546229428,41.94387304446875,20958000,GOOGL
2017-03-07,42.15635299682617,42.264326714252114,41.877508434286355,41.96368637925787,20774000,GOOGL
2017-03-08,42.27968215942383,42.44263277479298,42.16130934266585,42.253926265948046,20576000,GOOGL
2017-03-09,42.487701416015625,42.62985006504672,42.23163886476509,42.28216062130573,26954000,GOOGL
2017-03-10,42.66451644897461,42.804186232785284,42.476308751278104,42.72840738303313,26732000,GOOGL
2017-03-13,42.82152557373047,42.9478224043921,42.63529792494081,42.635792939895076,23332000,GOOGL
2017-03-14,42.88740158081055,42.97011442542913,42.60112422194062,42.780417887775634,21234000,GOOGL
2017-03-15,43.01022720336914,43.08402599582005,42.659068893975245,42.987940194773365,26658000,GOOGL
2017-03-16,43.0899658203125,43.2241904314329,42.967134109237925,43.116216724663545,22090000,GOOGL
2017-03-17,43.20735168457031,43.30888642625031,43.00923612924687,43.27223264901563,37366000,GOOGL
2017-03-20,42.9864501953125,43.10680305084976,42.82597846168295,43.064209098334345,30844000,GOOGL
2017-03-21,42.1063346862793,43.261839504350625,41.98498799451033,43.092944921617594,50760000,GOOGL
2017-03-22,42.08949279785156,42.36437724624804,41.950809257531276,42.073640983142326,27334000,GOOGL
2017-03-23,41.586769104003906,41.687808826021154,41.25740659042945,41.67295082134739,65754000,GOOGL
2017-03-24,41.363399505615234,41.802224584391475,41.06424799427898,41.70316491470992,42114000,GOOGL
2017-03-27,41.53031539916992,41.67246405901343,40.82651364623693,41.01422635893793,38692000,GOOGL
2017-03-28,41.635311126708984,41.87156171613289,41.22124815846946,41.588753273950836,30384000,GOOGL
2017-03-29,42.09295654296875,42.17814445697651,41.672458358494666,41.74031319223479,29146000,GOOGL
2017-03-30,42.073638916015625,42.198450695305645,41.93941807434497,42.19746066544872,18988000,GOOGL
2017-03-31,41.99043273925781,42.07760449376498,41.863640895192894,41.94238983810023,28820000,GOOGL
2017-04-03,42.43370819091797,42.54514699166698,41.97705132503624,42.03747714521113,39388000,GOOGL
2017-04-04,42.226688385009766,42.24798536463858,41.97607100035369,42.00034184850058,26970000,GOOGL
2017-04-05,42.045406341552734,42.623901170013,41.97656148173173,42.33267369614479,37104000,GOOGL
2017-04-06,41.85670471191406,42.27720288404098,41.80222284054701,42.07462841864242,30672000,GOOGL
2017-04-07,41.70812225341797,41.89533994312617,41.470386584222254,41.85175595214637,22232000,GOOGL
2017-04-10,41.68830490112305,41.93793223370584,41.6432358710491,41.68038088367817,20924000,GOOGL
2017-04-11,41.59815979003906,41.833420335243375,41.3366483412299,41.688301621836054,19486000,GOOGL
2017-04-12,41.676422119140625,41.78835595432547,41.48474553451597,41.52783450631439,22716000,GOOGL
2017-04-13,41.61302185058594,41.788850397399514,41.497622912434174,41.65561580686632,21474000,GOOGL
2017-04-17,42.35348129272461,42.3787421714296,41.655124745944256,41.672461606303045,20982000,GOOGL
2017-04-18,42.297019958496094,42.46541574228889,42.16131027850474,42.22520121990068,18724000,GOOGL
2017-04-19,42.42182922363281,42.60458798850671,42.274231635377376,42.465413211931285,21606000,GOOGL
2017-04-20,42.5986442565918,42.78932702355084,42.470858613330456,42.58180241337638,23776000,GOOGL
2017-04-21,42.54267120361328,42.715529645426905,42.482249157824675,42.62538403414904,23458000,GOOGL
2017-04-24,43.53226089477539,43.583277664577906,42.89730408439131,43.01270680639477,33930000,GOOGL
2017-04-25,44.023094177246094,44.19198497042465,43.54959913665454,43.69719295007352,40760000,GOOGL
2017-04-26,44.03794860839844,44.22863515956153,43.840328069533776,44.149387426549374,26466000,GOOGL
2017-04-27,44.15186309814453,44.24794889741398,43.94087337468972,44.080543160461204,46846000,GOOGL
2017-04-28,45.7902717590332,46.3539047827361,45.72588203582577,46.01215934980436,76918000,GOOGL
2017-05-01,46.201358795166016,46.34994640026166,45.60602590244416,45.77194658684843,46556000,GOOGL
2017-05-02,46.41284942626953,46.7050707219991,46.11121906809098,46.223651696246336,35026000,GOOGL
2017-05-03,46.97549819946289,47.062171161056426,46.31973942185553,46.361343350318045,36496000,GOOGL
2017-05-04,47.286041259765625,47.50495878222806,46.922005006805605,47.06662872236477,38752000,GOOGL
2017-05-05,47.06614303588867,47.47029825140401,46.958169298072434,47.38510654149056,32310000,GOOGL
2017-05-08,47.48267364501953,47.59658754518577,46.92349190082459,46.92597075435438,37534000,GOOGL
2017-05-09,47.38460922241211,47.65652361387719,47.27020029468398,47.61343463534947,33758000,GOOGL
2017-05-10,47.291988372802734,47.384605296086455,47.044344852430555,47.36033822626483,22920000,GOOGL
2017-05-11,47.34398651123047,47.448000104346505,46.983419154726356,47.116154949443604,20622000,GOOGL
2017-05-12,47.306846618652344,47.44750644605942,47.15429887438995,47.441071251398064,24298000,GOOGL
2017-05-15,47.508914947509766,47.68127460023484,47.19193159126273,47.31426828819068,26754000,GOOGL
2017-05-16,47.77587890625,47.83976984140722,47.56488918212898,47.72338087205677,22030000,GOOGL
2017-05-17,46.66445541381836,47.59658361764567,46.55994680647657,47.53269268468349,48982000,GOOGL
2017-05-18,47.077030181884766,47.25929392099857,46.61987823184976,46.71546901445875,36010000,GOOGL
2017-05-19,47.28257751464844,47.525765910480786,47.15132674564366,47.19194064744775,27206000,GOOGL
2017-05-22,47.7491340637207,47.78628285705655,47.3771737878572,47.39896578166941,27748000,GOOGL
2017-05-23,48.070072174072266,48.26620385968721,47.77042192481249,48.0408511829182,30908000,GOOGL
2017-05-24,48.41975021362305,48.445007309755695,48.123568817457056,48.303357473485704,22660000,GOOGL
2017-05-25,49.12554168701172,49.319697150134836,48.4301589754796,48.48860475403831,39082000,GOOGL
2017-05-26,49.19537353515625,49.34990132570486,48.90265722550061,49.13246885160212,32728000,GOOGL
2017-05-30,49.33900833129883,49.410827069459465,49.10077764902285,49.15723958660026,30324000,GOOGL
2017-05-31,48.889286041259766,49.508889828238004,48.621335583345704,49.340989070989444,34482000,GOOGL
2017-06-01,48.948726654052734,49.18894118350611,48.60202344040044,49.08096745431623,26128000,GOOGL
2017-06-02,49.336524963378906,49.35435683586191,48.88829086421945,48.96357469458156,34710000,GOOGL
2017-06-05,49.72087097167969,49.895210693597605,49.303342887200884,49.42419454609459,27578000,GOOGL
2017-06-06,49.364261627197266,49.95513937855616,49.27114970174379,49.692637887650676,31042000,GOOGL
2017-06-07,49.602996826171875,49.72235967032366,49.324148474856926,49.48363020327994,27482000,GOOGL
2017-06-08,49.740684509277344,49.806060490077826,49.36129523418635,49.738205655835046,33758000,GOOGL
2017-06-09,48.04877853393555,49.80110477618176,47.21917137382361,49.80060976129661,72958000,GOOGL
2017-06-12,47.637203216552734,47.943787530224654,46.39849058745633,47.48416045657508,84042000,GOOGL
2017-06-13,48.06760787963867,48.43461423956637,47.64710589517433,48.14388174989876,40108000,GOOGL
2017-06-14,47.94031524658203,48.52326902532247,47.52328216291726,48.31524938780133,30110000,GOOGL
2017-06-15,47.55646514892578,47.58123100995381,46.5753040086282,46.9541982541699,48552000,GOOGL
2017-06-16,47.47919464111328,47.54506940387785,46.987871617024645,47.44402969289513,51184000,GOOGL
2017-06-19,48.30137252807617,48.50344817039541,47.95367938753501,48.02549432820628,29376000,GOOGL
2017-06-20,47.992820739746094,48.577259608117515,47.953691883948174,48.3058402499086,25946000,GOOGL
2017-06-21,48.468292236328125,48.515840121964764,48.015599182265596,48.081968971927985,23232000,GOOGL
2017-06-22,48.370723724365234,48.56289533595361,48.20678308080771,48.38310287725896,20190000,GOOGL
2017-06-23,48.839759826660156,48.86601073481301,48.263740007155725,48.31525179352967,31280000,GOOGL
2017-06-26,48.1463508605957,49.23103053353471,48.0591791144939,49.03341000478912,30358000,GOOGL
2017-06-27,46.95766067504883,47.90514563158612,46.90813273456309,47.626796112088115,48872000,GOOGL
2017-06-28,47.597572326660156,47.708021109942024,46.36678389743331,47.08495227495686,54912000,GOOGL
2017-06-29,46.449012756347656,47.134491419477484,46.0418874633868,47.11913839634516,64134000,GOOGL
2017-06-30,46.045841217041016,46.80461972350421,46.042372333917676,46.75459676622012,45754000,GOOGL
2017-07-03,45.5396614074707,46.27169785376251,45.334116833997776,46.221176097216265,33896000,GOOGL
2017-07-05,46.17362594604492,46.37322655139147,45.49855026269771,45.77442473535182,41882000,GOOGL
2017-07-06,45.94728088378906,46.36579902680914,45.55897754693378,45.814050063909306,40298000,GOOGL
2017-07-07,46.59709167480469,46.78777820654347,46.05128298294306,46.11071877664774,33266000,GOOGL
2017-07-10,47.10178756713867,47.20728619517832,46.65355348790721,46.65355348790721,29030000,GOOGL
2017-07-11,47.22710037231445,47.29446019119559,46.81056608559357,47.07802152262868,29224000,GOOGL
2017-07-12,47.926944732666016,48.02451558343207,47.40095165397296,47.590149397166705,32042000,GOOGL
2017-07-13,47.98588180541992,48.473739800201564,47.78529117605344,48.08246261877193,30492000,GOOGL
2017-07-14,48.38508224487305,48.41628329981763,48.05026700043019,48.24095354949988,21592000,GOOGL
2017-07-17,48.33802795410156,48.70404424272042,48.082460449319925,48.35585982693087,33210000,GOOGL
2017-07-18,48.882347106933594,49.07550872196207,48.14387556849733,48.20925154372343,28266000,GOOGL
2017-07-19,49.17060470581055,49.31076949743891,48.885317416069675,49.033905018485505,28242000,GOOGL
2017-07-20,49.14188003540039,49.46331853639547,48.76694591507201,49.380110686023265,28368000,GOOGL
2017-07-21,49.22360610961914,49.286507016488756,48.74466214452226,48.983886619597435,29266000,GOOGL
2017-07-24,49.44499588012695,49.835283023834165,49.04678471898881,49.23648123737237,79690000,GOOGL
2017-07-25,47.99479293823242,48.37616224045898,47.73575655441342,48.07750577109283,118672000,GOOGL
2017-07-26,47.810543060302734,48.238470193454965,47.558939469590406,48.18052322325832,44432000,GOOGL
2017-07-27,47.17658233642578,48.01906752880629,46.41136481905355,48.00222568473783,74358000,GOOGL
2017-07-28,47.46484375,47.636213401095,46.819979046305086,46.95271863536961,36276000,GOOGL
2017-07-31,46.82938003540039,47.606485337747934,46.64265363101092,47.54754456155312,45670000,GOOGL
2017-08-01,46.88188552856445,47.2746477579216,46.80264157328401,46.94379640374039,28052000,GOOGL
2017-08-02,46.93537139892578,47.00768513595491,46.186497034178466,46.971526378070614,40788000,GOOGL
2017-08-03,46.571834564208984,47.05226354394022,46.52924060904515,47.00768952911476,22478000,GOOGL
2017-08-04,46.843753814697266,46.930426778860244,46.547077363445396,46.752618158348014,25092000,GOOGL
2017-08-07,46.84176254272461,47.00075301176803,46.73032373291927,46.929429301650515,28916000,GOOGL
2017-08-08,46.764503479003906,47.175592603468736,46.67981057941175,46.769457407142276,30102000,GOOGL
2017-08-09,46.56094741821289,46.74321118156614,46.25584814141841,46.480214630054284,28018000,GOOGL
2017-08-10,45.74421691894531,46.37372482056413,45.65457008441542,46.30933886484187,54148000,GOOGL
2017-08-11,46.0661506652832,46.228107461293106,45.62683057520137,45.750157312284315,32334000,GOOGL
2017-08-14,46.50397872924805,46.60848355523946,46.28407119188196,46.51091271665383,23012000,GOOGL
2017-08-15,46.461883544921875,46.70903203698071,46.390563605481184,46.607992307156366,22130000,GOOGL
2017-08-16,46.76847457885742,47.04731918252333,46.55896608610536,46.61889691171404,26906000,GOOGL
2017-08-17,45.945796966552734,46.74568447790145,45.94480693661158,46.70309051799044,33914000,GOOGL
2017-08-18,45.87248611450195,46.1122055792217,45.7372752523099,45.912109978482334,26748000,GOOGL
2017-08-21,45.6094970703125,45.975018395253066,45.49706821109512,45.85219044281597,26024000,GOOGL
2017-08-22,46.5767936706543,46.65405757218609,45.871998157468745,45.9111270125752,35502000,GOOGL
2017-08-23,46.68476486206055,46.82591969578603,46.32122362023945,46.40839159519272,22690000,GOOGL
2017-08-24,46.402950286865234,46.869507578085305,46.09834602793991,46.74073566472894,25892000,GOOGL
2017-08-25,46.086456298828125,46.59313241478874,46.066644365621215,46.517848580098445,23746000,GOOGL
2017-08-28,45.96907424926758,46.30190566342561,45.8690245518032,46.15480687493397,20988000,GOOGL
2017-08-29,46.34648513793945,46.467336813021205,45.53223460170136,45.56393445481439,23172000,GOOGL
2017-08-30,46.736759185791016,46.8472079575017,46.26227422505356,46.342511975866266,22406000,GOOGL
2017-08-31,47.311798095703125,47.4088739279311,46.86653403907601,46.86900911381752,33866000,GOOGL
2017-09-01,47.15082550048828,47.464838786120076,47.066132603125276,47.42224482997517,20858000,GOOGL
2017-09-05,46.630287170410156,47.1211153140762,46.33905587163513,46.89674882608375,29148000,GOOGL
2017-09-06,46.65702438354492,46.77985231622036,46.194423516786195,46.748651262840845,27830000,GOOGL
2017-09-07,47.046810150146484,47.0770249508268,46.43463546477703,46.76747061469232,22332000,GOOGL
2017-09-08,46.62681579589844,47.08693787076729,46.55747591388011,47.03740992343136,19998000,GOOGL
2017-09-11,46.71992492675781,47.18499708569917,46.606502277965326,46.9135815541554,26748000,GOOGL
2017-09-12,46.886348724365234,46.957668668506095,46.43316062323364,46.89972168623418,25696000,GOOGL
2017-09-13,47.07405471801758,47.1934213278719,46.79174129281177,46.82938509816708,21908000,GOOGL
2017-09-14,46.563419342041016,46.954696545398455,46.475752571223005,46.854151828246486,28548000,GOOGL
2017-09-15,46.323699951171875,46.64365721419299,46.12360432507197,46.56143938644609,39886000,GOOGL
2017-09-18,46.049312591552734,46.401460957617616,45.83386393459125,46.309834062816115,29474000,GOOGL
2017-09-19,46.401451110839844,46.45494294717937,45.89626009107859,46.23058028946113,24854000,GOOGL
2017-09-20,46.93042755126953,47.05226925255862,46.4331604466039,46.444553348520124,40080000,GOOGL
2017-09-21,46.93092346191406,47.190949921125664,46.52627705230143,46.95965322474065,27414000,GOOGL
2017-09-22,46.718441009521484,47.05226623988343,46.59858315454882,46.694173941056704,21496000,GOOGL
2017-09-25,46.27367401123047,46.54459454614953,45.789776138815476,46.529736540914904,37468000,GOOGL
2017-09-26,46.429683685302734,46.75904996763584,46.31527478553793,46.39303368963543,33454000,GOOGL
2017-09-27,47.5426025390625,47.816496971085805,46.65356319742582,46.69269205306923,46692000,GOOGL
2017-09-28,47.78578567504883,47.853636728134816,47.327148680940695,47.36181861923786,28018000,GOOGL
2017-09-29,48.22708511352539,48.33059991199778,47.844721989198014,47.844721989198014,40622000,GOOGL
2017-10-02,47.91753387451172,48.42619385284135,47.644134473629876,48.32267904761472,30782000,GOOGL
2017-10-03,48.14585494995117,48.16368682225604,47.681772821269156,47.921983520686055,21666000,GOOGL
2017-10-04,47.883358001708984,48.26076721529586,47.825407245282896,48.13001147555852,21156000,GOOGL
2017-10-05,48.7951774597168,48.86055721649431,48.0562108746022,48.18102265164307,35618000,GOOGL
2017-10-06,49.21369171142578,49.244401527728684,48.46432231427294,48.538121097636505,31060000,GOOGL
2017-10-09,49.147823333740234,49.55147964986478,49.10770445383334,49.28105413978312,25910000,GOOGL
2017-10-10,48.924442291259766,49.40338617289079,48.593095970253515,49.29590748838361,23268000,GOOGL
2017-10-11,49.80854034423828,49.90363611707686,48.931385188343604,48.985867062808616,36300000,GOOGL
2017-10-12,49.80854034423828,50.10026285710925,49.583183843382095,49.71889351459423,30614000,GOOGL
2017-10-13,49.918495178222656,50.25974564452772,49.87837629395149,49.97991104203158,26552000,GOOGL
2017-10-16,49.991790771484375,50.12304152060324,49.60398248187421,50.00565874664607,21420000,GOOGL
2017-10-17,50.073516845703125,50.24984041497498,49.828352189787,49.89719705517133,20260000,GOOGL
2017-10-18,50.159698486328125,50.33651329151259,49.79219334243559,50.0759956151185,25596000,GOOGL
2017-10-19,49.619834899902344,49.89125424810559,49.39497718794903,49.76396360708016,34284000,GOOGL
2017-10-20,49.779808044433594,49.95711784267704,49.64112452237975,49.877873894528726,32120000,GOOGL
2017-10-23,48.81251525878906,49.815472186199585,48.69166359877556,49.78525738182625,32786000,GOOGL
2017-10-24,48.958621978759766,48.996760799150934,48.39350011152898,48.86006110961652,28902000,GOOGL
2017-10-25,49.10573196411133,49.25283076770624,48.42520728172796,48.8486755956323,30574000,GOOGL
2017-10-26,49.10374069213867,49.851130071535,49.05668782466318,49.45291891828231,47396000,GOOGL
2017-10-27,51.19633483886719,52.67972091233253,50.85854946412761,51.06359902812028,103682000,GOOGL
2017-10-30,51.169593811035156,51.501435234518524,50.6346828790456,50.972963276151866,46804000,GOOGL
2017-10-31,51.16512680053711,51.55937405915592,50.831301591177066,51.1631467408866,30326000,GOOGL
2017-11-01,51.63862228393555,51.89914372258084,51.21267517313584,51.327582872540646,43262000,GOOGL
2017-11-02,51.65694808959961,51.78324869617565,50.94819249566028,51.509354282985996,26694000,GOOGL
2017-11-03,52.004634857177734,52.03781974796378,51.39345018507483,51.64604758821477,27770000,GOOGL
2017-11-06,51.6425895690918,52.133421489570864,51.60890965633876,51.96056679093125,18294000,GOOGL
2017-11-07,52.12350082397461,52.17402257005954,51.658428690754754,51.98779117633853,26104000,GOOGL
2017-11-08,52.41572952270508,52.63365323491119,51.85902665816718,52.0076104921159,24276000,GOOGL
2017-11-09,51.8922119140625,52.04871976679686,51.30430421084242,51.906079889810606,35892000,GOOGL
2017-11-10,51.715389251708984,51.838220963993535,51.57027053274707,51.701521277055555,19442000,GOOGL
2017-11-13,51.56928634643555,51.94273167459627,51.473200542771906,51.5494744120086,18814000,GOOGL
2017-11-14,51.59107971191406,51.62376959352439,50.98137997803044,51.39692803960578,21012000,GOOGL
2017-11-15,51.33204650878906,51.49152824960986,51.05220810579831,51.26221160647632,18106000,GOOGL
2017-11-16,51.929351806640625,52.09230239498003,51.41078781204394,51.44793282244156,23768000,GOOGL
2017-11-17,51.3062858581543,52.054665335510855,51.19930594710436,51.99523331117425,26712000,GOOGL
2017-11-20,51.245365142822266,51.44546075324813,51.147295507912396,51.3117311505255,17526000,GOOGL
2017-11-21,52.01999282836914,52.02445174147042,51.467253868366655,51.5118278844198,22206000,GOOGL
2017-11-22,52.1002311706543,52.27407588117706,51.86893071906519,52.06258736318945,14538000,GOOGL
2017-11-24,52.32806396484375,52.50389251796374,52.10023239119901,52.222569100215786,16492000,GOOGL
2017-11-27,53.09526062011719,53.14627738858993,52.24138630427026,52.4295977852043,35430000,GOOGL
2017-11-28,52.66337585449219,53.4909993036399,52.22999970272659,53.19333282607308,36424000,GOOGL
2017-11-29,51.38007736206055,52.43949612317708,50.99721924791009,52.31121547236943,55866000,GOOGL
2017-11-30,51.32014465332031,51.71489066753893,51.01802309993094,51.50687106209467,45092000,GOOGL
2017-12-01,50.7703857421875,51.373147655642825,50.365735603238704,51.034867303972455,37762000,GOOGL
2017-12-04,50.116607666015625,51.0809346106304,49.985356903493,50.90560106479491,38778000,GOOGL
2017-12-05,50.49946594238281,51.34541629399922,49.64361151265184,50.073023772423475,38998000,GOOGL
2017-12-06,51.1492805480957,51.48904594824603,50.28698343395342,50.34691424912757,28710000,GOOGL
2017-12-07,51.73619079589844,51.9516394161858,51.28003268071621,51.315197631964885,30866000,GOOGL
2017-12-08,51.974430084228516,52.32310954000198,51.80008657760177,52.09478295357833,31170000,GOOGL
2017-12-11,52.102699279785156,52.30229985517953,51.71390099871094,52.06010532866924,23254000,GOOGL
2017-12-12,51.944217681884766,52.62424732319747,51.751056041068246,52.00513853115986,33882000,GOOGL
2017-12-13,52.073974609375,52.27654527906351,51.83574019583258,52.108149529847,27680000,GOOGL
2017-12-14,52.375118255615234,52.851088364818395,52.183441661543064,52.27705239126115,30962000,GOOGL
2017-12-15,53.09476089477539,53.255731424911325,52.50487696375823,52.68763570668704,63760000,GOOGL
2017-12-18,53.743099212646484,53.81243909137885,53.014036677340464,53.31516824551818,30292000,GOOGL
2017-12-19,53.480098724365234,53.73715506846243,53.10813845518965,53.64057425350983,26350000,GOOGL
2017-12-20,53.172035217285156,53.55191951881382,52.92637176474287,53.53656649771495,28728000,GOOGL
2017-12-21,53.03780746459961,53.36816379993906,52.94618057962035,53.26266893954436,25640000,GOOGL
2017-12-22,52.939247131347656,53.08089697650318,52.878821301067504,52.99570906343734,17788000,GOOGL
2017-12-26,52.79016876220703,52.93925140083552,52.43306647345058,52.928353513987766,18376000,GOOGL
2017-12-27,52.51032257080078,52.910022538860446,52.420180735809254,52.82730970607363,22324000,GOOGL
2017-12-28,52.299835205078125,52.74014535013895,52.172544562488085,52.611864677614854,19884000,GOOGL
2017-12-29,52.17353057861328,52.40384099772996,52.13886063988754,52.27704915860149,23606000,GOOGL
2018-01-02,53.15469741821289,53.29189213324735,52.154714323536105,52.154714323536105,31766000,GOOGL
2018-01-03,54.06156921386719,54.28841076053608,53.16559592857935,53.19035801242472,31318000,GOOGL
2018-01-04,54.27156448364258,54.683643614875685,54.19727445943355,54.33743925434634,26052000,GOOGL
2018-01-05,54.9912223815918,55.15417299064406,54.570724183986464,54.65244699598872,30250000,GOOGL
2018-01-08,55.18537139892578,55.43053982316546,54.97685675183388,55.02638469586232,24644000,GOOGL
2018-01-09,55.11504364013672,55.39488201397876,54.887707080680556,55.39488201397876,26808000,GOOGL
2018-01-10,54.98379135131836,55.114547089952985,54.67869588741755,54.82826975102401,20734000,GOOGL
2018-01-11,55.07838821411133,55.217067960630466,54.80251376577012,55.091266158965205,22424000,GOOGL
2018-01-12,55.99962615966797,56.03181724529466,54.87829641598141,54.98181121814807,38586000,GOOGL
2018-01-16,56.002105712890625,56.902537948639186,55.80201008036208,56.47807583494782,36462000,GOOGL
2018-01-17,56.41814422607422,56.429038333336884,55.64499891828019,56.28243455967417,27830000,GOOGL
2018-01-18,56.26312255859375,56.491944175988564,55.69304668564105,56.43052831028766,27498000,GOOGL
2018-01-19,56.636070251464844,56.64993822763117,56.091255282613524,56.365149701268464,30552000,GOOGL
2018-01-22,57.65933609008789,57.79405573659688,56.55286427104463,56.65192394604837,29550000,GOOGL
2018-01-23,58.254173278808594,58.3700710187412,57.8123780924123,57.979288824718495,39138000,GOOGL
2018-01-24,58.012474060058594,58.793048422740846,57.81980743358776,58.69052364369115,37128000,GOOGL
2018-01-25,58.54985809326172,58.691511722351315,58.039713068543485,58.47903316808695,29984000,GOOGL
2018-01-26,58.81830596923828,58.81830596923828,57.85101270980535,58.816820924329214,42170000,GOOGL
2018-01-29,58.76481246948242,59.33538329726216,58.64495084057303,58.840096304058775,31494000,GOOGL
2018-01-30,58.31360626220703,58.836629222122376,58.1719526360883,58.33094312129506,37338000,GOOGL
2018-01-31,58.55381393432617,58.75688339786728,58.05258302641011,58.6325628665963,36022000,GOOGL
2018-02-01,58.52261734008789,58.812858587212304,57.91688152585661,58.245257817910385,73514000,GOOGL
2018-02-02,55.432518005371094,56.031814798918795,55.03480186434895,55.83964320845578,117842000,GOOGL
2018-02-05,52.618797302246094,55.224008103834386,52.33896270351928,54.51178361072482,83550000,GOOGL
2018-02-06,53.71039962768555,53.85650836156009,51.01504755557285,51.211678033923235,76630000,GOOGL
2018-02-07,52.27308654785156,53.814419482431425,52.2339576950617,53.73715558547398,51942000,GOOGL
2018-02-08,49.910560607910156,52.69506074022288,49.7614780039251,52.493975125160276,66792000,GOOGL
2018-02-09,51.82039260864258,52.090323117806484,49.380112582688874,50.81050168615317,98360000,GOOGL
2018-02-12,52.230987548828125,52.77629751888971,51.78176337960311,52.33549238239492,56240000,GOOGL
2018-02-13,52.21018600463867,52.560849301141864,51.85258872017135,52.00513645538222,31586000,GOOGL
2018-02-14,53.129432678222656,53.26662738328245,51.995228819393326,52.219096478703165,41304000,GOOGL
2018-02-15,54.05364227294922,54.1893519373981,52.858513756412485,53.66187007851998,37396000,GOOGL
2018-02-16,54.25869369506836,54.89315548099452,54.06305320916554,54.153690067334985,39948000,GOOGL
2018-02-20,54.65938186645508,55.288394731314646,53.986286218953026,54.12298592278251,33754000,GOOGL
2018-02-21,55.16259002685547,56.2745107103021,54.853530664534716,54.932283383972866,41486000,GOOGL
2018-02-22,54.97190475463867,55.742571229309036,54.73664417818535,55.43103678505009,28010000,GOOGL
2018-02-23,55.87283706665039,55.917909882028226,54.899599806635855,55.405780975644724,25292000,GOOGL
2018-02-26,56.64597702026367,56.67073910366227,55.93474257233384,56.05955435543405,30912000,GOOGL
2018-02-27,55.34881591796875,56.673215107303584,55.31315595012472,56.64597417181692,42964000,GOOGL
2018-02-28,54.67572784423828,55.85104457236644,54.63016379301633,55.57120617650535,49292000,GOOGL
2018-03-01,53.06554412841797,55.039758149419924,52.86148461385466,54.95407522114462,55338000,GOOGL
2018-03-02,53.69605255126953,53.83225724979329,52.010590730763525,52.40037914155062,50162000,GOOGL
2018-03-05,54.222042083740234,54.54001551182489,53.108141276778426,53.39838253073282,28648000,GOOGL
2018-03-06,54.52614212036133,54.76041643034623,54.209158753681855,54.58557791864115,23382000,GOOGL
2018-03-07,55.22648239135742,55.283938133886465,53.981825877237945,54.12595458039762,30748000,GOOGL
2018-03-08,55.93672561645508,56.03875159574201,55.3334648946313,55.3334648946313,33862000,GOOGL
2018-03-09,57.49489212036133,57.50281613746827,56.17990582701403,56.437948402216335,42662000,GOOGL
2018-03-12,57.74699401855469,58.35272976261831,57.413663836863115,57.703406256733025,44306000,GOOGL
2018-03-13,56.45825958251953,58.34481062369362,56.19377801507319,58.03921636545667,43140000,GOOGL
2018-03-14,56.90303039550781,57.44140638851811,56.579113017042566,56.74998764349581,41870000,GOOGL
2018-03-15,56.98822021484375,57.5771179823987,56.24776851380792,56.936712207082564,33382000,GOOGL
2018-03-16,56.18634796142578,57.295294757441916,56.03479026184962,57.22298479087441,58656000,GOOGL
2018-03-19,54.48504638671875,55.440946800771215,53.93279858497263,55.36120781980392,63656000,GOOGL
2018-03-20,54.2735481262207,54.75645217553608,53.61085163849673,54.40232002021162,54598000,GOOGL
2018-03-21,54.18439865112305,54.91247114700298,53.84809835431222,54.1135737285054,44898000,GOOGL
2018-03-22,52.16115188598633,53.685147937292705,51.98730339715781,53.49149129365211,69312000,GOOGL
2018-03-23,50.84368896484375,52.836229967013395,50.76048110737324,52.07299247983766,49880000,GOOGL
2018-03-26,52.20771026611328,52.464271614833706,50.05271736804612,52.03485557164133,65984000,GOOGL
2018-03-27,49.87242889404297,52.725283048929974,49.41082180677937,52.69358319992127,60816000,GOOGL
2018-03-28,49.78525924682617,50.766424217892826,48.73624321927484,49.62330244793258,77698000,GOOGL
2018-03-29,51.368194580078125,51.9085543920975,49.728795812770564,50.08391801398573,69338000,GOOGL
2018-04-02,50.15424346923828,51.486566595440216,49.243907310100866,50.89667889134132,65068000,GOOGL
2018-04-03,50.45389938354492,50.7669226737004,49.392500352883864,50.328592575982626,51322000,GOOGL
2018-04-04,51.00020217895508,51.15027484751214,49.35584935567369,49.441037275601936,50724000,GOOGL
2018-04-05,51.14531707763672,51.84218474253055,50.717389892770996,51.82633670716218,35836000,GOOGL
2018-04-06,50.02151870727539,51.31173940110945,49.83826113208291,50.67281863103563,40134000,GOOGL
2018-04-09,50.523738861083984,51.737190642443075,50.47965607588024,50.5212600073986,33220000,GOOGL
2018-04-10,51.33649826049805,51.56977876982154,50.291937404050294,51.02743890070119,36620000,GOOGL
2018-04-11,50.76988220214844,51.30528802716226,50.47964477646499,51.113611464593355,34060000,GOOGL
2018-04-12,51.37562561035156,51.74015688841402,50.818926504843326,51.08737197981285,32896000,GOOGL
2018-04-13,51.31370544433594,52.152721627825414,51.02198298319643,51.85109509069406,25410000,GOOGL
2018-04-16,51.81197738647461,52.075963957120976,51.20871662499955,51.7847364482145,29776000,GOOGL
2018-04-17,53.45930099487305,53.73864436945141,52.35629804581253,52.55986256298413,54584000,GOOGL
2018-04-18,53.26266860961914,53.59005107463315,53.02146408612167,53.44196225905686,31126000,GOOGL
2018-04-19,53.959041595458984,54.35824279307404,52.947170626001565,52.947170626001565,39884000,GOOGL
2018-04-20,53.35826110839844,54.221544489799854,53.09971971805324,53.70248542809292,42434000,GOOGL
2018-04-23,53.184410095214844,53.887225470727,52.83127174462388,53.63858816969618,69590000,GOOGL
2018-04-24,50.6500358581543,52.72281099442487,50.1656466855781,52.46080447229397,128220000,GOOGL
2018-04-25,50.66736602783203,51.315200751501955,50.37118083802617,51.00217749676059,57860000,GOOGL
2018-04-26,51.67378234863281,52.10517836145496,50.54155486257841,51.1740364962822,50926000,GOOGL
2018-04-27,51.08637619018555,52.08933312560277,50.89519840005755,51.784237662298864,40746000,GOOGL
2018-04-30,50.44894790649414,51.42911910957225,50.43507992990553,51.233482392427234,34492000,GOOGL
2018-05-01,51.546993255615234,51.59553117023378,50.05419826083364,50.33601668607699,35326000,GOOGL
2018-05-02,50.81892395019531,51.70697317236466,50.67578528265589,51.21267620560563,34698000,GOOGL
2018-05-03,50.83130645751953,51.048738944651824,49.91948512242832,50.78524739379704,39282000,GOOGL
2018-05-04,52.054664611816406,52.098252378296046,50.42269480143405,50.499958699241525,36892000,GOOGL
2018-05-07,52.47367477416992,52.748064188566865,52.01850666731471,52.19780031501772,34400000,GOOGL
2018-05-08,52.43058776855469,52.759459066220046,52.08636345036337,52.72924426136514,26030000,GOOGL
2018-05-09,53.93427276611328,54.18439510357113,52.604923479935806,52.70348812596933,47160000,GOOGL
2018-05-10,54.75249481201172,54.947640293408654,54.17845882707724,54.233930733568094,36414000,GOOGL
2018-05-11,54.64897155761719,54.927819870630415,54.34387611906273,54.50187278090121,30504000,GOOGL
2018-05-14,54.8084602355957,55.38051610557874,54.71930842606978,54.757443468740725,39338000,GOOGL
2018-05-15,53.73220443725586,54.43798997511188,53.43057405793773,54.3280361926507,35738000,GOOGL
2018-05-16,53.69356155395508,54.20321527441391,53.571723654072564,53.74309327220896,25628000,GOOGL
2018-05-17,53.55340576171875,54.035814850917106,53.31368626201911,53.56331361852943,25738000,GOOGL
2018-05-18,52.97787094116211,53.18044538637619,52.73221130830545,52.79758728018795,35482000,GOOGL
2018-05-21,53.689613342285156,54.149735446536965,53.39194684555921,53.44147479605794,25180000,GOOGL
2018-05-22,53.258705139160156,54.07543442413209,53.10764245409172,53.97637853633701,22226000,GOOGL
2018-05-23,53.78618621826172,53.88722594303769,52.845140182918804,52.99570785087286,23740000,GOOGL
2018-05-24,53.76092529296875,53.84363812940947,53.109625472232935,53.832744022439826,20604000,GOOGL
2018-05-25,53.69307327270508,53.96498762736049,53.619773273377604,53.81540998155274,22224000,GOOGL
2018-05-29,52.900123596191406,53.55737123514185,52.652975085986014,53.292885864378064,36076000,GOOGL
2018-05-30,53.365692138671875,53.440975978419594,52.824837284135356,53.16807158699159,28686000,GOOGL
2018-05-31,54.481571197509766,54.97685820839622,53.39194128505558,53.59005306641815,79368000,GOOGL
2018-06-01,56.21506881713867,56.37158043044419,55.076402335682836,55.11900006659844,63202000,GOOGL
2018-06-04,57.10857009887695,57.34729954063088,56.31412785194618,56.38842165434775,44754000,GOOGL
2018-06-05,57.00852966308594,57.5077806198502,56.83220985856147,57.1888171450016,32964000,GOOGL
2018-06-06,56.806941986083984,57.1912851795451,56.28045393352633,57.09519938117982,34934000,GOOGL
2018-06-07,56.18634796142578,56.75344990815189,55.77525884860813,56.6895589740631,36108000,GOOGL
2018-06-08,56.101654052734375,56.402290593097334,55.63211917847745,56.02736024906323,27284000,GOOGL
2018-06-11,56.50728988647461,56.84606902331863,56.036768765704274,56.11304262830044,24796000,GOOGL
2018-06-12,56.86836242675781,56.89609837991234,56.51324020039417,56.51324020039417,26092000,GOOGL
2018-06-13,56.67222595214844,57.2373516561702,56.630127008164955,57.0709321613334,34302000,GOOGL
2018-06-14,57.458744049072266,57.74997155115877,56.98772409143527,57.06746684447188,35422000,GOOGL
2018-06-15,57.417137145996094,57.64694877278908,57.14076766443033,57.44932823152563,44438000,GOOGL
2018-06-18,58.62118148803711,58.64842242506758,57.007534787671815,57.091237658550156,33038000,GOOGL
2018-06-19,58.37898635864258,58.58304209818442,57.53303605277838,57.95402925657269,47282000,GOOGL
2018-06-20,58.64543914794922,59.50823116798222,58.54440321266471,58.607304109468735,51686000,GOOGL
2018-06-21,57.92083740234375,58.955490302751805,57.625646046592195,58.71676465225756,44966000,GOOGL
2018-06-22,57.913421630859375,58.19623012167856,57.43596266331485,58.02238538972822,34220000,GOOGL
2018-06-25,56.42705535888672,57.25467871772338,55.46718744501101,57.205645790724304,57682000,GOOGL
2018-06-26,56.09719467163086,56.80297635376766,55.91790102597841,56.667765486529085,34688000,GOOGL
2018-06-27,55.320587158203125,56.77029319707854,55.30869924220121,56.264603318198674,34538000,GOOGL
2018-06-28,55.80794906616211,56.1655463392435,54.78221011633495,55.09522959464341,29726000,GOOGL
2018-06-29,55.92731475830078,56.53008048656142,55.81983983216099,56.08184633500027,31562000,GOOGL
2018-07-02,56.56722640991211,56.61081417775277,54.80846470096647,55.241840853381746,23216000,GOOGL
2018-07-03,55.28789138793945,56.953540903436995,55.19626451047536,56.92927383782027,16448000,GOOGL
2018-07-05,56.526607513427734,56.66776611867363,55.62667039199737,55.69997416604077,28594000,GOOGL
2018-07-06,57.209617614746094,57.265089521964846,56.32602344031264,56.55038992280724,21820000,GOOGL
2018-07-09,57.81385803222656,57.84605289568169,57.31609596903954,57.453290676488514,21584000,GOOGL
2018-07-10,57.80693054199219,58.12193388811929,57.58008898503151,57.948089163401505,21334000,GOOGL
2018-07-11,58.0208854675293,58.46565065888183,57.22396821013102,57.23634736058616,33252000,GOOGL
2018-07-12,59.496849060058594,59.53300404562759,58.10211985661673,58.189291612688145,44148000,GOOGL
2018-07-13,59.653358459472656,59.95151993828653,59.20116042375657,59.57312069455112,32612000,GOOGL
2018-07-16,59.2615852355957,59.865835979326555,59.10754868134298,59.62314262898225,26784000,GOOGL
2018-07-17,60.082279205322266,60.36360263526162,58.54292624824754,58.579580028290415,40162000,GOOGL
2018-07-18,60.073856353759766,60.503763600194866,59.660292157696745,59.85691889205774,38948000,GOOGL
2018-07-19,59.389862060546875,60.25067029577392,59.32200723212068,59.763802360498296,38338000,GOOGL
2018-07-20,59.329437255859375,59.96786289319589,59.26554254551725,59.396797070547336,37938000,GOOGL
2018-07-23,59.9792594909668,60.1823289901556,59.03870837885126,59.21949086824819,65446000,GOOGL
2018-07-24,62.314537048339844,63.14909446004639,61.62063945612367,62.950978898149216,107600000,GOOGL
2018-07-25,63.195655822753906,63.309569726516095,61.86382748324968,62.040646076056156,51104000,GOOGL
2018-07-26,63.66913986206055,63.76324559312892,62.554744208316706,62.76177379367545,54686000,GOOGL
2018-07-27,62.05401611328125,63.96334545740939,61.637973051945494,63.84844152911539,48362000,GOOGL
2018-07-30,60.92228698730469,62.05401970621454,60.631554487604504,61.665712574568815,43896000,GOOGL
2018-07-31,60.78261184692383,61.475519394267046,60.23631185273447,61.004994472591584,39382000,GOOGL
2018-08-01,61.068397521972656,61.70780948271292,60.66969131019468,61.37151294361722,36994000,GOOGL
2018-08-02,61.47154998779297,61.63400556180207,60.3289233634072,60.35071535483142,34704000,GOOGL
2018-08-03,61.324459075927734,61.7385183023063,60.89157794505739,61.6721485110006,21264000,GOOGL
2018-08-06,61.30018615722656,61.537430568326535,60.94655277590662,61.49533162617464,22114000,GOOGL
2018-08-07,62.200130462646484,62.70730544398887,62.000034821323986,62.010433914952664,42506000,GOOGL
2018-08-08,62.4720344543457,62.98663457502289,62.01587254450447,62.24370410259902,34344000,GOOGL
2018-08-09,62.62705612182617,62.99852135132164,62.41111248301211,62.5413731986612,27326000,GOOGL
2018-08-10,62.035194396972656,62.46560045064966,61.77021780567494,62.365550749299324,26602000,GOOGL
2018-08-13,61.8435173034668,62.70185055034832,61.76377833074552,61.9703129261406,27500000,GOOGL
2018-08-14,62.31404113769531,62.43538403632387,61.39280700004426,62.034697783774156,28080000,GOOGL
2018-08-15,61.030250549316406,62.0089365657444,60.73406915543057,61.62756726479229,37052000,GOOGL
2018-08-16,60.6260986328125,61.59884452158065,60.40668610248797,61.51414784622211,32176000,GOOGL
2018-08-17,60.2194709777832,60.769239864107305,59.63255707700748,60.526055271019985,33092000,GOOGL
2018-08-20,60.52159881591797,60.71773432491276,59.86534500901832,60.4577078769702,22218000,GOOGL
2018-08-21,60.29673767089844,61.05700508434018,60.178859870334236,60.57459599534425,23082000,GOOGL
2018-08-22,60.511688232421875,60.748433836669136,60.08920623212076,60.138734174323226,22296000,GOOGL
2018-08-23,60.48246765136719,61.17636524142885,60.392820822782724,60.419071729804145,24666000,GOOGL
2018-08-24,61.25461959838867,61.28681068298465,60.49534228976,60.72218382038343,24454000,GOOGL
2018-08-27,62.221412658691406,62.300660383894375,61.449261246537105,61.62063086248598,28580000,GOOGL
2018-08-28,61.70582962036133,62.23578659497297,61.56269094218433,62.20309671363957,27330000,GOOGL
2018-08-29,62.6364631652832,62.761278712972725,62.049549330790256,62.158513065862614,36926000,GOOGL
2018-08-30,62.13078689575195,62.87619252255611,61.772694581308315,62.57456214408479,30104000,GOOGL
2018-08-31,61.00944900512695,62.03716795451761,60.70979872617481,62.02032989044352,42308000,GOOGL
2018-09-04,59.99460983276367,60.814808032376185,59.75934925618585,60.549827665329765,41458000,GOOGL
2018-09-05,59.389862060546875,60.170927552315774,58.213056719615075,59.8910892066049,53988000,GOOGL
2018-09-06,58.6414909362793,59.38442149196552,57.63209495703287,59.36361952709607,46854000,GOOGL
2018-09-07,58.32450485229492,58.86733975254547,57.912425693601364,58.04763656966391,32658000,GOOGL
2018-09-10,58.199188232421875,58.77372292320371,57.97878568507221,58.651881242048454,27670000,GOOGL
2018-09-11,58.938655853271484,58.98570872116798,57.74798628086685,58.00305877434174,29254000,GOOGL
2018-09-12,58.027828216552734,58.97332943083719,57.75838893775626,58.54292338442358,35716000,GOOGL
2018-09-13,58.54985809326172,58.83316535144091,57.909947355721286,58.429010207010094,40068000,GOOGL
2018-09-14,58.34381103515625,58.8400917989495,58.122913476319496,58.8400917989495,24176000,GOOGL
2018-09-17,57.44487380981445,58.53400869935893,57.377018975910794,58.33341806601584,34096000,GOOGL
2018-09-18,57.80543899536133,58.509739420785856,57.524115592874914,57.58503643660533,32314000,GOOGL
2018-09-19,58.16006851196289,58.25912440216259,57.38494313449723,57.897071987128484,25962000,GOOGL
2018-09-20,59.016910552978516,59.13726719569545,58.25813203516602,58.47704954918953,29244000,GOOGL
2018-09-21,58.05358123779297,59.26505286647782,58.050611148086276,59.18283503971153,91222000,GOOGL
2018-09-24,58.42207717895508,58.70092174969082,57.03230190241453,57.42407412206599,31150000,GOOGL
2018-09-25,59.131832122802734,59.27893094188708,58.1511619926849,58.65437689551737,33152000,GOOGL
2018-09-26,59.140235900878906,59.793024529574645,58.71131870889963,59.12191279181252,37650000,GOOGL
2018-09-27,59.79896926879883,60.26949039161778,59.33785720808993,59.434438018720755,36274000,GOOGL
2018-09-28,59.78510284423828,59.85295767664474,59.32696086113288,59.63701024876902,35612000,GOOGL
2018-10-01,59.8569221496582,60.63303759442214,59.59244056725439,60.07831853657441,33164000,GOOGL
2018-10-02,59.81283950805664,60.648885721169954,59.41760220337603,59.764796608379704,40180000,GOOGL
2018-10-03,60.00550079345703,60.13675153509642,59.540919873275186,60.02877782945918,26246000,GOOGL
2018-10-04,58.298744201660156,59.726654370910076,57.643975517429396,59.68356540176654,46576000,GOOGL
2018-10-05,57.84110641479492,58.542928077297375,57.171974634875745,58.24575660163025,31852000,GOOGL
2018-10-08,57.251216888427734,58.23881702982609,56.23488698706484,57.453292565610894,46190000,GOOGL
2018-10-09,56.718788146972656,57.53006860372517,56.66926019607159,57.022893619820444,33690000,GOOGL
2018-10-10,54.09326171875,56.31511902699846,54.061066857508926,56.28440921041323,58980000,GOOGL
2018-10-11,54.02292251586914,55.276991586530336,53.28742116128794,53.44343774521098,67696000,GOOGL
2018-10-12,55.4988899230957,55.76089641357545,54.23541154662628,55.45431212814943,49370000,GOOGL
2018-10-15,54.602413177490234,55.561287179255366,54.393399768258355,55.37307950884132,30074000,GOOGL
2018-10-16,56.119972229003906,56.28292281209166,55.06352735695551,55.149210274923064,38378000,GOOGL
2018-10-17,55.84806823730469,56.80941746396931,55.17497262904208,56.46271807500473,35652000,GOOGL
2018-10-18,54.378055572509766,56.08382413316542,53.80500965830405,55.967431385065424,46152000,GOOGL
2018-10-19,54.738128662109375,55.51919800011947,54.33447231843299,54.665323678410985,41286000,GOOGL
2018-10-22,55.044715881347656,55.55585095420378,54.48157400702096,55.10117781752243,27116000,GOOGL
2018-10-23,55.22004318237305,55.373089711407495,53.44196461479365,54.05017549641106,37686000,GOOGL
2018-10-24,52.3577766418457,55.30473646314803,52.25574688833909,55.224498702103645,49286000,GOOGL
2018-10-25,54.65938186645508,55.36417358637315,53.27059661242936,53.50585719570887,72956000,GOOGL
2018-10-26,53.676727294921875,55.32355501761847,51.62029551026963,51.92242087508233,106438000,GOOGL
2018-10-29,51.24883270263672,54.91891126973534,49.88530837689526,54.310201598203996,81290000,GOOGL
2018-10-30,51.980865478515625,52.04971034304068,50.22061879116499,50.519770302765785,59768000,GOOGL
2018-10-31,54.0150146484375,54.877806869519695,52.90656274004242,52.90656274004242,70916000,GOOGL
2018-11-01,53.787174224853516,54.47661284153261,53.383019119692094,54.05561967224516,40132000,GOOGL
2018-11-02,53.06951141357422,54.382517823884484,52.879814877438974,53.93675873770704,43438000,GOOGL
2018-11-05,52.2889289855957,53.161625118432454,51.21267215028388,53.12101122516715,45358000,GOOGL
2018-11-06,52.97440719604492,53.48207708054662,52.18392888352459,52.253763769794496,28660000,GOOGL
2018-11-07,54.88968276977539,54.97338563416709,53.520214578919266,53.66384825588161,43388000,GOOGL
2018-11-08,54.21560287475586,54.88869852264013,53.706942883528534,54.8431344738312,33694000,GOOGL
2018-11-09,53.34340286254883,53.90456086399491,52.71141615898627,53.69010225537783,34860000,GOOGL
2018-11-12,51.97343826293945,53.19878166937508,51.52718794427889,53.1507387670384,34002000,GOOGL
2018-11-13,51.90458679199219,52.83077477995627,51.529656462730095,52.24336591878655,25750000,GOOGL
2018-11-14,52.23197555541992,52.78719336026628,51.56482391849371,52.500421013686946,34666000,GOOGL
2018-11-15,53.0477180480957,53.4350313497898,51.573741122642325,52.07745095531345,41584000,GOOGL
2018-11-16,52.9100227355957,53.11655731088186,52.24782127720158,52.759455073871635,35366000,GOOGL
2018-11-19,50.886775970458984,52.896653754575325,50.661423254561655,52.66832339157759,45684000,GOOGL
2018-11-20,51.03684616088867,51.37859538771627,49.63815696293914,49.88976057327847,54458000,GOOGL
2018-11-21,51.67972946166992,52.238412347646175,51.48309896261575,51.772841386629445,29698000,GOOGL
2018-11-23,51.0195198059082,51.65844055044276,50.941262094492444,51.187915588212974,14178000,GOOGL
2018-11-26,52.29933547973633,52.351833512694434,51.49845423758031,51.7079626907099,31558000,GOOGL
2018-11-27,52.11806106567383,52.83523948335219,51.7822595489403,52.0715069877795,33048000,GOOGL
2018-11-28,54.0749397277832,54.12793655522315,51.65595669272815,52.37462012399331,46042000,GOOGL
2018-11-29,54.21312713623047,54.48900161546981,53.59005445816816,53.665833312341945,31004000,GOOGL
2018-11-30,54.95952224731445,54.95952224731445,53.64849971485874,54.265133413835194,59668000,GOOGL
2018-12-03,55.29186248779297,56.215076706044705,55.06254208871045,56.07441688540029,57532000,GOOGL
2018-12-04,52.622764587402344,55.18686664037616,52.53906170987431,55.12495575845574,45630000,GOOGL
2018-12-06,53.39590072631836,53.462270515050555,51.63268019915699,51.75749198017637,47436000,GOOGL
2018-12-07,51.83573913574219,53.74011802427415,51.478636919541806,53.10615134579442,42682000,GOOGL
2018-12-10,52.162635803222656,52.48060920556832,51.163147772127004,51.655460895725966,33652000,GOOGL
2018-12-11,52.58214569091797,53.01552182319118,52.01008980091573,52.84415218578602,33852000,GOOGL
2018-12-12,53.180458068847656,54.071972510128624,53.09328630680946,53.34637878059656,28960000,GOOGL
2018-12-13,53.17103576660156,53.90802604602563,52.74756752148816,53.27653440075751,24986000,GOOGL
2018-12-14,52.08982849121094,53.08089751742755,51.97393075752267,52.5014126277262,36358000,GOOGL
2018-12-17,50.799110412597656,52.61829777060275,50.35236134415142,51.8570404111921,49932000,GOOGL
2018-12-18,51.67873764038086,52.48506398341578,51.03832819436296,51.21267168061994,43640000,GOOGL
2018-12-19,51.28498458862305,53.278515444177366,50.491041129525485,51.87090842246445,58264000,GOOGL
2018-12-20,50.69659423828125,51.87834996117614,49.91800366750354,50.81645210580775,53674000,GOOGL
2018-12-21,49.0953254699707,51.39444695222503,48.597068364199366,51.115602387570746,104656000,GOOGL
2018-12-24,48.76942825317383,50.12898870005331,48.42223005816066,48.752091393737594,36360000,GOOGL
2018-12-26,51.89864730834961,51.928363317549355,49.16466109978086,49.429146429373695,46318000,GOOGL
2018-12-27,52.148765563964844,52.170557555832964,49.87539640501062,50.82635025996791,45996000,GOOGL
2018-12-28,51.840702056884766,52.709929426871135,51.60890658005902,52.47565887526268,34398000,GOOGL
2018-12-31,51.75551223754883,52.64851540759331,51.165129459396006,52.39294410728488,33110000,GOOGL
2019-01-02,52.23693084716797,52.5395512366134,50.78078584731063,50.87588161706506,31868000,GOOGL
2019-01-03,50.790199279785156,52.810476320367,50.6366615046475,52.0383247524057,41960000,GOOGL
2019-01-04,53.39540100097656,53.49099177741957,51.35432234682227,51.63663576338684,46022000,GOOGL
2019-01-07,53.288917541503906,53.62471902651307,52.63117498882194,53.539036103093736,47446000,GOOGL
2019-01-08,53.75696563720703,54.15220293457674,52.913985451885345,53.78816669236628,35414000,GOOGL
2019-01-09,53.57271957397461,54.0675115661142,53.21214842603812,53.88673286657815,26998000,GOOGL
2019-01-10,53.433048248291016,53.481586161977674,52.73221670000579,53.240381638315014,26598000,GOOGL
2019-01-11,52.72182083129883,53.16262601115187,52.323609612967076,52.9907613413585,30864000,GOOGL
2019-01-14,52.07992172241211,52.42365100748316,51.93331795528554,52.170558574702184,28490000,GOOGL
2019-01-15,53.81342697143555,53.90059872067662,52.22504123950149,52.40185981257521,37518000,GOOGL
2019-01-16,53.96201705932617,54.59846272598302,53.887727025564125,53.98628790809797,38280000,GOOGL
2019-01-17,54.437992095947266,54.516246029884265,53.65246377295928,53.886738117264954,24896000,GOOGL
2019-01-18,54.8431282043457,55.373085114513,54.44590708448727,54.907019135610604,44892000,GOOGL
2019-01-22,53.42314529418945,54.4305612158798,53.03979209875701,54.28345863781188,39632000,GOOGL
2019-01-23,53.70942306518555,54.13239635507978,52.87536062348363,53.83076597209655,25194000,GOOGL
2019-01-24,53.689117431640625,53.887233009070954,52.99670482997445,53.61531863274661,29114000,GOOGL
2019-01-25,54.55635452270508,54.6479814012899,54.07543055106336,54.19578340832691,23260000,GOOGL
2019-01-28,53.48405838012695,54.15319004386895,53.22403196703736,53.98974821681064,29334000,GOOGL
2019-01-29,52.99867248535156,53.725259844616794,52.79857689481485,53.54249733197541,19704000,GOOGL
2019-01-30,54.382022857666016,54.4578017134471,53.32458398148559,53.36024395266371,29452000,GOOGL
2019-01-31,55.76386642456055,55.85202820572741,54.74159635544075,55.08780072853778,40232000,GOOGL
2019-02-01,55.40379333496094,56.18535766046908,55.18735467248871,55.58556205909414,33116000,GOOGL
2019-02-04,56.53304672241211,56.57861454626305,55.348816104606605,55.42310990879711,78408000,GOOGL
2019-02-05,57.050621032714844,57.09519882696969,55.6504467610193,55.94910324544131,82296000,GOOGL
2019-02-06,55.61528396606445,57.15612188924328,55.39091749879368,56.92185134438701,48256000,GOOGL
2019-02-07,54.774288177490234,55.0754197514556,54.164093454177674,55.06700071860629,38298000,GOOGL
2019-02-08,54.599449157714844,54.73416879704021,54.19628782710498,54.22798389842387,21766000,GOOGL
2019-02-11,54.586570739746094,55.146742492237834,54.481570891615064,54.66730351965466,18498000,GOOGL
2019-02-12,55.847572326660156,56.109083798353446,55.02687914972968,55.02687914972968,35036000,GOOGL
2019-02-13,55.89957809448242,56.603878560470164,55.769317367151736,56.118000606141024,28042000,GOOGL
2019-02-14,55.92780303955078,56.27103729841721,55.328011251969706,55.719783421674045,21106000,GOOGL
2019-02-15,55.45382308959961,56.4280541444338,55.30969437568215,56.4280541444338,27826000,GOOGL
2019-02-19,55.794578552246094,55.949601364041804,55.30573050553342,55.30573050553342,21980000,GOOGL
2019-02-20,55.50135803222656,56.013486811835214,55.06352682778385,55.911952082677,24090000,GOOGL
2019-02-21,54.69007873535156,55.43003906576824,54.381514423572675,55.411712179092994,33272000,GOOGL
2019-02-22,55.301761627197266,55.33593654940632,54.506333133176156,54.96199624347031,29436000,GOOGL
2019-02-25,55.339900970458984,55.739597170241076,55.18041925822261,55.567732527759496,26208000,GOOGL
2019-02-26,55.571693420410156,55.79110594854371,54.813409920313894,55.1932941927383,35026000,GOOGL
2019-02-27,55.61528396606445,55.75594378447066,54.90553834356378,55.17546885796388,22092000,GOOGL
2019-02-28,55.79655838012695,56.16505355374932,55.393397045151694,55.42261804207146,27422000,GOOGL
2019-03-01,56.88470458984375,56.958008370067496,56.016962258640085,56.016962258640085,34086000,GOOGL
2019-03-04,57.12739562988281,57.72669245750234,56.376042304704,57.18385756294769,35490000,GOOGL
2019-03-05,57.90845489501953,58.27001603505347,57.10757749044177,57.25517128002389,40094000,GOOGL
2019-03-06,57.69796371459961,58.18334284423935,57.604352993084895,58.03574904568272,23602000,GOOGL
2019-03-07,57.00010299682617,57.630604637262714,56.54740996081109,57.47805690884928,30086000,GOOGL
2019-03-08,56.956520080566406,57.12887974533633,55.977335200557874,56.16059275130759,23694000,GOOGL
2019-03-11,58.4072151184082,58.439406203378375,57.03576304797861,57.0570600258976,30032000,GOOGL
2019-03-12,59.29823684692383,59.71724999224777,58.55778518124148,58.55778518124148,42220000,GOOGL
2019-03-13,59.387882232666016,59.78708343433338,59.330925285629434,59.728146427571,25888000,GOOGL
2019-03-14,59.064456939697266,59.667222610366615,59.00007099315597,59.38589921497645,27302000,GOOGL
2019-03-15,58.95401382446289,59.5196307590718,58.79106321470407,59.33538694879374,51886000,GOOGL
2019-03-18,58.867332458496094,59.18431580610096,58.51716421998373,58.92379438515742,24442000,GOOGL
2019-03-19,59.55628204345703,59.60333491333445,58.912407428142764,59.02434126298929,29788000,GOOGL
2019-03-20,60.74348068237305,60.91980423989819,59.41413134958245,59.50377817309466,41508000,GOOGL
2019-03-21,61.22391128540039,61.239264305699706,60.25562429558557,60.42501387002743,28150000,GOOGL
2019-03-22,59.81333541870117,61.10009085817573,59.731612608659276,60.86334523951643,34422000,GOOGL
2019-03-25,59.30467224121094,59.90198897738277,58.93915096176006,59.412645952213914,27576000,GOOGL
2019-03-26,58.93123245239258,59.81333777466557,58.5310411978865,59.69149607721411,30752000,GOOGL
2019-03-27,58.345306396484375,59.034250054112796,57.66279793309546,59.034250054112796,29428000,GOOGL
2019-03-28,58.061004638671875,58.3076580951719,57.623173403504914,58.22098514220838,22402000,GOOGL
2019-03-29,58.289833068847656,58.64049635460244,57.7692851938089,58.45277989164012,30890000,GOOGL
2019-04-01,59.3839225769043,59.444344628932846,58.75886986319586,58.81731185548313,27706000,GOOGL
2019-04-02,59.708831787109375,59.7222047482487,59.0005711978958,59.43691742976985,18288000,GOOGL
2019-04-03,59.969852447509766,60.45473662957127,59.686053932796064,60.06345940328426,22180000,GOOGL
2019-04-04,60.39777374267578,60.45225561558731,59.882179788501375,59.99361860900588,21022000,GOOGL
2019-04-05,60.00154495239258,60.44433394069537,59.93121504131387,60.3903470806276,20012000,GOOGL
2019-04-08,59.84453582763672,60.12536042766006,59.66722224485626,59.98470062019651,21750000,GOOGL
2019-04-09,59.567665100097656,59.78856265769549,59.354196544488204,59.52804501573942,19668000,GOOGL
2019-04-10,59.75390625,59.87723300116292,59.467137639350916,59.68655020197233,15510000,GOOGL
2019-04-11,59.909423828125,60.06544045215658,59.65930523770467,59.87524890205104,16998000,GOOGL
2019-04-12,60.56023025512695,60.57607829080983,60.09267919382185,60.208078135576585,24312000,GOOGL
2019-04-15,60.74843215942383,60.88562686056802,60.15557435661403,60.6275805073459,23796000,GOOGL
2019-04-16,61.0149040222168,61.21648468997316,60.67463981516365,60.92030326457273,22622000,GOOGL
2019-04-17,61.42251968383789,61.668183114900266,61.06393239296706,61.26699809040539,30366000,GOOGL
2019-04-18,61.48839569091797,61.70978828077709,61.38636593586521,61.66323042691964,24750000,GOOGL
2019-04-22,62.09709930419922,62.12582528359789,61.087208439930464,61.25065404804808,19084000,GOOGL
2019-04-23,62.93067169189453,63.12086323513677,62.00844751487935,62.23974797091926,31868000,GOOGL
2019-04-24,62.40864181518555,63.09956934876245,62.3967576772055,62.930674776057806,23396000,GOOGL
2019-04-25,62.76970291137695,63.04012843302719,62.30710579287008,62.91630668366039,31344000,GOOGL
2019-04-26,63.26894760131836,63.34274638892736,62.65380277624632,63.06885199454624,27228000,GOOGL
2019-04-29,64.19910430908203,64.23724691336588,62.98614757616207,63.42199881510719,72368000,GOOGL
2019-04-30,59.3829231262207,59.482969029642696,58.59244485976236,58.97034902615559,133178000,GOOGL
2019-05-01,58.11301803588867,59.39729845052437,58.03179023763343,59.31062170897344,74340000,GOOGL
2019-05-02,57.77572250366211,58.4131581222717,57.37057735741476,58.07735285154446,45098000,GOOGL
2019-05-03,58.916866302490234,59.00849318877649,58.12440785406061,58.31558564430642,41588000,GOOGL
2019-05-06,59.11051940917969,59.20809024756762,58.0060277968004,58.047631721150786,31774000,GOOGL
2019-05-07,58.38740539550781,59.17540494455979,57.70093681192196,58.7316297171847,36604000,GOOGL
2019-05-08,57.98720932006836,58.65535095886636,57.831192715334105,58.30963784245161,25520000,GOOGL
2019-05-09,57.84804153442383,58.15016694456941,57.187823790030464,57.58207489119025,29556000,GOOGL
2019-05-10,57.831695556640625,58.259622770620325,56.77822057310568,57.891131361425664,31650000,GOOGL
2019-05-13,56.2938232421875,57.05557564309641,55.74455316549027,56.72224921637384,45626000,GOOGL
2019-05-14,55.71285629272461,56.70392535711721,55.64698151625123,56.57762852616041,40392000,GOOGL
2019-05-15,57.98820114135742,58.35966638030383,55.54148222496704,55.59843917022501,59302000,GOOGL
2019-05-16,58.66674041748047,59.14518932608732,57.87180694221965,58.03970768427538,35308000,GOOGL
2019-05-17,57.88814926147461,58.75539646785315,57.771261507136366,58.23732747979743,25362000,GOOGL
2019-05-20,56.69352340698242,57.106592583399674,56.370596071531864,57.106592583399674,30602000,GOOGL
2019-05-21,57.17791748046875,57.35424105825281,56.62666351583218,57.17989754036243,20562000,GOOGL
2019-05-22,57.247745513916016,57.64050772893197,57.00753102470528,57.01991395503631,18826000,GOOGL
2019-05-23,56.72719955444336,56.96048006392855,56.12394261855994,56.76335831681906,25214000,GOOGL
2019-05-24,56.39386749267578,57.173942928100786,56.2997617628982,57.057055177570355,18554000,GOOGL
2019-05-28,56.4409294128418,57.27945074743259,56.396846630167516,56.53602518763873,20948000,GOOGL
2019-05-29,55.469173431396484,56.215074014539404,55.07343733824872,56.1011563428776,36230000,GOOGL
2019-05-30,55.54197311401367,55.80893350475703,55.269068765980094,55.47956723057569,18088000,GOOGL
2019-05-31,54.803504943847656,55.14525038957609,54.64748833637482,54.76091098920142,31582000,GOOGL
2019-06-03,51.447444915771484,52.84712427053818,50.86746498610896,52.84365916583414,96890000,GOOGL
2019-06-04,52.22752380371094,52.423164307955645,51.313223560991716,51.7322367451031,60512000,GOOGL
2019-06-05,51.739654541015625,52.34242018157871,51.16314358290016,52.25277336430937,46988000,GOOGL
2019-06-06,51.89419174194336,52.005135547432495,51.28746591630464,51.817422860733636,29020000,GOOGL
2019-06-07,52.914974212646484,53.165591571456794,52.06208997056397,52.21711654901415,43828000,GOOGL
2019-06-10,53.627685546875,54.22599222033785,53.25721039684724,53.342398293689676,28510000,GOOGL
2019-06-11,53.54249954223633,54.68017601413665,53.46969456608734,54.33248284600479,33508000,GOOGL
2019-06-12,53.4464225769043,53.6158083748503,52.9758976544388,53.48852151892269,23670000,GOOGL
2019-06-13,54.03630447387695,54.3126739472221,53.61828515943939,53.724275032800136,20814000,GOOGL
2019-06-14,53.80302429199219,54.22203741750554,53.56429862336168,53.97340389299385,24582000,GOOGL
2019-06-17,54.178955078125,54.544971422069345,53.887232547423096,53.9417144252182,19770000,GOOGL
2019-06-18,54.7411003112793,55.411717051722846,54.520697751876064,55.051149694954006,34526000,GOOGL
2019-06-19,54.7049446105957,54.94862799986809,54.28494143117882,54.84015926631977,26714000,GOOGL
2019-06-20,55.13535690307617,55.60687192042926,54.828277556980225,55.556350160048986,24018000,GOOGL
2019-06-21,55.73811721801758,55.79754924264089,54.96299181447412,54.96992580259619,50774000,GOOGL
2019-06-24,55.30870056152344,55.648964769329886,55.14079980363629,55.47214618485859,24236000,GOOGL
2019-06-25,53.866424560546875,55.25916983601783,53.71882698052252,55.228463795688135,31644000,GOOGL
2019-06-26,53.50684356689453,54.239869983123604,53.17847106992151,54.03581047125321,34698000,GOOGL
2019-06-27,53.3240852355957,53.910009091065085,53.28545139859072,53.82531619310023,24078000,GOOGL
2019-06-28,53.629676818847656,53.629676818847656,53.18391775426052,53.35380234736618,33672000,GOOGL
2019-07-01,54.481571197509766,54.90702331422971,54.25027074261955,54.53307920261683,29196000,GOOGL
2019-07-02,55.10563659667969,55.11999958817194,54.46523082289865,54.72079835870391,20630000,GOOGL
2019-07-03,55.620235443115234,55.86787893797962,55.21707035221,55.39784904541384,20154000,GOOGL
2019-07-05,56.09967803955078,56.19774390913098,55.34832842318794,55.44094534918249,29794000,GOOGL
2019-07-08,55.31316375732422,55.82925278091859,55.06403518343145,55.7628829850495,29888000,GOOGL
2019-07-09,55.68461990356445,55.8614384726801,54.83569578883825,54.99270242544533,29472000,GOOGL
2019-07-10,56.507789611816406,56.578614532807784,56.00011969183187,56.08233751346823,30710000,GOOGL
2019-07-11,56.664798736572266,57.11848185047539,56.439446003285795,56.7678185324639,26004000,GOOGL
2019-07-12,56.72719955444336,56.8341832392987,56.39139805195837,56.60783671758229,21878000,GOOGL
2019-07-15,56.98326873779297,56.99168777077798,56.4627208352274,56.72720241363263,21164000,GOOGL
2019-07-16,57.129371643066406,57.38295908769645,56.79604145388603,56.79604145388603,25352000,GOOGL
2019-07-17,56.79654312133789,57.3760280034177,56.790599163439744,57.00357272421351,19538000,GOOGL
2019-07-18,56.82130432128906,56.867367160229094,56.10908365301538,56.5617729099618,25450000,GOOGL
2019-07-19,56.04420471191406,57.036263842230625,56.02934670523156,56.924329998398186,23184000,GOOGL
2019-07-22,56.423583984375,56.46370286253179,55.73018527082399,56.23834639125792,28914000,GOOGL
2019-07-23,56.86142349243164,56.901542373770496,56.10858892426191,56.63359192866002,20648000,GOOGL
2019-07-24,56.4493408203125,56.73313928274371,55.89362803163918,56.09719251515047,27192000,GOOGL
2019-07-25,56.261627197265625,56.64052141523388,55.655891463401765,56.4107060312866,54762000,GOOGL
2019-07-26,61.67413330078125,62.82171023894311,60.82124897218375,60.82124897218375,121216000,GOOGL
2019-07-29,61.506717681884766,61.86084983922618,60.930202908884525,61.53940755984886,41382000,GOOGL
2019-07-30,60.82124328613281,61.26254341552007,60.68850371388368,60.77171156462741,28616000,GOOGL
2019-07-31,60.33586120605469,61.163484590606885,59.83958418427697,60.666217538983844,39960000,GOOGL
2019-08-01,60.017887115478516,61.2323287501369,59.78113772926543,60.30762954898786,35426000,GOOGL
2019-08-02,59.252174377441406,59.90495923696939,58.93915112912255,59.583025720180316,34910000,GOOGL
2019-08-05,57.193267822265625,58.28934050552652,56.59892491034866,58.09568007652619,47840000,GOOGL
2019-08-06,58.002071380615234,58.513206420620904,57.52907138432887,57.726691926979775,36014000,GOOGL
2019-08-07,58.241294860839844,58.43742657661284,56.99960848715814,57.34432781328151,30686000,GOOGL
2019-08-08,59.74103546142578,59.74549059663575,58.1467054335,58.762345415415396,30116000,GOOGL
2019-08-09,58.884666442871094,59.65533283263765,58.686055887993724,59.43394025653966,20418000,GOOGL
2019-08-12,58.17145919799805,58.721723109439104,57.885185627106054,58.4438685714798,22064000,GOOGL
2019-08-13,59.27248001098633,59.70338106557168,58.096672168089995,58.16402820799058,28434000,GOOGL
2019-08-14,57.663787841796875,58.58204805365659,57.506286190031595,58.249216655957746,35430000,GOOGL
2019-08-15,57.91489028930664,58.26654355241481,57.601870857363174,57.87081129473151,28506000,GOOGL
2019-08-16,58.40473937988281,58.63405977872927,58.0971688315923,58.48299708680703,24916000,GOOGL
2019-08-19,59.45623779296875,59.89952181730428,58.95897068473877,59.02979561414053,24450000,GOOGL
2019-08-20,58.61870193481445,59.335385321885944,58.59492988143493,59.20413456650774,20206000,GOOGL
2019-08-21,59.01741027832031,59.4621793294768,58.83613655613754,59.2274137618171,14152000,GOOGL
2019-08-22,59.01443862915039,59.37401597426125,58.389880917191206,59.12736249662652,17352000,GOOGL
2019-08-23,57.13532257080078,59.219985517577456,56.95800896601659,58.69993261986993,36254000,GOOGL
2019-08-26,58.007022857666016,58.04070276773835,57.19822133720337,57.42605291108327,21166000,GOOGL
2019-08-27,57.98919677734375,58.69151342758311,57.6791473666648,58.592457532450354,23460000,GOOGL
2019-08-28,58.13431167602539,58.3695722454839,57.4656749811865,57.6944965778,16810000,GOOGL
2019-08-29,59.14915466308594,59.3943193021965,58.705375680629345,58.76183761092513,19636000,GOOGL
2019-08-30,58.96540451049805,59.451777467988855,58.7271700704806,59.451777467988855,18064000,GOOGL
2019-09-03,57.92628860473633,58.89358173147138,57.6370411950292,58.53548946301978,25908000,GOOGL
2019-09-04,58.55629348754883,58.6855641775209,58.02435650134425,58.416623705533404,21312000,GOOGL
2019-09-05,60.03819274902344,60.12783957065317,59.07238087972799,59.120423776802696,26394000,GOOGL
2019-09-06,59.747467041015625,60.07583956165312,59.59590555159964,59.88713683512153,18972000,GOOGL
2019-09-09,59.69544982910156,60.45224822056974,59.09615307912563,59.785096645223106,31854000,GOOGL
2019-09-10,59.71675491333008,59.92972847973825,59.23682092181226,59.24078482009586,27922000,GOOGL
2019-09-11,60.425018310546875,60.547355024481845,59.547368111982024,59.627110866396535,23522000,GOOGL
2019-09-12,61.16646194458008,61.535448356203645,60.55180830394123,60.59688111565111,31644000,GOOGL
2019-09-13,61.41706848144531,61.46759023054489,60.77567277099921,61.024801297280895,23676000,GOOGL
2019-09-16,61.00102996826172,61.367046252421225,60.68206277202182,60.9420891865277,28218000,GOOGL
2019-09-17,60.91434860229492,61.16793602506854,60.59092629656552,61.001025326781665,20806000,GOOGL
2019-09-18,61.05155563354492,61.22936425221609,60.25018309085934,60.93219278907387,17440000,GOOGL
2019-09-19,61.35367965698242,61.63054416428074,61.03471620639554,61.035211221346685,16554000,GOOGL
2019-09-20,60.91238021850586,61.55427102564121,60.602330812102906,61.10058792815853,37692000,GOOGL
2019-09-23,61.152587890625,61.39973636118914,60.61222811246321,60.750412844824034,20798000,GOOGL
2019-09-24,60.34230041503906,61.76773556719349,59.96142610732814,61.415587240068895,35804000,GOOGL
2019-09-25,61.70978546142578,61.81280524161607,59.89009935466369,60.22738965946452,26798000,GOOGL
2019-09-26,61.52900314331055,61.6468847069848,61.01043913683071,61.52157414106078,23166000,GOOGL
2019-09-27,60.71970748901367,61.662733559746755,60.18727172202883,61.555749879946646,34122000,GOOGL
2019-09-30,60.481475830078125,60.79202023441614,60.099116473506726,60.45472990890433,24470000,GOOGL
2019-10-01,59.73161315917969,61.06195637684846,59.7093261504374,60.5483424734457,24504000,GOOGL
2019-10-02,58.340843200683594,59.37302107400408,58.0788367237423,59.26108724560142,33030000,GOOGL
2019-10-03,58.910919189453125,58.98867809596157,57.608810817603015,58.60928884664899,28368000,GOOGL
2019-10-04,59.97727584838867,60.05156965533059,58.98719684740841,59.151632496809995,24282000,GOOGL
2019-10-07,59.84305191040039,60.37102880405795,59.650385292328075,59.781141033696585,17040000,GOOGL
2019-10-08,58.945594787597656,59.7747032700144,58.913399921863515,59.373521990054044,20086000,GOOGL
2019-10-09,59.55331039428711,59.85345571982782,59.34132685384259,59.500317343231046,15948000,GOOGL
2019-10-10,59.90347671508789,60.208077165200315,59.32845073913721,59.36510073809068,12842000,GOOGL
2019-10-11,60.21253967285156,60.858394389325234,60.110014893908655,60.62461884848483,22330000,GOOGL
2019-10-14,60.31456756591797,60.716243857337545,60.02284505325198,60.12239596057424,13296000,GOOGL
2019-10-15,61.526527404785156,61.76872194448881,60.47057750077718,60.49930347966487,27584000,GOOGL
2019-10-16,61.56417465209961,62.11839865013848,61.342778283098,61.50523386760247,22986000,GOOGL
2019-10-17,62.04955291748047,62.591892771014635,61.90443419353795,61.98021304183353,20958000,GOOGL
2019-10-18,61.634010314941406,62.31255108446506,61.42252179923315,62.14316528891871,31624000,GOOGL
2019-10-21,61.62757110595703,62.084719280696554,61.41509256120461,61.84648862350437,18094000,GOOGL
2019-10-22,61.47502899169922,61.847979317985754,61.40816418300553,61.637480813713914,22862000,GOOGL
2019-10-23,62.288780212402344,62.309087161104465,61.42599184688121,61.42599184688121,21282000,GOOGL
2019-10-24,62.36208724975586,62.54979994727455,62.02727197550585,62.36208724975586,20224000,GOOGL
2019-10-25,62.619136810302734,62.80239436430481,61.86877729263344,62.00993212550449,27104000,GOOGL
2019-10-28,63.841495513916016,64.34966041395941,63.01585602849154,63.14908682895057,65428000,GOOGL
2019-10-29,62.43885803222656,63.436366118297066,62.18873565418445,63.19862667222323,52654000,GOOGL
2019-10-30,62.44083023071289,62.80338142330192,61.94306816967609,62.16594580208306,29204000,GOOGL
2019-10-31,62.34672164916992,62.729084757218295,61.88511459185007,62.40615744517827,31904000,GOOGL
2019-11-01,63.01289749145508,63.05004628940121,62.39180858639776,62.69343899006517,28812000,GOOGL
2019-11-04,63.87271499633789,64.01585368483414,63.20407820876276,63.20407820876276,30632000,GOOGL
2019-11-05,63.96334457397461,64.25061194822214,63.86131859327582,63.951456657853186,25148000,GOOGL
2019-11-06,63.94204330444336,64.04010915901445,63.50916599108617,63.8964792602688,24626000,GOOGL
2019-11-07,64.73104858398438,65.50914414937604,64.07776481635723,64.10401194767036,45140000,GOOGL
2019-11-08,64.83306884765625,65.23474892425246,64.46259360711396,64.46259360711396,30392000,GOOGL
2019-11-11,64.3021240234375,64.63000529696797,64.18276118295945,64.58542372194074,17234000,GOOGL
2019-11-12,64.2491226196289,64.85040328530087,64.10202382905766,64.31648243880079,28852000,GOOGL
2019-11-13,64.19811248779297,64.51212579545536,63.99851187482856,64.04952486704808,20538000,GOOGL
2019-11-14,64.84049224853516,65.16590220608438,64.08716267984857,64.13966449078022,28948000,GOOGL
2019-11-15,66.04850769042969,66.04850769042969,64.97620705197532,65.13272246732559,39286000,GOOGL
2019-11-18,65.36994934082031,66.06731572154162,65.18768561821011,65.98905802582371,27984000,GOOGL
2019-11-19,65.0108871459961,65.70626608415921,64.97027324331287,65.70626608415921,21864000,GOOGL
2019-11-20,64.47943115234375,65.04157913718234,63.852893443632446,64.94995225781228,28892000,GOOGL
2019-11-21,64.39424896240234,64.9380701081525,63.929169200759176,64.35016618156962,25546000,GOOGL
2019-11-22,64.07379913330078,64.72906290404325,63.86033054513424,64.53590126540597,27776000,GOOGL
2019-11-25,64.6666488647461,64.90290324002098,64.16988060411563,64.20207546796104,23590000,GOOGL
2019-11-26,65.03119659423828,65.08121956263832,64.58742129518245,64.87815004142527,21910000,GOOGL
2019-11-27,64.98809051513672,65.26099866465015,64.85634852897411,65.15104489246795,18808000,GOOGL
2019-11-29,64.58987426757812,64.88011169520007,64.54728031533155,64.71419479888687,12802000,GOOGL
2019-12-02,63.8355712890625,64.65675962448145,63.41556427868224,64.51411216931407,26538000,GOOGL
2019-12-03,64.12679290771484,64.25012342989662,63.250631535810925,63.33037051121015,25270000,GOOGL
2019-12-04,65.32538604736328,65.58937639189563,64.53837272084628,64.689439194662,35506000,GOOGL
2019-12-05,65.72260284423828,65.7731245967192,65.09656388982363,65.72458290394658,24408000,GOOGL
2019-12-06,66.3382339477539,66.49078165743002,65.93408265370638,66.0093627000816,32968000,GOOGL
2019-12-09,66.51654815673828,67.2376904568224,66.17380888078105,66.31199740277347,30842000,GOOGL
2019-12-10,66.51160430908203,66.7646967811341,66.07129036699067,66.36549553419528,17606000,GOOGL
2019-12-11,66.5789566040039,66.85829617502306,66.42293998953177,66.77954723475955,20480000,GOOGL
2019-12-12,66.7889404296875,67.0905669371889,66.2792943381372,66.52742901581487,29114000,GOOGL
2019-12-13,66.7087173461914,66.93060495127669,66.45067475804319,66.75973033441775,33170000,GOOGL
2019-12-16,67.39371490478516,67.53387594534594,66.89396892354272,67.11139764870899,28128000,GOOGL
2019-12-17,67.1059341430664,67.57348515426513,66.90187464587285,67.47838939287901,32948000,GOOGL
2019-12-18,66.9583511352539,67.33080646606705,66.88653995181568,67.21045358285784,23330000,GOOGL
2019-12-19,67.18270874023438,67.23669937658612,66.80183442609396,66.95834227718696,28922000,GOOGL
2019-12-20,66.92417907714844,67.55715591642891,66.89991200496254,67.51258189221453,50090000,GOOGL
2019-12-23,66.89494323730469,67.45065223396979,66.76468252731135,67.29612445854431,19936000,GOOGL
2019-12-24,66.58786010742188,66.96329299686603,66.57498972050794,66.87413741587739,13468000,GOOGL
2019-12-26,67.48136138916016,67.51752392838698,66.64135510441135,66.69286688442598,23662000,GOOGL
2019-12-27,67.09355926513672,67.70820909157774,67.01233147299867,67.55714262925474,23212000,GOOGL
2019-12-30,66.3541030883789,67.21045639912553,66.26148615616343,67.2010473350204,19994000,GOOGL
2019-12-31,66.3382339477539,66.40113484384676,65.97865666369745,66.15993035031083,19514000,GOOGL
2020-01-02,67.78894805908203,67.78894805908203,66.68990896520182,66.7850047466292,27278000,GOOGL
2020-01-03,67.43431854248047,68.04005816886901,66.73101184173632,66.76469553270479,23408000,GOOGL
2020-01-06,69.23171997070312,69.2569770701854,66.91328147980676,66.94447875888001,46768000,GOOGL
2020-01-07,69.09798431396484,69.51353233718912,68.92215954793207,69.36296466843042,34330000,GOOGL
2020-01-08,69.58979797363281,69.92708827263827,68.97514818608825,69.08361312830931,35314000,GOOGL
2020-01-09,70.32035827636719,70.76066463148995,69.84586943820742,70.42634437897857,33200000,GOOGL
2020-01-10,70.77452087402344,71.07070603223812,70.310937556679,70.79978552621174,26258000,GOOGL
2020-01-13,71.32282257080078,71.3946337502019,70.59673007741598,71.08606938019891,30730000,GOOGL
2020-01-14,70.85527038574219,71.45159337277671,70.71559303390933,71.32133264146023,26076000,GOOGL
2020-01-15,71.28169250488281,71.3599501960503,70.90824725608023,70.97560706306969,21550000,GOOGL
2020-01-16,71.82454681396484,71.85129273667978,71.32133198944545,71.59126251264676,26080000,GOOGL
2020-01-17,73.27870178222656,73.32971477239424,72.14102896920704,72.43770540506222,52424000,GOOGL
2020-01-21,73.41390991210938,73.79181409023742,72.81757947695674,73.25293561017098,48930000,GOOGL
2020-01-22,73.49413299560547,74.32175999435624,73.43420975069769,73.78437794713567,28458000,GOOGL
2020-01-23,73.5347671508789,73.97112094934903,73.31832847211646,73.67642456191712,26650000,GOOGL
2020-01-24,72.61750030517578,74.00578676014383,72.4694039216118,73.93743690849286,29786000,GOOGL
2020-01-27,70.9117431640625,71.15195771372396,70.30600346389214,70.90233409958779,34132000,GOOGL
2020-01-28,71.84138488769531,72.05435468204043,70.84387306528185,71.40750994470905,29724000,GOOGL
2020-01-29,72.14845275878906,72.5169479006937,71.58828482234425,72.23562072709703,21566000,GOOGL
2020-01-30,72.02710723876953,72.07663139998583,71.07367833497524,71.2272160824604,27110000,GOOGL
2020-01-31,70.96372985839844,72.79084128159816,70.68042261440853,72.70119445661328,43822000,GOOGL
2020-02-03,73.43125915527344,73.6145205124511,72.14400852863496,72.3936321266216,71636000,GOOGL
2020-02-04,71.58928680419922,72.67544793622372,70.43130693269775,72.0390098106241,95880000,GOOGL
2020-02-05,71.6209716796875,72.5387368823494,70.81019015766002,72.49069398479408,36376000,GOOGL
2020-02-06,73.1028823852539,73.37975068632419,71.84039769678412,71.91468773089143,37822000,GOOGL
2020-02-07,73.25839233398438,73.56249776232856,72.57985157058434,72.67791742804089,28360000,GOOGL
2020-02-10,74.72196960449219,74.73286749079695,73.06474269563836,73.16528741089394,38302000,GOOGL
2020-02-11,74.79131317138672,75.77297698245958,74.56298657133796,74.95029988809617,34852000,GOOGL
2020-02-12,75.21577453613281,75.29848359745186,74.72246758542563,75.07857604388263,31042000,GOOGL
2020-02-13,74.95623779296875,75.57831660153852,74.49115806314995,74.78833327132581,22914000,GOOGL
2020-02-14,75.2207260131836,75.28610577397488,74.56793355013087,75.01270637201145,23198000,GOOGL
2020-02-18,75.25588989257812,75.80664880823156,74.83836179261236,75.00329623708271,25642000,GOOGL
2020-02-19,75.52482604980469,75.81556229042059,75.33216322209424,75.640228763457,22746000,GOOGL
2020-02-20,75.1345443725586,75.63379148682316,74.50403894947559,75.23459028988579,25962000,GOOGL
2020-02-21,73.47383880615234,74.83538676344855,73.22768413990144,74.51988466489536,42520000,GOOGL
2020-02-24,70.32381439208984,71.14203248501451,69.67647847176895,70.48181106187245,49560000,GOOGL
2020-02-25,68.66262817382812,71.1653102618501,68.37041066223844,70.87557160361483,51580000,GOOGL
2020-02-26,68.86817169189453,70.0172411870808,68.17873301777479,69.0915481294338,49776000,GOOGL
2020-02-27,65.12777709960938,67.82461908208501,65.09261213748458,67.31645401583292,62290000,GOOGL
2020-02-28,66.33131408691406,66.4898019996538,62.81279324582793,63.1149186231393,80198000,GOOGL
2020-03-02,68.66262817382812,68.71958134114152,65.63543431947762,66.93259258440654,55430000,GOOGL
2020-03-03,66.25553131103516,69.74581720018458,65.83552438581239,69.22527312469211,56602000,GOOGL
2020-03-04,68.4288558959961,68.48729788958772,66.21987248090595,67.30752234405442,47598000,GOOGL
2020-03-05,65.11834716796875,67.04353186949021,64.46853243135237,66.64333311435507,54380000,GOOGL
2020-03-06,64.17632293701172,64.52351357609537,62.26797984013897,62.898976532107014,64640000,GOOGL
2020-03-09,60.21650314331055,62.046093557424655,59.33736790721056,59.680107197848294,69252000,GOOGL
2020-03-10,63.15751266479492,63.19119257438766,60.15310073180695,62.12830858804805,54872000,GOOGL
2020-03-11,59.97429656982422,62.254104668587686,58.9956105581994,61.825187488503246,54732000,GOOGL
2020-03-12,55.053627014160156,58.877243337501,54.90107928007686,55.601910852958376,94326000,GOOGL
2020-03-13,60.14121627807617,60.147655250997076,55.09027657672097,58.19572822214744,79400000,GOOGL
2020-03-16,53.14429473876953,56.733636538754325,52.85108342429565,53.96696417976584,96520000,GOOGL
2020-03-17,55.37605667114258,55.7693139034493,51.960559548221276,54.01798135684941,83194000,GOOGL
2020-03-18,54.04521942138672,54.7287140658497,51.361256241199044,52.497447671365784,93044000,GOOGL
2020-03-19,55.0595703125,57.08727618463089,52.28001988640102,53.89812168289887,74064000,GOOGL
2020-03-20,52.90705871582031,56.3874411048109,52.60443829134251,56.01201191041565,82878000,GOOGL
2020-03-23,52.20969009399414,52.84266682638915,49.968020624039184,52.3206338995169,83672000,GOOGL
2020-03-24,55.96792221069336,56.13235784627542,53.80946076497001,54.678691809280416,72468000,GOOGL
2020-03-25,54.561805725097656,56.76830635581519,53.64007662230573,55.69898345564313,90324000,GOOGL
2020-03-26,57.59791564941406,58.02188271152003,54.08682765203497,55.21063246321199,76562000,GOOGL
2020-03-27,54.98973846435547,57.01001544559556,54.67968905458534,55.84212777842716,62794000,GOOGL
2020-03-30,56.775245666503906,57.00753615927192,54.40678424766814,56.09818990150613,58736000,GOOGL
2020-03-31,57.549869537353516,58.11697145742104,56.30025920761127,56.89510085591972,65228000,GOOGL
2020-04-01,54.585575103759766,55.938700189441114,54.15913300334786,55.67025474930783,51970000,GOOGL
2020-04-02,55.325042724609375,55.60933621040078,54.14130715012959,54.48156755049608,56410000,GOOGL
2020-04-03,54.1200065612793,55.41221086454149,53.247314168651364,55.210135197808874,51374000,GOOGL
2020-04-06,58.601863861083984,58.97629920825369,55.71978862877884,56.11601974830172,63320000,GOOGL
2020-04-07,58.570655822753906,60.4636457550222,58.30765931147763,60.27691932785058,61620000,GOOGL
2020-04-08,59.78114318847656,60.17242039679678,58.63950642975912,59.58798154849749,40334000,GOOGL
2020-04-09,59.75984573364258,60.5235782394257,59.05901413621897,60.334875514347175,54028000,GOOGL
2020-04-13,59.950035095214844,60.1535995978349,58.55926983766794,59.50873494414131,38702000,GOOGL
2020-04-14,62.665199279785156,63.18623839971038,60.84798810738659,61.41410381655945,63358000,GOOGL
2020-04-15,62.27243423461914,63.15453947749883,61.118414653636655,61.738018399284236,42236000,GOOGL
2020-04-16,62.27886962890625,63.067862946627,61.32643447758855,62.75979362501559,57896000,GOOGL
2020-04-17,63.347206115722656,63.89202104328957,62.70333152394552,63.4809319389817,51050000,GOOGL
2020-04-20,62.46311950683594,63.239234907850815,62.229838995215836,62.89600062078531,35292000,GOOGL
2020-04-21,60.03670883178711,61.91087308906381,59.682081657857516,61.54981072123342,49648000,GOOGL
2020-04-22,62.32741165161133,63.39079060980057,61.276906860069985,61.470563498325916,46296000,GOOGL
2020-04-23,62.95939636230469,63.800396504836506,62.43241328855193,62.69045588241704,34202000,GOOGL
2020-04-24,63.22834014892578,63.283317036081904,61.613703473045874,62.1585184165666,37402000,GOOGL
2020-04-27,62.94403839111328,64.09508783494022,62.65677104505137,63.99107424719324,44186000,GOOGL
2020-04-28,61.048583984375,63.632494003689644,60.93912522068392,63.55523388415956,80700000,GOOGL
2020-04-29,66.47643280029297,67.36646210279096,65.7112152796946,66.61610258783683,108358000,GOOGL
2020-04-30,66.70030212402344,66.8637477476375,65.45217671663976,65.9405335276777,55842000,GOOGL
2020-05-01,65.2451400756836,66.93456924056204,64.8657546120751,65.58045031969519,48872000,GOOGL
2020-05-04,65.52151489257812,65.59928136149354,64.18969042697206,64.78998106117524,30806000,GOOGL
2020-05-05,66.81520080566406,67.90433941720575,66.12230084826514,66.24463377015354,39666000,GOOGL
2020-05-06,66.63739776611328,67.78943731097657,66.62253976087045,67.25997539271505,31732000,GOOGL
2020-05-07,67.81864929199219,68.15148823318282,66.9895409220369,67.42390703872208,30652000,GOOGL
2020-05-08,68.5645523071289,69.17375310247706,67.95386268848951,68.4397405474597,33326000,GOOGL
2020-05-11,69.51799011230469,70.10936295617134,68.12673353943045,68.19062447900933,32718000,GOOGL
2020-05-12,68.11087036132812,70.0499153573466,68.07768547212498,69.74729879313068,33918000,GOOGL
2020-05-13,66.7810287475586,68.61359670354787,65.7746067068007,68.15941483401798,40368000,GOOGL
2020-05-14,67.20352172851562,67.22877882903954,65.54133697922438,66.04752192204047,36660000,GOOGL
2020-05-15,68.00587463378906,68.08115468837015,66.31892426099792,66.77756502722245,41544000,GOOGL
2020-05-18,68.60619354248047,68.98161905538632,67.07179026301375,67.43731547352193,47094000,GOOGL
2020-05-19,68.07225799560547,68.96822761418582,68.04056191972168,68.62103693080456,31586000,GOOGL
2020-05-20,69.79386901855469,69.9360176693198,68.71711698400958,68.8032949341757,38262000,GOOGL
2020-05-21,69.67449951171875,70.15541973750524,69.06232097711698,69.88449920235958,30894000,GOOGL
2020-05-22,69.99593353271484,70.18215736997556,69.13958048504284,69.53333269254743,28544000,GOOGL
2020-05-26,70.39860534667969,71.57442074037448,70.30103828130237,71.41840412552945,44590000,GOOGL
2020-05-27,70.3446273803711,70.59573978291996,69.0727336523979,70.3307594037654,31684000,GOOGL
2020-05-28,70.24359130859375,71.54223095770017,69.2946211638657,69.34018521335773,35170000,GOOGL
2020-05-29,71.0003662109375,71.15935287375869,70.13163412502718,70.35203285335604,37044000,GOOGL
2020-06-01,71.06725311279297,71.39959332503963,70.44368538311765,70.61307875474463,25162000,GOOGL
2020-06-02,71.43573760986328,71.46991253231057,70.41048993644438,71.0736814378857,23442000,GOOGL
2020-06-03,71.2841796875,71.76757874931127,70.90627548214987,71.4550542991904,27732000,GOOGL
2020-06-04,70.04843139648438,71.38670226943195,69.63784110482716,71.16183703101473,26982000,GOOGL
2020-06-05,71.32231903076172,71.63336223365884,69.71758640754899,70.1148075544808,42642000,GOOGL
2020-06-08,71.71952819824219,71.76707229675719,70.55263081419939,70.64178639044825,33878000,GOOGL
2020-06-09,71.91963195800781,72.69822621574482,71.43821292718843,71.58086036140007,33624000,GOOGL
2020-06-10,72.54468536376953,72.94437778930063,72.03256031368748,72.38668869449063,31762000,GOOGL
2020-06-11,69.43428039550781,71.8958572006623,69.26142572948949,71.37233549620176,47144000,GOOGL
2020-06-12,69.98009490966797,71.04941785617385,68.63687377649948,70.6209918779244,36676000,GOOGL
2020-06-15,70.3674087524414,70.578398478052,68.70621419670628,68.8196368559929,30468000,GOOGL
2020-06-16,71.64178466796875,72.17173786067906,70.77602239457322,71.76708769172896,30648000,GOOGL
2020-06-17,71.94241333007812,72.42086224181243,71.08012003490119,71.96222904130842,30610000,GOOGL
2020-06-18,71.03011322021484,71.96372666153596,70.63982221806852,71.80919884322785,34862000,GOOGL
2020-06-19,70.5605697631836,71.54420600166658,70.28122263375963,71.32132836203121,52784000,GOOGL
2020-06-22,71.84929656982422,71.86366333812911,70.290634464632,70.57889184321455,29442000,GOOGL
2020-06-23,72.50902557373047,73.06474219667734,71.56897330290289,71.91567270014066,37752000,GOOGL
2020-06-24,70.95977020263672,73.09395715763489,70.82604059730271,72.47435717496697,31592000,GOOGL
2020-06-25,71.37581634521484,71.43623840216229,70.30797457430236,70.88646948000576,23958000,GOOGL
2020-06-26,67.4848403930664,71.17373736157167,67.11139504691282,70.95630864483473,97640000,GOOGL
2020-06-29,69.20001983642578,69.24113253185516,66.9454721708946,67.3758782586516,45074000,GOOGL
2020-06-30,70.23416137695312,70.52885771285644,68.69282865102589,69.18564429876447,40286000,GOOGL
2020-07-01,71.42037963867188,71.74133067420031,70.04249243539927,70.28964468450181,42182000,GOOGL
2020-07-02,72.80372619628906,73.72446915928498,71.86961405030723,71.90775665433772,57218000,GOOGL
2020-07-06,74.27571105957031,74.78833490399879,73.1528963084758,73.70613404852509,44712000,GOOGL
2020-07-07,73.79380798339844,75.34900896864144,73.78291009668904,74.1013823199443,42364000,GOOGL
2020-07-08,74.47135162353516,74.84628574672716,73.91167491016297,74.33267187185562,31766000,GOOGL
2020-07-09,75.21726989746094,75.73633283733925,74.07464672191071,74.78488371215391,41836000,GOOGL
2020-07-10,76.22518157958984,76.34058432202161,74.32872984562788,74.94931999608804,35918000,GOOGL
2020-07-13,74.89879608154297,78.07506910760813,74.6179676630631,76.76652158625085,42954000,GOOGL
2020-07-14,75.32622528076172,75.42231108902422,73.5961894957982,73.93595870830924,38108000,GOOGL
2020-07-15,75.12908935546875,76.09241855269676,74.18556831114255,75.44359385108443,31026000,GOOGL
2020-07-16,75.03201293945312,75.0810458639117,73.71206898316635,74.36733265182488,26484000,GOOGL
2020-07-17,75.12760162353516,75.45350280247234,74.19893856976338,75.13057171289171,34264000,GOOGL
2020-07-20,77.45496368408203,77.71102621712684,74.42677974635325,75.03598064140695,30166000,GOOGL
2020-07-21,77.06269073486328,78.60452239445694,76.89924512180716,78.50447647844284,27486000,GOOGL
2020-07-22,77.50498962402344,77.61048448962272,76.43417781716788,77.05229656224272,24482000,GOOGL
2020-07-23,75.12266540527344,77.77740431624677,74.71850645345809,77.55848677338363,33910000,GOOGL
2020-07-24,74.6996841430664,75.05728143638413,73.67840404854456,74.2529388126378,29902000,GOOGL
2020-07-27,75.75068664550781,76.15335678507493,74.9037499915274,74.9498128375825,27124000,GOOGL
2020-07-28,74.47384643554688,75.58130462662591,74.31881982215236,75.53128165806655,30910000,GOOGL
2020-07-29,75.45747375488281,75.9438429611725,74.44213382549296,74.54069848439703,22676000,GOOGL
2020-07-30,76.19346618652344,76.3182779617759,74.05382279794463,74.19250254822516,36042000,GOOGL
2020-07-31,73.69622802734375,74.54168329645547,72.01472655151453,74.14694100972764,91468000,GOOGL
2020-08-03,73.43917083740234,74.1806124648211,72.89237209086029,73.84728983771697,45482000,GOOGL
2020-08-04,72.97063446044922,73.9517993959219,72.51150244507616,73.63481601890071,37212000,GOOGL
2020-08-05,73.25739288330078,73.79775261715127,72.8676007994853,73.1449678287447,29134000,GOOGL
2020-08-06,74.5382080078125,74.60358776024441,72.90128824619615,73.11178671394394,33306000,GOOGL
2020-08-07,74.21233367919922,75.28809577595516,73.61303298151861,74.74080566354596,27718000,GOOGL
2020-08-10,74.13555145263672,74.64717771948666,73.17815479783029,73.83738620246639,20546000,GOOGL
2020-08-11,73.3292236328125,74.81013451807152,73.21283088279655,73.99587650416217,31098000,GOOGL
2020-08-12,74.65164184570312,74.87105817178005,73.55012397437174,73.65512760591216,22512000,GOOGL
2020-08-13,75.11769104003906,76.12412051903709,74.69967176135513,74.69967176135513,22388000,GOOGL
2020-08-14,74.52236938476562,75.273227709081,74.24352104005268,74.9671346484646,21942000,GOOGL
2020-08-17,75.0973892211914,75.47084207168449,74.54069016477087,75.08402003992009,19990000,GOOGL
2020-08-18,77.05575561523438,77.13450454848939,75.36633404262166,75.5867328085061,28378000,GOOGL
2020-08-19,76.50252532958984,77.70359782783095,76.27419874587514,76.89280870825378,30472000,GOOGL
2020-08-20,78.06961059570312,78.26376224635354,75.99980587316979,76.27270646114124,26382000,GOOGL
2020-08-21,78.03594970703125,78.84376130062248,77.37919704497368,77.84921946486926,34838000,GOOGL
2020-08-24,78.51042175292969,79.68078824721263,78.00968578922196,78.87296919170576,25638000,GOOGL
2020-08-25,79.5356674194336,79.68573629924437,78.15034355310362,78.26029732922122,25150000,GOOGL
2020-08-26,81.43162536621094,81.86055017042472,79.29446813584885,79.55795969252074,52188000,GOOGL
2020-08-27,80.65847778320312,81.62279705968226,80.17755001413131,81.55444721457123,31350000,GOOGL
2020-08-28,81.19882202148438,81.29391777738621,80.51434116540638,80.70552270693453,22418000,GOOGL
2020-08-31,80.70851135253906,81.449953096901,80.50049170038822,81.40389025294607,26422000,GOOGL
2020-09-01,81.97396087646484,82.17901042562862,80.70850618421295,80.83876691063882,22652000,GOOGL
2020-09-02,85.0600814819336,85.49147748723784,82.22703963118589,82.61435286260449,49522000,GOOGL
2020-09-03,80.70751190185547,84.19878788185247,79.62778233912816,84.17501205081606,63726000,GOOGL
2020-09-04,78.3152847290039,80.97893388921679,76.17366098528049,79.69168332981937,55850000,GOOGL
2020-09-08,75.46192932128906,77.04436739202738,75.11027221808052,75.53126920055102,54032000,GOOGL
2020-09-09,76.63228607177734,77.20136424573312,75.53967865021947,76.71499512271721,39242000,GOOGL
2020-09-10,75.58326721191406,77.94132930171978,75.28362070611884,76.77839946695076,33024000,GOOGL
2020-09-11,75.07362365722656,76.20980761182184,73.94734000116009,75.68728345893592,30706000,GOOGL
2020-09-14,74.73039245605469,77.11619079842107,74.5461486392724,75.8606363352639,42660000,GOOGL
2020-09-15,76.03250122070312,76.81852453848204,75.38764408134462,75.67441267924397,23042000,GOOGL
2020-09-16,74.89185333251953,76.9859252393696,74.8670874705173,76.39703128180564,22128000,GOOGL
2020-09-17,73.65116119384766,74.22668600240169,72.43374934092598,73.5902403439566,40008000,GOOGL
2020-09-18,71.87059783935547,74.0553141095479,70.90627852759398,73.71356487148887,63056000,GOOGL
2020-09-21,70.8329849243164,71.32430429010319,69.47292561580369,70.90628492783529,56908000,GOOGL
2020-09-22,72.30298614501953,72.50853448781227,70.8012770688142,71.83246499368731,33950000,GOOGL
2020-09-23,69.80525207519531,71.9691626068808,69.47291945647498,71.92012967764403,37726000,GOOGL
2020-09-24,70.47240447998047,71.22177395957205,69.44666551695688,69.47292020222153,34552000,GOOGL
2020-09-25,71.27478790283203,71.61553962151739,69.72057675017318,70.58089019606271,30326000,GOOGL
2020-09-28,72.24551391601562,72.9552593422174,71.63235305794456,72.9057351892471,30784000,GOOGL
2020-09-29,72.61007690429688,72.90625457931591,72.01473634931796,72.505572058924,31816000,GOOGL
2020-09-30,72.5892562866211,73.60954622399498,72.10189711806734,72.35845086835646,40924000,GOOGL
2020-10-01,73.69375610351562,74.04888211434293,73.14398718124211,73.4837563916012,32884000,GOOGL
2020-10-02,72.0939712524414,73.25442978973021,71.68536100740494,72.29357184396041,31222000,GOOGL
2020-10-05,73.4426498413086,73.53526676360953,72.3163660947899,72.44315794345924,21602000,GOOGL
2020-10-06,71.86713409423828,73.52634094837055,71.56946764606727,73.0795956580277,26096000,GOOGL
2020-10-07,72.26929473876953,72.7561626165751,70.98600466514723,72.27771376978185,36108000,GOOGL
2020-10-08,73.47236633300781,73.70019413862819,72.58183818176148,72.58183818176148,26076000,GOOGL
2020-10-09,74.81060791015625,74.87994777293632,73.64915954048142,73.93939693450929,32966000,GOOGL
2020-10-12,77.49211883544922,78.67238573652595,75.74424733428177,76.17515222055262,55344000,GOOGL
2020-10-13,77.61493682861328,78.51091381347847,77.19691752122968,78.10725371718881,39072000,GOOGL
2020-10-14,77.43515014648438,78.44603112515772,76.56641781072753,77.98789668241234,33174000,GOOGL
2020-10-15,77.0404052734375,77.82939861046535,76.33016843374361,76.49707537584324,31210000,GOOGL
2020-10-16,77.64614868164062,78.14192694066163,77.14888159901895,77.35541241809985,34194000,GOOGL
2020-10-19,75.77644348144531,78.45000818599058,75.42826277480725,78.05377701522532,29734000,GOOGL
2020-10-20,76.82298278808594,77.95025657100902,75.30839568992401,75.4376663929067,41670000,GOOGL
2020-10-21,78.55200958251953,79.99577518358736,77.6183964609002,77.75261728123418,60322000,GOOGL
2020-10-22,79.57577514648438,79.91058659318215,78.13052815542754,78.50298340637796,30512000,GOOGL
2020-10-23,80.8793716430664,80.93583357024468,79.83579712634676,79.99132249101037,30548000,GOOGL
2020-10-26,78.46783447265625,80.71098546815314,77.65011504853337,79.98886061885216,35826000,GOOGL
2020-10-27,79.19043731689453,79.34496508652187,78.10625651896821,78.69762923737872,25902000,GOOGL
2020-10-28,74.82794952392578,76.95817604869711,74.71304561757667,76.76997215631276,45174000,GOOGL
2020-10-29,77.1102523803711,78.68823166957667,75.11275733977158,75.136034380202,55406000,GOOGL
2020-10-30,80.04383850097656,83.27361125165413,79.32369366876372,82.58615252591025,99878000,GOOGL
2020-11-02,80.45046997070312,82.1304828078754,79.95121524040219,80.41183612953665,44228000,GOOGL
2020-11-03,81.50739288330078,82.16810552168376,79.84570721056207,80.76942013279667,31432000,GOOGL
2020-11-04,86.46968078613281,87.66728434181076,84.34737426162542,84.47515612599635,71342000,GOOGL
2020-11-05,87.29434204101562,88.74652704869179,86.23095917906215,87.68809433651573,39758000,GOOGL
2020-11-06,87.15715026855469,87.59151646054691,86.0155097060747,86.7416022030185,28622000,GOOGL
2020-11-09,87.24085235595703,89.9882082229578,87.04917952883265,88.95256884652888,53440000,GOOGL
2020-11-10,86.0670166015625,87.13980845567484,84.9971948371196,85.67326433218005,43022000,GOOGL
2020-11-11,86.53803253173828,87.31414035453767,86.331494168355,86.59597572878391,31838000,GOOGL
2020-11-12,86.3196029663086,87.41716058991086,86.07938848241983,86.27898907181691,26474000,GOOGL
2020-11-13,87.77772521972656,88.01892972596343,85.98082873454973,86.57616160127186,29744000,GOOGL
2020-11-16,87.86540985107422,88.87134076750016,87.23639317159765,87.37557173690674,25468000,GOOGL
2020-11-17,87.25273132324219,88.0194376680563,87.14525640032842,87.55980685012722,21314000,GOOGL
2020-11-18,86.21163940429688,87.41816090841624,86.10911462619481,87.00410167631715,20108000,GOOGL
2020-11-19,87.09968566894531,87.34336905613068,85.68564336156041,85.84463006966791,20106000,GOOGL
2020-11-20,86.00064849853516,87.58457543362366,85.93229864739699,87.26957210044257,27694000,GOOGL
2020-11-23,85.56379699707031,86.47661206181675,84.70299250728546,86.19083352627514,22530000,GOOGL
2020-11-24,87.36366271972656,87.49144457321789,85.22550834263211,85.56081856712366,27984000,GOOGL
2020-11-25,87.37506103515625,87.6846154040814,86.59399550711878,87.55733233080412,19600000,GOOGL
2020-11-27,88.5087661743164,89.00356188644805,87.39536057046436,87.39536057046436,14790000,GOOGL
2020-11-30,86.89315032958984,88.17792187358639,86.56823916359279,87.94563517843181,32418000,GOOGL
2020-12-01,88.92185974121094,90.22743728157029,87.32059575102693,87.50038822748262,37350000,GOOGL
2020-12-02,90.38838958740234,90.77323158063015,88.41714942363055,88.92184549114057,29424000,GOOGL
2020-12-03,90.23336791992188,91.32249899387762,89.99364466340876,90.16897819276261,24728000,GOOGL
2020-12-04,90.32846069335938,90.61275039832083,89.8247471296678,90.15312716981667,20544000,GOOGL
2020-12-07,89.9951400756836,90.60236094268264,89.30223249741923,89.92183251709534,22288000,GOOGL
2020-12-08,89.71281433105469,89.9426297266843,88.71976907569164,89.57364334514529,19936000,GOOGL
2020-12-09,88.05509185791016,90.55679149923866,87.26956740577334,89.66477459900621,31728000,GOOGL
2020-12-10,87.54940795898438,87.91294541969803,85.85948741239226,87.29928560071609,28688000,GOOGL
2020-12-11,87.90353393554688,88.02785447821572,86.81093396626306,87.1705112975482,18628000,GOOGL
2020-12-14,86.78716278076172,88.64646917503514,86.63213618937668,87.70146673560802,33050000,GOOGL
2020-12-15,87.2239990234375,87.36861895001778,86.26264985116309,87.1635694178284,21352000,GOOGL
2020-12-16,87.03133392333984,87.62171669560271,86.62867139429869,87.62171669560271,24676000,GOOGL
2020-12-17,86.2052001953125,87.50285735113397,85.74161679590512,87.36516761745172,34880000,GOOGL
2020-12-18,85.4974365234375,86.5940042678722,84.94172742665378,86.48553930809959,85256000,GOOGL
2020-12-21,85.91049194335938,86.03134359423083,83.90160815092943,84.65097756458779,33974000,GOOGL
2020-12-22,85.20026397705078,85.8139237991341,84.48506941057786,85.65146820811077,20370000,GOOGL
2020-12-23,85.59698486328125,86.38349935541012,85.2487966486839,85.38401507930502,22974000,GOOGL
2020-12-24,85.89070129394531,86.29931160845061,85.40482329572349,85.63512996567437,9312000,GOOGL
2020-12-28,87.86193084716797,88.50778551934158,86.27008374728062,86.42312271463942,27650000,GOOGL
2020-12-29,87.05956268310547,88.5805885405759,86.92831193871541,88.51917646313515,19726000,GOOGL
2020-12-30,85.99420928955078,87.554859181272,85.58559900744636,87.41815947937056,21026000,GOOGL
2020-12-31,86.80598449707031,87.0466902305064,85.98627755937241,86.04472710858418,21070000,GOOGL
2021-01-04,85.49296569824219,87.29382219548624,84.55241479491715,87.17049925718457,37324000,GOOGL
2021-01-05,86.18241882324219,86.51822033346573,85.03582818283809,85.44146836602938,20360000,GOOGL
2021-01-06,85.33201599121094,86.37658077563796,84.00564030032955,84.21167990296479,46588000,GOOGL
2021-01-07,87.8807601928711,88.05311608596125,85.52417916422668,85.52417916422668,41936000,GOOGL
2021-01-08,89.04418182373047,89.11996067150037,87.23093086255197,88.02042296709797,35484000,GOOGL
2021-01-11,86.98676300048828,88.37802708213147,86.78122221235388,88.01349202621859,34796000,GOOGL
2021-01-12,86.05264282226562,87.56178078053122,85.01006585841895,86.44540502976464,29528000,GOOGL
2021-01-13,86.53901672363281,86.99170972857497,85.55190413352405,85.55190413352405,23432000,GOOGL
2021-01-14,85.730224609375,87.54446586908304,85.4900100852796,86.61926396665082,29212000,GOOGL
2021-01-15,85.56676483154297,86.557338778318,84.77876912148749,85.63610470551805,31444000,GOOGL
2021-01-19,88.38247680664062,89.34184591188985,85.82481417418919,86.32852017503099,41660000,GOOGL
2021-01-20,93.11742401123047,94.09066114332114,90.11796608823943,90.45772770705165,64152000,GOOGL
2021-01-21,93.31951141357422,95.69342201407912,93.08474582243825,93.7900401833439,58634000,GOOGL
2021-01-22,93.73603820800781,94.32196208500488,92.9406058668475,93.6815563337508,32744000,GOOGL
2021-01-25,93.82121276855469,95.18523949060442,92.08176827448915,94.735516584528,50586000,GOOGL
2021-01-26,94.498291015625,94.88461430682868,92.92229180729993,93.41064108604714,31462000,GOOGL
2021-01-27,90.08972930908203,93.1372300622554,89.01693751997792,92.86185061997337,82512000,GOOGL
2021-01-28,91.78658294677734,93.50968065582508,90.68704529227291,90.68704529227291,55278000,GOOGL
2021-01-29,90.50676727294922,91.50625916311677,89.22893338179212,90.83662861742903,44530000,GOOGL
2021-02-01,93.76130676269531,94.87421377543062,91.36015163343833,91.36015163343833,40252000,GOOGL
2021-02-02,95.05150604248047,96.54974597426926,94.4200106758131,94.75482965676626,66332000,GOOGL
2021-02-03,101.9736557006836,104.3381569964161,99.7285172483929,102.30698592563262,97882000,GOOGL
2021-02-04,101.71363067626953,102.48973853749719,100.79585785059689,102.05983128209827,48596000,GOOGL
2021-02-05,103.45703125,103.80917957809702,101.53383402404027,102.00732524757738,29866000,GOOGL
2021-02-08,103.24356079101562,104.75319758057728,102.19504362216297,104.0102671012824,28828000,GOOGL
2021-02-09,102.79137420654297,103.93647605054652,102.52441377558988,102.76214943056925,21892000,GOOGL
2021-02-10,103.34062957763672,103.95478811937731,101.64476904759447,103.17520391689519,25102000,GOOGL
2021-02-11,103.45307159423828,103.71309424491231,102.46794654227034,103.56451419165847,20480000,GOOGL
2021-02-12,103.76411437988281,103.98550319284138,102.70122286478392,103.00830594107755,18990000,GOOGL
2021-02-16,104.54022979736328,106.24599833126774,103.6016588245308,103.6016588245308,31004000,GOOGL
2021-02-17,104.9324951171875,105.12169662718253,103.43326492153011,103.71210570094998,20294000,GOOGL
2021-02-18,104.29801940917969,105.0993993877626,103.67990074352853,104.25790430962748,22546000,GOOGL
2021-02-19,103.4560317993164,104.93050352872974,103.18957020129459,104.39609150930389,37938000,GOOGL
2021-02-22,101.74481964111328,103.03603768287125,101.4347740454075,101.71213354235819,29466000,GOOGL
2021-02-23,102.0350570678711,102.6482256079866,98.5734971842508,99.7503025439711,34658000,GOOGL
2021-02-24,103.20838928222656,103.43176569398656,100.4209188959251,100.54523187075476,22608000,GOOGL
2021-02-25,99.84738159179688,103.1682817745652,99.37884052135821,101.82753952667834,41548000,GOOGL
2021-02-26,100.14257049560547,101.85675806887475,99.10742248436003,100.54078166491652,40042000,GOOGL
2021-03-01,102.507568359375,102.83297076146233,100.76217598741069,101.43477656294935,26060000,GOOGL
2021-03-02,102.25101470947266,103.74975372991652,101.86420019858386,102.26884280534797,25564000,GOOGL
2021-03-03,99.62252807617188,102.82108791133213,98.76022716099328,101.63042204585955,33892000,GOOGL
2021-03-04,100.73790740966797,102.75174142926133,99.32633649330769,99.79388752346941,49216000,GOOGL
2021-03-05,103.86515045166016,104.31734469793713,100.43330643253846,102.08608191964105,53100000,GOOGL
2021-03-08,99.42886352539062,104.69078901545105,99.31445083979884,103.22078363369144,36868000,GOOGL
2021-03-09,101.05638122558594,102.22327884740525,100.82062562943396,101.52146100220388,33920000,GOOGL
2021-03-10,100.84983825683594,102.09845476210063,100.01478213556005,102.09845476210063,27100000,GOOGL
2021-03-11,104.03702545166016,104.56846748398614,101.85330656149335,101.94097333588161,27702000,GOOGL
2021-03-12,101.5338363647461,102.90132457610481,100.66312398359679,102.84189255369952,33818000,GOOGL
2021-03-15,101.75375366210938,101.78099082249379,100.43381698824165,101.28521253215582,26168000,GOOGL
2021-03-16,103.21236419677734,104.6878185156379,101.99395487739476,102.32579625344081,31900000,GOOGL
2021-03-17,103.12965393066406,103.96074246670578,101.24261159381157,102.44863427821845,26382000,GOOGL
2021-03-18,100.11434173583984,102.46249602458781,100.00735805315745,101.44368730072172,31700000,GOOGL
2021-03-19,100.39269256591797,100.8919396815701,99.2025179744217,100.52989105422479,46072000,GOOGL
2021-03-22,100.57743072509766,101.45161193261225,99.7507936209147,100.42587303185131,33536000,GOOGL
2021-03-23,101.10442352294922,102.23268729902472,100.44420961042817,101.03607367204845,28510000,GOOGL
2021-03-24,100.66858673095703,102.40555281826295,100.4937444081074,101.62101827351701,25218000,GOOGL
2021-03-25,100.66509246826172,101.31787728222385,98.86372953953217,100.49619792553659,35616000,GOOGL
2021-03-26,100.2822494506836,101.00833433627938,99.24808389518084,100.63191893272102,27978000,GOOGL
2021-03-29,101.3253173828125,101.49471073771208,99.32733130172416,100.15495848510993,26492000,GOOGL
2021-03-30,101.35899353027344,102.16135599859949,100.84785852895199,101.68142582954123,27312000,GOOGL
2021-03-31,102.15393829345703,103.32975373421876,101.38525186813577,101.75176698502271,42570000,GOOGL
2021-04-01,105.48523712158203,105.78092353227542,103.58581563660896,103.62642953491097,39880000,GOOGL
2021-04-05,109.9021987915039,110.39897459955093,106.24945728036417,106.34554307628875,48510000,GOOGL
2021-04-06,109.42176818847656,110.349940034583,109.05179177903032,109.50398600807345,35240000,GOOGL
2021-04-07,110.89624786376953,111.167168408484,109.61196749203187,109.61196749203187,24134000,GOOGL
2021-04-08,111.46086883544922,112.51880262359724,111.09336371525733,112.13297061526548,28664000,GOOGL
2021-04-09,112.46334838867188,112.62679402663483,110.80859261552649,111.2137416054722,26146000,GOOGL
2021-04-12,111.1731185913086,111.7808306901955,110.34103246237824,111.64363975188911,25024000,GOOGL
2021-04-13,111.65898895263672,112.10673186768861,111.09535207856177,111.4886131187785,25682000,GOOGL
2021-04-14,111.03888702392578,112.30286043860204,110.74716829600973,112.30286043860204,21002000,GOOGL
2021-04-15,113.18546295166016,113.71790254287018,111.49752999108566,112.0314508484042,29174000,GOOGL
2021-04-16,113.06163787841797,113.6307236741499,112.47571401741611,113.38308017201123,26282000,GOOGL
2021-04-19,113.40882873535156,114.11857430156049,112.4390605316911,112.4390605316911,30290000,GOOGL
2021-04-20,112.87641143798828,113.86648671770999,111.79223041209393,113.79169789148733,22288000,GOOGL
2021-04-21,112.8437271118164,112.92544614886954,111.18302366604111,112.5316938553797,23204000,GOOGL
2021-04-22,111.56438446044922,113.36524874098734,110.96013372841314,112.69759831173724,24146000,GOOGL
2021-04-23,113.91254425048828,114.21912854433809,111.99677595604035,112.28156447737894,29066000,GOOGL
2021-04-26,114.40784454345703,115.1309669925743,113.78328676080494,114.13989405660512,32038000,GOOGL
2021-04-27,113.46926879882812,114.82981927452529,113.23053555894302,114.7892053762967,44386000,GOOGL
2021-04-28,116.84017944335938,120.42308213784266,116.55192206744951,118.49740617928417,81106000,GOOGL
2021-04-29,118.51029205322266,119.07491892786257,117.57370113692855,118.33545731512626,41234000,GOOGL
2021-04-30,116.56580352783203,117.96993800153318,116.22207421400664,117.28495822738344,44856000,GOOGL
2021-05-03,116.0497055053711,117.95507465112739,115.67428013665503,117.13091635921127,28242000,GOOGL
2021-05-04,114.2542953491211,115.15373373881623,111.77043123786963,114.58712677663047,44818000,GOOGL
2021-05-05,114.64754486083984,115.64950792603096,114.32610258829462,115.3340133897962,26636000,GOOGL
2021-05-06,115.76590728759766,115.76590728759766,113.57129071075337,114.22952453420945,25190000,GOOGL
2021-05-07,116.488037109375,117.44493502105412,116.20225855348764,117.08040752159172,28898000,GOOGL
2021-05-10,113.50741577148438,115.45141903260618,113.1503096827676,115.30976161012867,30914000,GOOGL
2021-05-11,112.43311309814453,112.9392979571263,110.64314676150782,111.09633857454644,34186000,GOOGL
2021-05-12,108.97552490234375,111.33953495671246,108.64715238516904,110.26030410354558,46376000,GOOGL
2021-05-13,110.4014663696289,110.91656156854681,109.29598079350154,110.2568388651658,33204000,GOOGL
2021-05-14,112.84521484375,113.15922817807973,111.4395914005413,111.8625684955056,31996000,GOOGL
2021-05-17,113.36723327636719,113.40982723364519,111.71247768556474,112.11167889410602,21598000,GOOGL
2021-05-18,112.05719757080078,114.29639577340654,112.04332959493337,114.03240543824316,22204000,GOOGL
2021-05-19,112.50444030761719,112.67729498890604,110.22315452655346,110.37124334606443,23684000,GOOGL
2021-05-20,114.2602310180664,114.51034579849401,113.0997725001803,113.47024769738053,32352000,GOOGL
2021-05-21,113.6252670288086,114.85160409793224,113.3860425755212,114.77829654764197,40632000,GOOGL
2021-05-24,116.93926239013672,117.16263130037409,114.50839104940178,114.6535098007341,31832000,GOOGL
2021-05-25,117.0298843383789,118.07642150981503,116.6400921873996,117.48207860252175,22440000,GOOGL
2021-05-26,117.89366149902344,118.32356873602771,117.2076841748008,117.2106542643524,21572000,GOOGL
2021-05-27,117.02046966552734,118.3265381983706,116.70249626315695,118.3265381983706,35224000,GOOGL
2021-05-28,116.73171997070312,117.68366017105659,116.53360818591379,117.60194113813802,21482000,GOOGL
2021-06-01,117.9367446899414,118.16111114569608,116.60442148804488,117.60292325646189,23354000,GOOGL
2021-06-02,117.41224670410156,118.5538796399955,116.509331890451,118.33149323213362,21158000,GOOGL
2021-06-03,116.27257537841797,116.74012639520443,115.37808723881285,116.18094849891196,18696000,GOOGL
2021-06-04,118.55039978027344,118.82082906375526,117.00708692277624,117.34685607926886,24458000,GOOGL
2021-06-07,118.9828109741211,119.0922735281037,117.92785465176635,118.34587403770159,24120000,GOOGL
2021-06-08,118.79161834716797,119.83568424252671,118.61034462609612,119.4637277374824,24240000,GOOGL
2021-06-09,119.26213836669922,119.50680421418785,118.71533959615813,119.43499304217214,17942000,GOOGL
2021-06-10,120.60881042480469,120.6519031702953,119.05608856847827,119.21160637217974,25904000,GOOGL
2021-06-11,120.36465454101562,120.93522162483347,119.8079478759127,120.85003370784611,21958000,GOOGL
2021-06-14,121.29133605957031,121.29182729577786,119.76040219746265,120.46667894424607,22098000,GOOGL
2021-06-15,120.27499389648438,121.61820737332303,119.91491779298093,121.29577507444863,21562000,GOOGL
2021-06-16,119.63410186767578,120.73710853572372,118.34388130175334,120.42606532585692,26472000,GOOGL
2021-06-17,120.595947265625,121.36760375769067,119.36416872070753,119.55980920462216,25842000,GOOGL
2021-06-18,118.97882080078125,120.45675384325314,118.88372504209245,120.22297834428463,46116000,GOOGL
2021-06-21,120.664306640625,120.85003928296561,118.76834637657564,119.36467693795785,27414000,GOOGL
2021-06-22,121.17739868164062,121.24624731645292,119.9228420322322,120.60237276759418,22390000,GOOGL
2021-06-23,120.975830078125,121.93519924591817,120.68609141467088,120.94264518399315,19148000,GOOGL
2021-06-24,121.34532165527344,121.89558179394285,121.1472098673998,121.54343344314708,21362000,GOOGL
2021-06-25,121.35372161865234,121.47705211984542,120.41911841008913,120.85001563761682,34594000,GOOGL
2021-06-28,121.38097381591797,121.62762727603534,120.26112916843773,121.52212486149851,28526000,GOOGL
2021-06-29,121.11995697021484,121.86140619474826,120.54394097768125,121.51420801698202,23108000,GOOGL
2021-06-30,120.93869018554688,121.10461466323201,120.21061765850376,120.8445844421565,24474000,GOOGL
2021-07-01,121.29033660888672,121.4314876540544,120.38594059110169,120.57761338692235,18110000,GOOGL
2021-07-02,124.07682800292969,124.22194673760366,121.89954818912742,121.98919501918171,25982000,GOOGL
2021-07-06,125.00054168701172,125.23629728290413,123.40818815923684,124.46414196993973,26404000,GOOGL
2021-07-07,125.28185272216797,126.08421522849032,124.96387932066273,125.96337112785648,24060000,GOOGL
2021-07-08,123.8653335571289,124.41163354428006,122.85297134620515,122.85693146563722,23790000,GOOGL
2021-07-09,124.33536529541016,124.54932511010205,123.37747738496,123.84651726271859,18632000,GOOGL
2021-07-12,125.77863311767578,125.87174882862907,124.42699293647514,124.98864973435082,17668000,GOOGL
2021-07-13,126.14117431640625,126.8504211059645,125.48046166094439,125.84102901344178,19240000,GOOGL
2021-07-14,127.02824401855469,128.10748242717386,126.70878177120348,126.75187452354898,23742000,GOOGL
2021-07-15,125.80784606933594,127.48686866927758,125.33732493861099,127.4363544747392,24218000,GOOGL
2021-07-16,125.7731704711914,126.6067377507971,124.9643690508137,126.45963897630418,20424000,GOOGL
2021-07-19,123.40372467041016,125.01538740172474,122.34083319735542,124.9009747197147,27968000,GOOGL
2021-07-20,125.01985931396484,125.84549891921584,123.17838099734327,124.34428103708474,26312000,GOOGL
2021-07-21,126.34672546386719,126.39327953934199,124.83559982340273,124.94456356694099,20746000,GOOGL
2021-07-22,127.21099090576172,127.27191930760111,126.29719335532684,126.63894259015407,14302000,GOOGL
2021-07-23,131.76119995117188,132.14158302724823,128.5770069637434,129.20105830531395,41506000,GOOGL
2021-07-26,132.77159118652344,132.97168302546814,131.05442593897925,132.07175342893328,30572000,GOOGL
2021-07-27,130.65667724609375,133.13212925632988,128.8776166293402,132.9850304991104,54710000,GOOGL
2021-07-28,134.81117248535156,136.99340991482225,134.00237098890494,135.02711991535966,95130000,GOOGL
2021-07-29,134.49766540527344,135.37283673825075,134.2653786909646,134.8666518231357,31716000,GOOGL
2021-07-30,133.45657348632812,134.0291281776654,132.98952121699546,133.7621677510973,25576000,GOOGL
2021-08-02,133.5833740234375,134.06082538942997,132.53286916754786,133.84339668549805,21634000,GOOGL
2021-08-03,134.3515625,134.4525908952914,132.0628400817748,133.8612180697714,20762000,GOOGL
2021-08-04,133.851806640625,134.37086945712394,133.21932116971857,134.07369424279747,19676000,GOOGL
2021-08-05,134.96717834472656,135.06476051712352,133.57492439775388,134.40156148083773,17870000,GOOGL
2021-08-06,134.4590301513672,135.18612020781896,133.93552349692666,134.75968182925016,20488000,GOOGL
2021-08-09,135.6224365234375,135.89089329134345,134.06376694609222,134.66109496877536,17760000,GOOGL
2021-08-10,135.51744079589844,136.47383970829256,135.0791070391315,136.0473863078297,19414000,GOOGL
2021-08-11,134.99444580078125,136.38470472961833,134.98700924033824,135.88843523972923,15352000,GOOGL
2021-08-12,135.9008026123047,136.0058062320599,134.14897887117468,134.69378245120308,16506000,GOOGL
2021-08-13,136.4292755126953,136.55707249857926,135.7413332281866,135.9562830728058,15948000,GOOGL
2021-08-16,137.0058135986328,137.058322978221,134.02369196500243,136.22870803364498,22384000,GOOGL
2021-08-17,135.3733367919922,136.96222146374024,134.7993008134567,136.45157763049883,21716000,GOOGL
2021-08-18,134.1722412109375,135.8121385014862,134.04594062787078,135.21332923875826,19258000,GOOGL
2021-08-19,134.4010467529297,135.06720824211268,132.98453346542323,133.16828599472683,21782000,GOOGL
2021-08-20,136.1340789794922,136.2574019223177,133.97511882978887,134.71804924843835,31194000,GOOGL
2021-08-23,138.72149658203125,139.54663749004254,136.31043336755596,136.66902073363573,28454000,GOOGL
2021-08-24,139.92999267578125,140.74077433712029,139.01568864165813,139.2861104216961,19268000,GOOGL
2021-08-25,140.73977661132812,140.84923916395852,140.04341521085385,140.2900611558722,15848000,GOOGL
2021-08-26,140.1072998046875,141.07508052854902,140.024575623053,140.41387655895255,20610000,GOOGL
2021-08-27,142.64662170410156,143.15032775638406,140.1632488403668,140.31728540087127,28780000,GOOGL
2021-08-30,143.22756958007812,144.59456634363275,142.80409381355324,143.03885933468914,24434000,GOOGL
2021-08-31,143.3335723876953,143.80310348475496,142.92100957240294,143.77884397500796,22448000,GOOGL
2021-09-01,143.84671020507812,144.87541933160753,143.51783888497312,143.63324161174037,21936000,GOOGL
2021-09-02,141.93638610839844,144.1478408560357,141.83534259782863,143.84720429279963,32342000,GOOGL
2021-09-03,142.38462829589844,142.79620869202296,141.05824509717957,141.73184334739216,19850000,GOOGL
2021-09-07,142.92050170898438,143.20232010806757,142.26523803308976,142.47870659035723,20124000,GOOGL
2021-09-08,142.33657836914062,143.03889504845884,141.65209734422024,142.74173490823725,18344000,GOOGL
2021-09-09,142.18797302246094,142.95022038804444,141.8279044770925,142.48464943117943,15314000,GOOGL
2021-09-10,139.54812622070312,143.35440605337484,139.41142650897547,142.85316370039908,36840000,GOOGL
2021-09-13,140.99087524414062,141.60254742162573,139.9185746785746,140.61147464793981,22094000,GOOGL
2021-09-14,141.20086669921875,142.01166334811575,140.4138609963223,141.6476195524205,19674000,GOOGL
2021-09-15,143.06808471679688,143.0888828974175,140.0151355030484,141.4257086208245,27408000,GOOGL
2021-09-16,142.25633239746094,142.9398308741866,141.05922759081184,142.5936227227182,26190000,GOOGL
2021-09-17,139.47283935546875,142.09785473193486,139.14594808151912,141.6823142083568,53384000,GOOGL
2021-09-20,137.41192626953125,137.68978457112166,135.03703359355418,136.85918731338376,46518000,GOOGL
2021-09-21,137.7224884033203,138.69176548662895,136.9746001490419,138.43222649685097,25332000,GOOGL
2021-09-22,138.96119689941406,139.5590087402755,137.24552785356187,137.99093729311895,25056000,GOOGL
2021-09-23,139.88490295410156,140.36087304097438,139.0780815102405,139.6585564297789,20952000,GOOGL
2021-09-24,140.87448120117188,140.9889014490048,138.91908904507557,139.21378542182566,22984000,GOOGL
2021-09-27,139.74227905273438,140.60061237801688,138.7472460145976,139.4772986606459,21882000,GOOGL
2021-09-28,134.5496826171875,137.785387734539,134.08411157822107,137.34805144334183,45772000,GOOGL
2021-09-29,133.0870819091797,135.85821322958458,132.60319159739623,135.68881987904555,30848000,GOOGL
2021-09-30,132.4159393310547,134.26484619084297,132.29707531083466,132.9959304531151,37996000,GOOGL
2021-10-01,135.2559356689453,135.6199794487268,132.8092168477559,133.1801832786123,35360000,GOOGL
2021-10-04,132.39964294433594,134.67894893702572,129.81474265622978,134.67894893702572,51202000,GOOGL
2021-10-05,134.7408447265625,135.9310269065087,132.7775323428591,132.7775323428591,32404000,GOOGL
2021-10-06,136.26829528808594,136.45154903354904,133.28171570875574,133.4798274575008,24364000,GOOGL
2021-10-07,137.9126739501953,138.72197425447405,137.34407938421361,137.58280506274824,25110000,GOOGL
2021-10-08,138.46791076660156,139.00825554641344,137.90525630274254,138.26136480962015,26526000,GOOGL
2021-10-11,137.60458374023438,139.3856397178086,137.55009431613644,137.97902659825877,17954000,GOOGL
2021-10-12,135.16281127929688,138.1919846691248,134.4802954021772,138.1652311954784,36332000,GOOGL
2021-10-13,136.28515625,136.69921546698336,135.23217255462345,136.1073438593819,19654000,GOOGL
2021-10-14,139.82049560546875,140.00523062194034,137.51641675537215,138.1593012632748,31894000,GOOGL
2021-10-15,140.0354461669922,140.3821530750547,139.42823295670377,140.2796283145094,30274000,GOOGL
2021-10-18,141.4321746826172,141.4500103351122,139.7397828702763,139.74672063679765,20396000,GOOGL
2021-10-19,141.88687133789062,142.30836717520583,141.25588212378463,142.0359502105665,20164000,GOOGL
2021-10-20,140.43267822265625,142.19293614617558,140.04387612604899,141.98688902177523,23288000,GOOGL
2021-10-21,140.54856872558594,140.81602790844926,139.17563174016504,140.4326672271855,26292000,GOOGL
2021-10-22,136.26979064941406,139.25785180366452,134.77353061581803,137.83836064745896,50588000,GOOGL
2021-10-25,136.1514129638672,136.69919414742475,134.147471866324,136.25343892863123,34412000,GOOGL
2021-10-26,137.995361328125,138.76255123324276,137.00082734508936,137.95078731803392,49236000,GOOGL
2021-10-27,144.83924865722656,147.24881500925127,138.0909634675946,138.0909634675946,85782000,GOOGL
2021-10-28,144.4742431640625,145.77091036411727,143.2637614743381,145.7476333234458,36206000,GOOGL
2021-10-29,146.65052795410156,146.84467961742357,143.28604362604932,143.71050193740845,43320000,GOOGL
2021-11-01,142.14439392089844,146.650526252916,141.87545343779883,146.650526252916,46924000,GOOGL
2021-11-02,144.06167602539062,145.2270849877673,142.97501601822947,143.21671938537946,33482000,GOOGL
2021-11-03,145.2161865234375,145.28651643687795,143.22810059076318,144.5252514271149,27494000,GOOGL
2021-11-04,146.8699188232422,148.32210355915961,144.92888610521643,145.73768752512296,38412000,GOOGL
2021-11-05,147.4489288330078,148.91051523572824,146.80010405976353,147.7634258058656,38354000,GOOGL
2021-11-08,147.62625122070312,149.1953201974763,147.03140193421632,148.41275821148804,23052000,GOOGL
2021-11-09,147.5147705078125,148.42213649161667,145.85703759858688,147.8263048865866,19530000,GOOGL
2021-11-10,144.51829528808594,146.6742930482063,143.17508933638337,146.1096586376128,29970000,GOOGL
2021-11-11,144.39248657226562,146.1448241518883,144.22805094053797,145.10867864305814,16518000,GOOGL
2021-11-12,147.2765350341797,147.44692595196187,144.04033190788914,145.23347643622148,22360000,GOOGL
2021-11-15,147.0526885986328,148.13984720055237,146.18395628145507,147.49696261340108,23508000,GOOGL
2021-11-16,146.4821319580078,147.3602657973772,145.923936479964,146.7530525035929,18904000,GOOGL
2021-11-17,146.65150451660156,147.15917066321168,145.85211965055908,146.63218759828888,19594000,GOOGL
2021-11-18,148.42613220214844,149.16114250750712,146.49055568916586,146.84418530798982,35608000,GOOGL
2021-11-19,147.52272033691406,149.5434998037264,147.49548317893243,148.56182849438522,33682000,GOOGL
2021-11-22,144.92295837402344,148.4172045095236,144.76991940785044,147.92489515967466,30594000,GOOGL
2021-11-23,144.4078826904297,145.2776127448071,142.75660327261244,144.77538788745673,27218000,GOOGL
2021-11-24,144.7426300048828,144.87091063428716,143.01210360672897,144.10222444494028,18040000,GOOGL
2021-11-26,140.8427734375,143.19488775564477,140.50548313123517,142.9878581645666,30470000,GOOGL
2021-11-29,144.15872192382812,144.91849043687807,142.53714381167404,142.64264622326615,32596000,GOOGL
2021-11-30,140.5599822998047,144.62380552713375,140.26676719316237,143.64165054932508,42068000,GOOGL
2021-12-01,139.72198486328125,144.57481026036416,139.58380386409377,142.64269466594965,34020000,GOOGL
2021-12-02,141.61839294433594,142.50842215106744,138.89281831208532,139.91856472972714,29194000,GOOGL
2021-12-03,140.66299438476562,143.03888475918794,138.97852275278916,142.32666783141497,41230000,GOOGL
2021-12-06,141.80560302734375,142.49652286942776,138.82892367181316,141.6921803830131,30618000,GOOGL
2021-12-07,145.88131713867188,146.14035728051192,143.85855794963334,144.22408296714516,32240000,GOOGL
2021-12-08,146.7896728515625,146.9942386965999,145.0259688324968,146.205237875634,24270000,GOOGL
2021-12-09,146.24684143066406,147.69456716893538,145.72827747091617,146.19978856816275,23270000,GOOGL
2021-12-10,146.60643005371094,147.57322820089257,145.32115971227452,147.2983475495059,24458000,GOOGL
2021-12-13,144.4519500732422,146.57523920094434,144.14585701731025,146.3885089845114,27070000,GOOGL
2021-12-14,142.55050659179688,143.11810346460078,139.88388049756273,142.6109361906856,38446000,GOOGL
2021-12-15,145.06065368652344,145.3380132207217,140.34254884287643,142.05723536266143,36370000,GOOGL
2021-12-16,143.08346557617188,146.2849953541412,142.25335200656264,145.78326939220364,33650000,GOOGL
2021-12-17,140.38909912109375,142.4787119667157,139.9681021693179,141.15678788642228,50416000,GOOGL
2021-12-20,140.27220153808594,140.43813355928052,138.0077539378615,138.6803545036419,27192000,GOOGL
2021-12-21,142.12013244628906,142.5128946761984,139.17812644459522,140.71450164649497,28756000,GOOGL
2021-12-22,145.03489685058594,145.1191022977237,141.71896161480515,141.71896161480515,26322000,GOOGL
2021-12-23,145.5316619873047,146.84614951123285,145.07153240558975,145.1190840665869,26384000,GOOGL
2021-12-27,146.5123291015625,146.9457052312204,145.78227653939464,145.86796324695013,15976000,GOOGL
2021-12-28,145.3043212890625,146.90112605445645,144.67779110911528,146.83871638730724,18200000,GOOGL
2021-12-29,145.2726287841797,146.02745475759826,144.27463333879814,145.26222969189286,17788000,GOOGL
2021-12-30,144.82241821289062,145.91155689259517,144.61836625158207,145.31126625234555,15688000,GOOGL
2021-12-31,143.48663330078125,145.31572484803414,143.48663330078125,144.6733390453183,18136000,GOOGL
2022-01-03,143.6248016357422,144.47619703135243,142.35834947327606,143.68769497903742,28646000,GOOGL
2022-01-04,143.03839111328125,145.10422816379875,142.3618304239217,144.025488639684,28400000,GOOGL
2022-01-05,136.47633361816406,143.13745135306127,136.3901632285162,143.0587024090049,54618000,GOOGL
2022-01-06,136.44911193847656,138.62095062507981,135.27132385500752,135.7071789046073,37348000,GOOGL
2022-01-07,135.72547912597656,137.14348910378652,134.48676280437064,136.84333622696138,29760000,GOOGL
2022-01-10,137.36241149902344,137.51100668479543,131.90931129081562,133.80477279843086,44408000,GOOGL
2022-01-11,138.41883850097656,138.89432489527653,135.4040389194939,136.70614733101905,28730000,GOOGL
2022-01-12,140.0973663330078,141.26377260922706,139.36831139738393,139.8195080404844,26108000,GOOGL
2022-01-13,137.28070068359375,141.5035186270779,137.10436954275085,140.20585383753698,31436000,GOOGL
2022-01-14,138.16574096679688,139.41535500972142,135.70714188822194,135.7868732920058,29662000,GOOGL
2022-01-18,134.71607971191406,135.8388944592343,134.1618595013737,134.89141323912568,34872000,GOOGL
2022-01-19,133.84288024902344,136.65908416614792,133.74283433997795,135.23661543971323,28648000,GOOGL
2022-01-20,132.0509490966797,136.3287551036395,131.7111798903732,134.96571815865502,29908000,GOOGL
2022-01-21,129.12281799316406,133.59426174993882,128.86031646787782,131.34368942250475,55652000,GOOGL
2022-01-24,129.571044921875,129.96628601137778,123.32646545512321,124.79053071235748,76622000,GOOGL
2022-01-25,125.73851013183594,128.17928897797395,125.30811164753264,127.52650408806734,46960000,GOOGL
2022-01-26,128.0148468017578,131.7463372318321,125.94355325697116,129.88307087009878,49130000,GOOGL
2022-01-27,127.78901672363281,131.40212729229407,127.71719042774222,130.06634259125644,31950000,GOOGL
2022-01-28,132.09402465820312,132.09948115838165,127.27389448111535,128.43682430725084,34362000,GOOGL
2022-01-31,134.0281219482422,134.19603402997248,130.96329190158724,132.8973869656009,39986000,GOOGL
2022-02-01,136.3465576171875,136.49415519096547,133.1019351922104,136.29752469047622,68644000,GOOGL
2022-02-02,146.60494995117188,150.1180141843333,144.15080955105117,149.82431540618072,123200000,GOOGL
2022-02-03,141.74122619628906,148.26416246033293,141.32072802834824,144.33208137122566,71518000,GOOGL
2022-02-04,141.94232177734375,143.50941059648488,139.19050728126922,142.0923982148257,57998000,GOOGL
2022-02-07,137.88890075683594,142.89030508807886,137.5907279348419,142.89030508807886,54974000,GOOGL
2022-02-08,138.0850372314453,138.68037019357018,135.72252350917645,137.71605080771687,54284000,GOOGL
2022-02-09,140.25732421875,141.18104458810905,138.8655692047621,139.63475425338206,40144000,GOOGL
2022-02-10,137.3133544921875,140.15085547320035,136.65660953339068,138.38665259987917,39330000,GOOGL
2022-02-11,133.01675415039062,137.8448048052889,132.1425653416151,137.29356222530336,39958000,GOOGL
2022-02-14,134.24853515625,135.01524150081954,132.00042669980434,132.00042669980434,34302000,GOOGL
2022-02-15,135.32083129882812,136.8066922748942,134.54124703407226,136.27375391882413,26680000,GOOGL
2022-02-16,136.43966674804688,136.78437846529766,133.65218142911007,135.3584485041593,25022000,GOOGL
2022-02-17,131.28968811035156,135.82106231860794,131.22975729540616,134.95876898649715,38950000,GOOGL
2022-02-18,129.17384338378906,132.80628624167994,128.96929259881463,132.20895804605414,45620000,GOOGL
2022-02-22,128.5898895263672,130.93456750573523,127.01486532309565,128.61414903757367,44990000,GOOGL
2022-02-23,126.3853530883789,130.80628231511255,126.32542227304695,130.40757990733792,32786000,GOOGL
2022-02-24,131.44024658203125,131.74633962573986,123.77568492964569,123.77568492964569,54456000,GOOGL
2022-02-25,133.19207763671875,133.99642015608714,130.50959571249916,132.29313059177062,36406000,GOOGL
2022-02-28,133.78395080566406,134.47189303756042,131.34267336042723,131.79586516819953,38864000,GOOGL
2022-03-01,132.79782104492188,134.97114050786368,131.96278003223856,133.60712128280522,26496000,GOOGL
2022-03-02,133.3030242919922,133.98750520472257,131.81716337457922,133.35899498471252,23520000,GOOGL
2022-03-03,132.6373748779297,135.15342630121359,131.7716050611301,134.7279703958508,24604000,GOOGL
2022-03-04,130.6631317138672,132.5898052248612,129.10892100654087,131.67451892195976,30430000,GOOGL
2022-03-07,125.18726348876953,130.4932720771041,125.10454686818073,130.2486062137015,45112000,GOOGL
2022-03-08,125.90641784667969,130.0128427096033,124.48989666762061,125.05997251114222,40428000,GOOGL
2022-03-09,132.16238403320312,132.47491606181063,128.67605804169412,130.01284022199468,37026000,GOOGL
2022-03-10,131.1812286376953,132.01578605372748,129.67852951814072,130.0286978025834,27102000,GOOGL
2022-03-11,128.64634704589844,132.53435325187561,128.4096014176675,132.23024024414997,31526000,GOOGL
2022-03-14,124.76377868652344,129.17975763176182,124.09415576058076,129.022259756083,38812000,GOOGL
2022-03-15,127.9802017211914,128.63052298498053,124.53547908320327,125.77914575944271,30920000,GOOGL
2022-03-16,132.02423095703125,132.076226430529,127.52107530797069,129.50074250154515,35576000,GOOGL
2022-03-17,132.57742309570312,132.81664753613904,130.93900699221336,131.89392469445764,28264000,GOOGL
2022-03-18,134.84239196777344,134.9597747513969,131.01183774576378,132.16684745611494,44566000,GOOGL
2022-03-21,134.818603515625,135.75816449036662,132.82853776609664,134.8800155945873,26832000,GOOGL
2022-03-22,138.54962158203125,139.72048699983432,134.81862924241636,134.81862924241636,35496000,GOOGL
2022-03-23,136.9721221923828,138.2727494521605,136.53578350471344,137.39509925472657,25154000,GOOGL
2022-03-24,140.23757934570312,140.28413343187228,136.4520973117038,137.88792811090894,26396000,GOOGL
2022-03-25,140.3376007080078,140.69618802841327,138.42034355673357,140.57830645229447,24126000,GOOGL
2022-03-28,140.1221466064453,140.66398768557863,138.49363060700367,139.5723701734137,35050000,GOOGL
2022-03-29,141.1622314453125,142.43810026531608,140.6996381193691,141.3029063704736,34318000,GOOGL
2022-03-30,140.60057067871094,141.3751971168259,140.26526046966993,141.11715456864937,19884000,GOOGL
2022-03-31,137.75665283203125,140.7684898968639,137.71405887609035,140.71400046777697,37524000,GOOGL
2022-04-01,138.82943725585938,139.1469118661108,137.0038070973183,138.18507141556094,25942000,GOOGL
2022-04-04,141.62387084960938,142.35739996687056,138.98795747049755,139.03550914168866,25942000,GOOGL
2022-04-05,139.26580810546875,141.64268113011158,139.05927727293317,141.5223358074646,21418000,GOOGL
2022-04-06,135.26092529296875,138.0469151340761,134.23963752395863,137.44216549463002,32468000,GOOGL
2022-04-07,134.6076202392578,135.87159364235194,132.96226616904812,134.72796554964043,26234000,GOOGL
2022-04-08,132.0311279296875,134.39116244363444,131.71215695928404,134.30547574358152,25142000,GOOGL
2022-04-11,127.60921478271484,130.84739849692966,127.45567701767428,130.58093686472841,36884000,GOOGL
2022-04-12,126.51066589355469,130.35954686473357,125.59389066736169,130.35954686473357,32710000,GOOGL
2022-04-13,128.6696319580078,129.1054869891877,126.53692599863578,126.7934873559408,27928000,GOOGL
2022-04-14,125.53544616699219,129.24960742552614,125.40765674024802,129.24960742552614,31598000,GOOGL
2022-04-18,126.47301483154297,127.00395800091283,124.99260283196493,125.80289311850134,20808000,GOOGL
2022-04-19,128.78353881835938,129.10447476049856,125.80240017548964,126.4878787188869,26490000,GOOGL
2022-04-20,126.83308410644531,130.16043076840108,126.29818081475312,129.65820601853372,31696000,GOOGL
2022-04-21,123.63799285888672,128.87218229541864,123.3527055622705,128.0316847615535,36446000,GOOGL
2022-04-22,118.50782012939453,124.21996776137067,117.80402222276324,123.8217565690258,56884000,GOOGL
2022-04-25,121.91389465332031,122.1154753014406,117.39390981440351,117.9783448116081,46128000,GOOGL
2022-04-26,117.53160858154297,121.35522489023224,117.39391885369488,121.14175631057378,73054000,GOOGL
2022-04-27,113.2171630859375,116.13687453033563,111.67385011306806,113.39050900268353,91820000,GOOGL
2022-04-28,117.40531158447266,118.52168744721978,113.03935526290716,115.31767859411205,48884000,GOOGL
2022-04-29,113.03389739990234,116.80848059659873,112.7416798928777,115.63415406821377,42676000,GOOGL
2022-05-02,115.48408508300781,115.64505184129835,111.53862727592032,112.33603962239242,35534000,GOOGL
2022-05-03,116.22801971435547,117.32557749707244,114.94076917028259,115.33303263982113,24968000,GOOGL
2022-05-04,121.10857391357422,121.69647785121755,114.03091818678884,115.92836716829281,49916000,GOOGL
2022-05-05,115.4073257446289,119.8980938644429,113.92146466993306,119.07096543975983,45840000,GOOGL
2022-05-06,114.65548706054688,116.46328938854116,112.94080801191126,114.09878790423157,39710000,GOOGL
2022-05-09,111.45046997070312,113.99228466247091,110.9447838916454,112.18250256559926,40802000,GOOGL
2022-05-10,113.31671905517578,115.1542373069567,111.83630687207636,114.4187357470195,39900000,GOOGL
2022-05-11,112.53168487548828,115.26765131886637,112.16913744806907,112.16913744806907,37534000,GOOGL
2022-05-12,111.78033447265625,113.21765378291165,108.7892955470922,110.32765836329241,53836000,GOOGL
2022-05-13,114.95661163330078,116.76391499760273,112.53416717091297,113.45341371338583,35038000,GOOGL
2022-05-16,113.36624145507812,115.07498009851662,112.8159813449991,113.87192754882359,25990000,GOOGL
2022-05-17,115.3751220703125,115.798099091998,113.78723513362914,115.73915830811926,23054000,GOOGL
2022-05-18,110.84474182128906,114.31224988096989,110.50398258581235,113.916018739077,35126000,GOOGL
2022-05-19,109.3435287475586,111.94477566233903,108.96314565159634,110.38115567097562,34144000,GOOGL
2022-05-20,107.88143157958984,111.12606177172583,104.79926453382097,110.89574757041693,48962000,GOOGL
2022-05-23,110.4371109008789,111.09039456188339,107.71600254425863,108.55452759041016,37184000,GOOGL
2022-05-24,104.97110748291016,105.45500526623327,100.92411559672391,104.77497580393965,76780000,GOOGL
2022-05-25,104.80768585205078,105.49613450260898,102.87755077701198,103.99590668358864,40258000,GOOGL
2022-05-26,106.77645874023438,107.62537539755519,104.23315497933007,104.68089790507406,37948000,GOOGL
2022-05-27,111.2578125,111.259301323666,108.109766654316,108.45102468801176,37914000,GOOGL
2022-05-31,112.68968200683594,114.64408411321045,111.02204847773712,111.68375119356135,50012000,GOOGL
2022-06-01,112.81847381591797,115.997724818727,112.18252687959554,113.7724017778829,36606000,GOOGL
2022-06-02,116.51378631591797,116.78817573341432,111.88186743338352,112.92543446799303,37992000,GOOGL
2022-06-03,113.46134185791016,115.2250612395035,112.4484808055199,114.96849990205233,26136000,GOOGL
2022-06-06,115.7193603515625,118.22204263439792,115.06904672687631,115.60444886318548,33542000,GOOGL
2022-06-07,116.04524993896484,116.58164964382146,113.96752484797211,114.39198315815538,31590000,GOOGL
2022-06-08,116.0893325805664,117.45286068913215,115.50092985611303,115.66090659386595,26108000,GOOGL
2022-06-09,113.75305938720703,117.18391328926909,113.69411860375493,115.23099254159975,25798000,GOOGL
2022-06-10,110.11368560791016,112.21122625756998,109.3256823347158,111.38508794278529,41452000,GOOGL
2022-06-13,105.38964080810547,107.76602221273737,105.11872028376786,105.77992416332314,47252000,GOOGL
2022-06-14,105.7095947265625,106.90719827486238,104.80272741507743,105.53079987627487,33706000,GOOGL
2022-06-15,108.7298583984375,110.37321720506895,106.6546047522059,107.52184819954677,39698000,GOOGL
2022-06-16,105.0340347290039,107.62438376681095,104.14697548134566,106.21034141935115,51684000,GOOGL
2022-06-17,106.13356018066406,107.67489298903801,104.05582771449916,105.03402250297012,51376000,GOOGL
2022-06-21,110.4925765991211,111.42916744939824,107.57632672264717,107.90271913799603,47416000,GOOGL
2022-06-22,110.43661499023438,112.27808553314208,109.34202746291359,109.51439089534087,30774000,GOOGL
2022-06-23,111.18399810791016,111.67978387662868,109.45892028477276,111.17359901614837,28362000,GOOGL
2022-06-24,116.86296844482422,116.9659920122871,111.88781133853583,111.92991405965786,41164000,GOOGL
2022-06-27,114.74166107177734,117.46177198860401,114.09381876102695,117.15816533978835,36420000,GOOGL
2022-06-28,110.95172119140625,116.20374667239821,110.7937245115218,114.71094784953131,35792000,GOOGL
2022-06-29,110.64859771728516,112.09384476980462,109.82740954217135,110.50050890465707,24716000,GOOGL
2022-06-30,107.9359130859375,109.84277107418012,105.74377534571843,108.9631408714663,43170000,GOOGL
2022-07-01,107.71253967285156,108.22020580753811,105.72445397417482,106.91561856393403,35476000,GOOGL
2022-07-05,112.19538879394531,112.3083126633725,104.7348786039733,106.09097773944877,39342000,GOOGL
2022-07-06,113.49202728271484,114.4999380024822,110.42520993668309,112.23400180153378,37432000,GOOGL
2022-07-07,117.6633529663086,118.06602306558507,113.75108733780583,113.99526196361097,40936000,GOOGL
2022-07-08,118.22847747802734,118.55684998677997,115.7995865179468,116.14480464976064,38238000,GOOGL
2022-07-11,114.58613586425781,116.88575614827931,114.24339658286063,116.88575614827931,31196000,GOOGL
2022-07-12,112.94573974609375,115.87139882340728,112.61835728538988,115.1195505184911,29960000,GOOGL
2022-07-13,110.30388641357422,113.11959190510474,110.15331873670166,110.64810696160987,43722000,GOOGL
2022-07-14,109.3271713256836,110.04583472550598,107.35147235760216,109.17165351215847,37004000,GOOGL
2022-07-15,110.72388458251953,112.0740435098507,109.85466101364264,110.9447897246164,46770000,GOOGL
2022-07-18,108.00227355957031,112.60844381063112,107.34849870061805,111.57824602434704,43164600,GOOGL
2022-07-19,112.73722839355469,112.94524803380152,108.52728874896475,109.80513015974967,36530900,GOOGL
2022-07-20,112.82637023925781,114.3122311092459,111.41975709613077,112.10324795723943,35600400,GOOGL
2022-07-21,113.2622299194336,113.47025711440008,110.06268006419117,113.20279789657461,32676200,GOOGL
2022-07-22,106.88294982910156,111.28109381448324,105.49614453961978,109.95372811171639,48901200,GOOGL
2022-07-25,106.49661254882812,108.83436778668157,105.29801891918392,107.38813065775187,34690900,GOOGL
2022-07-26,104.03007507324219,106.18952663157644,103.08903282410867,105.5951837606774,47991000,GOOGL
2022-07-27,111.99430084228516,112.83629483954817,106.99190637211716,108.2301239475271,59858500,GOOGL
2022-07-28,113.14335632324219,113.2622203589268,110.40937014030533,111.31079605080369,32816600,GOOGL
2022-07-29,115.22357177734375,115.60989504749655,111.99429829794433,112.01411401088968,37223400,GOOGL
2022-08-01,113.77732849121094,115.61979670741562,113.26222578696031,114.21318346288767,26034300,GOOGL
2022-08-02,114.04476928710938,115.25327064265812,112.64806403146038,112.92542351159044,20236000,GOOGL
2022-08-03,116.96697998046875,117.50189084849441,114.39148908653323,114.61931687482497,28499000,GOOGL
2022-08-04,117.0759506225586,117.66038569063144,115.78820132098609,116.37264394653926,21602900,GOOGL
2022-08-05,116.36272430419922,116.99669103407605,114.90657937362977,115.1344147097478,19159500,GOOGL
2022-08-08,116.19432830810547,119.01746257719415,115.77828150201907,117.27405029484413,19138300,GOOGL
2022-08-09,115.53065490722656,116.21415345666097,114.61932854630112,116.03584981582941,19086500,GOOGL
2022-08-10,118.57170104980469,119.78020250101322,117.29386728055461,117.66037481224664,30930400,GOOGL
2022-08-11,117.71981048583984,120.34483309629736,117.44245097514634,120.13681346327724,24293700,GOOGL
2022-08-12,120.53305053710938,120.53305053710938,118.33397493999934,119.12643720187907,19096300,GOOGL
2022-08-15,120.92926788330078,121.14719535835013,119.47312298863412,119.988218109904,19494800,GOOGL
2022-08-16,120.55284881591797,121.27597113744898,119.50284282881232,120.37454519947742,19041200,GOOGL
2022-08-17,118.42312622070312,120.1467228864073,118.25472289488862,118.98775310554484,22847000,GOOGL
2022-08-18,119.03726959228516,119.6811441703863,117.60094038977294,118.30424698639806,17987700,GOOGL
2022-08-19,116.10518646240234,118.02690258693414,115.65943115149652,117.93774699026473,21809500,GOOGL
2022-08-22,113.16317749023438,114.54007481677039,112.77685421487422,114.11412767246556,21456600,GOOGL
2022-08-23,112.7867431640625,113.92590464344327,112.36079609116287,112.41032780841033,15870400,GOOGL
2022-08-24,112.61837005615234,113.69809218038822,111.80609960937106,112.43015856175212,17734600,GOOGL
2022-08-25,115.55046081542969,115.61980069445303,113.03440190054245,113.1631738023058,16956800,GOOGL
2022-08-26,109.29994201660156,114.03489253906723,109.15136194833346,113.63866138956425,37245700,GOOGL
2022-08-29,108.38861083984375,109.90418792858209,107.77445976504953,108.95323774657922,21191200,GOOGL
2022-08-30,107.91313934326172,109.45843244169193,106.7838855317196,109.13154119164547,27513300,GOOGL
2022-08-31,107.19993591308594,109.80514321153183,107.11078030953706,109.60703140417145,28627000,GOOGL
2022-09-01,108.70557403564453,109.40888057423399,106.34801095315541,107.25933709689284,28360900,GOOGL
2022-09-02,106.83341217041016,109.6961706343394,106.24897709542937,109.54758301202008,24160700,GOOGL
2022-09-06,105.80320739746094,107.01170889666186,104.7829173782116,106.28859410286454,25068300,GOOGL
2022-09-07,108.41832733154297,108.94333792914485,105.8923680249707,106.05085594393181,23167000,GOOGL
2022-09-08,107.35840606689453,108.56690754109273,106.14991215017609,107.02161453866474,24238300,GOOGL
2022-09-09,109.60700988769531,109.94380140559007,107.99236950049534,108.04190122135259,23197700,GOOGL
2022-09-12,109.8150405883789,110.56787898796314,108.89380641286198,109.94381249512503,22966800,GOOGL
2022-09-13,103.33668518066406,107.2791732473491,103.10884982257862,106.78388621953583,38172900,GOOGL
2022-09-14,104.01026153564453,104.28762102387624,102.68289611125587,103.58431444800893,26395100,GOOGL
2022-09-15,101.93997955322266,104.27772736843421,101.38525294374102,103.04941765722538,34188300,GOOGL
2022-09-16,101.83100891113281,102.15789258323697,99.98854069027041,101.10788657515745,42797200,GOOGL
2022-09-19,102.09847259521484,102.35602397834498,100.59280328245238,100.79091508025668,23036800,GOOGL
2022-09-20,100.1866455078125,101.40505475280146,99.57248695767865,101.11778740955236,26517100,GOOGL
2022-09-21,98.34419250488281,101.91025764699961,98.33428464808382,100.71166392865516,31487300,GOOGL
2022-09-22,99.1960678100586,100.28569756734774,97.85879458259106,97.88851058981584,34298600,GOOGL
2022-09-23,97.80926513671875,98.72059887182063,96.5512396042916,98.69087530642672,31625400,GOOGL
2022-09-26,97.24464416503906,98.93852473541365,96.87813663539869,97.17530428990605,27072700,GOOGL
2022-09-27,96.58096313476562,99.0573980869391,95.95690424751061,98.49277122014274,30072800,GOOGL
2022-09-28,99.10693359375,99.75080065991985,96.19464356038361,96.72955443737825,32466300,GOOGL
2022-09-29,96.50171661376953,97.71021809479579,95.05547949044494,97.71021809479579,31047200,GOOGL
2022-09-30,94.74839782714844,97.96776309662957,94.6592422436428,96.13520283934386,32941500,GOOGL
2022-10-03,97.71021270751953,98.35408727916217,95.61019323680982,95.84793642347994,27982000,GOOGL
2022-10-04,100.68194580078125,100.88005758771709,99.43382038214075,99.4932599642057,28850800,GOOGL
2022-10-05,100.47392272949219,100.96920973741486,97.86871578851174,98.88900581563564,22176900,GOOGL
2022-10-06,100.46401977539062,101.95978872839768,99.64184148832554,99.73099708399155,22324000,GOOGL
2022-10-07,97.74983215332031,99.58239234555766,97.37341679432703,98.90880179539982,27502800,GOOGL
2022-10-10,96.93758392333984,98.16589371522846,96.09559743339588,98.06683781479049,18225100,GOOGL
2022-10-11,96.26398468017578,98.31447262301143,95.40218255210743,96.51162818804231,26507100,GOOGL
2022-10-12,96.64039611816406,97.81918158553775,95.82812574805676,96.3828523219572,21876400,GOOGL
2022-10-13,98.12627410888672,98.83948871501123,93.49038672655847,94.25313306379539,34574500,GOOGL
2022-10-14,95.64982604980469,99.74090163611203,95.4616221229326,99.04749527967141,25410700,GOOGL
2022-10-17,99.0276870727539,99.97863723546732,97.89843328218922,97.92814929391774,28419200,GOOGL
2022-10-18,99.82013702392578,102.49469131471892,99.0276823713602,102.15789223033175,24060700,GOOGL
2022-10-19,98.69088745117188,100.06778474217612,97.98758079988396,99.06731041769221,23811100,GOOGL
2022-10-20,99.0276870727539,101.35553453374322,98.45315232106869,99.05740308448243,25323200,GOOGL
2022-10-21,100.1767349243164,100.35503852708132,96.79888188427095,96.92765376947044,32458700,GOOGL
2022-10-24,101.55364227294922,101.78147761626212,99.0375909853776,100.84043534742486,27176400,GOOGL
2022-10-25,103.49517822265625,103.83196976605646,101.751765809669,101.93006943778678,40611400,GOOGL
2022-10-26,94.03518676757812,97.38332404744001,93.79745113215374,95.52104771456979,88114100,GOOGL
2022-10-27,91.3507308959961,94.53047236921812,90.9346916507101,93.62904644695233,60710900,GOOGL
2022-10-28,95.38237762451172,95.63992899750288,91.26158588657455,91.40026565107432,43697300,GOOGL
2022-10-31,93.61915588378906,95.12482511935792,93.09415284479122,94.52057434230903,31675000,GOOGL
2022-11-01,89.61724090576172,95.1248305368086,89.51818500629669,94.55029573943848,47161400,GOOGL
2022-11-02,86.15023803710938,90.3205544470509,86.0610824306121,90.08281875886027,57038300,GOOGL
2022-11-03,82.64359283447266,85.70446300437007,82.55443724057845,85.50635121846325,61288000,GOOGL
2022-11-04,85.7638931274414,85.8233251451628,82.92094321259124,84.5950155815513,51124900,GOOGL
2022-11-07,87.65589904785156,88.06203805206351,86.03135814596484,86.45730530667177,34078900,GOOGL
2022-11-08,88.06201934814453,89.46863244242654,86.76436242766391,88.06201934814453,30429000,GOOGL
2022-11-09,86.4969253540039,88.59694505123552,86.4573014852848,87.616271304768,31769100,GOOGL
2022-11-10,93.05451202392578,93.50026724366884,90.74647308663829,91.38043976059588,51620100,GOOGL
2022-11-11,95.5012435913086,96.01633874938153,93.03470887381417,93.79745509098437,33090500,GOOGL
2022-11-14,94.79792785644531,95.87765743584981,93.61914994697848,94.19367711771467,30179500,GOOGL
2022-11-15,97.51211547851562,99.19608840231544,95.79841898384171,97.33381184067372,41640800,GOOGL
2022-11-16,97.9182357788086,98.7007901248497,96.71964217765083,96.97719352688098,29105200,GOOGL
2022-11-17,97.432861328125,98.34418761381784,95.87766041716742,96.0559640432795,26052600,GOOGL
2022-11-18,96.51162719726562,97.96777221776902,95.46162115308442,97.8389927582132,28342300,GOOGL
2022-11-21,94.69886779785156,97.47247787174473,94.46113216672569,96.37294018625333,21647400,GOOGL
2022-11-22,96.13521575927734,96.30361153605567,93.16349357268429,95.04557824487563,23438500,GOOGL
2022-11-23,97.53192901611328,97.82910428140612,96.17483972224804,96.17483972224804,18868100,GOOGL
2022-11-25,96.54134368896484,97.71022134220922,96.48191166578498,97.31399022022332,9701400,GOOGL
2022-11-28,95.14463806152344,96.66021510957758,94.70878307241713,96.12530422953257,26237500,GOOGL
2022-11-29,94.2927474975586,95.21398167866465,93.22292569547149,94.82765839860214,20061700,GOOGL
2022-11-30,100.03807067871094,100.0876024039482,93.52999950599408,93.92623063545153,43647500,GOOGL
2022-12-01,100.03807067871094,101.28619609138381,99.3050480015768,100.06778669086121,28687100,GOOGL
2022-12-02,99.49324798583984,99.82013163918121,97.96776322615591,98.11635082720889,21480700,GOOGL
2022-12-05,98.54229736328125,100.42438177439655,98.06681855409174,98.46304963550313,24405100,GOOGL
2022-12-06,96.06587982177734,98.83948277532939,95.51115318508242,98.36401143814018,24910700,GOOGL
2022-12-07,94.04511260986328,95.966821329755,93.8271850867615,95.50125782560606,31045400,GOOGL
2022-12-08,92.8266830444336,94.67905903360328,92.56913170384522,94.48093971104322,32213300,GOOGL
2022-12-09,91.95498657226562,93.37150769977879,91.87573883817876,92.88612099660666,28225400,GOOGL
2022-12-12,92.43045806884766,92.67810157031386,90.74648528186952,91.83611517682478,29420000,GOOGL
2022-12-13,94.72859954833984,98.59184009412678,94.13425659302202,96.83852724231708,40593700,GOOGL
2022-12-14,94.17386627197266,95.95690242669573,92.71772133852875,94.3026381663495,28733600,GOOGL
2022-12-15,90.00354766845703,92.75734197805329,89.16156134147303,92.25214715887117,40107000,GOOGL
2022-12-16,89.40921020507812,90.46912406913405,88.67618001312934,89.904497198702,58011800,GOOGL
2022-12-19,87.60636901855469,89.70638111067228,87.37853366795777,89.4092134382398,29493000,GOOGL
2022-12-20,88.18090057373047,88.33939605285829,86.61579928348552,87.27948209800233,23453800,GOOGL
2022-12-21,88.7356185913086,89.36958533140333,87.48749326534973,88.24033160326711,24745600,GOOGL
2022-12-22,86.93277740478516,87.705423924909,85.50634840918426,87.32900852106096,27658300,GOOGL
2022-12-23,88.388916015625,88.70589937421238,86.24927267705067,86.28889654155903,23003000,GOOGL
2022-12-27,86.56626892089844,88.10166177985037,86.18985348825937,87.96298201216858,20097300,GOOGL
2022-12-28,85.20916748046875,87.21013108289247,85.12992730850024,86.16012511888523,19523200,GOOGL
2022-12-29,87.61626434326172,88.01249544149027,85.79361187188182,85.80351972764441,23333500,GOOGL
2022-12-30,87.39834594726562,87.46768582385727,85.75398950597845,86.16012846707217,23986300,GOOGL
2023-01-03,88.27995300292969,90.19176102565882,87.68560258790053,88.74551641039932,28131200,GOOGL
2023-01-04,87.249755859375,89.7955306240279,86.4473858159188,89.49835541423235,34854800,GOOGL
2023-01-05,85.38746643066406,86.74455538281254,85.09029879767937,86.64549950515097,27194400,GOOGL
2023-01-06,86.51673889160156,86.86344587509146,84.06011933803855,85.97192766715298,41381500,GOOGL
2023-01-09,87.19031524658203,89.20118670166892,87.03182734539318,87.52711431751243,29003900,GOOGL
2023-01-10,87.5865478515625,87.8341913419079,85.02096491917445,85.1695525248776,30467800,GOOGL
2023-01-11,90.65734100341797,90.73658874757064,88.17100537984503,88.33940116805881,26862000,GOOGL
2023-01-12,90.27100372314453,91.00403390685888,88.9040143567913,90.61771066077036,30258100,GOOGL
2023-01-13,91.2516860961914,91.32102597882799,89.28043825448809,89.99365279445307,26329200,GOOGL
2023-01-17,90.42951202392578,91.38046226909674,89.20120223526506,91.19225076852265,32602400,GOOGL
2023-01-18,90.26109313964844,91.9252575322005,89.78561435999978,91.27147515486845,29116700,GOOGL
2023-01-19,92.17291259765625,92.72763161249016,89.77571780323882,89.86487339203985,37000400,GOOGL
2023-01-20,97.09606170654297,97.37342877925906,94.12433965904754,94.20358739410928,63191100,GOOGL
2023-01-23,98.84939575195312,99.0970392904967,96.5809800319962,97.02673537838223,40005100,GOOGL
2023-01-24,96.77906036376953,98.67106001048631,96.28377344776769,97.17529140806673,33078500,GOOGL
2023-01-25,94.32245635986328,95.25359832710816,92.87621924407682,94.66915574421624,42330000,GOOGL
2023-01-26,96.60079193115234,96.65032366377186,94.4809637637165,95.59040958005393,30114000,GOOGL
2023-01-27,98.43333435058594,99.37437656306163,96.39274691143376,96.39274691143376,33879800,GOOGL
2023-01-30,96.02626037597656,97.36353396498312,95.49134942887774,96.56117132307538,27226200,GOOGL
2023-01-31,97.9083251953125,97.94794906005014,95.90736914967809,95.95690086997,29870700,GOOGL
2023-02-01,99.48334503173828,100.23618337201236,96.66021070256011,97.77955657834522,35531100,GOOGL
2023-02-02,106.72444152832031,106.83340527382167,104.61452161152837,104.80273309148161,69883800,GOOGL
2023-02-03,103.7923355102539,106.7937733186172,101.61307588023179,101.95977524535176,65309300,GOOGL
2023-02-06,101.9300537109375,103.3762906680943,100.91966412167028,101.43476677119288,31999600,GOOGL
2023-02-07,106.62539672851562,107.1603076554791,102.14800507103423,102.24706097066138,49010200,GOOGL
2023-02-08,98.43333435058594,102.16779474920261,97.11586920713648,101.08807279083534,94743500,GOOGL
2023-02-09,94.11443328857422,99.08711120195127,92.7474363981296,99.05739519259022,119455000,GOOGL
2023-02-10,93.6785888671875,95.8380406275546,93.36160546921987,94.5502913222284,54980700,GOOGL
2023-02-13,93.71820068359375,94.30263567820646,92.95545452073385,93.84697257457299,50076100,GOOGL
2023-02-14,93.78754425048828,93.95594001243452,91.39035704490637,93.53990075675098,54726100,GOOGL
2023-02-15,96.02626037597656,96.2045640250095,93.2625575947065,93.59934917761261,50169000,GOOGL
2023-02-16,94.60972595214844,96.75926974325574,93.8469797311233,94.47104619514022,42462600,GOOGL
2023-02-17,93.46065521240234,94.65924884324633,92.33140145912851,93.95594221146911,34284100,GOOGL
2023-02-21,90.92478942871094,92.22243896547124,90.85544955020039,92.12338307581045,33629300,GOOGL
2023-02-22,90.7861099243164,91.24177306400797,89.75591204252156,90.83563409054463,30884000,GOOGL
2023-02-23,90.03327178955078,91.07337753026592,88.9139258711701,91.05356181773953,41206400,GOOGL
2023-02-24,88.28985595703125,89.04269429656404,87.7450448035044,88.59693902936208,36585100,GOOGL
2023-02-27,89.02289581298828,89.31016320477262,88.49788519922211,89.02289581298828,27502300,GOOGL
2023-02-28,89.21109771728516,90.37007511496472,88.47807502657972,88.48798288330664,30142000,GOOGL
2023-03-01,89.50825500488281,90.17193768033303,88.82475661995356,89.1318396570481,31111200,GOOGL
2023-03-02,91.1328125,91.41017202449882,88.74552541452906,88.81487285313399,32204400,GOOGL
2023-03-03,92.76726531982422,92.8465130610586,91.57857187375025,91.60829544482357,35160100,GOOGL
2023-03-06,94.2332992553711,95.06538532191449,93.11395338746972,93.13376154162282,32639300,GOOGL
2023-03-07,92.97528076171875,94.76821737043342,92.64838951204187,94.08472641631292,27835500,GOOGL
2023-03-08,93.36158752441406,95.0554679402407,93.11394405617953,93.23281564162451,34103300,GOOGL
2023-03-09,91.44979858398438,94.62954046765182,91.03375928499547,93.16349506431554,28813500,GOOGL
2023-03-10,89.77571868896484,91.91536215154204,89.54789090168737,91.30120355228826,35941000,GOOGL
2023-03-13,90.2511978149414,91.69743494917104,88.57712533524305,89.24080810196517,37335600,GOOGL
2023-03-14,93.084228515625,93.47055172340838,91.56865169163194,91.68751572019364,36050200,GOOGL
2023-03-15,95.2040786743164,96.01634914526834,91.76678529050788,92.34132009026139,50622100,GOOGL
2023-03-16,99.37437438964844,100.23617641239431,94.59980844378984,95.29320715808248,65492000,GOOGL
2023-03-17,100.6621322631836,101.87062619084857,99.15645555604324,99.31495102310215,61028500,GOOGL
2023-03-20,100.26589965820312,100.79090265941907,98.92862629411955,99.17626978959724,32960400,GOOGL
2023-03-21,103.93102264404297,104.10932626699038,100.26590185371047,100.29561786462173,42110300,GOOGL
2023-03-22,102.3956298828125,105.58527158969119,102.35600601870802,103.28714037398593,43427400,GOOGL
2023-03-23,104.60460662841797,105.29801292140883,103.47535294059679,104.06969579353225,40797800,GOOGL
2023-03-24,104.44612121582031,104.49564537954834,102.86119682693183,104.00035839739058,30393300,GOOGL
2023-03-27,101.49421691894531,103.7725402718168,100.96921387821344,103.63386050850951,31120900,GOOGL
2023-03-28,100.07768249511719,101.48429565568745,98.7998412241836,101.47439535781645,32057900,GOOGL
2023-03-29,100.4343032836914,101.52393323759745,99.70128059578812,101.31591359200922,28779600,GOOGL
2023-03-30,99.93900299072266,100.20646218346947,98.8394653260509,99.95881870147095,33086200,GOOGL
2023-03-31,102.75225067138672,102.91073859125474,100.08760402894022,100.34515540089112,36863400,GOOGL
2023-04-03,103.3763198852539,103.5447156785657,100.96922437548061,101.42488758193188,25035400,GOOGL
2023-04-04,103.73291778564453,104.58481209016414,103.05932711596579,103.34659450306941,24420100,GOOGL
2023-04-05,103.48527526855469,105.09990829704094,102.68291268275507,104.78292489397982,28290500,GOOGL
2023-04-06,107.39803314208984,108.14096365506636,103.34658903891498,104.26782317730506,48711500,GOOGL
2023-04-10,105.43669128417969,106.57584525506634,104.12913400189751,105.97160211204229,27067400,GOOGL
2023-04-11,104.35696411132812,105.72396099898825,103.69328137868473,105.5456573857056,26311800,GOOGL
2023-04-12,103.65365600585938,105.74376761435744,103.35648080221837,105.57537185911791,24370300,GOOGL
2023-04-13,106.41736602783203,106.47679804994421,104.84234942454029,104.84234942454029,24843600,GOOGL
2023-04-14,107.84378814697266,107.91312802084542,105.83291668970352,105.88244840996097,26578000,GOOGL
2023-04-17,104.97110748291016,105.15931892453628,103.53477092901305,103.67345821480173,37571200,GOOGL
2023-04-18,103.51498413085938,105.53575601983307,103.08903700390688,105.48622429630001,26596400,GOOGL
2023-04-19,103.19800567626953,103.9904679457502,102.09846786716825,102.60366275289918,20905700,GOOGL
2023-04-20,104.29753112792969,105.24848120414728,102.89091794586696,102.93054181039429,27820800,GOOGL
2023-04-21,104.41641235351562,105.00084740487684,103.79234587649182,104.47584437704927,25800100,GOOGL
2023-04-24,104.97110748291016,105.62488226530459,103.71307451648033,104.4956287305046,23542800,GOOGL
2023-04-25,102.87110137939453,105.68433527760472,102.86119352397525,104.83244109105003,46664100,GOOGL
2023-04-26,102.73242950439453,105.3475442819754,101.66260776152602,103.93102314766244,53347600,GOOGL
2023-04-27,106.57584381103516,107.34849781246507,102.564023992642,103.4654423247581,50089200,GOOGL
2023-04-28,106.32820129394531,106.338109149272,104.09940996663532,106.03103365145822,36139800,GOOGL
2023-05-01,106.18952178955078,106.9720760975855,105.81310641855707,105.83291457177599,26681700,GOOGL
2023-05-02,104.32725524902344,106.18953168173442,102.7324304758186,106.13009965906194,30997200,GOOGL
2023-05-03,104.41641235351562,106.47680059664341,103.97064950457289,104.53527640058293,21795400,GOOGL
2023-05-04,103.70320129394531,104.60461976329854,102.98998675787486,104.49565601153888,23419500,GOOGL
2023-05-05,104.57489013671875,104.88196563853086,103.12865309684194,103.83195968460865,26639300,GOOGL
2023-05-08,106.75415802001953,106.94236950082018,104.16876679983567,104.18857495479786,26511400,GOOGL
2023-05-09,106.33811950683594,109.1117297850802,106.17963159356827,107.36831739425581,36360100,GOOGL
2023-05-10,110.69664001464844,111.87542544527842,106.91264779027239,106.95227165556445,63153400,GOOGL
2023-05-11,115.47120666503906,116.8084800047562,113.33157083298755,114.31223694111618,78900000,GOOGL
2023-05-12,116.40235137939453,116.91744652756881,115.01554628549181,115.58017315602966,41102300,GOOGL
2023-05-15,115.41178894042969,117.36322110013674,114.916501897153,115.01555779431223,36266800,GOOGL
2023-05-16,118.38350677490234,119.61181648021966,115.33253688856816,115.39196891314602,45035600,GOOGL
2023-05-17,119.70095825195312,120.52313648382196,117.76934197947081,118.48255646699654,33323600,GOOGL
2023-05-18,121.67221069335938,122.14768199859776,119.69106262074578,119.80992666831531,35234200,GOOGL
2023-05-19,121.60286712646484,124.78260877971135,120.99861637803845,122.38542149832001,41353400,GOOGL
2023-05-22,123.87128448486328,125.23827391464934,121.5830533547579,121.78117269366314,35253000,GOOGL
2023-05-23,121.40474700927734,123.45523488676992,121.05804762080852,122.98967145510028,34046300,GOOGL
2023-05-24,119.7603988647461,120.76088072713313,118.73020099136893,119.97832635531356,34182600,GOOGL
2023-05-25,122.31607818603516,124.1387306788188,120.81040150658113,123.34626847305567,42317000,GOOGL
2023-05-26,123.43543243408203,124.07930707525598,121.29578886786955,122.00900338994037,35635900,GOOGL
2023-05-30,122.50428771972656,124.47553546863793,120.85003091363836,124.45571975597146,35076700,GOOGL
2023-05-31,121.71182250976562,122.89060035716126,121.3453074319317,121.59295091648666,37325800,GOOGL
2023-06-01,122.5538101196289,123.2472088605985,121.46418028775692,121.66229205446838,30772700,GOOGL
2023-06-02,123.49485778808594,124.96091062176546,122.59343938511499,122.8212671711218,26980100,GOOGL
2023-06-05,124.82222747802734,126.22884069489605,122.67267622973692,122.84107954751497,32305500,GOOGL
2023-06-06,126.10997772216797,127.08073604231397,124.17836138082025,124.82223601376286,26638300,GOOGL
2023-06-07,121.34532165527344,127.8236693200009,120.96890623532141,125.77318888731985,52539000,GOOGL
2023-06-08,120.98870849609375,122.06843809259337,120.0971903791399,121.07786408652909,29389200,GOOGL
2023-06-09,121.0778579711914,122.59343491472501,120.76087460756005,121.09766612502108,23778300,GOOGL
2023-06-12,122.47457122802734,122.88071020381717,120.51323890061894,121.63258482252455,28306400,GOOGL
2023-06-13,122.66278076171875,123.9802460011841,122.01890614745163,123.80194237811752,22278300,GOOGL
2023-06-14,122.50428771972656,122.88071068558905,120.3052121775111,121.93966082841287,30592300,GOOGL
2023-06-15,123.910888671875,124.27740374488029,121.24624995225469,121.97927254078598,35246300,GOOGL
2023-06-16,122.3656005859375,124.92128322731656,122.11795709489255,124.742979611465,45535600,GOOGL
2023-06-20,121.93965911865234,123.39580412253898,120.98870897595658,121.77126335074871,26097500,GOOGL
2023-06-21,119.41368865966797,121.50380022812683,118.96792586274573,121.24624889373705,30306300,GOOGL
2023-06-22,121.98918914794922,122.07833718002013,117.70990978650924,118.8688795483101,26952200,GOOGL
2023-06-23,121.18682861328125,121.63259148117145,119.91889500746818,120.23587840892145,34913600,GOOGL
2023-06-26,117.22452545166016,120.85002997860882,117.1551855728241,119.62172031459276,33969900,GOOGL
2023-06-27,117.21461486816406,117.95754531514096,115.00563168052851,115.97639745653589,39535900,GOOGL
2023-06-28,119.04718017578125,119.25519980286133,115.74856703748377,115.98630267450676,27091400,GOOGL
2023-06-29,117.97737121582031,118.92832142410506,117.1849164876566,118.11605098218598,24090900,GOOGL
2023-06-30,118.57170104980469,119.93869796362138,118.5618007515014,119.03727202436663,29532200,GOOGL
2023-07-03,118.76983642578125,119.05710382246328,117.70001458106489,118.11605389040548,14467900,GOOGL
2023-07-05,120.6023941040039,121.45428841644171,118.10615075051018,118.11605104991308,27584800,GOOGL
2023-07-06,118.97782897949219,119.16604043452877,117.28394855659973,118.67075349599371,24745200,GOOGL
2023-07-07,118.35377502441406,119.90897577306588,118.2745272971948,118.96792601666532,21709500,GOOGL
2023-07-10,115.35234832763672,117.19481671679651,115.0452727819369,117.18491641740523,35315200,GOOGL
2023-07-11,116.03583526611328,116.60046213170129,114.2627069372542,115.19384889567219,23078800,GOOGL
2023-07-12,117.8089599609375,119.19576499990413,117.2938648331679,117.68018806836497,30404400,GOOGL
2023-07-13,123.3660888671875,123.65335623874292,119.31463721160668,119.79011606460736,44297900,GOOGL
2023-07-14,124.23780059814453,125.58498196562161,122.32599230146607,123.62364949891389,33283100,GOOGL
2023-07-17,123.47505187988281,125.90195518182102,123.02928904081584,124.75289325990691,25716200,GOOGL
2023-07-18,122.59343719482422,123.50476343752902,121.80097499226719,123.4255157057774,26193600,GOOGL
2023-07-19,120.87974548339844,124.00005513290701,120.6519176928117,123.42552039211267,37224000,GOOGL
2023-07-20,118.076416015625,122.92032219876853,117.10565774229482,120.27549147201748,37906800,GOOGL
2023-07-21,118.8886947631836,119.84955280579004,117.61086088273697,119.48304524220468,72937900,GOOGL
2023-07-24,120.38445281982422,121.84059775832779,119.83964167327879,120.51323227212808,29686100,GOOGL
2023-07-25,121.05804443359375,121.98918638737764,119.87925898635496,120.21605806734303,52509600,GOOGL
2023-07-26,128.051513671875,129.7453868594028,127.11047133269726,128.84397594722074,61682100,GOOGL
2023-07-27,128.1802520751953,131.98406720387166,127.5760014129933,130.42885898076116,44952100,GOOGL
2023-07-28,131.33029174804688,132.47936111951782,129.3392436159831,129.5472556742055,36591200,GOOGL
2023-07-31,131.46896362304688,132.27132602951215,130.5378217782747,131.47886392024066,28055500,GOOGL
2023-08-01,130.3100128173828,131.3798345519529,129.44820315858595,129.54726660464158,23166800,GOOGL
2023-08-02,127.16990661621094,128.86377984713428,126.35762860655751,128.22981303360817,26273300,GOOGL
2023-08-03,127.23921966552734,128.17036158821978,126.21892971575811,126.76374840615887,20089500,GOOGL
2023-08-04,126.90245056152344,130.27039650877546,126.70433876138416,128.0614204630477,26147200,GOOGL
2023-08-07,130.29019165039062,130.36943938092537,127.80385645406918,127.94253620376521,22746300,GOOGL
2023-08-08,130.16143798828125,130.27040174998604,128.3189694544306,129.38879135617893,23535200,GOOGL
2023-08-09,128.43783569335938,130.79539166782024,127.78405318898797,130.41898380481655,24912900,GOOGL
2023-08-10,128.467529296875,130.8052842652116,128.22978612358457,130.08216956285366,20857800,GOOGL
2023-08-11,128.33877563476562,128.70528320828737,126.96187826549951,127.44726500702475,19591100,GOOGL
2023-08-14,130.0920867919922,130.13170310188443,127.7444312206599,128.170370790581,24695600,GOOGL
2023-08-15,128.55670166015625,130.18124253117608,128.06141462490677,129.86426668839604,19770700,GOOGL
2023-08-16,127.48689270019531,129.05200170313327,126.66472188249602,127.48689270019531,25216100,GOOGL
2023-08-17,128.6953887939453,130.74588449246144,128.0713222570123,128.57652473546727,33446300,GOOGL
2023-08-18,126.25857543945312,128.03170400726378,125.18875358443651,127.29867372281868,30504800,GOOGL
2023-08-21,127.15998840332031,127.51659567276597,125.36705175678769,125.98121040027308,25248700,GOOGL
2023-08-22,127.86328887939453,129.05197461127347,127.11045810936166,127.29865446565053,22054900,GOOGL
2023-08-23,131.1222686767578,132.15247404718667,128.6458338064408,128.9529093119667,27819700,GOOGL
2023-08-24,128.55670166015625,132.9845689644834,128.34868956972952,132.68739372034156,28500700,GOOGL
2023-08-25,128.65574645996094,129.5274412374435,126.05053219547979,128.3189398374532,26762900,GOOGL
2023-08-28,129.7750701904297,131.29064691968574,128.91327580731146,130.0722453582157,20543300,GOOGL
2023-08-29,133.30154418945312,135.28269209662818,130.99350506379912,130.99350506379912,43075600,GOOGL
2023-08-30,134.59918212890625,134.99540563044192,132.80624584477715,133.5095448272466,28315800,GOOGL
2023-08-31,134.88645935058594,136.69921157879557,134.5100363949587,134.72796388348397,30053800,GOOGL
2023-09-01,134.3812713623047,136.16430757063117,133.57890884729767,136.16430757063117,21543700,GOOGL
2023-09-05,134.49024963378906,135.1341167520606,133.31146403775733,134.16335836737144,19403100,GOOGL
2023-09-06,133.1925811767578,135.24306141209425,132.41001928477638,134.73787413439317,18684500,GOOGL
2023-09-07,133.9850311279297,134.30202205679186,131.69680765193374,132.33077439469866,18844300,GOOGL
2023-09-08,135.09446716308594,135.37182663325115,133.5788903743412,133.6383223872398,23558300,GOOGL
2023-09-11,135.62939453125,136.18411357030033,134.51004103926334,135.2529715626258,20763400,GOOGL
2023-09-12,134.0642852783203,135.5798623314705,133.91570522015272,134.97561156998864,18405500,GOOGL
2023-09-13,135.42140197753906,135.60959837402987,132.88551939554162,133.81666153749157,20749500,GOOGL
2023-09-14,136.7982940673828,137.3926294793097,134.95582557198202,136.30300699996283,24751000,GOOGL
2023-09-15,136.1048583984375,137.21431153088753,135.19353215336167,136.67939311891212,38919600,GOOGL
2023-09-18,136.90725708007812,137.84829948005097,135.32233242699417,135.32233242699417,21861300,GOOGL
2023-09-19,136.73883056640625,137.10535323062862,135.3322172769841,136.1246795130563,20353700,GOOGL
2023-09-20,132.47938537597656,136.77847333591484,132.36050620598186,136.77847333591484,29927500,GOOGL
2023-09-21,129.21047973632812,130.98360061103773,128.84397217961927,130.20105377280416,31503900,GOOGL
2023-09-22,129.0222625732422,130.78548307138033,128.37839552385094,129.52744986822796,26397300,GOOGL
2023-09-25,129.87417602539062,129.93360805536258,127.74444767159882,128.60624233611597,20094600,GOOGL
2023-09-26,127.35809326171875,129.13121388773126,126.02081245405837,128.54677891577344,25718700,GOOGL
2023-09-27,129.30955505371094,129.6661623858531,127.35813770041906,127.35813770041906,22746500,GOOGL
2023-09-28,131.06283569335938,132.04350933617025,128.5665851302691,128.61611685030257,22513100,GOOGL
2023-09-29,129.62652587890625,132.78645964091183,129.13123883445297,132.0237133602647,30859800,GOOGL
2023-10-02,132.90533447265625,133.15297801496536,129.93361196494698,129.9732433960953,22288000,GOOGL
2023-10-03,131.1817169189453,132.99446928200175,130.59728184486156,132.6774934391783,22989400,GOOGL
2023-10-04,133.96524047851562,134.29213173006787,131.2807781421106,131.53832195471514,26752300,GOOGL
2023-10-05,133.79685974121094,134.21289907677604,132.192119315503,133.79685974121094,19832600,GOOGL
2023-10-06,136.28317260742188,136.85770734068427,132.74681617552042,132.74681617552042,27597600,GOOGL
2023-10-09,137.115234375,137.6303370237333,134.33172419629375,135.6491892677906,19278100,GOOGL
2023-10-10,136.75863647460938,138.40299285145625,136.03552172670302,137.19449142895036,27786600,GOOGL
2023-10-11,139.22518920898438,139.77990827237048,137.27375707281203,137.27375707281203,25884300,GOOGL
2023-10-12,137.6600799560547,139.88887161742355,136.9567657145511,139.72047583902653,24765500,GOOGL
2023-10-13,136.06524658203125,138.68036136313773,135.33221637344056,138.06621031388815,23420500,GOOGL
2023-10-16,137.78884887695312,138.31385188558824,136.68931113689553,136.86760720097854,28501900,GOOGL
2023-10-17,138.4029998779297,138.58129594196157,135.88693346466465,137.3232778502887,23515800,GOOGL
2023-10-18,136.6596221923828,139.39360152118593,136.08508734717063,138.1355680650323,23375000,GOOGL
2023-10-19,136.45155334472656,138.34355310217805,136.08504584222058,137.19448376221146,26066000,GOOGL
2023-10-20,134.32183837890625,136.5704304415317,133.80673567464444,136.03552714034558,26335700,GOOGL
2023-10-23,135.2133331298828,136.36240244560938,132.6873667407286,133.76708863043964,26317900,GOOGL
2023-10-24,137.50155639648438,138.04637504765964,136.124659322582,136.5307982366361,44814300,GOOGL
2023-10-25,124.4260025024414,127.10054931723444,123.8910916279868,126.95196926111923,84366200,GOOGL
2023-10-26,121.12739562988281,123.15807548898972,120.1269137067269,122.10806183952178,57061100,GOOGL
2023-10-27,121.01842498779297,122.14767875459353,119.07690083509236,121.72173162799473,44566500,GOOGL
2023-10-30,123.28684997558594,124.21799203586895,121.59296919351489,122.04863236669068,28940100,GOOGL
2023-10-31,122.9104232788086,124.1882646409759,121.53352602850394,123.88118156302635,26292300,GOOGL
2023-11-01,125.25808715820312,125.29771102759383,122.55382420024057,122.9005236105588,30082400,GOOGL
2023-11-02,126.28827667236328,127.76422981075791,125.73355765282807,127.20951079122271,27124600,GOOGL
2023-11-03,127.88310241699219,128.3090419584001,126.65478528312015,126.81328074199891,26393100,GOOGL
2023-11-06,129.0222625732422,129.1114106050115,127.45715385068908,127.83357680477238,19052700,GOOGL
2023-11-07,129.73548889160156,130.66663094824423,128.65576676845674,129.47794507134418,29757300,GOOGL
2023-11-08,130.5972900390625,130.96381274636772,129.54728387670204,129.73549538032546,26425800,GOOGL
2023-11-09,129.01234436035156,131.30056754778465,128.84394861873935,130.71613260072618,23747800,GOOGL
2023-11-10,131.34019470214844,131.54822187953658,128.19017683711922,128.87367527216182,26913300,GOOGL
2023-11-13,130.84490966796875,131.34019664387745,130.0128311760323,130.5378341612988,18324800,GOOGL
2023-11-14,132.36048889160156,134.42088456077047,132.06332879289005,132.92512330907195,32395200,GOOGL
2023-11-15,133.35105895996094,133.7571979029326,132.31096841497518,133.59870244494968,23861500,GOOGL
2023-11-16,135.63926696777344,135.92654184217392,133.05388378791164,133.9156781811989,28013200,GOOGL
2023-11-17,134.0345916748047,134.77752231976737,132.39023488636295,134.71809028656438,37240600,GOOGL
2023-11-20,134.96571350097656,135.37185248662504,132.36049892835388,132.42984636661794,27815500,GOOGL
2023-11-21,135.6789093017578,135.886921357929,134.67843509669842,135.00531118496744,22635300,GOOGL
2023-11-22,137.1846160888672,138.1058427704475,136.1742262486165,136.1742262486165,17813900,GOOGL
2023-11-24,135.40155029296875,136.82797914299124,134.70815157836293,136.72891570592253,12514300,GOOGL
2023-11-27,135.12420654296875,137.1152548942663,134.718067564632,134.7477835762215,23436500,GOOGL
2023-11-28,135.90675354003906,135.95628526440245,134.14353298041522,134.7973154661077,18730000,GOOGL
2023-11-29,133.71759033203125,136.98647245548034,133.5689951623546,136.27327307787965,23967200,GOOGL
2023-11-30,131.28077697753906,134.27231482569374,130.04255942126184,133.77702780318285,38988300,GOOGL
2023-12-01,130.6170654296875,130.86470888643157,129.43828015719262,130.6170654296875,31442300,GOOGL
2023-12-04,128.051513671875,128.80434452022507,126.69442448152655,128.65576445639306,36669900,GOOGL
2023-12-05,129.7552947998047,130.8944488634641,127.04111657544283,127.73451535832072,27384800,GOOGL
2023-12-06,128.79443359375,130.59727038431748,128.65575384062942,130.20104683681856,23576200,GOOGL
2023-12-07,135.63926696777344,137.25390714366299,133.4302915642557,133.76708303807405,56767100,GOOGL
2023-12-08,133.71759033203125,135.11428819124905,132.76663263696403,132.93502840396306,32260100,GOOGL
2023-12-11,132.03359985351562,132.08313157577382,130.12179931701706,131.1321890142382,31138000,GOOGL
2023-12-12,131.2708740234375,131.7463453232423,130.02274107837968,130.56755981511444,29032800,GOOGL
2023-12-13,131.32041931152344,132.2416459947321,130.32984518422208,132.12278193624368,30104800,GOOGL
2023-12-14,130.6963348388672,132.45955533429708,128.46754335829976,132.12276380482388,38722400,GOOGL
2023-12-15,131.35008239746094,132.2514930027029,129.94345440234,130.37930926111488,50847100,GOOGL
2023-12-18,134.5199432373047,135.85720897900194,131.18169880212074,131.379825680854,32258000,GOOGL
2023-12-19,135.36192321777344,136.17420110593048,134.79730393023888,135.55013468527125,25476800,GOOGL
2023-12-20,137.03599548339844,140.3643245325025,136.76855140187814,137.66006190353008,49107200,GOOGL
2023-12-21,139.09640502929688,139.36386425256705,137.8680877770193,138.17517842630895,27488300,GOOGL
2023-12-22,140.1563262939453,140.6516133137084,139.3836797523117,139.44311177628964,26532200,GOOGL
2023-12-26,140.18606567382812,141.33512026384685,139.8591743724991,140.25539800837274,16780300,GOOGL
2023-12-27,139.046875,140.7407632814219,138.57140368669022,140.25537655400615,19628600,GOOGL
2023-12-28,138.908203125,139.80962919211896,138.4327317846908,139.4530219081467,16045700,GOOGL
2023-12-29,138.373291015625,139.03697381318452,137.4718650054482,138.3138589912108,18733000,GOOGL
2024-01-02,136.8676300048828,138.13556372170385,135.1935572544807,137.2440530228323,23711200,GOOGL
2024-01-03,137.6105499267578,138.31386417693605,135.78789723990403,135.95629302037804,24212100,GOOGL
2024-01-04,135.10440063476562,137.8482951186817,135.0647843214247,137.11526484470437,27137700,GOOGL
2024-01-05,134.45057678222656,135.8671051669477,133.87604216810493,135.4609662839547,22513900,GOOGL
2024-01-08,137.5312957763672,137.69969154899283,134.9756129451259,135.00532895706218,21404000,GOOGL
2024-01-09,139.6214141845703,140.15633265456808,136.847803725032,137.19451070058466,24759600,GOOGL
2024-01-10,140.93885803222656,141.65207247345745,139.58177658028163,139.67092460669582,21320200,GOOGL
2024-01-11,140.7407684326172,143.85117046866557,139.31433932551914,142.1374815262308,24008700,GOOGL
2024-01-12,141.30540466308594,141.85022350023897,140.48324137197477,141.32522037942684,18785500,GOOGL
2024-01-16,141.14691162109375,142.98938008655443,140.11670607322245,140.66152486152347,22670500,GOOGL
2024-01-17,140.1365203857422,140.50302796922261,137.590737670861,140.01765632946993,20968600,GOOGL
2024-01-18,142.12754821777344,142.85067809474862,140.65160268399825,140.71103470348461,25746400,GOOGL
2024-01-19,145.00021362304688,145.06954593689224,143.0190658052267,143.37567301703265,34271900,GOOGL
2024-01-22,144.61390686035156,146.99127846629932,144.46531168812982,145.7134446289684,32200400,GOOGL
2024-01-23,145.6540069580078,145.79268672545237,144.12852951611768,144.5148528050676,21636100,GOOGL
2024-01-24,147.29837036132812,148.43753968176426,146.704034951283,147.13987487266473,25233500,GOOGL
2024-01-25,150.43846130371094,151.6073464272401,148.1304221809848,148.65544028148244,29149100,GOOGL
2024-01-26,150.75546264648438,151.1021544847942,149.58657744214148,149.6757405913846,26115500,GOOGL
2024-01-29,152.0630340576172,152.3304933133538,150.002637988347,150.62670454674503,27784300,GOOGL
2024-01-30,150.03233337402344,152.1719615652673,149.7648741820085,151.3596988063133,36331800,GOOGL
2024-01-31,138.77940368652344,142.6426356904912,138.5515608161928,142.26621278729934,71910000,GOOGL
2024-02-01,139.82945251464844,141.7115373788747,139.46292979606457,140.78039524700787,40466500,GOOGL
2024-02-02,141.0379180908203,141.2756461555597,135.21333866537148,137.947317214583,62499600,GOOGL
2024-02-05,142.32565307617188,144.09878885119113,141.43414259725117,141.4737740182903,38505400,GOOGL
2024-02-06,142.74171447753906,143.98983223271003,141.8402885413249,143.28651806660818,29128200,GOOGL
2024-02-07,144.1681365966797,144.24738433228183,142.57331181571678,143.3954900682589,25208900,GOOGL
2024-02-08,144.53466796875,144.95070726949984,143.7323053805209,144.45542022837463,22563800,GOOGL
2024-02-09,147.59552001953125,148.03137498026427,144.80209419753828,145.2973811774696,26829500,GOOGL
2024-02-12,146.13937377929688,147.93231021218233,145.98087831954948,147.02098399107322,21564100,GOOGL
2024-02-13,143.7719268798828,145.2875040712044,142.3355974317955,143.55399936472898,27837700,GOOGL
2024-02-14,144.56436157226562,145.13889626470424,142.73179375819484,144.7030413176847,22704200,GOOGL
2024-02-15,141.42428588867188,142.1672165550749,139.1360618545446,141.79079351397584,37590700,GOOGL
2024-02-16,139.1954803466797,141.84031144795466,138.81905734220405,141.64219964584808,31468900,GOOGL
2024-02-20,139.78981018066406,140.7407679538146,138.1751846986445,138.34358047947055,25144700,GOOGL
2024-02-21,141.20632934570312,141.34500910368052,139.35394565312507,140.11669187948075,23223300,GOOGL
2024-02-22,142.7318115234375,143.6332375383376,141.4539776469549,143.56389009951735,27191900,GOOGL
2024-02-23,142.60304260253906,143.31624199133967,142.07802446605524,142.31576767229546,19493800,GOOGL
2024-02-26,136.2732696533203,141.097360098055,136.09495847718128,140.80018488112955,53641800,GOOGL
2024-02-27,137.57089233398438,137.9373997982781,135.79775679141187,136.71899827282226,33099200,GOOGL
2024-02-28,135.09446716308594,136.70909226834252,134.13360931467162,136.60012853970923,37328600,GOOGL
2024-02-29,137.15487670898438,137.5511002457204,135.11428166141263,135.98599158018274,42133000,GOOGL
2024-03-01,135.84732055664062,137.561009379789,135.62939306295007,137.12515439240792,31151100,GOOGL
2024-03-04,132.0930633544922,134.38128712569457,130.66663422050593,134.38128712569457,55999400,GOOGL
2024-03-05,131.41941833496094,131.98405263080303,129.4382708238619,130.63687171865746,40194800,GOOGL
2024-03-06,130.16143798828125,132.32089750707752,129.61663429471935,131.8652267449587,35318600,GOOGL
2024-03-07,133.11334228515625,133.66806132063292,130.36944800435913,131.53831809840491,37738200,GOOGL
2024-03-08,134.13363647460938,136.78836768800528,132.7369234288496,132.94495063107448,39370400,GOOGL
2024-03-11,136.37232971191406,137.7888584846141,134.84685230242854,134.84685230242854,32437800,GOOGL
2024-03-12,137.19447326660156,138.06618305988314,135.73832855053206,135.73832855053206,27563400,GOOGL
2024-03-13,138.47230529785156,139.76005426499458,137.67985834726207,137.68975864390958,23347200,GOOGL
2024-03-14,141.75112915039062,142.2365006810185,139.13601469562042,139.85912940030303,42753400,GOOGL
2024-03-15,139.84922790527344,141.83037587468064,138.7100738688481,141.15679282026272,49475400,GOOGL
2024-03-18,146.28797912597656,150.7158466618513,145.7827917649901,147.20922091949492,69273700,GOOGL
2024-03-19,145.64407348632812,147.38747803925833,144.70303134193375,146.76342678537355,24070400,GOOGL
2024-03-20,147.33799743652344,147.45686149202717,145.35684923166747,146.60496715934067,21311500,GOOGL
2024-03-21,146.20872497558594,148.95260400768646,145.51531110007699,148.06109347483115,24755600,GOOGL
2024-03-22,149.34884643554688,150.1512089583533,147.57571050851763,147.71439026412665,29211800,GOOGL
2024-03-25,148.65545654296875,148.96253208338902,146.42666490641565,148.5266770782916,19229300,GOOGL
2024-03-26,149.2498016357422,150.82481086727907,148.56630307093445,148.80404630237763,22149100,GOOGL
2024-03-27,149.44790649414062,150.210652767324,147.49647434889332,149.75498204030305,22879200,GOOGL
2024-03-28,149.50733947753906,150.00262652031626,148.7545086139037,149.4281068518604,24485400,GOOGL
2024-04-01,154.0243377685547,154.2719812381141,149.19033240596852,149.26958013002246,31730800,GOOGL
2024-04-02,153.10313415527344,153.2418139280062,150.71584688933808,152.0531280024452,24586000,GOOGL
2024-04-03,153.45973205566406,153.6182275333651,151.29037243888334,152.15218215203225,24705000,GOOGL
2024-04-04,149.11111450195312,153.3111540270119,149.03186676205078,152.05312071787367,34724700,GOOGL
2024-04-05,151.06256103515625,151.97388745842534,148.1899019860464,148.6158416242751,23459200,GOOGL
2024-04-08,153.39036560058594,153.80640480075897,151.17147475137236,151.33987049085022,20702000,GOOGL
2024-04-09,155.12391662597656,157.06543347920191,153.7272034586808,154.61871414016727,31079500,GOOGL
2024-04-10,154.668212890625,155.13378384711743,153.22196830163517,154.7375603209343,22838600,GOOGL
2024-04-11,157.90740966796875,158.17485377315867,154.9852193039768,155.4309745942535,27166400,GOOGL
2024-04-12,156.2432403564453,158.7097751773131,155.65880529572482,156.47108327025333,25353700,GOOGL
2024-04-15,153.40029907226562,157.73901827873132,153.13283984468552,157.36259530028232,27136500,GOOGL
2024-04-16,152.9446258544922,154.18284340549994,151.98376782571336,152.7366137703007,20779500,GOOGL
2024-04-17,154.0045623779297,155.59938734402337,153.1229520000867,154.15314245258116,21763100,GOOGL
2024-04-18,154.5394287109375,155.46067029779516,153.16253159441712,153.87574601167526,19883000,GOOGL
2024-04-19,152.63754272460938,154.886149917532,150.86442193038377,154.72765445129966,32615600,GOOGL
2024-04-22,154.80691528320312,156.15409663024886,152.6078396267761,152.85548314560833,26446200,GOOGL
2024-04-23,156.76821899414062,157.47153310933248,154.80688691657065,155.48048502414463,21151600,GOOGL
2024-04-24,157.6300506591797,158.0659056519581,155.68851890451947,156.00550985016204,22779100,GOOGL
2024-04-25,154.529541015625,155.01492770763642,149.44789165697802,149.90356233876008,57109700,GOOGL
2024-04-26,170.3291778564453,173.06317147434675,168.0508548798468,172.72636486340193,64665300,GOOGL
2024-04-29,164.58384704589844,167.95180736682877,163.65272027868735,167.4664207156032,45610000,GOOGL
2024-04-30,161.24563598632812,166.51549696973217,161.06733991987724,164.04896224577593,33562900,GOOGL
2024-05-01,162.31546020507812,165.54472608248636,161.55271397427848,162.7513151941065,33493200,GOOGL
2024-05-02,165.0494384765625,165.15840222342754,162.34517563249727,163.23668620505856,24294500,GOOGL
2024-05-03,165.66363525390625,166.37684988970585,161.51312692236667,165.98061113928227,34662400,GOOGL
2024-05-06,166.51548767089844,166.55510397846635,164.46499233146127,165.88152094509854,21871300,GOOGL
2024-05-07,169.63580322265625,170.14099053831322,166.8027608824853,166.91172463075958,28039700,GOOGL
2024-05-08,167.78343200683594,168.54616311793023,167.14946523990977,167.40700904320605,19569100,GOOGL
2024-05-09,168.35797119140625,169.08108601143434,166.59473548708618,167.79333673106953,15346700,GOOGL
2024-05-10,167.06028747558594,168.24898828516856,164.62348406885067,166.44613647493796,29799900,GOOGL
2024-05-13,167.5457000732422,167.68437984049487,162.45414988273538,162.71169370335863,31327600,GOOGL
2024-05-14,168.734375,169.63580098611519,167.20889765923283,168.1697556681758,25127100,GOOGL
2024-05-15,170.8839111328125,171.02259088483336,168.90276318110884,169.02164233638342,26948400,GOOGL
2024-05-16,172.53817749023438,173.46931949790743,171.0622318573979,171.65656720711078,27867900,GOOGL
2024-05-17,174.4004669189453,174.60849412252608,172.05281122904015,172.53818284579418,24479300,GOOGL
2024-05-20,175.2523193359375,177.0848869584917,174.42024095038127,174.52920467574867,22554400,GOOGL
2024-05-21,176.173583984375,176.47074407897802,174.1528046513203,175.23252663493534,16989400,GOOGL
2024-05-22,174.71743774414062,175.4801688011517,173.55846803904691,174.97498152917515,17880000,GOOGL
2024-05-23,171.9141387939453,176.56983406034217,171.3197882854856,175.4009638726557,21024900,GOOGL
2024-05-24,173.34054565429688,174.11319214706063,172.01316503791867,173.33063024095415,16579400,GOOGL
2024-05-28,174.7372589111328,175.5990686253191,172.7263947696327,172.8056425085786,20572200,GOOGL
2024-05-29,174.24195861816406,175.1731005862125,173.07308856633102,173.77638763413984,23388700,GOOGL
2024-05-30,170.48770141601562,173.568387335375,170.17071046285272,173.54857162206218,22931500,GOOGL
2024-05-31,170.87403869628906,171.42875779482227,167.8428842543314,170.24007185297089,37638900,GOOGL
2024-06-03,171.53770446777344,172.884885765003,169.54665609137342,170.91363798660555,27459100,GOOGL
2024-06-04,172.15185546875,172.21130260761575,170.26977084192941,171.6466681505934,26879600,GOOGL
2024-06-05,173.756591796875,174.98489390330127,172.2905313702321,173.54856460290543,22068500,GOOGL
2024-06-06,175.06414794921875,175.48018723719562,174.093389610606,174.24196967239757,23251000,GOOGL
2024-06-07,172.81553649902344,176.19338215245025,172.65704104078017,175.3811193801314,19661400,GOOGL
2024-06-10,173.559326171875,175.59233662545498,171.32797655674506,173.5196643924882,23726700,GOOGL
2024-06-11,175.1559600830078,175.37413767386394,172.32959332705445,174.75928180816368,21540600,GOOGL
2024-06-12,176.3162841796875,178.91457717394482,174.6502170373927,176.77247787758725,27864700,GOOGL
2024-06-13,173.7080841064453,175.2749891373828,173.43040626625967,174.6502064308114,20913300,GOOGL
2024-06-14,175.32455444335938,175.59232060979843,172.70643840569585,172.77586542867536,18063600,GOOGL
2024-06-17,175.77084350585938,176.88155485978157,173.36097817553005,174.00559933310134,19618500,GOOGL
2024-06-18,173.63864135742188,175.9195792372448,172.65685734434638,175.67165153579245,21869900,GOOGL
2024-06-20,174.83865356445312,175.82043777672718,173.53951456642366,173.9163544591219,20160100,GOOGL
2024-06-21,178.1410369873047,179.35092551747323,175.1460657788295,175.53283243143696,57759000,GOOGL
2024-06-24,177.73440551757812,179.39056068860404,177.18896156728684,178.66661606311132,18298000,GOOGL
2024-06-25,182.5045623779297,182.76240177371028,177.93277435676467,178.13111351754267,23130200,GOOGL
2024-06-26,182.3557891845703,182.9805567069559,180.96738496662277,181.11615066799544,19839000,GOOGL
2024-06-27,183.87310791015625,184.50780223360667,182.49463046708553,182.6532926987184,18848900,GOOGL
2024-06-28,180.64012145996094,183.59543062581383,180.4517091135773,182.792147275446,29156600,GOOGL
2024-07-01,181.47315979003906,182.35578177267374,179.79716616258202,181.51282156274272,16006100,GOOGL
2024-07-02,183.70452880859375,184.0317952147811,180.05502490239206,180.54096868108974,17372500,GOOGL
2024-07-03,184.27972412109375,184.54747516508317,182.47480304485995,183.31776335097922,10242100,GOOGL
2024-07-05,189.0200958251953,189.2779352009688,184.25988067435352,184.3193809047392,20967500,GOOGL
2024-07-08,187.46310424804688,188.59365403276064,186.22346566251395,188.32588786123958,21035900,GOOGL
2024-07-09,187.41351318359375,189.77378986137018,187.1556738088654,188.73249043692135,15121400,GOOGL
2024-07-10,189.5952606201172,190.16054303109576,187.4630884852071,187.58208893707388,15952500,GOOGL
2024-07-11,184.0317840576172,189.2779276351132,183.54584030838046,188.27630515494232,25625800,GOOGL
2024-07-12,183.53594970703125,185.55903335294278,182.96075554978484,183.54586136873434,22898400,GOOGL
2024-07-15,184.98382568359375,186.67965791404401,183.38717059216182,183.38717059216182,16474000,GOOGL
2024-07-16,182.3954620361328,187.11600034630766,181.8500180292527,185.80694986210247,18290700,GOOGL
2024-07-17,179.51951599121094,182.028543422423,178.40878946455692,181.45334926969147,20734100,GOOGL
2024-07-18,176.2170867919922,180.98721311089685,175.0071984581459,180.4219307160303,25315700,GOOGL
2024-07-19,176.18736267089844,178.79555205599942,175.66175710285674,177.39725118322656,18881900,GOOGL
2024-07-22,180.1641082763672,181.18556924112812,178.73604223141416,179.09305874265243,24100300,GOOGL
2024-07-23,180.28311157226562,182.0880326108952,180.0351838559027,180.5409660819595,36352700,GOOGL
2024-07-24,171.19903564453125,174.72952357646327,170.39575233929236,172.16099630525835,49585200,GOOGL
2024-07-25,165.89341735839844,171.982522384464,165.8041669988135,171.08998852399645,44852000,GOOGL
2024-07-26,165.61572265625,166.69668392087527,162.7000901475995,165.76447324044335,41336900,GOOGL
2024-07-29,168.12472534179688,169.0172589803579,166.59749741680673,167.4305308304377,20293800,GOOGL
2024-07-30,168.87843322753906,169.8106438435088,167.04377724268764,168.8288597911077,18959700,GOOGL
2024-07-31,170.1180877685547,172.80563107068153,168.60077124290896,171.80400847021264,25729100,GOOGL
2024-08-01,169.34457397460938,172.60731181330328,167.48016748480833,168.83880678517517,24531400,GOOGL
2024-08-02,165.27853393554688,167.1131899291379,163.3050238959055,165.06035633790583,29130100,GOOGL
2024-08-05,157.92999267578125,163.06704891029764,153.645793460251,154.21107605076284,53630700,GOOGL
2024-08-06,156.9779052734375,159.23901995455182,155.11349914776707,158.0092930412871,49004600,GOOGL
2024-08-07,157.62252807617188,161.62903333217733,157.15642275675472,159.91337776437143,25138600,GOOGL
2024-08-08,160.6868896484375,162.33313310507484,158.88198397429082,159.17948508981146,25578800,GOOGL
2024-08-09,162.31332397460938,162.43232444231467,157.74153604180353,158.68365838652156,28602300,GOOGL
2024-08-12,160.94476318359375,163.5331293646278,160.49849628320337,162.9877004487663,15895300,GOOGL
2024-08-13,162.79925537109375,163.36452268194483,161.61911704854913,162.05547223997468,18551700,GOOGL
2024-08-14,159.04066467285156,161.8670466571722,156.4027253040999,161.05383649410487,40591100,GOOGL
2024-08-15,159.96295166015625,160.30012969322283,158.28695802267646,159.16958001058939,31524300,GOOGL
2024-08-16,161.60922241210938,163.69180631924374,159.79438956512277,160.13156765499573,24208600,GOOGL
2024-08-19,165.2884521484375,165.30829060327488,162.89842527282462,163.90997461723012,22416200,GOOGL
2024-08-20,165.794189453125,167.24209374985008,165.43718812406615,165.51651166454286,18341500,GOOGL
2024-08-21,164.47523498535156,165.466945741652,163.3050084241183,163.78102535009705,22902000,GOOGL
2024-08-22,162.4422149658203,166.20079184393225,161.95627127734653,165.87352549850758,22493300,GOOGL
2024-08-23,164.2471466064453,164.80250226287146,162.4719908380613,163.35461289180427,13955700,GOOGL
2024-08-26,164.7826690673828,166.16114646495242,163.09676374502013,165.00084665252095,14190400,GOOGL
2024-08-27,163.31495666503906,165.0603776717608,163.09679417150747,164.46534503177682,11821900,GOOGL
2024-08-28,161.50009155273438,164.22729594404223,160.1910261814006,163.67192524776766,16407400,GOOGL
2024-08-29,160.43899536132812,164.59426663919365,158.92167882710484,162.94802283987033,19699800,GOOGL
2024-08-30,162.02574157714844,162.30341943551804,160.34974763264805,161.27203156245238,22123800,GOOGL
2024-09-03,156.0556182861328,160.50840540246534,155.1829079051627,160.37947815101114,38945300,GOOGL
2024-09-04,155.15316772460938,157.68203355334143,154.66723906688907,155.3614336724234,19353800,GOOGL
2024-09-05,155.93663024902344,158.12830290448517,154.6870648072252,155.00441956460497,18688700,GOOGL
2024-09-06,149.66900634765625,156.52173225882967,149.30207815911396,155.9961266954501,37912100,GOOGL
2024-09-09,147.6730194091797,152.3303022884686,146.19340404923173,151.44650905863844,39260500,GOOGL
2024-09-10,147.6233673095703,150.21516785637962,147.30559146131813,149.4008786095233,31118800,GOOGL
2024-09-11,150.10595703125,150.4435825568505,146.49133954819087,148.8745981614033,29607700,GOOGL
2024-09-12,153.611328125,153.74042646617514,151.58554483567272,152.72753482151148,29621500,GOOGL
2024-09-13,156.3620147705078,157.27559765598852,154.12770435368589,154.3461563209122,29591200,GOOGL
2024-09-16,156.95782470703125,157.14650223678444,155.50801396162132,156.21305455425028,18379800,GOOGL
2024-09-17,158.2090301513672,159.43044881944618,157.27558257568288,157.91111909387857,20715600,GOOGL
2024-09-18,158.6956024169922,159.38079329854523,157.49404853540457,158.74525678494552,23677300,GOOGL
2024-09-19,161.00936889648438,162.64785709776754,160.214944405528,162.5684282858201,26587700,GOOGL
2024-09-20,162.44924926757812,162.5882724123634,160.9299194880009,162.3598804928704,40896400,GOOGL
2024-09-23,160.72140502929688,164.33602223132473,160.5426523133899,163.20397220520576,24150900,GOOGL
2024-09-24,161.1583251953125,162.0818480701299,159.56949128360392,161.89317053912484,23332100,GOOGL
2024-09-25,160.3638916015625,161.6746790019905,160.17521409904674,160.34402682435416,18869200,GOOGL
2024-09-26,161.59524536132812,162.93583758934093,161.1483863361193,162.49890337717716,20319300,GOOGL
2024-09-27,162.80673217773438,164.5445289853853,161.4959447506325,161.67468229198863,21101300,GOOGL
2024-09-30,164.69349670410156,164.9913926147097,162.12154584089137,162.1811401753991,20413900,GOOGL
2024-10-01,165.8255615234375,167.98042800067057,163.4323631439142,166.52067729796633,28338100,GOOGL
2024-10-02,164.70343017578125,166.35185834560912,163.58130501221132,165.2595227746661,17760200,GOOGL
2024-10-03,164.70343017578125,165.47798988885472,162.77695570651093,163.26354430672865,15073100,GOOGL
2024-10-04,165.8950653076172,167.05690491903522,164.32608104579808,166.8880921706125,19047400,GOOGL
2024-10-07,161.843505859375,167.30515333490106,161.6151139348849,166.55045841132394,22463100,GOOGL
2024-10-08,163.2337646484375,163.58131496769886,161.73428435048646,162.79683039346867,23072700,GOOGL
2024-10-09,160.7313232421875,163.69053895167258,158.62611121223813,162.31023226464953,31181800,GOOGL
2024-10-10,160.9497528076172,161.9328545944066,159.28146024388823,159.7481839570968,14144100,GOOGL
2024-10-11,162.10171508789062,162.7571013199183,160.1156613065499,160.999454633151,15344300,GOOGL
2024-10-14,163.80970764160156,165.07084076824168,162.26057310515668,162.49890499208357,19016100,GOOGL
2024-10-15,164.3062286376953,166.51073429604153,163.4820145370709,164.63391416283739,20247200,GOOGL
2024-10-16,164.00830078125,164.6438372917239,162.59820462214802,163.38268908336363,16406000,GOOGL
2024-10-17,161.79385375976562,165.2098684713458,161.62504101734748,164.57433190772997,21453400,GOOGL
2024-10-18,162.2804412841797,163.5614543687219,161.94281580158204,162.0520493579974,19757700,GOOGL
2024-10-21,162.92593383789062,163.35292813982096,161.48603268374447,161.8137333852295,20946500,GOOGL
2024-10-22,163.9884490966797,164.61406084451548,161.84350752043144,161.84350752043144,16568100,GOOGL
2024-10-23,161.64491271972656,164.66372289048581,160.80083381909756,163.6111016800633,18280500,GOOGL
2024-10-24,161.5853271484375,162.1910741214277,159.88724460042005,161.69456070594023,22412500,GOOGL
2024-10-25,164.1175537109375,164.43531442750802,162.28044795544452,162.52870467092262,19828900,GOOGL
2024-10-28,165.55743408203125,167.57327733196706,162.80674552404707,167.57327733196706,32138600,GOOGL
2024-10-29,168.4967803955078,169.1919112784263,165.92484461634618,166.5603811631735,42169000,GOOGL
2024-10-30,173.2434539794922,180.75073380709983,172.84623418689728,179.42006644238907,68890800,GOOGL
2024-10-31,169.9168243408203,175.58701430239046,169.80759078159048,171.92274281377416,44769000,GOOGL
2024-11-01,170.09556579589844,171.11839741159756,167.7023825564108,168.8840869554026,31796500,GOOGL
2024-11-04,168.0598602294922,169.53946045641658,166.83842636200512,168.7450359899921,21492700,GOOGL
2024-11-05,168.55638122558594,169.34086576189884,167.66264797842342,168.2485301772737,18242100,GOOGL
2024-11-06,175.27915954589844,175.70616896018197,172.29015425546123,172.5880653336426,33695500,GOOGL
2024-11-07,179.48960876464844,179.8173094537086,175.95443549219976,176.17290261823987,25352900,GOOGL
2024-11-08,177.10635375976562,179.6385602340535,176.8382322539701,179.39030350893603,22006200,GOOGL
2024-11-11,179.09239196777344,179.29099430009822,177.22549670866968,177.33473026430633,17450400,GOOGL
2024-11-12,180.35353088378906,181.2174745432505,178.13908526034365,178.56609468327508,25134900,GOOGL
2024-11-13,177.63262939453125,179.69812684707063,177.29498878465753,179.2016134734521,23184000,GOOGL
2024-11-14,174.3556671142578,177.5730797656032,173.10445865937317,177.0368367475182,31007500,GOOGL
2024-11-15,171.28721618652344,172.9257045177489,170.02606777532782,172.51855985039145,32504600,GOOGL
2024-11-18,174.07760620117188,174.21662935117394,171.69433271949634,172.21071091338408,20135300,GOOGL
2024-11-19,176.8779296875,177.6226997913749,172.34972988032243,172.50861780572185,23434900,GOOGL
2024-11-20,174.7528533935547,176.4409959363333,172.56819744687726,176.1033704582549,18997100,GOOGL
2024-11-21,166.46112060546875,172.91579609564698,162.5585166221646,172.68738897627406,59734400,GOOGL
2024-11-22,163.611083984375,165.29924160304688,162.75708036226996,164.6934946716423,38604600,GOOGL
2024-11-25,166.48094177246094,167.4541189743164,164.45517370894052,164.93182234405353,33135300,GOOGL
2024-11-26,167.94068908691406,168.6358199751134,166.41143446812606,166.46108883905265,20486700,GOOGL
2024-11-27,168.04991149902344,168.2981681848086,166.8483576251592,167.82151959076907,19266500,GOOGL
2024-11-29,167.77188110351562,168.24852974267216,165.9943697320939,167.32502205728218,14257200,GOOGL
2024-12-02,170.29417419433594,170.88005637942206,167.3945377088188,167.59314004161567,23789100,GOOGL
2024-12-03,170.14520263671875,171.47585486804743,169.6586292183714,170.2941657432139,22248700,GOOGL
2024-12-04,173.15408325195312,173.69032622472676,169.86716687371202,169.956535651712,31615100,GOOGL
2024-12-05,171.4361572265625,174.83230728378396,171.12832132304757,174.13719150933292,21356200,GOOGL
2024-12-06,173.49171447753906,173.85912953542012,170.66158210864637,170.83039484206162,21462400,GOOGL
2024-12-09,174.34671020507812,175.2315164432607,172.63674520121344,172.94494909205568,25389600,GOOGL
2024-12-10,184.0895233154297,185.2725820417294,179.99356854584033,181.78306850285867,54813000,GOOGL
2024-12-11,194.2598114013672,194.46859270076922,183.77138405763577,184.22869140717978,67894100,GOOGL
2024-12-12,190.8399200439453,194.04111738725587,190.59137879398537,193.86217496876662,34817500,GOOGL
2024-12-13,188.71238708496094,191.60539539173107,188.53342951612586,189.89543056387427,25143500,GOOGL
2024-12-16,195.51248168945312,197.83882401959605,191.4960468173101,191.74458805351563,44934900,GOOGL
2024-12-17,194.27969360351562,200.2446827169294,193.84225864137167,196.09901710347702,43504000,GOOGL
2024-12-18,187.30067443847656,195.8504992556076,186.64453708673446,194.0808868210915,34166100,GOOGL
2024-12-19,187.41000366210938,191.90363286978481,187.28077255169532,190.51180819781734,32265200,GOOGL
2024-12-20,190.2930908203125,191.76445049852148,184.139208190229,184.6959380592945,63462900,GOOGL
2024-12-23,193.4943084716797,193.9615671620114,189.04043904765626,191.49602742629256,25675000,GOOGL
2024-12-24,194.96566772460938,194.96566772460938,192.64926182293522,193.703074128042,10403300,GOOGL
2024-12-26,194.45864868164062,195.60193217920934,193.2457663638235,194.01126236804703,12046600,GOOGL
2024-12-27,191.63522338867188,194.18029831146464,189.53753481304466,193.81244697780068,18891400,GOOGL
2024-12-30,190.12411499023438,191.42646867833813,188.01647493101535,188.6925150012565,14264700,GOOGL
2024-12-31,188.1954345703125,190.83991706940904,187.41003573761844,189.96504702886492,17466900,GOOGL
2025-01-02,188.3246612548828,190.87967248578354,186.405930161898,189.5375437207165,20370800,GOOGL
2025-01-03,190.67088317871094,192.08261071335764,188.87144710211905,190.2533357330172,18596200,GOOGL
2025-01-06,195.7212371826172,197.06336585299624,192.71887013485082,192.8481012552134,29563600,GOOGL
2025-01-07,194.34930419921875,199.82714740579908,193.46449803391354,195.9598465030939,26487200,GOOGL
2025-01-08,192.81829833984375,195.14464079456388,191.25746718116116,191.44636095795326,24864800,GOOGL
2025-01-10,190.91940307617188,195.37327233875854,189.1995022056591,193.16622525115787,26665200,GOOGL
2025-01-13,189.89541625976562,190.06442245830834,186.2667207451249,188.96091407425016,21823700,GOOGL
2025-01-14,188.55332946777344,190.85978428074978,187.21120070733548,190.1241119208904,17174900,GOOGL
2025-01-15,194.408935546875,195.2142066320414,190.74046489689354,191.96328339030356,21776000,GOOGL
2025-01-16,191.78433227539062,194.33932788404135,191.6849097290109,193.0071507131573,17815400,GOOGL
2025-01-17,194.85630798339844,196.0791264849475,192.61943710093595,195.3832141332428,27735100,GOOGL
2025-01-21,196.8943634033203,201.10961291187695,196.71540583129996,197.90841585876197,29971300,GOOGL
2025-01-22,197.21250915527344,199.3101979435439,196.37741418348202,197.8984854427286,26200600,GOOGL
2025-01-23,196.8247833251953,199.1312534169042,194.06100582652098,196.9838533666416,26951400,GOOGL
2025-01-24,199.041748046875,199.7277090395957,196.8446370895185,196.94405964079763,23877500,GOOGL
2025-01-27,190.6907958984375,195.73121998566916,189.6170958235878,191.2873009966056,41728900,GOOGL
2025-01-28,194.16041564941406,194.33935805697908,189.56736331512153,191.6252920206379,24157900,GOOGL
2025-01-29,194.269775390625,195.6417126982154,192.3013178788486,194.4188940643566,18218300,GOOGL
2025-01-30,199.69790649414062,200.22481269836635,196.5165817224703,196.84465797279535,24354700,GOOGL
2025-01-31,202.82952880859375,204.28100107943342,200.62248149891727,200.82131144659704,32001100,GOOGL
2025-02-03,200.05580139160156,202.5611012223486,198.93240535424198,199.5189590127464,27838300,GOOGL
2025-02-04,205.17575073242188,205.841839374976,201.62657486491113,202.20319230990248,43856400,GOOGL
2025-02-05,190.21359252929688,191.6253050182698,186.93284497363248,189.9551150886976,70373900,GOOGL
2025-02-06,190.48199462890625,190.97907706252056,187.61879495696715,188.39424233982533,29297400,GOOGL
2025-02-07,184.25851440429688,190.06443363710238,182.17077726737304,189.9352025187049,49315000,GOOGL
2025-02-10,185.38192749023438,187.10182849533746,184.77548630303588,186.2567974441607,23105600,GOOGL
2025-02-11,184.23866271972656,185.84920514475974,183.2047226379184,183.95034637836022,21239500,GOOGL
2025-02-12,182.5386199951172,184.02986736226762,180.76900766634557,182.1508962864482,22072600,GOOGL
2025-02-13,185.05386352539062,185.19304601185559,182.07136866992408,183.24449120134597,21402500,GOOGL
2025-02-14,184.14913940429688,185.312310385701,183.24446097637198,183.98013321073395,20448400,GOOGL
2025-02-18,182.6976776123047,184.8749010476211,180.67952419275377,184.51700109702455,29916700,GOOGL
2025-02-19,184.18894958496094,184.37784335780142,182.51874453488796,182.99595464619662,19549400,GOOGL
2025-02-20,183.4830780029297,184.22870170428735,181.65381816300632,183.72168304847523,20441500,GOOGL
2025-02-21,178.6116943359375,184.25854446928727,178.03507679362988,184.06965068494026,35199200,GOOGL
2025-02-24,178.20408630371094,182.05150021644857,177.84618627672918,180.92810401850284,29854200,GOOGL
2025-02-25,174.39639282226562,177.69702734245087,173.6706567432134,177.00109982499515,41913400,GOOGL
2025-02-26,171.72210693359375,175.05256557173047,170.57882331320525,174.0484644370393,35431300,GOOGL
2025-02-27,167.5167999267578,173.54143730705212,166.96006996247044,172.97477115402882,39991000,GOOGL
2025-02-28,169.28640747070312,169.61448372650818,165.7968939367366,167.69573747342162,48130600,GOOGL
2025-03-03,166.0354766845703,172.35836613901347,164.96177675799476,170.92676623691273,40770500,GOOGL
2025-03-04,169.9226837158203,172.27884996330545,164.8325636582221,165.2699986950009,45388000,GOOGL
2025-03-05,172.0104217529297,172.7659816444027,168.07352192530007,169.525009408903,30954900,GOOGL
2025-03-06,171.34432983398438,173.78996703932643,169.50511866618623,169.5349424001719,28302000,GOOGL
2025-03-07,172.8455047607422,173.94902837231132,169.2764565211612,170.26067003299855,27385800,GOOGL
2025-03-10,165.09205627441406,167.66992058295483,162.922287876859,167.47084644350338,43604000,GOOGL
2025-03-11,163.2706298828125,165.96792640359425,160.6131542630149,164.13655982614347,39587400,GOOGL
2025-03-12,166.32626342773438,166.8537765404131,162.7630516184533,165.79875031505566,28372400,GOOGL
2025-03-13,161.99664306640625,165.35084794741115,161.34969766951576,165.26125850902773,31756200,GOOGL
2025-03-14,164.71383666992188,165.70914654485404,161.68808614528302,162.50424753259463,31995900,GOOGL
2025-03-17,163.51943969726562,165.52002210698427,162.90235248367634,164.25597441368222,31184300,GOOGL
2025-03-18,159.9164276123047,163.47963860497418,155.9849568446372,162.91230471538228,42074800,GOOGL
2025-03-19,163.121337890625,165.0920472279654,160.24489290497496,161.0013229568774,34275600,GOOGL
2025-03-20,162.03643798828125,164.11663181906812,160.20507160674322,160.81221119039924,28138500,GOOGL
2025-03-21,163.2208709716797,163.46969843906228,160.13540430124633,160.45391074936325,36625800,GOOGL
2025-03-24,166.8935546875,167.53056759539257,164.36547425500177,166.2864302357092,30879100,GOOGL
2025-03-25,169.76004028320312,169.8297192603936,167.5305560086689,168.18744894685983,24174400,GOOGL
2025-03-26,164.2858428955078,168.81450579137277,164.0668735115514,168.20736616989782,28901600,GOOGL
2025-03-27,161.4790802001953,164.6441583248392,161.24020036188836,163.85787020298363,24508300,GOOGL
2025-03-28,153.606201171875,161.06107888140082,152.90948717734597,159.73731469818262,48669300,GOOGL
2025-03-31,153.9147186279297,154.81049144150305,149.95338957359485,152.39189573252094,54603500,GOOGL
2025-04-01,156.3333282470703,157.35849619606978,152.89949705290155,152.89949705290155,30672900,GOOGL
2025-04-02,156.303466796875,157.66705174636402,153.97444517473392,154.42233161172652,25041700,GOOGL
2025-04-03,150.0131072998047,152.06344323592336,149.68465321481136,150.40127754802887,46883400,GOOGL
2025-04-04,144.9171142578125,150.3614601277394,144.698144884866,147.3157993550897,62259500,GOOGL
2025-04-07,146.06173706054688,152.13313390933345,139.87090787612016,140.88612829073566,76794100,GOOGL
2025-04-08,144.0213623046875,151.52600864422445,142.3591963308771,150.51078813299685,52200200,GOOGL
2025-04-09,157.9656219482422,158.80167851894325,143.23503415914513,143.74263667980892,70406200,GOOGL
2025-04-10,152.10325622558594,156.98026834062628,149.2267962236283,155.80579483834862,48022000,GOOGL
2025-04-11,156.4029998779297,156.9305129193936,152.10326893032627,152.18288035899425,33636200,GOOGL
2025-04-14,158.32395935058594,160.96152461511218,156.82103162226488,159.24959030436233,30333000,GOOGL
2025-04-15,155.576904296875,158.9012360653349,154.48207240479906,158.38368579805189,27551500,GOOGL
2025-04-16,152.61087036132812,155.1588613016161,150.7993990348029,152.381953334393,28187400,GOOGL
2025-04-17,150.45103454589844,153.9545141427958,147.8035068059891,153.56634392432957,33046600,GOOGL
2025-04-21,146.97738647460938,148.25138171808808,145.414758090889,148.1817179341213,26049100,GOOGL
2025-04-22,150.75958251953125,151.47620681854735,147.84331679407512,148.191681312594,26971800,GOOGL
2025-04-23,154.6214141845703,156.79118268922488,153.08862828359344,154.88018931651595,31128800,GOOGL
2025-04-24,158.53294372558594,158.8414873336237,155.05930705626122,155.41761919174232,45894000,GOOGL
2025-04-25,161.20040893554688,165.3209915913829,160.28471040116125,164.29582354036455,56034000,GOOGL
2025-04-28,159.85670471191406,162.38478487609163,157.85613751727615,161.66816061799582,29745800,GOOGL
2025-04-29,159.40884399414062,159.98612558310694,156.7812263541152,159.56809722983294,26809000,GOOGL
2025-04-30,158.05519104003906,158.52298783663656,154.6711287840738,157.23902975670848,34981100,GOOGL
2025-05-01,160.54347229003906,161.19041757915633,158.16468249756701,159.69745289298837,30203200,GOOGL
2025-05-02,163.26068115234375,164.19627488526416,161.11080813038504,162.64359387625743,25715000,GOOGL
2025-05-05,163.43984985351562,164.61430827792813,161.95683259435438,162.23551815903613,21341800,GOOGL
2025-05-06,162.46441650390625,164.02706019999394,160.43399116800987,161.40939053220953,21277200,GOOGL
2025-05-07,150.67002868652344,164.22614566911673,147.1466228745946,163.31046231573168,127490100,GOOGL
2025-05-08,153.55642700195312,155.19868244221678,152.18289432936683,154.27305142354376,57498700,GOOGL
2025-05-09,152.03358459472656,154.3228003625665,151.48616112175256,153.4469228058081,32435300,GOOGL
2025-05-12,157.71681213378906,158.35380985703912,155.5171705905775,156.75136032378487,44138800,GOOGL
2025-05-13,158.7817840576172,159.81691483841985,155.42759461947415,158.0452492784777,42382100,GOOGL
2025-05-14,164.5944061279297,166.21676625125212,158.86142612462882,159.20979069166216,48755900,GOOGL
2025-05-15,163.19100952148438,165.43045668169412,161.60845531931332,165.06218171025907,33146700,GOOGL
2025-05-16,165.41055297851562,168.55573587450803,164.8432190515902,166.94332352608356,42846900,GOOGL
2025-05-19,165.7589111328125,165.85844820194703,163.44979996369122,163.73843316462222,30426100,GOOGL
2025-05-20,163.21092224121094,167.7097274922387,162.13598566686494,165.6494285946027,46607700,GOOGL
2025-05-21,167.76943969726562,172.32796100800184,162.79289003758296,162.9222851886465,73416000,GOOGL
2025-05-22,170.068603515625,175.94094123693523,169.90936546851952,171.0440181854767,74864400,GOOGL
2025-05-23,167.6798553466797,169.1628725233235,167.10257379846712,168.26708452621156,35211400,GOOGL
2025-05-27,172.08908081054688,172.35781874405163,169.20268808863054,169.36194132235366,37995700,GOOGL
2025-05-28,171.55162048339844,174.44797603039132,171.10373405145273,172.34787146642654,34784000,GOOGL
2025-05-29,171.05393981933594,173.60193043245226,169.82971303934468,173.18390214628994,29317300,GOOGL
2025-05-30,170.9345245361328,171.4023213954702,166.65468900773928,170.5463542897915,52639900,GOOGL
2025-06-02,168.2372589111328,169.0733157199992,166.6049510135824,167.05283750495894,38612300,GOOGL
2025-06-03,165.4005889892578,167.68980475652552,164.50481616986866,166.70445769264217,45084900,GOOGL
2025-06-04,167.26182556152344,167.4310264158141,165.57974946262576,165.95797207058334,26900800,GOOGL
2025-06-05,167.42108154296875,170.12831044344654,166.80397909025658,169.54108125937032,36379100,GOOGL
2025-06-06,172.86541748046875,173.68157889465496,170.0287933558417,170.0287933558417,35731800,GOOGL
2025-06-09,175.47630310058594,175.8549836240846,173.76229627558533,173.93170198198985,28935900,GOOGL
2025-06-10,177.97755432128906,180.47880106496282,174.30041217393423,175.58590961128442,61766100,GOOGL
2025-06-11,176.73190307617188,179.74136677669094,176.133988123354,179.14346702948194,31646800,GOOGL
2025-06-12,175.087646484375,176.10409583310096,174.14096047000893,175.56596932852466,20941900,GOOGL
2025-06-13,174.06124877929688,176.51268202547473,171.78919611484426,171.8390248989685,27663100,GOOGL
2025-06-16,176.15391540527344,176.323321086937,174.0412938099689,174.1210168140944,27389200,GOOGL
2025-06-17,175.33677673339844,176.74186625647056,173.9715563176299,175.0876480323832,24973000,GOOGL
2025-06-18,172.71595764160156,175.94465595934807,172.596365522182,175.39656976170295,28707500,GOOGL
2025-06-20,166.05921936035156,173.73237998796506,164.88333923967906,173.34373983894176,75659900,GOOGL
2025-06-23,164.61428833007812,166.7567891470348,161.43540356766906,165.69052617853575,57671000,GOOGL
2025-06-24,166.18878173828125,167.63372519441324,165.55101285806253,166.3382528798913,40524300,GOOGL
2025-06-25,170.0851287841797,171.7592814568519,166.96604798303133,167.04577098702603,35479000,GOOGL
2025-06-26,172.9351806640625,173.08466701517526,169.34773632150527,171.8290485705118,31796700,GOOGL
2025-06-27,177.90777587890625,178.0572470081361,171.1314725843347,172.93516183654683,108140200,GOOGL
2025-06-30,175.61578369140625,180.5983572585905,173.97154049647858,180.14992867866547,63378900,GOOGL
2025-07-01,175.22714233398438,175.47627101059854,172.92519579496684,175.12749998670333,35904500,GOOGL
2025-07-02,178.01739501953125,178.23662948182692,174.4598452552033,174.92819320035304,29128900,GOOGL
2025-07-03,178.90428161621094,179.04379306500536,176.43292943516354,177.8778726988789,21689700,GOOGL
2025-07-07,176.17384338378906,178.67510524325024,175.0677113564662,178.43593621915562,34175600,GOOGL
2025-07-08,173.7523193359375,177.3298037815242,172.20771837081963,177.2301614259221,40442500,GOOGL
2025-07-09,176.00445556640625,178.81463486384698,172.16788235105685,174.63923502855474,43025600,GOOGL
2025-07-10,177.00096130371094,177.80813589252995,173.77226294843484,175.0179065004666,29252400,GOOGL
2025-07-11,179.56201171875,180.797680390592,175.86493496639972,176.17385213436023,34282900,GOOGL
2025-07-14,180.92723083496094,183.02987774300456,179.05377808117527,180.37914463511837,32536600,GOOGL
2025-07-15,181.36570739746094,183.57797163820845,180.96710752938097,182.17288201396957,33448300,GOOGL
2025-07-16,182.3323211669922,183.68758195520638,181.39559478616047,182.60138443088442,33104200,GOOGL
2025-07-17,182.940185546875,183.418508384776,179.8509836397114,181.5052018275631,31992600,GOOGL
2025-07-18,184.41502380371094,185.7702845204503,183.069737966418,184.75383518149354,34014500,GOOGL
2025-07-21,189.4374542236328,189.62677924759166,185.5012089178604,185.60086647203485,45803100,GOOGL
2025-07-22,190.67312622070312,190.98204335642563,186.8066593790816,190.83257222804642,44660200,GOOGL
2025-07-23,189.56703186035156,191.85901925237124,188.52068813729787,190.83261008559217,58681900,GOOGL
2025-07-24,191.50022888183594,197.26008265567518,190.33430850259245,196.34329095248222,74881700,GOOGL
2025-07-25,192.50672912597656,193.65273031316045,190.59342246149265,191.31091436137532,39785900,GOOGL
2025-07-28,191.9088134765625,193.37369138388394,190.17487232763284,192.97507635824056,38139500,GOOGL
2025-07-29,195.06777954101562,195.23718523880464,191.41057191018163,191.7593429801203,41389200,GOOGL
2025-07-30,195.84506225585938,196.91134044406198,194.0114785811888,194.91831074404357,32445400,GOOGL
2025-07-31,191.231201171875,195.3069586253216,190.42402654445044,195.02793567277016,51329200,GOOGL
2025-08-01,188.47085571289062,190.16492789219942,187.16542371122097,188.371198147092,34832200,GOOGL
2025-08-04,194.36024475097656,194.5894541087341,189.45739363731957,189.62679933287328,31547400,GOOGL
2025-08-05,193.99151611328125,197.1704004603002,193.2142358585653,194.0313852166864,31602300,GOOGL
2025-08-06,195.40660095214844,195.94472750739845,192.9950367452259,193.82214592784317,21562900,GOOGL
2025-08-07,195.83509826660156,196.85153244317704,193.65272836026733,196.37320958328212,26321800,GOOGL
2025-08-08,200.71800231933594,201.90385732363322,196.48281456433622,196.53264334375206,39161800,GOOGL
2025-08-11,200.2994842529297,200.77780712193308,198.37621789685548,200.23969579500547,25832400,GOOGL
2025-08-12,202.63131713867188,203.7872779637538,199.8909014203329,200.66818175308578,30397900,GOOGL
2025-08-13,201.25613403320312,203.81716914109546,196.82163104540848,203.41856930663727,28342900,GOOGL
2025-08-14,202.2327117919922,203.72748396129663,200.52866482851726,200.79772807656252,25230400,GOOGL
2025-08-15,203.18936157226562,205.7205176785909,200.57849766290207,203.13954799676898,34931400,GOOGL
2025-08-18,202.79074096679688,204.5545762391642,201.7842665962138,203.48829821401324,18526600,GOOGL
2025-08-19,200.8675079345703,202.73098585981091,199.26311839930437,202.32241111724275,24240200,GOOGL
2025-08-20,198.62533569335938,200.57849617106174,195.9148142419443,200.03040999419306,28955500,GOOGL
2025-08-21,199.05384826660156,201.77432964491462,198.73495620472804,199.05384826660156,19774600,GOOGL
2025-08-22,205.37173461914062,207.81319287530533,200.59843534470966,202.02344423178036,42827000,GOOGL
2025-08-25,207.7633819580078,209.78630584234324,204.56456266974786,205.71054863967242,29928900,GOOGL
2025-08-26,206.4180908203125,207.12562307278867,204.98310696587825,206.78679645866202,28464100,GOOGL
2025-08-27,206.7568817138672,208.18190575216585,204.93325784693593,204.9830866269172,23022900,GOOGL
2025-08-28,210.9023895263672,211.4803699291827,206.17890394821848,206.5276902069273,32339300,GOOGL
2025-08-29,212.16796875,213.90189476250458,209.46740696384475,209.77632411753885,39728400,GOOGL
2025-09-02,210.61341857910156,210.94225509702446,205.48135800383685,207.7135567307211,47523000,GOOGL
2025-09-03,229.8561248779297,230.50385346488952,224.00657221776532,225.42163672219405,103336100,GOOGL
2025-09-04,231.49038696289062,231.56013509073304,225.32195802772998,228.8496136665047,51684200,GOOGL
2025-09-05,234.1809844970703,234.9383302920627,231.09178244912047,231.3907399385365,46588900,GOOGL
2025-09-08,233.43292236328125,237.51232497352402,233.06388696786647,234.85922103336074,32474700,GOOGL
2025-09-09,239.00843811035156,239.84625561503273,232.6250296851758,233.5625938915042,38061000,GOOGL
2025-09-10,238.54962158203125,241.03316831731985,237.23305340830441,238.280317666347,35141100,GOOGL
2025-09-11,239.74652099609375,241.621649503253,235.63721236385354,239.2578017033376,30599300,GOOGL
2025-09-12,240.17539978027344,241.45207841249842,237.38265956507763,239.746507229255,26771600,GOOGL
2025-09-15,250.95733642578125,251.75526430827645,244.02536743382055,244.02536743382055,58383800,GOOGL
2025-09-16,250.50851440429688,252.38362748338088,248.82289569604956,251.42612617048883,34109700,GOOGL
2025-09-17,248.8827362060547,250.94737408261642,245.6411664684413,250.56835490468708,34108000,GOOGL
2025-09-18,251.37625122070312,253.33117381914667,249.15203994052993,251.02715300766394,31239500,GOOGL
2025-09-19,254.0592803955078,255.33595897283527,251.1568250217611,252.59309222605677,55571400,GOOGL
2025-09-22,251.8749542236328,255.11652395864965,249.65074294375358,253.7700196733437,32290500,GOOGL
2025-09-23,251.00721740722656,253.7002107757565,249.8302703204236,252.38362744671002,26628000,GOOGL
2025-09-24,246.4989471435547,251.69543970951247,245.80076590550527,251.00722705371746,28201000,GOOGL
2025-09-25,245.15243530273438,245.85063173864694,240.1155467413105,243.76604145127706,31020400,GOOGL
2025-09-26,245.90048217773438,248.77301648715127,245.33196864020064,246.42912138871642,18503200,GOOGL
2025-09-29,243.41696166992188,250.49853584610034,242.14028307987255,247.2071078925349,32505800,GOOGL
2025-09-30,242.4694366455078,242.6589310263489,238.6294169517045,242.18018034462705,34724300,GOOGL
2025-10-01,244.26475524902344,245.6611329631193,237.99107738521485,240.1255258955177,31658200,GOOGL
2025-10-02,245.05271911621094,246.1698091326398,241.6715128807893,244.51411127313986,25483300,GOOGL
2025-10-03,244.7135772705078,245.661109961835,241.03314655883116,243.85580746990237,30249600,GOOGL
2025-10-06,249.78041076660156,250.66811683606912,243.94559401576447,244.14507219866994,28894700,GOOGL
2025-10-07,245.12252807617188,249.7903967365714,244.88316034229135,247.62602723387863,23181300,GOOGL
2025-10-08,243.9854736328125,245.37186749350337,243.18756093367097,244.3246032710778,21307100,GOOGL
2025-10-09,240.9034881591797,244.12510552114733,238.52965682972516,243.83586445575082,27892100,GOOGL
2025-10-10,235.9563446044922,243.45682676282496,235.22822726703515,240.80372315157257,33180300,GOOGL
2025-10-13,243.51670837402344,243.865806618421,239.08823779870895,239.58694087972822,24995000,GOOGL
2025-10-14,244.81332397460938,246.47899033376285,239.88613541009548,240.60426901896764,22111600,GOOGL
2025-10-15,250.37884521484375,251.45604559967558,245.3519253048375,246.60865147753682,27007700,GOOGL
2025-10-16,250.80772399902344,256.2934418791717,249.45125120568702,251.11691742955023,27997200,GOOGL
2025-10-17,252.64297485351562,253.5605866634714,247.1672097408255,250.10955476977685,29671600,GOOGL
2025-10-20,255.88453674316406,256.6625123260812,253.5705623788801,254.0293759063695,22350200,GOOGL
2025-10-21,249.81031799316406,254.21885076692087,243.516673234733,254.0792145331533,47312100,GOOGL
2025-10-22,251.0371551513672,255.69502480450944,248.64337127106648,253.71019631561148,35029400,GOOGL
2025-10-23,252.4235382080078,254.3784456458486,251.19673296350098,252.3237915100895,19901400,GOOGL
2025-10-24,259.2458190917969,261.0012332121926,254.65774472843228,255.9144557753844,28655100,GOOGL
2025-10-27,268.5715026855469,269.43927147389144,263.5944564854066,264.13306424820985,35235200,GOOGL
2025-10-28,266.7762145996094,270.0277682724026,265.80872945123696,268.99045739081123,29738600,GOOGL
2025-10-29,273.8578186035156,274.6258103943446,266.97572213826885,267.0555012387311,43580300,GOOGL
2025-10-30,280.7499084472656,290.8336705300809,279.3335782487789,290.8336705300809,74876000,GOOGL
2025-10-31,280.46063232421875,285.25815337777135,276.3114191679317,282.47538175038454,39267900,GOOGL
2025-11-03,282.9840393066406,284.78934178113053,279.07419428639605,281.44802550171426,29786000,GOOGL
2025-11-04,276.8200988769531,280.5404041676455,275.5434202802167,276.03213953132416,30078400,GOOGL
2025-11-05,283.572509765625,285.677052345188,276.62058842555,278.1466184544242,31010300,GOOGL
2025-11-06,284.01141357421875,287.60208195818814,280.41079182644177,284.5898957734926,37173600,GOOGL
2025-11-07,278.106689453125,283.0438611130793,274.4761475995039,282.47533241266484,34479600,GOOGL
2025-11-10,289.3475036621094,290.0456696400176,282.12626310035637,283.6822445549795,29557300,GOOGL
2025-11-11,290.55438232421875,291.16281590202783,286.5747415369323,287.00361887503476,19842100,GOOGL
2025-11-12,285.96630859375,291.2525794490294,282.95415298016115,290.9234183741868,24829900,GOOGL
2025-11-13,277.8474426269531,282.1063559927165,276.5208753822851,281.60765291032834,29494000,GOOGL
2025-11-14,275.6930236816406,277.8374407083971,269.99784337488455,270.7059931829425,31647200,GOOGL
2025-11-17,284.2806396484375,293.1874981262189,282.8344192497114,285.038677928695,52670200,GOOGL
2025-11-18,283.5426330566406,288.05089811864593,277.47841675914583,287.17320623173055,49158700,GOOGL
2025-11-19,292.0504455566406,303.02191144888764,285.88648384239787,286.4151077996695,68198900,GOOGL
2025-11-20,288.69921875,305.625202125324,287.921243180084,303.75007371618807,62025200,GOOGL
2025-11-21,298.8826904296875,303.1316497984607,293.0877639113642,295.6511046778972,74137700,GOOGL
2025-11-24,317.75360107421875,318.651290855991,308.79691436510495,310.3229443803346,85165100,GOOGL
2025-11-25,322.60101318359375,327.9770159307299,316.82602366827604,325.3638169665917,88632100,GOOGL
2025-11-26,319.1201171875,323.658303098724,315.9683100285969,319.8482042131112,51373400,GOOGL
2025-11-28,319.3494873046875,326.0021995827445,315.9682963529555,322.5312152935296,26018600,GOOGL
2025-12-01,314.0732116699219,319.02033724928003,313.07580560094704,316.8759202886677,41183000,GOOGL
2025-12-02,314.9908142089844,317.554155160306,313.09574872951146,315.91839456558273,35854700,GOOGL
2025-12-03,318.8009338378906,320.74585757492326,313.2852790244178,315.0706445626379,41838300,GOOGL
2025-12-04,316.7961120605469,321.52380710663783,313.8837033726762,321.39416988540876,31240900,GOOGL
2025-12-05,320.4366149902344,322.32172694260385,318.34208673882245,318.6612335259534,28851700,GOOGL
2025-12-08,313.11090087890625,319.81785493964355,310.6157547321785,319.4285975207571,33909400,GOOGL
2025-12-09,316.4643859863281,317.3726229056239,311.2944500995635,311.7635388280278,30194000,GOOGL
2025-12-10,319.58831787109375,320.6861883612462,314.069055340672,315.2168165746965,33428900,GOOGL
2025-12-11,311.82342529296875,320.49655652430846,308.0008744502611,319.45856710455377,42353700,GOOGL
2025-12-12,308.68951416015625,314.25866704717134,304.96674508462553,313.0909556884665,35940200,GOOGL
2025-12-15,307.62158203125,310.81538131016634,304.288070405232,310.7155693717638,29151900,GOOGL
2025-12-16,305.97479248046875,310.16661977978157,302.00250880457793,304.3579426322819,30585000,GOOGL
2025-12-17,296.1439208984375,307.4918412298865,295.54507970361715,307.4120099511304,43930400,GOOGL
2025-12-18,301.8727722167969,303.3698600006946,298.6490626821344,301.1342186567393,33518000,GOOGL
2025-12-19,306.56365966796875,306.65348128006514,300.3856749721532,301.1442091965169,59943200,GOOGL
2025-12-22,309.1785583496094,309.52788491338026,304.70724534166345,309.2783702904479,26429900,GOOGL
2025-12-23,313.73968505859375,314.328535898872,308.7194521900694,309.02884787804055,25478700,GOOGL
2025-12-24,313.4801940917969,314.4682622711062,311.3144241794057,314.15886656933606,10097400,GOOGL
2025-12-26,312.9013366699219,314.4782557314601,311.67371372407564,313.8694546536391,10899000,GOOGL
2025-12-29,312.95123291015625,313.41033130955566,310.0169383701615,310.76548227407176,19621800,GOOGL
2025-12-30,313.24066162109375,316.3346490163796,311.85334570689247,311.8932765746258,17380900,GOOGL
2025-12-31,312.392333984375,313.9692531312569,310.8353650439947,312.24263128978663,16377700,GOOGL
2026-01-02,314.5381164550781,321.87385220157,309.7274673850438,316.28471875384633,32009400,GOOGL
2026-01-05,315.9254455566406,318.4006111389099,314.01915017003046,317.0432662013207,30195600,GOOGL
2026-01-06,313.72967529296875,320.31686685595974,311.17464821348415,315.7856731700802,31212100,GOOGL
2026-01-07,321.3548889160156,325.51677583182123,313.58000462136766,313.74965751082357,35104400,GOOGL
2026-01-08,324.80816650390625,329.67869694461876,320.8758135066914,328.3313118537803,31896100,GOOGL
2026-01-09,327.9320983886719,330.1876899539591,325.16745676828174,326.45496079982934,26214200,GOOGL
2026-01-12,331.2156982421875,333.39148904567276,324.36903115835116,325.1674658209474,33923900,GOOGL
2026-01-13,335.31768798828125,339.82890107364614,332.97224461379506,334.2996793666924,33517600,GOOGL
2026-01-14,335.1879577636719,335.8666302231012,329.83837890700147,334.40947336413166,28525600,GOOGL
2026-01-15,332.1339416503906,337.0344130603199,330.09789356603824,336.9944821877514,28442400,GOOGL
2026-01-16,329.35931396484375,334.00028002450074,327.0637915356931,333.7607557246461,40341600,GOOGL
2026-01-20,321.3748474121094,327.0937337673917,319.80788820634325,320.2470363972373,35361000,GOOGL
2026-01-21,327.7424621582031,331.83450818795274,318.729994927537,320.2969541162656,35386600,GOOGL
2026-01-22,329.89825439453125,334.49928930997066,328.11172120927307,333.8006666576773,26253600,GOOGL
2026-01-23,327.2933349609375,333.0421619901957,326.814286347386,331.8444795396569,27280000,GOOGL
2026-01-26,332.61297607421875,335.1879535299186,326.3651202937951,327.1735452193246,26042100,GOOGL
2026-01-27,333.90045166015625,337.2539439848537,332.8325522369338,334.71886692218493,21636200,GOOGL
2026-01-28,335.3576354980469,336.8846637353836,331.2955302242731,335.40752623810386,27434400,GOOGL
2026-01-29,337.5932922363281,341.62545715973704,325.9060355700189,339.6393000059441,39785600,GOOGL
2026-01-30,337.3437805175781,339.33989756206086,331.64487488391205,339.33989756206086,31024000,GOOGL
2026-02-02,343.022705078125,344.16047585276425,334.97835654941485,335.5672073695487,32006100,GOOGL
2026-02-03,339.0504455566406,348.322417578686,336.81480425638233,346.66563680855586,36506700,GOOGL
2026-02-04,332.3934326171875,342.6434831024425,327.8821884154679,342.2941565134455,70618400,GOOGL
2026-02-05,330.6069030761719,332.0441098613053,305.8650224655501,311.6138496060838,88205800,GOOGL
2026-02-06,322.233154296875,329.7385737476322,319.2988903139048,326.54477434837446,56380500,GOOGL
2026-02-09,323.6903381347656,327.0637807183464,316.6440476026885,320.30690521957837,39640100,GOOGL
2026-02-10,317.9614562988281,321.0454837970353,313.9991629255859,320.3468306795893,39170000,GOOGL
2026-02-11,310.35626220703125,320.43665913490463,309.0587983421378,318.3507205277581,45406400,GOOGL
2026-02-12,308.40008544921875,315.62601945223736,306.60359228041904,311.4840826487114,47761300,GOOGL
2026-02-13,305.12646484375,308.03081891465297,303.1203573871305,307.1325723003695,38499700,GOOGL
2026-02-17,301.4336242675781,303.8489392958333,295.67483755264817,299.4574878846074,39247600,GOOGL
2026-02-18,302.7410888671875,304.7871271852118,300.66514046909924,301.5035060024616,28482100,GOOGL
2026-02-19,302.26202392578125,304.87693233204385,299.4574819671566,301.23402488534225,25834400,GOOGL
2026-02-20,314.36846923828125,315.885507154404,303.30996428502766,303.72916224594877,53210800,GOOGL
2026-02-23,310.8852233886719,318.8996316925602,309.2683735389658,318.43054299285177,31423000,GOOGL
2026-02-24,310.29638671875,311.6637220131571,305.33603467292323,309.91711960911005,25615600,GOOGL
2026-02-25,312.2925109863281,313.031095017384,308.8392369672335,311.4541454679639,29963600,GOOGL
2026-02-26,306.783203125,312.53202939170336,301.762970472535,312.0330001798944,36431200,GOOGL
2026-02-27,311.1547546386719,311.7635557563691,303.21018636103327,303.549553083736,44640600,GOOGL
2026-03-02,305.92486572265625,307.8910420913047,300.71499938521333,302.6412753457796,34790200,GOOGL
2026-03-03,302.9906005859375,303.34991750153205,296.13394323483243,298.01029817831704,35497000,GOOGL
2026-03-04,302.5414733886719,304.87692658824284,300.1660893213747,302.30194909897057,29536200,GOOGL
2026-03-05,300.2958679199219,302.7111526067185,297.41146402777275,302.4516780897468,35752300,GOOGL
2026-03-06,297.9403991699219,299.94650641213514,294.6068875835616,295.515124433063,25576900,GOOGL
2026-03-09,305.98040771484375,306.4198649966507,293.71562375842984,293.99527562141907,29312100,GOOGL
2026-03-10,306.65960693359375,309.1265479913924,305.1914269440574,305.79068968096857,23239700,GOOGL
2026-03-11,308.31756591796875,311.0341973481569,305.54101125974313,306.3699695674413,24125700,GOOGL
2026-03-12,303.17388916015625,308.5572255769297,300.65702241451555,306.43985713507476,24928300,GOOGL
2026-03-13,301.9054870605469,307.3087879643589,300.0677703977713,306.6296377698095,23693100,GOOGL
2026-03-16,305.1814270019531,306.11026747244654,302.64456537566065,303.97293465389924,23519700,GOOGL
2026-03-17,310.5347900390625,311.03417054952814,305.1214918945171,305.48103123176395,21955200,GOOGL
2026-03-18,307.30877685546875,312.08285325242963,306.5497087361953,308.88680583632095,20009800,GOOGL
2026-03-19,306.7494812011719,307.67832164750223,301.9754046785898,303.63335165234247,25075800,GOOGL
2026-03-20,300.6270751953125,305.62088043111504,297.9004465638477,305.0815409313132,44364100,GOOGL
2026-03-23,301.685791015625,305.60094814101865,300.5571860375472,301.7357168812967,29326900,GOOGL
2026-03-24,290.0801696777344,299.5484356615691,289.97029010977093,298.82932646685043,36864300,GOOGL
2026-03-25,290.5695495605469,295.6332754793409,288.8816409209488,293.07644958925243,29460700,GOOGL
2026-03-26,280.57196044921875,287.5932492331535,278.15494535852446,287.55329025783345,39080600,GOOGL
2026-03-27,274.0001220703125,279.02388928595167,273.6106210828978,276.9364822022131,35890600,GOOGL
2026-03-30,273.1611633300781,276.74671205405957,271.772870758184,276.07755917965534,35141200,GOOGL
2026-03-31,287.2037353515625,287.72308014338427,276.74670556560056,277.6955407888773,43875400,GOOGL
2026-04-01,297.0215759277344,300.14767254424095,290.05021252939383,290.47967248402244,37684500,GOOGL
2026-04-02,295.403564453125,297.71070019384774,289.0914173614996,290.3298713924274,21666500,GOOGL
2026-04-06,299.6183166503906,300.2475409865838,294.8142784540748,295.50342601468935,16945500,GOOGL
2026-04-07,305.08154296875,305.2513457589993,297.3511421656273,302.3549447988444,23205400,GOOGL
2026-04-08,316.9268798828125,321.68096199730417,314.6297110626625,320.0530070056894,33547100,GOOGL
2026-04-09,318.09539794921875,319.1441153425082,310.6746106421415,315.51860784412145,23739200,GOOGL
2026-04-10,316.8469543457031,321.4312640320202,315.9281112234418,319.62350892085055,19152600,GOOGL
2026-04-13,320.91192626953125,321.2315371363443,315.0791651091577,316.74710955552524,18866400,GOOGL
2026-04-14,332.49755859375,332.8770926852431,323.3489033390031,324.38762340838895,27721400,GOOGL
2026-04-15,336.70233154296875,337.0619013824557,330.49003638532656,332.4775916674409,24918800,GOOGL
2026-04-16,335.6036682128906,339.458901613874,334.105526677332,338.33029678032364,20541500,GOOGL
2026-04-17,341.2566833496094,341.89590508018404,335.8234205588037,337.2316773591919,25581900,GOOGL
2026-04-20,337.0019836425781,340.97703331198585,336.1929591105031,340.3378420577138,18784200,GOOGL
2026-04-21,331.8783264160156,338.9195798085849,330.9394885663705,337.2716301294484,23123800,GOOGL
2026-04-22,338.8996276855469,339.3990082413208,334.7547751685775,336.60245884112476,20293000,GOOGL
2026-04-23,338.47015380859375,341.53632713037314,335.7634893621326,340.7572947145818,18650300,GOOGL
2026-04-24,343.9732971191406,344.8422143498026,334.97448084779876,338.3103390739037,26426100,GOOGL
2026-04-27,349.90594482421875,352.74242256668157,342.3053878156813,345.55136124882,28576900,GOOGL
2026-04-28,349.3466491699219,351.9833930501032,345.69117996136276,348.11816206941427,27824100,GOOGL
2026-04-29,349.5064697265625,355.3492283904879,343.78355752060145,347.1394107424554,35376300,GOOGL
2026-04-30,384.3232421875,385.3619622201579,365.3667768501622,373.6065555628184,72040000,GOOGL
2026-05-01,385.2121887207031,386.2808704617397,378.5804000830116,381.1572209075714,30105200,GOOGL
2026-05-04,382.7751770019531,386.90006506467324,379.31947226185457,385.15223320621686,26298600,GOOGL
2026-05-05,387.9487609863281,392.33333678038815,383.5442209432822,385.7515048868787,23878600,GOOGL
2026-05-06,397.546875,399.3546301445318,392.2734176347804,393.7615619135972,31308500,GOOGL
2026-05-07,397.4969177246094,399.6043194807176,392.1934987581594,399.42454979908837,24433500,GOOGL
2026-05-08,400.3034362792969,401.5019617899809,395.86893456144384,396.5081562950806,21461800,GOOGL
2026-05-11,388.15850830078125,396.94759333072534,387.9887055115338,393.16228042470647,30753700,GOOGL
2026-05-12,386.8701171875,388.0386506028281,382.2957742925754,386.8601198229993,26017500,GOOGL
2026-05-13,402.1211853027344,403.1998643489371,384.5230197682841,385.1222825184223,28144600,GOOGL
2026-05-14,400.5731201171875,402.43080112559403,395.349588612008,396.7878070287349,21136700,GOOGL
2026-05-15,396.2884216308594,399.0450119758119,392.69287563304505,395.82900006662373,20309700,GOOGL
2026-05-18,396.4482421875,408.10376741205215,394.04122422601415,395.1997907850553,26837200,GOOGL
2026-05-19,387.1797180175781,396.65795076850566,385.63162007935824,396.4681837278221,39545700,GOOGL
2026-05-20,388.4281921386719,393.37204141137994,382.42562803382646,387.2196997137571,31744400,GOOGL
2026-05-21,387.1797180175781,392.01371791338363,382.5454520468608,385.22215486500835,24852800,GOOGL
2026-05-22,382.49554443359375,388.258385079403,381.29701890681014,386.87012298265273,20442100,GOOGL
2026-05-26,388.398193359375,388.7777274266938,382.12597532411496,384.0336125447445,27747400,GOOGL
2026-05-27,388.3482360839844,393.39199754996946,385.421873594791,386.1909390913781,23087300,GOOGL
2026-05-28,389.64666748046875,391.38450201712897,384.68282366229704,387.5193014898567,24357500,GOOGL
2026-05-29,379.8687744140625,384.7626974671623,377.9910987617443,384.7626974671623,44415800,GOOGL
2026-06-01,375.9037170410156,378.09100632744554,373.05724175924524,376.05352511273605,28672100,GOOGL
2026-06-02,361.4017028808594,373.07722234401785,357.99592394061045,366.13582064636165,50412300,GOOGL
2026-06-03,358.54522705078125,365.9960065843375,357.6363508187865,361.5814692403301,55441600,GOOGL
2026-06-04,371.7289123535156,372.7875967270043,357.76622059782807,358.4553682250688,44055500,GOOGL
2026-06-05,368.07342529296875,371.6190149899659,363.6688852043904,365.88613605551615,37471200,GOOGL
2026-06-08,363.0766296386719,365.9647879200631,360.2984165590168,364.9454235864071,27942500,GOOGL
2026-06-09,364.0260314941406,371.84098522768176,357.0704802123837,366.85420025674074,29535100,GOOGL
2026-06-10,356.1510925292969,368.3232616719084,354.97185779418805,362.95671584537644,32357100,GOOGL
2026-06-11,357.5401611328125,358.5694982511428,346.13748714351743,355.70134679025995,35538200,GOOGL
2026-06-12,359.4489440917969,366.33453278338226,354.7119986974298,362.3870579560934,24704600,GOOGL
2026-06-15,369.1127624511719,372.7504085202595,366.3145426692825,367.69366113705985,27727500,GOOGL
2026-06-16,373.01025390625,375.7584875251172,366.8242274297617,369.3626044753487,24876100,GOOGL
2026-06-17,363.55633544921875,372.0908279957741,361.78745285393074,368.8929017493238,24543600,GOOGL
2026-06-18,367.7935791015625,369.2426598317581,358.4396065335441,365.51504497617543,44470100,GOOGL
2026-06-22,349.45538330078125,358.68946892539066,341.50050477393233,357.72009076397745,52814800,GOOGL
2026-06-23,345.90765380859375,349.0656275102868,339.98147051143604,340.47114598010614,34007700,GOOGL
2026-06-24,345.0682067871094,353.25294826847323,341.7103492701006,348.8157979233392,44997300,GOOGL
2026-06-25,343.48919677734375,345.34801779729577,335.6242572392167,336.51370015420923,44491400,GOOGL
2026-06-26,337.17327880859375,346.1374872957393,329.98789515004995,342.32993723999033,114706300,GOOGL
2026-06-29,353.4228210449219,354.122383587675,340.4511784786947,341.6104064955248,34213900,GOOGL
2026-06-30,357.14044189453125,358.3896389689017,350.1749177879227,353.64269008629407,35237200,GOOGL
2026-07-01,360.97796630859375,362.7368455226467,356.20103798676814,358.1397942573561,26736400,GOOGL
2026-07-02,359.6788024902344,363.97602803095486,353.19298133516355,359.2490860357571,25974800,GOOGL
2026-07-06,366.2245788574219,367.693635754559,357.15042523629825,361.31772936423556,26915800,GOOGL
2026-07-07,366.7942199707031,372.9202869594668,365.26520405735874,368.8329180211536,24045600,GOOGL
2026-07-08,361.6875305175781,367.6037106679975,357.79001132287857,364.525702555654,22094800,GOOGL
2026-07-09,358.65948486328125,359.41897594546776,350.8544734886641,354.08240970637695,24729100,GOOGL
2026-07-10,356.9505615234375,357.5901650645865,352.52341441108456,357.30034280387986,18146100,GOOGL
2026-07-13,352.2835693359375,357.8999543595846,351.52404777471276,355.96119810970276,15901700,GOOGL
2026-07-14,359.2790832519531,359.92865963343,350.86447830880365,350.97442351070157,18259400,GOOGL
2026-07-15,370.6817626953125,373.40998963278184,357.5302120160503,357.74006858863044,28284600,GOOGL
2026-07-16,354.2322998046875,375.02892981037553,352.07368364698067,372.8203579699616,41158500,GOOGL
2026-07-17,346.5472412109375,348.2961170979314,341.1407126662452,345.77774679993126,29959300,GOOGL
2026-07-20,351.7638854980469,359.4489481797366,350.2948285491913,350.6546131580819,24736600,GOOGL
2026-07-21,346.927001953125,351.09433677099497,346.77710440528256,351.09433677099497,23369800,GOOGL
2026-07-22,341.8702392578125,349.7152025525983,341.51048515922605,347.93634723653764,39334100,GOOGL
2026-07-23,317.4859313964844,324.2815511558238,314.69771503877246,320.92372412122546,69419700,GOOGL
2026-07-24,319.53460693359375,323.97175736278774,317.11617848672984,318.2154780071113,31806600,GOOGL
2026-07-27,326.3502197265625,330.2077559724587,324.2415898017393,324.83120713377,28471600,GOOGL
2026-07-28,333.4956359863281,335.66425552638333,324.2316014627561,327.68937042492354,29511900,GOOGL
2026-07-29,336.49371337890625,342.2800028423013,331.40698648547414,334.455045685483,27501600,GOOGL
2026-07-30,333.4456787109375,336.29385412629074,330.12780397797883,333.98534038388266,30168000,GOOGL
2026-07-31,355.9012451171875,358.3496530632621,339.78160132747564,340.611054758666,46498000,GOOGL
2026-08-03,373.27008056640625,376.4480305309448,363.1166033198653,365.2152604560987,38669700,GOOGL
2026-08-04,377.40740966796875,380.2755612380555,367.263935640354,367.9834743668337,35705700,GOOGL
2026-08-05,362.1971740722656,384.2330278418686,356.54080629618977,383.0937455186354,46926300,GOOGL
2026-08-06,357.52020263671875,363.8961093831237,356.65076635274994,360.5382517887205,25235900,GOOGL
2026-08-07,354.0723876953125,358.6694387836589,353.5527327193329,356.49084652154687,19859900,GOOGL
2026-08-10,357.29034423828125,357.38028276908574,352.4834362714388,354.951850943437,18991400,GOOGL
2026-08-11,343.5791320800781,356.5807842683805,343.1694223006263,355.6613923515014,29081800,GOOGL
2026-08-12,343.3193359375,346.25744987105145,340.66104092628797,346.0875456512855,25012000,GOOGL
2026-08-13,346.13751220703125,347.7065110877775,343.5392066313974,345.5478948342235,17866100,GOOGL
2026-08-14,345.67779541015625,350.22489088982945,344.27870083870846,346.5772111705174,17808600,GOOGL
2026-08-17,343.7790222167969,347.0269344906474,341.7103446182459,346.04755304110785,18291300,GOOGL
2026-08-18,343.9789123535156,344.6484648943574,339.97147845233087,342.19005363605754,19248800,GOOGL
2026-08-19,344.4985656738281,346.5072842825429,340.44117610948047,342.2400076559886,19733800,GOOGL
2026-08-20,340.451171875,343.6790774504127,338.3525147854226,342.83962071417653,18570400,GOOGL
2026-08-21,344.5985107421875,345.97762917305914,340.1813365286692,342.359928876986,20849800,GOOGL
2026-08-24,347.83642578125,351.3741604480826,342.2699962782288,343.39927531721605,26338200,GOOGL
2026-08-25,346.73712158203125,349.9350782600912,345.37800981753963,349.41542326154587,20649700,GOOGL
2026-08-26,341.7803039550781,346.65717399060424,339.96146577825954,346.3973312516375,20420300,GOOGL
2026-08-27,340.4311828613281,341.4705233735174,338.3025461528343,339.45183186724313,23391400,GOOGL
2026-08-28,346.36737060546875,348.91575095848634,340.0514228221321,340.49114263603377,25347200,GOOGL
2026-08-31,339.13201904296875,344.3686432833908,336.94342338566804,343.60912172254496,33493600,GOOGL
2026-09-01,334.8047790527344,336.9834018439635,332.8360433203593,335.7841605001305,23342700,GOOGL
2026-09-02,336.9034423828125,339.78159726283246,332.6062167342666,333.84541044728496,22582300,GOOGL
2026-09-03,342.260009765625,344.4585782378343,339.841550898423,340.34122971001256,20726900,GOOGL
2026-09-04,338.4599914550781,343.5299987792969,337.0899963378906,342.4700012207031,23189300,GOOGL
2026-09-08,338.3599853515625,339.67999267578125,333.2200012207031,335.4200134277344,22915800,GOOGL
2026-09-09,330.6499938964844,331.8500061035156,327.8999938964844,331.6499938964844,33151600,GOOGL
2026-09-10,332.6000061035156,333.2300109863281,327.739990234375,328.2300109863281,23557600,GOOGL
2026-09-11,338.5,342.9800109863281,335.0299987792969,335.0299987792969,24708300,GOOGL
2026-09-14,349.3900146484375,349.9100036621094,342.1400146484375,343.1199951171875,35905400,GOOGL
2026-09-15,344.9800109863281,348.07000732421875,342.70001220703125,346.79998779296875,21928600,GOOGL
2026-09-16,342.8699951171875,348.3999938964844,340.6400146484375,347.0799865722656,18928900,GOOGL
2026-09-17,347.3299865722656,349.5,343.8900146484375,348.67999267578125,19238400,GOOGL
2026-09-18,349.5400085449219,359.44000244140625,348.45001220703125,357.30999755859375,47631800,GOOGL
2026-09-21,354.9700012207031,357.6099853515625,349.1000061035156,350.6400146484375,30455400,GOOGL
2026-09-22,351.1600036621094,364.1700134277344,350.2200012207031,357.6499938964844,29788600,GOOGL
2026-09-23,337.8299865722656,350.0,337.45001220703125,349.8599853515625,35576200,GOOGL
2026-09-24,342.3599853515625,343.0899963378906,336.0199890136719,336.2200012207031,23777200,GOOGL
2026-09-25,343.9200134277344,347.0299987792969,341.1099853515625,342.3500061035156,21880800,GOOGL
2026-09-28,342.75,343.5899963378906,339.55999755859375,340.70001220703125,19299900,GOOGL
