Date,Close,High,Low,Open,Volume,Ticker
2005-09-30,14.38878059387207,14.40629269547402,14.26036185554963,14.283710210988277,37520600,INTC
2005-10-03,14.359588623046875,14.569728184013973,14.347913893725517,14.441309501569442,49168200,INTC
2005-10-04,14.301220893859863,14.5463847251463,14.248685707629638,14.382941799834061,52847800,INTC
2005-10-05,14.050214767456055,14.353751045120656,14.050214767456055,14.330401586824864,45711500,INTC
2005-10-06,13.869257926940918,14.149444685861775,13.717489820851318,14.079398552813165,61527000,INTC
2005-10-07,13.90428638458252,13.98600727594599,13.857588573322873,13.921798481316252,30718200,INTC
2005-10-10,13.670799255371094,13.945148796024396,13.618264071127982,13.921800443785123,38495300,INTC
2005-10-11,13.670799255371094,13.764194891055784,13.594915718888709,13.729171806014975,41646800,INTC
2005-10-12,13.565731048583984,13.594917885238747,13.303056198874986,13.472335398016698,77117900,INTC
2005-10-13,13.542374610900879,13.699978981326657,13.373094399417043,13.618258114190082,68060200,INTC
2005-10-14,13.559890747070312,13.59491494347725,13.425634667601592,13.559890747070312,44232300,INTC
2005-10-17,13.694141387939453,13.705816115438504,13.495676587272033,13.530699656405895,45289800,INTC
2005-10-18,13.84591007232666,14.003515559927921,13.705816676691095,13.764189203213416,78862600,INTC
2005-10-19,13.82840347290039,13.840077091210983,13.279703331209674,13.419796771210002,91423500,INTC
2005-10-20,13.787544250488281,13.880939885453781,13.688311249166965,13.770032151420828,62486500,INTC
2005-10-21,13.513191223144531,13.921797889313817,13.501516492485159,13.869262714710235,63304300,INTC
2005-10-24,13.484004020690918,13.612422703670719,13.367258953717666,13.577399628924132,53173300,INTC
2005-10-25,13.489846229553223,13.600752858304347,13.32640329977133,13.390613221000622,54626000,INTC
2005-10-26,13.466492652893066,13.600748707798395,13.419794846258014,13.460655287893243,51506100,INTC
2005-10-27,13.332240104675293,13.536543479951481,13.326402738140107,13.44898520865135,41690800,INTC
2005-10-28,13.618265151977539,13.641614619433803,13.29721776800112,13.413961765190777,55358800,INTC
2005-10-31,13.717496871948242,13.82840460520798,13.670799054791056,13.682473787421298,58127600,INTC
2005-11-01,13.221331596374512,13.5832405069084,13.151285428763927,13.53070532451858,84900700,INTC
2005-11-02,13.641613006591797,13.659123991749789,13.25051837984942,13.273866731181332,63804900,INTC
2005-11-03,13.993045806884766,14.045761432249524,13.782184422613579,13.788041838452756,63945100,INTC
2005-11-04,14.051616668701172,14.063331498562572,13.858326444738742,14.045759253770473,37057500,INTC
2005-11-07,14.35034465789795,14.379630628691858,14.028194510412245,14.104338704789313,49974300,INTC
2005-11-08,14.379622459411621,14.444052899180127,14.180474843024909,14.280048651218266,39967500,INTC
2005-11-09,14.526061058044434,14.56120555960915,14.326913351263235,14.350343018973044,39819700,INTC
2005-11-10,14.78377914428711,14.830637354047614,14.596346305245094,14.76620689668148,82211500,INTC
2005-11-11,14.719348907470703,14.906782866509012,14.678348112964402,14.871638370771157,40317600,INTC
2005-11-14,14.859930038452148,14.883358593575565,14.742783911270266,14.760356165504026,31035000,INTC
2005-11-15,14.690064430236816,14.854068742032894,14.666635881230505,14.748637478534556,37542700,INTC
2005-11-16,14.59049129486084,14.731065947318413,14.414773258585878,14.701779980335262,49435300,INTC
2005-11-17,14.707636833190918,14.789638431349731,14.590490735374338,14.731065382441441,39396500,INTC
2005-11-18,14.818923950195312,14.883354413769677,14.684206723801598,14.830638783061188,38919000,INTC
2005-11-21,14.78963851928711,14.936070583834507,14.684207254062905,14.836496735254757,34916400,INTC
2005-11-22,15.322651863098145,15.381224915100255,14.678350525451037,14.690065359289067,86040000,INTC
2005-11-23,15.603806495666504,15.767810873788523,15.275798856610892,15.310942252926887,80686900,INTC
2005-11-25,15.70338249206543,15.902530293251727,15.545236628808079,15.568665190436043,45653800,INTC
2005-11-28,15.73266315460205,15.873237818428695,15.662375264094669,15.779521375877598,78716200,INTC
2005-11-29,15.685808181762695,15.890812244055748,15.650663670636728,15.785382062242899,56364700,INTC
2005-11-30,15.62723159790039,15.732662873181486,15.592088211869392,15.66237498393139,50114500,INTC
2005-12-01,15.920095443725586,15.984525914513016,15.691661763207359,15.779520785161441,49840000,INTC
2005-12-02,16.066532135009766,16.10167553044986,15.879099203078061,15.890812923432494,51722600,INTC
2005-12-05,15.756089210510254,15.978666564198706,15.691659864706075,15.978666564198706,47747700,INTC
2005-12-06,15.621376991271973,15.890811527966052,15.592091017175068,15.838096998029284,50918500,INTC
2005-12-07,15.316793441772461,15.633087231529894,15.246506677729457,15.621372398460068,65558600,INTC
2005-12-08,15.05321979522705,15.416370764775891,14.842357221174032,15.416370764775891,104607200,INTC
2005-12-09,15.275792121887207,15.299221787227255,14.742779524468416,14.807209986965612,80102100,INTC
2005-12-12,15.59208869934082,15.709233695502606,15.299224533154156,15.340225337670187,75565800,INTC
2005-12-13,15.650662422180176,15.750236294717352,15.410513867917853,15.439800958186588,46475500,INTC
2005-12-14,15.597943305969238,15.72680424010051,15.51594170584062,15.621372972970564,107658500,INTC
2005-12-15,15.568655967712402,15.756088818456991,15.53351258749477,15.574513383946659,69675900,INTC
2005-12-16,15.451505661010742,15.627224748524672,15.451505661010742,15.568651719353362,72050600,INTC
2005-12-19,15.100076675415039,15.49251469927488,15.100076675415039,15.445656477792577,45251900,INTC
2005-12-20,15.117642402648926,15.287504093005342,15.035640823683885,15.11178498741032,45877700,INTC
2005-12-21,15.158650398254395,15.340227005405955,14.99464716236041,15.141079261373328,34541900,INTC
2005-12-22,15.211360931396484,15.27579139081013,15.105930793975807,15.164502720146888,26452100,INTC
2005-12-23,15.211360931396484,15.31679218600504,15.158645304092204,15.228933179560535,16616900,INTC
2005-12-27,14.912639617919922,15.287506430186987,14.89506848670552,15.24650563443619,28968400,INTC
2005-12-28,14.900930404663086,15.01807541117287,14.854072178621527,14.947788630704647,26518000,INTC
2005-12-29,14.684209823608398,14.965359168611755,14.649066434780025,14.883357555616156,26749300,INTC
2005-12-30,14.61977481842041,14.731063485295001,14.567060310098595,14.649061897696798,31681600,INTC
2006-01-03,14.97707462310791,15.018075431300698,14.584636560538298,14.754498328409253,56401200,INTC
2006-01-04,15.176220893859863,15.193793145893093,14.988788007591237,14.994645424935648,46188800,INTC
2006-01-05,15.387089729309082,15.504234772442327,15.176227087605227,15.187941927075126,54876800,INTC
2006-01-06,15.410500526428223,15.59793327312702,15.351927513788024,15.51007431276037,45703200,INTC
2006-01-09,15.50422477722168,15.527654441056908,15.28164855672633,15.457366566739088,39457800,INTC
2006-01-10,15.299223899841309,15.469084528260346,15.182077791340662,15.39879775691043,47031300,INTC
2006-01-11,15.310935974121094,15.42222465353694,15.170361329316432,15.305078557605736,52999900,INTC
2006-01-12,15.211360931396484,15.533512111276838,15.1527890052254,15.258219142646077,54026700,INTC
2006-01-13,15.105931282043457,15.334364929617358,14.959499227508818,15.205504006626612,46308900,INTC
2006-01-17,14.947786331176758,15.082503570673172,14.83064022550019,14.98878713300714,88055500,INTC
2006-01-18,13.23746109008789,13.506895598026022,13.09688641848693,13.39560801458454,282028400,INTC
2006-01-19,13.120311737060547,13.395604711946257,13.114454320872776,13.354602798631861,196293400,INTC
2006-01-20,12.745448112487793,13.161314674798259,12.739590695346902,13.143743540563674,155195000,INTC
2006-01-23,12.505298614501953,12.845020961702831,12.358866549032815,12.839163545021506,155081900,INTC
2006-01-24,12.464300155639648,12.645875638107498,12.440870484514397,12.610732248607832,105641800,INTC
2006-01-25,12.423298835754395,12.546302380771547,12.358869471400899,12.534587544638814,110311300,INTC
2006-01-26,12.587299346923828,12.739588818587888,12.45843954037174,12.53458371760981,101961600,INTC
2006-01-27,12.692729949951172,12.827447165822885,12.62244207543366,12.739588160566893,75188600,INTC
2006-01-30,12.68101692199707,12.845021241077218,12.645873538332763,12.786448190178021,60422500,INTC
2006-01-31,12.452579498291016,12.716156472094246,12.446722083248142,12.704442759196185,79350800,INTC
2006-02-01,12.622442245483398,12.645871909700835,12.435009400495419,12.440866816549779,71658400,INTC
2006-02-02,12.417438507080078,12.698587779940754,12.405723674747241,12.628299903131634,87473400,INTC
2006-02-03,12.205581665039062,12.458638747909596,12.19969648607892,12.44098321102917,101402300,INTC
2006-02-06,12.129074096679688,12.270314995314903,12.064338263874134,12.270314995314903,66858200,INTC
2006-02-07,12.164383888244629,12.323280318148656,12.076108468014459,12.13495912232886,95298200,INTC
2006-02-08,12.164383888244629,12.264429663834253,12.087878823373913,12.229119720238758,77601800,INTC
2006-02-09,12.358587265014648,12.505713303883871,12.193805697387386,12.223231578650788,81803900,INTC
2006-02-10,12.529258728027344,12.55868349789096,12.246775773914743,12.370362276804572,83023300,INTC
2006-02-13,12.43509578704834,12.617532934426364,12.399785842145427,12.464521676536526,65889500,INTC
2006-02-14,12.576340675354004,12.635190222765043,12.435098618614642,12.464524514803328,60125600,INTC
2006-02-15,12.564569473266602,12.635189374411546,12.48217809195338,12.564569473266602,67175700,INTC
2006-02-16,12.564569473266602,12.623420139209449,12.464523677908687,12.570454652109195,70607000,INTC
2006-02-17,12.129074096679688,12.382131127665529,12.099648207912217,12.358590416651552,116649100,INTC
2006-02-21,12.134960174560547,12.211465246065076,12.064339158763087,12.158499764837723,67212800,INTC
2006-02-22,11.858359336853027,12.034911269320542,11.71123328770477,12.017255739328988,138566500,INTC
2006-02-23,11.940754890441895,12.05845509769774,11.69946705222881,11.876019046837184,85297300,INTC
2006-02-24,11.98194694519043,12.081992713057291,11.846590113970949,11.881901177323568,73154000,INTC
2006-02-27,12.076105117797852,12.235001503620007,12.023139655857133,12.046679237562698,87156900,INTC
2006-02-28,12.123185157775879,12.364471758396913,12.064334520981898,12.093759278137622,93248100,INTC
2006-03-01,12.240889549255371,12.358590863616314,12.164384480658804,12.199694425973917,80722800,INTC
2006-03-02,12.058449745178223,12.26442641955061,11.993713930308525,12.170265846548816,86237800,INTC
2006-03-03,11.958406448364258,12.052567040675568,11.687695026089946,11.752429731752219,202812000,INTC
2006-03-06,11.946634292602539,12.099645512660793,11.905439179987363,12.023140463872982,81728300,INTC
2006-03-07,11.805395126342773,11.887786485926654,11.670039416110193,11.85836059947427,90707500,INTC
2006-03-08,11.775971412658691,11.881902368369545,11.66415527913247,11.775971412658691,82850000,INTC
2006-03-09,11.622962951660156,11.864249687693436,11.611192593199226,11.799513838641476,69718300,INTC
2006-03-10,11.681808471679688,11.781854229527163,11.640613357710022,11.670038118407591,61506700,INTC
2006-03-13,11.611185073852539,12.064333478793241,11.587645494657956,11.740656688111276,80524700,INTC
2006-03-14,11.628847122192383,11.71123737930596,11.558226100035697,11.611191586032444,69318400,INTC
2006-03-15,11.723002433776855,11.752427191583225,11.611186333644053,11.646497389990765,69788800,INTC
2006-03-16,11.564112663269043,11.817169766110082,11.55822748384446,11.799514227836335,66058200,INTC
2006-03-17,11.499377250671387,11.63473300193727,11.416985866110432,11.622962643788114,110821300,INTC
2006-03-20,11.546451568603516,11.740657887346146,11.446405821222006,11.446405821222006,58650100,INTC
2006-03-21,11.64061450958252,11.958406221996828,11.534683564616824,11.64061450958252,124284600,INTC
2006-03-22,11.758312225341797,11.793623281261175,11.534681150265133,11.569991083701964,84910700,INTC
2006-03-23,11.59353256225586,11.86424394082973,11.587647385876087,11.758313010959043,84336400,INTC
2006-03-24,11.534686088562012,11.664156648248449,11.364019279332457,11.622961521188357,60424100,INTC
2006-03-27,11.622962951660156,11.723008753611749,11.54645786663043,11.54645786663043,60280300,INTC
2006-03-28,11.522912979125977,11.687694570488771,11.511142624925185,11.622958744867182,72692200,INTC
2006-03-29,11.66415786743164,11.746548130163577,11.481721804603865,11.540572473333738,78986300,INTC
2006-03-30,11.59353256225586,11.787738892857913,11.564106680356991,11.711232722403475,70641700,INTC
2006-03-31,11.452288627624512,11.699460381151495,11.387553943414837,11.640610872321322,87499200,INTC
2006-04-03,11.38755989074707,11.593536646674561,11.38167471229394,11.5817662897683,73344300,INTC
2006-04-04,11.358132362365723,11.47583366950766,11.328707596821666,11.411097838331308,67093000,INTC
2006-04-05,11.464064598083496,11.493490489405623,11.346364400243926,11.381674347347499,73019400,INTC
2006-04-06,11.405213356018066,11.534685026263707,11.375788588680198,11.469949191140888,51707700,INTC
2006-04-07,11.322822570800781,11.511143766762753,11.322822570800781,11.45229311240392,54523300,INTC
2006-04-10,11.393444061279297,11.45817877357094,11.328708226504737,11.35813299368431,52152400,INTC
2006-04-11,11.275740623474121,11.452291438258795,11.252201038661427,11.434637030269952,60169600,INTC
2006-04-12,11.25220012664795,11.340475526885387,11.24042977395426,11.263969356859024,44072500,INTC
2006-04-13,11.446409225463867,11.528799469287643,11.281627615333433,11.293397970874796,77378500,INTC
2006-04-17,11.293399810791016,11.493491397661499,11.175698481167295,11.422870375390653,76273800,INTC
2006-04-18,11.411096572875977,11.464062042967857,10.946178818437257,11.33459151745589,78082100,INTC
2006-04-19,11.511137962341309,11.534678661207735,11.299277284954986,11.369897136589659,103771800,INTC
2006-04-20,11.446409225463867,11.734776201329964,11.416983336610459,11.634730424194144,127052000,INTC
2006-04-21,11.216890335083008,11.770084626839639,11.193350749520354,11.487602865191345,92182400,INTC
2006-04-24,11.128613471984863,11.32870497431686,11.122728295741853,11.140383824470886,67594200,INTC
2006-04-25,11.269858360290527,11.299284252017367,11.03445683889079,11.146272982486789,90281100,INTC
2006-04-26,11.469945907592773,11.522911371624637,11.252199997668534,11.269854404024086,85359800,INTC
2006-04-27,11.817164421081543,11.887785419750706,11.299281213277556,11.411096204319914,134460200,INTC
2006-04-28,11.758312225341797,11.928978961504484,11.717117115918402,11.764197401328358,89978400,INTC
2006-05-01,11.469945907592773,11.864243738450762,11.452290378754618,11.805393098139513,75869800,INTC
2006-05-02,11.528796195983887,11.605301240315349,11.481715909668548,11.55822095400001,52909500,INTC
2006-05-03,11.33359432220459,11.753576747765635,11.309933960221379,11.546543221263258,68692200,INTC
2006-05-04,11.440074920654297,11.505142925504916,11.36317616433219,11.404583794482395,42441200,INTC
2006-05-05,11.540628433227539,11.623441396726097,11.457815469728981,11.493306578622361,51087200,INTC
2006-05-08,11.895540237426758,11.96060706775607,11.617523416798926,11.617523416798926,102795400,INTC
2006-05-09,11.771320343017578,11.889625523647632,11.706253509088686,11.789066458584632,66287600,INTC
2006-05-10,11.582035064697266,11.818644340781791,11.53471320948036,11.74174674914508,60520500,INTC
2006-05-11,11.45190143585205,11.59386701626648,11.363171960881157,11.582036269171407,56976700,INTC
2006-05-12,11.262613296508789,11.546544439721092,11.256697923328273,11.40457886811494,66530900,INTC
2006-05-15,11.42823600769043,11.445982122224246,11.238948632296745,11.274439733122623,62462200,INTC
2006-05-16,11.27443790435791,11.445980265634589,11.197540343668013,11.39274305891021,67068600,INTC
2006-05-17,11.037835121154785,11.250784071480028,11.031919747174392,11.215291827597673,83390900,INTC
2006-05-18,11.03192138671875,11.173886998620178,10.937277645451129,11.079243257352559,76112600,INTC
2006-05-19,10.86037540435791,10.931357615962837,10.611935407256851,10.647426513059314,189166200,INTC
2006-05-22,10.653342247009277,10.913612997626236,10.629680756843214,10.724324461023572,84566300,INTC
2006-05-23,10.617850303649902,10.807137697100732,10.582358071196476,10.724323616284599,89346200,INTC
2006-05-24,10.582358360290527,10.682917431838636,10.5054607776911,10.653341698894677,108894700,INTC
2006-05-25,10.677002906799316,10.682918279505857,10.493630865864423,10.629681053388957,68212600,INTC
2006-05-26,10.77756404876709,10.830801285071695,10.653344582884475,10.724326812462484,61157600,INTC
2006-05-30,10.535039901733398,10.777564600313598,10.511379533410633,10.771649226172343,65587400,INTC
2006-05-31,10.659259796142578,10.759818893398345,10.511378837133638,10.582361065642308,76030000,INTC
2006-06-01,10.671089172363281,10.73615601876118,10.52320823235764,10.677003417110516,76997200,INTC
2006-06-02,10.783477783203125,10.830799638474897,10.623766098570133,10.68883407265958,71258300,INTC
2006-06-05,10.635601043701172,10.85446541589857,10.58236379447052,10.801228166667919,63914200,INTC
2006-06-06,10.52320384979248,10.682914341020506,10.452220531725473,10.676998970494793,82277100,INTC
2006-06-07,10.286596298217773,10.523206669684303,10.251105193794542,10.517291297573452,108997200,INTC
2006-06-08,10.120972633361816,10.268853584155568,10.085480392836992,10.197870231348036,114389700,INTC
2006-06-09,10.15054702758789,10.209699625717912,10.115055920006666,10.120971292643866,83418800,INTC
2006-06-12,9.973092079162598,10.262938618855467,9.908024097188347,10.203786010537254,64666000,INTC
2006-06-13,10.1268892288208,10.227448332624967,9.908024898808586,9.931686395347098,116064700,INTC
2006-06-14,10.487716674804688,10.558700027038883,10.345751098578408,10.345751098578408,117591300,INTC
2006-06-15,10.71840763092041,10.747983358250929,10.511374154881736,10.529119139983377,71506000,INTC
2006-06-16,10.824883460998535,10.92544253700746,10.671088288977302,10.682917905734515,83664700,INTC
2006-06-19,10.789390563964844,11.025999783477761,10.765730206134428,10.949102210226721,61509400,INTC
2006-06-20,10.736159324645996,10.889955684997979,10.688837454402492,10.813058068943178,50887900,INTC
2006-06-21,10.884037971496582,11.002343185805884,10.765733885429421,10.77756350426664,53899700,INTC
2006-06-22,10.795308113098145,10.966850536999418,10.736155514227294,10.91361331083985,45409300,INTC
2006-06-23,10.647428512573242,10.81897095794314,10.647428512573242,10.795309464136759,48909400,INTC
2006-06-26,10.813054084777832,10.842629819691687,10.718410379163135,10.736155368814662,36205800,INTC
2006-06-27,10.677002906799316,11.061494235030711,10.677002906799316,11.031917371497999,61133200,INTC
2006-06-28,11.037835121154785,11.067410862814524,10.688835954007176,10.71841282390914,65687300,INTC
2006-06-29,11.42823600769043,11.451897493735517,11.043745885391788,11.09698310075148,76666000,INTC
2006-06-30,11.23895263671875,11.428240079555268,11.20346152324744,11.40457971332178,54002100,INTC
2006-07-03,11.45190143585205,11.469646428252515,11.321765474290551,11.39866420216637,25048100,INTC
2006-07-05,11.091073989868164,11.392751337781664,11.085158615017814,11.357260216921956,51632300,INTC
2006-07-06,11.150225639343262,11.203462880118959,11.09107302423223,11.126564142001932,35026000,INTC
2006-07-07,10.978681564331055,11.209376616734685,10.943190451746698,11.067409909913009,57542500,INTC
2006-07-10,10.753902435302734,11.073324687867869,10.71249595147411,11.026002830886291,43060600,INTC
2006-07-11,11.043753623962402,11.043753623962402,10.647432480931366,10.682923606626558,76813100,INTC
2006-07-12,10.576444625854492,10.990511720641068,10.570530380943373,10.98459634748788,76732200,INTC
2006-07-13,10.481796264648438,10.69474509078131,10.464051281298408,10.535033471181656,78659200,INTC
2006-07-14,10.576444625854492,10.706580578740478,10.458140547516948,10.48180091188763,65420500,INTC
2006-07-17,10.552786827087402,10.718413930917865,10.452227715519324,10.552786827087402,63855500,INTC
2006-07-18,10.771648406982422,10.80714064913075,10.428564630577105,10.617853203975011,69040900,INTC
2006-07-19,10.937276840209961,11.026005200085558,10.677006006764874,10.795311238760544,84949400,INTC
2006-07-20,10.115056037902832,10.647427170794144,10.097309919784395,10.629681052675707,136083600,INTC
2006-07-21,10.144634246826172,10.292515215812683,9.96126216119073,10.055905891082716,82603200,INTC
2006-07-24,10.339836120605469,10.44631058890734,10.144633304799424,10.162379425597118,54838700,INTC
2006-07-25,10.375327110290527,10.511377301930285,10.239275790408758,10.339834872977711,47364300,INTC
2006-07-26,10.351666450500488,10.493632026432584,10.203785501207623,10.404903682505287,58194900,INTC
2006-07-27,10.333921432495117,10.576446124940464,10.304345690779236,10.493633145542216,54399100,INTC
2006-07-28,10.753902435302734,10.801224292284312,10.398987943819865,10.410818690125776,67306400,INTC
2006-07-31,10.647428512573242,10.742072231314523,10.63559776567005,10.694750371943883,42813200,INTC
2006-08-01,10.446306228637695,10.582356379906482,10.351662547038393,10.582356379906482,39658000,INTC
2006-08-02,10.404903411865234,10.523208619519153,10.387157292244522,10.446309896071481,41676800,INTC
2006-08-03,10.30971908569336,10.410853132943961,10.244279074327398,10.404903937847697,58432000,INTC
2006-08-04,10.40490436553955,10.511987612288056,10.268076276780013,10.476293574936218,52987200,INTC
2006-08-07,10.303766250610352,10.404900262133584,10.268072227335251,10.33946027388545,32853500,INTC
2006-08-08,10.327566146850586,10.500088257114847,10.285922917983106,10.381107765306743,45404900,INTC
2006-08-09,10.351361274719238,10.607170964644391,10.315667242427512,10.476292089779516,56902300,INTC
2006-08-10,10.55958080291748,10.60122403861753,10.291872666712766,10.333517037105889,56529900,INTC
2006-08-11,10.357309341430664,10.583374168945788,10.32756450687522,10.506035783593303,41429700,INTC
2006-08-14,10.630969047546387,10.732103097030796,10.42870094857757,10.434650143805237,61408800,INTC
2006-08-15,10.785645484924316,10.815391466303343,10.67261415976352,10.809442270027537,49983300,INTC
2006-08-16,11.07120132446289,11.118793760370645,10.785645574323196,10.868933188181646,68487700,INTC
2006-08-17,11.041454315185547,11.124741921292241,10.9105754122937,11.112843529749417,63929800,INTC
2006-08-18,10.946268081665039,11.02360648231691,10.904624851172308,10.94626808166504,61895700,INTC
2006-08-21,10.85703182220459,10.916522634470311,10.755897781760723,10.886776660991018,55186800,INTC
2006-08-22,10.910575866699219,10.952219104140394,10.755900174279763,10.80944180375931,67402200,INTC
2006-08-23,10.934365272521973,11.041448470336185,10.851078845196461,10.993856064051254,58397100,INTC
2006-08-24,11.041454315185547,11.047403510956958,10.892727824979463,10.934371060686274,48177800,INTC
2006-08-25,11.2437162399292,11.30320703018445,10.964111000829707,10.976009385819246,67059700,INTC
2006-08-28,11.529277801513672,11.570922174730967,11.31511241271903,11.33890806272148,68405300,INTC
2006-08-29,11.707743644714355,11.71964203031613,11.428137256535194,11.576863672479854,74624700,INTC
2006-08-30,11.80293083190918,11.898115666465486,11.63635680408928,11.678000027371072,70874700,INTC
2006-08-31,11.642309188842773,11.802934066688076,11.618513541028493,11.791035675434415,46176100,INTC
2006-09-01,11.826726913452148,11.868371272976885,11.630408043035201,11.838625301887788,68302800,INTC
2006-09-05,11.89216423034668,11.910011808970818,11.6839470185018,11.868368593540346,80198200,INTC
2006-09-06,11.487630844116211,11.791032942606295,11.463835201817089,11.678000521280316,76688700,INTC
2006-09-07,11.434085845947266,11.600659831504299,11.338901035541086,11.440035038434207,76842800,INTC
2006-09-08,11.570916175842285,11.624457778955833,11.422189752680778,11.457883776525623,49942000,INTC
2006-09-11,11.541171073913574,11.636355901083334,11.374598193712815,11.451935440278504,57210500,INTC
2006-09-12,11.74939250946045,11.820781722706922,11.493582769475738,11.529276808752451,58584500,INTC
2006-09-13,11.796984672546387,11.89216953158786,11.660156579510895,11.76723982960581,63946600,INTC
2006-09-14,11.767239570617676,11.791035217507808,11.600665503614755,11.749391984430329,53450900,INTC
2006-09-15,11.606611251831055,11.874318156973969,11.594712864573326,11.850522517151173,71462900,INTC
2006-09-18,11.689902305603027,11.749393130671633,11.564972594182757,11.57686985144199,54073800,INTC
2006-09-19,11.55307388305664,11.719647961708214,11.445990627830135,11.68990198264914,62041700,INTC
2006-09-20,11.594709396362305,11.713690963964481,11.564964571807922,11.606607780060987,60897400,INTC
2006-09-21,11.416243553161621,11.69584889353412,11.386497579913787,11.570919209971787,59113600,INTC
2006-09-22,11.344854354858398,11.517377595659825,11.321058710947117,11.41029436132692,48765500,INTC
2006-09-25,11.547125816345215,11.60661664558741,11.321062026856696,11.404348506979856,55961500,INTC
2006-09-26,11.874320983886719,11.88621937397709,11.493581578538299,11.535224809161665,95999900,INTC
2006-09-27,12.130131721496582,12.34429822243334,11.927863611654763,11.933812807202232,131829700,INTC
2006-09-28,12.35619831085205,12.391892354346988,12.165828565954802,12.171776627626306,98036700,INTC
2006-09-29,12.23720645904541,12.463271193813199,12.207461636693342,12.43352523676889,73305600,INTC
2006-10-02,12.159871101379395,12.344291524513675,12.136074332101469,12.23125913982835,51710400,INTC
2006-10-03,12.23720645904541,12.36808640065589,11.999244476152139,12.13607247447924,80567600,INTC
2006-10-04,12.385939598083496,12.421633631319452,12.189620713246459,12.19556990790126,78890600,INTC
2006-10-05,12.362141609191895,12.481122075640048,12.290752421568888,12.37403886155186,53715500,INTC
2006-10-06,12.272908210754395,12.314552576872789,12.1420293213183,12.261010955127807,63556800,INTC
2006-10-09,12.266960144042969,12.36809419232168,12.171774156228047,12.2074693271685,46476300,INTC
2006-10-10,12.427583694458008,12.50492209568226,12.147978334299639,12.213418345382786,73980400,INTC
2006-10-11,12.427583694458008,12.659597763437827,12.338348037785588,12.350246427926693,106865400,INTC
2006-10-12,12.784523963928223,12.820217989909283,12.463275460713419,12.558460286457999,81941100,INTC
2006-10-13,12.849968910217285,12.998695399607087,12.719088873350701,12.73098726482822,78944400,INTC
2006-10-16,12.85591983795166,13.105780419176359,12.826173855250374,13.046289588467008,93626600,INTC
2006-10-17,12.433531761169434,12.62985064190974,12.391888534147675,12.606054998479951,117951400,INTC
2006-10-18,12.55846118927002,12.867811327832388,12.51086877297637,12.849964880905212,115013500,INTC
2006-10-19,12.510868072509766,12.606052899767795,12.272904869672047,12.493020491889142,73635800,INTC
2006-10-20,12.68934154510498,12.760730745300874,12.522767501109794,12.600105895879748,61151200,INTC
2006-10-23,12.760729789733887,12.84996543227685,12.564410922262262,12.659595758933792,53105200,INTC
2006-10-24,12.861867904663086,12.99274681297225,12.760733841749104,12.766681903073646,62841600,INTC
2006-10-25,12.921354293823242,12.992743493100864,12.808323002448514,12.820220256750762,53309500,INTC
2006-10-26,12.95110034942627,12.986794381947735,12.855915506240464,12.939201960354834,44042700,INTC
2006-10-27,12.552515029907227,12.951102038232811,12.433533393063504,12.897560415122435,99919800,INTC
2006-10-30,12.647697448730469,12.689340673194664,12.46922502785036,12.504920192842041,41171900,INTC
2006-10-31,12.69528865814209,12.748830265837043,12.606053023548052,12.683390270944843,55491300,INTC
2006-11-01,12.504919052124023,12.742881123564137,12.46922389038851,12.71313629014387,57883600,INTC
2006-11-02,12.302650451660156,12.445427688070845,12.237210459462196,12.278853678245403,68204800,INTC
2006-11-03,12.260805130004883,12.368408671714937,12.165157790752888,12.350474368027854,47924400,INTC
2006-11-06,12.446125030517578,12.499926815738212,12.147226730494749,12.207006618540621,47833000,INTC
2006-11-07,12.434167861938477,12.655353088517185,12.392322285608936,12.42221279742035,48489800,INTC
2006-11-08,12.38036823272705,12.493949916939279,12.254831481918776,12.386346336128394,52943400,INTC
2006-11-09,12.206999778747559,12.535787268464743,12.183087380845128,12.44611805674241,52833700,INTC
2006-11-10,12.30264949798584,12.338516961654058,12.207002168066515,12.248847732380455,31864200,INTC
2006-11-13,12.553725242614746,12.595570810990466,12.302650692154202,12.320584995832178,45829100,INTC
2006-11-14,13.079790115356445,13.109680631786283,12.619487564403123,12.655355043912312,74391100,INTC
2006-11-15,13.342818260192871,13.372708770577065,13.008052525334596,13.109677980228085,104300100,INTC
2006-11-16,13.348793029785156,13.396616694254453,13.187387734623995,13.348793029785156,65568900,INTC
2006-11-17,13.21130657196045,13.450425010777384,13.055879301677779,13.265108363220092,56835000,INTC
2006-11-20,13.312929153442383,13.36075283079701,12.852625546275085,13.073810766669244,65794500,INTC
2006-11-21,12.894471168518066,13.312929202053843,12.780889506808686,13.26510552452459,87522600,INTC
2006-11-22,12.990118026733398,13.055876008398428,12.87653750957463,13.037941702433502,41640800,INTC
2006-11-24,12.90642261505127,13.002069934849777,12.804797195239606,12.828708455086238,23076000,INTC
2006-11-27,12.565682411193848,12.846646349180368,12.523836839600783,12.834690145809118,52691900,INTC
2006-11-28,12.541773796081543,12.631443068062122,12.410258939857139,12.499928211837718,53901800,INTC
2006-11-29,12.697197914123535,12.822735775896158,12.613506766412703,12.679263608097054,55212100,INTC
2006-11-30,12.792851448059082,12.846653251932132,12.595578547260201,12.69720405010853,47485000,INTC
2006-12-01,12.511882781982422,12.79284676815348,12.314609953350296,12.74502308667316,65117600,INTC
2006-12-04,12.6852388381958,12.82273287285773,12.440142412355046,12.607525810087852,62659300,INTC
2006-12-05,12.625463485717773,12.79284578797087,12.61948538346496,12.679264125580255,33748700,INTC
2006-12-06,12.493947982788086,12.679264598714827,12.452102405663318,12.637419021590059,46963900,INTC
2006-12-07,12.344497680664062,12.703175814043018,12.338519578750338,12.559704788732706,55815100,INTC
2006-12-08,12.362430572509766,12.464056013007427,12.278739435702125,12.350474370049755,41723600,INTC
2006-12-11,12.374390602111816,12.505905449228097,12.314610711529296,12.326566917687115,37802100,INTC
2006-12-12,12.39232349395752,12.45808148614811,12.236896238002108,12.362434119438097,45888000,INTC
2006-12-13,12.374390602111816,12.487971139991368,12.350478189796178,12.481993036912458,47987600,INTC
2006-12-14,12.41623592376709,12.637420032027707,12.201028778253795,12.39232351195159,49471000,INTC
2006-12-15,12.52981185913086,12.673283996937027,12.470033131952114,12.547746161408163,81300400,INTC
2006-12-18,12.45808219909668,12.733068109073171,12.350478620338361,12.583618947510308,48970900,INTC
2006-12-19,12.350480079650879,12.386347563406156,12.230920280190952,12.344501975657208,47440100,INTC
2006-12-20,12.31460952758789,12.517860451903722,12.29667522007539,12.3743894124231,30772600,INTC
2006-12-21,12.177115440368652,12.35645393772761,12.081466949543335,12.31460836435761,48988800,INTC
2006-12-22,12.003754615783691,12.212983635233702,12.003754615783691,12.171138059384985,35337100,INTC
2006-12-26,12.045598030090332,12.129290306975895,11.973863095852677,11.973863095852677,30535300,INTC
2006-12-27,12.195048332214355,12.254828210060797,12.087444780132028,12.111357187353137,31892600,INTC
2006-12-28,12.206999778747559,12.242867235395314,12.15319802367298,12.195043579796343,29665000,INTC
2006-12-29,12.105375289916992,12.272758667362837,12.093419090055296,12.159177049088658,37099300,INTC
2007-01-03,12.165156364440918,12.481987710988719,12.039618533762551,12.224936229516041,69001200,INTC
2007-01-04,12.655354499816895,12.751001867866943,12.290698196496978,12.332543777493052,88902300,INTC
2007-01-05,12.613509178161621,12.643398553714341,12.410258231824672,12.607531075009758,64550800,INTC
2007-01-08,12.559704780578613,12.756977582778012,12.52383730932591,12.703175805795778,52839100,INTC
2007-01-09,12.571662902832031,12.679265333010253,12.47003743526938,12.66133216475048,54381000,INTC
2007-01-10,12.864584922790527,12.92436481927583,12.57166468423991,12.607532166048415,76346900,INTC
2007-01-11,13.10369873046875,13.181411770248417,12.57166023449873,12.918382143143173,99263900,INTC
2007-01-12,13.229239463806152,13.24119567054702,12.924364173360445,13.025989650244558,90707700,INTC
2007-01-16,13.33086109161377,13.33086109161377,13.020007787551632,13.211302479345655,132197800,INTC
2007-01-17,12.577640533447266,12.852626411700822,12.4222132865275,12.703177267378718,192479200,INTC
2007-01-18,12.344497680664062,12.493946807888097,12.25482843237091,12.487968705974373,101259500,INTC
2007-01-19,12.446125030517578,12.47601554464378,12.314610188981884,12.326566394632364,64459100,INTC
2007-01-22,12.428191184997559,12.565684121866076,12.344498890211382,12.505904237077797,77064300,INTC
2007-01-23,12.284720420837402,12.481993265223476,12.230918632349693,12.464060095865303,66796000,INTC
2007-01-24,12.45808219909668,12.481993472039298,12.296676830959202,12.314611140821127,55953800,INTC
2007-01-25,12.31460952758789,12.57764033673893,12.314609527587892,12.476014874581015,57199100,INTC
2007-01-26,12.272762298583984,12.493946360438668,12.260806095184728,12.368409645365412,62234300,INTC
2007-01-29,12.487968444824219,12.637417568922952,12.374387931457738,12.434166668932168,99681400,INTC
2007-01-30,12.511882781982422,12.631441415579966,12.446124792369545,12.607530144943059,61693700,INTC
2007-01-31,12.52981185913086,12.565680463685469,12.368407699459656,12.52981185913086,47840000,INTC
2007-02-01,12.619483947753906,12.637417112265682,12.476012930628254,12.541769767515248,50473200,INTC
2007-02-02,12.691217422485352,12.703173624251772,12.571658825439618,12.637415654742616,55291300,INTC
2007-02-05,12.789182662963867,12.867311561433285,12.72307280143052,12.753122113232351,63384700,INTC
2007-02-06,12.807212829589844,12.915392194937164,12.668984150005096,12.84327338224419,56861600,INTC
2007-02-07,12.927414894104004,13.023574093940386,12.765145814514579,12.849284827794392,57645400,INTC
2007-02-08,12.837262153625488,12.87332155677956,12.729082797855513,12.801201604163658,40270500,INTC
2007-02-09,12.638935089111328,12.945442914969968,12.5728252208944,12.873322954523513,80404400,INTC
2007-02-12,12.500704765319824,12.608884128550796,12.470655451670261,12.578834814901233,48013400,INTC
2007-02-13,12.542778015136719,12.5908576147497,12.440608722670627,12.554797055308908,55316100,INTC
2007-02-14,12.705038070678711,12.801197210289143,12.584839719319355,12.596858752040134,56559400,INTC
2007-02-15,12.807212829589844,12.831253198026076,12.699033464242525,12.747113054807127,44728000,INTC
2007-02-16,12.759129524230957,12.861298767722852,12.711049947664625,12.777159795308654,47511800,INTC
2007-02-20,12.729077339172363,12.813216292552662,12.5607982861045,12.65695741748406,47945200,INTC
2007-02-21,12.548779487609863,12.61488932756608,12.458630435319725,12.602869148245425,69355500,INTC
2007-02-22,12.602872848510742,12.662972616452219,12.48868455036044,12.620903122785505,52430400,INTC
2007-02-23,12.476665496826172,12.620904265156739,12.470655404857252,12.518734994300775,75768100,INTC
2007-02-26,12.530754089355469,12.620903168439922,12.33242565684658,12.506713723568824,72228200,INTC
2007-02-27,12.037939071655273,12.380506288926057,12.025918887745602,12.314396423730702,99034300,INTC
2007-02-28,11.935770034790039,12.140108580024895,11.899709482354815,12.049958345244688,102774400,INTC
2007-03-01,11.773499488830566,11.899707967362257,11.623250645069387,11.73142999598667,108287900,INTC
2007-03-02,11.551126480102539,11.779505281204953,11.53910744818185,11.725415625486344,95602100,INTC
2007-03-05,11.485023498535156,11.69537099049467,11.35881385705159,11.40689344754346,88237400,INTC
2007-03-06,11.659311294555664,11.659311294555664,11.509062434712659,11.623251889159535,66882600,INTC
2007-03-07,11.491031646728516,11.689360067245277,11.466991282395496,11.635270393803644,68343100,INTC
2007-03-08,11.55714225769043,11.611231940032209,11.515072759493014,11.587192718051336,46507200,INTC
2007-03-09,11.479007720947266,11.671325987660584,11.448957275331253,11.63526659922866,51056700,INTC
2007-03-12,11.707391738891602,11.803550924509397,11.473003867236718,11.485024052015921,68184600,INTC
2007-03-13,11.491031646728516,11.713399285270631,11.491031646728517,11.593200902528524,66226600,INTC
2007-03-14,11.55714225769043,11.563152349762612,11.394873210665097,11.533103035709559,70074300,INTC
2007-03-15,11.503050804138184,11.599209969871033,11.42492191184562,11.545120295857846,52048300,INTC
2007-03-16,11.509061813354492,11.551131308430008,11.448962043400426,11.509061813354492,56509100,INTC
2007-03-19,11.485023498535156,11.58719277161886,11.38886431755142,11.539113181126991,59139800,INTC
2007-03-20,11.41290283203125,11.497041823598348,11.370833336247701,11.442953290667917,62861900,INTC
2007-03-21,11.623255729675293,11.635275917548281,11.364827421947089,11.44896644444159,61537800,INTC
2007-03-22,11.515069007873535,11.605218066969906,11.485019703610572,11.563148582478766,50898400,INTC
2007-03-23,11.581180572509766,11.635270245260855,11.515070717745623,11.533100990765202,37566600,INTC
2007-03-26,11.593204498291016,11.623253816719759,11.448964560170587,11.575174219448957,39226400,INTC
2007-03-27,11.454973220825195,11.581182864322718,11.44295418274133,11.569162679930978,50285100,INTC
2007-03-28,11.334775924682617,11.448964248651267,11.334775924682617,11.406894745472503,50042600,INTC
2007-03-29,11.473002433776855,11.479012525415545,11.26866390329253,11.424922846975118,71000900,INTC
2007-03-30,11.497039794921875,11.52709024825608,11.358811148507293,11.466990487895256,60162400,INTC
2007-04-02,11.497039794921875,11.563149645949538,11.436941180868638,11.509059976255557,54240600,INTC
2007-04-03,11.605220794677734,11.659310472110368,11.53310198897272,11.5511311172451,53274700,INTC
2007-04-04,11.647294998168945,11.68335556190883,11.557145881435662,11.629265862607216,49475500,INTC
2007-04-05,11.767488479614258,11.76748847961426,11.575170158010746,11.593200430526432,36683100,INTC
2007-04-09,12.080009460449219,12.164148461410102,11.929760589414546,11.94778972030164,117593100,INTC
2007-04-10,12.428584098815918,12.464643499074356,12.061976566214193,12.080006839497244,94796500,INTC
2007-04-11,12.302375793457031,12.458634739689748,12.272326481080958,12.374495747990512,90710100,INTC
2007-04-12,12.320406913757324,12.350456228194561,12.170158048955406,12.248286954276942,63681100,INTC
2007-04-13,12.296361923217773,12.308382102997681,12.170153474451036,12.266312620075436,44046400,INTC
2007-04-16,12.434591293334961,12.458630505804884,12.254292041427242,12.266312220815902,56647300,INTC
2007-04-17,12.608884811401367,12.620904996035296,12.416566442490094,12.422576534807058,104587400,INTC
2007-04-18,12.831254959106445,12.909383874631613,12.620906291650664,12.81322468030463,112621700,INTC
2007-04-19,13.107707977294922,13.16179764932248,12.705041055705115,12.717061237557381,97553200,INTC
2007-04-20,13.318056106567383,13.342096469427288,13.017558448664134,13.251946255010239,120196700,INTC
2007-04-23,13.16780948638916,13.300028065374251,13.095690678327397,13.239929440758711,55767600,INTC
2007-04-24,13.185839653015137,13.275988735504145,13.065640112157944,13.191849744688774,85220200,INTC
2007-04-25,13.378156661987305,13.402195879967394,13.101698204216486,13.215887641967976,68950800,INTC
2007-04-26,13.275986671447754,13.354115558442562,13.221897001102274,13.30002588809708,62587700,INTC
2007-04-27,13.143769264221191,13.275987833130944,13.113718807895545,13.17381857423914,48819400,INTC
2007-04-30,12.921401977539062,13.131750611086149,12.909381793608867,13.0896811136383,60430900,INTC
2007-05-01,13.101696968078613,13.11972723959328,12.891349531945272,12.95745823488394,60719800,INTC
2007-05-02,13.179830551147461,13.263969548281674,13.071651185513266,13.107710591955376,68653800,INTC
2007-05-03,13.133313179016113,13.36891502712113,13.115189516759942,13.356833737862058,71127400,INTC
2007-05-04,13.229974746704102,13.302468267265526,13.175604894344385,13.26018086037362,53037600,INTC
2007-05-07,13.266215324401855,13.368913762985802,13.199764206902785,13.24205159592354,36978500,INTC
2007-05-08,13.380996704101562,13.411202806136021,13.169558598840258,13.278298261674356,49529000,INTC
2007-05-09,13.574312210083008,13.598477093601032,13.260176790064138,13.314546625734629,72643900,INTC
2007-05-10,13.417242050170898,13.713256070701647,13.320584834087557,13.507859198463322,65528600,INTC
2007-05-11,13.459534645080566,13.532027002858804,13.374958691345622,13.483698380258229,46752400,INTC
2007-05-14,13.362875938415527,13.556190407675514,13.284341215125453,13.507861790360517,50199300,INTC
2007-05-15,13.296426773071289,13.507864955459516,13.229974476600457,13.338714179099854,57409000,INTC
2007-05-16,13.39911937713623,13.435365544659447,13.236009894914417,13.320584669883555,60776000,INTC
2007-05-17,13.429327964782715,13.568272604820741,13.399123009033648,13.471615363729487,58022700,INTC
2007-05-18,13.713255882263184,13.74346082978233,13.598475007649618,13.707214662310374,68319300,INTC
2007-05-21,13.67096996307373,13.828038255219239,13.610560056455936,13.713258510849341,51141900,INTC
2007-05-22,13.88845157623291,13.942821422840773,13.707219522370233,13.828040507530252,66447600,INTC
2007-05-23,13.695134162902832,13.979064627446272,13.683051721285226,13.888448619804327,63578800,INTC
2007-05-24,13.272262573242188,13.743467591176605,13.181646533859345,13.725343922401855,86970900,INTC
2007-05-25,13.387036323547363,13.471611094639565,13.314543991824003,13.362872597054523,38037600,INTC
2007-05-29,13.471611976623535,13.550146685417808,13.362873471919404,13.393078420074177,48537900,INTC
2007-05-30,13.33870792388916,13.47161130226015,13.199763325740646,13.332666704111636,58288200,INTC
2007-05-31,13.39911937713623,13.405160597097582,13.24205111487577,13.374954497290826,49304200,INTC
2007-06-01,13.507861137390137,13.652846982326507,13.483696253778206,13.495778695584171,48706100,INTC
2007-06-04,13.387036323547363,13.616598062575964,13.362872597054523,13.435364928777885,48184200,INTC
2007-06-05,13.266215324401855,13.435366032729807,13.205805427083597,13.362873695049922,55921800,INTC
2007-06-06,12.98228645324707,13.272258143387075,12.964162790521417,13.21788830745519,69039300,INTC
2007-06-07,12.873547554016113,13.066862025711623,12.861466263719,12.87958877528724,65427200,INTC
2007-06-08,13.187689781188965,13.217894748204772,12.897717949752936,12.958129036030185,60978800,INTC
2007-06-11,13.248096466064453,13.338712489252238,13.103110598514949,13.139356777341012,42220000,INTC
2007-06-12,13.411203384399414,13.592435395440612,13.193724049353955,13.205806490688708,59703700,INTC
2007-06-13,13.695134162902832,13.821996343152543,13.41120369835939,13.453491091775962,75402700,INTC
2007-06-14,14.033439636230469,14.214672870575207,13.670974319786469,13.677015542822508,85675800,INTC
2007-06-15,14.643588066101074,14.649629288613246,14.377780036792375,14.486519737520723,159229100,INTC
2007-06-18,14.601292610168457,14.685867374216835,14.383813328621496,14.607333829349734,56919200,INTC
2007-06-19,14.559011459350586,14.770449612211067,14.474435506859253,14.522765280994435,67154400,INTC
2007-06-20,14.462349891662598,14.710034148827363,14.438185011819746,14.63149944158299,62999600,INTC
2007-06-21,14.67379093170166,14.728159617789961,14.371736786402689,14.420065403560718,56127800,INTC
2007-06-22,14.317366600036621,14.637543248833662,14.31132537900808,14.61337951696459,70452900,INTC
2007-06-25,14.18445873260498,14.432142975763934,14.075719083950839,14.347568205586192,50088600,INTC
2007-06-26,14.124048233032227,14.329445099018777,14.099884505869326,14.244870325581328,49305100,INTC
2007-06-27,14.371733665466309,14.40797983240241,14.063638365897292,14.069679585760786,50784400,INTC
2007-06-28,14.450271606445312,14.601298692151369,14.414025428504521,14.577133805360694,47660000,INTC
2007-06-29,14.341532707214355,14.631504451140197,14.226751793151728,14.474436135119046,50633200,INTC
2007-07-02,14.661705017089844,14.67982752407904,14.414020768782168,14.42610205602668,48790600,INTC
2007-07-03,14.855023384094238,14.861064605442923,14.655667688568274,14.68587264306654,29204400,INTC
2007-07-05,14.861058235168457,14.91542805175554,14.758359820753373,14.788564762304125,36687300,INTC
2007-07-06,14.909388542175293,15.012086968363494,14.806690115987092,14.812731335438727,51408200,INTC
2007-07-09,15.078539848327637,15.114787169293518,14.975842562325763,14.987923850402794,76331300,INTC
2007-07-10,15.084579467773438,15.211442773201934,14.951676095069836,14.969799753629566,64931900,INTC
2007-07-11,14.842933654785156,15.042289252444563,14.770441338678785,14.993960657625452,56054600,INTC
2007-07-12,15.706814765930176,15.706814765930178,14.842939769444808,14.951679440645073,134702600,INTC
2007-07-13,15.688691139221191,15.706814801877737,15.51350034252153,15.585992688657575,64189600,INTC
2007-07-16,15.676610946655273,15.730980786184332,15.60411744320148,15.664528504038783,50045600,INTC
2007-07-17,15.906180381774902,16.020961345546688,15.694742128167649,15.743070773085382,122061900,INTC
2007-07-18,15.13895034790039,15.308101049530102,14.987923306095432,15.07853930072943,134435700,INTC
2007-07-19,15.25977897644043,15.296025159365575,15.157080497948039,15.181244235816342,62612300,INTC
2007-07-20,14.830855369567871,15.283936504918152,14.788567981294365,15.271855217014943,95624900,INTC
2007-07-23,14.933560371398926,15.084587482909923,14.842944334941413,14.873150448590863,56431300,INTC
2007-07-24,14.81877613067627,15.042295543098247,14.746282632008693,14.746282632008693,68543100,INTC
2007-07-25,14.800657272338867,14.933560718751508,14.722123679514452,14.909396979515321,50743000,INTC
2007-07-26,14.498600006103516,14.764407995510737,14.275079415688197,14.703996931702932,86328700,INTC
2007-07-27,14.220705032348633,14.52879914515441,14.214663813161987,14.432141942657552,79410500,INTC
2007-07-30,14.407983779907227,14.589215816486613,14.226750591082652,14.269039141713352,69472300,INTC
2007-07-31,14.26904010772705,14.607340469959253,14.250916441944065,14.559011846783225,61619000,INTC
2007-08-01,14.377776145935059,14.474433375482063,14.027393400765904,14.232790301614553,92766600,INTC
2007-08-02,14.679830551147461,14.758365271777793,14.250914231033649,14.359653904370978,74873100,INTC
2007-08-03,14.511719703674316,14.863739627333402,14.493511357446975,14.7302152278865,77219000,INTC
2007-08-06,14.645236015319824,14.687722133054086,14.432811214790226,14.596681609823296,64096700,INTC
2007-08-07,14.645236015319824,14.760553162484708,14.4146028786184,14.590613322061028,59835600,INTC
2007-08-08,14.979049682617188,15.033673537576153,14.67558433623557,14.766623708624369,75754600,INTC
2007-08-09,14.517783164978027,15.015466180313979,14.517783164978027,14.760555226406723,71677400,INTC
2007-08-10,14.554200172424316,14.77269562885763,14.262873668932313,14.475299678505966,68821100,INTC
2007-08-13,14.578475952148438,14.760554702348314,14.542059276005693,14.681654219295957,50460400,INTC
2007-08-14,14.444945335388184,14.796964976608054,14.432807605270847,14.602747403194064,55469500,INTC
2007-08-15,14.092924118041992,14.560260825320876,14.086854674848093,14.432805991132774,63242900,INTC
2007-08-16,14.020101547241211,14.317497496840954,13.40710130750878,14.099002040960075,118374800,INTC
2007-08-17,14.384256362915039,14.566335088469588,14.165760966146939,14.505641794075304,94355000,INTC
2007-08-20,14.63310432434082,14.742352071224722,14.359984957131068,14.444954912427962,57345400,INTC
2007-08-21,14.499570846557617,14.596679644475609,14.390323159492834,14.511709735704413,58065500,INTC
2007-08-22,14.657376289367676,14.68772351918469,14.529921397021562,14.62703021717911,51215500,INTC
2007-08-23,14.7059326171875,14.760556480352953,14.566338814710718,14.742349297716869,38610600,INTC
2007-08-24,15.045808792114258,15.100431476240402,14.608818058079924,14.681650232961696,51695900,INTC
2007-08-27,14.839455604553223,14.997256562805074,14.790901196407638,14.997256562805074,45799500,INTC
2007-08-28,14.542058944702148,14.875871522634807,14.523851764674042,14.718069402496749,56189600,INTC
2007-08-29,15.227884292602539,15.29464700907771,14.699854319157248,14.742340420859206,82168400,INTC
2007-08-30,15.34321403503418,15.549570639915764,15.106510189653033,15.118649085852859,68903300,INTC
2007-08-31,15.628461837768555,15.658807902557616,15.494937532017255,15.513144707839425,56843900,INTC
2007-09-04,15.88943862915039,16.041171234611905,15.628458362536119,15.670943306844876,77887400,INTC
2007-09-05,15.774123191833496,15.901579195856913,15.652737789213326,15.774123191833496,59594700,INTC
2007-09-06,15.871240615844727,15.919795034847024,15.707369017601227,15.792340119076743,49595300,INTC
2007-09-07,15.458529472351074,15.622401091762526,15.33107454011693,15.592055010076916,65685000,INTC
2007-09-10,15.385686874389648,15.91371570853582,15.31892415559703,15.731637039718786,107382200,INTC
2007-09-11,15.573835372924805,15.713429099656565,15.33106342260262,15.482796036257483,61962300,INTC
2007-09-12,15.452455520629883,15.689159287776151,15.373555036666778,15.482802751099136,60821100,INTC
2007-09-13,15.385686874389648,15.561696099895725,15.324993598907989,15.519211154346946,65045000,INTC
2007-09-14,15.130779266357422,15.288581353170743,14.930492224945937,15.136848710961187,66854900,INTC
2007-09-17,15.08222484588623,15.221818598691398,15.027601002157565,15.09436373507664,46370300,INTC
2007-09-18,15.422102928161621,15.47065731875779,15.106498810472527,15.142915471640643,72076600,INTC
2007-09-19,15.58597469329834,15.646667971973777,15.43424207542375,15.555627475146618,69117900,INTC
2007-09-20,15.664881706237793,15.755921083567424,15.464594613061207,15.48280295157853,51971400,INTC
2007-09-21,15.70129108428955,15.810537591723122,15.634528365056854,15.7862609759472,70411400,INTC
2007-09-24,15.768061637878418,15.925863782108879,15.670952804140997,15.768061637878416,50334900,INTC
2007-09-25,15.71342945098877,15.883370398827948,15.634528999480436,15.677013947033231,50665900,INTC
2007-09-26,15.725574493408203,15.998693774047709,15.658811745334447,15.768059457590248,68642200,INTC
2007-09-27,15.634530067443848,15.840886533334361,15.59811456100084,15.834817089322513,47541400,INTC
2007-09-28,15.69522476196289,15.792333559632741,15.579907630619378,15.610253695780637,44063300,INTC
2007-10-01,16.0047550201416,16.114001518797583,15.695220379880013,15.804468036163852,54672800,INTC
2007-10-02,16.010822296142578,16.132208830501494,15.877298034450002,15.950130186590908,45948000,INTC
2007-10-03,15.664881706237793,15.810544941490901,15.519218470984683,15.713436117988829,76290500,INTC
2007-10-04,15.537426948547363,15.677020738877264,15.39783315821746,15.658812400196995,44415700,INTC
2007-10-05,15.501007080078125,15.743779072897308,15.470659857458118,15.658808007189462,72211600,INTC
2007-10-08,15.573835372924805,15.634528649912344,15.458518262411278,15.47672659279593,34606900,INTC
2007-10-09,15.683090209960938,15.69522910243369,15.507079741991529,15.585981385435918,43878600,INTC
2007-10-10,15.707364082336426,15.737711308195657,15.555631425925174,15.707364082336428,38317200,INTC
2007-10-11,15.434240341186523,15.889438143662911,15.270368854464333,15.701290042775142,91274900,INTC
2007-10-12,15.507073402404785,15.585975013592694,15.373549112677281,15.537420621180145,48670300,INTC
2007-10-15,15.628461837768555,15.822679430726144,15.51921415232287,15.561699106078821,74615900,INTC
2007-10-16,15.464587211608887,15.768052429219555,15.337132375873816,15.610250377146654,107955700,INTC
2007-10-17,16.217185974121094,16.374988076420678,15.931928995518943,16.25967209051692,187866100,INTC
2007-10-18,16.36892318725586,16.374992634144597,16.065457788590635,16.089735576145593,66200000,INTC
2007-10-19,15.962274551391602,16.29608708087136,15.944067374006268,16.29001763586683,80777400,INTC
2007-10-22,16.168638229370117,16.198985467865953,15.68916343742376,15.749856756786647,62800500,INTC
2007-10-23,16.265735626220703,16.277874513073257,15.877300507962621,16.15648911743159,67310100,INTC
2007-10-24,15.78626823425293,16.01690139949187,15.452455642235023,15.980485880270665,89794300,INTC
2007-10-25,15.71342945098877,15.931924789977998,15.494935269627538,15.889439842425203,57691300,INTC
2007-10-26,15.743782043457031,16.05331682681553,15.646673228006724,15.937999674357641,61642300,INTC
2007-10-29,15.937996864318848,15.992620708082429,15.780194777627194,15.810540842994433,53264600,INTC
2007-10-30,15.944069862365723,16.004763164255078,15.840891596442354,15.846961042394135,41449000,INTC
2007-10-31,16.32642936706543,16.32642936706543,15.99261807252462,16.00475695972232,64819100,INTC
2007-11-01,16.083667755126953,16.435687606858544,16.083667755126953,16.205054389915258,86590500,INTC
2007-11-02,16.265735626220703,16.36284440578522,16.022963677309402,16.235389566717277,58633800,INTC
2007-11-05,16.35899543762207,16.47480087175485,16.11519544144523,16.200525149474604,55392500,INTC
2007-11-06,16.755170822143555,16.77345625807343,16.432135095896342,16.432135095896342,69334400,INTC
2007-11-07,16.395565032958984,16.785646186672654,16.37728075995355,16.602795318907788,71488100,INTC
2007-11-08,15.804352760314941,16.438232860669327,15.414272698558399,16.38947285294976,91404900,INTC
2007-11-09,15.328933715820312,15.633683893719443,15.237508894956509,15.456929395053377,71692500,INTC
2007-11-12,15.463031768798828,15.584931199442194,15.29846631677356,15.487411189915417,72660600,INTC
2007-11-13,15.932341575622559,15.932341575622559,15.414267117142726,15.597116789249743,62116600,INTC
2007-11-14,15.75558090209961,16.163946095549637,15.706820931054654,16.151755812156047,63262500,INTC
2007-11-15,15.56054973602295,15.88358428923369,15.408174595820126,15.74949458436603,67012000,INTC
2007-11-16,15.548347473144531,15.712912776850986,15.341117349039182,15.560537753981121,80440400,INTC
2007-11-19,15.341127395629883,15.603212792605087,15.29846254729065,15.511787951516741,52318600,INTC
2007-11-20,15.554454803466797,15.69463965536184,15.18265908428161,15.450839660211749,74694200,INTC
2007-11-21,15.011996269226074,15.41426765443722,14.957142295705818,15.377696788717175,69533000,INTC
2007-11-23,15.280174255371094,15.298459685179806,14.963233780531676,15.103419750672382,36581600,INTC
2007-11-26,14.85352611541748,15.432550831264754,14.823050396143525,15.261891453449897,53157500,INTC
2007-11-27,15.304559707641602,15.335034271175234,14.926668842162146,15.085139130103203,62931100,INTC
2007-11-28,15.962818145751953,16.03595755347629,15.54226248248229,15.566643060077018,60141900,INTC
2007-11-29,16.054244995117188,16.13347955715274,15.853109854917637,15.88967956335481,43272300,INTC
2007-11-30,15.895782470703125,16.24929292496795,15.676361787873017,16.24929292496795,65565000,INTC
2007-12-03,15.999382019042969,16.32241757927141,15.853102094372401,15.865292378727323,56131600,INTC
2007-12-04,16.03595542907715,16.163951119433108,15.74339551187749,15.749490655468703,44505400,INTC
2007-12-05,16.590608596801758,16.73688862495701,16.389473412771995,16.389473412771995,68523700,INTC
2007-12-06,17.05381965637207,17.059914799426515,16.560124694258604,16.59059924700117,60508000,INTC
2007-12-07,16.901453018188477,17.00506817686146,16.803933005617463,16.925833602596356,47506200,INTC
2007-12-10,16.931921005249023,16.992870113334458,16.608885384759517,16.797830177389745,45473800,INTC
2007-12-11,16.41385269165039,16.956307898178576,16.401662399642284,16.938023622696647,67572400,INTC
2007-12-12,16.62717056274414,16.895349889339425,16.38946462720008,16.718595386016613,56574000,INTC
2007-12-13,16.554035186767578,16.7612654710484,16.340709757357313,16.444324899497726,53456100,INTC
2007-12-14,16.023767471313477,16.358992255533735,15.96281719349256,16.34680196746358,68738500,INTC
2007-12-17,15.676348686218262,16.017669721476334,15.469118472857886,15.987194006258827,64820000,INTC
2007-12-18,15.792162895202637,15.932347775874526,15.59712285904517,15.798258041648847,44708400,INTC
2007-12-19,15.962818145751953,15.999387849614122,15.737302453120417,15.755587886316462,33581900,INTC
2007-12-20,16.096908569335938,16.17004914292715,15.853108594915188,16.17004914292715,40096600,INTC
2007-12-21,16.432138442993164,16.432138442993164,16.200528686688155,16.310238999554336,58620800,INTC
2007-12-24,16.645456314086914,16.682027176680535,16.304136400921756,16.346801244751177,22486400,INTC
2007-12-26,16.730785369873047,16.742974493567147,16.53574427788161,16.578410279664837,21346200,INTC
2007-12-27,16.35289764404297,16.712503016114354,16.316327941171444,16.675933313242826,29577500,INTC
2007-12-28,16.31023597717285,16.621081418515452,16.243190540060684,16.523561416823277,35391400,INTC
2007-12-31,16.24928092956543,16.456511163140693,16.206616086628717,16.230995498651218,23687800,INTC
2008-01-02,15.450838088989258,16.054243451573175,15.207038118631608,16.01767374665202,84278800,INTC
2008-01-03,15.036378860473633,15.481313990230095,14.859623140073635,15.463029717450826,85190500,INTC
2008-01-04,13.817373275756836,14.384208799353457,13.622333345600941,14.29887795801299,174093400,INTC
2008-01-07,13.94537353515625,14.036799557269559,13.628434099436685,13.896613532543228,112063700,INTC
2008-01-08,13.567480087280273,14.097744825058067,13.549194655362822,13.969750289225443,80520800,INTC
2008-01-09,13.866142272949219,13.939282875572673,13.567487040420119,13.65281677470545,73239600,INTC
2008-01-10,13.738142967224121,13.835662962308389,13.530912687037544,13.756427239721145,81185100,INTC
2008-01-11,13.402913093566895,13.628428743608207,13.268823429709444,13.56138333041463,75915200,INTC
2008-01-14,14.067272186279297,14.140412761394476,13.65890678466705,13.951466760067763,85033000,INTC
2008-01-15,13.829573631286621,14.140419182246735,13.719863300061814,14.018518555879051,129312400,INTC
2008-01-16,12.11686897277832,12.427714355591196,12.007159863429571,12.208294974363795,309347600,INTC
2008-01-17,11.781644821166992,12.220484770205148,11.70850424839565,12.202200498909788,172761000,INTC
2008-01-18,11.580510139465332,11.976685253835777,11.550035577794533,11.818214975581597,143864100,INTC
2008-01-22,11.342806816101074,11.580511683919239,11.00148563471121,11.09291165697681,146951600,INTC
2008-01-23,12.177818298339844,12.31800311807092,11.117287690867256,11.17214282250634,173781800,INTC
2008-01-24,12.610562324523926,12.641036876426076,12.232671603277213,12.281431583838437,90383900,INTC
2008-01-25,12.190011978149414,12.970173163261824,12.190011978149414,12.964078017769133,104701200,INTC
2008-01-28,12.366766929626465,12.372860912204553,11.95840150762107,12.116870630312663,68633200,INTC
2008-01-29,12.494762420654297,12.561807859311356,12.342387269182902,12.458192709809603,78365800,INTC
2008-01-30,12.610562324523926,12.933596759793419,12.366762421717805,12.409427259392672,96055500,INTC
2008-01-31,12.860465049743652,13.006745078777312,12.409434669590619,12.458194679268505,100753400,INTC
2008-02-01,13.268824577331543,13.299299133675442,12.93359864489963,13.043308907785354,66087600,INTC
2008-02-04,12.921411514282227,13.256636335925828,12.897030935420153,13.250541191210308,65724200,INTC
2008-02-05,12.337644577026367,12.79754681593315,12.325380236620136,12.687170091460821,85581600,INTC
2008-02-06,12.215001106262207,12.527734707473348,12.20273676827158,12.349905315384179,73305800,INTC
2008-02-07,12.294717788696289,12.484811531526779,11.95745665847347,12.055569029796171,76942200,INTC
2008-02-08,12.429627418518066,12.4664192779227,12.233402608903862,12.239533610811199,54170800,INTC
2008-02-11,12.681035041809082,12.766883065975668,12.356037112391622,12.509337823884302,53777900,INTC
2008-02-12,12.815937995910645,12.871126340228424,12.607448955063811,12.693298140442298,57734900,INTC
2008-02-13,13.006030082702637,13.048955258704364,12.79141005065127,12.914049901881842,49788900,INTC
2008-02-14,12.546127319335938,12.871125187934885,12.546127319335938,12.852728684945415,71583500,INTC
2008-02-15,12.331510543823242,12.5951879747624,12.251793512817978,12.454150420581938,78256600,INTC
2008-02-19,12.362164497375488,12.681030134589777,12.294711836151768,12.5093329831072,65726300,INTC
2008-02-20,12.497074127197266,12.576791156233188,12.362169915217889,12.374434253468287,72005800,INTC
2008-02-21,12.448015213012695,12.871125433098586,12.343770699936213,12.638108905417196,78890400,INTC
2008-02-22,12.153679847717285,12.570657957339288,11.963587298774868,12.552261451470704,134283800,INTC
2008-02-25,12.227264404296875,12.251791908600365,11.969719176356707,12.110755542478536,82397200,INTC
2008-02-26,12.687163352966309,12.797540018814614,12.123016859423727,12.141412190670941,81112100,INTC
2008-02-27,12.736226081848145,12.80980978393677,12.405095913673765,12.411228083779793,80981700,INTC
2008-02-28,12.564520835876465,12.705557149832103,12.460276349563358,12.595181666904503,56138700,INTC
2008-02-29,12.245659828186035,12.503205057978228,12.22726449222402,12.466413216462644,77164100,INTC
2008-03-03,12.270190238952637,12.49707465826826,12.221134053458039,12.300849916289867,75603600,INTC
2008-03-04,12.264059066772461,12.294718746602667,11.920665740388541,12.049437799185581,124099900,INTC
2008-03-05,12.386698722839355,12.405094060818008,12.165945310362048,12.288586354980925,62225500,INTC
2008-03-06,12.184338569641113,12.39895858611987,12.1598098994199,12.325374914638973,65547200,INTC
2008-03-07,12.306981086730957,12.503205812781998,12.110756360679916,12.14754820441658,73715200,INTC
2008-03-10,12.337644577026367,12.570661196785379,12.24566319357151,12.33151240682325,66986800,INTC
2008-03-11,12.99990177154541,13.012164940489408,12.53999960278213,12.558394940993976,78159700,INTC
2008-03-12,12.950844764709473,13.177729165255824,12.864995570002108,12.981504439510346,53034800,INTC
2008-03-13,13.048955917358398,13.177727943089065,12.717825846179805,12.766882023066465,66660600,INTC
2008-03-14,12.668769836425781,13.147068444574309,12.589053986530125,13.02442741594396,80049300,INTC
2008-03-17,12.7852783203125,12.969238688251359,12.356035902333172,12.368300238753493,67466600,INTC
2008-03-18,13.337163925170898,13.337163925170898,12.993770606767141,13.06122213474444,72379700,INTC
2008-03-19,12.932451248168945,13.324900790397644,12.926319077872634,13.202260893247121,69668600,INTC
2008-03-20,13.337163925170898,13.343296094912795,12.93245007893995,13.165466681173125,67373400,INTC
2008-03-24,13.57017993927002,13.766405853730914,13.337163347135826,13.343295516611954,53798700,INTC
2008-03-25,13.656024932861328,13.735740772295038,13.508856419574293,13.68668460119936,48236100,INTC
2008-03-26,13.40461540222168,13.533387446301205,13.3126340340601,13.508859939158683,51872200,INTC
2008-03-27,12.932451248168945,13.435277516547439,12.932451248168945,13.416881005658508,71530200,INTC
2008-03-28,12.748491287231445,13.140940843915825,12.711698264098333,12.999904430681367,59424400,INTC
2008-03-31,12.987635612487793,13.079615799428929,12.674902041214708,12.699429545256296,48072200,INTC
2008-04-01,13.472065925598145,13.490462431785371,13.122540495181997,13.189993181610234,55507200,INTC
2008-04-02,13.398484230041504,13.50886094437537,13.275843176427925,13.50886094437537,43778700,INTC
2008-04-03,13.447538375854492,13.551782904721255,13.202257475459636,13.306502004326397,45300800,INTC
2008-04-04,13.410746574401855,13.600839126593039,13.288105539031779,13.453670585903904,41385700,INTC
2008-04-07,13.337163925170898,13.545653018028268,13.281975567085606,13.441408471599583,39684800,INTC
2008-04-08,12.926314353942871,13.20838823652959,12.901786851313116,13.116406885291475,55225500,INTC
2008-04-09,13.134806632995605,13.140938802565202,12.736224967705844,12.914053206857137,63451700,INTC
2008-04-10,13.539522171020508,13.760275624928028,13.214524160500204,13.226788501182154,72043600,INTC
2008-04-11,13.024429321289062,13.435275306834447,12.944713459731766,13.373954783548687,66927100,INTC
2008-04-14,12.687163352966309,13.061216179951808,12.656502518235527,12.950840683694759,60084300,INTC
2008-04-15,12.822070121765137,12.84046662634079,12.570657073855351,12.822070121765138,93477400,INTC
2008-04-16,13.57017993927002,13.784801192567564,13.4046160417815,13.754141514778658,109029400,INTC
2008-04-17,13.55791187286377,13.674419542053046,13.441403034083178,13.594703706839788,57733400,INTC
2008-04-18,13.827728271484375,13.87678446856525,13.631503483160877,13.839992613152592,68281200,INTC
2008-04-21,13.772536277770996,13.84612113881614,13.692820417097806,13.79706495464994,47810500,INTC
2008-04-22,13.48432731628418,13.74187249866523,13.410743646798931,13.662156661790988,56298500,INTC
2008-04-23,13.833855628967285,13.839987797667767,13.490462368881404,13.606971235007387,61977900,INTC
2008-04-24,13.913580894470215,14.11593790309,13.698959541184438,13.846128168399527,51298500,INTC
2008-04-25,13.833855628967285,13.882911808979555,13.527254211492709,13.876779640279073,47604400,INTC
2008-04-28,13.9258394241333,14.005556468277806,13.692822801170985,13.754143334453245,47695200,INTC
2008-04-29,13.870652198791504,13.981027754935146,13.766407643329265,13.876783199472909,40664300,INTC
2008-04-30,13.649894714355469,13.956496119881177,13.57630986240902,13.938099614496679,56505700,INTC
2008-05-01,14.281496047973633,14.355079740721827,13.711217166012435,13.711217166012435,71506000,INTC
2008-05-02,14.459319114685059,14.50837528218968,14.183377441477003,14.477715616096026,59077200,INTC
2008-05-05,14.342123031616211,14.736916579422541,14.298942634397092,14.42231502979778,38631100,INTC
2008-05-06,14.54567813873291,14.625870079230557,14.237245607227482,14.237245607227482,46003800,INTC
2008-05-07,14.292764663696289,14.644377588585169,14.274258286805413,14.558016849581396,54228300,INTC
2008-05-08,14.434646606445312,14.564188920691457,14.25575629586751,14.422309019073852,50106000,INTC
2008-05-09,14.416142463684082,14.539514816753524,14.26809375747727,14.27426255161732,40044600,INTC
2008-05-12,14.582696914672852,14.625877302155779,14.311277000043793,14.409975364741145,34425100,INTC
2008-05-13,14.656712532043457,14.761579629041085,14.558014226231174,14.582688214395938,39476600,INTC
2008-05-14,14.706077575683594,14.983667596092467,14.656728369452894,14.712246373534668,59397400,INTC
2008-05-15,15.403127670288086,15.415465259910416,14.712239123519849,14.755419510620701,77447300,INTC
2008-05-16,15.421632766723633,15.421632766723633,15.12553769998107,15.415463972427679,59985800,INTC
2008-05-19,15.347606658935547,15.600522489875926,15.292089869766814,15.545004524130121,61246100,INTC
2008-05-20,14.860285758972168,15.187224804473072,14.681394250138494,15.14404324344005,73929600,INTC
2008-05-21,14.595036506652832,14.928144415637439,14.508675719839406,14.730746482585,64445700,INTC
2008-05-22,14.730745315551758,14.884961666402322,14.638215740356898,14.693733720789291,41170000,INTC
2008-05-23,14.440813064575195,14.693727681900029,14.237247612177724,14.644378516972669,59073500,INTC
2008-05-27,14.558021545410156,14.632044723696893,14.354456040255817,14.366793628829342,52821500,INTC
2008-05-28,14.477826118469238,14.687560384912935,14.274260645341768,14.681391591596705,50288400,INTC
2008-05-29,14.274264335632324,14.385300290876254,14.064530014966525,14.354457492898417,54937400,INTC
2008-05-30,14.298938751220703,14.527178267846423,14.231083187402499,14.360625520457504,55484500,INTC
2008-06-02,14.311272621154785,14.422307365032482,14.076863194288968,14.218741903057936,50569500,INTC
2008-06-03,14.150893211364746,14.613542281174784,14.095375228861347,14.372963964800913,65482900,INTC
2008-06-04,14.483999252319336,14.60737280246219,14.07069938889135,14.07069938889135,57510100,INTC
2008-06-05,14.724579811096191,14.804771807358595,14.403809472891476,14.570363438102873,51960800,INTC
2008-06-06,14.126221656799316,14.619714830592763,14.126221656799316,14.595039642443112,69864000,INTC
2008-06-09,14.039851188659668,14.249585437273517,13.780767774288261,14.237247851689897,57224700,INTC
2008-06-10,13.990507125854492,14.126217087042928,13.762266415615803,13.762266415615803,56570700,INTC
2008-06-11,13.453832626342773,13.965830807308159,13.441496213842004,13.904145215072555,59797500,INTC
2008-06-12,13.601879119873047,13.947324528037276,13.497011973926258,13.601879119873047,60253600,INTC
2008-06-13,13.978164672851562,14.00283984443458,13.68823846621275,13.719081254114583,43003400,INTC
2008-06-16,14.101544380187988,14.2372543538559,13.823954460665602,13.848629643102019,44772000,INTC
2008-06-17,13.92881965637207,14.194071947037063,13.922650861638315,14.150891560478073,43990500,INTC
2008-06-18,13.743764877319336,13.99051086199934,13.70058330049488,13.78694527756613,41535000,INTC
2008-06-19,14.09537410736084,14.24959045169394,13.65739907763462,13.700579465795515,48519900,INTC
2008-06-20,13.799278259277344,14.02751777761293,13.762265491511625,14.02134898298531,71018300,INTC
2008-06-23,13.793110847473145,14.009012798198665,13.762266871242794,13.879471627763353,46279200,INTC
2008-06-24,13.823955535888672,14.070701496557364,13.682076755576368,13.69441434775419,46126600,INTC
2008-06-25,13.971999168395996,14.187902264254442,13.830120428131984,13.836289222479621,54778100,INTC
2008-06-26,13.31812572479248,13.891810805889701,13.318125724792479,13.793112423827548,56482100,INTC
2008-06-27,13.256431579589844,13.472334611660578,13.089877711142975,13.324287120788984,60068800,INTC
2008-06-30,13.250267028808594,13.509350514917243,13.163906258964793,13.207086643886694,50166900,INTC
2008-07-01,13.305785179138184,13.46617030852966,13.02819648242688,13.133063637160642,66857400,INTC
2008-07-02,12.91098690032959,13.453827677744629,12.873975323286405,13.342791770038257,47772900,INTC
2008-07-03,12.744437217712402,12.830797984656748,12.497691328887697,12.719763217118535,41363800,INTC
2008-07-07,12.775282859802246,13.11455956205523,12.516200501228013,12.81846442947542,47325800,INTC
2008-07-08,12.904824256896973,13.034365426559768,12.528535985172388,12.769114292024893,58443500,INTC
2008-07-09,12.22010326385498,12.892486645042926,12.189260464437227,12.867812640824198,68343100,INTC
2008-07-10,12.719767570495605,12.812297163401238,12.158418863502531,12.244780836581716,93629500,INTC
2008-07-11,12.732097625732422,13.065205405664198,12.331135472411484,12.51002694902159,74358200,INTC
2008-07-14,12.627230644226074,13.046699182556553,12.534701096436006,12.966507221559038,49072300,INTC
2008-07-15,12.775282859802246,13.065210373291928,12.473018931554838,12.491525318557628,100047200,INTC
2008-07-16,12.898653030395508,13.046700557780385,12.479184447849773,12.972677382376526,87306000,INTC
2008-07-17,13.564866065979004,13.817780712413958,12.978844812088488,13.108385943716474,94030200,INTC
2008-07-18,13.626556396484375,13.675905580031904,13.244099341558018,13.50318284932688,54733400,INTC
2008-07-21,13.626556396484375,13.725254763579432,13.540195619420535,13.69441196507873,48686600,INTC
2008-07-22,13.626556396484375,13.645062781531202,13.342797708653075,13.398315687216213,74321500,INTC
2008-07-23,13.756096839904785,13.95349474030914,13.58337529484474,13.694411246141788,56708400,INTC
2008-07-24,13.367466926574707,13.657393103531762,13.336624141830464,13.60187514973067,61416300,INTC
2008-07-25,13.5772066116333,13.620386998252858,13.299616731111433,13.447664275197331,40234600,INTC
2008-07-28,13.367466926574707,13.57103236498643,13.330455349566252,13.49084041870531,49863200,INTC
2008-07-29,13.712919235229492,13.725256827115617,13.348968510631462,13.367474898460648,47493600,INTC
2008-07-30,13.712919235229492,13.848630392821823,13.126897739568822,13.756099630253408,52616100,INTC
2008-07-31,13.688240051269531,13.94115470639751,13.521686153528549,13.564866532222046,65269400,INTC
2008-08-01,13.786943435668945,13.891810612220192,13.558702694971227,13.830123830146958,42123200,INTC
2008-08-04,13.891810417175293,13.972002409140325,13.675907271239065,13.817786044411232,41598200,INTC
2008-08-05,14.289068222045898,14.307689186226051,13.94146189414524,14.121472440801352,54578500,INTC
2008-08-06,14.152509689331055,14.29527713901238,13.941463390432382,14.239411872601714,49927000,INTC
2008-08-07,14.692543983459473,14.928418692595304,14.090441848712974,14.102855434713451,113395100,INTC
2008-08-08,15.040152549743652,15.083603070110215,14.6490966825067,14.735997723239826,69455500,INTC
2008-08-11,15.133257865905762,15.356718992069409,14.853932642138846,14.959455820167497,51679900,INTC
2008-08-12,15.220161437988281,15.263611953320437,14.92842023400767,15.083601322444082,51900400,INTC
2008-08-13,14.971871376037598,15.362927183409989,14.916006091564727,15.077394559604386,46340500,INTC
2008-08-14,15.12083911895752,15.201532729232552,14.74840443044353,14.841512806587717,50431900,INTC
2008-08-15,15.058768272399902,15.207741928813755,15.009110386928617,15.114633541547269,43120100,INTC
2008-08-18,14.90358829498291,15.133255587687087,14.822893485377415,15.083597698675039,45839600,INTC
2008-08-19,14.642882347106934,14.947037029268115,14.574602313827187,14.779441229729098,66159500,INTC
2008-08-20,14.518738746643066,14.773235575461898,14.369765079817713,14.735992454739925,54152400,INTC
2008-08-21,14.307692527770996,14.444252611317273,14.152511475695661,14.357350417077605,54971900,INTC
2008-08-22,14.580804824829102,14.59942696875636,14.226992377769701,14.400795502613322,45352600,INTC
2008-08-25,14.258033752441406,14.500116983712868,14.23320540129972,14.44425171372233,42328200,INTC
2008-08-26,14.369763374328613,14.388385524448143,14.05940130929371,14.23320449193069,39519900,INTC
2008-08-27,14.531148910522461,14.636672039079874,14.289066926629548,14.338724799836738,39153600,INTC
2008-08-28,14.642882347106934,14.717368579832725,14.562187547060448,14.642882347106932,30305300,INTC
2008-08-29,14.195958137512207,14.524941093687875,14.18354337359768,14.450454878074803,53554000,INTC
2008-09-02,14.015952110290527,14.574603642408409,13.94767207078656,14.444252131287124,44071100,INTC
2008-09-03,13.370403289794922,14.022163394566151,13.351781132767433,14.022163394566151,73837200,INTC
2008-09-04,12.737261772155762,13.35177863169781,12.72484700312965,13.326949093645588,87863800,INTC
2008-09-05,12.793126106262207,12.93589238773112,12.507592359386928,12.631737672626171,67373000,INTC
2008-09-08,13.016584396362305,13.097279195129492,12.73725925216289,13.022791779647266,63278600,INTC
2008-09-09,12.619321823120117,12.973134396413814,12.551041788295949,12.917269128637193,71239500,INTC
2008-09-10,12.513792991638184,12.861398023645686,12.501378230225141,12.855190642939164,66190200,INTC
2008-09-11,12.532424926757812,12.538632312314867,12.209647981417476,12.39586481237812,85607000,INTC
2008-09-12,12.513792991638184,12.544828711233977,12.153773198217639,12.327576306189796,61077400,INTC
2008-09-15,12.017227172851562,12.52622109349755,11.998605010899364,12.079298678149405,75521100,INTC
2008-09-16,12.09170913696289,12.321377649980155,11.514435345806461,11.663410220375182,103752800,INTC
2008-09-17,11.514432907104492,12.104121343571391,11.514432907104492,11.95514768449223,93136100,INTC
2008-09-18,11.955145835876465,12.22205737776414,11.117168097186871,11.657198563789521,126532800,INTC
2008-09-19,11.936528205871582,12.551045131147813,11.396498718782318,12.51380200402316,107675000,INTC
2008-09-22,11.4833984375,12.110330061836018,11.464776284086543,11.880661572153505,48899300,INTC
2008-09-23,11.564091682434082,11.924111682202327,11.483398054872877,11.570299066698405,64671800,INTC
2008-09-24,11.607545852661133,11.806177455814383,11.495815279902994,11.650996367858689,67876800,INTC
2008-09-25,11.526845932006836,11.793757474814164,11.495810201700635,11.75651436165928,69705600,INTC
2008-09-26,11.917902946472168,12.042047053535837,11.290971476398331,11.3095924412924,68353700,INTC
2008-09-29,10.719907760620117,11.79376039681686,10.719907760620117,11.644786723350622,93067800,INTC
2008-09-30,11.626164436340332,11.66961494260889,11.04889071834379,11.222693927355518,84089900,INTC
2008-10-01,11.495809555053711,11.601332689671159,11.210275879761788,11.48339479005468,74450600,INTC
2008-10-02,10.676459312438965,11.334426793098938,10.63300761335449,11.322012021931945,80680400,INTC
2008-10-03,10.744733810424805,11.117168506204536,10.676454964686892,10.862671720608127,83407600,INTC
2008-10-06,10.508859634399414,10.813014313829301,10.04952392359077,10.533687983772612,111110100,INTC
2008-10-07,9.944005012512207,10.800604149828422,9.931590240566424,10.601972534447144,90115400,INTC
2008-10-08,10.086772918701172,10.446793073980372,9.61502216627705,9.689509033717332,124271200,INTC
2008-10-09,9.683297157287598,10.583346481202422,9.646053447127143,10.372300171553455,106013200,INTC
2008-10-10,9.42879867553711,9.863306012522298,8.851525673830672,9.31706874177027,166831600,INTC
2008-10-13,10.546102523803711,10.601967788614566,9.739161059580727,10.043316324443309,99262800,INTC
2008-10-14,9.888139724731445,10.837847283961095,9.701922289288673,10.819226309976397,124442300,INTC
2008-10-15,9.304657936096191,10.192293952863206,9.29845055047585,10.018490707306908,141131200,INTC
2008-10-16,9.857099533081055,9.912964801069597,8.988085371422347,9.453628482035294,120891700,INTC
2008-10-17,9.621223449707031,10.124009633963484,9.478457192340189,9.534321863504198,93872200,INTC
2008-10-20,9.956415176391602,9.999865674154101,9.583979885985823,9.62122359261699,74062300,INTC
2008-10-21,9.466043472290039,9.86330714915389,9.44121452948409,9.75157661054278,78715200,INTC
2008-10-22,9.05016040802002,9.428802024662973,8.845321432724948,9.428802024662973,78516000,INTC
2008-10-23,9.006708145141602,9.279826528462436,8.628066010122273,9.06257341699486,85195700,INTC
2008-10-24,8.86394214630127,9.217755372220285,8.299083172110965,8.311497941286863,96012400,INTC
2008-10-27,8.845319747924805,9.223961292446532,8.603237099609704,8.727382411752044,80541800,INTC
2008-10-28,9.844688415527344,9.875724752800808,8.913601849136787,9.050161377958693,102361500,INTC
2008-10-29,9.273619651794434,9.788821302642388,9.254998090814237,9.68329813714002,99351500,INTC
2008-10-30,10.03711223602295,10.198500700238514,9.48466738173221,9.615019511757268,134857200,INTC
2008-10-31,9.95020866394043,10.23574120789956,9.695711262290825,9.912964954050416,94902700,INTC
2008-11-03,9.708128929138184,10.142635850464396,9.683299979118653,10.012283122900783,54065800,INTC
2008-11-04,10.092978477478027,10.173672125278655,9.813652627179772,10.043320574845843,71411200,INTC
2008-11-05,9.429290771484375,10.09297283628977,9.360417749495971,10.042883691448951,68927600,INTC
2008-11-06,8.684215545654297,9.25398013733733,8.627865096435565,9.141279836009698,108708400,INTC
2008-11-07,9.160063743591309,9.241458776102453,8.778133757601974,8.81570032823181,73428200,INTC
2008-11-10,8.984749794006348,9.429291433512015,8.909615474360256,9.397985566511101,52853700,INTC
2008-11-11,8.721782684326172,8.87831144407583,8.427508448806059,8.784393829960136,84853800,INTC
2008-11-12,8.465075492858887,8.74682713695843,8.458814199252052,8.483858776569571,72675400,INTC
2008-11-13,9.034842491149902,9.04110318932142,8.058102520305326,8.164542151650888,143460400,INTC
2008-11-14,8.339853286743164,8.840745506935018,8.28976412443497,8.809439631214918,74873700,INTC
2008-11-17,8.139495849609375,8.440030794366836,8.139495849609375,8.270980037218228,60210900,INTC
2008-11-18,8.208366394042969,8.283500112861221,7.832697799951708,8.214627686555254,96916400,INTC
2008-11-19,7.820178508758545,8.302287487292068,7.807656515569477,8.145758691213906,73707700,INTC
2008-11-20,7.657385349273682,8.233411135800877,7.619818787649147,7.688691215367281,114060100,INTC
2008-11-21,8.208366394042969,8.245933552006955,7.5509462051058325,7.795130641987723,104114400,INTC
2008-11-24,8.490120887756348,8.577776618253806,8.214629913624643,8.346114106480712,98132700,INTC
2008-11-25,8.220893859863281,8.67169703752716,8.208371267403972,8.627868561029652,84213900,INTC
2008-11-26,8.746828079223633,8.75935007067643,8.145757561742132,8.164540847476273,71468300,INTC
2008-11-28,8.640388488769531,8.784394674979245,8.565254748515349,8.634127194470878,26023500,INTC
2008-12-01,7.864006519317627,8.496382364809868,7.857745224533066,8.427509913509507,60830800,INTC
2008-12-02,8.314809799194336,8.346115679031941,7.9015738572459275,8.089408539161566,63839000,INTC
2008-12-03,8.55273151397705,8.558992807802824,7.964183627880804,7.976705618422505,77247200,INTC
2008-12-04,7.995491981506348,8.446294528902971,7.964186099770742,8.364899475234408,78387100,INTC
2008-12-05,8.321067810058594,8.358634970457059,7.751303290931888,7.957921180349051,85179900,INTC
2008-12-08,8.728044509887695,8.77187297432151,8.42124824440054,8.49012128974943,78042400,INTC
2008-12-09,8.953447341918945,9.197631884018477,8.44629377497919,8.540211411802836,88120000,INTC
2008-12-10,8.934664726257324,9.266505634960815,8.609084516125584,8.928403430575555,74889000,INTC
2008-12-11,8.771873474121094,9.141281511498848,8.753089589532097,8.91587967331042,73846300,INTC
2008-12-12,9.235198020935059,9.285287182771336,8.5715157309395,8.577777025446514,69873000,INTC
2008-12-15,9.13502025604248,9.354160203203293,8.965968876671907,9.235198585842847,60647200,INTC
2008-12-16,9.792438507080078,9.817483082408271,9.15380094054648,9.216412677421852,100659300,INTC
2008-12-17,9.55451488494873,9.71730492555698,9.404247430745631,9.648431894548223,66997400,INTC
2008-12-18,8.928400993347168,9.510687599271648,8.821961384252507,9.429293166067362,74156300,INTC
2008-12-19,9.041099548339844,9.279023299231648,8.9283992642088,9.028577559929614,72433900,INTC
2008-12-22,8.978494644165039,9.128762192049019,8.76561531944099,9.066150415208948,42388700,INTC
2008-12-23,8.809439659118652,9.072408060624575,8.778134380409309,9.041102184805315,33805400,INTC
2008-12-24,8.909616470336914,8.9722282113379,8.79691617248888,8.803177466010942,11410800,INTC
2008-12-26,8.878311157226562,8.959706181319774,8.8031774266274,8.8970944405989,14813900,INTC
2008-12-29,8.847002983093262,8.98474841854418,8.709257547642345,8.915875402263893,31939500,INTC
2008-12-30,9.197632789611816,9.266505849485684,8.95970951929674,8.965970218013428,37105200,INTC
2008-12-31,9.178848266601562,9.341638353574812,9.116237108072589,9.210154144421026,34063800,INTC
2009-01-02,9.516947746276855,9.548253615257034,9.059884089339544,9.197628957476665,52208200,INTC
2009-01-05,9.335375785827637,9.573299588863703,9.272764635834907,9.435554103503902,57320400,INTC
2009-01-06,9.623388290405273,9.711044612761576,9.441814948967808,9.448076242802513,61631400,INTC
2009-01-07,9.041099548339844,9.429291339922612,8.978488412069208,9.260240018061431,131389200,INTC
2009-01-08,9.109975814819336,9.12249780768353,8.92214114497678,9.0473640591685,63101600,INTC
2009-01-09,8.859527587890625,9.141279833919873,8.778133158048657,9.135018540205927,45551100,INTC
2009-01-12,8.634126663208008,8.953445487472829,8.527687055119733,8.865789164014883,54082500,INTC
2009-01-13,8.558992385864258,8.878311189918872,8.421246914037006,8.508903231947041,65565100,INTC
2009-01-14,8.189587593078613,8.533951107184574,8.12071512910144,8.427511464695277,69549600,INTC
2009-01-15,8.321067810058594,8.421246108308157,7.957921180349051,8.145755788121859,73153900,INTC
2009-01-16,8.602822303771973,8.740567808543346,8.308548603405347,8.690478642646475,83985300,INTC
2009-01-20,8.051835060119629,8.602816083722194,8.020529801901032,8.49011584049429,71563900,INTC
2009-01-21,8.30228328704834,8.30228328704834,7.826435844402356,8.145754570160292,56622000,INTC
2009-01-22,8.026796340942383,8.183325134468467,7.857745554431393,8.033057635989817,72704000,INTC
2009-01-23,8.214631080627441,8.38368246564844,7.876528907695412,8.045580292716409,63162200,INTC
2009-01-26,8.377420425415039,8.502643330712965,8.158279893311235,8.189585768913195,49562500,INTC
2009-01-27,8.646652221679688,8.734307978142805,8.452556223449822,8.458817519514348,45615800,INTC
2009-01-28,8.771873474121094,8.934663557899416,8.634127972684826,8.847007221147257,57065400,INTC
2009-01-29,8.371160507202148,8.671696126439112,8.333593927991284,8.671696126439112,51354500,INTC
2009-01-30,8.076885223388672,8.452554553499283,8.076885223388672,8.421248676471741,47000100,INTC
2009-02-02,8.533946990966797,8.584036140083201,7.9829657535765755,8.026793609775991,69886500,INTC
2009-02-03,8.596559524536133,8.634126691027683,8.321069159667564,8.558992955154437,56695700,INTC
2009-02-04,8.78000259399414,9.210147002793423,8.672466491794319,8.71674585037271,77692400,INTC
2009-02-05,9.01405143737793,9.108935948045927,8.558604458997332,8.634512188183932,61024500,INTC
2009-02-06,9.317682266235352,9.412567379269351,8.988748776196086,9.13423843828282,62677300,INTC
2009-02-09,9.431546211242676,9.520105548677384,9.197497180087879,9.26075393586426,64735500,INTC
2009-02-10,8.906515121459961,9.5833594761154,8.881212545676421,9.349310499302407,94001200,INTC
2009-02-11,8.906515121459961,9.0583305761612,8.685117130908242,9.020377014116386,57378700,INTC
2009-02-12,8.855910301208496,8.855910301208496,8.533301995453257,8.735723212555513,76366300,INTC
2009-02-13,8.78000259399414,9.02037737519015,8.761025812212118,8.798979375776163,55953700,INTC
2009-02-17,8.356185913085938,8.685119487524645,8.356185913085938,8.577583963711703,60690300,INTC
2009-02-18,8.451072692871094,8.666145004169502,8.280280365420856,8.425770103498417,51305600,INTC
2009-02-19,8.020927429199219,8.463722976158088,8.01460163202208,8.432094593533622,56175100,INTC
2009-02-20,8.084183692932129,8.235999810788039,7.926042381080695,7.926042381080695,73617900,INTC
2009-02-23,7.641387939453125,8.166417032732182,7.622411151443134,8.16009123564178,88416500,INTC
2009-02-24,8.052556037902832,8.10316181727065,7.647714629050566,7.698319805157099,74644300,INTC
2009-02-25,8.242323875427246,8.526978077104499,7.957669673749992,8.04622901342651,108225000,INTC
2009-02-26,8.039900779724121,8.602883819280317,8.008272410623487,8.425765193621153,69012700,INTC
2009-02-27,8.058881759643555,8.311908241048556,7.900740434988408,7.9070662327573205,69764500,INTC
2009-03-02,7.786876678466797,8.235997925444735,7.786876678466797,7.913389578334999,64495900,INTC
2009-03-03,7.767902374267578,7.989300489359836,7.679343610839741,7.894415324351155,76602000,INTC
2009-03-04,8.071531295776367,8.254975161441234,7.818504878929607,8.033577122107959,84412100,INTC
2009-03-05,7.786876678466797,8.13478700228908,7.780550882658114,7.945017954117323,76644500,INTC
2009-03-06,7.850131511688232,8.172739804753473,7.635059316311405,7.862783101186158,79191400,INTC
2009-03-09,7.938694000244141,8.223348241808337,7.780552687901672,7.7995294764696235,87044700,INTC
2009-03-10,8.805306434631348,8.824283219137142,8.065205203033287,8.096833579383677,92478000,INTC
2009-03-11,8.830607414245605,8.919166731320432,8.62818680751571,8.887538360703637,82085400,INTC
2009-03-12,9.184846878051758,9.235452045154425,8.780004937969244,9.007728189931246,84846000,INTC
2009-03-13,9.29870891571045,9.29870891571045,8.988752092614387,9.216475362045147,66631100,INTC
2009-03-16,9.01405143737793,9.39359068657193,8.944469503105466,9.355636520348128,72651200,INTC
2009-03-17,9.425216674804688,9.425216674804688,9.014049735204958,9.058329084720375,64928700,INTC
2009-03-18,9.640295028686523,9.747831177963814,9.311361386332258,9.42522273013194,91361600,INTC
2009-03-19,9.58336067199707,9.73517674890402,9.311358099196799,9.73517674890402,66560800,INTC
2009-03-20,9.267080307006836,9.741504225862364,9.077311222073591,9.608665504452366,84639100,INTC
2009-03-23,9.817410469055176,9.830061457137107,9.450522162501883,9.501127924612847,64167500,INTC
2009-03-24,9.488476753234863,9.747828354634839,9.488476753234863,9.652943828406933,59468600,INTC
2009-03-25,9.450521469116211,9.937596841385947,9.30503179891265,9.539080792236446,94510300,INTC
2009-03-26,10.007180213928223,10.051460183468668,9.602338914777542,9.633966688827849,77554300,INTC
2009-03-27,9.75415325164795,9.905968720925797,9.652942938796052,9.798432612705392,45694300,INTC
2009-03-30,9.311357498168945,9.551732284223124,9.159541431061394,9.545406489080928,55433000,INTC
2009-03-31,9.507451057434082,9.722523237585776,9.425217541301908,9.431543335603063,62044500,INTC
2009-04-01,9.507451057434082,9.690894869340948,9.248099523696197,9.342984628430681,75052800,INTC
2009-04-02,9.931273460388184,10.121043139913803,9.652945039475474,9.728852790633486,77688000,INTC
2009-04-03,10.089410781860352,10.095736576111637,9.709872175697324,9.886990191906737,51137100,INTC
2009-04-06,10.03248405456543,10.038809851474056,9.773132413923717,9.899645335790261,47650800,INTC
2009-04-07,9.773131370544434,9.981877820153763,9.65294425841769,9.868016504260304,52741800,INTC
2009-04-08,9.659272193908691,9.950251645949972,9.58336382881997,9.709877368460328,68332300,INTC
2009-04-09,10.10838794708252,10.165318890994657,9.86801378897056,9.88066477469494,58560100,INTC
2009-04-13,10.10838794708252,10.177970479980004,9.842711214260827,10.000852457011888,45423200,INTC
2009-04-14,10.127368927001953,10.367743170475856,9.994530211786806,10.10839153678466,92083600,INTC
2009-04-15,9.880666732788086,9.918620904004703,9.558058388860644,9.716199662951222,152727500,INTC
2009-04-16,10.051462173461914,10.076764759668249,9.741504738357754,10.019833789888684,68775100,INTC
2009-04-17,9.868019104003906,10.05146302026979,9.773133945290406,10.045137222369965,67299700,INTC
2009-04-20,9.488476753234863,9.72252577408999,9.488476753234863,9.716199978138501,66489000,INTC
2009-04-21,9.716198921203613,9.81740983563432,9.463173143279446,9.475824130545135,85204200,INTC
2009-04-22,9.912296295166016,10.190625308719019,9.539082747101537,9.608664698859208,95293600,INTC
2009-04-23,9.823736190795898,9.988203267550514,9.551733598136773,9.91862132119792,74517400,INTC
2009-04-24,9.880666732788086,9.956574471960234,9.678246094995693,9.874340937041802,67621900,INTC
2009-04-27,9.665594100952148,9.886992116762647,9.621314739094473,9.684571487400632,64601800,INTC
2009-04-28,9.520108222961426,9.747831521855883,9.513782424954588,9.56438760248669,55510200,INTC
2009-04-29,9.709872245788574,9.836385115422825,9.532753625039678,9.614987141117178,60855600,INTC
2009-04-30,9.981878280639648,10.222253119243286,9.804760200764765,9.874342152757464,77775200,INTC
2009-05-01,10.000856399536133,10.026158984220615,9.79210932181265,9.969228017865229,50861600,INTC
2009-05-04,10.538532257080078,10.58913740619544,10.209598184569261,10.30448389486725,88096300,INTC
2009-05-05,10.308881759643555,10.54491486228228,10.162159104440923,10.54491486228228,67894300,INTC
2009-05-06,10.28336238861084,10.487498409380352,10.187673172595131,10.481119006637972,66328400,INTC
2009-05-07,10.060089111328125,10.442844794854103,9.87509006453764,10.404568374778762,90338200,INTC
2009-05-08,9.753887176513672,10.162159979474726,9.696473747056416,10.123884157045369,94098000,INTC
2009-05-11,9.80492115020752,9.970782032589014,9.568888636837032,9.626302065997823,69490100,INTC
2009-05-12,9.70285415649414,9.906990274917208,9.568889676685599,9.881473260114324,73714000,INTC
2009-05-13,9.651815414428711,9.868710238542013,9.6262984120844,9.798538025815166,75872500,INTC
2009-05-14,9.913370132446289,10.00905879022406,9.664578770500972,9.670958176585795,71224300,INTC
2009-05-15,9.690091133117676,9.958019976279765,9.664574129405732,9.913365371877202,61813300,INTC
2009-05-18,9.900609970092773,9.91974757618776,9.683715073104493,9.773024307130116,44691600,INTC
2009-05-19,9.983537673950195,10.14939851379354,9.741126426023333,9.868711453451525,59048200,INTC
2009-05-20,9.938885688781738,10.23871043025228,9.881472259197384,10.085608965316597,60337700,INTC
2009-05-21,9.683711051940918,9.843192456046015,9.600780648801475,9.798537249202761,59548500,INTC
2009-05-22,9.600783348083496,9.734747789531115,9.575266340587447,9.715609577628994,44344900,INTC
2009-05-26,9.875090599060059,9.894228810133649,9.568886522363663,9.57526592605486,64342900,INTC
2009-05-27,9.862335205078125,10.117505341566803,9.78578416413152,9.887852218726993,60488000,INTC
2009-05-28,10.028193473815918,10.028193473815918,9.664575364003746,9.926125445929495,59109200,INTC
2009-05-29,10.028193473815918,10.07284808392287,9.721988781783217,10.047331076951263,77293300,INTC
2009-06-01,10.525775909423828,10.583189329905895,10.187675399041451,10.225951215487317,75465600,INTC
2009-06-02,10.328022956848145,10.55129731481501,10.238712483612979,10.36629817866472,58397000,INTC
2009-06-03,10.168538093566895,10.232331532248734,10.028194840286211,10.187676307683502,49799000,INTC
2009-06-04,10.289742469787598,10.366294100048897,10.130261630467981,10.19405384452114,49080500,INTC
2009-06-05,10.155778884887695,10.493880000252982,10.072848457064518,10.398190155911186,62834200,INTC
2009-06-08,10.155778884887695,10.270605724700317,9.958021617251896,10.117503068825668,44070000,INTC
2009-06-09,10.47474193572998,10.595948181324202,10.289742865257383,10.340776881810697,64051300,INTC
2009-06-10,10.50025749206543,10.595947330068947,10.30250084590204,10.576809119118877,48782300,INTC
2009-06-11,10.43008804321289,10.653362337323896,10.398191020198738,10.519397274158486,53221200,INTC
2009-06-12,10.404570579528809,10.404570579528809,10.219572710283666,10.359915963391947,47621900,INTC
2009-06-15,10.194055557250977,10.31526181855101,10.028195286147394,10.238710175428071,60420500,INTC
2009-06-16,10.117499351501465,10.328015349935622,10.079224157875787,10.23870494248042,54084700,INTC
2009-06-17,10.296123504638672,10.391813361809547,10.085608617381025,10.098366818863214,59351300,INTC
2009-06-18,10.123883247375488,10.347156931635135,10.104745642067176,10.308881721018512,57990500,INTC
2009-06-19,10.213194847106934,10.32164230984219,10.111126790032246,10.238711253001997,71511000,INTC
2009-06-22,10.002676010131836,10.315259483355103,9.970779600780329,10.143019237881013,70833600,INTC
2009-06-23,10.085606575012207,10.200432798593365,9.958020935785607,10.130261183717467,70659600,INTC
2009-06-24,10.27060604095459,10.410949284632093,10.200433810742362,10.232330832087444,53321600,INTC
2009-06-25,10.404570579528809,10.430088198319606,10.149400475356009,10.238709707629729,55503100,INTC
2009-06-26,10.391817092895508,10.48112636045711,10.29612720136806,10.321644830241384,70252000,INTC
2009-06-29,10.44922161102295,10.627841231041328,10.379050616914736,10.493877428587506,59308200,INTC
2009-06-30,10.557672500610352,10.615085925373547,10.3599158246188,10.449225055696207,67489500,INTC
2009-07-01,10.870255470275879,11.042494499731637,10.63422240510048,10.63422240510048,92515000,INTC
2009-07-02,10.666118621826172,10.812842476204906,10.64060222329087,10.761808462387437,54945500,INTC
2009-07-06,10.551294326782227,10.742671598416134,10.442846881723808,10.595948942380337,47324300,INTC
2009-07-07,10.366297721862793,10.800087605826468,10.334401907879062,10.736294761111695,69194600,INTC
2009-07-08,10.168538093566895,10.436467615837742,10.066470051772392,10.404570592310062,80897100,INTC
2009-07-09,10.219576835632324,10.385437774484684,10.181301000368794,10.264231469794973,65658200,INTC
2009-07-10,10.23233413696289,10.347159800651127,10.117506648153634,10.194057698986132,51148600,INTC
2009-07-13,10.519394874572754,10.551291890310859,10.143018606090287,10.302500034540595,61791800,INTC
2009-07-14,10.736291885375977,10.774567095253829,10.500258788177419,10.52577640592731,95548700,INTC
2009-07-15,11.514559745788574,11.60387018162786,11.304044288822947,11.476284539998511,186137900,INTC
2009-07-16,11.801630020141602,11.859043452714499,11.444391830491393,11.444391830491393,90052900,INTC
2009-07-17,11.986628532409668,11.999386125987732,11.642147954112382,11.801629432935838,84212400,INTC
2009-07-20,12.05679988861084,12.075938104627054,11.814388569474568,12.031283484003042,77865900,INTC
2009-07-21,12.05679988861084,12.069558699288317,11.808009164135829,12.05679988861084,63780400,INTC
2009-07-22,12.209898948669434,12.29920938459042,12.018521702797198,12.037659914083164,141096200,INTC
2009-07-23,12.426794052124023,12.490586874242103,12.114210562167006,12.178003384285086,151443300,INTC
2009-07-24,12.350245475769043,12.375761878363072,12.126971173522756,12.203521598051903,51683400,INTC
2009-07-27,12.42041301727295,12.433171823370541,12.216276986698363,12.305587412634784,42326100,INTC
2009-07-28,12.356627464294434,12.414039686322285,12.152490117123119,12.305593431688434,60037100,INTC
2009-07-29,12.375765800476074,12.401283427904179,12.190767868612097,12.305594758543677,50331700,INTC
2009-07-30,12.33110523223877,12.630929909679484,12.311967020882054,12.484207272851913,60640900,INTC
2009-07-31,12.280070304870605,12.477826940519686,12.280070304870605,12.337483717921431,47557600,INTC
2009-08-03,12.356627464294434,12.477832531266614,12.23542118057494,12.426798498660613,44330800,INTC
2009-08-04,12.324724197387695,12.36299939828889,12.216276780878728,12.254551981779922,46880800,INTC
2009-08-05,12.11910343170166,12.401838781347731,12.119103431701658,12.382562095379647,60035000,INTC
2009-08-06,12.016292572021484,12.324731860718147,11.926330193596701,12.164086244651704,66862100,INTC
2009-08-07,11.887772560119629,12.209063710393131,11.887772560119629,12.151231205293623,59429500,INTC
2009-08-10,12.054841995239258,12.099822552303527,11.926325067374266,11.952028943198568,46899600,INTC
2009-08-11,11.977731704711914,12.17693306731679,11.96488099230859,12.016287518806692,32772600,INTC
2009-08-12,12.086974143981934,12.266897650407824,11.990587032750737,12.009864945248422,52940100,INTC
2009-08-13,12.241191864013672,12.26046977351434,12.067695581021377,12.189785330973654,44091800,INTC
2009-08-14,12.061267852783203,12.209061460522964,11.939176895002063,12.189783553832813,43590800,INTC
2009-08-17,11.855645179748535,11.939180348311226,11.82994129672703,11.842793238237782,48360500,INTC
2009-08-18,12.061267852783203,12.12552631612213,11.862066493869701,11.887770369456572,42482600,INTC
2009-08-19,12.080545425415039,12.138377924125411,11.894197216170326,11.91989986802586,48165500,INTC
2009-08-20,12.022716522216797,12.086975009515271,11.926329404083436,12.035568464802232,44858000,INTC
2009-08-21,12.138378143310547,12.157656051771554,11.919900083265892,12.138378143310547,55163300,INTC
2009-08-24,12.054841995239258,12.209061573300291,11.990583531306761,12.189783666432065,38709600,INTC
2009-08-25,12.273319244384766,12.369706321242841,12.041989279422845,12.054841216504768,62060100,INTC
2009-08-26,12.485370635986328,12.523925219541962,12.292595266951933,12.34400178690215,61587600,INTC
2009-08-27,12.511072158813477,12.549627964532325,12.31187206511144,12.433962998631786,51412600,INTC
2009-08-28,13.012290000915527,13.269322644696835,12.960883472159265,13.0187159702136,105102800,INTC
2009-08-31,13.057271003723145,13.095825595192352,12.832366973167439,12.909477381734217,53486200,INTC
2009-09-01,12.67171859741211,13.224339596774806,12.633164014506924,12.99300964808752,74478300,INTC
2009-09-02,12.511072158813477,12.742402090614553,12.511072158813477,12.607460447482593,41572500,INTC
2009-09-03,12.478943824768066,12.613885470910793,12.35685288852367,12.60103476101246,47507500,INTC
2009-09-04,12.620311737060547,12.652441576636114,12.388983020256765,12.485370087727345,47277800,INTC
2009-09-08,12.723126411437988,12.845217366296765,12.562480869749992,12.774532935753017,45582000,INTC
2009-09-09,12.806662559509277,12.948030192540523,12.601036465780846,12.72312619291448,48804700,INTC
2009-09-10,12.69742488861084,12.90305100411412,12.626740451795964,12.774534069110407,49461000,INTC
2009-09-11,12.536779403686523,12.813089957569874,12.446818284051323,12.787386080172197,59413200,INTC
2009-09-14,12.440394401550293,12.523929565848912,12.388987863759944,12.408264549413488,52416900,INTC
2009-09-15,12.562479972839355,12.665293014128977,12.44039025232551,12.556055230183368,48283500,INTC
2009-09-16,12.626740455627441,12.690998923148797,12.49179877689809,12.658870302202283,49554100,INTC
2009-09-17,12.47252082824707,12.780960000588943,12.35042986291779,12.613888475830015,64594100,INTC
2009-09-18,12.568904876708984,12.65886719943992,12.446815166534469,12.543202231377306,53493800,INTC
2009-09-21,12.556057929992676,12.697425585755811,12.47894751963108,12.511076142331847,36161000,INTC
2009-09-22,12.549628257751465,12.678143936266354,12.498221741219902,12.613885484194894,38173500,INTC
2009-09-23,12.774529457092285,13.005859366330064,12.5946072837988,12.613883959150025,72090600,INTC
2009-09-24,12.556057929992676,12.85164518085061,12.498225428628576,12.787386709820678,52362100,INTC
2009-09-25,12.446824073791504,12.58819178835205,12.401842267421921,12.498230626870694,39476400,INTC
2009-09-28,12.684571266174316,12.806662215658076,12.466093241046813,12.472519209506817,37809400,INTC
2009-09-29,12.517499923706055,12.71027530309513,12.491797275164418,12.639590874756317,42035200,INTC
2009-09-30,12.57533073425293,12.71669957203645,12.369704670889277,12.601034604987392,64725300,INTC
2009-10-01,12.144804000854492,12.549631495405706,12.13837803142672,12.523927617694618,70648800,INTC
2009-10-02,12.189785957336426,12.350431534544684,12.176935242637414,12.176935242637414,58171800,INTC
2009-10-05,12.273319244384766,12.382558258324766,12.176932167526692,12.28617118146669,56630400,INTC
2009-10-06,12.613890647888184,12.710278978267459,12.388987812012626,12.401838527185134,74185400,INTC
2009-10-07,12.690999031066895,12.768109437873894,12.511075565602782,12.613888624259893,49526400,INTC
2009-10-08,12.774529457092285,12.838787901394767,12.530348839496318,12.684568370445541,74199400,INTC
2009-10-09,12.960885047912598,13.057272147845561,12.72955502757071,12.74883293780869,55944900,INTC
2009-10-12,13.108674049377441,13.269319567692431,13.005861015706092,13.095822113761514,65087300,INTC
2009-10-13,13.166505813598633,13.295022711469871,13.07654472046555,13.17935774851135,116652700,INTC
2009-10-14,13.384986877441406,13.667723382290157,13.352858258411702,13.661297413358566,164972400,INTC
2009-10-15,13.282175064086914,13.449246594999574,13.198639911444769,13.372136186259743,80532900,INTC
2009-10-16,12.96730899810791,13.21791566402296,12.864495944110542,13.153657198867535,75760800,INTC
2009-10-19,13.115099906921387,13.160080455570926,12.883769970291716,13.037990745130182,68147600,INTC
2009-10-20,12.96730899810791,13.22434163310133,12.922328440187597,13.153657198867535,67829000,INTC
2009-10-21,12.761683464050293,13.121529169224589,12.633166527959592,12.960883611925379,88171800,INTC
2009-10-22,12.928753852844238,12.967308440026887,12.607462766522971,12.768108309683605,66659000,INTC
2009-10-23,12.710277557373047,13.108677872639499,12.601038524033202,13.108677872639499,82639200,INTC
2009-10-26,12.74240493774414,12.87734783665539,12.56890745012751,12.710276318094369,63005700,INTC
2009-10-27,12.684571266174316,12.935177907973678,12.639590712582446,12.85806873770995,68171500,INTC
2009-10-28,12.228341102600098,12.690999898167833,12.221915132791437,12.594612802294774,87595200,INTC
2009-10-29,12.35042953491211,12.472520496998866,12.273320356688686,12.318300914923732,77273500,INTC
2009-10-30,12.279744148254395,12.427537734998074,12.041988235365288,12.408259831046609,92276300,INTC
2009-11-02,12.215483665466309,12.305444751044178,12.048412202516074,12.241186307505185,63613700,INTC
2009-11-03,11.887772560119629,11.984159660075985,11.765681579839725,11.971307719914211,101618400,INTC
2009-11-04,12.03669548034668,12.192091076720578,11.978421977334666,12.049645422121444,85837100,INTC
2009-11-05,12.230937004089355,12.373383862648664,12.056117768090257,12.120864992918142,66146600,INTC
2009-11-06,12.256837844848633,12.373384834652938,12.13381588505806,12.17913943998768,44158900,INTC
2009-11-09,12.600006103515625,12.600006103515627,12.379863237804113,12.399286918175209,51383100,INTC
2009-11-10,12.625904083251953,12.74892605857391,12.574105551796563,12.580580522600288,59517800,INTC
2009-11-11,12.846043586730957,12.884892162776755,12.716546686613015,12.723021655116309,61333700,INTC
2009-11-12,12.74244499206543,13.273379994239187,12.710070153534216,12.949639018769938,77009600,INTC
2009-11-13,12.833091735839844,12.917265078855365,12.67769621985786,12.768343295437239,43957400,INTC
2009-11-16,13.09856128692627,13.156834768942122,12.956115683650841,13.020864134221117,64782200,INTC
2009-11-17,13.15683650970459,13.176261417937948,12.949642428445326,13.014390887582381,37596600,INTC
2009-11-18,13.027338981628418,13.130936007587875,12.949640594671843,13.10503613361103,43215700,INTC
2009-11-19,12.496403694152832,12.561152149376362,12.269785953331573,12.561152149376362,108665100,INTC
2009-11-20,12.457555770874023,12.502879321424471,12.353958731051822,12.405757250962923,49130500,INTC
2009-11-23,12.561158180236816,12.625906666547376,12.5093596381833,12.612956722290331,42994500,INTC
2009-11-24,12.554680824279785,12.625904269195265,12.46403370164148,12.587055678775195,52428500,INTC
2009-11-25,12.52230167388916,12.625898692568738,12.48345310062779,12.619423724529529,46706900,INTC
2009-11-27,12.373380661010742,12.46402774029398,12.185610299668225,12.24388377491426,35747700,INTC
2009-11-30,12.431653022766113,12.470501591125899,12.302156148268535,12.373379552739577,48593600,INTC
2009-12-01,12.72949504852295,12.74891995162927,12.593524431700136,12.599998164428431,47225800,INTC
2009-12-02,12.76834487915039,12.84604326426554,12.65827288730539,12.75539617744281,35774000,INTC
2009-12-03,12.865471839904785,13.001442508932346,12.7553998166554,12.794248402809805,49758300,INTC
2009-12-04,13.247480392456055,13.331653739372864,13.046761329381404,13.072661200732373,86311300,INTC
2009-12-07,13.189212799072266,13.279859910792414,13.07266580687535,13.085614512139461,47082900,INTC
2009-12-08,12.943161964416504,13.130932292704482,12.820140067778642,13.111507392717362,63988900,INTC
2009-12-09,12.956116676330566,13.001440224710194,12.761871309736923,12.94316673822951,53660100,INTC
2009-12-10,13.04676628112793,13.09856480851555,12.969069107533654,13.05324125142317,43211800,INTC
2009-12-11,12.884896278381348,13.098565367342884,12.82662277821235,13.07914169060279,39141600,INTC
2009-12-14,12.936690330505371,13.020863683827354,12.884891818835662,12.96259020382719,35705000,INTC
2009-12-15,12.820144653320312,12.988490141835412,12.742447495528149,12.846044529233739,43142500,INTC
2009-12-16,12.548205375671387,12.820147968207888,12.483458139094333,12.625903788527976,96648500,INTC
2009-12-17,12.347479820251465,12.489926630767137,12.347479820251465,12.45755179429824,52267400,INTC
2009-12-18,12.710075378417969,12.761873906387542,12.366910593734927,12.438132797834136,98974800,INTC
2009-12-21,13.00792121887207,13.163316843139912,12.302165320129811,12.936697761300486,56874600,INTC
2009-12-22,12.975543022155762,13.143887296238526,12.917269529213957,13.046765219660253,36092900,INTC
2009-12-23,13.014389991760254,13.105037087328117,12.969066443976322,12.988490115898548,30573800,INTC
2009-12-24,13.163311958312988,13.176261897606656,13.066189883558843,13.079139822852511,12189200,INTC
2009-12-28,13.143891334533691,13.273388299740507,13.053244199873673,13.2151147888949,27397000,INTC
2009-12-29,13.208632469177246,13.260430979449552,13.098560480476857,13.215107437333021,29331800,INTC
2009-12-30,13.331655502319336,13.338130471013313,13.11151150662014,13.11151150662014,26273600,INTC
2009-12-31,13.208632469177246,13.415826510266474,13.208632469177246,13.338129362344963,26429200,INTC
2010-01-04,13.519426345825195,13.616549653410942,13.422304273213605,13.461154090237567,47800900,INTC
2010-01-05,13.512954711914062,13.590651888091868,13.338134213052472,13.558278270513506,52357700,INTC
2010-01-06,13.467629432678223,13.551802811305507,13.383457289025241,13.474104402955268,40037400,INTC
2010-01-07,13.338129997253418,13.441727022729355,13.169784522111533,13.422302117337383,54041500,INTC
2010-01-08,13.48705005645752,13.525898630796913,13.208632597915065,13.29928091800553,48234700,INTC
2010-01-11,13.56474781036377,13.694243463807851,13.480574462399955,13.668344827108577,51086400,INTC
2010-01-12,13.344611167907715,13.532380400737337,13.19568929396925,13.512956721291758,69958400,INTC
2010-01-13,13.571223258972168,13.648921648840272,13.234533529474408,13.415827714209968,71446700,INTC
2010-01-14,13.907915115356445,13.953238664446928,13.62949761668738,13.66834743159987,150821600,INTC
2010-01-15,13.467629432678223,13.856119004480812,13.448205756821391,13.849644034203767,198078600,INTC
2010-01-19,13.629494667053223,13.707193045088978,13.499999016958725,13.532372620738894,82573500,INTC
2010-01-20,13.648923873901367,13.687772457681548,13.500003273598827,13.590650380743988,65670100,INTC
2010-01-21,13.49352741241455,13.79784356270869,13.389930372528283,13.694246522822425,73633300,INTC
2010-01-22,12.891366004943848,13.461150833711164,12.826617560542037,13.44820089783603,116302400,INTC
2010-01-25,13.15683650970459,13.325182009471275,13.04028953025272,13.105037989389775,73785600,INTC
2010-01-26,12.949639320373535,13.195681924072142,12.91726571606214,13.066186271852713,65298900,INTC
2010-01-27,13.105035781860352,13.16330926177018,12.83309328727246,12.949640247092118,74926200,INTC
2010-01-28,12.897845268249512,13.202161452818402,12.742449690918106,13.14388795694734,76974600,INTC
2010-01-29,12.561158180236816,13.098568517157538,12.496409693926257,13.033820030846979,96053900,INTC
2010-02-01,12.697127342224121,12.787774462207459,12.587055310112474,12.606478987266396,50338300,INTC
2010-02-02,12.891366004943848,12.97553935315836,12.664747067024434,12.74244544730138,63332500,INTC
2010-02-03,12.844371795654297,12.974903280414399,12.707312305075964,12.909638160460531,45582300,INTC
2010-02-04,12.413620948791504,12.77911100843537,12.367934846942635,12.77258424462083,90931100,INTC
2010-02-05,12.707317352294922,12.779110506582539,12.400566934175506,12.465833324904898,88711700,INTC
2010-02-08,12.628998756408691,12.916170130459628,12.596364938418319,12.713844193477922,62563200,INTC
2010-02-09,12.824798583984375,12.981437198973978,12.687740262688369,12.818271819419843,69454100,INTC
2010-02-10,12.85090446472168,12.96838372641259,12.69426586408478,12.785638069909737,56250600,INTC
2010-02-11,13.092386245727539,13.183759680622213,12.759528810049797,12.811741667909871,58837300,INTC
2010-02-12,13.33387565612793,13.497041043511084,12.916172662780049,13.027123931141604,91108900,INTC
2010-02-16,13.52314567565918,13.607992366796882,13.412193172146571,13.457880522295413,69083400,INTC
2010-02-17,13.483987808227539,13.614520618925967,13.39914235267076,13.614520618925967,47296700,INTC
2010-02-18,13.60146713256836,13.607993897609555,13.41219468093308,13.470934321450708,42613600,INTC
2010-02-19,13.588407516479492,13.68630645854396,13.431768960205828,13.523141140152319,40760000,INTC
2010-02-22,13.621045112609863,13.67978349829096,13.477458795814268,13.673257979212007,38730600,INTC
2010-02-23,13.307765007019043,13.673256272464995,13.242499865552704,13.601463123028687,62245300,INTC
2010-02-24,13.510093688964844,13.581885608214183,13.379560889661084,13.392614418562067,51070100,INTC
2010-02-25,13.46440601348877,13.483986306368605,13.196814901729368,13.29471512127554,48789400,INTC
2010-02-26,13.399138450622559,13.497037407710032,13.333872064279984,13.444824547606528,47795300,INTC
2010-03-01,13.621045112609863,13.666731215280123,13.457879748871548,13.497039087609924,51203300,INTC
2010-03-02,13.510093688964844,13.76463127826884,13.431773760411982,13.699364878616962,59399000,INTC
2010-03-03,13.39261245727539,13.58841038270429,13.340399594170828,13.54925104658908,49909900,INTC
2010-03-04,13.399138450622559,13.451351310726064,13.222919580953441,13.444824547606528,62750100,INTC
2010-03-05,13.568832397460938,13.601464972631666,13.346927400711724,13.483985710252325,45879700,INTC
2010-03-08,13.555778503417969,13.627570415825637,13.510092401471388,13.581884313879055,35742100,INTC
2010-03-09,13.666732788085938,13.836424935284784,13.483987111521085,13.49704064088709,83168700,INTC
2010-03-10,13.829894065856934,13.895160448462672,13.647148443531409,13.673255494514788,58435600,INTC
2010-03-11,13.869053840637207,13.882107366545995,13.699361738381198,13.797260692991618,53778700,INTC
2010-03-12,13.882107734680176,13.947374121102145,13.823368111385683,13.908213542337295,39584500,INTC
2010-03-15,13.816844940185547,13.914743922842641,13.73852500714801,13.810318175361326,34378000,INTC
2010-03-16,14.365077018737793,14.384657308142435,13.836421653340283,13.856000697892142,123060900,INTC
2010-03-17,14.515185356140137,14.586978488558016,14.299807203738984,14.397706137584512,77805900,INTC
2010-03-18,14.489087104797363,14.586986089656847,14.365081060053683,14.482560339826314,54458500,INTC
2010-03-19,14.352025032043457,14.613089361179755,14.234545772718894,14.52171715719528,77998500,INTC
2010-03-22,14.515185356140137,14.554344680707851,14.254121117601239,14.273701402311337,47405700,INTC
2010-03-23,14.795839309692383,14.848052190678661,14.593514551477218,14.613093603813773,64740900,INTC
2010-03-24,14.639198303222656,14.795836920892054,14.567405136637614,14.704464705131508,54729000,INTC
2010-03-25,14.586981773376465,14.834992544624436,14.560874721217328,14.808886737318064,52428700,INTC
2010-03-26,14.515185356140137,14.743617031681357,14.404232899154545,14.639191336265796,45700500,INTC
2010-03-29,14.57392692565918,14.67835263512034,14.528240833376502,14.632666542837663,34467900,INTC
2010-03-30,14.580451965332031,14.710984709161519,14.476026268209443,14.619611290539876,37886300,INTC
2010-03-31,14.547818183898926,14.684876433078507,14.48907857857842,14.567397222437494,45983800,INTC
2010-04-01,14.61308765411377,14.776252996369985,14.48908289029304,14.619614417186352,45491000,INTC
2010-04-05,14.743622779846191,14.782782119681139,14.580457411538776,14.671829619437979,34942900,INTC
2010-04-06,14.619621276855469,14.671834161082144,14.52824904067213,14.63920157526048,47056500,INTC
2010-04-07,14.652247428894043,14.802359236771675,14.521714664307503,14.639193903464848,62539800,INTC
2010-04-08,14.560874938964844,14.626141325485932,14.462975981609603,14.60656103607377,40824500,INTC
2010-04-09,14.717517852783203,14.73057138290115,14.593513051222141,14.619618866604888,45528700,INTC
2010-04-12,14.71098804473877,14.834992810155935,14.645721658025492,14.808887002382296,49353000,INTC
2010-04-13,14.861100196838379,14.893732768502158,14.66530103229726,14.782780282051368,122395600,INTC
2010-04-14,15.350597381591797,15.4615498762873,15.1874320214427,15.383229955680454,159980600,INTC
2010-04-15,15.80745792388916,15.905358125213382,15.533340098857426,15.552920388092826,110819600,INTC
2010-04-16,15.61165714263916,15.768295693185065,15.513758204154536,15.70302931924447,102974900,INTC
2010-04-19,15.663877487182617,15.689984547190761,15.36365376620779,15.605137847017431,71310800,INTC
2010-04-20,15.742199897766113,15.827045366427992,15.598613534849086,15.794412781139577,65991400,INTC
2010-04-21,15.533336639404297,15.748714793615404,15.363645816567358,15.729135753593255,73899300,INTC
2010-04-22,15.6573486328125,15.70303473687711,15.220065394853705,15.3701772353097,73666100,INTC
2010-04-23,15.689980506896973,15.70303278868684,15.487654578493794,15.631240881857703,56963700,INTC
2010-04-26,15.54639720916748,15.748721931833924,15.539870444584297,15.716089353771066,57727600,INTC
2010-04-27,15.239643096923828,15.585552823105223,15.20700928181527,15.487653867485069,78937600,INTC
2010-04-28,15.180904388427734,15.311435922161309,14.952472648327937,15.278803349941123,109052100,INTC
2010-04-29,15.33101749420166,15.344071022122247,15.207011468661952,15.226591760542833,59059400,INTC
2010-04-30,14.90678882598877,15.311438260673542,14.887208532754464,15.304912741115132,81864000,INTC
2010-05-03,15.180904388427734,15.298383640184936,14.945945884913334,14.99815874737733,55449900,INTC
2010-05-04,14.724041938781738,14.978580750355432,14.619616206544862,14.965527222612591,90704300,INTC
2010-05-05,14.571557998657227,14.709582979646301,14.394096234271657,14.525549671660869,96854100,INTC
2010-05-06,14.137767791748047,14.709587538246256,13.079570928357949,14.558416915942892,160695900,INTC
2010-05-07,14.006305694580078,14.262639693825541,13.447630636779078,13.973442972087522,139360500,INTC
2010-05-10,14.821319580078125,14.827892378000353,14.56498672927629,14.650431848632248,112607400,INTC
2010-05-11,14.643857955932617,15.025071431491176,14.525550109443248,14.670147892023072,102689700,INTC
2010-05-12,15.176236152648926,15.209098873483429,14.781877234472676,14.854176724667512,83343400,INTC
2010-05-13,14.788451194763184,15.228818458263655,14.696434566269291,15.136801829769764,62099000,INTC
2010-05-14,14.387520790100098,14.597845248322162,14.150906401416604,14.584700909907777,83526200,INTC
2010-05-17,14.472968101501465,14.492685238959314,14.072036258087179,14.295506342583714,64550400,INTC
2010-05-18,14.085180282592773,14.610991450090191,14.01945357324742,14.551837537042642,76636100,INTC
2010-05-19,14.196915626525879,14.269213880136077,13.802556615360462,14.144334508612673,89530600,INTC
2010-05-20,13.664532661437988,13.960301001459463,13.559369164202034,13.815703229913375,106551000,INTC
2010-05-21,13.743398666381836,13.914287562840428,13.263595949574462,13.414766462492013,111769100,INTC
2010-05-24,13.58565902709961,13.947154047529683,13.54622350300224,13.769693562275172,56436100,INTC
2010-05-25,13.703967094421387,13.71711268722964,13.165010325610309,13.224164239614717,96151400,INTC
2010-05-26,13.605379104614258,14.131190336616616,13.60537910461426,13.868284720615437,85666800,INTC
2010-05-27,14.302077293395996,14.328367224490382,13.881428366824336,13.907718297918722,83236800,INTC
2010-05-28,14.078608512878418,14.295505791990898,13.953727881379473,14.24949746818413,72712600,INTC
2010-06-01,13.920866012573242,14.288933879436843,13.888002026654156,13.999737071513287,57164500,INTC
2010-06-02,14.334936141967773,14.348081730774414,13.907714534810696,14.058885045190033,61537200,INTC
2010-06-03,14.394091606140137,14.45981830370164,14.111467684168407,14.433527123224044,54614400,INTC
2010-06-04,13.769692420959473,14.196914115229571,13.664530196327837,14.157478594400859,67919400,INTC
2010-06-07,13.349043846130371,13.822275166522601,13.303035524121738,13.763121251473573,65435200,INTC
2010-06-08,13.263603210449219,13.296465947375253,12.974406361694506,13.289893149263435,91377800,INTC
2010-06-09,13.099285125732422,13.539652506527576,13.053276799230863,13.401626273390024,58981200,INTC
2010-06-10,13.506784439086914,13.539648414966022,13.30960559834225,13.37533229646797,57168300,INTC
2010-06-11,13.565940856933594,13.638240363638245,13.329326454902173,13.349043590452366,49491800,INTC
2010-06-14,13.730255126953125,13.894571253426504,13.684246812121788,13.769691899922178,68877500,INTC
2010-06-15,14.118041038513184,14.170622147918666,13.809127177460052,13.874853877625036,62082000,INTC
2010-06-16,14.124615669250488,14.229777901726267,13.940581135601526,14.0720345530126,43764600,INTC
2010-06-17,14.144333839416504,14.256068866399756,13.93400937771454,14.190342158709722,37270900,INTC
2010-06-18,14.065462112426758,14.229778261529017,13.920864352524553,14.170624347561585,64872600,INTC
2010-06-21,13.927434921264648,14.256067166905224,13.841989835363885,14.242921576207793,48844300,INTC
2010-06-22,13.789409637451172,14.019452475327983,13.710538595319623,13.887999066931917,58831100,INTC
2010-06-23,13.67767333984375,13.815699531140663,13.579083919564525,13.763118423416243,61352400,INTC
2010-06-24,13.355618476867676,13.664533687578624,13.276747415058912,13.552798638655437,62003900,INTC
2010-06-25,13.165011405944824,13.41477142163355,13.072993502368696,13.408198624690051,94683200,INTC
2010-06-28,13.381908416748047,13.533078982456953,13.08613882850644,13.217592257421112,54468400,INTC
2010-06-29,13.00726318359375,13.178150825787924,12.915245314374928,13.145288106973435,79050800,INTC
2010-06-30,12.783798217773438,13.165011672793458,12.750934232389813,12.948114383792978,64294700,INTC
2010-07-01,12.65234375,12.895532207442567,12.488027597402597,12.77065158045137,88020000,INTC
2010-07-02,12.619478225708008,12.731213234870149,12.46173365095824,12.626049767159477,58093400,INTC
2010-07-06,12.803511619567871,12.987546123120081,12.652341091810248,12.8495199320478,60697600,INTC
2010-07-07,13.237310409545898,13.257028801485385,12.74436189375487,12.790370221314102,72806800,INTC
2010-07-08,13.211020469665527,13.38190943885392,13.033558703166094,13.368763844231836,65407600,INTC
2010-07-09,13.303034782409668,13.329325967024591,13.119000251003248,13.184726958907875,52843800,INTC
2010-07-12,13.51993179321289,13.57251290784656,13.34247006121201,13.349042857245301,56587900,INTC
2010-07-13,13.80912971496582,14.64385607709199,13.68424908706808,13.782838528615658,103191800,INTC
2010-07-14,14.039180755615234,14.624146202554703,13.986599605931165,14.499265501942476,199002600,INTC
2010-07-15,14.137767791748047,14.190348932272402,13.809135350062503,14.02603271142963,118558200,INTC
2010-07-16,13.815699577331543,14.11804063434967,13.802553986948364,14.085177912024221,80451500,INTC
2010-07-19,14.190345764160156,14.203491359764701,13.907721726827422,13.914294524629694,63430400,INTC
2010-07-20,14.22978401184082,14.282365150656478,13.868288839187318,13.907724379890753,72666400,INTC
2010-07-21,13.973442077636719,14.22977480684162,13.920860972834882,14.177193702039784,71775300,INTC
2010-07-22,14.315221786499023,14.446673939142162,14.026025044871972,14.032597840549018,74465500,INTC
2010-07-23,14.256065368652344,14.27578249857885,14.019449780475291,14.223201396054215,62115500,INTC
2010-07-26,14.269214630126953,14.288933020493081,14.072035740996876,14.249497493393626,50929500,INTC
2010-07-27,14.183768272399902,14.288930495168017,14.058887662750546,14.24949497503812,53975800,INTC
2010-07-28,14.019454956054688,14.25607063158344,13.993165021903067,14.223206646852873,51673900,INTC
2010-07-29,13.822274208068848,14.118042509172295,13.644812475227178,14.058888598225073,83811400,INTC
2010-07-30,13.53964900970459,13.749973450039544,13.526503418775516,13.651384025336602,67395900,INTC
2010-08-02,13.901147842407227,13.986592953524742,13.625096624454999,13.736831671093588,50316200,INTC
2010-08-03,13.71711254119873,13.82227477527975,13.611949053484993,13.809129182611443,60929200,INTC
2010-08-04,13.729031562805176,13.815128466170563,13.543594410687467,13.782013786723931,85639700,INTC
2010-08-05,13.689299583435059,13.768773576297479,13.550220411724888,13.669430769420387,44475000,INTC
2010-08-06,13.676053047180176,13.782017523750199,13.51710633232514,13.543598083065747,50833800,INTC
2010-08-09,13.676053047180176,13.768772911576097,13.51710633232514,13.768772911576097,46082800,INTC
2010-08-10,13.126359939575195,13.358157672012092,13.046887225320042,13.318421314884516,136352400,INTC
2010-08-11,12.868074417114258,12.967415962326285,12.781977484919896,12.934302534987703,99079200,INTC
2010-08-12,12.881317138671875,13.066754307468107,12.636273541510604,12.695878706679672,86580600,INTC
2010-08-13,12.682636260986328,12.907811109542436,12.682636260986328,12.801846623539127,57384800,INTC
2010-08-16,12.894566535949707,12.95417172324903,12.656147049948856,12.676014603584337,48721100,INTC
2010-08-17,12.934298515319824,13.159473288192881,12.914429707173651,13.060130510657912,60836400,INTC
2010-08-18,12.974038124084473,13.099871414194698,12.894564134752699,12.93430176101669,58982400,INTC
2010-08-19,12.51706314086914,12.669386889580782,12.457457976034851,12.563422432807815,159900400,INTC
2010-08-20,12.523689270019531,12.583294450049152,12.424347724368927,12.530312208155744,95174400,INTC
2010-08-23,12.384607315063477,12.570044469545381,12.318379218521708,12.53030811689867,71954400,INTC
2010-08-24,12.192546844482422,12.371362339137521,12.179300971575534,12.291888364892154,75107400,INTC
2010-08-25,12.238906860351562,12.311757902452383,12.04022380778065,12.093206039345963,63350600,INTC
2010-08-26,12.040225982666016,12.325006002469305,12.000489617613267,12.318383064427803,69586000,INTC
2010-08-27,12.16605281829834,12.265394309773201,11.795176064105311,12.073332998152283,135184300,INTC
2010-08-30,11.89452075958252,12.126318477593133,11.881276150161638,12.086582122938609,73718900,INTC
2010-08-31,11.70246410369873,11.868033770551742,11.656104799091297,11.841542017521032,111601400,INTC
2010-09-01,12.01373291015625,12.099829832037223,11.848163266904058,11.881277953472175,73611500,INTC
2010-09-02,12.106449127197266,12.139562540607278,11.97399294716572,12.073334450591505,53192100,INTC
2010-09-03,12.205790519714355,12.31175495749844,12.0534667982992,12.26539567386737,59143200,INTC
2010-09-07,12.000492095947266,12.192552286029928,11.954131520082386,12.159438852180116,58636500,INTC
2010-09-08,11.854785919189453,11.954127450113043,11.755444388265863,11.947505776154758,101747000,INTC
2010-09-09,11.921012878417969,11.973995107349765,11.874653586002145,11.95412629780185,65019600,INTC
2010-09-10,11.901142120361328,11.987239017776812,11.815046486141616,11.88789751269383,68814700,INTC
2010-09-13,12.291891098022461,12.291891098022461,12.053471648665184,12.066716261321075,73870900,INTC
2010-09-14,12.411101341247559,12.450837705245775,12.146190142599055,12.272023435655683,64479500,INTC
2010-09-15,12.39785385131836,12.430968536335545,12.278644774844704,12.404476788321796,56107300,INTC
2010-09-16,12.563423156738281,12.570046093567713,12.305134936370573,12.384608915127734,69165800,INTC
2010-09-17,12.457460403442383,12.636275932788477,12.364741801498278,12.603162507293073,70436600,INTC
2010-09-20,12.536931037902832,12.556798582604527,12.3779843643099,12.510439294039406,44935100,INTC
2010-09-21,12.676010131835938,12.76210704453853,12.477327086392414,12.503817569626753,69131400,INTC
2010-09-22,12.589914321899414,12.748861008868017,12.510440346817123,12.609783131468983,61569400,INTC
2010-09-23,12.570047378540039,12.788599263468639,12.4177236054799,12.483951717348358,51954700,INTC
2010-09-24,12.861452102661133,12.881320917945493,12.702505369975281,12.735618798919537,55749300,INTC
2010-09-27,12.742236137390137,12.86806938583054,12.70249978748109,12.848200579278123,51071000,INTC
2010-09-28,12.921050071716309,12.960786416904563,12.649516063737902,12.788593903494611,61019600,INTC
2010-09-29,12.742236137390137,12.993902634270942,12.662763437572043,12.901182800222115,62484300,INTC
2010-09-30,12.715743064880371,12.98065411556631,12.656137920576594,12.808461616821567,75382200,INTC
2010-10-01,12.795220375061035,13.477367682528339,12.50381748234153,12.894561897089327,41275000,INTC
2010-10-04,12.497199058532715,12.781977825543851,12.43097093889437,12.748864397322837,67082000,INTC
2010-10-05,12.682636260986328,12.775356133636459,12.603163528082005,12.63627695625942,61004600,INTC
2010-10-06,12.788601875305176,12.828339508459631,12.669391502234657,12.72237374991084,54990000,INTC
2010-10-07,12.848203659057617,12.940923515331864,12.72237038045434,12.828336110938636,51794600,INTC
2010-10-08,12.927677154541016,12.967413512479446,12.722369901601038,12.848203175468115,46528700,INTC
2010-10-11,12.954167366027832,13.080000637245586,12.934299819074935,12.974036176176746,52722400,INTC
2010-10-12,13.093245506286621,13.113113051715464,12.874693664197894,13.013771534983483,94743400,INTC
2010-10-13,12.742236137390137,13.265436674508376,12.689253916446145,13.232321996921014,173827300,INTC
2010-10-14,12.795220375061035,12.887938960527975,12.7157476627168,12.788597438499686,59255900,INTC
2010-10-15,12.795220375061035,12.894561897089327,12.7157476627168,12.87469435060126,64052800,INTC
2010-10-18,12.709122657775879,12.795218292669606,12.563420603530796,12.755481942964485,54985100,INTC
2010-10-19,12.722373008728027,12.841583374853563,12.517066968843137,12.589918028852374,85409800,INTC
2010-10-20,13.007148742675781,13.099868587421206,12.775352288802058,12.78197396188765,84884600,INTC
2010-10-21,13.086625099182129,13.152853210867914,12.960791813298755,13.080002161693933,74287500,INTC
2010-10-22,13.139607429504395,13.19921260412664,13.08000225488215,13.106494005023668,50129800,INTC
2010-10-25,13.159473419189453,13.24556906228813,13.113112866386887,13.21245564491077,45769400,INTC
2010-10-26,13.272061347961426,13.318420639458552,13.066754109622789,13.106491727931143,56344600,INTC
2010-10-27,13.371405601501465,13.378028539240436,13.11973902020537,13.199213009876825,48151900,INTC
2010-10-28,13.556839942932129,13.596577560975515,13.258815386782418,13.437630878389813,71144000,INTC
2010-10-29,13.27868366241455,13.616445855171309,13.252193178792302,13.543596077813117,60774400,INTC
2010-11-01,13.623071670532227,13.689299788376362,13.47074788372811,13.477370821832153,51593700,INTC
2010-11-02,13.470746994018555,13.70916769723183,13.437633568881687,13.669430071232153,60959100,INTC
2010-11-03,13.669648170471191,13.696347313731806,13.496107558532847,13.576203715229475,53044600,INTC
2010-11-04,13.99670696258545,14.030080896252844,13.723047071939796,13.789793666189189,66048200,INTC
2010-11-05,14.176918029785156,14.210291953199613,13.996702662602102,14.023401801333668,55960500,INTC
2010-11-08,14.170244216918945,14.350459596461441,14.130196779160089,14.243665580381094,53006900,INTC
2010-11-09,14.12352180480957,14.250340174612933,14.036752145313631,14.15022094501452,46639500,INTC
2010-11-10,14.043432235717773,14.13020192799372,13.89658945528617,14.116852352848019,48072100,INTC
2010-11-11,14.156895637512207,14.170245208727891,13.716369972076068,13.80981569750068,69682800,INTC
2010-11-12,14.37048625946045,14.557375181068672,14.236993081381465,14.310414456633437,100662400,INTC
2010-11-15,14.216973304748535,14.457260593499052,14.190275424379427,14.450585805135347,50076900,INTC
2010-11-16,14.063450813293457,14.196943975749985,13.93663243626827,14.103498252796356,62890100,INTC
2010-11-17,14.070123672485352,14.163568109561027,13.970004450892132,14.030076238465059,44262100,INTC
2010-11-18,14.030080795288086,14.176922283111717,13.963334201519022,14.050103882259034,68847000,INTC
2010-11-19,14.110175132751465,14.150223851284371,13.936634505031552,13.996706309745573,49134200,INTC
2010-11-22,14.183600425720215,14.203624790514434,13.93663835226762,13.963337505326576,40328600,INTC
2010-11-23,14.076804161071777,14.163573848789897,13.889913938105574,14.043431498046075,44856200,INTC
2010-11-24,14.277042388916016,14.39718601025039,14.13020089233259,14.170248341748895,42449700,INTC
2010-11-26,14.243664741516113,14.303736531159084,14.083473726829867,14.17691816712559,19147500,INTC
2010-11-29,14.236990928649902,14.31708707800326,14.096824258637906,14.116847341162417,46887900,INTC
2010-11-30,14.12352180480957,14.216966249356744,14.063450012433506,14.136871374912046,52406500,INTC
2010-12-01,14.337114334106445,14.417210506776048,14.29706688431438,14.323764759813931,52939300,INTC
2010-12-02,14.483955383300781,14.530677614684762,14.33711262971075,14.350462202416267,48095800,INTC
2010-12-03,14.477283477783203,14.537355293826394,14.430561237101958,14.437234751697357,43907400,INTC
2010-12-06,14.483955383300781,14.524002828332005,14.383834861094734,14.423883579211282,31861200,INTC
2010-12-07,14.403852462768555,14.590742573712685,14.403852462768555,14.577393007269949,46991400,INTC
2010-12-08,14.564048767089844,14.617445779304047,14.457254742661435,14.47727909964871,68959600,INTC
2010-12-09,14.557377815246582,14.730918468917567,14.49730600154949,14.690871017481347,79874700,INTC
2010-12-10,14.624123573303223,14.670845809466261,14.550702188998192,14.624123573303224,52407700,INTC
2010-12-13,14.350460052490234,14.697541252323454,14.243666033016188,14.690866466970686,78296300,INTC
2010-12-14,14.330439567565918,14.39051137888313,14.21697073208735,14.283717330560416,41699300,INTC
2010-12-15,14.203617095947266,14.350458538965619,14.203617095947267,14.250339315403787,42701400,INTC
2010-12-16,14.216973304748535,14.277045126936164,14.183600636015722,14.250347246567056,35224900,INTC
2010-12-17,14.323761940002441,14.343786297499165,14.196944828445524,14.223642698689266,57138100,INTC
2010-12-20,14.170244216918945,14.303737373561926,14.150221134582063,14.277038232999294,34211900,INTC
2010-12-21,14.083479881286621,14.196948725410698,14.07013030595777,14.196948725410698,34102300,INTC
2010-12-22,13.943312644958496,14.030083616230398,13.88991561382411,13.983361373123516,49206900,INTC
2010-12-23,13.90993595123291,13.96333296690983,13.81649149206962,13.90993595123291,27960800,INTC
2010-12-27,13.90993595123291,13.92328552342346,13.783117561593249,13.849864149460716,18604300,INTC
2010-12-28,13.93663501739502,13.970008950732726,13.856540123555291,13.889912783807615,21169600,INTC
2010-12-29,13.976679801940918,14.056774673228071,13.936631093212315,13.976679801940918,20848400,INTC
2010-12-30,14.030080795288086,14.07012824231537,13.970008988204466,13.983358561575358,18876000,INTC
2010-12-31,14.03675651550293,14.056779603805534,13.976684704424171,14.03675651550293,15743700,INTC
2011-01-03,13.916608810424805,14.050100694591087,13.869886587312351,14.02340282699187,58223800,INTC
2011-01-04,14.116848945617676,14.150222875426827,14.050102359084622,14.096825860817434,75206200,INTC
2011-01-05,13.976679801940918,14.156893898879527,13.949980662788516,14.143545602388352,61810500,INTC
2011-01-06,13.863219261169434,13.89659193189571,13.71637645456794,13.796472646631099,116669000,INTC
2011-01-07,13.789793014526367,13.863214392039572,13.529482709649127,13.823165673531276,74806100,INTC
2011-01-10,13.809816360473633,13.86321337481464,13.729720202419502,13.823164659244952,51449700,INTC
2011-01-11,14.050098419189453,14.096821907820175,13.843185204735823,13.903256988461859,64452600,INTC
2011-01-12,14.216973304748535,14.236997669839647,14.063456991640464,14.19695021274313,53380600,INTC
2011-01-13,14.210296630859375,14.230319718414124,14.070128652549014,14.190272270219202,104066300,INTC
2011-01-14,14.070123672485352,14.297061253741969,13.996702315877336,14.250339035204131,154888800,INTC
2011-01-18,14.070123672485352,14.150219813610912,13.976679235409676,14.036751022982603,55272100,INTC
2011-01-19,14.023404121398926,14.1034990046747,13.98335667976104,14.063451563036814,43339000,INTC
2011-01-20,13.983358383178711,13.983358383178711,13.763095517710635,13.97668359657842,56170800,INTC
2011-01-21,13.896586418151855,14.043429166490604,13.889911632037796,13.983357364549349,63697600,INTC
2011-01-24,14.176918029785156,14.176918029785156,13.970004796955541,14.03675137069945,82375700,INTC
2011-01-25,14.383833885192871,14.397183456992657,14.130198386423126,14.20361975823671,72327200,INTC
2011-01-26,14.517329216003418,14.61744847322084,14.45725740705588,14.530678789788523,57196100,INTC
2011-01-27,14.517329216003418,14.644147620791045,14.45058262016333,14.524004002895971,58069200,INTC
2011-01-28,14.323761940002441,14.610771365362705,14.250341842018232,14.524001695714013,55193100,INTC
2011-01-31,14.323761940002441,14.44390553881234,14.0367537877274,14.38383373940739,90844300,INTC
2011-02-01,14.337114334106445,14.483957105153138,14.20362241043774,14.343789121252701,60971000,INTC
2011-02-02,14.390508651733398,14.490627893926629,14.330436851800412,14.337111637691326,46928100,INTC
2011-02-03,14.519075393676758,14.572924486871473,14.33733422269572,14.411377207287325,39846000,INTC
2011-02-04,14.593118667602539,14.60658126213405,14.424840087549674,14.45176399274902,39353500,INTC
2011-02-07,14.599852561950684,14.714282068096374,14.5594647711718,14.633507770402513,43643100,INTC
2011-02-08,14.566190719604492,14.593115903567703,14.404643467415525,14.572922015595294,48215100,INTC
2011-02-09,14.445030212402344,14.539267074060062,14.41810631183118,14.492149285162931,44601400,INTC
2011-02-10,14.673888206481934,14.70081338919512,14.370987604138845,14.424836685701843,56661800,INTC
2011-02-11,14.646964073181152,14.707544449452747,14.485416831078018,14.559458514627357,43716600,INTC
2011-02-14,14.519075393676758,14.67389137612861,14.471957597614336,14.559461892606882,45134600,INTC
2011-02-15,14.43830394744873,14.505614358277992,14.323874451629678,14.458496557151992,50640200,INTC
2011-02-16,14.64023208618164,14.72773635673943,14.4248357735502,14.51907133936063,55214100,INTC
2011-02-17,14.788322448730469,14.848902845567153,14.586388648517387,14.593119946372996,50185500,INTC
2011-02-18,14.902746200561523,14.949863983526317,14.815241929893094,14.869091008119042,55060500,INTC
2011-02-22,14.680621147155762,14.936405276138695,14.626772059558858,14.774858013347984,64515600,INTC
2011-02-23,14.236368179321289,14.620043151613428,14.142132581597249,14.606581840412659,83648300,INTC
2011-02-24,14.330601692199707,14.411374675871858,14.155591849092142,14.202709636878135,54496400,INTC
2011-02-25,14.714272499084473,14.80850804855729,14.445025871111156,14.485413635624996,53475700,INTC
2011-02-28,14.451762199401855,14.700815031874663,14.38445180282433,14.640234647864075,66390100,INTC
2011-03-01,14.397911071777344,14.599846084488245,14.370987173733893,14.545997004538005,57987400,INTC
2011-03-02,14.465221405029297,14.606576029241683,14.404641035204447,14.418103624912908,52192300,INTC
2011-03-03,14.667165756225586,14.727744880834662,14.572928852009609,14.57966015115818,50504000,INTC
2011-03-04,14.512344360351562,14.862364114411747,14.40464617200438,14.72774073704593,64664800,INTC
2011-03-07,14.276753425598145,14.633504460263442,14.189249133098757,14.599849259424511,57520200,INTC
2011-03-08,14.22290325164795,14.31040882135223,14.148861558663771,14.31040882135223,57165700,INTC
2011-03-09,14.270021438598633,14.36425701500325,14.095011593944744,14.189247170349361,60415900,INTC
2011-03-10,13.99404239654541,14.148858327449837,13.946923332308076,14.095009252184678,69121300,INTC
2011-03-11,14.047898292541504,14.108477408247698,13.872888391990694,13.886349704445488,45640700,INTC
2011-03-14,14.027701377868652,14.054625280845313,13.879616701838083,13.906540604814746,48954200,INTC
2011-03-15,13.583451271057129,13.684418192671126,13.469021750864181,13.61710648364044,80464000,INTC
2011-03-16,13.334394454956055,13.711339402360892,13.267082765500643,13.482480428530701,84812700,INTC
2011-03-17,13.394976615905762,13.50267481971065,13.327664917561739,13.475750910691358,59048300,INTC
2011-03-18,13.415165901184082,13.56325055956869,13.38150942164434,13.448821096860405,74001300,INTC
2011-03-21,13.590174674987793,13.724796730974964,13.381508369833202,13.394970960590916,43392300,INTC
2011-03-22,13.563254356384277,13.603640859274103,13.448824861643288,13.583448249761078,45962800,INTC
2011-03-23,13.657486915588379,13.704604701345863,13.469014488695077,13.522863570112682,37924600,INTC
2011-03-24,13.718069076538086,13.805574655824943,13.650758672611163,13.805574655824943,49378300,INTC
2011-03-25,13.711331367492676,13.86614726381311,13.603631957157875,13.664212313781166,52478400,INTC
2011-03-28,13.691143035888672,13.906539376125261,13.684411739773347,13.758454713178471,37109400,INTC
2011-03-29,13.65075969696045,13.657490994630988,13.448824618435546,13.64402839928991,59545200,INTC
2011-03-30,13.771921157836914,13.771921157836914,13.536332125253965,13.744997247197693,54565700,INTC
2011-03-31,13.583451271057129,13.711343389829025,13.42190393970192,13.657494279377289,87528000,INTC
2011-04-01,13.273812294006348,13.718067587802853,13.166114118774681,13.718067587802853,82621500,INTC
2011-04-04,13.118998527526855,13.327663616546449,13.031494226926295,13.32093360284649,69372800,INTC
2011-04-05,13.267075538635254,13.381504963218147,13.15937740771759,13.186302582378502,62605700,INTC
2011-04-06,13.428629875183105,13.428629875183107,13.267081324491299,13.368049489639567,56267400,INTC
2011-04-07,13.482476234436035,13.52286272200048,13.341121602165542,13.40843327068181,51606400,INTC
2011-04-08,13.475749969482422,13.596910761266455,13.428632169091692,13.489212564983708,46474900,INTC
2011-04-11,13.54306411743164,13.59691322533168,13.469021112620087,13.509407622579115,43166300,INTC
2011-04-12,13.300742149353027,13.509407276639319,13.253624341630054,13.46902076771448,52110300,INTC
2011-04-13,13.31420612335205,13.428635647021952,13.273818326388014,13.381516550563909,38977500,INTC
2011-04-14,13.179577827453613,13.233426919628418,13.065148346099203,13.21996432561881,52706900,INTC
2011-04-15,13.294007301330566,13.294007301330566,13.145922618899055,13.193040414042553,44283000,INTC
2011-04-18,13.206503868103027,13.287276869648236,13.09207437936089,13.145923475012266,46481400,INTC
2011-04-19,13.368051528930664,13.448824532734907,13.20650423745843,13.240159441732906,81426500,INTC
2011-04-20,14.411376953125,14.431570844165744,14.09501369666845,14.27675358058063,174554500,INTC
2011-04-21,14.445030212402344,14.46522410072831,14.26329035292248,14.397912423505215,77640100,INTC
2011-04-25,14.768133163452148,14.815250975184211,14.357532888877182,14.384458086360693,81676700,INTC
2011-04-26,15.131608009338379,15.165264492106383,14.680621411155457,14.687352707709058,105300000,INTC
2011-04-27,15.23257827758789,15.26623476784098,15.030644471524655,15.171999162859983,68452900,INTC
2011-04-28,15.347005844116211,15.394124924536968,15.11141686133076,15.11141686133076,55000000,INTC
2011-04-29,15.582597732543945,15.60952292415808,15.232577944742998,15.34700744137547,156189000,INTC
2011-05-02,15.42104434967041,15.60278546976366,15.353732681058469,15.495087313529874,71970500,INTC
2011-05-03,15.636446952819824,15.79126295420684,15.259503254353762,15.353738858004325,110500000,INTC
2011-05-04,15.942408561706543,15.983112221261338,15.41325581171019,15.63712788018057,137107200,INTC
2011-05-05,16.017024993896484,16.186625000036194,15.7185286207859,15.894912782444639,94292200,INTC
2011-05-06,15.77280330657959,16.00345945844952,15.691394720177316,15.91526671535159,100005900,INTC
2011-05-09,15.440385818481445,15.73888221293958,15.36576139638055,15.691393120910085,73296400,INTC
2011-05-10,15.623558044433594,15.73888613737094,15.48109332071298,15.501445793800432,66314300,INTC
2011-05-11,15.881338119506836,16.03058559939643,15.738874792422886,15.799930873728819,85800000,INTC
2011-05-12,16.084871292114258,16.166279901500456,15.759239442461372,15.772807759683396,66300000,INTC
2011-05-13,15.881338119506836,16.14591360920266,15.84741864942347,16.050938057813354,53099500,INTC
2011-05-16,16.037378311157227,16.247683278534815,15.786370993113113,15.820290481298903,74471600,INTC
2011-05-17,15.97632122039795,15.989889532420845,15.65747365153259,15.854210294028235,86074100,INTC
2011-05-18,16.200193405151367,16.254465360008247,15.955970255268145,16.010242210125025,65592900,INTC
2011-05-19,15.96953296661377,16.19340486362494,15.738876915881649,15.820284172642976,98367500,INTC
2011-05-20,15.752447128295898,15.969536209616358,15.704959336550738,15.915262968827284,63124700,INTC
2011-05-23,15.508223533630371,15.623551578840786,15.440383278692732,15.548927169014858,64900000,INTC
2011-05-24,15.33862590789795,15.542145410140677,15.32505759602965,15.528577098272377,51736300,INTC
2011-05-25,15.386115074157715,15.487874834331079,15.202946729478324,15.277571157446717,49375900,INTC
2011-05-26,15.264002799987793,15.358978403347365,15.230083311343819,15.345411384257105,44432200,INTC
2011-05-27,15.067265510559082,15.277570471952762,14.999426536117763,15.236865534553376,67162300,INTC
2011-05-31,15.27078628540039,15.358977728366307,15.141889905115905,15.230082642027314,59575300,INTC
2011-06-01,14.924803733825684,15.250435504744019,14.911235419884344,15.230084327777645,56011400,INTC
2011-06-02,14.985857963562012,15.148673828497298,14.829826254742214,14.931586008583583,53445700,INTC
2011-06-03,14.741629600524902,14.992638134292262,14.700925968597403,14.78233452639753,53937700,INTC
2011-06-06,14.809471130371094,14.890879695211144,14.694143084982413,14.748415030227365,49667100,INTC
2011-06-07,14.965509414672852,15.223302238795267,14.924805761265137,14.951942392834153,60300000,INTC
2011-06-08,14.802694320678711,15.012998051114016,14.74163819023848,14.897669948498677,49513200,INTC
2011-06-09,14.761981964111328,14.931581938937132,14.72127833245777,14.83660636709712,36986100,INTC
2011-06-10,14.504191398620605,14.78911944974894,14.42278412340983,14.741631656885103,53233300,INTC
2011-06-13,14.510980606079102,14.653445328217002,14.436357460145688,14.538117236560895,43550000,INTC
2011-06-14,14.802694320678711,14.870534609384066,14.619525929358018,14.653446720683638,51995000,INTC
2011-06-15,14.531333923339844,14.809477932212069,14.517765607310508,14.707718149883714,48556700,INTC
2011-06-16,14.531333923339844,14.782342594099232,14.429574141011491,14.558469261452682,53634800,INTC
2011-06-17,14.375296592712402,14.707712442766937,14.293888022071647,14.707712442766937,96504000,INTC
2011-06-20,14.470274925231934,14.531331041308716,14.361731006416667,14.37529931975497,37358400,INTC
2011-06-21,14.687359809875488,14.714496431096103,14.39564760148046,14.558463446968199,55384300,INTC
2011-06-22,14.517762184143066,14.660226880967441,14.504193871313024,14.612739080007826,37679600,INTC
2011-06-23,14.728067398071289,14.734851555196066,14.287107536526134,14.382084442327342,54189000,INTC
2011-06-24,14.382083892822266,14.748419305943743,14.368515579091126,14.660227854582564,124407700,INTC
2011-06-27,14.477052688598633,14.572028252132839,14.246396639491268,14.361724664044951,45183400,INTC
2011-06-28,14.578819274902344,14.61274005925058,14.422787548737313,14.531331470760431,36515100,INTC
2011-06-29,14.510980606079102,14.633092855355654,14.456708639061274,14.60595751881962,31660400,INTC
2011-06-30,15.033349990844727,15.074053645040868,14.572037596802334,14.572037596802334,53930200,INTC
2011-07-01,15.284357070922852,15.318276563564504,14.992644776000104,15.067267918600882,35837100,INTC
2011-07-05,15.223295211791992,15.392895198974339,15.16902326765145,15.392895198974339,33358200,INTC
2011-07-06,15.433597564697266,15.481085350172808,15.22329396018624,15.23007811438919,43269800,INTC
2011-07-07,15.759239196777344,15.867783144969456,15.508231801812805,15.52858298338262,53107000,INTC
2011-07-08,15.664257049560547,15.73888146813,15.474304572268029,15.576064319624761,35838800,INTC
2011-07-11,15.50144100189209,15.589632436783846,15.420032428653617,15.494656846293436,34663100,INTC
2011-07-12,15.230086326599121,15.413253413063812,15.087621599409024,15.345414422345085,51048100,INTC
2011-07-13,15.250432968139648,15.420032982359917,15.141889062554311,15.31148907677458,43265500,INTC
2011-07-14,15.107972145080566,15.399684426150909,15.067267203108676,15.30470752216214,47571900,INTC
2011-07-15,15.175811767578125,15.30470686310163,15.060483691515378,15.107971494491995,49959400,INTC
2011-07-18,15.114757537841797,15.216517313200008,14.979076974733683,15.121541695391777,45195400,INTC
2011-07-19,15.643904685974121,15.671041308886263,15.22329738239912,15.22329738239912,55706900,INTC
2011-07-20,15.596419334411621,15.752451058776707,15.535363217234742,15.671043765171271,57158800,INTC
2011-07-21,15.474300384521484,15.521788167506841,15.040124889861024,15.162237071220538,80125400,INTC
2011-07-22,15.691393852233887,15.77280243413318,15.453954850747431,15.562498763982815,45085500,INTC
2011-07-25,15.623558044433594,15.793158104991706,15.467525005321345,15.562501919117013,40716100,INTC
2011-07-26,15.535364151000977,15.70496419914279,15.487876344552577,15.6235569006443,45573600,INTC
2011-07-27,15.284357070922852,15.433604650070109,15.162244827099775,15.365764370841099,59198500,INTC
2011-07-28,15.29792594909668,15.521797991973113,15.148678351827677,15.243653977912873,36736700,INTC
2011-07-29,15.148675918579102,15.34541259123583,15.074051484958183,15.162244232682113,51897500,INTC
2011-08-01,15.087617874145508,15.392898432786586,14.856961739604579,15.311489852500468,51674300,INTC
2011-08-02,14.73485279083252,15.05370173270675,14.728068633138836,14.931589482112004,56976600,INTC
2011-08-03,14.940361022949219,15.049964670014251,14.625250864281883,14.796506726143313,65640300,INTC
2011-08-04,14.282733917236328,14.940355559128447,14.275883528477694,14.70744756764714,86743900,INTC
2011-08-05,14.241634368896484,14.522493804250601,13.844319619140888,14.385488628019141,101800300,INTC
2011-08-08,13.775818824768066,14.296436683649146,13.755267655633123,13.864871277863008,137491600,INTC
2011-08-09,14.111479759216309,14.12518053832702,13.371654672754547,13.892272519757743,116628500,INTC
2011-08-10,13.652510643005371,14.04982399022508,13.542907051122546,13.885418602400843,95403800,INTC
2011-08-11,14.221083641052246,14.385489073676302,13.748417205646692,13.796368626839762,75327100,INTC
2011-08-12,14.145731925964355,14.323838153876896,14.084079719895461,14.234785693209801,54183200,INTC
2011-08-15,14.310133934020996,14.337535488611916,14.132027748914123,14.214231106108848,46288900,INTC
2011-08-16,14.241634368896484,14.433440047726695,14.042976994018685,14.207382421549521,44763700,INTC
2011-08-17,14.159429550170898,14.37178637563777,13.97447297319424,14.097777357845347,51304900,INTC
2011-08-18,13.54290771484375,13.823767096130297,13.392201788685547,13.803215931678375,92196400,INTC
2011-08-19,13.145602226257324,13.67306936418609,13.125051049489167,13.43331216811789,79157400,INTC
2011-08-22,13.275748252868652,13.481255984613632,13.193546205433048,13.392202242217412,48904000,INTC
2011-08-23,13.501806259155273,13.501806259155273,13.220946859704437,13.262049191266529,54210800,INTC
2011-08-24,13.563459396362305,13.61826120235774,13.268900505748165,13.412754756519387,53521400,INTC
2011-08-25,13.303150177001953,13.618260211913496,13.28944939985501,13.584009575624163,51597200,INTC
2011-08-26,13.54290771484375,13.679911558122733,13.200396146779385,13.309999744033746,53819400,INTC
2011-08-29,13.905969619750977,13.912820008137567,13.584009205049119,13.659362170723634,40646100,INTC
2011-08-30,13.864871978759766,13.940224962818894,13.645664723218632,13.830621335048328,39098800,INTC
2011-08-31,13.789520263671875,13.981327283210431,13.714168579256865,13.858022863976963,55288500,INTC
2011-09-01,13.69361400604248,13.940222783258003,13.69361400604248,13.892271366927895,40781200,INTC
2011-09-02,13.453853607177734,13.652510938374437,13.405902198013816,13.56345720143181,42807600,INTC
2011-09-06,13.385356903076172,13.412757157690063,13.125047298063276,13.18669950416747,44255600,INTC
2011-09-07,13.755265235900879,13.796366260362314,13.604560608490273,13.714164211439442,46090100,INTC
2011-09-08,13.631964683532715,13.905973767842134,13.5703124762408,13.73471792682645,42985100,INTC
2011-09-09,13.494961738586426,13.851172919815046,13.467560174949664,13.52921238655391,61406600,INTC
2011-09-12,13.892281532287598,13.899131926287104,13.371663347536645,13.378513741536151,53318000,INTC
2011-09-13,14.221083641052246,14.316986483438388,13.844320048032833,13.919673027952362,60222400,INTC
2011-09-14,14.46768856048584,14.659494193781942,14.186827885229047,14.310132253249618,58352700,INTC
2011-09-15,14.755401611328125,14.844454060015073,14.536193071140685,14.597845268915563,53239300,INTC
2011-09-16,15.049960136413574,15.132163500238944,14.680048265644762,14.830752908316775,90738900,INTC
2011-09-19,15.022558212280273,15.111610648804998,14.817050478904914,14.912954610444615,57738000,INTC
2011-09-20,15.207520484924316,15.392475815790391,14.974612417011569,15.063664886941273,71495200,INTC
2011-09-21,15.029407501220703,15.413020079581816,15.002005949477388,15.193812891946894,66811700,INTC
2011-09-22,14.810198783874512,15.002004399954957,14.618391861216299,14.762246073276634,94232800,INTC
2011-09-23,15.1801118850708,15.25546484464033,14.536189801258722,14.652643781239865,74135600,INTC
2011-09-26,15.234922409057617,15.371927631022226,14.926662619505192,15.1801205815875,64847800,INTC
2011-09-27,15.440425872802734,15.741835185308796,15.323971859059585,15.413024313532224,88219700,INTC
2011-09-28,15.282865524291992,15.556874512463345,15.27601513626547,15.488373245353946,74789100,INTC
2011-09-29,15.21436595916748,15.481525918719738,14.981459253099164,15.330819965490726,85510500,INTC
2011-09-30,14.618400573730469,15.118467380232174,14.611550182419393,15.022564515034189,64453700,INTC
2011-10-03,14.125182151794434,14.659499532363235,14.090930200105177,14.508794864665585,95768300,INTC
2011-10-04,14.5361909866333,14.570442928584338,13.974472204416168,14.008724146367205,77896900,INTC
2011-10-05,14.967759132385254,15.0499611954167,14.426590106685596,14.556744897493324,70932100,INTC
2011-10-06,15.091064453125,15.104763926746232,14.84445563584643,15.015711468605812,58483000,INTC
2011-10-07,15.269171714782715,15.413025996929758,15.008862099595106,15.118465735491446,58425800,INTC
2011-10-10,15.673327445983887,15.680177833551582,15.392468088597523,15.39931847616522,40172800,INTC
2011-10-11,15.748690605163574,15.755540997169177,15.488382241844095,15.591135508770765,50604700,INTC
2011-10-12,15.837737083435059,15.947340691770686,15.741832946207827,15.755533723894299,59913300,INTC
2011-10-13,16.022689819335938,16.070641227069324,15.728129678599018,15.769232005151519,51288900,INTC
2011-10-14,16.098047256469727,16.098047256469727,15.926791434592388,16.05694622506107,44894100,INTC
2011-10-17,15.947343826293945,16.16655108605139,15.851439670216317,15.974744080474462,47936100,INTC
2011-10-18,16.029544830322266,16.091197031354824,15.803487195395629,15.871989786162722,85272200,INTC
2011-10-19,16.604963302612305,16.783069503108138,16.34465504439726,16.447408269835353,139956200,INTC
2011-10-20,16.173398971557617,16.358354251723515,15.995292773942419,16.358354251723515,88682000,INTC
2011-10-21,16.46110725402832,16.611811881138607,16.303550931847102,16.34465326280464,123273100,INTC
2011-10-24,16.844722747802734,16.981727927963725,16.454259682895607,16.474809545314994,138273600,INTC
2011-10-25,16.872121810913086,17.022827759785606,16.70771639025245,16.76251819713933,60939200,INTC
2011-10-26,16.92007827758789,17.015981134207244,16.67346943876278,16.988579571414043,58249900,INTC
2011-10-27,17.214637756347656,17.26259049267926,17.02283203733512,17.07763385799277,84559200,INTC
2011-10-28,17.11188316345215,17.14613511528754,16.940627324010283,17.036531482571014,44897400,INTC
2011-10-31,16.810470581054688,17.070778831852287,16.77621863583256,16.83102044160985,43121800,INTC
2011-11-01,16.372058868408203,16.68031991858668,16.31725704910741,16.515914460684304,68002400,INTC
2011-11-02,16.337806701660156,16.4816609739773,16.13229891846355,16.45426072016474,56626000,INTC
2011-11-03,16.724828720092773,16.745561134544612,16.089008752597056,16.44147429831387,58297700,INTC
2011-11-04,16.406917572021484,16.63498335126406,16.35162893821071,16.61425093745065,46476000,INTC
2011-11-07,16.780115127563477,16.80084753926249,16.33089354070664,16.37927224376905,51137900,INTC
2011-11-08,17.10494041442871,17.118762904865434,16.766297307840432,16.918340748088667,55961900,INTC
2011-11-09,16.476028442382812,16.807760240184752,16.448383466806824,16.75247160721776,56872200,INTC
2011-11-10,16.628068923950195,16.7593798984317,16.4069144310454,16.683357547176392,45508700,INTC
2011-11-11,17.174047470092773,17.20860236979356,16.793936982459453,16.800848226036596,43867200,INTC
2011-11-14,17.022001266479492,17.20860087226934,16.918335258213407,17.125668592930392,49418100,INTC
2011-11-15,17.512691497802734,17.59562378910144,17.01509379545547,17.04273745316004,77391300,INTC
2011-11-16,17.236248016357422,17.623268444477684,17.19478055327723,17.367557694889754,74241700,INTC
2011-11-17,16.821575164794922,17.243151625488107,16.669531822042423,17.208595421554996,62125300,INTC
2011-11-18,16.787025451660156,16.88378021611728,16.6004258474773,16.70409185485062,45683600,INTC
2011-11-21,16.289426803588867,16.69026967272864,16.137383411220274,16.6073373925948,58579300,INTC
2011-11-22,16.061357498168945,16.261779547435466,15.957691511872433,16.15811224295442,48479200,INTC
2011-11-23,15.688159942626953,15.992246665021094,15.68124870100192,15.92313688513987,52698400,INTC
2011-11-25,15.708894729614258,16.047537711446584,15.55685134537875,15.584494997883045,28346900,INTC
2011-11-28,16.213397979736328,16.289420304682803,16.068265888312293,16.08899960916614,39753000,INTC
2011-11-29,16.296342849731445,16.517497419516758,16.18576556483879,16.234142962206175,44191100,INTC
2011-11-30,17.215513229370117,17.23624695963907,16.74555922208635,16.780115439201275,73450200,INTC
2011-12-01,17.222427368164062,17.256982272903333,16.86305055886115,17.187872463424796,51820400,INTC
2011-12-02,17.02891731262207,17.374471649765766,17.00127365110687,17.284628102109888,41486500,INTC
2011-12-05,17.284624099731445,17.415935086531903,17.132580701141624,17.29844658638094,42526800,INTC
2011-12-06,17.519601821899414,17.609445352453236,17.27771356830614,17.33991344260684,49516000,INTC
2011-12-07,17.733842849731445,17.816776444332213,17.36755489403728,17.5057771123103,54791500,INTC
2011-12-08,17.077293395996094,17.644003572618164,17.022004759031148,17.588714935653215,58000600,INTC
2011-12-09,17.284624099731445,17.3468239714693,16.849224997566463,16.86995872754071,44071500,INTC
2011-12-12,16.58660316467285,16.787025252308013,16.31707128506605,16.711002899317464,94831300,INTC
2011-12-13,16.282514572143555,16.62806879415619,16.185759811799137,16.621157551533766,78519000,INTC
2011-12-14,16.109739303588867,16.2825164343555,15.992250801940163,16.227227805237572,56395100,INTC
2011-12-15,16.109739303588867,16.358538793711983,16.06827316129665,16.296338921181203,38692600,INTC
2011-12-16,16.05445098876953,16.51058251746835,16.05445098876953,16.220316879370472,94567200,INTC
2011-12-19,15.964604377746582,16.227224990964448,15.93004816667537,16.165025129220936,42243000,INTC
2011-12-20,16.476028442382812,16.572783220528798,16.199585277547865,16.234140178832863,46309500,INTC
2011-12-21,16.365453720092773,16.648808172862836,16.19267655044346,16.55205337967848,45222100,INTC
2011-12-22,16.600421905517578,16.655710517533425,16.420733586919958,16.469110957660764,32002200,INTC
2011-12-23,16.863046646118164,16.863046646118164,16.614248489716957,16.676447040178648,24832700,INTC
2011-12-27,16.97362518310547,17.070381273986992,16.863047923399368,16.897604140923093,24136000,INTC
2011-12-28,16.74555778503418,16.97362352568118,16.71100288906955,16.945979872546435,23703400,INTC
2011-12-29,16.966712951660156,16.987446680967107,16.780114660636958,16.83540328727065,22319300,INTC
2011-12-30,16.759380340576172,17.015091053608952,16.759380340576172,16.88378007566321,21710100,INTC
2012-01-03,16.95980453491211,17.201691474079066,16.856137197343465,17.015093166462407,44845600,INTC
2012-01-04,17.353734970092773,17.3675561383625,16.952892090203733,16.980535744928048,47504000,INTC
2012-01-05,17.55415916442871,17.588715387284793,17.263893483363212,17.319182121747826,49490600,INTC
2012-01-06,17.45048713684082,17.554153133422744,17.28462127867281,17.42284216805382,36343500,INTC
2012-01-09,17.602527618408203,17.66472746977446,17.429750546431812,17.554150249164326,47478600,INTC
2012-01-10,17.68547248840332,17.91353831634699,17.630183842786227,17.768404797736316,41060900,INTC
2012-01-11,17.83060073852539,17.89280061583763,17.512691426205052,17.57489130351729,57170000,INTC
2012-01-12,17.79604721069336,17.89971324148756,17.650915031218492,17.865158337284527,44420500,INTC
2012-01-13,17.374465942382812,17.775308789068195,17.346822289948346,17.754576379288533,63313400,INTC
2012-01-17,17.30535888671875,17.554157070681907,17.256980180490537,17.402113662805256,60438600,INTC
2012-01-18,17.547243118286133,17.60944298422179,17.284622487368168,17.367554763159205,62687000,INTC
2012-01-19,17.71311378479004,17.747670007548145,17.533426699188343,17.637092731092434,64946300,INTC
2012-01-20,18.231441497802734,18.293641367738278,17.62326660288111,17.878977325747773,101272500,INTC
2012-01-23,18.459510803222656,18.58391056705145,18.203801349294665,18.210712593750163,69663500,INTC
2012-01-24,18.59081268310547,18.64610129341673,18.390391965046316,18.45259181641954,56220400,INTC
2012-01-25,18.59081268310547,18.625368888415288,18.314369631549162,18.549346554918134,54757900,INTC
2012-01-26,18.487152099609375,18.659929222035633,18.383486089790587,18.625374324824314,61678200,INTC
2012-01-27,18.473331451416016,18.549353814666397,18.376576675050046,18.42495406323303,50587400,INTC
2012-01-30,18.480234146118164,18.52170027135183,18.15541374844983,18.321279567568833,60694100,INTC
2012-01-31,18.25908660888672,18.521707258686313,18.162331840779213,18.514797333694222,45325300,INTC
2012-02-01,18.348941802978516,18.549364028015493,18.321298130875373,18.4802528704791,46330600,INTC
2012-02-02,18.307462692260742,18.48023980485458,18.286728964202972,18.37657380093523,34780300,INTC
2012-02-03,18.627906799316406,18.77419995327657,18.516445981402832,18.57914285756894,42191600,INTC
2012-02-06,18.613981246948242,18.620947716920366,18.36319497154317,18.49555391485869,36772600,INTC
2012-02-07,18.558252334594727,18.62791571129856,18.411960439363238,18.551285864052506,33101300,INTC
2012-02-08,18.704540252685547,18.802068155174435,18.537348993254017,18.572180007366327,37072100,INTC
2012-02-09,18.711509704589844,18.809037622628455,18.66274574557054,18.746340724255568,35754200,INTC
2012-02-10,18.60005760192871,18.662754529811977,18.425899764190497,18.62792216503302,33616000,INTC
2012-02-13,18.60005760192871,18.697585565872078,18.474663746162182,18.690619092916286,24723000,INTC
2012-02-14,18.655786514282227,18.655786514282227,18.460729273805157,18.50949325174474,25409300,INTC
2012-02-15,18.516454696655273,18.72544349642982,18.460724261467504,18.72544349642982,35832700,INTC
2012-02-16,18.690608978271484,18.774205279782993,18.356226429661724,18.391057446872605,42450700,INTC
2012-02-17,19.06679344177246,19.15735489847463,18.68364554657196,18.71151142784546,74254100,INTC
2012-02-21,18.920495986938477,19.06678917343812,18.8160016129919,19.045889767161583,34911800,INTC
2012-02-22,18.620948791503906,19.05286065367256,18.467690429427734,18.85083699897735,51973800,INTC
2012-02-23,18.572174072265625,18.711500741626352,18.35621893060233,18.50251073758526,33800100,INTC
2012-02-24,18.60005760192871,18.669719674048913,18.425899764190497,18.61398921912144,39309500,INTC
2012-02-27,18.73241424560547,18.948370893913516,18.42589744642015,18.474661422257874,46022400,INTC
2012-02-28,18.97623062133789,19.018028114452665,18.683645512097772,18.76027535674015,32820500,INTC
2012-02-29,18.725439071655273,19.018024119433544,18.697574525004903,18.983193103941066,41856200,INTC
2012-03-01,18.711509704589844,18.906565540667064,18.60701398815621,18.85083511197097,39413000,INTC
2012-03-02,18.75330924987793,18.82993909600541,18.648814850706696,18.739376308996864,29632800,INTC
2012-03-05,18.488590240478516,18.74634300630566,18.363196428468168,18.74634300630566,32332200,INTC
2012-03-06,18.537353515625,18.551285127437872,18.25173487832689,18.286565900936573,37196700,INTC
2012-03-07,18.746341705322266,18.809038606976316,18.47465601730024,18.516453508830175,32720900,INTC
2012-03-08,18.697580337524414,18.836907100243007,18.6348834271729,18.809041216211895,37261600,INTC
2012-03-09,18.85780143737793,18.927464804894655,18.7184760310627,18.76723998970894,29396700,INTC
2012-03-12,18.802072525024414,18.86476942797258,18.746342092261415,18.80903899520958,24006900,INTC
2012-03-13,19.150388717651367,19.157355188075055,18.892635955566828,18.892635955566828,33796800,INTC
2012-03-14,19.129491806030273,19.436009901133325,19.045896807459425,19.122526663414824,46835700,INTC
2012-03-15,19.331514358520508,19.40117773906968,19.10859260373793,19.15735657150681,34191900,INTC
2012-03-16,19.317581176757812,19.477806019928114,19.296683092955526,19.380278085601574,54672100,INTC
2012-03-19,19.324546813964844,19.436007685163617,19.18522138932558,19.26881637836546,26937200,INTC
2012-03-20,19.331514358520508,19.436008764985033,19.19915406834893,19.261850977971335,22684900,INTC
2012-03-21,19.352413177490234,19.42904169789643,19.296682740504625,19.359379648203237,22212900,INTC
2012-03-22,19.43600845336914,19.470840807444496,19.233986114605862,19.317581106949824,23395100,INTC
2012-03-23,19.42207145690918,19.498701291158174,19.282746055850662,19.463870273073088,24899500,INTC
2012-03-26,19.638032913208008,19.686796882162593,19.47780673543344,19.512639090914217,32799700,INTC
2012-03-27,19.638032913208008,19.7007298243549,19.554436588772646,19.67286393997028,24365100,INTC
2012-03-28,19.366344451904297,19.67982898492138,19.366344451904297,19.596232666544022,35152000,INTC
2012-03-29,19.61712646484375,19.631059402039444,19.275777475857414,19.33150789592216,39616000,INTC
2012-03-30,19.589262008666992,19.81915015857411,19.519598651088284,19.77735134679607,43024400,INTC
2012-04-02,19.7703914642334,19.819156760886194,19.498705740760197,19.533538095512196,28853500,INTC
2012-04-03,19.58230209350586,19.763426352338847,19.470841215565322,19.72162752657229,34152500,INTC
2012-04-04,19.456905364990234,19.526568735468565,19.22701717251453,19.415107874190543,30845100,INTC
2012-04-05,19.55443000793457,19.57532941418956,19.366339337793825,19.41510461905547,22033800,INTC
2012-04-09,19.338478088378906,19.436006010092896,19.22005075684694,19.31757867856093,22965500,INTC
2012-04-10,19.122516632080078,19.408135163350707,19.094650761362043,19.296674337914258,36272100,INTC
2012-04-11,19.40117645263672,19.505670852172535,19.247916759847026,19.28274911217122,26668200,INTC
2012-04-12,19.840055465698242,19.8679213503716,19.456908852469187,19.48477340842403,37053200,INTC
2012-04-13,19.56837272644043,19.777361578578535,19.561406254206663,19.749497018362188,34480900,INTC
2012-04-16,19.791292190551758,19.88882013289293,19.60320144856359,19.68679777679785,37480000,INTC
2012-04-17,19.833084106445312,20.049040673283383,19.79128661845525,19.81915249626075,61288000,INTC
2012-04-18,19.470842361450195,19.58230324595035,19.129491907860096,19.213088235594487,72249100,INTC
2012-04-19,19.289714813232422,19.568366977119545,19.115557044713178,19.41510861916121,43035900,INTC
2012-04-20,19.22701072692871,19.484763383956818,19.20611132417596,19.310605680504054,38058500,INTC
2012-04-23,19.122516632080078,19.20611158679849,18.976223468246086,19.03892034864382,37791200,INTC
2012-04-24,19.024995803833008,19.227019469483235,18.976231837288037,19.052861686840668,35010600,INTC
2012-04-25,19.40814208984375,19.44297311195415,19.05286008370073,19.10859051630836,40854600,INTC
2012-04-26,19.65892791748047,19.714658348798977,19.331511799574017,19.366342820878724,46644900,INTC
2012-04-27,19.7703914642334,19.874887199770914,19.575335592496117,19.582302063446516,33310200,INTC
2012-04-30,19.78432846069336,19.881857745267922,19.70769992197182,19.798261405449544,28810500,INTC
2012-05-01,20.16747283935547,20.237134893160864,19.763426815179045,19.83308886898444,43316200,INTC
2012-05-02,20.327693939208984,20.390390839042954,20.00724297020001,20.076906339873116,40434700,INTC
2012-05-03,20.040010452270508,20.538204694682467,19.941775533351418,20.53118772356676,41219000,INTC
2012-05-04,19.576892852783203,19.91369929494188,19.534792382100825,19.8715988242595,34573600,INTC
2012-05-07,19.478660583496094,19.633029888903227,19.401475261617524,19.52777802892791,37385900,INTC
2012-05-08,19.20500373840332,19.36638999828783,18.952398226688516,19.28218771493293,53087400,INTC
2012-05-09,19.07869529724121,19.19096408269258,18.7699554680752,19.001510005362334,40599300,INTC
2012-05-10,19.113788604736328,19.2681579294051,18.917317460144115,19.183956966258563,36239000,INTC
2012-05-11,19.387441635131836,19.61198063526631,19.085719988577768,19.127820465574843,34937400,INTC
2012-05-14,18.959415435791016,19.226053549490818,18.861179214238533,19.190970045018442,39447300,INTC
2012-05-15,18.861175537109375,19.120797969979268,18.81907507228035,18.980461302749653,35712100,INTC
2012-05-16,18.594541549682617,18.938364987546453,18.587524580948667,18.882230576024803,44629300,INTC
2012-05-17,18.37701988220215,18.7068093648295,18.37701988220215,18.573489642767434,31503200,INTC
2012-05-18,18.292821884155273,18.643662354011266,18.278787944156992,18.41210769744032,43444900,INTC
2012-05-21,18.348955154418945,18.37702303265428,18.019165615254355,18.28580376673954,41389400,INTC
2012-05-22,18.264753341674805,18.440173557386185,18.089333125963428,18.433156588155725,46037700,INTC
2012-05-23,17.850759506225586,17.899876946932537,17.485885177616993,17.871809073185773,61969600,INTC
2012-05-24,17.99811363220215,18.089332892671663,17.759542034843445,17.941979217432454,37129200,INTC
2012-05-25,18.06126594543457,18.138451271595645,17.9419801406175,18.047232006432544,19122200,INTC
2012-05-29,18.306852340698242,18.468238604919133,18.14546607647735,18.27176883572846,35052800,INTC
2012-05-30,18.334918975830078,18.37702078804066,18.103364362071602,18.17353271073931,33089800,INTC
2012-05-31,18.131431579589844,18.292817838830143,18.03319669802616,18.08933110725539,42240200,INTC
2012-06-01,17.6402587890625,18.040216719472237,17.62622618710179,17.822695998053824,40246400,INTC
2012-06-04,17.570087432861328,17.794625069082578,17.429750741048107,17.738490660027267,39903700,INTC
2012-06-05,17.84375,17.941984922495493,17.54202692279191,17.57009480827659,29491300,INTC
2012-06-06,18.292821884155273,18.32088976415184,17.843746511011666,17.899880932654618,33553600,INTC
2012-06-07,18.201601028442383,18.5454244730954,18.16651618407985,18.50332399821033,29534200,INTC
2012-06-08,18.531391143798828,18.5805085891691,18.138450242486645,18.159499811445325,26750500,INTC
2012-06-11,18.236684799194336,18.685760106754184,18.215633892271224,18.629625693309205,28041300,INTC
2012-06-12,18.608577728271484,18.622611667429556,18.278786849807297,18.32790563686055,29132000,INTC
2012-06-13,18.622610092163086,18.854164715283915,18.482273389153498,18.56647434027926,30496500,INTC
2012-06-14,18.931346893310547,18.987481301494906,18.53840603602004,18.650674852388757,38301200,INTC
2012-06-15,19.183956146240234,19.25412450476312,18.86118223237501,18.959418469647098,51838900,INTC
2012-06-18,19.24008560180664,19.37340531477112,19.099748920965105,19.148867696104485,30432300,INTC
2012-06-19,19.30323600769043,19.387436941298947,19.12079886707236,19.35937040954601,30060200,INTC
2012-06-20,19.394458770751953,19.471644094533833,19.212021584399363,19.28218993889652,28164900,INTC
2012-06-21,18.741901397705078,19.359381510539627,18.67173435891293,19.30324707649562,47571100,INTC
2012-06-22,18.903289794921875,18.91732240021065,18.713835570842857,18.861187964003964,100360700,INTC
2012-06-25,18.278785705566406,18.69979448550297,18.159499906890215,18.664710978154098,41787800,INTC
2012-06-26,18.250722885131836,18.440177075448673,18.061268694815002,18.35597476696887,34935400,INTC
2012-06-27,18.398069381713867,18.48227166332703,18.285800565129563,18.32088540678082,23642100,INTC
2012-06-28,18.124414443969727,18.264751134923333,17.85777633717772,18.243700229775328,40166600,INTC
2012-06-29,18.699790954589844,18.699790954589844,18.39105106248627,18.44016983719006,35082300,INTC
2012-07-02,18.713829040527344,18.755929518403484,18.517357913188583,18.601560207290927,21739700,INTC
2012-07-03,18.847145080566406,18.847145080566406,18.63664005582576,18.748908867014187,12515500,INTC
2012-07-05,18.6296329498291,18.833121114297573,18.503331474144073,18.812070199174816,20324500,INTC
2012-07-06,18.35597038269043,18.594541971658956,18.194584113197006,18.552441496649795,32515300,INTC
2012-07-09,18.362993240356445,18.391059786579802,18.11038763259421,18.278790924985568,27910200,INTC
2012-07-10,17.934967041015625,18.538413164809977,17.850766065535247,18.138455185402233,47231600,INTC
2012-07-11,17.815677642822266,17.977065267150376,17.69639183615372,17.94198041910074,34809100,INTC
2012-07-12,17.35958480834961,17.66130780084654,17.31748433029308,17.654290831445444,53147600,INTC
2012-07-13,17.71744155883789,17.815676450100035,17.373618101070367,17.401684639280973,35972100,INTC
2012-07-16,17.633243560791016,17.75954635936558,17.54202561645958,17.703411930926922,36984500,INTC
2012-07-17,17.808658599853516,18.00512971100716,17.43676862227512,17.773575094238556,63631500,INTC
2012-07-18,18.39105224609375,18.53840590298895,17.5771026640865,17.682355849733007,67503500,INTC
2012-07-19,18.28580093383789,18.48928900446867,18.11739770556581,18.48928900446867,36555800,INTC
2012-07-20,17.906892776489258,18.24369920993017,17.89285884050844,18.15248130275443,48844000,INTC
2012-07-23,17.724456787109375,17.79462513326909,17.401682930114646,17.577103126338987,36378200,INTC
2012-07-24,17.549036026000977,17.696388343678368,17.39466674009849,17.675338777352938,33637600,INTC
2012-07-25,17.633243560791016,17.913917041334646,17.54202561645958,17.55605955815683,34407600,INTC
2012-07-26,17.892860412597656,18.13143199183362,17.780591591586603,17.95601179171011,37808200,INTC
2012-07-27,18.25773811340332,18.292821624550957,17.87181279902852,18.019166490218947,33344000,INTC
2012-07-30,18.07529640197754,18.384036308788676,18.01916199513459,18.229665686208193,25878100,INTC
2012-07-31,18.033205032348633,18.2717767164199,18.033205032348633,18.075305524140475,26616900,INTC
2012-08-01,18.1945858001709,18.24370324862734,18.01214860708261,18.124417443083082,29207700,INTC
2012-08-02,18.18055534362793,18.426143971303542,18.019169028256943,18.06126951523408,34309900,INTC
2012-08-03,18.56631851196289,18.651258422057918,18.389361603499484,18.580475388657742,30692600,INTC
2012-08-06,18.62293815612793,18.79989500270859,18.54507806168249,18.559233583353006,24613200,INTC
2012-08-07,18.757431030273438,18.856526460296493,18.651257162381025,18.729117278796007,27077800,INTC
2012-08-08,18.82821273803711,18.92730816110832,18.615863667075235,18.743272839637584,27034400,INTC
2012-08-09,18.899005889892578,19.03349222182665,18.806987504806525,18.85653524289535,26465300,INTC
2012-08-10,19.026403427124023,19.040560301752734,18.778664871490978,18.89899560568726,24930300,INTC
2012-08-13,18.891923904418945,18.991019362005336,18.693731639171816,18.941471633212142,23619700,INTC
2012-08-14,18.74326515197754,18.97684808917847,18.672482157355642,18.96976965470895,27470400,INTC
2012-08-15,18.59463119506836,18.73619590364635,18.538005041622366,18.566317443308368,26081000,INTC
2012-08-16,18.821134567260742,18.86360384202513,18.64417768065624,18.714960705312823,25699700,INTC
2012-08-17,18.637100219726562,18.84944795474896,18.55216031567322,18.806978677759275,30376900,INTC
2012-08-20,18.56631851196289,18.63710154536307,18.47430151359451,18.559240073615467,25600800,INTC
2012-08-21,18.481380462646484,18.644180498913773,18.396440550204275,18.637102060370744,31661300,INTC
2012-08-22,18.21240234375,18.410594541668363,18.162854631788882,18.32565464253938,33619400,INTC
2012-08-23,17.7240047454834,18.113309407274706,17.646143273095504,18.10623096886907,51397600,INTC
2012-08-24,17.631988525390625,17.74524085340811,17.48334535114552,17.731083974887362,45187500,INTC
2012-08-27,17.58243751525879,17.653220544562046,17.518732923893257,17.59659439113424,34424700,INTC
2012-08-28,17.695693969726562,17.70277240932337,17.46918930292595,17.547050788416527,33119500,INTC
2012-08-29,17.46210289001465,17.667372144297502,17.370085917420337,17.646138185276957,60462600,INTC
2012-08-30,17.17898178100586,17.4408773224131,17.094041847259938,17.391329590258998,37182200,INTC
2012-08-31,17.575359344482422,17.695690091104897,17.327619413192153,17.341776289282798,43447800,INTC
2012-09-04,17.2851505279541,17.738159772561396,17.178976655008523,17.716925808016704,40688000,INTC
2012-09-05,17.263914108276367,17.539967780353596,17.122349403435134,17.27099254602952,38595800,INTC
2012-09-06,17.76647186279297,17.76647186279297,17.313461310504536,17.32053974804838,40187600,INTC
2012-09-07,17.122350692749023,17.483342944898936,16.994941503746222,17.07988006303205,86282100,INTC
2012-09-10,16.464069366455078,17.412558414012064,16.40036477743454,16.9524707655879,80584600,INTC
2012-09-11,16.52069664001465,16.740122822616144,16.421601205950882,16.492382887382696,54237700,INTC
2012-09-12,16.414522171020508,16.69057449877561,16.32250382838615,16.55608687881139,44862700,INTC
2012-09-13,16.534854888916016,16.570245732569774,16.159705735845108,16.28711493311727,52998300,INTC
2012-09-14,16.541927337646484,16.66225805259998,16.442830581166533,16.598553477032034,47983700,INTC
2012-09-17,16.49945831298828,16.59147664216693,16.393284460152273,16.485302789330923,36169000,INTC
2012-09-18,16.541927337646484,16.64810118023518,16.379126005598582,16.49945672055208,41948200,INTC
2012-09-19,16.386211395263672,16.641029805667568,16.37913295607754,16.633951366481433,39459800,INTC
2012-09-20,16.407442092895508,16.407442092895508,16.27295448637578,16.343737508232156,33083000,INTC
2012-09-21,16.37204933166504,16.471146098811534,16.287110788480962,16.43575391409,56246600,INTC
2012-09-24,16.138469696044922,16.244644922394155,15.94027882035107,16.23048804553771,48846500,INTC
2012-09-25,15.954437255859375,16.25880203756297,15.933201938500149,16.244646509397704,49535100,INTC
2012-09-26,16.03229522705078,16.103078258642036,15.911964478367858,15.975669071792584,49734700,INTC
2012-09-27,16.343734741210938,16.379125571110475,16.03229030781526,16.110151753682583,43872200,INTC
2012-09-28,16.039377212524414,16.322508051433296,15.989829484474653,16.322508051433296,47920800,INTC
2012-10-01,16.110157012939453,16.400366233091766,16.053530856570074,16.103078574634022,55261300,INTC
2012-10-02,16.166778564453125,16.280030844933727,16.03936941139403,16.202169395825685,36381100,INTC
2012-10-03,15.961514472961426,16.258802168004586,15.919045187976469,16.1809420372112,49772700,INTC
2012-10-04,15.90488338470459,16.01105858940136,15.763318695231911,15.98274484146254,52980100,INTC
2012-10-05,16.05353355407715,16.20925517274063,15.982750509203095,16.039376675087478,38344600,INTC
2012-10-08,15.933196067810059,16.011057519364442,15.855334616255675,16.011057519364442,29698200,INTC
2012-10-09,15.501423835754395,15.706694483364016,15.466032996547069,15.685459169795235,66317400,INTC
2012-10-10,15.402322769165039,15.572201165323385,15.359853507643823,15.501418162739037,47188900,INTC
2012-10-11,15.345703125,15.487267839946234,15.232450813013394,15.480190751761867,36817700,INTC
2012-10-12,15.204137802124023,15.466034630173045,15.147511643366684,15.274920838089228,46274000,INTC
2012-10-15,15.381089210510254,15.501419923550003,15.21828923112519,15.239524539334665,49513800,INTC
2012-10-16,15.819948196411133,15.904886758095257,15.53681740734056,15.56512981121057,80707000,INTC
2012-10-17,15.42356014251709,15.558046380374632,15.055489559796772,15.055489559796772,99053800,INTC
2012-10-18,15.338630676269531,15.473118355547019,15.289082939186924,15.444804591457197,42921800,INTC
2012-10-19,15.055495262145996,15.352782945392677,15.020103067667714,15.338626067601366,55622300,INTC
2012-10-22,15.18997859954834,15.267840062198003,15.07672629937096,15.1475093245003,36500300,INTC
2012-10-23,15.281996726989746,15.409405900454885,15.076726091946156,15.090882966792037,47194400,INTC
2012-10-24,15.18997859954834,15.388170799895706,15.154587762020626,15.38109236237538,33237800,INTC
2012-10-25,15.352777481079102,15.395246749263332,15.225368326452719,15.274916031013268,79226400,INTC
2012-10-26,15.536813735961914,15.586361443581785,15.289073847788783,15.40940457346866,92415400,INTC
2012-10-31,15.310311317443848,15.635912735121723,15.281998913774602,15.579286577709148,40612800,INTC
2012-11-01,15.756245613098145,15.862419503804915,15.374017986464644,15.402331744026059,50359300,INTC
2012-11-02,15.614676475524902,15.954434749527742,15.586364073567836,15.848259529485228,51737600,INTC
2012-11-05,15.618253707885742,15.811336840721648,15.53243852751889,15.746975796443012,48797400,INTC
2012-11-06,15.539587020874023,15.732670117858875,15.468074611177512,15.539587020874023,49860500,INTC
2012-11-07,14.953187942504883,15.410865189101607,14.946036565028585,15.403715175611095,70960100,INTC
2012-11-08,14.895979881286621,15.110515772598335,14.888828503044772,14.946038164993626,38090000,INTC
2012-11-09,14.874524116516113,15.117665494150243,14.874524116516113,14.881675493974269,35017900,INTC
2012-11-12,14.85307788848877,14.953194489016425,14.767262685189078,14.931740347194907,27267000,INTC
2012-11-13,14.502659797668457,14.888824572892123,14.431147398112795,14.71004425599575,56379200,INTC
2012-11-14,14.273821830749512,14.659988023646537,14.266671817386909,14.602778368845396,58961300,INTC
2012-11-15,14.32387924194336,14.509810932093728,14.288122360768932,14.309576489473589,45733800,INTC
2012-11-16,14.43830394744873,14.488362235876997,14.137952852893067,14.3524887644388,50855500,INTC
2012-11-19,14.481207847595215,14.624232668227503,14.109344405139888,14.29527612636755,69433800,INTC
2012-11-20,13.952016830444336,14.21661094958026,13.83759753071221,14.21661094958026,85743300,INTC
2012-11-21,13.844754219055176,13.980626337124088,13.751787649864692,13.959173562684875,95636000,INTC
2012-11-23,14.102192878723145,14.188008042993054,13.952018046233004,13.966320800942283,51711900,INTC
2012-11-26,14.223763465881348,14.245217597794586,14.030681734605224,14.08074001175036,67047900,INTC
2012-11-27,14.252367973327637,14.438299678216321,14.24521659652588,14.26667072693115,44893200,INTC
2012-11-28,14.366788864135742,14.38109161932212,14.044983692371305,14.22376404024359,43226300,INTC
2012-11-29,13.966320991516113,14.331033057664731,13.916261349350561,14.18085685913964,64926300,INTC
2012-11-30,13.99492359161377,14.137948396889692,13.887655669649643,14.037830487602294,51427800,INTC
2012-12-03,13.97347640991211,14.245222011752846,13.944870891830888,14.216616493671623,50637000,INTC
2012-12-04,14.280975341796875,14.338185005145625,14.02353253872048,14.037833931568192,57942400,INTC
2012-12-05,14.195155143737793,14.316725794169244,14.116491380521751,14.259516156553582,45847000,INTC
2012-12-06,14.416849136352539,14.509815693930296,14.280975671269813,14.295278428433468,46291200,INTC
2012-12-07,14.416849136352539,14.55987398001709,14.323883942760778,14.538419844271608,41701200,INTC
2012-12-10,14.359636306762695,14.423997335827718,14.28812390069204,14.409694581816446,27273200,INTC
2012-12-11,14.767255783081055,14.83161681447735,14.40969510376197,14.416846481026642,51036500,INTC
2012-12-12,14.781559944152832,15.010398582454515,14.688594758837475,14.91743339713916,48354700,INTC
2012-12-13,14.652840614318848,14.960343103641979,14.617085081880122,14.75295719633619,41607600,INTC
2012-12-14,14.68144702911377,14.831621911321795,14.552724922086195,14.674295649391546,34149500,INTC
2012-12-17,14.710042953491211,14.795858098156597,14.5598681553086,14.695740202049405,34959900,INTC
2012-12-18,14.988945960998535,15.010400096998737,14.710049012925987,14.788712814274044,41601200,INTC
2012-12-19,15.08906078338623,15.239235612427757,14.917431822773457,15.067606651814984,52804600,INTC
2012-12-20,15.039005279541016,15.189180136267892,14.931735965894983,15.167726000741487,34005500,INTC
2012-12-21,14.85307788848877,14.91028756935977,14.645691942839905,14.774414065796252,61993100,INTC
2012-12-24,14.760102272033691,14.824463294125685,14.667137109003894,14.76725364826453,14193100,INTC
2012-12-26,14.767255783081055,14.967490254534612,14.760104405816385,14.83161681447735,22488700,INTC
2012-12-27,14.667139053344727,14.845919390858944,14.52411423773906,14.803012491771536,31704300,INTC
2012-12-28,14.466904640197754,14.652836355609315,14.452601885784771,14.55271980268991,25906900,INTC
2012-12-31,14.745804786682129,14.774408935191277,14.416848212918524,14.481209252046492,41139500,INTC
2013-01-02,15.28929615020752,15.289296150207518,15.053306123961566,15.124818542457355,47623000,INTC
2013-01-03,15.246389389038086,15.360808714120155,15.117667307324274,15.303599051579122,41054100,INTC
2013-01-04,15.13197135925293,15.296448982639445,15.053307555030655,15.274996209841417,30142500,INTC
2013-01-07,15.196333885192871,15.339358749706813,15.146275591808852,15.217788024065822,36352100,INTC
2013-01-08,15.081913948059082,15.4180205933115,15.031855656637035,15.182030530903177,48672000,INTC
2013-01-09,15.339359283447266,15.353660679207326,15.160578878577185,15.174880274337248,34290000,INTC
2013-01-10,15.589641571044922,15.603944322361645,15.396559884210893,15.453769525492353,44621600,INTC
2013-01-11,15.732674598693848,15.782732890542817,15.568196964336908,15.589649738565807,44944700,INTC
2013-01-14,15.732674598693848,15.825639802986768,15.553894205526873,15.718371839883813,35724500,INTC
2013-01-15,15.646855354309082,15.825635701137953,15.575344306766175,15.69691499716924,33990300,INTC
2013-01-16,15.811347007751465,15.875708093415636,15.625415134053512,15.668322069833994,36763700,INTC
2013-01-17,16.21895408630371,16.490699626796534,15.811335093571536,15.818486471477383,101020600,INTC
2013-01-18,15.196333885192871,15.332207370082497,15.039007625416493,15.27499769707416,143760400,INTC
2013-01-22,15.139117240905762,15.224932392895102,15.039000700239505,15.21778101656386,51127400,INTC
2013-01-23,15.096214294433594,15.17487672667567,15.046156011010655,15.160575334259063,42432300,INTC
2013-01-24,14.981796264648438,15.146273885520065,14.967493507011067,15.089064218956628,58396800,INTC
2013-01-25,14.988945960998535,15.067609762346594,14.93173629565068,15.046156990332406,107632800,INTC
2013-01-28,15.053303718566895,15.081909226988659,15.010396819919965,15.024699574130848,105398300,INTC
2013-01-29,15.217779159545898,15.232080546477624,15.024696114120886,15.081905753803994,105703100,INTC
2013-01-30,15.282143592834473,15.346503258386026,15.17487430094857,15.22493394035532,34151300,INTC
2013-01-31,15.046157836914062,15.2463909949048,15.031855078775841,15.232088236766579,36534100,INTC
2013-02-01,15.274989128112793,15.274989128112793,15.081906078530535,15.153418470670493,31867100,INTC
2013-02-04,15.13197135925293,15.289297603711415,15.124819980324897,15.232087936273233,38345600,INTC
2013-02-05,15.309054374694824,15.41747516238019,15.222316917359464,15.280141429368,30076500,INTC
2013-02-06,15.171725273132324,15.323515525144707,15.113900743471781,15.294602570991668,32361000,INTC
2013-02-07,15.041616439819336,15.157265473791746,14.962108590616577,15.157265473791746,41015200,INTC
2013-02-08,15.178953170776367,15.244005937514192,15.092215688910766,15.106672165662618,28150100,INTC
2013-02-11,15.20063304901123,15.222316378593796,15.12112383082166,15.178948340783602,18897200,INTC
2013-02-12,15.31628704071045,15.359655092598219,15.171725029557203,15.200637983246057,28391400,INTC
2013-02-13,15.35965633392334,15.395796150309616,15.287375322505165,15.3379716169042,21267200,INTC
2013-02-14,15.345193862915039,15.381335043832166,15.22231660508698,15.272912879725872,35262200,INTC
2013-02-15,15.265691757202148,15.395795921446076,15.171726030161665,15.34519962779917,33809100,INTC
2013-02-19,15.244004249572754,15.330740343188719,15.222319536846088,15.309057009107404,31061600,INTC
2013-02-20,14.98379135131836,15.251230593832101,14.962108019928852,15.244002357153873,46119800,INTC
2013-02-21,14.636846542358398,15.00547839849228,14.542882208196614,14.998250160688235,60754500,INTC
2013-02-22,14.75971794128418,14.810314207088354,14.528419938382326,14.687436970716139,34534800,INTC
2013-02-25,14.622386932373047,14.925965961842335,14.622386932373047,14.868141450450333,41525600,INTC
2013-02-26,14.875377655029297,15.070536002510094,14.752500330168703,14.810324872535698,67247100,INTC
2013-02-27,15.12835693359375,15.207866177360941,14.824777813972803,14.889830580937685,46966600,INTC
2013-02-28,15.092216491699219,15.236778509616293,15.048848437782327,15.113901207980453,34808000,INTC
2013-03-01,15.20063304901123,15.31628206893512,14.933193828784074,15.027159519125398,45695700,INTC
2013-03-04,15.374112129211426,15.388568606582211,15.150040865900946,15.29460288231767,47545800,INTC
2013-03-05,15.54758358001709,15.605408102889237,15.395793345824345,15.424706296583105,38796400,INTC
2013-03-06,15.721057891845703,15.74997084397132,15.547584315028306,15.562040791091116,37188900,INTC
2013-03-07,15.822242736816406,15.894523703171137,15.721050211106643,15.757190004961625,42380000,INTC
2013-03-08,15.598179817199707,15.930671856675417,15.518670581503162,15.865619096313765,44990500,INTC
2013-03-11,15.677691459655762,15.713831274895627,15.381340563023002,15.562042396513492,42148200,INTC
2013-03-12,15.641550064086914,15.70660283359634,15.504217665029733,15.656006541454689,28617300,INTC
2013-03-13,15.656004905700684,15.684917857415382,15.511442904418026,15.583723905059355,24617400,INTC
2013-03-14,15.648775100708008,15.793337087514269,15.547582537130795,15.713827856906297,28836500,INTC
2013-03-15,15.453617095947266,15.684916554515233,15.374109242627165,15.619863797206321,52949600,INTC
2013-03-18,15.36688232421875,15.533127661101124,15.316286037223716,15.352425848321477,35154400,INTC
2013-03-19,15.280144691467285,15.439163167422835,15.186180356385247,15.366882167319895,42546000,INTC
2013-03-20,15.309054374694824,15.439159871375308,15.258458099017995,15.403018689716777,29919000,INTC
2013-03-21,15.207865715026855,15.28014533955001,15.106671759132595,15.186181000482629,32607200,INTC
2013-03-22,15.417476654052734,15.424704891083787,15.236774864212151,15.287371144784274,30803200,INTC
2013-03-25,15.287374496459961,15.482532803150074,15.23677820479487,15.460848087302656,32740700,INTC
2013-03-26,15.735513687133789,15.735513687133789,15.35965359763443,15.381338310790486,39548500,INTC
2013-03-27,15.778882026672363,15.887302837167411,15.547583929977487,15.627093167708377,45370900,INTC
2013-03-28,15.786110877990723,15.836707166278279,15.612637298728187,15.79333911612401,33336700,INTC
2013-04-01,15.489758491516113,15.684916766075167,15.41024925847828,15.663232053797941,33718100,INTC
2013-04-02,15.511444091796875,15.598181574935184,15.41025151034012,15.554813522688793,28166700,INTC
2013-04-03,15.215091705322266,15.540355511675964,15.186180132893819,15.50421570147906,36620800,INTC
2013-04-04,15.280144691467285,15.316285880841459,15.150039167011073,15.215091929239179,28702500,INTC
2013-04-05,15.135578155517578,15.157261482023682,14.998244446851148,15.135578155517576,36721600,INTC
2013-04-08,15.244004249572754,15.244004249572754,15.034389495817699,15.099442255352347,34213000,INTC
2013-04-09,15.721057891845703,15.822250466994491,15.22232049684229,15.258461686999313,61518700,INTC
2013-04-10,16.08968734741211,16.20533638128563,15.692142587157313,15.699370824105062,67102900,INTC
2013-04-11,15.778882026672363,15.836706550846081,15.533127454272705,15.706601026793862,59295600,INTC
2013-04-12,15.67046070098877,15.757196795075075,15.518670468369697,15.713828748031922,34028000,INTC
2013-04-15,15.453617095947266,15.692143413198174,15.439161999936077,15.540354565240916,38459200,INTC
2013-04-16,15.84393310546875,15.851161342553226,15.482529523116494,15.518669329893616,64767000,INTC
2013-04-17,15.851160049438477,16.00294887989399,15.590949050206008,15.74996749580147,79461200,INTC
2013-04-18,16.075237274169922,16.190886354091262,15.829482634675626,15.937903474771161,76237300,INTC
2013-04-19,16.219799041748047,16.227027281452795,16.05355228583033,16.096921724058827,49101000,INTC
2013-04-22,16.537826538085938,16.58119595853746,16.154739641280504,16.248703961635083,52817000,INTC
2013-04-23,16.89923095703125,16.9498286167808,16.573968559084282,16.610108365974412,62494100,INTC
2013-04-24,17.101621627807617,17.195587354454094,16.805270727422144,16.826955444028005,54282000,INTC
2013-04-25,16.89923095703125,17.253407682051794,16.855862913034038,17.094389222986585,109178000,INTC
2013-04-26,16.913684844970703,17.029333863709525,16.725754844858855,16.848632099599484,101377300,INTC
2013-04-29,17.173898696899414,17.224494978723676,16.913687671922894,16.942600620762633,102141600,INTC
2013-04-30,17.311233520507812,17.347373330154156,17.087162289035327,17.14498681165669,41468900,INTC
2013-05-01,17.34014320373535,17.470248710123133,17.21003769734757,17.21726593421858,38373800,INTC
2013-05-02,17.426883697509766,17.455795271375376,17.10884811311529,17.15221616323644,33486300,INTC
2013-05-03,17.48160171508789,17.671302074888384,17.47430677846262,17.671302074888384,30085800,INTC
2013-05-06,17.445125579833984,17.664009912656017,17.40134899159611,17.63482598437498,31009100,INTC
2013-05-07,17.62023162841797,17.693193529546726,17.46701288851684,17.48890048471271,38605600,INTC
2013-05-08,17.693191528320312,17.722376842123754,17.481602178142435,17.53997280574932,24900600,INTC
2013-05-09,17.773448944091797,17.926667659718376,17.58374858786439,17.656710477433744,31333900,INTC
2013-05-10,17.87559700012207,17.90478231626912,17.766154847835573,17.81722775946044,22554800,INTC
2013-05-13,17.569162368774414,17.868304973142305,17.53268210643991,17.80993571842742,28535200,INTC
2013-05-14,17.39405059814453,17.63482389233865,17.350274015099913,17.569158321955484,36694400,INTC
2013-05-15,17.65671157836914,17.65671157836914,17.37216033046948,17.430529567437958,33568900,INTC
2013-05-16,17.467012405395508,17.80263519301926,17.45971607632119,17.554565571022366,29812900,INTC
2013-05-17,17.539974212646484,17.671303960398976,17.437826997773477,17.59834345330286,36277400,INTC
2013-05-20,17.569162368774414,17.693197208997645,17.510793114059528,17.569162368774414,31324400,INTC
2013-05-21,17.62023162841797,17.693193529546726,17.51078947254109,17.58375137366985,37917900,INTC
2013-05-22,17.561859130859375,17.897483257192793,17.467009651114516,17.605635706769906,49686400,INTC
2013-05-23,17.547271728515625,17.598346039273427,17.394052971140248,17.4232368999406,38132900,INTC
2013-05-24,17.452421188354492,17.539975752843514,17.20435154587362,17.452421188354492,30861700,INTC
2013-05-28,17.569162368774414,17.80263938763396,17.510793114059528,17.6275316234893,31153700,INTC
2013-05-29,17.70778465270996,17.7880414845235,17.43052973078713,17.481602639659126,31653900,INTC
2013-05-30,17.664005279541016,17.87559461851923,17.664005279541016,17.715079575993617,26299900,INTC
2013-05-31,17.715078353881836,18.028812089224825,17.60563483209445,17.67859671607531,47793200,INTC
2013-06-03,18.415512084960938,18.568732205317833,18.11636956462345,18.152849816710496,76493500,INTC
2013-06-04,18.503068923950195,18.95543022889262,18.495772594304984,18.648991341956666,68515500,INTC
2013-06-05,18.021516799926758,18.4446940487594,17.98503516283557,18.320659265913687,53335200,INTC
2013-06-06,17.985042572021484,18.196631979421056,17.70778897407083,18.05800448462936,40020000,INTC
2013-06-07,17.941265106201172,18.021523345319306,17.671306460206424,17.80263761816967,35539400,INTC
2013-06-10,18.247697830200195,18.30606705934324,17.9777392756435,18.02881217718964,29780800,INTC
2013-06-11,18.028818130493164,18.298776774193012,17.970448882075985,18.116372698935255,27077800,INTC
2013-06-12,17.84641456604004,18.240408047857454,17.809934306597402,18.21122272699719,24535200,INTC
2013-06-13,18.233110427856445,18.247703087254315,17.80263671704753,17.84641330360854,27707000,INTC
2013-06-14,18.18203353881836,18.34254858222454,18.123664305613175,18.25499542823291,24762700,INTC
2013-06-17,18.313365936279297,18.495769976697154,18.174738475904658,18.320662264891897,42643200,INTC
2013-06-18,18.583322525024414,18.71465365246306,18.291476348289837,18.291476348289837,36674300,INTC
2013-06-19,18.240402221679688,18.736541384770536,18.240402221679688,18.59791393822874,28843900,INTC
2013-06-20,17.6494140625,18.057998693793436,17.583748501373805,18.043406037624884,63565700,INTC
2013-06-21,17.65671157836914,17.766153723730987,17.57645335567534,17.736968409430556,67754000,INTC
2013-06-24,17.204349517822266,17.671303429032204,17.08031471120307,17.569157608863136,49145200,INTC
2013-06-25,17.423227310180664,17.46700526673478,17.197046767845364,17.386747071350808,34571300,INTC
2013-06-26,17.518081665039062,17.68589302386491,17.43052712603347,17.656709105284506,33645000,INTC
2013-06-27,17.547271728515625,17.76615745686532,17.51808779971527,17.583753379056912,25564500,INTC
2013-06-28,17.6785945892334,17.80992568627259,17.313786604849884,17.4597103552561,80413900,INTC
2013-07-01,17.430538177490234,17.817235433191023,17.394057908227154,17.766162499569482,29698200,INTC
2013-07-02,17.306495666503906,17.5399740181732,17.175165920207526,17.41593920919957,28290100,INTC
2013-07-03,17.335678100585938,17.437823905714072,17.109497507102684,17.291901525764196,18167200,INTC
2013-07-05,17.554567337036133,17.56915999665281,17.277313762482354,17.474310492409643,17830400,INTC
2013-07-08,16.919797897338867,17.4451209929675,16.803059431643614,17.408640744299838,68826600,INTC
2013-07-09,16.883317947387695,17.087610978624237,16.86143035264864,17.00005642477074,34739800,INTC
2013-07-10,16.963577270507812,17.000057525189234,16.51851092690542,16.883319040249674,50037500,INTC
2013-07-11,17.503494262695312,17.510790592438074,17.12409346586733,17.18975904191958,41313800,INTC
2013-07-12,17.437822341918945,17.510784221166894,17.255418339615122,17.474303977358968,34561900,INTC
2013-07-15,17.467012405395508,17.488900000985986,17.335681265322744,17.39405050628481,25650100,INTC
2013-07-16,17.693191528320312,17.729671778942258,17.437825599069633,17.510787491945877,34496100,INTC
2013-07-17,17.62023162841797,17.824524673251986,17.5399747896456,17.72967378429485,44084200,INTC
2013-07-18,16.956275939941406,17.226234476509394,16.8979067146878,17.124087288591507,77863900,INTC
2013-07-19,16.810354232788086,16.89061105089352,16.642541485915658,16.861427132936676,45866700,INTC
2013-07-22,16.61336326599121,16.868729245951457,16.584177946392266,16.832247596452774,35890900,INTC
2013-07-23,16.598766326904297,16.773874024455985,16.518508110331002,16.671728215458902,28521400,INTC
2013-07-24,16.730104446411133,16.781177372274186,16.511218689184364,16.730104446411133,33432700,INTC
2013-07-25,16.824949264526367,16.824949264526367,16.649841542666927,16.671730529761533,114558100,INTC
2013-07-26,16.97087860107422,16.97087860107422,16.708216236737574,16.73740156238961,110474500,INTC
2013-07-29,16.956275939941406,17.000052510973585,16.832241162323484,16.905203041798515,85543100,INTC
2013-07-30,17.058422088623047,17.145976624128224,16.985461599272888,17.000052862163642,28855200,INTC
2013-07-31,17.02924346923828,17.116796640350305,16.970874224619408,17.05113245783257,27679200,INTC
2013-08-01,16.927101135253906,17.138689168837335,16.795769959827645,17.080319912162647,37832700,INTC
2013-08-02,16.94169044494629,16.94169044494629,16.78117535557637,16.91250651580298,36242100,INTC
2013-08-05,16.88643455505371,16.960110379292274,16.834861899661554,16.94537493339467,20869000,INTC
2013-08-06,16.798017501831055,16.89379646194202,16.731709423369306,16.856957859880502,28843300,INTC
2013-08-07,16.724349975585938,16.79065808127523,16.613835529270744,16.731716293774028,23350900,INTC
2013-08-08,16.540157318115234,16.783286514889014,16.51068643111272,16.76118334963713,34792500,INTC
2013-08-09,16.58435821533203,16.61382768992771,16.437006626606955,16.51068242096949,25145400,INTC
2013-08-12,16.680133819580078,16.724340134192893,16.540151372385697,16.562253124443373,23520400,INTC
2013-08-13,16.59172821044922,16.724344377437124,16.495949243069468,16.716976656465672,26099200,INTC
2013-08-14,16.62856674194336,16.75381519799175,16.46648108333629,16.50331828589497,23202500,INTC
2013-08-15,16.23072052001953,16.510686928735236,16.18651418818341,16.414909353588865,40451200,INTC
2013-08-16,16.142311096191406,16.34860311912416,16.12757565057133,16.252824127843102,30079000,INTC
2013-08-19,16.414905548095703,16.724342772964842,16.245450792507423,16.267553953301274,43412200,INTC
2013-08-20,16.59172821044922,16.709608935494224,16.429641159575517,16.437008880546966,32084300,INTC
2013-08-21,16.3338680267334,16.635937642230203,16.252824479319802,16.606468155602194,32403300,INTC
2013-08-22,16.400177001953125,16.49595459515869,16.3338688969456,16.400177001953125,17380600,INTC
2013-08-23,16.532787322998047,16.628564882087694,16.45174380013439,16.459111520871907,23088700,INTC
2013-08-26,16.40753746032715,16.59172624707016,16.378066579928785,16.503315011123988,22267800,INTC
2013-08-27,16.34859848022461,16.37070023713393,16.208614597053057,16.29702584043747,37638500,INTC
2013-08-28,16.42227554321289,16.510685388137126,16.30439340789866,16.35596745689514,28090000,INTC
2013-08-29,16.252822875976562,16.52542297795332,16.24545515373402,16.38543906584367,28303500,INTC
2013-08-30,16.193883895874023,16.392808197781125,16.13494351811445,16.385440474904996,33896300,INTC
2013-09-03,16.260190963745117,16.385439434185244,16.186515144912804,16.36333626696074,26427300,INTC
2013-09-04,16.680133819580078,16.783280481761246,16.414902958146854,16.488577338670748,37941800,INTC
2013-09-05,16.65067481994629,16.74645241801064,16.56963126410364,16.709615204581958,22552800,INTC
2013-09-06,16.702238082885742,16.81275106623833,16.503313869701785,16.71697352206577,27606600,INTC
2013-09-09,16.879066467285156,16.96747773551043,16.72434850445272,16.739082544782406,27770600,INTC
2013-09-10,16.93063735961914,17.04115037946275,16.89380015475437,16.996945452575165,31705400,INTC
2013-09-11,16.805387496948242,16.93063595041253,16.731711688101747,16.879063305794734,45815300,INTC
2013-09-12,16.67276954650879,16.827488869134516,16.650667789882984,16.78328395063389,29517900,INTC
2013-09-13,17.269542694091797,17.284276730454582,16.974840888100278,16.98220720365714,61134800,INTC
2013-09-16,17.232702255249023,17.46846367494007,17.203232780412094,17.40952332001731,30088500,INTC
2013-09-17,17.490568161010742,17.60108115921309,17.43899552219958,17.45373096335963,37540700,INTC
2013-09-18,17.60845184326172,17.623187286901718,17.35795492237877,17.571614639410978,31975400,INTC
2013-09-19,17.61581802368164,17.74843419433908,17.564245380703554,17.652655224309093,28261400,INTC
2013-09-20,17.512676239013672,17.652658753583832,17.365324596545765,17.63792471353657,47069000,INTC
2013-09-23,17.40215492248535,17.57160824695133,17.39478720334569,17.461095270353898,22437100,INTC
2013-09-24,17.461097717285156,17.571610709369455,17.372686480468353,17.372686480468353,24410100,INTC
2013-09-25,17.461097717285156,17.542139828680874,17.372686480468353,17.520038073413378,19879900,INTC
2013-09-26,17.247446060180664,17.53478025412806,17.092728080439635,17.49794304140389,32003300,INTC
2013-09-27,16.93063735961914,17.232706936308006,16.856961544640306,17.10009075039596,28924100,INTC
2013-09-30,16.88643455505371,17.07062341302539,16.650673041689874,16.73908290657658,32489600,INTC
2013-10-01,16.820117950439453,16.97483724364784,16.72434041102379,16.901161456655693,25888800,INTC
2013-10-02,16.86432647705078,16.87169419785486,16.70224083510817,16.73171031307544,23205400,INTC
2013-10-03,16.65067481994629,16.82749597385329,16.576998987839303,16.812760526381968,34888500,INTC
2013-10-04,16.805387496948242,16.834858382586507,16.65066956309486,16.65066956309486,22550000,INTC
2013-10-07,16.820117950439453,16.94536636675148,16.62856146635937,16.73170672499912,21321300,INTC
2013-10-08,16.562259674072266,16.85696152845536,16.562259674072266,16.84959521168891,36111200,INTC
2013-10-09,16.64329719543457,16.915895785242284,16.562253687803143,16.58435684586138,40435400,INTC
2013-10-10,17.0190486907959,17.10745854494588,16.886432504321625,16.938005153450668,39189400,INTC
2013-10-11,17.136930465698242,17.136930465698242,16.812757702034517,16.82012542453249,24550600,INTC
2013-10-14,17.27690887451172,17.306378349858882,16.967471654497366,17.011676570142576,27176700,INTC
2013-10-15,17.232702255249023,17.380053845180385,17.18112962034772,17.240069975270483,42957700,INTC
2013-10-16,17.461097717285156,17.490567192724797,17.107454175266888,17.13692505595547,47723400,INTC
2013-10-17,17.62318992614746,17.637925371994235,17.306384866689104,17.37269296775013,28694900,INTC
2013-10-18,17.59370994567871,17.667385731602778,17.446359779079305,17.578975912692883,29579100,INTC
2013-10-21,17.78527069091797,17.80737385356894,17.54950924363722,17.637920488992037,35297600,INTC
2013-10-22,17.73369789123535,17.829476856616445,17.689492971578186,17.80737369416333,29010800,INTC
2013-10-23,17.490568161010742,17.718961877995465,17.357952001068316,17.630552041533193,31651100,INTC
2013-10-24,17.520038604736328,17.660021076505462,17.520038604736328,17.578978962652013,47590200,INTC
2013-10-25,17.858943939208984,17.858943939208984,17.696858318707303,17.763166391923644,59634700,INTC
2013-10-28,17.94736099243164,18.04313857077866,17.807377080771236,17.814744802990134,65581600,INTC
2013-10-29,18.065237045288086,18.17575003936897,17.93998861059669,17.976825806874,29961700,INTC
2013-10-30,18.050504684448242,18.183120862071817,17.976828874074123,18.072607849135238,24091800,INTC
2013-10-31,18.028404235839844,18.21996080957193,17.99893475039998,18.065242849201447,30901400,INTC
2013-11-01,17.925256729125977,18.16101820470975,17.84421319492559,18.05787291045416,28302100,INTC
2013-11-04,17.873685836791992,17.97683114117413,17.792642294634952,17.91789076649157,26639800,INTC
2013-11-05,17.869970321655273,17.929462465704873,17.676620498892927,17.78816809168535,22849900,INTC
2013-11-06,18.033567428588867,18.078186167341496,17.765852159264824,17.892273101067385,25525700,INTC
2013-11-07,17.892274856567383,18.130243377801857,17.847656113436987,18.122808102617018,25631100,INTC
2013-11-08,17.91458511352539,17.936895194512143,17.728672027181958,17.869966369956167,31502900,INTC
2013-11-11,17.974079132080078,18.063318046994798,17.795602720655076,17.87740494112653,19236500,INTC
2013-11-12,18.16743278503418,18.219488238771625,17.832788556143825,17.84022525216414,37813500,INTC
2013-11-13,18.293842315673828,18.308715698393183,17.99638175330593,18.033563791700473,22990300,INTC
2013-11-14,18.137685775756836,18.21948801255988,18.10794041044964,18.16743255946875,20198900,INTC
2013-11-15,18.234352111816406,18.256660769826674,18.033565679300025,18.14511322456335,22866500,INTC
2013-11-18,18.293842315673828,18.368207810866764,18.204603437761534,18.301279007033507,24712500,INTC
2013-11-19,18.36821174621582,18.494632689608068,18.30128292804321,18.397957099623564,24870200,INTC
2013-11-20,18.26410484313965,18.457454661657486,18.189739310109008,18.36821715674437,20288600,INTC
2013-11-21,18.762348175048828,18.806968336645838,18.23435569512264,18.30128451911389,44050600,INTC
2013-11-22,17.7509822845459,18.226919336424714,17.728672203337467,18.219482642688572,77908100,INTC
2013-11-25,17.661741256713867,17.862527708259815,17.475828190853722,17.862527708259815,43389300,INTC
2013-11-26,17.58737564086914,17.728669967225866,17.49070147130135,17.691487921639204,30600800,INTC
2013-11-27,17.77328872680664,17.78816211242069,17.4907014921603,17.579938969036355,28419200,INTC
2013-11-29,17.728668212890625,17.840215757016573,17.669176094796523,17.773286946860207,13802900,INTC
2013-12-02,17.624557495117188,17.847652585068953,17.587374034522565,17.847652585068953,25685300,INTC
2013-12-03,17.513011932373047,17.646869579697867,17.40146436573712,17.61712422385028,35066400,INTC
2013-12-04,17.654300689697266,17.736102874613852,17.49069773826791,17.49069773826791,43501500,INTC
2013-12-05,18.041004180908203,18.1079329984598,17.661741354250537,17.71379678603419,45399100,INTC
2013-12-06,18.45745086669922,18.77722160010107,18.405395429802038,18.568998434108074,53871400,INTC
2013-12-09,18.539249420166016,18.65079696556597,18.35333637169809,18.472320609245244,29614700,INTC
2013-12-10,18.45745086669922,18.568998434108074,18.338466605675873,18.5095063035964,18203700,INTC
2013-12-11,18.159990310668945,18.5020697083283,18.145116923360902,18.397958833980546,24682400,INTC
2013-12-12,18.19717788696289,18.509512023265373,18.15999582580498,18.383091029561875,21917800,INTC
2013-12-13,18.063322067260742,18.212051734014736,17.966646436386135,18.003828498473446,20631200,INTC
2013-12-16,18.18230438232422,18.375652786148226,18.093065457293864,18.093065457293864,25061100,INTC
2013-12-17,18.33846664428711,18.4202688558145,18.130243477855704,18.15999025237631,28158500,INTC
2013-12-18,18.70285415649414,18.74003762073776,18.241790547106277,18.375646763170923,42680500,INTC
2013-12-19,18.69542121887207,18.7697867438925,18.50950811552321,18.680549248591518,31880600,INTC
2013-12-20,18.635921478271484,18.851581270991723,18.621049514059337,18.67310493481144,55380100,INTC
2013-12-23,18.82927703857422,18.91107924993622,18.725166164771142,18.792094988902914,28120800,INTC
2013-12-24,18.911069869995117,19.052364141791436,18.851577768986704,18.873886420362627,12157900,INTC
2013-12-26,19.11186408996582,19.11186408996582,18.91107763471991,18.91107763471991,16957000,INTC
2013-12-27,19.03750228881836,19.186231922190835,18.948263374071328,19.149049868448824,12970600,INTC
2013-12-30,19.22340965270996,19.22340965270996,19.03749660271935,19.089552029772083,19787200,INTC
2013-12-31,19.305213928222656,19.364707476667505,19.163921005878937,19.193666361697094,22808100,INTC
2014-01-02,19.178791046142578,19.201099704512096,18.94082114910357,19.17135435388473,31833300,INTC
2014-01-03,19.171358108520508,19.260595596283437,19.037500458471822,19.23085023983056,27796700,INTC
2014-01-06,18.93338394165039,19.1787905242695,18.925948667998885,19.163917140158528,28682300,INTC
2014-01-07,19.030059814453125,19.134170668033065,18.94082092681032,18.992877772004288,19665100,INTC
2014-01-08,18.911069869995117,19.119291514322775,18.814394319354214,19.067236103240862,29680500,INTC
2014-01-09,18.82183837890625,19.000314751813292,18.77721964028052,18.903640581723526,20878000,INTC
2014-01-10,18.985445022583008,19.223413547844604,18.963134941438124,18.963134941438124,30588800,INTC
2014-01-13,18.963138580322266,19.327528131853242,18.90364643759077,19.05981278035923,40274500,INTC
2014-01-14,19.7142276763916,19.74397303841562,19.260599203687672,19.342401431461706,74142900,INTC
2014-01-15,19.833206176757812,20.16785026695448,19.78858743753297,19.87038822304449,58277700,INTC
2014-01-16,19.736534118652344,19.885263738128366,19.58036638703758,19.810898219188207,48960800,INTC
2014-01-17,19.22340965270996,19.230846344918067,18.777218049051694,18.859020244936847,111758900,INTC
2014-01-21,19.030059814453125,19.186226094823034,18.792091338610977,19.178790821056467,42286400,INTC
2014-01-22,18.82183837890625,18.99287947737911,18.702854130301553,18.881330503208595,48749900,INTC
2014-01-23,18.687986373901367,18.777225296437887,18.516946642311304,18.717733154215058,40241000,INTC
2014-01-24,18.45001220703125,18.732600860651953,18.43514023979131,18.502067638381348,34838700,INTC
2014-01-27,18.38308334350586,18.583869793980107,18.33846460509073,18.420266807521898,32564900,INTC
2014-01-28,18.516939163208008,18.62848670752052,18.271533998358894,18.375644850596707,32453800,INTC
2014-01-29,18.353334426879883,18.56155611132111,18.31615097008406,18.40538984799019,27145700,INTC
2014-01-30,18.39796257019043,18.509510160844997,18.249232922119194,18.405399265354674,24610100,INTC
2014-01-31,18.249225616455078,18.331026393705567,18.145113344239174,18.182296805174857,28623300,INTC
2014-02-03,17.810468673706055,18.22691345983285,17.765848525675302,18.219476768494392,52868200,INTC
2014-02-04,17.713796615600586,17.877401020665538,17.53532024331492,17.840217556603445,50816300,INTC
2014-02-05,17.65749168395996,17.837669995192623,17.64247646670809,17.79262577536694,32476200,INTC
2014-02-06,18.010343551635742,18.077910608045595,17.680015879402024,17.71755392847981,28008400,INTC
2014-02-07,18.17550277709961,18.213040818133656,17.845176607579088,18.16799660082265,30808400,INTC
2014-02-10,18.235567092895508,18.29562653798329,18.06289493532928,18.100432983465467,24571300,INTC
2014-02-11,18.370695114135742,18.408233152757493,18.265591469854357,18.280606685303056,17911700,INTC
2014-02-12,18.430763244628906,18.535868370457127,18.295630537587652,18.400734231485437,25874100,INTC
2014-02-13,18.54336929321289,18.573398295525028,18.250578287072532,18.340668157868777,22922000,INTC
2014-02-14,18.588415145874023,18.588415145874023,18.32565455088887,18.453281043771373,20539700,INTC
2014-02-18,18.588415145874023,18.603430364314328,18.430758216110913,18.520848094822696,17738100,INTC
2014-02-19,18.39322280883789,18.558385926728526,18.33316336306583,18.50583409066924,25686000,INTC
2014-02-20,18.57339859008789,18.655980853633327,18.3932202775678,18.42325071228612,20193800,INTC
2014-02-21,18.333158493041992,18.738559286330123,18.280606670942582,18.731053110541428,30579800,INTC
2014-02-24,18.490819931030273,18.6785058888163,18.325656803673446,18.400731473173902,24145500,INTC
2014-02-25,18.483308792114258,18.55087440140761,18.363188493994276,18.520845400824992,21539100,INTC
2014-02-26,18.618444442749023,18.753578546970484,18.475804161119758,18.57340021865189,19820200,INTC
2014-02-27,18.588415145874023,18.61844415082459,18.40072921116035,18.61844415082459,20863900,INTC
2014-02-28,18.588415145874023,18.65598219692535,18.44577343455122,18.610937973534483,23482700,INTC
2014-03-03,18.39322280883789,18.460789864322727,18.24307347844267,18.430759425471628,25728500,INTC
2014-03-04,18.475807189941406,18.60343370574739,18.393224905616858,18.55838804233565,23661200,INTC
2014-03-05,18.39322280883789,18.55087831701575,18.31814814364028,18.543372139233114,21036200,INTC
2014-03-06,18.490819931030273,18.505835151316408,18.303133973244243,18.445775702102086,22371700,INTC
2014-03-07,18.498321533203125,18.655978431142568,18.445769711199894,18.543367179431396,25373400,INTC
2014-03-10,18.648479461669922,18.686016085651207,18.453285866720318,18.47580870026734,24908100,INTC
2014-03-11,18.565889358520508,18.65597922287056,18.475800926100273,18.60342739863712,26656800,INTC
2014-03-12,18.588415145874023,18.678503592655765,18.47580387143183,18.505832876382392,21244800,INTC
2014-03-13,18.445770263671875,18.76859024499455,18.340666616517442,18.618440950262674,26243300,INTC
2014-03-14,18.39322280883789,18.50583409066924,18.31814814364028,18.37820758941234,21807200,INTC
2014-03-17,18.54336929321289,18.63345773207922,18.385712377301942,18.49832364184981,18525800,INTC
2014-03-18,18.633460998535156,18.6935204456178,18.430759827657415,18.528357324123068,26344000,INTC
2014-03-19,18.78361701965332,18.956287812499856,18.595931001707775,18.655990470173123,34229400,INTC
2014-03-20,19.09140968322754,19.211528542824123,18.723545496721783,18.76858971108806,37009100,INTC
2014-03-21,18.896215438842773,19.27909482579545,18.8887078314206,19.226543005769933,56861900,INTC
2014-03-24,18.85868263244629,19.05387473702239,18.708533317616993,18.926248248996487,36950600,INTC
2014-03-25,19.11393928527832,19.27159625118011,18.896224295708688,18.911239517590833,32317400,INTC
2014-03-26,19.05387306213379,19.3241412322972,19.008828844416506,19.211529972039067,26442800,INTC
2014-03-27,19.001317977905273,19.33164552569235,18.986304195860566,19.038856012841087,27201100,INTC
2014-03-28,19.234052658081055,19.376692918478216,19.008828707260008,19.076395749313335,22884500,INTC
2014-03-31,19.37670135498047,19.56438734641713,19.23406103247855,19.256582435015442,29336300,INTC
2014-04-01,19.511831283569336,19.519338893436892,19.249070665925498,19.36918955994608,23778700,INTC
2014-04-02,19.43675994873047,19.556878863342188,19.249073965658354,19.489311794881797,22464700,INTC
2014-04-03,19.827138900756836,19.864675509005945,19.624437779580084,19.63194538761587,38581300,INTC
2014-04-04,19.639461517333984,20.067385337543783,19.601924892797506,19.88720696229389,47918000,INTC
2014-04-07,19.8872013092041,20.07488724239621,19.669486371304874,19.74455959903769,49813500,INTC
2014-04-08,20.202510833740234,20.25506265838028,19.78209480469006,19.789602412771472,56699500,INTC
2014-04-09,20.255069732666016,20.285100175480085,20.067383760869042,20.21753311107875,34481800,INTC
2014-04-10,19.842159271240234,20.337650074877523,19.789607433268127,20.277590626919373,40478200,INTC
2014-04-11,19.65447235107422,19.962277185717895,19.646964741457285,19.722039405696503,36121100,INTC
2014-04-14,19.939762115478516,20.007329196391318,19.624449548529,19.75207609781644,26957900,INTC
2014-04-15,20.097410202026367,20.142454425348255,19.789605384121714,19.90221665839146,45074400,INTC
2014-04-16,20.217529296875,20.45025945705629,19.969783918119422,20.255065911380672,59033600,INTC
2014-04-17,20.300113677978516,20.390202134931858,20.11242772207382,20.17999334882372,38108500,INTC
2014-04-21,20.232545852661133,20.307619086634226,20.067381301287966,20.307619086634226,20398600,INTC
2014-04-22,20.149961471557617,20.25506513368206,20.014827373437615,20.20251330261984,29601600,INTC
2014-04-23,20.0823974609375,20.247560588112016,20.05987463053316,20.119934079681183,25574300,INTC
2014-04-24,20.0823974609375,20.240052977977236,19.999815181385134,20.127441689815964,25432800,INTC
2014-04-25,19.714529037475586,20.059870439951062,19.661977209440614,20.00731861191609,33614400,INTC
2014-04-28,19.767086029052734,19.81213026028771,19.526848219892475,19.646967124472603,33472800,INTC
2014-04-29,19.87969398498535,20.014828087929384,19.7820979283758,19.789605537642696,22146000,INTC
2014-04-30,20.037357330322266,20.044864941992586,19.68450674146975,19.759581426242445,25863900,INTC
2014-05-01,19.857175827026367,20.022338962039438,19.81213016407984,19.90222005804261,19755200,INTC
2014-05-02,19.827138900756836,19.999809589790445,19.81963129272105,19.93975015743398,24235200,INTC
2014-05-05,19.81578254699707,19.88393017587284,19.679487289245525,19.808210427762642,20738900,INTC
2014-05-06,19.838497161865234,19.974790963409138,19.68705767894897,19.808208687588404,21818000,INTC
2014-05-07,19.967226028442383,20.02780155017389,19.853645661490734,19.88393414447367,24692800,INTC
2014-05-08,19.944509506225586,20.088376910771814,19.85364550223998,19.929365264855594,24166900,INTC
2014-05-09,19.91422462463379,19.997516522996317,19.853649092434118,19.967229479013785,20324400,INTC
2014-05-12,19.967226028442383,20.095949192651137,19.914221183222246,19.99751306719096,20607800,INTC
2014-05-13,20.027799606323242,20.095947242186238,19.936935610427838,20.058086642132228,20525000,INTC
2014-05-14,19.936935424804688,20.080802815202006,19.936935424804688,20.0580864553811,17811900,INTC
2014-05-15,19.69463348388672,20.06565869782135,19.69463348388672,19.936935546518786,31752700,INTC
2014-05-16,19.550765991210938,19.740064657189716,19.490190475867095,19.724920417295206,30017200,INTC
2014-05-19,19.717350006103516,19.755209162113495,19.497762857389805,19.497762857389805,22679600,INTC
2014-05-20,19.717350006103516,19.81578467827,19.596197529556285,19.702205766005836,22292600,INTC
2014-05-21,19.838497161865234,19.876356310477327,19.68705767894897,19.7627774204071,18721300,INTC
2014-05-22,19.80063819885254,19.891502184928296,19.747634808739207,19.846069469773386,15926500,INTC
2014-05-23,19.906644821166992,19.914215495516103,19.793064486655066,19.800636605238125,17172200,INTC
2014-05-27,20.224674224853516,20.247390590811015,19.82336186924656,19.93694081056486,27271900,INTC
2014-05-28,20.3533935546875,20.39882627799637,20.186811235257945,20.21709971746386,27150100,INTC
2014-05-29,20.41396713256836,20.41396713256836,20.232240589326306,20.376107977647415,20638900,INTC
2014-05-30,20.68655776977539,20.68655776977539,20.391252316105565,20.398824435973278,43641000,INTC
2014-06-02,20.641130447387695,20.709278095012557,20.535123637408788,20.678989609741745,20264900,INTC
2014-06-03,20.944000244140625,20.97428871808105,20.535115955582366,20.610834251965574,33256300,INTC
2014-06-04,20.898571014404297,21.019722033506483,20.82285126640691,20.83042338563006,21612500,INTC
2014-06-05,20.944000244140625,20.944000244140625,20.769845851684956,20.868280503523486,26546200,INTC
2014-06-06,21.33017349243164,21.360460527634565,20.99700743979433,21.034868039090725,34795600,INTC
2014-06-09,21.133302688598633,21.51947213564769,21.072727174016478,21.27717007731907,39933000,INTC
2014-06-10,21.383180618286133,21.451328264676285,20.989438982306233,21.087875113418427,34256900,INTC
2014-06-11,21.148447036743164,21.36046061675073,21.050010922396055,21.307457221748837,27747700,INTC
2014-06-12,21.171167373657227,21.277175635041615,21.027301391592342,21.095449043827102,31211400,INTC
2014-06-13,22.61740493774414,22.76127088207475,22.38267355528732,22.526540943852115,122194300,INTC
2014-06-16,22.723411560058594,22.82941834862492,22.465965264196793,22.503824418903573,36407800,INTC
2014-06-17,22.677980422973633,22.791559332016345,22.594688549033023,22.624975584135125,28440600,INTC
2014-06-18,22.662837982177734,22.700697140118994,22.46596718356771,22.62497738000217,34412300,INTC
2014-06-19,22.783987045288086,22.783987045288086,22.632547538184316,22.69312305217899,27166600,INTC
2014-06-20,22.867273330688477,22.867273330688477,22.738550214375778,22.76883724185498,39826400,INTC
2014-06-23,22.88998794555664,22.95056344396902,22.602254689156275,22.791553302224195,26528900,INTC
2014-06-24,23.094436645507812,23.3443108202964,22.783986956959392,22.836990350969977,53397600,INTC
2014-06-25,23.382179260253906,23.47304328909433,23.056586647143007,23.079301571177055,44293300,INTC
2014-06-26,23.30645179748535,23.39731434652147,23.17772864948904,23.32916671262729,26722300,INTC
2014-06-27,23.420026779174805,23.47303016459808,23.24587238586006,23.374595512273988,30776300,INTC
2014-06-30,23.39731216430664,23.473031910930647,23.215585638949456,23.37459725128327,21558400,INTC
2014-07-01,23.457889556884766,23.541181429284535,23.374599128719154,23.46546167657876,28240000,INTC
2014-07-02,23.457889556884766,23.51089295050856,23.3215942908612,23.46546167657876,16831200,INTC
2014-07-03,23.579042434692383,23.74562619257028,23.48817987969923,23.533611157195807,20437600,INTC
2014-07-07,23.495750427246094,23.62447357506524,23.412458553882477,23.541181701701625,22233400,INTC
2014-07-08,23.314022064208984,23.533607743788085,23.245874435731388,23.47303223450067,37608700,INTC
2014-07-09,23.389738082885742,23.45788570470654,23.238300046577013,23.35187893486704,28302400,INTC
2014-07-10,23.669904708862305,23.72290810278448,23.049005332801112,23.170156360118703,32455100,INTC
2014-07-11,23.662338256835938,23.81377779937349,23.503328036982566,23.669910378386266,20045000,INTC
2014-07-14,23.844058990478516,23.91220662347488,23.73048008356263,23.783483477174432,24244600,INTC
2014-07-15,24.010639190673828,24.078786817708973,23.59418275366708,23.91220453175308,61006100,INTC
2014-07-16,26.23678970336914,26.30493732162988,25.146427811197317,25.222148991746856,135834600,INTC
2014-07-17,25.51746368408203,26.017212104158006,25.46446028259433,25.89606105954773,70591100,INTC
2014-07-18,25.51746368408203,25.62347048705743,25.282732271444548,25.59318200378767,46528800,INTC
2014-07-21,25.790050506591797,25.918772209068468,25.396308946742877,25.403879622225137,32097200,INTC
2014-07-22,26.342803955078125,26.373092435906827,25.797622854035552,25.865770491665874,42915100,INTC
2014-07-23,26.123214721679688,26.28222490066622,25.971775218063247,26.25950998608765,26077000,INTC
2014-07-24,25.933921813964844,26.25194224244473,25.82034143895407,26.032357946409586,33180400,INTC
2014-07-25,25.933921813964844,26.024784380892108,25.69161970984619,25.85820348960361,31614000,INTC
2014-07-28,25.918773651123047,25.986921288128237,25.653756667474255,25.918773651123047,30972200,INTC
2014-07-29,25.888484954833984,26.02478022770856,25.812766642556312,25.94906191543089,26141700,INTC
2014-07-30,26.009632110595703,26.17621583893797,25.77490364444218,25.979346523280043,32782800,INTC
2014-07-31,25.661327362060547,25.93391791027976,25.600753289383217,25.81276687645661,35431200,INTC
2014-08-01,25.547748565673828,25.767332817251074,25.44931245315885,25.555319241189594,33472400,INTC
2014-08-04,25.782474517822266,25.812762993839346,25.403877233012928,25.585605200647354,27250100,INTC
2014-08-05,25.016433715820312,25.748175144439085,24.848741881381105,25.732930167882614,49845100,INTC
2014-08-06,25.0393009185791,25.29845971701003,24.68867516413788,24.848743064076423,27923900,INTC
2014-08-07,24.909717559814453,25.267967178882806,24.80300564971277,25.100275372905028,27820100,INTC
2014-08-08,24.848735809326172,25.153629450587616,24.803003798513835,24.985937657125696,35484000,INTC
2014-08-11,25.168888092041016,25.336579976572395,25.00882015190625,25.01644118862002,27718600,INTC
2014-08-12,25.25272560119629,25.267970577215635,24.90972090996567,25.08503377266535,24805600,INTC
2014-08-13,25.99208641052246,26.030200302024987,25.328945987458443,25.336569928831622,36291000,INTC
2014-08-14,25.870136260986328,26.091184095519804,25.717692285966976,25.953982191856433,25458000,INTC
2014-08-15,26.04544448852539,26.07593444113547,25.694818756555243,25.992088525298712,28577600,INTC
2014-08-18,26.228389739990234,26.274124683628422,25.900629913123705,26.114053834736197,27232200,INTC
2014-08-19,26.175029754638672,26.296986677997452,26.10642880351921,26.296986677997452,29281900,INTC
2014-08-20,26.296985626220703,26.30460666151476,26.053071789258745,26.09118278109362,27140300,INTC
2014-08-21,26.792438507080078,26.82292555737686,26.258875873173608,26.266496908827193,37164900,INTC
2014-08-22,26.632368087768555,26.830549909973975,26.609502072776575,26.830549909973975,21196700,INTC
2014-08-25,26.533275604248047,26.792434391901033,26.411318698745582,26.74669946195686,18614500,INTC
2014-08-26,26.525650024414062,26.716207859226923,26.441804111867313,26.518028990401543,19664700,INTC
2014-08-27,26.518035888671875,26.632368874692524,26.396078958973643,26.59425787935231,17168900,INTC
2014-08-28,26.411312103271484,26.533268978318688,26.380822157589368,26.380822157589368,18908900,INTC
2014-08-29,26.61711883544922,26.632363812223943,26.42656098728816,26.53327582471124,32302800,INTC
2014-09-02,26.350339889526367,26.609498687972152,26.24362795622789,26.495162812191147,32094800,INTC
2014-09-03,26.350339889526367,26.586632675888794,26.25887293351083,26.54089774403997,26668800,INTC
2014-09-04,26.6095027923584,26.746704701385486,26.31223295869389,26.319853994669817,27632400,INTC
2014-09-05,26.6781005859375,26.769567545223982,26.548522635921834,26.61712067462504,20841900,INTC
2014-09-08,26.929636001586914,27.10494886974283,26.586631299681013,26.64760829797431,24859600,INTC
2014-09-09,26.6095027923584,26.89915159004698,26.563767853455182,26.89915159004698,22333100,INTC
2014-09-10,26.693336486816406,26.777182382518518,26.426553827065952,26.56375567318191,19964200,INTC
2014-09-11,26.693336486816406,26.69333648681641,26.319841926238258,26.518023662930737,21949000,INTC
2014-09-12,26.38844871520996,26.60949650616495,26.29698176669412,26.60187547198941,26732600,INTC
2014-09-15,26.327472686767578,26.50278555606961,26.091179911091633,26.457050626289178,22438000,INTC
2014-09-16,26.624738693237305,26.739074547666743,26.274113004253326,26.274113004253326,20875700,INTC
2014-09-17,26.662858963012695,26.830550832539892,26.47992502142173,26.609502987741784,26278900,INTC
2014-09-18,26.807680130004883,26.807680130004883,26.571390228824235,26.769569137009526,23809600,INTC
2014-09-19,26.54090118408203,26.845794953894792,26.54090118408203,26.800060016118135,46851900,INTC
2014-09-22,26.457054138183594,26.70096798069228,26.335097216929253,26.51041010950222,25447700,INTC
2014-09-23,26.23600196838379,26.457049760230362,26.205514923876787,26.457049760230362,25690700,INTC
2014-09-24,26.487545013427734,26.563767001472527,26.19789622502909,26.220765147588498,18829000,INTC
2014-09-25,26.0225830078125,26.518034647085738,25.824404096712662,26.434188716653427,34639700,INTC
2014-09-26,26.114046096801758,26.190270980278967,25.6338424154643,26.114046096801758,25882300,INTC
2014-09-29,26.601877212524414,26.670478155320254,25.870132853474775,25.961602715657268,29003100,INTC
2014-09-30,26.54090118408203,26.678103089729525,26.228386378481073,26.601881101117577,35274600,INTC
2014-10-01,25.908246994018555,26.510407600142642,25.793911119054112,26.38082965568622,35086600,INTC
2014-10-02,25.55000114440918,25.915871928596882,25.351819319005934,25.88538196966061,32910800,INTC
2014-10-03,25.938732147216797,26.053068013834984,25.511884448230226,25.656707359288976,25834600,INTC
2014-10-06,25.999717712402344,26.281742561735676,25.816780867518624,26.03020767116338,24321100,INTC
2014-10-07,25.51188850402832,25.95398124935859,25.47377460397512,25.94636021395735,25972100,INTC
2014-10-08,26.12167739868164,26.19789939595214,25.26035487264751,25.52713767845988,34960600,INTC
2014-10-09,25.626224517822266,26.24363313504902,25.59573746492229,26.030209226335778,28185700,INTC
2014-10-10,24.32280158996582,25.04692193398915,23.24805553247663,24.863985135665093,80917600,INTC
2014-10-13,23.987422943115234,24.673430949768314,23.987422943115234,24.177980803510042,42110200,INTC
2014-10-14,24.498119354248047,24.902101109051767,24.170359584534044,24.3837849227723,68671000,INTC
2014-10-15,23.84259796142578,24.124622756356548,22.600160004563516,23.278546917723276,92305200,INTC
2014-10-16,23.514842987060547,24.017915680463226,23.438619543305933,23.54533149225763,47787400,INTC
2014-10-17,23.9188175201416,24.170353790628646,23.6063028038953,23.78161710756389,37504500,INTC
2014-10-20,24.07126808166504,24.162736491360747,23.552950485685155,23.659663872636987,30523700,INTC
2014-10-21,24.85636329650879,24.86398433017126,24.07126452975847,24.13986546344737,33278400,INTC
2014-10-22,24.597206115722656,25.054543764552005,24.55909512960052,24.89447587822992,26725600,INTC
2014-10-23,24.917343139648438,25.085034976225096,24.848742198110894,24.94021205861562,22254900,INTC
2014-10-24,25.29083824157715,25.405174115359564,24.82587661946233,24.940212493244747,27814300,INTC
2014-10-27,25.30608558654785,25.38230757108038,24.978325819229806,25.214618623572356,23751900,INTC
2014-10-28,25.717683792114258,25.72530482527523,25.328944224230693,25.328944224230693,21857800,INTC
2014-10-29,25.854890823364258,25.893004724125515,25.542376027825703,25.732933900902438,24615200,INTC
2014-10-30,24.83349609375,25.618593368908996,24.696294232969382,25.595727361339407,55217900,INTC
2014-10-31,25.923490524291992,25.92349052429199,24.871613209147302,25.717690590050562,52089700,INTC
2014-11-03,26.152162551879883,26.281740504949877,25.75580184205275,25.771046820240212,28703600,INTC
2014-11-04,26.327472686767578,26.510406590525363,26.075934934498154,26.10642488768511,34695900,INTC
2014-11-05,25.901660919189453,26.162519008722803,25.778904343335387,26.124158127533587,34705500,INTC
2014-11-06,25.94769287109375,26.2622567449507,25.633128997236803,25.847952249603313,25240600,INTC
2014-11-07,25.763559341430664,26.085794218109793,25.46433747869639,26.070449282065937,27604500,INTC
2014-11-10,25.51804542541504,25.694510741302608,25.379946842966454,25.64847592932139,30653600,INTC
2014-11-11,25.556407928466797,25.732870308605435,25.472012240846713,25.594768806453914,19676600,INTC
2014-11-12,25.61011505126953,25.64080199917841,25.31856709552868,25.49502948468175,22864200,INTC
2014-11-13,25.84028434753418,25.978385862565055,25.579426255447824,25.58709726106169,26449300,INTC
2014-11-14,26.047435760498047,26.062780697967046,25.587096416670743,25.89398931255561,18104600,INTC
2014-11-17,26.269929885864258,26.277600890326234,25.9016572832506,25.94769209026411,17646300,INTC
2014-11-18,26.63052749633789,26.776302932053877,26.208551979431064,26.23156792117678,30674800,INTC
2014-11-19,26.354326248168945,26.69190902563391,26.277604486061975,26.61518433677932,21289600,INTC
2014-11-20,27.581892013549805,27.597236949698676,26.085794396628977,26.19320602292376,61994700,INTC
2014-11-21,27.305694580078125,27.973183341448987,27.23664381671232,27.60491357908065,56721600,INTC
2014-11-24,27.81207275390625,27.950174314824157,27.4975087377596,27.535869632070433,33321100,INTC
2014-11-25,27.865766525268555,27.988523089958168,27.735338955737813,27.8964563981278,29093200,INTC
2014-11-26,28.31076431274414,28.379815071623916,27.835080006351152,27.904130765230928,24060000,INTC
2014-11-28,28.579294204711914,28.91687407591689,28.341452044949534,28.418176738460527,19128500,INTC
2014-12-01,28.517915725708008,28.863169545083586,28.31076636083059,28.548605604485378,30904000,INTC
2014-12-02,28.84782600402832,28.84782600402832,28.52559104149012,28.52559104149012,28361100,INTC
2014-12-03,28.717390060424805,29.070314800700935,28.702045124750118,28.909197366237557,30660800,INTC
2014-12-04,28.740406036376953,28.740406036376953,28.41817116704866,28.694374156042755,23359100,INTC
2014-12-05,28.901525497436523,29.077990806914354,28.78644286178492,28.824803740335454,20527600,INTC
2014-12-08,28.540924072265625,28.94755457248259,28.341442860529373,28.74040235725503,28134800,INTC
2014-12-09,28.303098678588867,28.456545179616914,27.85043311026784,28.134307234783154,28487300,INTC
2014-12-10,27.942487716674805,28.402827020029836,27.850421026702723,28.333776270863947,27499900,INTC
2014-12-11,28.15731430053711,28.548599933606035,27.957833054856994,28.003867863878718,25088200,INTC
2014-12-12,27.796716690063477,28.249382086027968,27.78904568496974,27.965508069600308,29322500,INTC
2014-12-15,27.558874130249023,28.218691774480046,27.543532120299506,27.9194728257584,30633400,INTC
2014-12-16,27.282678604125977,28.003873188783203,27.282678604125977,27.51284683950612,31166300,INTC
2014-12-17,27.80438995361328,27.873440704787097,27.106211436965783,27.328705700305946,31637700,INTC
2014-12-18,28.4028263092041,28.4028263092041,27.95016094861134,28.195674066890746,32128100,INTC
2014-12-19,27.904138565063477,28.510250626124776,27.796726893837125,28.402838954898428,76786800,INTC
2014-12-22,28.54861068725586,28.58697157918335,27.919482694050025,27.919482694050025,29227100,INTC
2014-12-23,28.717390060424805,28.924542301912243,28.617649441912953,28.694374120286387,22169700,INTC
2014-12-24,28.72507095336914,28.847827554277835,28.52559257442309,28.748089828178927,12109100,INTC
2014-12-26,28.80946922302246,28.95524471168319,28.7864532729175,28.7864532729175,14037200,INTC
2014-12-29,28.525585174560547,28.786443249665492,28.51791124269858,28.732737433621605,12203300,INTC
2014-12-30,28.203357696533203,28.533266645669006,28.2033576965332,28.448873851464406,15214100,INTC
2014-12-31,27.842758178710938,28.418180281417428,27.842758178710938,28.103616315674472,20393600,INTC
2015-01-02,27.89645767211914,28.510240523597794,27.70465034811034,28.13429688077165,23605600,INTC
2015-01-05,27.581892013549805,27.965506637029645,27.574218082101716,27.773699325289723,32785000,INTC
2015-01-06,27.067852020263672,27.79672052820343,27.05250708120992,27.68163787542212,30847600,INTC
2015-01-07,27.63560676574707,27.673967655153856,27.060184644400515,27.34405873810864,27725200,INTC
2015-01-08,28.149646759033203,28.387488936181846,27.819737869689085,27.904133575346606,31765400,INTC
2015-01-09,28.203357696533203,28.471889801997612,27.92715750988911,28.211031631209963,22850500,INTC
2015-01-12,28.080589294433594,28.387482164205004,27.79671529228079,28.31076041013581,29400800,INTC
2015-01-13,28.003875732421875,28.763434197591003,27.842758245695993,28.28774981761721,31478000,INTC
2015-01-14,27.888782501220703,28.31843194154233,27.551202679591306,27.873440491519368,34250300,INTC
2015-01-15,27.766027450561523,28.29541754329562,27.643270879024886,28.02688553092031,47181800,INTC
2015-01-16,27.965503692626953,28.126621115105568,27.244306403299245,27.71231666294884,62812200,INTC
2015-01-20,27.68930435180664,27.973178360991593,27.290344781919675,27.696975356704662,35929400,INTC
2015-01-21,27.988525390625,28.14197184078721,27.443793272959375,27.505170096975696,27442600,INTC
2015-01-22,28.318431854248047,28.387482604680677,27.727664973157168,28.049902784091902,31809900,INTC
2015-01-23,27.965503692626953,28.410495087103175,27.91179788513408,28.356789279610304,27427100,INTC
2015-01-26,27.47447967529297,27.85042035758275,27.29034337302546,27.76602467432461,30906800,INTC
2015-01-27,26.231569290161133,26.63820281829066,25.74054299564385,26.39268967103202,58456200,INTC
2015-01-28,25.917007446289062,26.62285999579474,25.870975556738305,26.446397590105274,34929100,INTC
2015-01-29,26.246915817260742,26.30062163855435,25.671493794759712,25.963041772316274,29569400,INTC
2015-01-30,25.34925651550293,26.078124928407792,25.31856664139699,25.85562773126097,38719700,INTC
2015-02-02,25.81727409362793,25.893995873665396,25.050044586260068,25.364608567210958,38733800,INTC
2015-02-03,25.855627059936523,26.12415613452259,25.01934703612182,25.917003879807307,36038300,INTC
2015-02-04,25.96380615234375,26.149263216002502,25.73198703357533,26.01789718179838,25052800,INTC
2015-02-05,26.226539611816406,26.265178594453428,25.84790234299389,26.025630461710247,20491400,INTC
2015-02-06,25.73199462890625,26.27290803085437,25.608357532553043,26.21108800880732,29342400,INTC
2015-02-09,25.446073532104492,25.68562159365057,25.24516149397175,25.500164554431084,28705500,INTC
2015-02-10,26.041086196899414,26.06426722894054,25.538808885910644,25.654719941597467,20200000,INTC
2015-02-11,25.92517852783203,26.08745166879893,25.74745038090529,26.017905615850122,18364200,INTC
2015-02-12,26.373355865478516,26.373355865478512,26.087442774314603,26.257444834169906,20056700,INTC
2015-02-13,26.551084518432617,26.55881054507275,26.2342643668665,26.46608348669097,18037900,INTC
2015-02-17,26.844728469848633,26.852454497878146,26.473814274139624,26.58199930073675,19374100,INTC
2015-02-18,26.48154640197754,26.82154768281676,26.419726379420815,26.775185613640136,19992900,INTC
2015-02-19,26.4351749420166,26.59744804006581,26.311537874778125,26.46608494576127,11017500,INTC
2015-02-20,26.589723587036133,26.713360661593573,26.20335736057659,26.388814446282936,20955600,INTC
2015-02-23,26.08744239807129,26.659265624412075,25.94835328934292,26.5819935698141,25565500,INTC
2015-02-24,26.589723587036133,26.65154359818504,25.894263200312807,25.97153821424894,29607500,INTC
2015-02-25,26.234268188476562,26.388815273452806,26.06426610022865,26.29608525382278,24686300,INTC
2015-02-26,26.002452850341797,26.180180992434178,25.83245073714869,25.979268868162162,25928400,INTC
2015-02-27,25.693355560302734,25.994720762905395,25.662445552922836,25.986994734930693,24427300,INTC
2015-03-02,26.31926918029785,26.373360217770973,25.592898766675116,25.72426482035303,25406400,INTC
2015-03-03,26.35017204284668,26.56653910602377,26.203353957048645,26.234263958608228,27332000,INTC
2015-03-04,26.36562728881836,26.589720380599346,26.05653611356805,26.16471817229266,23005800,INTC
2015-03-05,26.064258575439453,26.659262764788117,25.956076531510536,26.473805726810244,21225800,INTC
2015-03-06,25.646991729736328,26.025631968217137,25.56199362714005,25.917449885148528,32373100,INTC
2015-03-09,25.283811569213867,25.70881390889139,25.09835444854573,25.654722862809212,33058800,INTC
2015-03-10,24.49561882019043,25.04425814250424,24.341071743382795,24.91289504324895,50278900,INTC
2015-03-11,24.982440948486328,25.469260258409935,24.68880179887664,24.704255327379663,49683600,INTC
2015-03-12,23.80015754699707,24.418344356943678,23.630156948043552,23.962432118885964,107402400,INTC
2015-03-13,23.900617599487305,23.939253636779885,23.460160289322378,23.66879695412079,47954700,INTC
2015-03-16,23.823341369628906,24.039706986177524,23.684249292838384,23.900614909387,33074600,INTC
2015-03-17,23.637887954711914,23.746070036102257,23.49879586499844,23.63016045263113,29215600,INTC
2015-03-18,23.869705200195312,24.109253323805568,23.41379293122121,23.49879397339712,39834100,INTC
2015-03-19,23.753793716430664,24.03197785110052,23.71515768611322,23.784703719780683,27414200,INTC
2015-03-20,24.194246292114258,24.433794350377717,23.900608686135232,23.946972208369857,64777100,INTC
2015-03-23,24.109251022338867,24.56516324779163,24.109251022338867,24.178797054958444,29694000,INTC
2015-03-24,23.79243278503418,24.201980039260206,23.753795278306132,24.078342965470817,28471400,INTC
2015-03-25,23.096975326538086,23.86970787247909,23.07379429343689,23.807889327758627,37691000,INTC
2015-03-26,23.243789672851562,23.491063795881363,22.64878539314234,22.795604956392545,45450100,INTC
2015-03-27,24.727439880371094,25.50017237663269,23.066065308182715,23.18970238967495,73857200,INTC
2015-03-30,24.310161590576172,24.804709875159645,24.186524519430304,24.46470866644358,51391500,INTC
2015-03-31,24.163345336914062,24.673348662845257,24.109254298386553,24.286982417511307,32098500,INTC
2015-04-01,23.807886123657227,24.201979845913854,23.68424905085556,24.05516026926056,31532100,INTC
2015-04-02,23.807886123657227,24.132433808229145,23.69970405342331,23.800158622373353,20909600,INTC
2015-04-06,23.98561668395996,24.147889795930908,23.529704406703168,23.807887094920535,21490900,INTC
2015-04-07,24.155616760253906,24.410618411872306,23.954706144756045,24.008797180876584,23258300,INTC
2015-04-08,24.194246292114258,24.387429354273294,24.00106322995522,24.132427771178158,18250300,INTC
2015-04-09,24.140161514282227,24.43380067007961,23.622430714832277,23.707431755805757,34167600,INTC
2015-04-10,24.6733455657959,24.681073066597037,24.209705834818127,24.209705834818127,28084900,INTC
2015-04-13,24.518800735473633,24.76607488819978,24.503345732460698,24.58061927365517,23489000,INTC
2015-04-14,24.33334732055664,24.681077550429944,24.16334669365766,24.480166914710964,39754000,INTC
2015-04-15,25.368804931640625,25.49244199200322,24.781526684113295,24.928344772125108,61083500,INTC
2015-04-16,25.399717330932617,25.492447356523293,25.26835421629015,25.384262326667507,28903200,INTC
2015-04-17,25.09062385559082,25.26835196720944,24.897440741082708,25.12153091362942,30593600,INTC
2015-04-20,25.291532516479492,25.337897524265845,25.136985438265317,25.19880544864712,20649300,INTC
2015-04-21,25.05971336364746,25.476989590347426,24.943802318095138,25.446079585168093,19023800,INTC
2015-04-22,25.26835060119629,25.283805603250283,24.750618349478266,25.044257493023707,21144200,INTC
2015-04-23,24.997886657714844,25.044251653065178,24.735157579542026,24.758341551086968,23775300,INTC
2015-04-24,24.78925895690918,25.098350175072824,24.74289394770144,25.044259138200676,22759900,INTC
2015-04-27,25.11380386352539,25.260621963387194,24.78925765928132,24.78925765928132,25869600,INTC
2015-04-28,25.515626907348633,25.531081910716267,24.90516753915925,24.95925857707573,29572800,INTC
2015-04-29,25.415172576904297,25.500173627300477,25.15244339738006,25.16017237345645,21819000,INTC
2015-04-30,25.152441024780273,25.384260173613097,24.959257909462853,25.276078100673807,22013300,INTC
2015-05-01,25.82471466064453,25.878808639031277,25.206529347725528,25.214258322240816,27091200,INTC
2015-05-04,25.83245086669922,25.88654191248813,25.670177729332487,25.708813769504435,21397300,INTC
2015-05-05,25.40437126159668,25.762397846782342,25.349889084244776,25.68456701315276,29779200,INTC
2015-05-06,25.077476501464844,25.52111875507257,24.851762942525955,25.295405196133682,31985400,INTC
2015-05-07,25.093042373657227,25.39658675022855,25.046342096855607,25.116391027530195,21475300,INTC
2015-05-08,25.528905868530273,25.591172919195248,25.170879234375846,25.303192263454328,26926500,INTC
2015-05-11,25.44328498840332,25.45885174790645,25.24092305297421,25.43550309317965,18358600,INTC
2015-05-12,25.100828170776367,25.29540823411572,24.906248107437015,25.24870795005406,24530200,INTC
2015-05-13,25.40437126159668,25.606736179523175,25.116393614300037,25.116393614300037,20470800,INTC
2015-05-14,25.661216735839844,25.78574784321406,25.50555210935812,25.575601042822107,21098900,INTC
2015-05-15,25.676786422729492,25.777965917780364,25.48998825584395,25.754617260315722,17149700,INTC
2015-05-18,26.003673553466797,26.003673553466797,25.567813243168693,25.66899568412379,23689500,INTC
2015-05-19,25.801319122314453,25.980332434956175,25.676787993126457,25.964765672675636,21867100,INTC
2015-05-20,25.97254753112793,26.073730001274615,25.692351748602537,25.731270138774864,21359800,INTC
2015-05-21,26.112640380859375,26.12042524501335,25.73904706597343,25.848011411683196,21269800,INTC
2015-05-22,26.034809112548828,26.081506420458545,25.933626663651623,26.050375871537298,20845000,INTC
2015-05-26,25.762393951416016,25.910276669630207,25.560032033143354,25.894709911446846,28594500,INTC
2015-05-27,26.237165451049805,26.34612977169685,25.7857414127899,25.840223573113423,30172700,INTC
2015-05-28,26.470670700073242,26.57963803033164,26.213826558533132,26.26052684292959,27065700,INTC
2015-05-29,26.820913314819336,27.046626884849054,26.626333265288046,26.649684890189835,43545500,INTC
2015-06-01,26.39283561706543,26.92209354554721,26.213822342587136,26.75086216602202,46734500,INTC
2015-06-02,25.894710540771484,26.26830383908513,25.793528094648323,26.18268815152366,36351100,INTC
2015-06-03,25.474416732788086,25.871361649826095,25.365452392912733,25.816876510832838,38138700,INTC
2015-06-04,25.14752769470215,25.466638870170648,25.061911994371762,25.303189365423524,33761800,INTC
2015-06-05,24.78171157836914,25.13973810421979,24.773928199390507,25.124171346262525,27778500,INTC
2015-06-08,24.361419677734375,24.86732895406287,24.291370746689747,24.758363125477977,38171600,INTC
2015-06-09,24.322505950927734,24.64161711024167,24.244673634979176,24.38477150678099,33976700,INTC
2015-06-10,24.766151428222656,25.030780445990377,24.415908187902893,24.48595564834433,33336800,INTC
2015-06-11,24.78949546813965,24.98407400850382,24.78171208900064,24.867327775001986,24293600,INTC
2015-06-12,24.37698745727539,24.98407623904036,24.28358986832443,24.688315227991772,31629800,INTC
2015-06-15,24.431472778320312,24.52487186382884,24.081229547851567,24.221327433850306,23175000,INTC
2015-06-16,24.62605094909668,24.71945002741218,24.2291074641798,24.330289922732252,20254500,INTC
2015-06-17,24.867334365844727,24.976298733615263,24.66497090817932,24.71166971086267,28194200,INTC
2015-06-18,25.202007293701172,25.295404880385448,24.906244805302595,24.96851184246261,27722400,INTC
2015-06-19,24.96072769165039,25.349887777855177,24.875111997636406,25.21757477369235,39008400,INTC
2015-06-22,25.108606338500977,25.209788787748387,24.96851144523125,25.108606338500977,23608400,INTC
2015-06-23,24.97629737854004,25.17087744444669,24.851766255122026,25.14752878663587,17995900,INTC
2015-06-24,24.836191177368164,25.022989284475457,24.812841042847854,25.022989284475457,23313900,INTC
2015-06-25,24.898466110229492,25.1553117487278,24.898466110229492,24.921816253557758,22743300,INTC
2015-06-26,24.143497467041016,24.540441021279978,23.941133999123412,24.52487425808749,62157200,INTC
2015-06-29,23.65315818786621,24.112367375767022,23.59089261075399,23.89443859813847,35194500,INTC
2015-06-30,23.676496505737305,23.88664328018688,23.46634973128773,23.83994300729072,34412200,INTC
2015-07-01,23.489702224731445,23.77767984718201,23.357387740637765,23.73098105412773,27178900,INTC
2015-07-02,23.78546714782715,24.065662921398992,23.427440534510335,23.489706097023177,27105200,INTC
2015-07-06,23.380741119384766,23.699852304443844,23.225076474928986,23.53640427931247,32468100,INTC
2015-07-07,23.271774291992188,23.295124433033205,22.641335329164807,23.24842563547918,43833700,INTC
2015-07-08,22.96044158935547,23.092756057895574,22.68802927359317,22.882609287062284,45223800,INTC
2015-07-09,22.516801834106445,23.26398845415384,22.431186143861403,23.1316739712878,47167800,INTC
2015-07-10,22.703596115112305,22.8436939628538,22.524582858343823,22.72694625124512,31423800,INTC
2015-07-13,23.13945960998535,23.20950854801986,22.71916746630631,22.781433024056096,26452400,INTC
2015-07-14,23.077190399169922,23.43521841295217,22.91374389264794,23.084973778222555,39778300,INTC
2015-07-15,23.108327865600586,23.341823338983044,22.937096466227306,23.077194344067983,47852500,INTC
2015-07-16,23.271774291992188,23.723199960422463,22.64911870951181,23.715416580075455,81166700,INTC
2015-07-17,22.937095642089844,23.1939412473932,22.64911800090048,23.08497689500025,43697600,INTC
2015-07-20,22.649112701416016,23.05383946493101,22.625762566569055,23.05383946493101,33812900,INTC
2015-07-21,22.353355407714844,22.773649024492936,22.314439991877446,22.540152075884677,45191000,INTC
2015-07-22,22.267742156982422,22.454538833213896,22.127644278676815,22.236608635346503,36387200,INTC
2015-07-23,22.259958267211914,22.547935913114472,22.12764377234296,22.306657064069196,33775200,INTC
2015-07-24,21.839656829833984,22.29108233005342,21.839656829833984,22.205468147194058,31621000,INTC
2015-07-27,22.06537437438965,22.119856541994803,21.497201077182,21.847444219441304,42161100,INTC
2015-07-28,22.5401554107666,22.711386828652437,22.135429978782295,22.189912162826634,33182400,INTC
2015-07-29,22.579072952270508,22.67247056053813,22.407843014094393,22.5323741481367,26470200,INTC
2015-07-30,22.501237869262695,22.92153150862735,22.454539070842635,22.649119129542264,26582400,INTC
2015-07-31,22.532367706298828,22.66468218395707,22.392269849422128,22.66468218395707,27158800,INTC
2015-08-03,22.61019515991211,22.843692048085344,22.49344745808928,22.57127975414702,26213600,INTC
2015-08-04,22.67245864868164,22.688025403390384,22.462313398223355,22.555710957420942,25741700,INTC
2015-08-05,22.85296058654785,23.064851591123194,22.774481715994785,22.907895346877012,23622700,INTC
2015-08-06,22.76664161682129,22.93929399474516,22.641075978902027,22.884359215263043,27958200,INTC
2015-08-07,22.66461944580078,22.727402267102036,22.51551118074813,22.601836624499523,25606100,INTC
2015-08-10,23.261051177978516,23.292443329206847,22.805875463188794,22.813723500995877,22807400,INTC
2015-08-11,22.735246658325195,23.13548764121282,22.727398619814423,23.127639602702047,23758900,INTC
2015-08-12,23.119794845581055,23.206121784591627,22.49196664421462,22.49196664421462,33589100,INTC
2015-08-13,22.65677261352539,23.111948436361256,22.65677261352539,23.0727082380113,18821900,INTC
2015-08-14,22.774492263793945,22.790188344546046,22.617534449994224,22.696013356894085,14302700,INTC
2015-08-17,22.821575164794922,22.915750136582698,22.531203707237985,22.625378679025758,15548300,INTC
2015-08-18,22.68816375732422,22.798033321317092,22.601836815980935,22.719555916671066,19182600,INTC
2015-08-19,22.256528854370117,22.60183357653071,22.193746041535434,22.48411598957322,30530100,INTC
2015-08-20,21.605152130126953,22.16234929139414,21.605152130126953,21.997545003197374,31936600,INTC
2015-08-21,20.843917846679688,21.683638712016574,20.843917846679688,21.448203486975437,52288400,INTC
2015-08-24,20.60063362121582,21.683637701541077,19.51762954089056,19.77660887511142,83234200,INTC
2015-08-25,20.302410125732422,21.30693503236911,20.302410125732422,21.220609608742638,59371900,INTC
2015-08-26,21.42465591430664,21.456048070914,20.467217590688403,20.804675789915443,47386700,INTC
2015-08-27,21.754262924194336,21.90337265276621,21.19706569684396,21.754262924194336,38649400,INTC
2015-08-28,22.303617477416992,22.45272723184169,21.542375620262256,21.71502799595475,43452400,INTC
2015-08-31,22.39778709411621,22.86080933163764,22.099567656619584,22.232981300371215,42401800,INTC
2015-09-01,21.832740783691406,22.10741611390873,21.707175175053795,21.903371625657577,44144000,INTC
2015-09-02,22.44487762451172,22.44487762451172,22.083875322733,22.248681144396862,34618800,INTC
2015-09-03,22.821575164794922,23.08840250518982,22.515509125990352,22.601834561863715,38665900,INTC
2015-09-04,22.382095336914062,22.680313335080687,22.295768404638817,22.42133403511533,29116500,INTC
2015-09-08,23.15118408203125,23.15118408203125,22.719552435178183,22.743095054220156,27805000,INTC
2015-09-09,22.947139739990234,23.63775217635992,22.892204966000442,23.32383661608625,30774100,INTC
2015-09-10,22.97068977355957,23.276755877125883,22.680318254561772,22.900058903988775,25195800,INTC
2015-09-11,23.127643585205078,23.166883784515967,22.790186852294706,22.82157751488287,21786900,INTC
2015-09-14,23.06485939025879,23.174730444928787,22.82942419584965,23.12764220855859,24065100,INTC
2015-09-15,23.331682205200195,23.496488006727045,23.13548574905786,23.198268555149,29819000,INTC
2015-09-16,23.363079071044922,23.378775149950016,23.07270759874256,23.245361472977656,25957800,INTC
2015-09-17,23.315990447998047,23.700536890498807,23.190424812558778,23.24536108781635,29805200,INTC
2015-09-18,22.774492263793945,23.088406394532736,22.609686409618174,22.931448580733015,60693400,INTC
2015-09-21,22.884361267089844,23.025622996629757,22.711708873685847,22.829426482682237,24417100,INTC
2015-09-22,22.499813079833984,22.680313487751448,22.35070333131676,22.499813079833984,28576200,INTC
2015-09-23,22.55474281311035,22.829418131530964,22.43702524717582,22.774483367218856,25984000,INTC
2015-09-24,22.35070037841797,22.499810107235323,21.871982033573097,22.27222149499514,32754700,INTC
2015-09-25,22.609683990478516,22.85296872552372,22.468422272545297,22.7117070075905,29192300,INTC
2015-09-28,22.570444107055664,23.041315976541078,22.476269134414416,22.50766129091497,42291000,INTC
2015-09-29,22.947139739990234,23.03346666875153,22.570442863894222,22.625377637884018,34169600,INTC
2015-09-30,23.65345573425293,23.794717490618115,23.18258520885017,23.198279795332272,41051700,INTC
2015-10-01,23.543577194213867,23.763317786896245,23.11979208622506,23.708381516080408,29832800,INTC
2015-10-02,23.943817138671875,23.959513215361174,23.1747273432193,23.28459688632388,27901500,INTC
2015-10-05,24.4931697845459,24.626583461386566,23.98305919551763,24.116472872358298,34842500,INTC
2015-10-06,24.90910530090332,24.995432232414643,24.414690822384777,24.453929520238813,34899800,INTC
2015-10-07,25.364282608032227,25.442760008463193,24.893410721144107,25.11315133418802,36930100,INTC
2015-10-08,25.521244049072266,25.584025379643002,25.09745884126469,25.293655364095454,27794600,INTC
2015-10-09,25.223018646240234,25.544780749308664,25.066062362494357,25.40351904613514,24209900,INTC
2015-10-12,25.2779541015625,25.36428103290821,25.113149774659277,25.238715403783743,18795000,INTC
2015-10-13,25.144546508789062,25.489851303325622,25.097458266648093,25.136696971571588,35588600,INTC
2015-10-14,25.74098014831543,25.843003166347483,24.2106483495791,24.63443201034006,75954800,INTC
2015-10-15,25.701738357543945,25.94502306553799,25.474149726877318,25.77236920865701,37634800,INTC
2015-10-16,25.92932891845703,26.05489455270318,25.489847701735076,25.701740270848116,29371300,INTC
2015-10-19,26.3609619140625,26.384504536120286,25.795915034907566,25.803764571407502,37624000,INTC
2015-10-20,26.24323844909668,26.447284452044805,26.141218441343135,26.21184928948356,24416100,INTC
2015-10-21,26.18830680847168,26.721961504060605,26.14906810897385,26.42374199917953,31928800,INTC
2015-10-22,26.99663734436035,27.07511474032226,26.360959659674183,26.447286591464735,39572600,INTC
2015-10-23,27.3890323638916,27.491052387542364,26.99663936723826,27.10650892730584,42796600,INTC
2015-10-26,27.145748138427734,27.436118123166796,27.11435597961242,27.287009859375612,22646900,INTC
2015-10-27,27.051572799682617,27.114354119284755,26.92600716675751,27.00448456469039,22630100,INTC
2015-10-28,27.23992347717285,27.239923477172848,26.776899581121985,27.051576498889826,21908400,INTC
2015-10-29,26.706266403198242,26.910312438010205,26.50222336210726,26.83968157884006,21325200,INTC
2015-10-30,26.57284927368164,26.910307427583145,26.57284927368164,26.761196200586408,24693900,INTC
2015-11-02,26.769052505493164,26.902464696314226,26.40020210591769,26.470832969799776,21743100,INTC
2015-11-03,26.926008224487305,27.004485625502998,26.667027412437804,26.682723491385133,18167000,INTC
2015-11-04,26.98923110961914,27.084067969380072,26.79165255981171,27.084067969380072,20762100,INTC
2015-11-05,26.87068748474121,27.0287509552605,26.65730225176166,26.949717712595884,16486100,INTC
2015-11-06,26.744237899780273,26.846979610100078,26.404402485869387,26.8153663123386,23701700,INTC
2015-11-09,26.356979370117188,26.73633286802223,26.143597172908866,26.554557935154975,24168700,INTC
2015-11-10,26.2463321685791,26.293752102857365,25.930208317818344,26.214718879060257,22451700,INTC
2015-11-11,25.969722747802734,26.380686456446092,25.922302814756105,26.206816383417596,19864700,INTC
2015-11-12,25.60618019104004,26.017140904435657,25.598275361084763,25.851175653086354,23265400,INTC
2015-11-13,25.376991271972656,25.59037648311739,25.25844292751126,25.503441432486984,23673200,INTC
2015-11-16,25.369089126586914,25.49553930048678,25.23473713579766,25.361187309697527,29899700,INTC
2015-11-17,25.795856475830078,25.98553322115659,25.297957657306377,25.408604184052436,22636400,INTC
2015-11-18,26.20682144165039,26.27004803124939,25.780051006286314,25.86698605958008,18619800,INTC
2015-11-19,27.107772827148438,27.44760812882725,26.18310678407516,26.25423517314303,45381600,INTC
2015-11-20,27.392292022705078,27.890190848683208,27.250035215282754,27.250035215282754,41137700,INTC
2015-11-23,27.250036239624023,27.54245168151321,27.194714480747955,27.392293052393843,20152900,INTC
2015-11-24,27.155200958251953,27.218424537176826,26.79165708870663,27.131492493006366,21413500,INTC
2015-11-25,27.226327896118164,27.455519763794868,26.98132938086275,27.07616625152527,17939400,INTC
2015-11-27,27.23423194885254,27.40810207168604,27.1868150170325,27.29745854435927,6620900,INTC
2015-11-30,27.47922134399414,27.58196302011329,27.210514432088758,27.30535127899389,21785800,INTC
2015-12-01,27.732126235961914,27.81906128295642,27.43180598674713,27.66099783522182,23560200,INTC
2015-12-02,27.526641845703125,27.985022460924743,27.5108352017563,27.7321221873937,18688200,INTC
2015-12-03,26.90228843688965,27.65308731622236,26.870675154330502,27.637280674942787,30131100,INTC
2015-12-04,27.61358070373535,27.684709111706564,26.870686343110304,26.95762139894288,24901000,INTC
2015-12-07,27.653099060058594,27.7953528623706,27.46342229895952,27.49503559494434,17731900,INTC
2015-12-08,27.46341896057129,27.62148240647172,27.20261382261415,27.400192376287325,13380200,INTC
2015-12-09,27.510839462280273,27.83486817634888,27.273742781168508,27.566161217257143,22548300,INTC
2015-12-10,27.47922134399414,27.716314968661475,27.392286311494015,27.542444903661227,17400700,INTC
2015-12-11,27.08406639099121,27.384386613343263,27.02874464145389,27.11567968067232,21251400,INTC
2015-12-14,27.24213409423828,27.250035910492386,26.775848550193484,27.171005688712473,19357100,INTC
2015-12-15,27.803247451782227,27.937599388011204,27.376477157627715,27.384381986116907,24365900,INTC
2015-12-16,27.898086547851562,28.032441509762943,27.479221048286437,27.94550647819834,23257900,INTC
2015-12-17,27.589872360229492,27.953416218204154,27.471324008154795,27.913901105782532,24963600,INTC
2015-12-18,26.7679500579834,27.463427630617907,26.76004823985808,27.44762097955685,41336600,INTC
2015-12-21,27.06036949157715,27.107786431546533,26.728435837738836,26.957627763625943,18006800,INTC
2015-12-22,27.447607040405273,27.487122140585132,27.08406329505633,27.155191681303634,18422000,INTC
2015-12-23,27.660993576049805,27.700508678196638,27.487123508832884,27.62147847390297,12526500,INTC
2015-12-24,27.645185470581055,27.866472442750737,27.629378827596234,27.71631385660829,5893800,INTC
2015-12-28,27.605682373046875,27.661004140142342,27.321168705235777,27.62148902290418,9449400,INTC
2015-12-29,28.00873374938965,28.127282083564193,27.668898407219288,27.668898407219288,14188600,INTC
2015-12-30,27.653099060058594,28.016642919454487,27.621485764073775,27.961321158885976,11566800,INTC
2015-12-31,27.226327896118164,27.629386857541192,27.21842306492393,27.51874333929996,14736700,INTC
2016-01-04,26.862789154052734,26.878592789826662,26.443920450595588,26.77585408324445,27882200,INTC
2016-01-05,26.736330032348633,26.870681995216238,26.499233367602205,26.839068704608803,16709500,INTC
2016-01-06,26.143598556518555,26.491335764057048,25.922308501894236,26.277950540745994,25491300,INTC
2016-01-07,25.163602828979492,26.08826894370563,25.163602828979492,25.511339972030395,37680500,INTC
2016-01-08,24.902799606323242,25.463923449267874,24.839574533200363,25.361181763315287,29953800,INTC
2016-01-11,25.33747673034668,25.463926893696975,25.03715646183609,25.139896654281387,27732400,INTC
2016-01-12,25.827465057373047,25.993430295000014,25.50343639661176,25.89068861774135,28587700,INTC
2016-01-13,25.21892547607422,26.02504630505911,25.15570040168744,25.89069132615695,34445700,INTC
2016-01-14,25.874887466430664,25.977626138718126,25.131990211005238,25.2663436813132,48728200,INTC
2016-01-15,23.519756317138672,24.104588782111122,23.274759279459484,23.496046342883886,76373900,INTC
2016-01-19,23.551362991333008,23.756844868010727,23.298462683854197,23.693619791141025,28878100,INTC
2016-01-20,23.385393142700195,23.606681622040018,23.08507295592441,23.19571794929654,39598200,INTC
2016-01-21,23.440715789794922,23.73313266636522,23.108783811684763,23.432812468006052,30157400,INTC
2016-01-22,23.65410614013672,23.899103139669617,23.322174089277215,23.804266272226805,25326500,INTC
2016-01-25,23.3933048248291,23.883298872725415,23.36959485190316,23.70152693584146,26441000,INTC
2016-01-26,23.662010192871094,23.748943739471976,23.4012065382587,23.4012065382587,24754900,INTC
2016-01-27,23.55926513671875,23.883293827904463,23.42491166666092,23.6145868877888,26384100,INTC
2016-01-28,23.685714721679688,23.85168147835333,23.5118461499591,23.72523133393752,22028100,INTC
2016-01-29,24.515548706054688,24.52345202954297,23.788459526585854,23.8753930701473,38311400,INTC
2016-02-01,24.357484817504883,24.594579995718263,24.215228012057814,24.278453091433757,19015100,INTC
2016-02-02,23.551362991333008,24.096680221462158,23.417009514559297,24.065068436729675,24994300,INTC
2016-02-03,23.39191246032715,23.69487452772394,22.73815100909787,23.69487452772394,44660100,INTC
2016-02-04,23.7347412109375,23.822439924715397,23.208542845579416,23.2324599853949,29257800,INTC
2016-02-05,23.152729034423828,23.726763073043795,23.04908304925279,23.58325418322072,27957500,INTC
2016-02-08,22.977325439453125,23.104888541575956,22.56274459721785,22.913543888391708,28725900,INTC
2016-02-09,22.969358444213867,23.24043048588852,22.65045060714737,22.71423217456067,22902600,INTC
2016-02-10,22.506938934326172,23.12083739565492,22.47504891487488,23.025164295956383,27267800,INTC
2016-02-11,22.498966217041016,22.650447992412964,22.068441066868562,22.188031301879114,28450200,INTC
2016-02-12,22.83382225036621,22.881659566068116,22.43518707688539,22.7780135693865,19699000,INTC
2016-02-16,22.945436477661133,23.080972469972984,22.610582939047866,22.921517824662974,30705200,INTC
2016-02-17,23.495555877685547,23.615147642705672,22.905576020987606,23.00922201458205,27691700,INTC
2016-02-18,23.4556884765625,23.726760456181946,23.42379693982037,23.543388681931194,20623300,INTC
2016-02-19,22.889629364013672,23.383937614378794,22.889629364013672,23.28029314546658,42056700,INTC
2016-02-22,23.399883270263672,23.55136505085823,23.120838365170243,23.208538583515363,23893100,INTC
2016-02-23,22.961380004882812,23.399879505384487,22.801926885250328,23.36001508497225,26638200,INTC
2016-02-24,23.27232551574707,23.360024233655874,22.62653533820197,22.738154238398327,21593600,INTC
2016-02-25,23.61514663696289,23.61514663696289,23.080975482332114,23.375964637781596,17571400,INTC
2016-02-26,23.758651733398438,23.981887940426585,23.678925928655474,23.82243328959616,19902200,INTC
2016-02-29,23.591224670410156,24.02972265970181,23.583251786155667,23.694869124374158,22903100,INTC
2016-03-01,24.21310043334961,24.340663563664222,23.71879216287614,23.862301064648197,25502600,INTC
2016-03-02,24.348634719848633,24.611733847517993,24.013781146390144,24.15728851729605,23779800,INTC
2016-03-03,24.380523681640625,24.994422126448278,24.34863366304755,24.819021701833357,25625200,INTC
2016-03-04,24.420387268066406,24.603760582626457,23.95797058049127,24.316742803899707,20356800,INTC
2016-03-07,24.66754150390625,24.81105038955581,24.31674217461536,24.38849661744014,18858200,INTC
2016-03-08,24.36458396911621,24.619710263975122,24.221075048089904,24.57984735065567,19104900,INTC
2016-03-09,24.611730575561523,24.74726656395884,24.45227593485686,24.57983903915173,14707800,INTC
2016-03-10,24.91469955444336,25.03428980817017,24.22107364975172,24.826999325396493,29584800,INTC
2016-03-11,25.321306228637695,25.345224886324903,25.137934415053245,25.249551776248563,22811200,INTC
2016-03-14,25.05820083618164,25.26549125582893,24.95455486602194,25.241572604098508,17438600,INTC
2016-03-15,25.23360252380371,25.23360252380371,24.763212965546973,24.986449177817516,16927700,INTC
2016-03-16,25.26548957824707,25.353188254091346,24.850908766479897,25.106034951976,26298400,INTC
2016-03-17,25.4967041015625,25.64818436529747,25.27346938840678,25.3213051811298,22865300,INTC
2016-03-18,26.054790496826172,26.062761860670566,25.560483822173076,25.640209625994896,49934200,INTC
2016-03-21,25.783720016479492,25.84750005500458,25.47278510547614,25.696019802330927,21760900,INTC
2016-03-22,25.767776489257812,25.879393847400028,25.472787322546974,25.640213359760295,22200400,INTC
2016-03-23,25.512643814086914,25.88736174333644,25.496698046741813,25.88736174333644,18765300,INTC
2016-03-24,25.416980743408203,25.472790951101832,25.273473342785454,25.4090093772675,14211900,INTC
2016-03-28,25.43292236328125,25.512649697721113,25.20968765165654,25.409005227419986,11433000,INTC
2016-03-29,25.815610885620117,25.863445152934847,25.29738401985041,25.456838674036824,15313200,INTC
2016-03-30,26.078712463378906,26.1106040073565,25.74386037564926,25.871423510214605,16598000,INTC
2016-03-31,25.79169464111328,26.038849544834335,25.767777503811093,25.93520354761647,17880000,INTC
2016-04-01,25.871421813964844,25.887367584908162,25.592375384474014,25.727912916819808,18049700,INTC
2016-04-04,25.512643814086914,25.815607310955556,25.30535340061681,25.672098446193786,21581600,INTC
2016-04-05,25.43292236328125,25.60832128251101,25.28941346542398,25.42494947777002,20080000,INTC
2016-04-06,25.576427459716797,25.696016155483232,25.32927262231542,25.488725737342772,15740600,INTC
2016-04-07,25.15387725830078,25.432922166343328,24.994424111328193,25.424949280893838,23738200,INTC
2016-04-08,25.217655181884766,25.528591586851828,25.09806495874614,25.32130115709785,17031900,INTC
2016-04-11,25.249553680419922,25.78372491033831,25.241580793922918,25.432925507833183,19707700,INTC
2016-04-12,25.40103530883789,25.464816879705204,25.0183443629614,25.41697956105027,16774200,INTC
2016-04-13,25.61629867553711,25.656161587068816,25.472789760946803,25.488734013155923,19968100,INTC
2016-04-14,25.353191375732422,25.42494581432205,25.153873828688386,25.337247127679774,21620900,INTC
2016-04-15,25.082120895385742,25.42494734018354,25.01833933733073,25.345221533118995,28782800,INTC
2016-04-18,25.23360252380371,25.289411196703277,25.018339196329144,25.05820362030904,21566600,INTC
2016-04-19,25.193744659423828,25.36117071160892,25.03428997295676,25.273472002657364,33619300,INTC
2016-04-20,25.512643814086914,25.719932706884947,24.914691224694252,24.970499889730036,57629800,INTC
2016-04-21,25.48872947692871,25.560485442126062,25.361166357922528,25.464812342535257,28431400,INTC
2016-04-22,25.225635528564453,25.401035993683045,24.89078189231481,25.3053628744663,29625600,INTC
2016-04-25,25.02631378173828,25.114013999781253,24.874833522338008,25.00239664639739,19315700,INTC
2016-04-26,25.03428077697754,25.273462718818134,24.850909019370174,25.02630789351565,20976400,INTC
2016-04-27,25.313331604003906,25.353194510071965,24.86686066921762,24.914696460633767,20006200,INTC
2016-04-28,24.80307960510254,25.281440570213345,24.739298041709603,25.07415162969062,25146400,INTC
2016-04-29,24.141345977783203,24.611735590979315,23.99783707603897,24.603762705252137,36443700,INTC
2016-05-02,24.404441833496094,24.468223390040993,24.20512427920925,24.276878720406298,21086600,INTC
2016-05-03,24.20511817932129,24.36457127016392,23.989854909978263,24.244981071863975,27111100,INTC
2016-05-04,24.004085540771484,24.29358100311706,23.883462303643523,24.261415522326516,23278800,INTC
2016-05-05,24.04429054260254,24.14079004362915,23.92366731667493,24.02016681770154,23393300,INTC
2016-05-06,24.156875610351562,24.213166351666324,23.738713626573794,23.811087875066395,19632200,INTC
2016-05-09,23.9638729095459,24.261411611385444,23.931707433940435,24.189037374013864,16888300,INTC
2016-05-10,24.23729133605957,24.269458352084076,23.979961343094523,24.1247098475893,17013800,INTC
2016-05-11,24.172954559326172,24.325744790783965,24.100580319888664,24.253370551346457,15754200,INTC
2016-05-12,23.931711196899414,24.317706167702386,23.778920945778694,24.213166438287793,20826700,INTC
2016-05-13,24.052337646484375,24.285543931126224,23.99604689744886,24.012130406832686,19999600,INTC
2016-05-16,24.438329696655273,24.575036442175747,24.028209460093855,24.044292967521603,21826100,INTC
2016-05-17,24.108623504638672,24.583076198554885,24.012125535527872,24.583076198554885,25709900,INTC
2016-05-18,24.11666488647461,24.325745861406414,23.947792676226353,24.148831898221445,22469900,INTC
2016-05-19,23.82716941833496,24.068417420224776,23.722629691181385,23.93975243273993,21740900,INTC
2016-05-20,24.245330810546875,24.430286533875204,23.883461117140264,23.907584843082812,22777300,INTC
2016-05-23,24.309661865234375,24.510701083174734,24.22924587129673,24.309661865234375,20881900,INTC
2016-05-24,24.977115631103516,25.025366154750753,24.486580911151773,24.526788147050073,23699200,INTC
2016-05-25,25.24248695373535,25.387235454640592,25.0494894637976,25.089698232831115,18359600,INTC
2016-05-26,25.322900772094727,25.435482248055003,25.25052652788953,25.322900772094727,12692300,INTC
2016-05-27,25.38723373413086,25.451566226416922,25.29073576260557,25.411358993915986,13341300,INTC
2016-05-31,25.403316497802734,25.45156548215447,25.17815201448205,25.338984007397904,23040200,INTC
2016-06-01,25.45960807800293,25.507857063951914,25.30681783305561,25.42744259863948,17753500,INTC
2016-06-02,25.54002571105957,25.54002571105957,25.290737478265942,25.379193702530173,14140100,INTC
2016-06-03,25.42744255065918,25.523940522375057,25.250527046167395,25.523940522375057,15777500,INTC
2016-06-06,25.47569465637207,25.588276148430307,25.395278647555706,25.443527639322408,15139600,INTC
2016-06-07,25.636520385742188,25.749103390728987,25.491773437286316,25.53198066733392,19339100,INTC
2016-06-08,25.64456558227539,25.733023340827955,25.564151111381474,25.572191331424694,12732100,INTC
2016-06-09,25.684772491455078,25.73302147725881,25.475691507895437,25.475691507895437,11276800,INTC
2016-06-10,25.765186309814453,25.926018293959082,25.45156409411317,25.491772857053064,35749100,INTC
2016-06-13,25.86972427368164,26.13509750542263,25.765186092342695,25.773226311055335,23004800,INTC
2016-06-14,25.845603942871094,25.926021478629117,25.564150236756323,25.741062680193327,18754300,INTC
2016-06-15,25.419403076171875,25.942103281805675,25.403319568174844,25.934063061614903,23783300,INTC
2016-06-16,25.483726501464844,25.548058976741142,25.105771867135292,25.28268732450051,18547900,INTC
2016-06-17,25.54002571105957,25.580232946288067,25.306819452072716,25.51590044963785,27047900,INTC
2016-06-20,25.86972427368164,26.086846990302018,25.741059300974925,25.78930981609554,21961600,INTC
2016-06-21,25.9903507232666,26.03860124153504,25.80539500466026,25.94210020499816,15476500,INTC
2016-06-22,25.966228485107422,26.239641969057594,25.934061471086153,25.974268704805088,18304800,INTC
2016-06-23,26.52913475036621,26.537174968788054,26.13509656017005,26.199430578004044,22048800,INTC
2016-06-24,25.371152877807617,25.990354139370755,25.250529633897234,25.57219212892751,38094300,INTC
2016-06-27,24.70370101928711,25.258569745768423,24.478538054309162,25.258569745768423,34965100,INTC
2016-06-28,25.08165740966797,25.08969916377306,24.776076888905656,24.904741886971546,23693900,INTC
2016-06-29,25.67673683166504,25.716944073742003,25.178158747347673,25.21032576805562,22771100,INTC
2016-06-30,26.376344680786133,26.44067870273965,25.708894541093414,25.733019799325984,34528900,INTC
2016-07-01,26.336137771606445,26.448719243781163,26.110974827257007,26.24768002415058,17084600,INTC
2016-07-05,26.27984619140625,26.320053420517894,26.102930702177076,26.13509771251237,20107200,INTC
2016-07-06,26.5130558013916,26.53717952841689,26.03860307499711,26.376347523812505,21070200,INTC
2016-07-07,26.698013305664062,26.979467031697645,26.50501427380136,26.50501427380136,26119400,INTC
2016-07-08,27.341339111328125,27.341339111328125,26.939260594985065,27.059885376934236,23341900,INTC
2016-07-11,27.64691734313965,27.743415320103352,27.373503852063,27.373503852063,23820700,INTC
2016-07-12,28.097240447998047,28.121367240518083,27.72732901725153,27.7514527421565,28064100,INTC
2016-07-13,28.153532028198242,28.346531036066814,28.04899383873396,28.177658821441288,29120900,INTC
2016-07-14,28.306325912475586,28.386740382301454,28.113326890231956,28.250035170074398,25296400,INTC
2016-07-15,28.201786041259766,28.378701564757794,28.065080822277135,28.354574768525445,23661900,INTC
2016-07-18,28.18570327758789,28.306328059089676,28.10528880166378,28.290244550381733,19347200,INTC
2016-07-19,28.266115188598633,28.274155407542636,28.024865673668334,28.057032684674375,20395400,INTC
2016-07-20,28.70035743713379,28.893356434683604,28.193740820343645,28.386736750278462,42994200,INTC
2016-07-21,27.55845832824707,27.735373834285152,27.22875411002216,27.60670884833434,63708600,INTC
2016-07-22,27.872079849243164,27.904246863568876,27.550415841216676,27.646916884193818,33033700,INTC
2016-07-25,27.896203994750977,27.952494736857933,27.79970601794125,27.839913252644024,20277700,INTC
2016-07-26,28.21786880493164,28.33045029232667,27.90424807072679,27.94445530656566,29644400,INTC
2016-07-27,28.00878143310547,28.370649521141058,27.847949467525986,28.14548660989854,23601800,INTC
2016-07-28,27.96053695678711,28.008787477157373,27.759497723333894,28.008787477157373,21667400,INTC
2016-07-29,28.032917022705078,28.081164485475462,27.823834458647106,27.96054276093361,18171200,INTC
2016-08-01,28.02486801147461,28.073118532008678,27.791664831264765,28.000744285015205,18824400,INTC
2016-08-02,27.791664123535156,28.04095080424147,27.606708400954112,27.992703352551313,20057300,INTC
2016-08-03,27.75114631652832,27.77545290086656,27.540482040238693,27.629607213101515,18388800,INTC
2016-08-04,28.018531799316406,28.050939548944736,27.726840416586338,27.783557842020755,16362600,INTC
2016-08-05,28.34263038635254,28.464169490440902,28.11576068897993,28.196784697793632,20046200,INTC
2016-08-08,28.391250610351562,28.496581218342826,28.245404901428625,28.277815745826665,19497300,INTC
2016-08-09,28.294023513793945,28.488485526679405,28.229204903411354,28.391256065671094,12578900,INTC
2016-08-10,27.978017807006836,28.358837470691014,27.953711221109714,28.358837470691014,19579000,INTC
2016-08-11,28.099565505981445,28.148181783501723,27.94561859680397,28.083360080141354,16364100,INTC
2016-08-12,28.01042938232422,28.164376248484228,27.905095689231544,27.96991737447875,15708300,INTC
2016-08-15,28.285921096801758,28.48848426795928,28.059051334183316,28.115768774837925,18931100,INTC
2016-08-16,28.528989791870117,28.528989791870117,28.172479804474147,28.172479804474147,16320900,INTC
2016-08-17,28.375045776367188,28.52899265414683,28.17248263098267,28.49658180907691,18221600,INTC
2016-08-18,28.33453369140625,28.43176313549356,28.156277134855923,28.3264294347258,16085200,INTC
2016-08-19,28.55330467224121,28.577611262600495,28.148178348287477,28.2292023767308,16417600,INTC
2016-08-22,28.65053367614746,28.723456536952586,28.45607168371096,28.520893378145963,14941400,INTC
2016-08-23,28.682941436767578,28.917912326637758,28.60191432744322,28.76396545522375,18316000,INTC
2016-08-24,28.480379104614258,28.691043413074595,28.375045404949958,28.618120558055967,16343500,INTC
2016-08-25,28.431764602661133,28.537098308864444,28.277817717339722,28.39935375600343,12428000,INTC
2016-08-26,28.56950569152832,28.82878937053519,28.399353385100294,28.44796965445191,14469900,INTC
2016-08-29,28.804475784301758,28.90170521895146,28.48037663851341,28.747758356517096,15264300,INTC
2016-08-30,28.92601776123047,28.958428606280382,28.780172049374162,28.83688948277736,15183200,INTC
2016-08-31,29.07996368408203,29.088067940512563,28.828787370363273,28.861195123480783,20562700,INTC
2016-09-01,29.185298919677734,29.201504342524622,28.828788889651303,29.160992330841587,18925800,INTC
2016-09-02,29.233917236328125,29.436480399803116,29.12858352587792,29.33924785590974,16726700,INTC
2016-09-06,29.63092803955078,29.65523462084796,29.30682586487382,29.4769812065563,22337800,INTC
2016-09-07,29.54180335998535,29.69575330246714,29.47698477173074,29.69575330246714,18495600,INTC
2016-09-08,29.525606155395508,29.647145292133093,29.266325548499395,29.452683291526686,20356500,INTC
2016-09-09,28.71534538269043,29.48508581944843,28.71534538269043,29.250111869861755,29457900,INTC
2016-09-12,29.233917236328125,29.266324993424,28.407459158445917,28.512789778027532,22796600,INTC
2016-09-13,28.85308837890625,29.07185689720658,28.618114441746535,28.96652322005436,23591300,INTC
2016-09-14,28.861196517944336,29.023247654834385,28.682943049146797,28.772068238111387,14074500,INTC
2016-09-15,29.622831344604492,29.69575419036367,28.796373456289793,28.95842456807328,23736000,INTC
2016-09-16,30.522205352783203,30.830102119416228,30.181900840347367,30.562720444054857,74577900,INTC
2016-09-19,30.10898780822754,30.80580556921972,30.05227037101827,30.538420715917297,30531700,INTC
2016-09-20,30.09278106689453,30.3277550626829,29.930729928734674,30.319650805797302,24796900,INTC
2016-09-21,30.34396743774414,30.352068605617436,29.86591817062349,30.14950540922511,21233700,INTC
2016-09-22,30.42498016357422,30.651852960940698,30.33585189577324,30.46549216961068,17013400,INTC
2016-09-23,30.133289337158203,30.506007835907056,30.07657190947494,30.343956717868597,18062500,INTC
2016-09-26,29.69576072692871,29.93073164532478,29.65524562191384,29.91452622149254,25518800,INTC
2016-09-27,30.12518882751465,30.15759967000103,29.679550561365108,29.898319111846096,22391600,INTC
2016-09-28,30.335845947265625,30.384462199497058,30.100875121982018,30.23051537039851,19020800,INTC
2016-09-29,30.238636016845703,30.40878837298627,29.97935535295456,30.376380608151866,17675000,INTC
2016-09-30,30.5870361328125,30.72477759336991,30.33585671013505,30.360166390309274,24279300,INTC
2016-10-03,30.51410675048828,30.749080699771206,30.408773067901496,30.53841333459763,14113600,INTC
2016-10-04,30.41687774658203,30.740976872399905,30.246725473712562,30.60323543937257,14393100,INTC
2016-10-05,30.7814884185791,31.040768925685885,30.497898238959678,30.587026492815284,22420800,INTC
2016-10-06,30.8463191986084,30.91924206324995,30.449297117346703,30.659961453606364,15171400,INTC
2016-10-07,30.870616912841797,30.967849431649874,30.611336377755826,30.854414583908238,16942500,INTC
2016-10-10,30.80579376220703,31.08127967629525,30.708564348666286,30.992151426021515,14954300,INTC
2016-10-11,30.198118209838867,30.78960230425317,29.833503880167388,30.716679438318874,27650500,INTC
2016-10-12,30.084678649902344,30.18190809240793,29.82539807597528,30.141396082269626,14053900,INTC
2016-10-13,29.95503807067871,30.08467835637739,29.541807535042263,29.857805538253533,16936000,INTC
2016-10-14,30.34396743774414,30.546530634136467,30.108993388120464,30.133299982609433,19123900,INTC
2016-10-17,30.214317321777344,30.562726153905643,30.173805313804582,30.424981617756554,15788100,INTC
2016-10-18,30.5870361328125,30.83011129847574,30.408779568920863,30.76529269670414,42907800,INTC
2016-10-19,28.77206802368164,29.24201600807357,28.545198288247374,29.225810585418504,75229000,INTC
2016-10-20,28.707252502441406,28.901711413418948,28.439867636261457,28.6910470780485,25669500,INTC
2016-10-21,28.480379104614258,28.68294224734731,28.204893106862578,28.5289922807145,20813200,INTC
2016-10-24,28.56950569152832,28.755866511941974,28.44796965445191,28.70725024259036,21524700,INTC
2016-10-25,28.439865112304688,28.561404239030896,28.366942254442638,28.472275958214126,17860300,INTC
2016-10-26,28.294023513793945,28.52899754452713,28.1481808677159,28.391256065671094,19977600,INTC
2016-10-27,28.204896926879883,28.54520156914485,28.156280653326878,28.439867855214352,14634700,INTC
2016-10-28,28.148178100585938,28.49658389252113,28.123868419572016,28.253508718461642,22296400,INTC
2016-10-31,28.253511428833008,28.423666848779412,28.229204836355876,28.294023446584504,19188600,INTC
2016-11-01,27.969921112060547,28.488482299860525,27.7673579548969,28.277817976392466,25368200,INTC
2016-11-02,28.03473663330078,28.27781486787086,27.92940602857977,28.03473663330078,21416400,INTC
2016-11-03,27.700023651123047,28.181692322913708,27.651039287895454,28.124545456283517,19400000,INTC
2016-11-04,27.438783645629883,27.700027389560223,27.28366803160987,27.373471152511755,21914700,INTC
2016-11-07,28.32047462463379,28.369458984305197,27.87962784467285,27.953102827044745,19296600,INTC
2016-11-08,28.361299514770508,28.532740120550567,28.157202665716884,28.247002663313033,14833100,INTC
2016-11-09,28.36945343017578,28.451090899374833,27.487753814330876,27.863294269748053,25999400,INTC
2016-11-10,28.165359497070312,28.532734374233954,27.781656501558274,28.532734374233954,28249900,INTC
2016-11-11,28.255159378051758,28.46741866390538,28.034734476817352,28.222503145068192,22665000,INTC
2016-11-14,28.14903450012207,28.353131330703818,27.92044704643707,28.214346980758062,22558900,INTC
2016-11-15,28.50008773803711,28.810315862619436,28.255172108849457,28.279662737486866,20676100,INTC
2016-11-16,28.442928314208984,28.508237666521488,28.198012793064915,28.491912664145723,18565500,INTC
2016-11-17,28.589885711669922,28.589885711669922,28.271495139656153,28.4184451135503,15748500,INTC
2016-11-18,28.53273582458496,28.573554565395753,28.27965464872558,28.491917083774172,16806900,INTC
2016-11-21,28.557220458984375,28.73682661802045,28.442926762968558,28.655186039245123,14259500,INTC
2016-11-22,28.965421676635742,28.981749796712542,28.66335924089109,28.72050610402466,22327400,INTC
2016-11-23,28.73683738708496,28.998081108527213,28.655196777715002,28.96542486477923,15843100,INTC
2016-11-25,28.932764053344727,28.940929670128003,28.6633578706327,28.6633578706327,6372800,INTC
2016-11-28,28.989910125732422,29.11236945999027,28.744994571486966,28.924600764593077,13549000,INTC
2016-11-29,28.826627731323242,29.09603383723198,28.793971502040534,29.09603383723198,19581000,INTC
2016-11-30,28.32863998413086,28.81847111930933,28.32863998413086,28.73683363486972,27016100,INTC
2016-12-01,27.561235427856445,28.51641024199926,27.397960450089638,28.45926337692676,29618700,INTC
2016-12-02,27.887786865234375,27.96942434022251,27.430608908198714,27.528577615308528,21492500,INTC
2016-12-05,28.0755615234375,28.10005214829139,27.73268031840018,28.010252152403552,14462000,INTC
2016-12-06,28.34496307373047,28.369453691862127,28.002078848537998,28.075553817202824,15297700,INTC
2016-12-07,28.981748580932617,29.038895441668885,28.124542555618255,28.30414564038781,21710300,INTC
2016-12-08,29.1450252532959,29.414431424576964,28.753159749624228,28.965419062928397,19966500,INTC
2016-12-09,29.194002151489258,29.3082989647087,29.0552178354131,29.18583965053702,16326900,INTC
2016-12-12,29.36545181274414,29.46341741553135,29.12053313437057,29.210336234538165,21985800,INTC
2016-12-13,30.043060302734375,30.11653530456889,29.332804027848205,29.3981134104393,35773600,INTC
2016-12-14,29.83895492553711,30.116526729627843,29.765479944622786,29.961414265151106,30819400,INTC
2016-12-15,30.034893035888672,30.336955500308502,29.822630569010375,29.994074288956927,23721500,INTC
2016-12-16,29.64301300048828,30.100187725957912,29.46340686447136,29.97773154489394,38212800,INTC
2016-12-19,30.116539001464844,30.16552338012459,29.61037954573404,29.667526430367925,18744300,INTC
2016-12-20,30.377771377563477,30.402265114825305,30.11652768475413,30.165512045007308,18551800,INTC
2016-12-21,30.19000244140625,30.492064875024205,30.132855578675027,30.410427389485445,14323600,INTC
2016-12-22,30.14917755126953,30.402258687669583,30.05121196574395,30.394093072218393,10793900,INTC
2016-12-23,30.181838989257812,30.190001491846775,30.01856090904539,30.14918275036126,6287300,INTC
2016-12-27,30.263479232788086,30.47574169070739,30.13285737955722,30.13285737955722,9033700,INTC
2016-12-28,29.904273986816406,30.3696145969553,29.863455236049514,30.28797398115046,12868600,INTC
2016-12-29,29.92875862121582,29.97774298088965,29.740989913871783,29.806299279166456,8447300,INTC
2016-12-30,29.610361099243164,30.043045274569096,29.553214250210296,30.034882773679985,17468000,INTC
2017-01-03,29.879777908325195,30.149187248006637,29.610371682914572,29.887943526402655,20196500,INTC
2017-01-04,29.724660873413086,30.01856079381318,29.667514012698657,29.969576435656386,15915700,INTC
2017-01-05,29.67568016052246,29.9777457348553,29.643027032010597,29.757320767478927,13986000,INTC
2017-01-06,29.781816482543945,29.945094610092585,29.54506335331198,29.87161960840926,15114000,INTC
2017-01-09,29.887943267822266,30.116530743680386,29.78181203362923,29.78181203362923,19461400,INTC
2017-01-10,29.830795288085938,30.149185864538747,29.82262967038318,29.838957791518023,15918800,INTC
2017-01-11,30.16551971435547,30.20633846780907,29.80630720971278,29.80630720971278,22398400,INTC
2017-01-12,29.969575881958008,30.06754459646159,29.65118534549706,30.06754459646159,20391900,INTC
2017-01-13,30.034893035888672,30.09203990444727,29.89610555919582,29.969580549381266,15072200,INTC
2017-01-17,30.043060302734375,30.067554046193386,29.871619669877585,29.93692905246868,20195200,INTC
2017-01-18,30.01040267944336,30.21449955138108,29.887946424843395,30.116533924846888,15382500,INTC
2017-01-19,29.85527229309082,30.132843997217485,29.806287952032264,29.806287952032264,13654500,INTC
2017-01-20,30.157339096069336,30.23081406145086,29.863442348812956,30.01038916530629,23950900,INTC
2017-01-23,30.018566131591797,30.377775479137085,29.838959900683708,30.26348173738499,27752600,INTC
2017-01-24,30.712488174438477,30.810456888950508,30.051216479968808,30.075707101461674,35140900,INTC
2017-01-25,30.85944175720215,31.02271985296663,30.630854291694266,30.91658862357912,32276400,INTC
2017-01-26,30.66351318359375,30.957410044243144,30.54921632669181,30.875772546441244,34144800,INTC
2017-01-27,31.006385803222656,31.39008878776062,30.867601472635762,31.022713921104064,44368600,INTC
2017-01-30,30.549211502075195,30.89209579008771,30.4757396342194,30.81045830517876,23954700,INTC
2017-01-31,30.059385299682617,30.508397768948292,29.912435311301714,30.385941521478166,27059100,INTC
2017-02-01,29.81446075439453,30.165507497613167,29.406267156630538,30.059376290198927,28380600,INTC
2017-02-02,29.9450740814209,29.961402194409246,29.553208712507946,29.602189937203864,31916900,INTC
2017-02-03,30.027305603027344,30.273969586022368,29.969750778211928,30.16708071000686,21038100,INTC
2017-02-06,29.821744918823242,30.01907480534287,29.723079975563426,30.01907480534287,21427000,INTC
2017-02-07,29.88753318786621,30.027311458606384,29.79709211445001,29.969756622567292,18581900,INTC
2017-02-08,29.91219711303711,30.134195647289918,29.71486403708922,29.87930774429532,20807400,INTC
2017-02-09,29.155763626098633,30.010868579480288,29.106432698809684,30.010868579480288,47802700,INTC
2017-02-10,29.057100296020508,29.131099827687514,28.645992483760175,28.99132154053708,44106500,INTC
2017-02-13,29.43531036376953,29.47642050600957,29.05709203675668,29.246201200263105,28180600,INTC
2017-02-14,29.542198181152344,29.566863638309417,29.213310782045482,29.468198673178435,25734800,INTC
2017-02-15,29.6408634185791,29.649087328708802,29.328420700207598,29.583308593682077,18452200,INTC
2017-02-16,29.936864852905273,30.060198426835115,29.681976930485032,29.747755672981768,21317500,INTC
2017-02-17,29.994426727294922,29.994426727294922,29.68198390007724,29.862872347914394,18909900,INTC
2017-02-21,30.027305603027344,30.13419447904285,29.871085812314462,30.035526376642668,20556000,INTC
2017-02-22,29.65730857849121,29.92864116007868,29.427089275206882,29.87930710801657,29904400,INTC
2017-02-23,29.74776268005371,29.846427680536234,29.517543300093212,29.797096748546878,22775000,INTC
2017-02-24,30.0355224609375,30.0355224609375,29.558639240851672,29.714859011198318,18617600,INTC
2017-02-27,30.01909065246582,30.158868937666554,29.821760661775393,29.945091121831,14065200,INTC
2017-02-28,29.764202117919922,29.97797677066404,29.59975838846115,29.94508739747163,24977000,INTC
2017-03-01,29.542198181152344,29.681973287046013,29.139311274071574,29.476419446729896,34085900,INTC
2017-03-02,29.525758743286133,29.61620295093456,29.311984091437953,29.542203429813416,23602100,INTC
2017-03-03,29.517541885375977,29.67376172336132,29.328429533467848,29.550428126291436,17538100,INTC
2017-03-06,29.246206283569336,29.435315479944983,29.122872698909706,29.427094704669233,24416700,INTC
2017-03-07,29.43531036376953,29.43531036376953,29.09820217899672,29.221535742219643,23434900,INTC
2017-03-08,29.287311553955078,29.517533997866536,29.213312042787617,29.32842169649193,20920100,INTC
2017-03-09,29.451759338378906,29.55042432142868,29.18865062591068,29.270870922368278,23616800,INTC
2017-03-10,29.525758743286133,29.846422289310024,29.41886984911042,29.698423247067726,25402300,INTC
2017-03-13,28.909086227416992,29.632636479657247,28.72819788023141,29.476413584723495,53582900,INTC
2017-03-14,28.925535202026367,28.96664534071663,28.49798285934205,28.826870241869226,28586900,INTC
2017-03-15,28.859760284423828,28.917315113495953,28.5144313099911,28.728205941329986,27996100,INTC
2017-03-16,28.892648696899414,29.073537088847903,28.835093869734504,28.917314155254992,19616100,INTC
2017-03-17,28.999542236328125,29.04887629746811,28.859763964683186,29.032431610421447,30778900,INTC
2017-03-20,29.131099700927734,29.295543452417053,28.991321414385524,29.081765634529834,17322300,INTC
2017-03-21,28.810428619384766,29.270867240028338,28.777539250337977,29.262646466018076,22814500,INTC
2017-03-22,29.081756591796875,29.155756100132347,28.777537784863362,28.95842616890623,19144500,INTC
2017-03-23,28.999542236328125,29.180430657338047,28.79398835299989,29.180430657338047,20640400,INTC
2017-03-24,28.909086227416992,29.377748639214115,28.87619686674651,29.31197305437522,22188000,INTC
2017-03-27,29.098201751708984,29.18864594521064,28.728204203976187,28.83509308143294,16992200,INTC
2017-03-28,29.270872116088867,29.361316327782667,28.950208555722412,29.057097454679027,18398100,INTC
2017-03-29,29.246206283569336,29.353095181174126,29.139317385964546,29.205096134183908,17202600,INTC
2017-03-30,29.394195556640625,29.50930519124584,29.20508642314601,29.254420467906378,16433000,INTC
2017-03-31,29.65730857849121,29.80530759817478,29.385979133406508,29.394199907165476,21438400,INTC
2017-04-03,29.731307983398438,30.20819440880743,29.69841861547311,29.755973441091058,32013600,INTC
2017-04-04,29.829973220825195,29.91219664138317,29.591533142464037,29.698418884435224,18918000,INTC
2017-04-05,29.7806453704834,30.22463934118812,29.739532087720995,29.953309866674296,22455500,INTC
2017-04-06,29.624422073364258,29.82997593873371,29.624422073364258,29.70664550141388,20198200,INTC
2017-04-07,29.624422073364258,29.86286530995356,29.59153583864748,29.65731144458411,15689500,INTC
2017-04-10,29.43531036376953,29.67375357986569,29.279090568656258,29.616198753429074,19973700,INTC
2017-04-11,29.3859806060791,29.42709074993971,28.95020429894851,29.41064606509488,22711800,INTC
2017-04-12,29.2955322265625,29.60797178451338,29.188643358578,29.492862143531216,19289800,INTC
2017-04-13,28.98308753967285,29.40241593678159,28.98308753967285,29.229751487178124,15764000,INTC
2017-04-17,29.172203063964844,29.26264726305554,29.04887263143449,29.13931369402224,12560700,INTC
2017-04-18,29.4106502532959,29.44353962766914,29.024207945668767,29.13109684413011,12321100,INTC
2017-04-19,29.525758743286133,29.78064667970414,29.50931405675885,29.575092802867978,16594600,INTC
2017-04-20,29.74776268005371,29.821762214541558,29.484653921097767,29.747762680053707,22968300,INTC
2017-04-21,29.86285972595215,29.94508000212448,29.476417527636716,29.764194767244852,20390500,INTC
2017-04-24,30.216415405273438,30.298635689190075,29.97797219081129,30.1506366689379,26305800,INTC
2017-04-25,30.315086364746094,30.421975264165464,30.142421852494078,30.23286606457944,22066800,INTC
2017-04-26,30.364410400390625,30.611074355945313,30.241076854362095,30.241076854362095,27241000,INTC
2017-04-27,30.77552032470703,30.833075147395295,30.241079100884473,30.315078606698325,39890000,INTC
2017-04-28,29.72309112548828,30.002644516677357,29.501092567499615,29.681977841913838,56769300,INTC
2017-05-01,29.854633331298828,29.928632820520793,29.550411466440803,29.690189673416473,24825600,INTC
2017-05-02,30.397300720214844,30.446631630975855,29.887524974666338,29.903969657087494,35813000,INTC
2017-05-03,30.631723403930664,30.789105379390914,30.333523315827897,30.41635842909893,22040300,INTC
2017-05-04,30.524028778076172,30.739396838246744,30.350079840132125,30.63999789654092,16437100,INTC
2017-05-05,30.499191284179688,30.590308331553278,30.234125233549197,30.532325330467643,18119200,INTC
2017-05-08,30.267257690429688,30.524038636085713,30.21755662360768,30.424639662278103,17660200,INTC
2017-05-09,30.126436233520508,30.441203302078407,30.051886221489323,30.21755326598485,17819100,INTC
2017-05-10,29.828243255615234,30.13472846652109,29.76197831801181,30.043611412459175,25133800,INTC
2017-05-11,29.563167572021484,29.819951626344775,29.364369664020554,29.74540162088548,21508900,INTC
2017-05-12,29.430639266967773,29.60459141396556,29.32295836625043,29.58802439235452,19730800,INTC
2017-05-15,29.51347541809082,29.588025438057116,29.3395232649452,29.43064030710805,22120100,INTC
2017-05-16,29.67085075378418,29.72883373858694,29.339516703623538,29.61286776898142,22291800,INTC
2017-05-17,29.02475357055664,29.811669589840754,29.00818655164336,29.546600447064034,26670200,INTC
2017-05-18,29.173858642578125,29.380941675169197,29.057892649900932,29.149006529978504,17171900,INTC
2017-05-19,29.322956085205078,29.447203997868165,29.099306050608284,29.11587307093057,18340100,INTC
2017-05-22,29.629444122314453,29.911077205729605,29.306395059539923,29.389227018258687,14638100,INTC
2017-05-23,29.7039852142334,29.811669256046123,29.45548625298811,29.712267143679423,16903700,INTC
2017-05-24,29.919349670410156,29.96905072581672,29.728833697771837,29.803383700963845,20640600,INTC
2017-05-25,30.035320281982422,30.143004338755315,29.869656391360955,29.919354294612926,13148500,INTC
2017-05-26,30.035320281982422,30.09330643550334,29.9276393850457,30.035320281982425,11145500,INTC
2017-05-30,29.96906852722168,30.184433575570683,29.894518479747493,30.043618574695866,13026900,INTC
2017-05-31,29.91107940673828,30.134729503540267,29.7122782674131,30.076746496203114,17741900,INTC
2017-06-01,29.919349670410156,29.927634759562423,29.654283694579828,29.919349670410153,17510900,INTC
2017-06-02,30.085018157958984,30.093303247514065,29.819952169241482,30.043602189691093,19127400,INTC
2017-06-05,30.101585388183594,30.234118383471127,29.985619412286482,30.068451349402746,11685700,INTC
2017-06-06,29.927640914916992,30.19270694526466,29.80338983076313,29.952489867813235,18420900,INTC
2017-06-07,30.035320281982422,30.292104368183573,29.902787273583545,29.9276393850457,17192000,INTC
2017-06-08,30.21756362915039,30.258979614518942,29.95249753098709,30.10159760618359,17154200,INTC
2017-06-09,29.57973861694336,30.283822799851762,29.248407671900765,30.23412173616908,33322100,INTC
2017-06-12,29.5963077545166,29.82823974861482,29.331241715593944,29.480341757467492,28488300,INTC
2017-06-13,29.720556259155273,29.77853925263951,29.43063813189794,29.554889209270534,20588200,INTC
2017-06-14,29.430639266967773,29.861372349345988,29.173858331587347,29.811674444349148,19149000,INTC
2017-06-15,29.248401641845703,29.389216553494272,29.10758357036158,29.165566552785762,20410000,INTC
2017-06-16,29.165569305419922,29.264971421673383,28.99990227150001,29.223552293316516,30762800,INTC
2017-06-19,29.414077758789062,29.496912882371042,29.256695763738605,29.496912882371042,21583800,INTC
2017-06-20,28.87566375732422,29.364379928426033,28.85909673256046,29.364379928426033,21536500,INTC
2017-06-21,28.643722534179688,28.660286393788706,28.2378384573697,28.43663953087244,27138500,INTC
2017-06-22,28.461488723754883,28.68513874842148,28.403505735119385,28.627155759785982,24602900,INTC
2017-06-23,28.32067108154297,28.618871119110583,28.246121072151062,28.337238101389605,29260900,INTC
2017-06-26,28.221269607543945,28.58573453218525,28.18813557080319,28.378651542309033,18854800,INTC
2017-06-27,27.873384475708008,28.287550645273733,27.873384475708008,28.16329953046917,27078900,INTC
2017-06-28,28.328956604003906,28.362090644203185,27.947924621220192,27.972773571451654,25940100,INTC
2017-06-29,27.782257080078125,28.246120995176145,27.616590041899148,28.097020976798657,25215700,INTC
2017-06-30,27.94792938232422,28.1053113603278,27.773977221562173,28.055610291561997,24432000,INTC
2017-07-03,27.715988159179688,28.18813714975797,27.69113921015004,27.75740412750771,12676900,INTC
2017-07-05,28.44493293762207,28.51948297528552,27.740851706229485,27.765700665504923,30010800,INTC
2017-07-06,27.856815338134766,28.40351451412699,27.798832331577778,28.26269638403368,20733200,INTC
2017-07-07,28.06389808654785,28.262696061089713,27.91479802572304,27.91479802572304,18304500,INTC
2017-07-10,27.873384475708008,27.947934512623323,27.525483250157503,27.542050276120587,29918400,INTC
2017-07-11,28.09701919555664,28.10530428485011,27.691138295577147,27.865087252711213,25737500,INTC
2017-07-12,28.37036895751953,28.486334923597013,28.113584918465406,28.39521790458311,23768300,INTC
2017-07-13,28.362096786499023,28.49462981616243,28.262694644373962,28.43664681317448,15046200,INTC
2017-07-14,28.726560592651367,28.7514095471956,28.3869445212552,28.5608935227379,16316400,INTC
2017-07-17,28.552608489990234,28.77625853610668,28.461491453442473,28.77625853610668,21044400,INTC
2017-07-18,28.60230255126953,28.643721678562443,28.370370605640936,28.519470616355253,14362800,INTC
2017-07-19,28.62715721130371,28.72655617402796,28.54432210917013,28.72655617402796,17036200,INTC
2017-07-20,28.7845401763916,28.85909019101167,28.560890132531384,28.610591195556818,17506200,INTC
2017-07-21,28.767974853515625,28.842524872536277,28.494626890330796,28.61059288439929,22245000,INTC
2017-07-24,28.57745361328125,28.825952577951323,28.478054659380376,28.76796959152283,16146300,INTC
2017-07-25,28.718273162841797,28.77625931845101,28.494626270481223,28.618874192921954,18096700,INTC
2017-07-26,28.7845401763916,28.9667742476487,28.652007168159933,28.743124203788486,15499300,INTC
2017-07-27,28.966773986816406,29.19870595917434,28.718271833763033,28.80938886857112,43062800,INTC
2017-07-28,29.248401641845703,29.703983572250944,28.991617605513216,29.099301641373362,36291500,INTC
2017-07-31,29.38094711303711,29.604597208809306,29.256696006551365,29.38094711303711,27057000,INTC
2017-08-01,30.109872817993164,30.17614090765975,29.463774742926145,29.538324763882834,38710200,INTC
2017-08-02,30.35009765625,30.374946616304452,29.869666522786275,30.093316642788047,35004300,INTC
2017-08-03,30.452743530273438,30.536197291461544,30.168996285254188,30.502814513563532,26611300,INTC
2017-08-04,30.294174194335938,30.51115904754287,30.127263503459062,30.419358008382755,20520300,INTC
2017-08-07,30.402666091918945,30.502811231279846,30.227411302148226,30.369283317613117,18169300,INTC
2017-08-08,30.385974884033203,30.627995223843417,30.294173845928874,30.352592109530427,22819900,INTC
2017-08-09,30.536195755004883,30.59461402160857,30.060502336342395,30.277484014647992,22796800,INTC
2017-08-10,30.16064453125,30.511157280143188,30.135609043313508,30.377629371887796,22693300,INTC
2017-08-11,29.93531036376953,30.3776240692967,29.86854801307382,30.260784384356384,19275100,INTC
2017-08-14,30.327552795410156,30.436045207082415,30.110571155621837,30.143950742358058,18469400,INTC
2017-08-15,30.04380989074707,30.31086572398029,29.893590586608802,30.29417433645863,21706600,INTC
2017-08-16,29.885244369506836,30.10222602481827,29.676606815587352,30.027116378065,22014000,INTC
2017-08-17,29.35112953186035,29.776751924278997,29.35112953186035,29.709986378975515,19525000,INTC
2017-08-18,29.217599868774414,29.467967465058464,29.200911667007958,29.45127607973578,16231400,INTC
2017-08-21,29.142494201660156,29.442932811336103,28.95889530518004,29.28436940447676,26493300,INTC
2017-08-22,28.917165756225586,29.367820445545647,28.892127085361533,29.225948439393644,26097800,INTC
2017-08-23,28.925512313842773,29.050696128124567,28.691839256310505,28.82536717255132,19648100,INTC
2017-08-24,28.96724510192871,29.117464436298597,28.833717158439622,28.95890099826696,14301900,INTC
2017-08-25,28.933855056762695,29.150839900185023,28.85874859198938,29.05903886516454,14726800,INTC
2017-08-28,28.917165756225586,29.042346376320346,28.867091598053857,29.025654990263103,20712900,INTC
2017-08-29,28.983930587768555,29.00062197524873,28.75860163212112,28.800328509043243,15843700,INTC
2017-08-30,29.117460250854492,29.175878518761397,28.900478567708404,29.00062371504069,18565000,INTC
2017-08-31,29.26767921447754,29.359480258252322,29.100768515210365,29.159186782420356,16366800,INTC
2017-09-01,29.284364700317383,29.53472910697727,29.267673315399236,29.409548495425405,12822000,INTC
2017-09-05,29.225950241088867,29.484661965590398,29.15084059097917,29.225950241088864,18772000,INTC
2017-09-06,29.84351348876953,29.9937327781329,29.301057773674103,29.392858804235754,28076400,INTC
2017-09-07,29.6599178314209,30.002083320218773,29.484663035988092,29.943665055074504,16297100,INTC
2017-09-08,29.36781883239746,29.65991329702016,29.27602098945956,29.55976498617776,14125000,INTC
2017-09-11,29.851865768432617,30.043811962835015,29.32609816768708,29.61819269412654,20037600,INTC
2017-09-12,30.11891746520996,30.327555019503862,29.82682616262107,29.943662683656626,19489900,INTC
2017-09-13,30.3192138671875,30.377632133387507,30.018775250412176,30.043810740624536,15509800,INTC
2017-09-14,30.444400787353516,30.628002909635295,30.177344891429506,30.202380386810695,18093900,INTC
2017-09-15,30.878355026245117,30.94512056521961,30.227406939024394,30.502806828403884,33596100,INTC
2017-09-18,30.878355026245117,31.153758099180727,30.711444362365,30.878355026245117,19393800,INTC
2017-09-19,31.070314407348633,31.128732687051794,30.895059568239148,31.045278911349413,23850500,INTC
2017-09-20,30.936779022216797,31.120381104912816,30.59461353036485,31.070306941389344,23957500,INTC
2017-09-21,31.045270919799805,31.10368918446517,30.753176412916325,30.870016125803712,22954200,INTC
2017-09-22,31.028575897216797,31.061958668416654,30.836629738152038,30.836629738152038,21631800,INTC
2017-09-25,31.011890411376953,31.070308680312163,30.75317866069467,30.92008936489108,23180800,INTC
2017-09-26,31.27059555053711,31.412467549796173,30.878355956140044,31.05361072589167,29790400,INTC
2017-09-27,31.329015731811523,31.45419635351475,30.961811600946675,31.39577809334196,25981400,INTC
2017-09-28,31.57103157043457,31.61275843840528,31.120373755816587,31.145409239887822,21171400,INTC
2017-09-29,31.779678344726562,31.838096613601973,31.462548325433698,31.57938486318452,23217300,INTC
2017-10-02,32.58084487915039,32.62257175795529,31.779677345291805,31.813056938201655,37394500,INTC
2017-10-03,32.86458969116211,33.13164551611002,32.505732829471505,32.505732829471505,34002200,INTC
2017-10-04,32.83121109008789,32.88128525746389,32.430627301750775,32.872937971122745,28368800,INTC
2017-10-05,32.989776611328125,33.08992495245482,32.72272073543791,32.96474111782503,17710300,INTC
2017-10-06,33.0732307434082,33.29021243024154,32.897972753152445,33.04819206848202,18887500,INTC
2017-10-09,33.26517868041992,33.281870070058936,32.981431423670784,33.11495935722585,18494100,INTC
2017-10-10,33.08992385864258,33.34028833606902,32.86459487389166,33.323596946432986,29890000,INTC
2017-10-11,32.79781723022461,33.10659986582047,32.5975269955079,32.94803649804008,30754700,INTC
2017-10-12,32.70602798461914,32.87293869599602,32.53077317027408,32.83955591700924,18286900,INTC
2017-10-13,33.10660171508789,33.22344140601426,32.78112767782601,32.91465556961437,16829400,INTC
2017-10-16,33.18171691894531,33.2067555915503,32.91466109057382,33.13999004267913,12489100,INTC
2017-10-17,33.206756591796875,33.273518959122455,32.85624381677836,33.0148104083454,15532800,INTC
2017-10-18,33.59065246582031,33.624035244746864,33.04819345071345,33.21510416178918,21424600,INTC
2017-10-19,33.45712661743164,33.6574201199085,33.24014490800916,33.28187179248765,19222700,INTC
2017-10-20,33.7408561706543,33.757547552392055,33.46545314731464,33.657402445521065,18335700,INTC
2017-10-23,34.07469177246094,34.24994657909831,33.715834873028115,33.84101551338757,28647000,INTC
2017-10-24,34.174835205078125,34.25828896112642,33.982889019321675,34.21656208310227,19652400,INTC
2017-10-25,34.032958984375,34.2666352247421,33.790941825631286,34.12476002342387,24031700,INTC
2017-10-26,34.50864791870117,34.70059725745406,33.97453632449195,34.141446993571385,38247400,INTC
2017-10-27,37.05403137207031,37.554760235115936,35.96911352954401,36.136024211744704,90028300,INTC
2017-10-30,37.028995513916016,37.71332649773397,36.62006765418799,37.12079655527933,48161500,INTC
2017-10-31,37.963687896728516,38.22239640692784,37.262665640201625,37.72166758807557,47000900,INTC
2017-11-01,38.98183822631836,38.98183822631836,38.047142914134234,38.364272874601745,47813700,INTC
2017-11-02,39.30731964111328,39.41581207643468,38.56457034976185,38.898391758339905,44602300,INTC
2017-11-03,38.67305374145508,39.4742211144225,38.0554852350701,39.39076737357195,39298100,INTC
2017-11-06,39.20446014404297,39.23804074945832,38.6923671199386,39.12050863050458,34035000,INTC
2017-11-07,39.27162551879883,39.53187045594889,38.94422256064374,39.2044674977938,24461400,INTC
2017-11-08,39.20446014404297,39.20446014404297,38.85187019202734,39.13729893321226,21565800,INTC
2017-11-09,38.86866760253906,38.9442223773287,38.32299707565691,38.658793583948224,25570400,INTC
2017-11-10,38.26422119140625,38.692362652539245,38.096321386137895,38.65038850182776,24095400,INTC
2017-11-13,38.40693664550781,38.56643971039842,37.98718870402685,37.9955822537905,18999000,INTC
2017-11-14,38.49928283691406,38.54965054182211,38.045954278205166,38.36496361978803,22201200,INTC
2017-11-15,38.163482666015625,38.45730815108801,37.92002808757863,38.10471820948569,17157200,INTC
2017-11-16,38.32298278808594,38.67556947070399,38.16347654387304,38.30619248856762,26439400,INTC
2017-11-17,37.466705322265625,38.29780452333701,37.45830856936911,38.197065905539276,63798000,INTC
2017-11-20,37.458309173583984,37.8780571573386,37.357570554161306,37.55065424239768,22420000,INTC
2017-11-21,37.72694778442383,37.962008833954926,37.533864095381745,37.54226084844874,21871000,INTC
2017-11-22,37.483489990234375,37.73533809807642,37.39114493679372,37.7269413464423,19538300,INTC
2017-11-24,37.56744384765625,37.592627701438005,37.29880539924114,37.399544016791076,6465800,INTC
2017-11-27,37.34918212890625,37.44992076215309,37.164491965934204,37.2904144568869,18202100,INTC
2017-11-28,37.550655364990234,37.64300043656462,37.20646213611856,37.48349735084172,20194100,INTC
2017-11-29,36.895851135253906,37.85287609645065,36.74474159375724,37.65139564031403,27036900,INTC
2017-11-30,37.643001556396484,37.94522063511309,37.214859996496735,37.24004385224873,34145300,INTC
2017-12-01,37.50868225097656,37.643001485439285,36.543260551609805,37.550656411291826,26656300,INTC
2017-12-04,37.34918212890625,38.02917190635168,37.21486288376933,37.794114027967915,28000800,INTC
2017-12-05,36.46770095825195,37.69336741332346,36.29140758679344,37.44151607989961,30626900,INTC
2017-12-06,36.47610092163086,36.70276522021182,35.821291880478164,36.21585601531426,27710800,INTC
2017-12-07,36.165489196777344,36.60202429839895,35.913637834980825,36.4844953708529,32708400,INTC
2017-12-08,36.392147064208984,36.585233945072105,36.19066983558553,36.392147064208984,23154700,INTC
2017-12-11,36.65238571166992,36.75312430882522,36.30819256916891,36.33337641785217,20425900,INTC
2017-12-12,36.37535858154297,36.618809956676344,36.165484608288985,36.492887494177566,16557400,INTC
2017-12-13,36.38375473022461,36.65239317898419,36.29980641589584,36.643999628520476,21399500,INTC
2017-12-14,36.31658935546875,36.57683422394433,36.11511214319689,36.459305316381986,19644900,INTC
2017-12-15,37.40793991088867,37.642997747249915,36.15708956220313,36.43412475713417,47477000,INTC
2017-12-18,38.835079193115234,38.910633952733896,37.810896365690034,37.90324142771537,50369300,INTC
2017-12-19,39.489891052246094,39.674577987319694,38.52446940932507,38.868662627663156,41421100,INTC
2017-12-20,39.926429748535156,39.993587761316675,39.170882089599246,39.850874982641564,40935000,INTC
2017-12-21,39.25483703613281,39.951620350659574,39.08694037461058,39.909646185279016,42963500,INTC
2017-12-22,39.20446014404297,39.47309858252021,38.63360266167313,38.89384755000793,33913500,INTC
2017-12-26,38.68397521972656,39.011378130433506,38.57483984868327,38.85187184911879,15533300,INTC
2017-12-27,38.70915985107422,38.91903384445248,38.616814781600105,38.70915985107422,13359700,INTC
2017-12-28,38.80150604248047,38.91903496978293,38.57484173878727,38.91903496978293,9504400,INTC
2017-12-29,38.751129150390625,39.02816432407645,38.69236469580683,38.79310330331868,17394500,INTC
2018-01-02,39.330387115478516,39.37236447826704,38.79311017698625,38.935826165136284,23370800,INTC
2018-01-03,37.995582580566406,38.79310431672374,36.64399688740861,38.17187915134584,116479000,INTC
2018-01-04,37.29880142211914,37.48349153661985,35.83807721249705,36.53486031544242,89209100,INTC
2018-01-05,37.559051513671875,37.90324473700295,36.85387476313712,37.298806607280866,41824000,INTC
2018-01-08,37.559051513671875,37.642999830611934,36.90424247233195,37.16448737872296,33733800,INTC
2018-01-09,36.61882019042969,37.64300649091069,36.5096879995831,37.525477545430626,44282300,INTC
2018-01-10,35.67858123779297,36.602025588860684,35.62821032317314,36.37536447912948,45735000,INTC
2018-01-11,36.44252014160156,36.58523612259174,35.636604774294796,35.93042708453486,35371500,INTC
2018-01-12,36.29979705810547,36.602012833234056,36.106710220564246,36.47609039420267,29973600,INTC
2018-01-16,36.21584701538086,36.76152054699994,36.00597307282309,36.56004015307871,38367200,INTC
2018-01-17,37.265220642089844,37.3155915464661,36.52646339001752,36.56004399293502,32368600,INTC
2018-01-18,37.34077453613281,37.55904524763936,37.08052967315885,37.27361653426944,26826500,INTC
2018-01-19,37.62620162963867,37.68496607964766,37.14768927818131,37.458301828574854,25780200,INTC
2018-01-22,38.40693664550781,38.440517249407726,37.601021366445806,37.60941491620946,27706800,INTC
2018-01-23,38.66719055175781,38.69237440935242,38.30620698159258,38.45731653200702,22135100,INTC
2018-01-24,38.20546340942383,38.725953260487486,37.74374122744815,38.53286955538577,32464200,INTC
2018-01-25,38.0291633605957,38.92742371104992,37.92002799768908,38.516072516315475,36758700,INTC
2018-01-26,42.04195785522461,42.100722314331584,40.39654339296071,40.61481412886335,86916100,INTC
2018-01-29,41.9580078125,42.68836840304062,41.445914763096674,41.638998450139695,46304000,INTC
2018-01-30,40.959007263183594,42.02516748039388,40.91703310709652,41.53825830299995,32814600,INTC
2018-01-31,40.413333892822266,41.3451748952345,39.926427914645885,41.32838459220457,41619900,INTC
2018-02-01,40.001983642578125,40.690370071306,39.83408381064922,40.04395779995462,28840400,INTC
2018-02-02,38.742740631103516,40.1195135214075,38.70076327030256,39.72494938732416,28663000,INTC
2018-02-05,37.374366760253906,39.67458428114067,37.35757645396131,38.9106429581566,47869000,INTC
2018-02-06,37.95753860473633,37.97444281649888,36.36857816469211,37.20531891412061,58145400,INTC
2018-02-07,38.2026481628418,39.13235732162939,37.475783114555604,37.67863044920601,37508400,INTC
2018-02-08,36.131927490234375,38.388586677120706,36.123476995996675,38.270260412899546,43151300,INTC
2018-02-09,37.14616012573242,37.42507159203491,35.53184479147827,36.765823377002576,49301100,INTC
2018-02-12,37.889915466308594,38.16882682997422,37.26447268476022,37.31518530731211,28379500,INTC
2018-02-13,37.57720184326172,37.84766278275354,37.408162950042154,37.687077607476745,19517600,INTC
2018-02-14,38.35478591918945,38.46465847775209,37.22222933535321,37.247584045152394,19922000,INTC
2018-02-15,38.811187744140625,38.870354108668586,37.9913542742586,38.77738253831666,23536800,INTC
2018-02-16,38.50692367553711,39.37746983850392,38.4646615236595,38.72667203421289,21475200,INTC
2018-02-20,39.14927291870117,39.47889711222594,38.36324450761139,38.42240765905686,25512000,INTC
2018-02-21,38.82808303833008,39.774699515200446,38.81117882722718,39.44507223491694,27527500,INTC
2018-02-22,38.70975875854492,39.35210591661331,38.55762407501024,38.99712391364946,16946400,INTC
2018-02-23,40.34097671508789,40.391689349196845,39.1408067251804,39.16616143016055,26040900,INTC
2018-02-26,41.50733947753906,41.52424368808244,40.65369457791507,40.73821563063197,26992300,INTC
2018-02-27,42.183502197265625,43.02024309300951,41.67638865230825,41.72709807231441,43624100,INTC
2018-02-28,41.65947723388672,42.54692739618003,41.65102351591464,42.41169692596532,35541200,INTC
2018-03-01,40.43395233154297,42.0229128944394,40.121232450129234,41.83696977482362,36326600,INTC
2018-03-02,41.3974723815918,41.45663551879654,39.69018544932131,39.89303279412982,33310600,INTC
2018-03-05,42.04826354980469,42.09052246633154,40.60298732520507,41.05093764385733,30826500,INTC
2018-03-06,42.859649658203125,43.38367058080981,42.386344597976326,42.394795092273704,39132300,INTC
2018-03-07,43.37521743774414,43.51890163589678,42.34408301574514,42.411699867616726,31801900,INTC
2018-03-08,42.88500213623047,44.01755845285094,42.65680012943211,43.772452235458424,29481200,INTC
2018-03-09,44.11054229736328,44.203513876273526,43.104765594192656,43.33296768129516,32727900,INTC
2018-03-12,43.544254302978516,43.907686804387026,42.682158826903596,43.83161946167016,32044400,INTC
2018-03-13,43.76400375366211,45.45438632551957,43.434379668013726,44.38944672387488,45573900,INTC
2018-03-14,43.83161163330078,44.10207253151199,43.36675716600951,44.00065050071984,24993500,INTC
2018-03-15,43.00333023071289,44.20350021703842,43.00333023071289,44.14433708949554,25631200,INTC
2018-03-16,43.24843978881836,43.69639339629345,43.09630831218713,43.24843978881836,42559800,INTC
2018-03-19,42.961063385009766,43.29913787654824,42.20039013678913,42.8849960601877,31115200,INTC
2018-03-20,43.569610595703125,43.78936213784221,42.97797604460035,43.003333975861885,22215000,INTC
2018-03-21,43.57806396484375,44.09362794217799,43.248436654277484,43.569610246441364,23239500,INTC
2018-03-22,42.961063385009766,43.916126967150284,42.76666660279379,42.8849960601877,30916000,INTC
2018-03-23,41.718650817871094,43.09631379503069,41.718650817871094,42.758235922696585,37683900,INTC
2018-03-26,44.35564041137695,44.36409413016228,42.53002727577977,42.88500930933566,39306200,INTC
2018-03-27,43.26533508300781,45.006430064018204,42.91880683026018,44.80358276341421,38777000,INTC
2018-03-28,41.92149353027344,42.85120603536645,41.42283045889293,42.682167104972315,37970900,INTC
2018-03-29,44.0175666809082,44.0175666809082,42.149691362954464,42.24266292652694,45265800,INTC
2018-04-02,41.34675979614258,43.98375916152938,39.96910020031235,43.6879402509502,67187800,INTC
2018-04-03,42.04826354980469,42.22575293370668,40.915707176482194,41.414370129455875,39432400,INTC
2018-04-04,42.2511100769043,42.394791035252304,40.577628641065964,40.65369597905862,30370000,INTC
2018-04-05,42.580726623535156,42.86809171369725,42.23419841694099,42.26800360908215,25115400,INTC
2018-04-06,41.236881256103516,42.59763966449684,40.99177502340499,42.08207249369949,28215200,INTC
2018-04-09,41.879234313964844,43.19773409293753,41.54961017525902,41.54961017525902,31437000,INTC
2018-04-10,43.332969665527344,43.518912831862224,42.54694129312051,43.206189647726326,25906400,INTC
2018-04-11,43.189266204833984,43.72173752876051,42.952613716043686,43.096297887200905,17568400,INTC
2018-04-12,44.5584831237793,45.02333766010715,43.48508986402664,43.51889828736106,29781400,INTC
2018-04-13,43.83161163330078,44.972618346120086,43.61186013841152,44.845841613666956,20884900,INTC
2018-04-16,44.28803634643555,44.39790892118096,43.77246901025416,44.19506476461271,18855500,INTC
2018-04-17,45.251529693603516,45.38676013294483,44.702154220196185,44.71905842813235,21228700,INTC
2018-04-18,45.31070327758789,45.944596712978544,45.0825012539494,45.234635936375064,22164700,INTC
2018-04-19,44.135887145996094,44.761326851858485,43.620319978854944,44.75287635816788,25422400,INTC
2018-04-20,43.552696228027344,44.18658955123355,43.00332394907086,44.09361801463294,26910100,INTC
2018-04-23,43.189266204833984,43.85696798294759,42.977968418657404,43.68792910917665,21706700,INTC
2018-04-24,43.4850959777832,45.3360638895709,43.2230854963273,43.84007480025653,42494700,INTC
2018-04-25,43.42593002319336,44.03446556854379,42.766678614852715,43.83162146147663,25752800,INTC
2018-04-26,44.8373908996582,45.023333988686126,44.0091039403996,44.169689101920156,39575000,INTC
2018-04-27,44.566932678222656,47.15321897411944,44.14433706789532,46.85740011240112,69888100,INTC
2018-04-30,43.6287727355957,45.107857467620605,43.282244441630105,44.423254597967194,36417400,INTC
2018-05-01,45.07404708862305,45.15011119949138,43.47663305327007,43.64567193376836,27600800,INTC
2018-05-02,44.21196365356445,44.964183489806366,44.076733157432756,44.87121191918782,25778300,INTC
2018-05-03,44.18659591674805,44.42325165059171,43.28224156995788,43.85697185705893,28561000,INTC
2018-05-04,44.866661071777344,44.917666402234936,43.35353860519978,43.88058071556544,25642500,INTC
2018-05-07,45.33419418334961,45.54671149361975,44.90915956280933,44.93466060235957,20285700,INTC
2018-05-08,45.589210510253906,45.589210510253906,44.8836515423958,45.300186862647394,21026800,INTC
2018-05-09,46.19276428222656,46.21826532265579,45.215183324185375,45.69972254888213,19827500,INTC
2018-05-10,46.73680877685547,46.75381055164145,45.98874690005726,46.37127872584935,18715900,INTC
2018-05-11,46.47328567504883,46.91532208686885,46.26927086513617,46.430782859880104,15405000,INTC
2018-05-14,46.66879653930664,46.957820173249125,46.53278560820173,46.55828664442253,21878200,INTC
2018-05-15,45.83572769165039,46.541286653143544,45.52970551702464,46.3967764520222,21712600,INTC
2018-05-16,46.447784423828125,46.498789747453415,45.869737060435845,46.048250828988984,16260500,INTC
2018-05-17,46.592308044433594,47.127849466855466,46.26077823272215,46.3712881699593,16872600,INTC
2018-05-18,45.47871017456055,46.36278307584177,45.45320913177114,46.354280566407155,23679900,INTC
2018-05-21,46.175758361816406,46.940821933571364,45.78472731081126,46.209761907840324,25367400,INTC
2018-05-22,46.2862663269043,46.796306524879974,45.946237366416184,46.524284653592076,19009600,INTC
2018-05-23,46.93233108520508,46.94933286244083,45.767736907994234,45.90374788312282,20555400,INTC
2018-05-24,46.54129409790039,47.00883156357447,46.01425204074545,46.90682415571542,19667100,INTC
2018-05-25,47.127830505371094,47.17883581959536,46.36277024854496,46.58378679133749,18550000,INTC
2018-05-29,47.025840759277344,47.44237620812902,46.592306775397674,46.855826224179566,24253500,INTC
2018-05-30,47.33186340332031,47.7738998706629,47.28085807305709,47.51037719510558,24711500,INTC
2018-05-31,46.923824310302734,47.48486989828731,46.804815131450994,47.323354661768306,30962100,INTC
2018-06-01,48.5219612121582,48.5389597459374,47.43387021312366,47.467873766196654,31183200,INTC
2018-06-04,48.3094367980957,48.96398726377306,48.26693074159781,48.462446279012156,22538100,INTC
2018-06-05,48.05442428588867,48.555965383950415,47.79090483550954,48.36895231269112,21687000,INTC
2018-06-06,48.47944259643555,48.504946876015005,47.67187949798051,48.05440802135123,22955400,INTC
2018-06-07,47.501869201660156,48.453945825702064,47.28084938721317,48.38593873117784,27596100,INTC
2018-06-08,46.79631042480469,47.34885672095701,46.464783944216,47.2298475476951,30822900,INTC
2018-06-11,46.345767974853516,46.83030710508565,46.12474819170002,46.583786286474556,25752400,INTC
2018-06-12,46.600807189941406,46.779320996947106,46.09076681485151,46.643310014072625,23294900,INTC
2018-06-13,46.7793083190918,47.34885638491895,46.67730092027079,46.736805506479435,22631400,INTC
2018-06-14,47.21285629272461,47.48487824728723,46.90683078315229,47.13634991533153,23419800,INTC
2018-06-15,46.847312927246094,47.076831994480116,46.396777300503324,46.8983150025715,39194700,INTC
2018-06-18,45.24068832397461,46.158761464294834,44.49262644621804,46.158761464294834,40764400,INTC
2018-06-19,44.994163513183594,45.011165286502475,44.101591491860546,44.32260805949269,31780900,INTC
2018-06-20,45.444698333740234,45.69121917826596,44.79014466521847,45.21517926222559,21403000,INTC
2018-06-21,44.365116119384766,46.35427843439988,44.15259879189494,46.226769983560224,44435600,INTC
2018-06-22,44.62863540649414,45.130176391248824,44.458620908775174,44.730642808022786,34682100,INTC
2018-06-25,43.10700988769531,43.99108266541651,42.426955152046986,43.4980409553485,45356500,INTC
2018-06-26,42.22294235229492,42.8519950875946,41.95942293356381,42.46096397139173,37543000,INTC
2018-06-27,41.44937515258789,42.55446777044433,41.44087588691128,41.9424168735093,33338800,INTC
2018-06-28,41.86592483520508,42.069942951570845,41.22837268035424,41.29637980006214,29055700,INTC
2018-06-29,42.25695037841797,42.59697944584227,42.07843657726109,42.10393762235278,28906500,INTC
2018-07-02,42.67347717285156,42.73298176117406,41.50888320356668,41.68739696853418,23755500,INTC
2018-07-03,42.05292892456055,43.234524721926434,42.01892537460945,42.996506357782806,16327900,INTC
2018-07-05,43.14101028442383,43.319524031477115,42.29094111625784,42.48645663580523,26163500,INTC
2018-07-06,43.668067932128906,43.778577871621664,42.84350274816583,43.158027545290764,19968000,INTC
2018-07-09,44.084598541259766,44.110099584963315,43.353538356022916,43.89758224008085,21361600,INTC
2018-07-10,44.33960723876953,44.42461285763411,44.067585367095084,44.28860192179688,17362900,INTC
2018-07-11,43.52354049682617,44.09308526253638,43.51503798950596,43.94007255833677,18665600,INTC
2018-07-12,44.50112533569336,44.61163524963022,43.97408329214031,44.24610520124878,20292700,INTC
2018-07-13,44.390621185302734,44.560632456082175,43.99958683134149,44.54363392320993,13749300,INTC
2018-07-16,44.21210479736328,44.475627459266434,44.093095609006106,44.33111722847763,15951500,INTC
2018-07-17,43.99108123779297,44.10159114211098,43.36202860100966,43.39603214737777,15754500,INTC
2018-07-18,43.96559143066406,44.178108785618534,43.75307407570959,44.09309989798225,14649000,INTC
2018-07-19,44.18659210205078,44.21209313775728,43.39602756758605,43.86356493115772,15954600,INTC
2018-07-20,44.127098083496094,44.26310904440637,43.63405956623028,44.05909422441951,17380500,INTC
2018-07-23,44.467124938964844,44.628636933808984,43.63405743866458,44.00808675224114,15945500,INTC
2018-07-24,44.35661697387695,45.308693695651826,44.27161133975238,44.84965548876218,17788700,INTC
2018-07-25,44.56914520263672,44.58614698217133,43.43005191588063,44.382128870513846,19854800,INTC
2018-07-26,44.33960723876953,45.20667817076552,44.093086404203156,44.58612807333591,28282500,INTC
2018-07-27,40.531314849853516,41.82342090545799,40.36130029781859,41.44938824242957,67816700,INTC
2018-07-30,40.539794921875,40.79481825054809,39.46870926392207,40.48879285034545,35696600,INTC
2018-07-31,40.88832473754883,41.38136640010307,40.53979651644397,41.00733714223039,36581200,INTC
2018-08-01,41.491886138916016,41.57689177680907,40.803328798056214,40.85433412644638,28060700,INTC
2018-08-02,42.06142044067383,42.09542398435963,40.97333298477969,41.22835307691033,26452500,INTC
2018-08-03,42.18893814086914,42.31644658378916,41.79790381807989,42.0784282294663,22008200,INTC
2018-08-06,42.16328048706055,42.17183470373157,41.32514668957684,41.71000487782899,26669000,INTC
2018-08-07,42.50537109375,42.616553056687565,42.25735104661131,42.27445621494611,28322700,INTC
2018-08-08,42.72772979736328,42.87312209030176,42.2830052284884,42.4198433064132,21990600,INTC
2018-08-09,42.881683349609375,43.27509251039088,42.52248453215093,42.642217471303745,23795600,INTC
2018-08-10,41.77842330932617,42.052099524818864,41.30804251785297,41.487641922555454,28712400,INTC
2018-08-13,41.43632507324219,42.11196458260189,41.37645861165107,41.83828513500004,17070600,INTC
2018-08-14,41.15410232543945,41.701454797476984,40.752142188930804,41.62448315219183,23061600,INTC
2018-08-15,40.589637756347656,41.051467549271564,40.11070605625844,40.86331394567793,26739900,INTC
2018-08-16,40.34162139892578,41.0087100264129,40.23899363411154,40.83766157673728,24358000,INTC
2018-08-17,40.28173828125,40.52975826764159,39.623207405278016,40.196215723000165,26382000,INTC
2018-08-20,39.76861572265625,40.29886301879781,39.50349044334644,40.23899654645012,24334000,INTC
2018-08-21,40.726478576660156,40.92318314700103,39.88834478293382,39.90544995372143,19254300,INTC
2018-08-22,40.23899459838867,40.49556564781159,40.12781261406351,40.410043052163246,23182500,INTC
2018-08-23,40.17911911010742,40.34161331035606,39.94820423871588,40.07649136587024,31343200,INTC
2018-08-24,40.76069259643555,40.95739718452683,40.26465564874405,40.444255064504176,18214700,INTC
2018-08-27,41.350799560546875,41.38500989958329,40.73502977027899,41.05146725017204,17170300,INTC
2018-08-28,41.538970947265625,41.72712463004451,41.31661017328241,41.521865770424014,13472400,INTC
2018-08-29,41.69289779663086,41.78697460083506,41.39356547641532,41.650136502668296,13479100,INTC
2018-08-30,41.25673294067383,41.76132410740965,41.12844577901227,41.49619882913217,16418800,INTC
2018-08-31,41.41923141479492,41.53041341542481,40.98305763058142,41.01726797884883,16484000,INTC
2018-09-04,41.01725387573242,41.41921717346997,40.67516029811679,41.376455884077664,15682900,INTC
2018-09-05,40.81200408935547,41.15409771481404,40.598194350014715,40.83766021408349,20857200,INTC
2018-09-06,40.4185905456543,41.01725845136186,40.375829251491815,40.84621001223432,19318100,INTC
2018-09-07,39.72584915161133,40.60674420996702,39.648877517023514,40.11925827840342,25958300,INTC
2018-09-10,39.59756851196289,39.99097770338824,39.5377020377233,39.81993249840551,21522400,INTC
2018-09-11,38.42588424682617,39.3666457369478,38.391673907645654,39.34098961380117,32455300,INTC
2018-09-12,38.42588424682617,38.46864553956306,37.681827313276244,38.10944676560017,29778700,INTC
2018-09-13,38.97323989868164,39.21270576811228,38.579830752480504,39.067316708094474,18657100,INTC
2018-09-14,38.947574615478516,39.31532754990593,38.78507716016402,39.15283009459144,22998700,INTC
2018-09-17,38.84495162963867,39.25546919753453,38.64824706219733,38.73377291487466,17603200,INTC
2018-09-18,39.426509857177734,39.794262825328474,38.836396222517806,38.98178852415934,20528100,INTC
2018-09-19,39.46928405761719,39.71730090637351,39.24692007427662,39.417968539351335,15918900,INTC
2018-09-20,40.367286682128906,40.50412480935734,39.785723825788466,40.00808455910532,21999300,INTC
2018-09-21,39.905452728271484,40.55543295100376,39.65743262832342,40.29886189630623,52650600,INTC
2018-09-24,40.119258880615234,40.19623051635843,39.46927871626642,39.60611681731236,17847000,INTC
2018-09-25,39.26401901245117,39.674533305959656,39.16994220847426,39.52914425434268,23389900,INTC
2018-09-26,39.08441925048828,39.59756129689322,38.98179149370281,39.375200613445095,23957700,INTC
2018-09-27,39.238372802734375,39.48638967477387,39.11008562626554,39.26402893303677,15415500,INTC
2018-09-28,40.44424819946289,40.83765730886786,38.879159452840646,39.01599754578488,46223500,INTC
2018-10-01,39.72584915161133,40.38438352253424,39.512039418031584,40.01663051977888,23796200,INTC
2018-10-02,41.136993408203125,41.80408202744252,40.469908051441514,40.63240228226151,42121100,INTC
2018-10-03,41.701446533203125,42.522478341027764,41.5304013664472,41.581713611483,39211900,INTC
2018-10-04,41.162662506103516,41.78698671387068,40.72648869880739,41.76988153883176,30108300,INTC
2018-10-05,40.221893310546875,41.34225769159756,39.90545576111967,41.24818086981369,28901400,INTC
2018-10-08,40.221893310546875,40.49556955802093,39.78572281065955,40.162026835316816,19376800,INTC
2018-10-09,39.81137466430664,40.72648013024672,39.80282370982551,40.350176145997764,23285700,INTC
2018-10-10,38.31470489501953,39.44362006533202,38.31470489501953,39.39230781553092,43109500,INTC
2018-10-11,37.82721710205078,39.00744772707731,37.39959764135049,38.614038606227666,43648800,INTC
2018-10-12,38.38312911987305,38.77653829621286,37.82722243756128,38.71667182426889,32087400,INTC
2018-10-15,38.08379364013672,38.60548997972402,38.00682199556682,38.16931950214663,21633000,INTC
2018-10-16,39.289676666259766,39.34954313248951,38.34036416069764,38.40023062692738,21472000,INTC
2018-10-17,39.24691390991211,39.62322112646696,38.947581589904935,39.340990714050825,23124400,INTC
2018-10-18,38.46009063720703,39.12717587034814,38.34035772484603,39.04165329365519,26638800,INTC
2018-10-19,37.63051986694336,38.63970225164601,37.51078691663596,38.50286412808352,28368500,INTC
2018-10-22,38.49430847167969,38.77653892612432,37.71604106128735,38.058137988648454,34508800,INTC
2018-10-23,38.058135986328125,38.56272713327519,37.55354483938106,37.78445976382917,38590300,INTC
2018-10-24,36.279239654541016,37.938405532433414,36.227927398509294,37.76735706654537,33631800,INTC
2018-10-25,37.8956413269043,38.4344395488076,37.014742936968545,37.23710690432238,48255300,INTC
2018-10-26,39.075870513916016,39.71729979310853,38.22918569236958,38.99034791501489,67280400,INTC
2018-10-29,38.82785415649414,39.98242556845289,38.00682218940194,39.76861580605475,35732200,INTC
2018-10-30,40.846221923828125,40.94885297472053,38.879172456423646,38.93903893820493,43975200,INTC
2018-10-31,40.09360885620117,41.53041076702341,40.050847554833,41.29949582466146,33369100,INTC
2018-11-01,41.239627838134766,41.45343759961414,40.07650221369048,40.15347385832218,28335300,INTC
2018-11-02,40.29030227661133,41.265274032268564,39.98241577219804,41.16264628495656,30759800,INTC
2018-11-05,41.02581024169922,41.26527608483085,40.12780680500075,40.487008832175626,23751200,INTC
2018-11-06,40.66435241699219,41.24096705531455,40.4750146990908,41.13769342873625,23839600,INTC
2018-11-07,41.929466247558594,41.95528383320064,40.95696336459255,40.991389000788196,29913200,INTC
2018-11-08,42.161834716796875,42.42002042438528,41.70570324094766,41.73152410981307,26581700,INTC
2018-11-09,41.404483795166016,42.19625367241442,41.197933275922146,41.989706436179674,21761400,INTC
2018-11-12,40.14797592163086,41.13768822405894,40.10494223990918,41.06023219317248,24412800,INTC
2018-11-13,40.78484344482422,41.524978298324626,40.44059688987713,40.44059688987713,29315900,INTC
2018-11-14,40.52665328979492,41.284000880930904,40.35452838958092,41.18072397099686,25632700,INTC
2018-11-15,41.404483795166016,41.51636546321516,40.208220929361644,40.457798566227865,29581000,INTC
2018-11-16,42.024131774902344,42.21346619295365,41.043020919142215,41.11187218607658,31670600,INTC
2018-11-19,41.309818267822266,42.29953397702593,41.12048055019841,41.834797733590676,26859000,INTC
2018-11-20,40.78484344482422,41.41309660853718,40.52665770786146,40.79345149642851,29200800,INTC
2018-11-21,40.47502136230469,41.20655148543699,40.46641659326051,41.1807306122846,19011400,INTC
2018-11-23,40.053306579589844,40.50943470972281,40.03609376371572,40.182397774132355,8906900,INTC
2018-11-26,40.83646774291992,40.84507250853023,40.191001982862204,40.68155569786538,20723000,INTC
2018-11-27,41.370059967041016,41.49915445757887,40.09634101130525,40.397557111881206,27621000,INTC
2018-11-28,42.04995346069336,42.067166279106154,41.008602569290034,41.258180228751975,28003200,INTC
2018-11-29,41.0516357421875,41.79177056880245,40.991392515184856,41.731527341799804,23592500,INTC
2018-11-30,42.43722915649414,42.445833923281164,40.93114217706666,41.26678389291476,43313700,INTC
2018-12-03,43.142948150634766,43.46137712318565,42.62657338332567,43.03106645859965,30870400,INTC
2018-12-04,41.094661712646484,42.68680959668666,41.03441849214827,42.61796160883554,35397700,INTC
2018-12-06,41.62825012207031,41.64546294151888,40.03610207768828,40.27707498394901,31661700,INTC
2018-12-07,39.79512405395508,41.3614543092461,39.786516003832936,41.258177405835625,34016400,INTC
2018-12-10,40.629920959472656,40.84507623244128,39.59717499262148,39.829543081388664,23289000,INTC
2018-12-11,40.77622985839844,41.81758063266239,40.56107457695502,41.22375323776183,23851000,INTC
2018-12-12,41.163516998291016,41.86061812719166,40.80205435703805,41.808982952019534,31305000,INTC
2018-12-13,41.55939483642578,41.808975750131054,41.18932749072735,41.53357397027793,19526000,INTC
2018-12-14,41.18933868408203,41.9638959358164,41.180730632023796,41.21515627423686,26372100,INTC
2018-12-17,40.518043518066406,41.66266788955838,40.156580943957515,41.189326934685624,26598700,INTC
2018-12-18,41.086063385009766,41.69710373612689,40.759026363182514,40.85369523394907,29014300,INTC
2018-12-19,39.218505859375,41.07744742705736,39.05498902143862,40.87090018787552,39717600,INTC
2018-12-20,39.19268035888672,39.85535890984473,38.73654900539106,39.08079871183965,37750900,INTC
2018-12-21,38.59025955200195,40.14798530015294,38.55583391178641,39.373424810351956,52768300,INTC
2018-12-24,37.51447677612305,38.87425651192197,37.47144637440325,38.409523577135296,19241600,INTC
2018-12-26,39.752098083496094,39.76070613528868,37.4456326545592,37.8673385511302,28677600,INTC
2018-12-27,39.898399353027344,39.91561217098663,38.44394742405645,39.26153822057114,29970700,INTC
2018-12-28,40.234039306640625,41.08605570118765,39.84675912730107,40.02748878332313,24758700,INTC
2018-12-31,40.38896179199219,40.86230289633506,40.06192474700564,40.52666108203757,20490400,INTC
2019-01-02,40.518043518066406,40.853685226376015,39.390628679761946,39.55414550911537,18774600,INTC
2019-01-03,38.289039611816406,39.82954910412985,38.2029755198096,39.71767070903514,32267300,INTC
2019-01-04,40.63853454589844,40.93975065589179,39.19269065191157,39.450876358050074,35447300,INTC
2019-01-07,40.8278694152832,41.30981847942657,40.234041956524834,40.53525806973356,22736800,INTC
2019-01-08,41.086063385009766,41.33564107347365,40.25986442023513,41.13769856323894,22749200,INTC
2019-01-09,41.31842803955078,41.80037715959473,41.120485530338925,41.27539763024556,22554500,INTC
2019-01-10,41.79176330566406,41.86921933877891,40.8020476917531,41.09465900763041,27202600,INTC
2019-01-11,42.110191345214844,42.42001547134907,41.35284384610996,41.39587424518216,21751300,INTC
2019-01-14,41.61103439331055,42.02413546517426,41.56800398920248,41.705703252153924,19193900,INTC
2019-01-15,41.82618713378906,42.28231858180951,41.68848787927571,41.920855986831214,22480800,INTC
2019-01-16,41.42170333862305,42.07577407026188,41.37867293100372,41.82619310985628,19057700,INTC
2019-01-17,41.71430969238281,42.03273861010067,41.23236064915392,41.30981668676197,17448700,INTC
2019-01-18,42.33395767211914,42.4974778090708,41.903647051525496,42.265109679989095,29874600,INTC
2019-01-22,41.54218292236328,42.153223145320844,41.19793315232597,42.13601032851807,25940700,INTC
2019-01-23,41.258174896240234,41.998309577282754,40.89671560531752,41.66266786913766,18960700,INTC
2019-01-24,42.82451248168945,43.06548866709697,41.826191950742796,41.91225604660604,50578300,INTC
2019-01-25,40.48362350463867,40.81926525953401,39.3734213284391,40.3201033695803,86455700,INTC
2019-01-28,40.19961929321289,40.216832112813584,39.63160937842861,39.70046065683138,35928700,INTC
2019-01-29,40.053306579589844,40.42337391336113,39.87257693742496,40.259853804061436,20988300,INTC
2019-01-30,40.91393280029297,41.03441924349553,39.97585555720389,40.173798040038,26931700,INTC
2019-01-31,40.55247116088867,40.60410961621875,39.67463711833386,40.19101182260639,43051300,INTC
2019-02-01,41.938072204589844,42.213470735947375,40.45780263628605,40.50083632425585,37442900,INTC
2019-02-04,42.359779357910156,42.376992177026665,41.51637091925854,41.84340463344355,20905000,INTC
2019-02-05,43.039669036865234,43.650712644565786,42.32535507717257,42.32535507717257,31641600,INTC
2019-02-06,43.21721649169922,43.85811121923419,43.14792878936058,43.260519653751125,21647800,INTC
2019-02-07,42.636940002441406,43.173906435635644,42.16059865184236,42.87078102265968,27825900,INTC
2019-02-08,42.29916763305664,42.455061635080476,41.580322701077954,42.238542554916144,18851200,INTC
2019-02-11,42.23854446411133,42.71488580123984,42.07399114512341,42.45506355406239,18004100,INTC
2019-02-12,43.31248092651367,43.42507178778437,42.671586216737644,42.74953322779899,18050100,INTC
2019-02-13,43.710880279541016,44.00534641002128,43.30382328345429,43.41641414906074,17712800,INTC
2019-02-14,44.005340576171875,44.20453774040958,43.606942943877385,43.65890871430339,17545400,INTC
2019-02-15,44.74150848388672,44.75016779455307,44.24784518041948,44.38641727781696,22520400,INTC
2019-02-19,44.51633071899414,44.78481230325036,44.46436494277384,44.4730242535675,15611800,INTC
2019-02-20,44.507659912109375,44.802125982184776,44.2218564550526,44.71551967491154,21607700,INTC
2019-02-21,44.524993896484375,44.89740706552277,44.35177793119354,44.44704687729448,16162100,INTC
2019-02-22,45.460350036621094,45.884725607050875,45.087936933857485,45.642225281090994,31934100,INTC
2019-02-25,45.988651275634766,46.43035204902297,45.780794808950056,45.95401073373329,20711800,INTC
2019-02-26,46.10124588012695,46.22249604621288,45.82410169941075,45.91070801695235,16082200,INTC
2019-02-27,46.10989761352539,46.23114775099968,45.47765909014924,45.694178136730024,17590300,INTC
2019-02-28,45.86739730834961,46.05793514016145,45.737487853420475,45.8327534655077,18388800,INTC
2019-03-01,46.1618766784668,46.49098667274657,45.80678544647165,46.2831268595647,18359300,INTC
2019-03-04,46.71615982055664,46.85473191238587,46.08392444509708,46.55160649395295,21706100,INTC
2019-03-05,46.49097442626953,46.759459259277094,45.997311216798586,46.638205806299666,21057700,INTC
2019-03-06,45.858741760253906,46.464995844429275,45.85007914692369,46.447673921587814,14740500,INTC
2019-03-07,45.55561065673828,45.89338317855298,45.34775420127255,45.70284534119373,17803000,INTC
2019-03-08,45.451690673828125,45.52097837409785,44.77615211529531,45.00999314797653,16793900,INTC
2019-03-11,46.20517349243164,46.46499904915499,45.52963497411698,45.79811984094882,18963000,INTC
2019-03-12,46.39570617675781,46.73347539823108,46.057936955284546,46.19650902829458,20782100,INTC
2019-03-13,47.08857727050781,47.261793227190715,46.465004451796766,46.768129898127164,25522300,INTC
2019-03-14,46.28312301635742,47.1578620567618,46.1878573847051,47.02794927133323,26647100,INTC
2019-03-15,47.053932189941406,47.3657169173557,46.490981210900905,46.490981210900905,46512500,INTC
2019-03-18,46.854732513427734,47.20982370978387,46.65553533535667,47.131876700641335,16274000,INTC
2019-03-19,46.91535949707031,47.33107909853875,46.76812808707397,47.17518507394295,18274800,INTC
2019-03-20,46.61223602294922,47.11456196862298,46.43036075454442,46.82009583242585,24325300,INTC
2019-03-21,47.32241439819336,47.62554312324448,46.629553932649685,46.6988383272944,19127200,INTC
2019-03-22,46.12722396850586,47.305088308122784,46.08392081268856,47.11455376176288,21438400,INTC
2019-03-25,45.71150588989258,46.37838503491618,45.36507735344867,45.876062500735905,16971400,INTC
2019-03-26,46.28312301635742,46.56892982277253,45.93669442824686,46.17919477030619,17724300,INTC
2019-03-27,46.040626525878906,46.64688073556349,45.85008863899584,46.41303968452145,19656000,INTC
2019-03-28,45.997314453125,46.28311792427656,45.702848368527604,46.118564610814694,13607900,INTC
2019-03-29,46.508296966552734,46.80276303434735,46.317759127444795,46.59490327315516,18736100,INTC
2019-04-01,47.20982360839844,47.26178938232163,46.85473241280488,47.062592204678346,17830400,INTC
2019-04-02,47.079917907714844,47.460990368943285,46.9673270404216,47.22714932325098,13704500,INTC
2019-04-03,48.04991149902344,48.49161225086881,47.538926362935314,47.66017651322422,24552800,INTC
2019-04-04,48.430992126464844,48.6215299972905,47.86804443220078,47.86804443220078,16520500,INTC
2019-04-05,48.153839111328125,48.456967786991676,47.521603833038455,48.28375187287233,19268400,INTC
2019-04-08,48.22313690185547,48.275102678124384,47.80742060316251,47.87670500103494,11758800,INTC
2019-04-09,47.91135025024414,48.00661919094132,47.547599717203504,47.93733148722717,13339700,INTC
2019-04-10,48.283756256103516,48.37902518270867,47.911343163275575,47.911343163275575,13084000,INTC
2019-04-11,48.327064514160156,48.56090554856167,48.17983310573296,48.292420663770436,10845800,INTC
2019-04-12,48.86402130126953,48.9246496793524,48.36169878539284,48.68214607847722,12910200,INTC
2019-04-15,48.74277877807617,48.9852824168887,48.430990745188126,48.898672794520195,11676900,INTC
2019-04-16,49.11519241333008,49.773412335003854,48.56090403959594,49.07188925359822,30301900,INTC
2019-04-17,50.717430114746094,51.60948766054884,50.33635442231079,50.613498578362496,38788400,INTC
2019-04-18,50.65681076049805,50.994580032359835,50.33636010950463,50.847345324424076,20464200,INTC
2019-04-22,50.9426155090332,50.9512781234994,50.12850485163943,50.36234588493559,12327500,INTC
2019-04-23,50.90797424316406,51.08119019926784,50.66547388691051,51.00324318421212,17739900,INTC
2019-04-24,50.85600280761719,51.34966604804132,50.35367695381355,50.68278688203597,17723700,INTC
2019-04-25,49.8946533203125,50.56153242966104,49.56554342005065,50.492244743787516,27949900,INTC
2019-04-26,45.408382415771484,45.979992663553254,44.620253084681174,45.676867268448916,72364500,INTC
2019-04-29,44.26516342163086,45.40838395597111,44.169894493132645,45.18320225155368,42142300,INTC
2019-04-30,44.20453643798828,44.54230567625769,44.05730174469554,44.169892592058346,27130900,INTC
2019-05-01,43.962039947509766,44.689544310887925,43.94472132555606,44.256506078015676,20467600,INTC
2019-05-02,43.7801628112793,44.45570467228189,43.40774968262204,43.99668191846052,22655400,INTC
2019-05-03,44.81945037841797,44.88007545761948,43.93605211942855,44.23918081925516,25656600,INTC
2019-05-06,44.632102966308594,44.684383660355145,43.73457893789975,43.786862955998565,26245200,INTC
2019-05-07,43.98728561401367,44.33583913074172,43.50802702155212,44.09185033941101,29713400,INTC
2019-05-08,42.90677261352539,44.25741157674009,42.75863621613793,43.743297004723246,36812400,INTC
2019-05-09,40.6237678527832,42.07897536997567,40.127081112988805,41.73913742422725,59642200,INTC
2019-05-10,40.25777816772461,40.780605117362164,39.299257661318855,40.466907617958555,42522800,INTC
2019-05-13,39.00299072265625,39.769806513154485,38.9507100187026,39.49968067858622,39091900,INTC
2019-05-14,39.36024475097656,39.63908949232075,39.09883133777152,39.36896041504614,24706500,INTC
2019-05-15,39.75237274169922,39.8656531239336,39.002985069160495,39.14240579958265,23407900,INTC
2019-05-16,39.673954010009766,40.0399355568998,39.578101620965874,39.621673306206105,19954700,INTC
2019-05-17,39.11626434326172,39.84822398825528,39.002983964236485,39.368965448759425,22500400,INTC
2019-05-20,37.95732879638672,38.793853124779,37.86147642716532,38.34073494922013,28675000,INTC
2019-05-21,38.741573333740234,39.02041480695422,38.49758787569113,38.637008612298125,25543400,INTC
2019-05-22,38.340736389160156,38.74157056272882,38.21002800366709,38.47144477465322,16932500,INTC
2019-05-23,38.80256652832031,38.985558930960345,37.347362916619325,37.791765439482724,35783900,INTC
2019-05-24,38.83742141723633,39.2556835807893,38.76771271867026,38.854849422890894,27168100,INTC
2019-05-28,37.96603775024414,38.9419827129709,37.73076468061278,38.91584236880694,34779900,INTC
2019-05-29,38.54115676879883,38.80257023806711,37.756916360993976,37.77434104476627,28450300,INTC
2019-05-30,38.976844787597656,39.23825824207949,38.54115458877713,38.602150950687815,21618900,INTC
2019-05-31,38.3755989074707,39.18598305718283,38.27974651840002,38.49759164845052,25532500,INTC
2019-06-03,37.87018966674805,38.85485040477464,37.64363223561786,38.558580949264524,31155700,INTC
2019-06-04,39.02913284301758,39.09012921123417,38.140324346650786,38.48016220501546,28094900,INTC
2019-06-05,38.81999206542969,39.36896259032928,38.506294622629916,39.307966234679554,20802000,INTC
2019-06-06,39.29924774169922,39.360244092958936,38.7851332639017,38.994265985400624,19076200,INTC
2019-06-07,40.10964584350586,40.188070226340855,39.299261662228616,39.42997007497128,24370300,INTC
2019-06-10,40.780609130859375,41.12044701397481,40.25778212976686,40.28392248260558,20806100,INTC
2019-06-11,40.82416915893555,41.23371899807779,40.53661536425762,41.18143497902165,18415500,INTC
2019-06-12,40.36233901977539,40.667320823789915,40.30134265897249,40.667320823789915,15900600,INTC
2019-06-13,40.69346618652344,40.92002363262653,40.54532978695209,40.606326150289554,12267600,INTC
2019-06-14,40.249053955078125,40.44947102068419,39.6913711074696,39.935359846337306,15381100,INTC
2019-06-17,40.196773529052734,40.54532364906609,39.909216439091026,40.20548586933097,12643300,INTC
2019-06-18,41.27729034423828,41.82626094994097,40.60632700928,40.73703540436959,25732300,INTC
2019-06-19,41.015865325927734,41.4602710848227,40.95486897847966,41.373131071288576,17436400,INTC
2019-06-20,41.12043380737305,41.869821372564594,40.84159238647181,41.71297265780115,20126800,INTC
2019-06-21,41.355709075927734,41.59098216056829,40.7805981992682,40.91130657653032,31096300,INTC
2019-06-24,41.503849029541016,41.695550455554006,41.103011522672254,41.30343193813284,14479900,INTC
2019-06-25,40.82416915893555,41.54741646430995,40.7806008050816,41.44285175025001,16665600,INTC
2019-06-26,41.991817474365234,42.24451857125785,41.44285025235298,41.521274616076475,21886300,INTC
2019-06-27,41.355709075927734,42.1922333830594,41.1640076664093,41.956963622470965,23062900,INTC
2019-06-28,41.712989807128906,42.00054701043499,41.547428684168416,41.6258530737925,26646200,INTC
2019-07-01,41.86981964111328,43.08975330014697,41.608406235335146,42.950332595461845,27423300,INTC
2019-07-02,41.930824279785156,42.01796431497,41.55613043862149,41.74783519197568,15381600,INTC
2019-07-03,42.27937698364258,42.31423299706623,41.82625878129229,41.983107517646324,10739100,INTC
2019-07-05,41.89597702026367,41.9831137426906,41.33829069495152,41.85240533499732,14339200,INTC
2019-07-08,41.669410705566406,41.78269108896303,41.01587540174754,41.49513395973755,16564300,INTC
2019-07-09,41.60841751098633,41.6519858697475,41.06816254943184,41.2685796589754,17853200,INTC
2019-07-10,42.00925064086914,42.35780415002673,41.73912482912199,41.75654951293252,16032300,INTC
2019-07-11,42.349090576171875,42.50593933063607,42.09639275980425,42.31423788277644,16615100,INTC
2019-07-12,43.49930953979492,43.50802520557832,42.53208005314835,42.69764113845487,20148700,INTC
2019-07-15,43.673587799072266,43.78686818980052,43.36860596717233,43.56902307442838,14345100,INTC
2019-07-16,42.84577560424805,43.569022981282615,42.6627865054993,43.4905986069542,17131400,INTC
2019-07-17,43.037479400634766,43.30760853369924,42.90677432906363,43.13333178088514,11928600,INTC
2019-07-18,43.516727447509766,43.5602991182091,42.60177887170384,42.94161662922732,15671600,INTC
2019-07-19,43.80429458618164,44.144132421809765,43.49059709973951,43.53416545640035,29141100,INTC
2019-07-22,44.745391845703125,44.89352827410959,43.473176985521185,43.57774172530313,21688000,INTC
2019-07-23,45.09393310546875,45.31177819293479,44.70181128321945,45.31177819293479,18413500,INTC
2019-07-24,46.11344528198242,46.157016957548336,45.137500247055065,45.29434897174634,20896400,INTC
2019-07-25,45.45120620727539,45.83461242606318,45.207220733869775,45.75618804903241,27765400,INTC
2019-07-26,44.95451736450195,46.61885388422915,44.90223334105696,45.91303452595852,36401500,INTC
2019-07-29,45.756187438964844,45.79975912210871,44.24869961085292,44.90223496937817,21897500,INTC
2019-07-30,45.05036544799805,45.58190800146623,44.92837272898285,45.05907778904815,16487700,INTC
2019-07-31,44.048282623291016,45.06779951395628,43.61259238305262,44.88480708677608,24169800,INTC
2019-08-01,43.13332748413086,45.215925996465785,43.107187137231136,44.02213584329619,34020800,INTC
2019-08-02,42.41880416870117,43.011343190867976,42.26195540847744,42.776070050532375,27881600,INTC
2019-08-05,40.928733825683594,41.79139846271066,40.58018037545824,41.617121737597984,38936600,INTC
2019-08-06,41.19629669189453,41.72265684495829,41.02961781732991,41.36297891295412,26119600,INTC
2019-08-07,40.99453353881836,41.12612443639495,40.32781457911927,40.61730986869403,29440400,INTC
2019-08-08,41.38052749633789,41.555980907221276,40.275176696814846,40.49449262379521,30643700,INTC
2019-08-09,40.336585998535156,41.23139540681573,40.16113258282406,41.17875837815373,24975500,INTC
2019-08-12,40.00321960449219,40.41553457544195,39.86285755960431,40.14358164938007,18494300,INTC
2019-08-13,41.091033935546875,41.275258518774656,39.79268399497227,39.90672921880187,28959500,INTC
2019-08-14,40.24008560180664,40.906807898113726,40.04708986045079,40.40676784913116,25650200,INTC
2019-08-15,40.09095001220703,40.5120361682774,39.86285958610936,40.44185346901802,21896000,INTC
2019-08-16,40.792762756347656,40.95067049280154,40.40676792640231,40.65240069577703,22701800,INTC
2019-08-19,41.433162689208984,41.75774930975099,41.26648379682154,41.63493293151863,21403600,INTC
2019-08-20,40.880496978759766,41.336674614781934,40.75768056646461,41.257720728807016,23113300,INTC
2019-08-21,41.36299514770508,41.48581156100958,41.13490465457135,41.327903787762004,15915000,INTC
2019-08-22,41.03840255737305,41.60862540854872,40.95944867561789,41.47703449012477,19783000,INTC
2019-08-23,39.44178009033203,40.90681239305726,39.30141801460649,40.66117625066566,32814000,INTC
2019-08-26,39.968135833740234,40.196222925890225,39.69618287889232,40.196222925890225,22080500,INTC
2019-08-27,40.1699104309082,40.459405746357305,39.91550312431948,40.240089795124774,16925500,INTC
2019-08-28,40.1699104309082,40.27518115048098,39.80145789265973,40.09095655460467,14888800,INTC
2019-08-29,41.11735153198242,41.4243958561621,40.70503984002042,40.75767352391158,17803800,INTC
2019-08-30,41.591068267822266,41.924429381863455,41.37175236188637,41.44193505810353,16922600,INTC
2019-09-03,41.21384811401367,41.42439287390764,40.792761940721164,41.33666449624539,15003800,INTC
2019-09-04,42.91573715209961,42.94205733782994,41.70511569635515,41.72266137134359,23450700,INTC
2019-09-05,43.9509162902832,44.889588315236246,43.74914601212932,43.80178304636352,30014200,INTC
2019-09-06,44.670265197753906,44.73167673442999,43.92459240470514,44.08250013559706,17067900,INTC
2019-09-09,45.2580451965332,45.64404011173207,44.758005036152035,44.79309639566908,20749700,INTC
2019-09-10,45.45980453491211,45.47735021044086,44.59131534845928,45.02994719719174,18532000,INTC
2019-09-11,46.31075668334961,46.31075668334961,45.07381486246292,45.266810622338134,18968900,INTC
2019-09-12,46.503746032714844,46.784473488054516,45.679119381296545,46.49497486840517,23308700,INTC
2019-09-13,46.091434478759766,46.49497496777401,45.81948153364389,46.28443021244312,18010800,INTC
2019-09-16,45.793155670166016,45.872109519544544,45.35452391728415,45.52997728773583,13354600,INTC
2019-09-17,45.573848724365234,45.74052761838461,45.047488509864756,45.661573753534306,19641100,INTC
2019-09-18,45.389625549316406,45.731757858677575,44.88081099432101,45.731757858677575,14906800,INTC
2019-09-19,45.2404899597168,45.60894246381775,45.17908176678256,45.354535180807034,11428400,INTC
2019-09-20,44.49481201171875,45.51243768013369,44.35444996595446,45.26680159017481,37067900,INTC
2019-09-23,44.65271759033203,44.94221283174741,44.20531129019692,44.59130940741073,18916600,INTC
2019-09-24,43.70528030395508,44.89835955431766,43.54737255926028,44.8281768471219,28197400,INTC
2019-09-25,44.757991790771484,44.9246706794073,43.35436794393456,43.64386655453361,19486700,INTC
2019-09-26,44.670265197753906,44.87203879005665,44.16145400104302,44.72290222354967,11351800,INTC
2019-09-27,44.547454833984375,44.933453048962264,44.16145996550232,44.41586727146578,14845700,INTC
2019-09-30,45.20539855957031,45.26680675243929,44.68781282932072,44.90712875999435,13652100,INTC
2019-10-01,44.52989959716797,45.82825269147386,44.24040434457599,45.59139111399218,18413100,INTC
2019-10-02,43.32805633544922,44.187774413996706,42.96837832966409,44.13514073044003,20078700,INTC
2019-10-03,43.88950729370117,43.92459864922042,42.57361158019188,43.42455854580656,16320100,INTC
2019-10-04,44.670265197753906,44.71413105916473,43.88950105417463,44.17022516542796,12644900,INTC
2019-10-07,44.40708923339844,44.942220646039516,44.354455551168535,44.47727193836572,12081400,INTC
2019-10-08,43.62632369995117,44.28427147948361,43.52105299224471,44.003547361269405,17409100,INTC
2019-10-09,44.28427505493164,44.5562280305005,43.99477974874158,44.27550388962104,11834900,INTC
2019-10-10,44.836944580078125,45.424709604750625,44.21408820711304,44.22285937093861,13907900,INTC
2019-10-11,45.69667053222656,46.310755848844906,45.45980890953824,45.61771665799712,24072500,INTC
2019-10-14,45.30189514160156,45.57384808258857,45.12644173923882,45.529985568621704,15016800,INTC
2019-10-15,46.18793487548828,46.55638402103171,45.46857891338361,45.55630394427621,18878100,INTC
2019-10-16,46.01248550415039,46.10898505449597,45.72298685311365,45.92475711906545,14769300,INTC
2019-10-17,45.49489212036133,46.354610071138715,45.07380598201089,46.17915667686891,16533900,INTC
2019-10-18,45.05626678466797,45.459807306949926,44.766768140533756,45.39839911210248,16974100,INTC
2019-10-21,45.73176193237305,45.76684994034674,45.038722740832526,45.19663048944925,12189000,INTC
2019-10-22,45.62648010253906,45.89843303364243,45.52120940354541,45.52998391391708,13114300,INTC
2019-10-23,45.37208557128906,45.58262701279852,44.91590798602407,45.06504122821861,15887500,INTC
2019-10-24,45.81948471069336,45.99493812788553,45.117674388420234,45.69666832260751,23413000,INTC
2019-10-25,49.530311584472656,49.66190248839408,47.302060808508436,47.53892242766958,59767700,INTC
2019-10-28,49.79349136352539,49.83735723032384,49.17940938629658,49.46013353202854,32307500,INTC
2019-10-29,49.4250373840332,50.21457605889614,49.33731235193531,49.451354224363484,18155800,INTC
2019-10-30,49.65312194824219,49.67944213372834,48.793403960756194,49.40748919367341,15248000,INTC
2019-10-31,49.59172058105469,49.65312877814372,48.79341067240153,49.41627050165503,19249700,INTC
2019-11-01,49.57417678833008,49.69699653367277,48.793412527236036,49.07413668074185,17953500,INTC
2019-11-04,50.539161682128906,50.70584057837774,49.87243940414279,49.942622105613076,19068000,INTC
2019-11-05,50.48653030395508,51.18834066469247,50.18826048232971,50.416350941129224,20865400,INTC
2019-11-06,50.80848693847656,50.905517576017,50.26159095814612,50.711459665849354,17721000,INTC
2019-11-07,51.2054328918457,51.64647883124991,51.03783664624096,51.16132897088798,16962800,INTC
2019-11-08,51.39948272705078,51.425944400745465,50.552675519693665,51.02900247076159,11888900,INTC
2019-11-11,51.47005844116211,51.60237356550054,51.07311979797358,51.134865958687946,11228900,INTC
2019-11-12,51.33775329589844,51.86700713161245,51.18779591133405,51.51417236277439,11952500,INTC
2019-11-13,51.06428527832031,51.13485422575227,50.58795497789241,51.04664304146232,15332700,INTC
2019-11-14,50.993736267089844,51.19661700951739,50.78203272090987,50.81731720609215,12119000,INTC
2019-11-15,51.126041412353516,51.7787908439635,50.82613005700514,51.31127988817988,16112100,INTC
2019-11-18,51.38185119628906,51.58473192168652,50.78202845819511,50.896701342954856,16097500,INTC
2019-11-19,51.47005844116211,51.734688689838976,50.94080467363515,51.58473132459452,17061900,INTC
2019-11-20,51.073123931884766,51.47888541082575,50.60561292231796,51.390674199155754,18542300,INTC
2019-11-21,51.35539627075195,51.4259618795594,50.64090055393597,50.7114695276573,16139000,INTC
2019-11-22,50.81730651855469,51.73468275087561,50.7114564501832,51.461233095593514,15690200,INTC
2019-11-25,51.875823974609375,51.90228565388022,51.16132835007569,51.16132835007569,15011700,INTC
2019-11-26,51.95520782470703,52.15808853280388,51.55826584585965,51.99931174126493,22338700,INTC
2019-11-27,51.61119842529297,51.681767396330365,51.08194460216749,51.62884066805231,18184200,INTC
2019-11-29,51.2054328918457,51.425955861547806,50.976090483917446,51.29364409867463,9481100,INTC
2019-12-02,50.86141586303711,51.769969390454264,50.693819623147675,51.64647707001854,19154500,INTC
2019-12-03,49.458885192871094,50.1557384975972,49.17661609613119,50.1557384975972,25737400,INTC
2019-12-04,49.41478729248047,49.97932555467914,49.2736527269308,49.97932555467914,18881400,INTC
2019-12-05,49.46771240234375,49.7588009621425,49.18543991554109,49.7588009621425,17673700,INTC
2019-12-06,50.11164093017578,50.27041773781957,49.76762227033856,49.97932580216812,16476800,INTC
2019-12-09,49.86465835571289,50.24395817480815,49.83819667318983,49.873481159829815,14298600,INTC
2019-12-10,49.917579650878906,50.12928318275569,49.78526452284172,50.023429734360555,16157900,INTC
2019-12-11,50.340980529785156,50.42918836692651,49.90875741691391,50.199845971411015,20051100,INTC
2019-12-12,50.76438522338867,51.2054311477707,49.935220096919274,50.058712417360105,27883300,INTC
2019-12-13,50.976078033447266,51.46122777531553,50.614420586064085,50.764374553678074,22795200,INTC
2019-12-16,50.896697998046875,51.66411692888341,50.85259408062652,51.34656333959568,19131200,INTC
2019-12-17,50.543861389160156,51.249534183013694,50.39390739261585,51.161326345624495,21653100,INTC
2019-12-18,50.4291877746582,50.684995210242406,50.2263070596852,50.62324905198598,28261000,INTC
2019-12-19,51.126041412353516,51.15250645526677,50.252772389221626,50.42918806243915,18865100,INTC
2019-12-20,51.99931335449219,52.087521190344546,51.064294815856236,51.44359456686523,49953000,INTC
2019-12-23,52.246299743652344,52.731449586980546,52.07870350393194,52.0963457446783,23593000,INTC
2019-12-24,52.40507125854492,52.466817412471215,52.184548318832995,52.26393671172581,6313200,INTC
2019-12-26,52.7667350769043,52.793196756072874,52.35215082372502,52.40507754697559,11480300,INTC
2019-12-27,52.99607467651367,53.34890936236848,52.83729789015944,52.846117327217776,14085800,INTC
2019-12-30,52.59030532836914,52.96960502219038,52.378605208276625,52.91668167462362,12750500,INTC
2019-12-31,52.7932014465332,52.86377041713707,52.36097827878256,52.590320703417675,14432900,INTC
2020-01-02,53.666465759277344,53.78113863654851,53.11956978022848,53.1372120201866,18056000,INTC
2020-01-03,53.01372146606445,53.542978621239165,52.75791737422256,52.75791737422256,15293900,INTC
2020-01-06,52.863765716552734,53.10193092379282,52.334511943739265,52.563854347981525,17755200,INTC
2020-01-07,51.98167037963867,52.749089308430015,51.946385899831135,52.73144706852624,21876100,INTC
2020-01-08,52.01696014404297,52.32569096144104,51.62001811816435,51.94639117725853,23133500,INTC
2020-01-09,52.30804443359375,52.49328290885404,51.893463564903556,52.08752147783247,18813300,INTC
2020-01-10,51.99049758911133,52.996085224470654,51.928751422674395,52.54621645195738,15200600,INTC
2020-01-13,52.56386184692383,52.73145811374483,52.11399641234436,52.19338146116965,16453300,INTC
2020-01-14,52.4227180480957,52.69616772844413,52.211014527033484,52.475644769589586,17051200,INTC
2020-01-15,51.99049758911133,52.6167854221217,51.82290133234162,52.308051225023355,18498800,INTC
2020-01-16,52.62560272216797,52.78437953367111,52.10516836555515,52.272764615513545,21365500,INTC
2020-01-17,52.57267761230469,52.92551572980217,52.255127344453356,52.90787348743593,21803400,INTC
2020-01-21,53.41065979003906,54.02812474583122,52.740271477836316,52.757913718277614,28358500,INTC
2020-01-22,55.33362579345703,55.439475881787665,53.78114549325777,53.842891658526774,29475100,INTC
2020-01-23,55.85405731201172,56.19807260522174,55.404191935870955,55.44829585668264,42778700,INTC
2020-01-24,60.396827697753906,61.12014271743488,58.623821263845414,58.72085190195854,84711000,INTC
2020-01-27,57.944602966308594,59.47061776064623,57.8652112178552,58.85315629412093,30764000,INTC
2020-01-28,59.37359619140625,59.61176474324871,58.165134747008175,58.6591039955314,30915400,INTC
2020-01-29,58.5091552734375,60.03517043777867,58.36801734411073,59.65587066499656,18055800,INTC
2020-01-30,58.632659912109375,58.65912159695954,57.274237341231974,57.900521892056204,18522400,INTC
2020-01-31,56.392127990722656,58.2004188389043,56.16278224265166,58.04164204867456,25268400,INTC
2020-02-03,56.82435989379883,57.37125930715375,56.718513170446265,56.85964437819211,16646600,INTC
2020-02-04,57.74173355102539,58.27098733208663,57.2654031291222,58.015179879777854,20970800,INTC
2020-02-05,59.400062561035156,59.629408328750955,58.33273221911132,58.82670823648587,23401400,INTC
2020-02-06,59.47098159790039,59.74578132716633,59.18732237892564,59.65713908929345,17408000,INTC
2020-02-07,58.52248764038086,59.657131127826695,58.51362815185437,59.267097217674426,18134600,INTC
2020-02-10,58.8504753112793,58.85934156337604,58.00836396224629,58.114731935532006,22299300,INTC
2020-02-11,59.754634857177734,60.02056151417655,59.01002533905188,59.2405005188251,17975600,INTC
2020-02-12,59.79896545410156,60.357417640650596,59.66599871550343,59.923065940001344,15586600,INTC
2020-02-13,59.7812385559082,59.96738928115899,59.160729375436475,59.38233834782585,11602700,INTC
2020-02-14,59.63053512573242,60.15353578057407,59.23164170864179,59.852144082553586,13405500,INTC
2020-02-18,58.62886428833008,59.11640669197762,58.39838908269955,59.08981469959113,12758400,INTC
2020-02-19,59.488704681396484,59.56848065395633,58.66431915010389,58.85046984904504,13551200,INTC
2020-02-20,58.017215728759766,59.648260986044896,57.228288471382946,59.42665205390606,26452600,INTC
2020-02-21,57.03328323364258,57.83994315839876,56.767356518282085,57.77789291518438,20775900,INTC
2020-02-24,54.74627685546875,55.64157896164464,54.35624629704113,54.61331350625872,26903100,INTC
2020-02-25,52.94681167602539,55.20722236434595,52.7074735963466,54.95015854378814,34495700,INTC
2020-02-26,52.87590026855469,53.91302859903267,52.53905369578657,53.28365995157247,26190100,INTC
2020-02-27,49.48971939086914,51.865364562503736,49.46312401366924,51.351233483596566,42226900,INTC
2020-02-28,49.21492385864258,49.97725930907249,47.51296509325502,48.1334709283597,60721700,INTC
2020-03-02,51.57284164428711,51.60829989233278,48.32848634077042,49.45426035508563,43140300,INTC
2020-03-03,49.61381149291992,52.31743993495573,49.10854337083223,51.439867028365235,49740300,INTC
2020-03-04,52.01605987548828,52.042651870920835,49.78224095906726,50.535710135856895,29223100,INTC
2020-03-05,50.49138641357422,51.99832807095823,50.18113521123832,50.580032029587684,29099200,INTC
2020-03-06,49.4365234375,49.6492661292663,48.346207843116396,48.91352619647201,36259200,INTC
2020-03-09,45.07525634765625,46.724027376844425,44.3217873158799,46.02374232569736,56197000,INTC
2020-03-10,47.849815368652344,47.86754449461373,44.70296821243307,46.76836235540253,36569000,INTC
2020-03-11,45.793270111083984,47.459770246113315,45.21708552852285,46.44036779434638,38563500,INTC
2020-03-12,40.368289947509766,44.401572441361935,40.21759409267074,42.54005848465615,50661700,INTC
2020-03-13,48.24871063232422,48.75397887009551,42.31845514709626,42.77939888070681,48805100,INTC
2020-03-16,39.543907165527344,46.31627709324348,38.67520036458056,42.11456931980219,53878900,INTC
2020-03-17,44.39270782470703,45.76668267980936,40.06690004355074,40.563301942357896,52085200,INTC
2020-03-18,42.20321273803711,44.36611506535042,40.066902405017366,41.405419094384705,49309900,INTC
2020-03-19,40.72286605834961,43.639241126262085,40.0314471039634,42.40709570488779,44538000,INTC
2020-03-20,40.62535095214844,43.80765196276958,40.306233549700295,41.228124134959,52344000,INTC
2020-03-23,43.949485778808594,44.756142170005134,40.69626484231256,40.793773315119395,46698500,INTC
2020-03-24,46.44923782348633,48.43485214540475,45.51847751726004,47.10519842963492,50019800,INTC
2020-03-25,45.438697814941406,47.681382697965006,44.24201083240493,46.520150577652515,41106100,INTC
2020-03-26,49.23265075683594,49.596089341014164,45.793278513879,45.864195009077,41459800,INTC
2020-03-27,46.42264175415039,48.43485141964193,46.156711691278055,47.353398664945665,31633500,INTC
2020-03-30,49.18832778930664,49.72905082818724,46.83040851635073,46.97223811993137,31628600,INTC
2020-03-31,47.973907470703125,49.463119975912036,47.17611723100976,48.80715933759646,48074700,INTC
2020-04-01,45.9882926940918,48.479175260278055,45.589395886602276,46.53788197247491,29586600,INTC
2020-04-02,48.17778778076172,48.36394188183995,45.40324596543232,45.46529620529691,27810000,INTC
2020-04-03,47.982765197753906,48.8692008942427,46.74175387007606,47.73456090332804,23906100,INTC
2020-04-06,51.7944450378418,52.09583335076486,49.74677708402763,50.19886124415437,32323400,INTC
2020-04-07,51.76786422729492,54.50695162767121,51.59943922160011,53.13297310988411,41410000,INTC
2020-04-08,52.281982421875,52.75179230790207,51.333496398301016,52.29084867339486,26719500,INTC
2020-04-09,50.65094757080078,52.93795385139579,49.69359854231971,52.61883638140721,40499700,INTC
2020-04-13,52.033782958984375,52.095833195446694,50.145673728316574,50.145673728316574,23251900,INTC
2020-04-14,53.77119445800781,53.98394053376695,52.75179195503075,53.22160521939928,25674000,INTC
2020-04-15,52.18447494506836,53.035455888636754,51.75898616402628,52.9556765308486,22841600,INTC
2020-04-16,53.886436462402344,54.037128934710836,52.1312938744533,52.84044188249062,24433500,INTC
2020-04-17,53.50527572631836,55.07426780005458,53.03546574397671,54.976759302251246,27385600,INTC
2020-04-20,52.45927429199219,53.22160967011093,52.20220708188528,52.54791652510553,26420300,INTC
2020-04-21,49.959529876708984,51.945144479030404,49.57836215384211,51.510792764172166,25248000,INTC
2020-04-22,53.27479934692383,53.62937508021338,51.24486358736982,51.65262331361344,23350400,INTC
2020-04-23,52.33517074584961,53.274790535127046,52.131290916450084,52.893622868406645,35092000,INTC
2020-04-24,52.530189514160156,52.65429337958665,49.72905222845494,49.81769784661672,50187000,INTC
2020-04-27,52.716339111328125,53.03545654643877,51.75898680599617,52.9379480655456,25902200,INTC
2020-04-28,52.07810974121094,53.38117161170441,51.64375465721824,53.17729175807017,28784700,INTC
2020-04-29,54.78173065185547,54.985610475939424,52.583370318251404,52.68974166527691,30451500,INTC
2020-04-30,53.16842269897461,54.55126386368171,52.964542856101644,54.40056800848072,26279900,INTC
2020-05-01,50.94347381591797,52.58337892856873,50.80164420283187,52.14902721789212,21194800,INTC
2020-05-04,51.4044189453125,51.47533205841141,49.91520637390511,50.633217283397705,18957200,INTC
2020-05-05,52.07810974121094,52.56564881568279,51.7235340244216,52.113567989186805,17252100,INTC
2020-05-06,52.75560760498047,53.442019260877046,52.54165974576385,52.63080610401489,17848700,INTC
2020-05-07,52.74668884277344,53.575731233153924,52.52382805827515,53.42418753197622,14733500,INTC
2020-05-08,53.19240951538086,53.29046880300134,52.639715731303006,53.19240951538086,20384500,INTC
2020-05-11,53.602474212646484,54.235397993461596,53.228066344734444,53.25481194996172,18684400,INTC
2020-05-12,52.051353454589844,54.05710009779994,51.935464918596125,53.68269569001485,16754900,INTC
2020-05-13,51.471927642822266,52.800175997558746,50.72311528021217,52.10485144677282,21065000,INTC
2020-05-14,52.66645431518555,52.72885505342653,50.00995117041845,51.09751272362168,21569400,INTC
2020-05-15,51.953304290771484,52.03353430812823,50.7765996365962,51.1688367883784,21373300,INTC
2020-05-18,53.4152717590332,53.73619183618555,52.91606577287242,53.25481512104276,20428700,INTC
2020-05-19,53.74510192871094,55.06443722551057,53.35286481305069,53.60247117772139,21865000,INTC
2020-05-20,56.250057220458984,56.597722879589,54.39585737469305,54.52065886231564,30584000,INTC
2020-05-21,55.25163650512695,56.87406248642023,55.109005761735844,56.2500517088647,20987700,INTC
2020-05-22,55.50124740600586,55.55473521765864,54.75243504579513,55.251644419464164,14103000,INTC
2020-05-26,55.57255935668945,57.17715615166381,55.37644079932431,56.76709316861426,20933600,INTC
2020-05-27,56.660125732421875,56.68686793774055,54.440430875159706,55.5547347712463,19886300,INTC
2020-05-28,55.002037048339844,56.5620623910366,54.81483482335672,56.16091233708321,17253500,INTC
2020-05-29,56.09851837158203,56.74927147078427,54.93072660692317,55.18033300430275,33393900,INTC
2020-06-01,55.14466857910156,55.857822351425575,54.9663792858742,55.706278662562845,14317700,INTC
2020-06-02,55.37644577026367,55.4210172462335,54.226486727665424,55.00204129141439,20702400,INTC
2020-06-03,55.20707321166992,55.75085406406607,54.850494600089796,55.67062404648983,16737300,INTC
2020-06-04,56.13417053222656,56.57989206187591,54.68111739340576,55.037695977359405,22010100,INTC
2020-06-05,57.355438232421875,58.041853137637304,56.30353864155637,56.48182791818251,26813100,INTC
2020-06-08,56.7581787109375,57.18607437762805,56.10742567703274,57.02561435276546,21546200,INTC
2020-06-09,56.196571350097656,56.793836568352056,56.07176986572124,56.1519998771897,23594100,INTC
2020-06-10,56.93647384643555,57.310881743054104,55.93805845642904,55.97371699907572,21367800,INTC
2020-06-11,53.21915054321289,56.42834414959759,53.05869052283512,56.223312657022745,26998200,INTC
2020-06-12,52.88931655883789,54.3423662481257,51.81066790897703,53.58464103348078,30419800,INTC
2020-06-15,53.57573699951172,53.80751414466411,52.22074627643987,52.88932870189427,29651700,INTC
2020-06-16,53.84316635131836,54.957470262557685,53.03195323995956,54.81483949794248,23226600,INTC
2020-06-17,53.92338943481445,54.62762683171304,53.5400686665934,54.146250188404125,20454800,INTC
2020-06-18,53.55790328979492,53.94122069575572,52.8804046268167,53.79858993522118,24899700,INTC
2020-06-19,53.1478385925293,54.279971778555975,52.68428775568947,54.06602733114416,60336100,INTC
2020-06-22,53.56681823730469,53.97688126417609,52.44360138096439,53.24589816389726,22846000,INTC
2020-06-23,53.4152717590332,53.90556821056359,53.36178734656497,53.65596181689746,22809600,INTC
2020-06-24,52.67537307739258,53.317213199558395,52.300965205934,53.16566610378677,27764500,INTC
2020-06-25,52.15833282470703,52.675371440514965,51.24014754559659,52.57731215816619,21906900,INTC
2020-06-26,51.25798034667969,52.35445499646011,50.87465952595331,52.140510548036744,38477500,INTC
2020-06-29,51.944393157958984,52.01570684220271,50.598312086781256,51.231239312592855,22150300,INTC
2020-06-30,53.33504104614258,53.4687554676345,52.18507865815046,52.33662234929174,31542100,INTC
2020-07-01,52.42576599121094,53.51332417899556,52.38119111909587,53.40635196720706,14748100,INTC
2020-07-02,52.71103286743164,53.31721446371969,52.56840210363361,52.76451727848987,15578600,INTC
2020-07-06,53.07653045654297,53.14784414627035,52.238571648290545,52.345547283760666,20536700,INTC
2020-07-07,51.980045318603516,53.10326206208074,51.828498232239674,52.65754053837646,15996500,INTC
2020-07-08,52.24748229980469,52.3277123173844,51.641300700443665,52.10485153528361,13277900,INTC
2020-07-09,52.07810592651367,52.37228379115361,51.43626918649268,51.881990750672706,20683700,INTC
2020-07-10,53.06760025024414,53.210230993007045,51.55214988360772,51.65912209053361,17742300,INTC
2020-07-13,52.220741271972656,54.03928271048704,52.05136489738096,53.343958142837,19082900,INTC
2020-07-14,52.577308654785156,52.817998677080055,51.124255587116814,51.58780636332344,24190900,INTC
2020-07-15,52.62187957763672,52.89822813382106,52.07809879965942,52.62187957763672,19986300,INTC
2020-07-16,52.719947814941406,52.91606639786994,52.06028178241307,52.18508328042731,12425900,INTC
2020-07-17,53.4865837097168,53.89664670201746,52.84474361701287,52.96954510157521,16322800,INTC
2020-07-20,54.511749267578125,54.716780781317965,52.898235963035425,53.557905381638754,16868700,INTC
2020-07-21,54.110591888427734,55.20706639281586,53.8788147993527,54.84157489135315,19803700,INTC
2020-07-22,54.422603607177734,55.06444376312688,54.039282780773185,54.654380730419696,18959900,INTC
2020-07-23,53.84316635131836,55.03770028019034,53.4687584688374,54.60980458575906,43518600,INTC
2020-07-24,45.098114013671875,46.5155089127999,44.12644073816164,46.4887667035704,182269900,INTC
2020-07-27,44.1888427734375,45.58840844009164,44.09969980636619,45.490349135961466,107526500,INTC
2020-07-28,43.8946533203125,44.77717995590799,43.80550698299953,44.1085977286935,62362600,INTC
2020-07-29,42.85167694091797,44.12644106598212,42.70013322004342,44.11752812970144,60500800,INTC
2020-07-30,42.780357360839844,43.23499186147602,42.42377874813979,42.637726595876956,39735200,INTC
2020-07-31,42.548583984375,43.07453561404065,41.87108864136489,42.90516262843462,46536000,INTC
2020-08-03,43.05670166015625,43.35087951960691,42.55749569345541,43.0299594549646,31767100,INTC
2020-08-04,43.796600341796875,43.80551327651616,43.23499023808664,43.324133187621676,29045800,INTC
2020-08-05,43.60939407348633,44.322551261751414,43.37762036771002,44.322551261751414,29438600,INTC
2020-08-06,43.59144592285156,43.81582025987414,43.1696210736713,43.78889643500925,23795500,INTC
2020-08-07,43.10679626464844,43.66324708204788,42.81062392193771,43.55554493589793,36765200,INTC
2020-08-10,44.17481994628906,44.32739284994838,43.133723174117534,43.25937225329124,37442600,INTC
2020-08-11,43.250404357910156,44.632551363641625,43.13373214508655,44.54280298090326,35348100,INTC
2020-08-12,44.14788818359375,44.21071271675621,43.29526854105164,43.68118920604381,30659800,INTC
2020-08-13,43.58246994018555,44.273543269167625,43.429893619503034,44.21071530864154,24774500,INTC
2020-08-14,43.878639221191406,44.16583806216861,43.66324180229862,43.7350398007028,22321200,INTC
2020-08-17,43.9145393371582,44.25558924007724,43.73503920805975,44.07608911097879,20018300,INTC
2020-08-18,43.66324996948242,44.48894593581774,43.636322719323914,44.21072050871908,19251400,INTC
2020-08-19,43.37604522705078,43.95941640539777,43.30424380121584,43.78889315456042,27775000,INTC
2020-08-20,44.129940032958984,45.05436456823304,43.9773671372779,44.70434117350072,55081300,INTC
2020-08-21,44.228675842285156,44.255603095472345,43.66325488057321,43.995327997977554,34621500,INTC
2020-08-24,44.10301971435547,44.336370945172995,43.815820833103686,44.210718438904706,36295300,INTC
2020-08-25,44.36328887939453,44.767163322424636,44.165838390873084,44.29148745677572,38384300,INTC
2020-08-26,44.47098922729492,44.57868794150888,44.18379037360409,44.3273898004495,28616600,INTC
2020-08-27,44.33637619018555,44.81204875159094,44.129948760164694,44.68639965413904,24420600,INTC
2020-08-28,45.26079177856445,45.59286484049162,44.39021825071358,44.48894350731696,35384700,INTC
2020-08-31,45.72748947143555,46.221112316290885,45.16206519709113,45.77236365302593,46114100,INTC
2020-09-01,45.583892822265625,45.77236645067324,45.07231958877021,45.69159154940129,30472800,INTC
2020-09-02,46.89423751831055,47.280161660776756,45.85314070748285,45.960839433104816,53000700,INTC
2020-09-03,45.224891662597656,47.226310375176524,45.00051732140701,47.118611650035625,47394300,INTC
2020-09-04,44.94667434692383,45.978794369574004,44.41715070967509,45.3505454641411,43318400,INTC
2020-09-08,43.89659881591797,44.785122770984835,43.842747738020265,44.210721544452184,39752700,INTC
2020-09-09,44.5338134765625,44.8479395745498,44.01326684147097,44.453038585500664,33437300,INTC
2020-09-10,43.94147491455078,44.955648005165656,43.71710054906756,44.87487309664445,32649100,INTC
2020-09-11,44.228675842285156,44.91974933028102,43.93250344667622,44.21072548138745,29333600,INTC
2020-09-14,44.345340728759766,44.62356611972166,43.84274101647775,43.84274101647775,27212500,INTC
2020-09-15,44.87486267089844,45.41335965347709,44.63253800163395,44.68638906936394,27598300,INTC
2020-09-16,45.20693588256836,45.79928393532119,45.02743574640804,45.332584950776486,26531400,INTC
2020-09-17,45.16206741333008,45.31464374664146,44.246619684504104,44.30944422654974,26959900,INTC
2020-09-18,44.776145935058594,45.32361991148129,44.013274494139715,45.171046992769895,50123500,INTC
2020-09-21,44.62356948852539,44.65049331353865,43.8247973921123,44.32739371865679,27377100,INTC
2020-09-22,44.829994201660156,45.06334201084423,44.39919587600288,44.776143127072714,22290900,INTC
2020-09-23,43.81582260131836,45.00949578143308,43.672223154897424,44.72229688859122,30078800,INTC
2020-09-24,44.12096405029297,44.55176231337069,43.45681458824799,43.555539832143346,29343400,INTC
2020-09-25,44.82101058959961,45.12615978580838,43.752990114709036,43.94146371198145,26633400,INTC
2020-09-28,46.158287048339844,46.185210872132735,45.01846505080664,45.332587740658866,29652200,INTC
2020-09-29,45.94288635253906,46.436512615058135,45.72748891405852,46.05058849545989,19558200,INTC
2020-09-30,46.472412109375,47.010912578472805,45.90699123879128,45.98776613797191,27711300,INTC
2020-10-01,46.8852653503418,47.31606368844884,46.660891001930985,47.028864796377476,22127600,INTC
2020-10-02,45.78133773803711,46.65191125210389,45.76339080410311,46.22111294039433,25811800,INTC
2020-10-05,46.39163589477539,46.499338039749524,46.014688658407785,46.04161248281101,20883200,INTC
2020-10-06,46.10444259643555,47.298115836614556,45.97879350245481,46.40959186339491,25642800,INTC
2020-10-07,47.271183013916016,47.47761041390468,46.48138782378459,46.53523547275499,21978700,INTC
2020-10-08,47.89943313598633,48.0879101835499,47.27118429936276,47.48658517214368,22369500,INTC
2020-10-09,47.40580749511719,48.33022862600822,47.27118152955729,48.06098011856894,24343900,INTC
2020-10-12,48.35715866088867,48.644357541870285,47.75583365005293,48.06098288905598,27303500,INTC
2020-10-13,48.31229019165039,48.72513820392959,48.12381312197412,48.70718784378513,20005800,INTC
2020-10-14,48.06098175048828,48.82385654176372,48.02508103529589,48.47382970415886,21874200,INTC
2020-10-15,48.33023452758789,48.4469101504083,47.226313115711235,47.342988738531645,18272900,INTC
2020-10-16,48.60845947265625,49.093108894583125,48.3751116530327,48.3751116530327,23414400,INTC
2020-10-19,48.985408782958984,50.4662774099584,48.32125921345225,48.88668352308953,43537200,INTC
2020-10-20,47.95328140258789,49.09310339369234,47.809681970368146,49.00335160875467,27224900,INTC
2020-10-21,48.01610565185547,48.52767884004622,47.40580721266642,47.693006075381206,21866000,INTC
2020-10-22,48.3751106262207,48.66230951674478,47.63018615014331,47.67506033484754,41522700,INTC
2020-10-23,43.259368896484375,43.68119028330956,42.774719551266976,43.39399143214674,97322500,INTC
2020-10-26,41.93107986450195,42.954226358591725,41.50925498850039,42.94524946727885,54161300,INTC
2020-10-27,40.96178436279297,41.65285783194208,40.710486164440994,41.266933642369445,50130500,INTC
2020-10-28,39.71426010131836,40.64765822255818,39.66938591588355,40.288657891717975,45066000,INTC
2020-10-29,39.588600158691406,39.911699683127786,39.4180735076389,39.70527574777787,36796800,INTC
2020-10-30,39.74117660522461,40.20787557985164,39.13985509909842,39.5796268284814,46781300,INTC
2020-11-02,39.902740478515625,40.44124106579062,39.705293344494784,40.35148925607072,33856700,INTC
2020-11-03,40.25275802612305,40.800232001588995,40.118135466968425,40.14505929406316,34349500,INTC
2020-11-04,41.015628814697266,41.41950329940019,40.18992948778456,40.486105251126915,34748200,INTC
2020-11-05,41.29588317871094,41.92870168874236,41.16027798063869,41.7207762473261,31103200,INTC
2020-11-06,41.03371047973633,41.40436073886106,40.59073998517859,41.16931566297494,36233700,INTC
2020-11-09,41.223548889160156,42.80559303323994,41.16930958274168,42.16373595101595,48481700,INTC
2020-11-10,41.07891082763672,42.019098023075955,40.907147251936166,41.042752434414474,39224500,INTC
2020-11-11,41.90156936645508,42.00101269669751,41.458598920844004,41.49476075885629,31496900,INTC
2020-11-12,40.63594055175781,41.7569300650214,40.274329028947136,41.70269075060794,42881300,INTC
2020-11-13,41.096988677978516,41.205474195288886,40.65401821900092,40.672099138552646,30884700,INTC
2020-11-16,41.75692367553711,42.2631790402902,41.39531565664137,41.62132196166966,36306300,INTC
2020-11-17,41.1602668762207,41.69364189024708,41.05178481617979,41.359153526781135,31118000,INTC
2020-11-18,40.735374450683594,41.30490781150801,40.71729353387583,41.17834484243592,32817900,INTC
2020-11-19,41.24163055419922,41.286831126560514,40.409928987287,40.60881219539323,29469100,INTC
2020-11-20,41.03371047973633,41.476684422877135,40.97947116530734,41.27779774041599,24199300,INTC
2020-11-23,41.63941192626953,41.77501366959713,41.08795587042075,41.11507552936961,35489600,INTC
2020-11-24,42.498226165771484,42.76039432013018,41.594200901292695,41.847330320382994,33901200,INTC
2020-11-25,42.53439712524414,42.65192140043188,42.1004653190703,42.516316202247296,28126900,INTC
2020-11-27,42.89600372314453,43.48361813390467,42.814641303367516,42.814641303367516,15921400,INTC
2020-11-30,43.70960998535156,43.84521512289638,42.73326472020739,42.868866409170295,46332700,INTC
2020-12-01,44.803489685058594,45.40918490740633,44.03506620394317,44.07122803922488,57768000,INTC
2020-12-02,45.11085510253906,45.255498984549625,44.45995590920045,44.496117741848636,33753500,INTC
2020-12-03,46.096256256103516,46.20473833754175,45.00238291084494,45.12894591395341,50261200,INTC
2020-12-04,47.00027084350586,47.59692732712912,46.10528439377976,46.15952714632093,39767700,INTC
2020-12-07,45.38207244873047,46.36746020056473,44.80349678684301,46.10529202608979,51040300,INTC
2020-12-08,45.82503890991211,45.8521620125838,45.029499168917795,45.04758008783803,28956500,INTC
2020-12-09,45.264549255371094,45.9606491926496,44.95718049668426,45.454393752288034,34068400,INTC
2020-12-10,45.436309814453125,45.85216407112302,44.8306145220545,44.89389601682502,33706000,INTC
2020-12-11,44.957176208496094,45.3278264308012,44.40572024269473,45.3278264308012,29398800,INTC
2020-12-14,45.62616729736328,46.412668503121495,44.96622910763701,45.038549353119464,33436400,INTC
2020-12-15,45.80696105957031,46.1143298046394,45.39111024229535,46.087210148733654,25465600,INTC
2020-12-16,46.21377182006836,46.521140556351426,45.81600193429495,45.84312158942549,28351000,INTC
2020-12-17,45.78889083862305,46.39458624031498,45.40015961569883,46.24090356773647,26399000,INTC
2020-12-18,42.90504455566406,45.81600744038017,42.588637045839796,45.716564094840194,119298400,INTC
2020-12-21,41.91061019897461,41.99197260758763,40.89810290735457,41.87444836212825,53775700,INTC
2020-12-22,41.73884582519531,41.892531917173706,41.37723777972064,41.81116950343992,32171200,INTC
2020-12-23,42.1004524230957,42.516303178891626,41.64843983238299,41.73884097109258,22564200,INTC
2020-12-24,42.552467346191406,42.57054826464085,41.89252934140825,42.12757438408588,11865600,INTC
2020-12-28,42.552467346191406,43.06776145196157,42.3626228753461,42.6609494083055,21269200,INTC
2020-12-29,44.649810791015625,45.806962117490734,42.02813938589759,42.68807746731436,84531400,INTC
2020-12-30,44.071231842041016,44.4690017187153,43.8994682825054,44.39668149049393,37385400,INTC
2020-12-31,45.038536071777344,45.373024436736976,44.04410971169951,44.071229364685216,28576800,INTC
2021-01-04,44.902931213378906,46.45785570194971,44.65884743769167,45.101817866172624,46102500,INTC
2021-01-05,45.752723693847656,45.95161037517049,44.59557234487782,44.70405442169798,24866600,INTC
2021-01-06,46.19569778442383,47.14492723843823,45.3820769720186,45.599041142560004,36809600,INTC
2021-01-07,47.18107986450195,47.633092521198556,46.37649788735526,46.548264903993015,32092300,INTC
2021-01-08,46.69290542602539,47.48844516107108,46.34937486627501,47.41612493451358,34625400,INTC
2021-01-11,46.59346389770508,47.226282285307384,46.33129573806397,46.367457577031594,32925000,INTC
2021-01-12,48.13030242919922,48.681754895955216,46.61153984054286,46.9189085417848,39883900,INTC
2021-01-13,51.484249114990234,54.46753235509627,51.43904853304292,53.78951328013656,124070700,INTC
2021-01-14,53.56349563598633,54.3680775503064,52.28882018157958,52.840276131461685,74680900,INTC
2021-01-15,52.053775787353516,53.925107787488265,51.98145211170451,53.201884825328854,50265400,INTC
2021-01-19,52.4244270324707,52.74083449818821,51.61984164370684,52.37922301001158,35647100,INTC
2021-01-20,53.039154052734375,53.53637064557718,52.514821257439614,52.650426409775335,28701300,INTC
2021-01-21,56.465415954589844,57.812415086528354,52.632350848384355,53.37365127312926,86519500,INTC
2021-01-22,51.222068786621094,53.897982608038426,51.21303005180458,53.20188277536075,85729300,INTC
2021-01-25,50.119163513183594,51.0774316132585,48.87161102932623,50.9689495382672,61968500,INTC
2021-01-26,49.911231994628906,50.806218487445655,49.58578236087736,49.97451348468253,31485900,INTC
2021-01-27,48.446720123291016,49.58579058168488,48.184551936128344,49.3688264222685,49722900,INTC
2021-01-28,50.68870162963867,51.89105701305465,49.450187852766994,49.531550273062685,49202600,INTC
2021-01-29,50.182437896728516,51.67408087286972,50.04683618435908,50.60733084903422,37256200,INTC
2021-02-01,51.24919509887695,51.882013524318666,50.36325068269175,50.5802182808883,26926600,INTC
2021-02-02,52.433467864990234,52.6865938476885,51.420960485614316,51.701206124006575,23580900,INTC
2021-02-03,52.14418029785156,52.731798130375516,51.872973393833924,52.33402478580562,21893200,INTC
2021-02-04,53.470245361328125,53.55210163223287,52.015023152967714,52.39702024036156,29853800,INTC
2021-02-05,52.91544723510742,53.73401002308191,52.860875226070625,53.66124734436619,23432600,INTC
2021-02-08,53.8067741394043,53.861346153418005,52.70626454482974,53.097355304805134,34358300,INTC
2021-02-09,53.461151123046875,53.94319517479169,52.697160377325716,53.452057523360516,28754100,INTC
2021-02-10,53.5339241027832,54.04324905162171,52.86088310244032,53.934108486801456,16325100,INTC
2021-02-11,55.17103576660156,55.47117659861541,53.53391373334195,53.752194820701725,27539100,INTC
2021-02-12,56.21697998046875,56.8536360806371,54.96185151103657,55.116467001215874,26214200,INTC
2021-02-16,56.8172607421875,57.1810637485648,56.11693553127869,56.38978865344059,26326300,INTC
2021-02-17,56.253353118896484,56.5625875427584,55.67126560798352,55.92593149614437,21055400,INTC
2021-02-18,56.035072326660156,56.371591020111794,55.152843986770876,55.16194105577823,17846100,INTC
2021-02-19,57.30839157104492,57.53576973759639,56.25335701702674,56.30792902602466,28290100,INTC
2021-02-22,55.216514587402344,57.026446367423084,55.17103964679707,56.280646239046746,32288200,INTC
2021-02-23,55.589412689208984,55.9350284707364,53.815862312087425,55.00732514317257,27374600,INTC
2021-02-24,57.47209930419922,57.55395557606719,54.91637114718362,55.052795953953435,24669900,INTC
2021-02-25,54.93456268310547,57.790431705255216,54.6889938636224,56.76268149101465,36394000,INTC
2021-02-26,55.280181884765625,56.1078383192897,54.27971928286292,55.38022883885903,38216800,INTC
2021-03-01,57.190155029296875,57.372058248829184,56.071454913018904,56.13512051942791,28495400,INTC
2021-03-02,55.69856262207031,57.42663477421808,55.58032499249986,57.11740029885246,23320000,INTC
2021-03-03,54.47980880737305,55.95321832037783,54.29790558452317,55.15284622154759,28740400,INTC
2021-03-04,53.051876068115234,54.789045140876674,52.669878939963155,54.416145082415284,40210400,INTC
2021-03-05,55.24380111694336,55.64398544282323,53.2155848091353,53.89771931181504,39511700,INTC
2021-03-08,54.434326171875,56.116926515662776,54.31609203529334,54.998226465865784,33112400,INTC
2021-03-09,56.99915313720703,57.45390943848815,55.334746878666095,55.64398130231786,36387500,INTC
2021-03-10,56.61716079711914,58.317951900641866,56.5080202537938,57.49938915191353,27160300,INTC
2021-03-11,57.58124923706055,58.29066455037643,56.74449576415567,57.24472704613977,30701800,INTC
2021-03-12,57.20835494995117,57.572157978334765,56.60807665707814,56.980976756142965,20173000,INTC
2021-03-15,58.01781463623047,58.09967091613539,56.82635177750671,57.854102076420624,21247400,INTC
2021-03-16,58.91822814941406,59.78226932729189,58.281572072266876,58.345237679981594,30186600,INTC
2021-03-17,59.82774353027344,60.29159694426729,57.945052542923264,58.40890595691712,32394700,INTC
2021-03-18,57.96323776245117,59.754975230769425,57.890478558372145,59.69130962613206,30094200,INTC
2021-03-19,57.99052047729492,59.10922053248344,57.22652977259116,57.46300498592443,54951700,INTC
2021-03-22,59.69131088256836,60.37344534905419,58.71813265460981,58.95460787925347,34380100,INTC
2021-03-23,57.73585510253906,60.073305501227615,57.45390496865461,60.027827099025465,35160000,INTC
2021-03-24,56.42616653442383,61.337536310195794,56.38069159510502,60.55535486365655,74584700,INTC
2021-03-25,56.40797805786133,56.78997172640932,55.462084017386864,56.08055293081127,35401400,INTC
2021-03-26,59.000083923339844,59.091033794089796,56.18059282639418,56.20787709371613,34705800,INTC
2021-03-29,58.66355895996094,59.23654936337952,57.85409335269008,58.21789975730204,26161600,INTC
2021-03-30,57.9996223449707,58.20880983898771,57.43572547111983,57.9996223449707,20709500,INTC
2021-03-31,58.20880889892578,58.65446814912957,57.82681525589396,58.21790596824485,33013200,INTC
2021-04-01,58.70905303955078,59.018284055674336,57.82682452797307,58.863668547612555,31416300,INTC
2021-04-05,60.51897048950195,60.700870237655316,58.84546366256243,59.07284181726944,27947500,INTC
2021-04-06,59.627647399902344,60.5553541932154,59.38208203639646,60.08240372708654,28771400,INTC
2021-04-07,60.25521469116211,60.54625846946761,59.4457489659052,59.727695674536186,17793300,INTC
2021-04-08,60.98283004760742,61.201111155316674,60.35526405653312,60.910067365360575,22224200,INTC
2021-04-09,62.08333206176758,62.210663270733,60.600822081765116,60.75544449753496,27177100,INTC
2021-04-12,59.49122619628906,62.29251990482872,58.854563173278905,62.02876040174277,51266900,INTC
2021-04-13,59.318416595458984,59.69131317650573,58.39980686902733,59.673125976540646,26822000,INTC
2021-04-14,58.381622314453125,59.46393770670512,58.06329078839282,59.400272095396176,25768400,INTC
2021-04-15,59.13650894165039,59.31841563350572,57.917765331858185,58.18152483077533,24927700,INTC
2021-04-16,58.89094543457031,59.59126713791589,58.727232876264324,59.418464449004176,24625500,INTC
2021-04-19,57.872291564941406,58.88184770380568,57.362963225984245,58.84546636469828,23997700,INTC
2021-04-20,57.026451110839844,57.99053242211927,56.76269157606813,57.88139186168527,19872100,INTC
2021-04-21,57.93595504760742,58.00871425363679,56.662635981697896,57.10829869562083,24364200,INTC
2021-04-22,56.908206939697266,58.12695404461384,56.644447435237865,57.617625705262796,38257600,INTC
2021-04-23,53.87953567504883,54.57076382356034,52.66078847754202,53.806772991249865,77479500,INTC
2021-04-26,53.44296646118164,54.13419807856082,53.17011333622279,53.752200928005855,39645900,INTC
2021-04-27,52.72445297241211,53.32473122295407,52.54254973629001,53.26106561073868,38167700,INTC
2021-04-28,52.406124114990234,52.89726183671752,51.97865547824167,52.31517422704778,30387400,INTC
2021-04-29,53.00639724731445,53.02458791703914,52.26969420579985,52.6425942613672,23290600,INTC
2021-04-30,52.32426071166992,53.14282346988669,51.905885732810404,52.39702338774046,30731800,INTC
2021-05-03,52.07869338989258,52.64259373719654,51.69669973802421,52.624403067652985,22281700,INTC
2021-05-04,51.75126647949219,51.82402568074565,50.75989764211865,51.73307581180005,35323600,INTC
2021-05-05,51.70579147338867,52.115072849570325,51.351082103869686,51.80583841751256,21001900,INTC
2021-05-06,52.33540344238281,52.39031157586221,51.4751969631834,51.8137883924267,25529300,INTC
2021-05-07,52.77465057373047,53.08578963767279,52.38115455754446,52.80210638202974,19959000,INTC
2021-05-10,51.21895217895508,52.37199474405514,51.136591746384774,52.29878741003945,35046500,INTC
2021-05-11,50.36790466308594,50.90782237642975,49.69071837363178,50.37705427241367,35968100,INTC
2021-05-12,49.06843948364258,50.01100981109819,48.885415881843485,49.77307808149392,30232300,INTC
2021-05-13,49.425331115722656,49.773075592663986,48.92201885410619,49.45278692369479,29192500,INTC
2021-05-14,50.65159225463867,51.10914955952569,49.65411719034957,49.965256297308144,28158300,INTC
2021-05-17,50.63328170776367,51.14574354043296,50.111663285264065,50.59667629374889,20010200,INTC
2021-05-18,50.18487548828125,51.37452354928085,50.14827007326353,51.20065306427348,18703400,INTC
2021-05-19,50.66073226928711,50.724789996153504,49.269758002831615,49.48023388980469,23769700,INTC
2021-05-20,51.20064926147461,51.46603326431554,50.66073164816014,50.85290482640319,23145200,INTC
2021-05-21,51.319618225097656,51.896137794866405,51.228104688788314,51.63075377589602,17723100,INTC
2021-05-24,52.12492370605469,52.51842324013347,51.61246179442462,51.841240430940886,19164400,INTC
2021-05-25,52.04255294799805,52.67398409386711,51.63075078566697,52.67398409386711,22309900,INTC
2021-05-26,52.08831024169922,52.37199696388441,51.786324303397684,52.20727609176197,15173600,INTC
2021-05-27,52.829559326171875,52.96682789664256,52.16152616437638,52.26218931727025,32387600,INTC
2021-05-28,52.27133560180664,52.75634862664112,52.10661472407184,52.66483508851927,20303900,INTC
2021-06-01,52.06085968017578,52.91191638451259,51.786326047686224,52.71974319085835,20326400,INTC
2021-06-02,52.60078048706055,52.792953692224074,51.9418969369173,52.07916550682539,18483600,INTC
2021-06-03,51.46603012084961,52.253025491902825,51.32876157855487,52.14321275259745,21831300,INTC
2021-06-04,52.5001220703125,52.847866585465546,51.740578790058684,51.74972839979834,21493800,INTC
2021-06-07,52.24388122558594,52.56416986917057,51.96019450492212,52.53671755425886,17364400,INTC
2021-06-08,52.16152572631836,52.74719843908985,51.79547853539381,52.57332794338729,33254500,INTC
2021-06-09,52.16152572631836,52.600780260896975,52.13407340880867,52.4909674999735,13904800,INTC
2021-06-10,52.50926971435547,53.10409203040307,52.0974675011627,52.298793803364646,26738100,INTC
2021-06-11,52.93937301635742,53.02173346190715,52.11577205174501,52.59163201593399,18119700,INTC
2021-06-14,53.25050354003906,53.25965663856662,52.371994589143824,53.09493577391323,21784500,INTC
2021-06-15,53.06748580932617,53.46098179132408,52.89361183844806,53.268808604349296,20806500,INTC
2021-06-16,52.36284637451172,53.41522582570014,51.951044201923054,53.21390303423351,21879700,INTC
2021-06-17,52.32624435424805,52.98512787311466,51.88698983863183,52.20727849870055,21498800,INTC
2021-06-18,50.944419860839844,51.932745144500764,50.42280490253589,51.86868741213955,55118300,INTC
2021-06-21,51.12744140625,51.283012672113614,50.669884198592065,51.01762865385974,19254600,INTC
2021-06-22,51.12744140625,51.50263817689412,50.788850050030774,51.19149913605135,18682800,INTC
2021-06-23,50.5692138671875,51.21894766279017,50.541761555712725,51.12743413973432,20287900,INTC
2021-06-24,51.31046676635742,51.33791908268561,50.64243363892313,50.77970220233321,21209700,INTC
2021-06-25,51.16404342651367,51.62160060381782,51.01762526941172,51.26470656406206,21101200,INTC
2021-06-28,52.60078048706055,52.829559109650866,51.557550526590234,51.57585323530363,22480900,INTC
2021-06-29,51.9327392578125,52.92106442944463,51.13659075236498,52.66483003815989,26360000,INTC
2021-06-30,51.3745231628418,51.59415216041152,50.68818734540258,51.55754674566915,29891600,INTC
2021-07-01,51.25555419921875,51.83207722832107,51.12743874628141,51.36537043678014,24871600,INTC
2021-07-02,51.941890716552734,52.152370096108186,51.539241645732005,51.74971753440313,17219400,INTC
2021-07-06,51.328765869140625,52.1706694256635,50.97187181840226,52.08830899157893,26186600,INTC
2021-07-07,51.20980453491211,51.65821215797489,50.98102591905827,51.58500132527703,14857400,INTC
2021-07-08,50.68819046020508,50.990179914060214,50.13912316886717,50.61498311710622,19162000,INTC
2021-07-09,51.23725509643555,51.34706784335397,50.61497704575735,50.79799712699329,18708000,INTC
2021-07-12,51.91443634033203,51.94188865358184,51.34706642423602,51.484331481369274,15392800,INTC
2021-07-13,52.04255294799805,52.43605240412726,51.55754345174382,51.813774356801254,15716000,INTC
2021-07-14,51.72227096557617,52.582477322337326,51.54840047063389,52.3170932846217,16263600,INTC
2021-07-15,51.07253646850586,51.612454109932216,50.85290747416106,51.612454109932216,18917000,INTC
2021-07-16,50.303836822509766,52.09746010663019,50.23977909742577,51.29215850300878,25263800,INTC
2021-07-19,50.001853942871094,50.15742521759744,49.38872892530491,49.791378034263985,27007700,INTC
2021-07-20,50.550933837890625,50.84377024103487,49.66327152723666,50.25809394386109,19867000,INTC
2021-07-21,51.45688247680664,51.50263749879311,50.34044178773768,50.49601305155299,18497200,INTC
2021-07-22,51.20980453491211,51.74057259931766,50.95357360223889,51.30131807578444,36691000,INTC
2021-07-23,48.501068115234375,50.0659130600079,47.87878998090021,49.946950689388686,67742300,INTC
2021-07-26,49.699867248535156,49.910343154028155,48.28143705226798,48.32719556767113,32881200,INTC
2021-07-27,48.6657829284668,48.68408563494312,47.869634396610145,48.6108748090378,39878000,INTC
2021-07-28,48.56512451171875,49.34297041275213,48.44615865349417,48.52851909520586,28478800,INTC
2021-07-29,49.14164733886719,49.507691029369475,48.79390286563807,48.94032104001591,16886600,INTC
2021-07-30,49.15994644165039,49.32466731210547,48.729841558697196,49.095888713238345,16465700,INTC
2021-08-02,49.12334060668945,49.846281810721166,48.99522515096421,49.40702732356989,18098100,INTC
2021-08-03,49.47108840942383,49.56259845804355,48.738994056927694,49.315517137708795,16375900,INTC
2021-08-04,49.32467269897461,49.818831873423804,49.14164910171558,49.644961376014344,17612700,INTC
2021-08-05,49.635986328125,49.75572526508348,49.350459611584206,49.72809455408135,15310000,INTC
2021-08-06,49.663604736328125,49.85703020613582,49.48860442071694,49.608343328013376,19256000,INTC
2021-08-09,49.783363342285156,50.11494597765155,49.58073224233797,49.81099757094574,14670100,INTC
2021-08-10,49.682037353515625,50.096515575292926,49.28598077643614,49.95835851041347,16215700,INTC
2021-08-11,49.866249084472656,50.06888365769298,49.589931447807274,49.97677543642494,18590800,INTC
2021-08-12,49.31361770629883,49.903096314698224,49.05571817994685,49.893883735059056,15070100,INTC
2021-08-13,49.26755905151367,49.33203304646829,48.87150250332431,49.276768116406096,15281100,INTC
2021-08-16,49.249141693115234,49.26756333807209,48.81624182055299,49.02808546720252,17690300,INTC
2021-08-17,48.53071594238281,48.98203750033989,48.09781954460297,48.97282492025127,22014900,INTC
2021-08-18,48.07017517089844,48.843866597244194,47.996492113592176,48.447810062711895,15061700,INTC
2021-08-19,48.300453186035156,48.5122968628757,47.50834342141963,47.94123984210683,22999400,INTC
2021-08-20,47.90438461303711,48.24517973805459,47.3609584422345,48.042545178700315,25728300,INTC
2021-08-23,49.0280876159668,49.313617854957734,48.337291710871995,48.43860900579038,23976300,INTC
2021-08-24,49.56230545043945,49.709675104910396,49.10177484102156,49.3320401457305,20348800,INTC
2021-08-25,49.56230545043945,49.94914947583703,49.48861886641913,49.810992401153484,15048400,INTC
2021-08-26,48.93598175048828,49.50703870147794,48.788612101408056,49.50703870147794,19570000,INTC
2021-08-27,49.635986328125,49.68203868431839,48.74255586098097,49.147825028049795,16525000,INTC
2021-08-30,49.682037353515625,50.53862450733223,49.516246064804704,49.976776641541825,14581300,INTC
2021-08-31,49.79256057739258,50.19782616595767,49.42413475973777,50.14256123923875,22350100,INTC
2021-09-01,49.433345794677734,49.88466726361785,49.304397807428884,49.83861491296742,18615000,INTC
2021-09-02,49.48862075805664,49.635990418160596,49.13861649772107,49.55309476475401,15869500,INTC
2021-09-03,49.285980224609375,49.810988308695386,49.110979872293655,49.221506225673615,13456200,INTC
2021-09-07,49.414939880371094,49.691257566146994,49.221514338114964,49.34125329026019,13915000,INTC
2021-09-08,49.341243743896484,49.66361372933573,48.80703012323012,49.48861338203576,18235100,INTC
2021-09-09,49.18466567993164,49.63598366541345,49.12940074732251,49.424140027432486,13495800,INTC
2021-09-10,49.58993148803711,50.63994061635902,49.56230077841897,49.5991405533867,20324700,INTC
2021-09-13,50.6491584777832,51.109689091820414,50.114941278986564,50.2991542273154,22639200,INTC
2021-09-14,50.21625900268555,51.0636336531965,49.985993693711514,50.99915964776935,22072700,INTC
2021-09-15,50.76888656616211,50.79652078823569,50.12414309703003,50.354408370750825,18796200,INTC
2021-09-16,50.50178909301758,50.61231545718048,49.9583628249928,50.52941980566586,19863100,INTC
2021-09-17,49.976776123046875,50.280727987053304,49.43334990759219,50.280727987053304,35359200,INTC
2021-09-20,48.797813415527344,49.27676557734666,48.18991327044303,49.00965703282971,35051900,INTC
2021-09-21,48.696502685546875,49.23071984639768,48.65966290935366,49.00045455573499,17968900,INTC
2021-09-22,49.276771545410156,49.61756318725187,48.81624097021941,49.18466683579979,18594100,INTC
2021-09-23,49.76493835449219,50.01362531432685,49.36888173478179,49.5070423281021,16474300,INTC
2021-09-24,49.93993377685547,50.124143185301115,49.48861229359744,49.53466464570885,12976200,INTC
2021-09-27,50.34520721435547,50.53862923140843,49.57151563257385,49.68204199752271,13899900,INTC
2021-09-28,49.737308502197266,50.28073479119,49.700465208198125,49.90309981162352,24691300,INTC
2021-09-29,49.26755905151367,49.783351011150636,48.982028849879484,49.73729865955008,20514300,INTC
2021-09-30,49.074134826660156,49.71887830650805,49.05571318282801,49.51624373792375,20534100,INTC
2021-10-01,49.60836410522461,49.83862943916006,48.8623031583885,49.41494206797567,19895100,INTC
2021-10-04,49.249141693115234,50.04125485841231,48.8899284003804,49.672828986414295,27353300,INTC
2021-10-05,49.69124984741211,50.05046313447978,49.25834998167956,49.3228239812266,18129400,INTC
2021-10-06,49.7188835144043,49.80177916354736,48.88071795687762,49.25835291106942,20059600,INTC
2021-10-07,49.90309524536133,50.64915606951296,49.84783030941949,50.03204324898936,20704400,INTC
2021-10-08,49.56230545043945,50.271523010571386,49.460988154196365,50.24388878477891,16068000,INTC
2021-10-11,49.221500396728516,50.114930724135064,49.20307875441849,49.56229550911042,14398800,INTC
2021-10-12,48.051761627197266,49.4794093131968,47.90439197417682,49.3412487263034,32784300,INTC
2021-10-13,48.13465881347656,48.42940164249776,47.77544549236827,48.24518869194818,18534000,INTC
2021-10-14,49.64519500732422,49.73729971247516,48.56755168649789,48.72413390153764,26586700,INTC
2021-10-15,50.160987854003906,50.188622076887285,49.562300232927385,49.92151350828717,25231100,INTC
2021-10-18,50.17020797729492,50.253103631272005,49.47941203200918,49.91230843516073,22407600,INTC
2021-10-19,50.851783752441406,50.860996331269305,50.07809226865671,50.31757012821138,18392900,INTC
2021-10-20,50.99915313720703,51.10968300117454,50.732048083208866,50.88862678680885,16850300,INTC
2021-10-21,51.57941818237305,51.64389217401549,50.50177845329017,50.593883151759655,38390900,INTC
2021-10-22,45.55567932128906,46.55963602024984,45.260940062288576,46.41226639074959,109971900,INTC
2021-10-25,45.50962448120117,46.117524608829854,45.417519785390645,45.89647193345702,43178800,INTC
2021-10-26,44.46882247924805,45.53725306323231,44.14645254537861,45.50041329476778,68405400,INTC
2021-10-27,44.109622955322266,44.9662102038597,44.091201308587394,44.6898925299763,41081500,INTC
2021-10-28,44.284629821777344,44.54252586627589,44.100416855605495,44.33989125212984,31317200,INTC
2021-10-29,45.131996154785156,45.38989215132742,44.13724843057452,44.303039717942966,42301000,INTC
2021-11-01,45.638580322265625,45.68463267810367,45.13199738090812,45.5004232547515,28013700,INTC
2021-11-02,45.924110412597656,45.96095370258553,45.34384089278197,45.693845120527726,27193300,INTC
2021-11-03,46.41227340698242,46.46753834398794,45.78595150853181,45.988586097315725,23962100,INTC
2021-11-04,46.66083908081055,46.69793505049029,46.12290683341081,46.59591671136627,24806000,INTC
2021-11-05,47.22658920288086,47.838720446865196,46.87415450471274,46.8834276123472,36816200,INTC
2021-11-08,47.81089401245117,48.218981508137695,47.35643744062313,47.72742189178836,31647800,INTC
2021-11-09,47.48628234863281,48.01493793542432,47.08747149712291,47.80162107917544,22508400,INTC
2021-11-10,47.07819366455078,47.66249849659056,47.031821051405565,47.282237407994046,25040700,INTC
2021-11-11,46.86487579345703,47.36570849573113,46.753580816730626,47.310059238366165,25420000,INTC
2021-11-12,46.66083908081055,47.20804443612927,46.54026744984099,46.929801666506634,23884800,INTC
2021-11-15,46.670108795166016,46.95762465180126,46.48461480824017,46.753580912382475,24695800,INTC
2021-11-16,46.9390754699707,47.43990817935832,46.68865911527689,46.71648197535279,30927800,INTC
2021-11-17,46.586631774902344,47.245131998081376,46.3547652001489,46.929793314896564,23546900,INTC
2021-11-18,46.076534271240234,46.5959167654005,45.4180339301111,46.5959167654005,30658200,INTC
2021-11-19,45.928131103515625,46.122898175287055,45.668441674487056,46.00232656695102,27607600,INTC
2021-11-22,46.21565628051758,47.161668974297186,45.82611852013436,45.95596326092748,33389600,INTC
2021-11-23,45.53860092163086,46.790682742085295,45.11196720710729,46.52171662457985,44713300,INTC
2021-11-24,46.150718688964844,46.16926843838279,45.102684381873075,45.31600119317502,26035800,INTC
2021-11-26,45.24180221557617,45.61279012809377,44.6296746365242,45.35310071213322,25269000,INTC
2021-11-29,46.373321533203125,46.49389315983048,45.186165634114296,45.72409432413755,31478900,INTC
2021-11-30,45.63134765625,46.74430804552508,45.14906470296401,45.90958686906789,49460800,INTC
2021-12-01,45.07486343383789,46.66083358963109,45.00066796520616,46.224923270658316,35093500,INTC
2021-12-02,45.90959167480469,46.17855780848509,44.82445756982391,45.08414705723731,37240800,INTC
2021-12-03,45.6777229309082,46.42897203350398,45.2232628110161,46.07653378979197,32224900,INTC
2021-12-06,47.29151153564453,47.49555173022118,45.61279614033454,45.89103534239608,40336000,INTC
2021-12-07,48.75690841674805,51.0106520541822,48.423019946312834,50.69531333632711,91731500,INTC
2021-12-08,47.99638748168945,49.04442553231712,47.6532258951667,48.75690966695806,37143400,INTC
2021-12-09,46.81849670410156,47.84798482590342,46.77212409838139,47.57901875952216,31694200,INTC
2021-12-10,46.9205207824707,47.36570418688159,46.41968812575726,47.152387360059905,23783600,INTC
2021-12-13,46.373321533203125,47.31933771704091,46.326948919270656,47.16166658406612,35726900,INTC
2021-12-14,46.0950813293457,46.62373690051859,45.74264310256259,46.206376308012736,34120400,INTC
2021-12-15,46.99472427368164,47.09674615132553,45.751922602030746,46.252751806276706,32590300,INTC
2021-12-16,47.14311599731445,47.671771530730446,46.91124941114943,47.059643884774914,33132300,INTC
2021-12-17,46.94834518432617,47.319333135876505,46.3825901503134,46.92052232626106,50102300,INTC
2021-12-20,46.00232696533203,46.49388650911132,45.40874910069598,46.28984279139149,30140300,INTC
2021-12-21,47.08747100830078,47.15239337526762,46.317672174260245,46.317672174260245,31956300,INTC
2021-12-22,47.27296447753906,47.31933709085788,46.56808801828005,46.96689886122837,23307900,INTC
2021-12-23,47.58830642700195,47.97784065088824,47.34716316059286,47.3749895608732,25198200,INTC
2021-12-27,48.17259979248047,48.28389829917935,47.57902190876616,47.625394517555726,20985400,INTC
2021-12-28,48.00565719604492,48.339545651441455,47.88508911670991,48.163328316872565,19290400,INTC
2021-12-29,48.070587158203125,48.3580994895317,47.91291602405199,48.05203740489101,14174800,INTC
2021-12-30,47.98711395263672,48.358098396482525,47.90364183362078,48.15405465266499,18359400,INTC
2021-12-31,47.7645149230957,48.376642545638546,47.72741542160748,48.12622621759786,16319000,INTC
2022-01-03,49.35048294067383,49.36903269197348,47.85726157208307,47.90363771933385,33857600,INTC
2022-01-04,49.28556442260742,50.02753684242391,48.83110786334639,49.68437526163446,45681400,INTC
2022-01-05,49.96261215209961,52.095784086568784,49.925516186337504,50.25940110621688,59109300,INTC
2022-01-06,50.09246063232422,50.70458833832805,49.54525529377506,50.64894261651186,35757900,INTC
2022-01-07,49.56380081176758,50.44489455793817,49.29483825729722,50.25940057905962,30717200,INTC
2022-01-10,51.205413818359375,51.2981625716041,49.44322996274773,50.0553575821502,49260800,INTC
2022-01-11,51.854644775390625,52.01231589856995,50.76023417215799,51.47438370396257,39795200,INTC
2022-01-12,51.69697952270508,52.19780869786309,50.834435473816846,52.06796396585903,29136800,INTC
2022-01-13,50.95500183105469,52.13288456255021,50.797334244116065,51.938117471154214,29605400,INTC
2022-01-14,51.65987777709961,51.72480014028671,50.57474027896593,50.871529235822244,30151500,INTC
2022-01-18,50.78805923461914,51.61350731436344,50.71386376131842,51.2981685923273,35313800,INTC
2022-01-19,49.73074722290039,50.87153046679681,49.67510150339549,50.667490265272946,30595100,INTC
2022-01-20,48.26534652709961,50.1666517118867,48.17259777540078,49.95333488998406,28582600,INTC
2022-01-21,48.26534652709961,49.27628492359662,48.181874419572225,48.30244602777915,46372400,INTC
2022-01-24,48.17259979248047,48.3488206590854,46.262021421525446,47.74596613081122,64198400,INTC
2022-01-25,47.3007926940918,47.875820947967085,46.60519280153162,47.310065802604164,44095400,INTC
2022-01-26,47.94073486328125,48.896027619695644,47.06891775877047,47.42135596612733,54895400,INTC
2022-01-27,44.56475830078125,46.42896768283003,44.31434195671484,46.35476867510513,89642800,INTC
2022-01-28,44.267974853515625,44.70388523312492,42.941697498452505,44.24942509927652,61945400,INTC
2022-01-31,45.278900146484375,45.325272749442526,43.87842772433257,44.221589231826236,51828400,INTC
2022-02-01,45.39948272705078,45.47367820213169,44.85227738856484,45.24181159324788,35386100,INTC
2022-02-02,45.918861389160156,45.98378729421868,44.601860756899946,44.750255244168756,37962700,INTC
2022-02-03,44.778076171875,46.085803640104054,44.75025331233933,45.67771970223237,42145800,INTC
2022-02-04,44.86685562133789,45.08180100289884,44.044470470398004,44.72667803570154,32431500,INTC
2022-02-07,45.02572250366211,45.474297141555915,44.82012445776957,44.97899664731044,27558500,INTC
2022-02-08,45.61448669433594,45.735973230281395,44.76406311794282,44.83882378891271,28051200,INTC
2022-02-09,46.64247131347656,46.69854449201897,45.63317905439885,46.10044484738698,35217300,INTC
2022-02-10,45.66121292114258,46.661161412354325,45.567757625495915,45.96026273730189,32762700,INTC
2022-02-11,44.51173782348633,45.89484406168886,44.39024772625868,45.74531915931439,37208200,INTC
2022-02-14,44.46501922607422,45.025736810368144,44.02578819390552,44.78275657620677,28456900,INTC
2022-02-15,45.26870346069336,45.28739451802717,44.100539114489884,44.57715216411552,35837900,INTC
2022-02-16,45.07245635986328,45.31543655994511,44.483700483462655,44.91358770707936,26022900,INTC
2022-02-17,44.45566177368164,45.1004872050473,44.278102077641584,44.726676755759605,32030600,INTC
2022-02-18,42.091304779052734,43.18470505700506,41.59600059912309,43.166013996917606,76520100,INTC
2022-02-22,41.76420974731445,42.43707354064195,40.97920317675059,41.76420974731445,57093300,INTC
2022-02-23,41.72683334350586,42.7174344624404,41.63337805354189,42.21278659149934,38176700,INTC
2022-02-24,43.661312103271484,43.726729022000065,40.77360967312874,41.025933601776714,72740100,INTC
2022-02-25,44.58649444580078,44.66125867268031,43.22207938984032,43.85756105849812,39266300,INTC
2022-02-28,44.577152252197266,44.68929503146708,43.782798356236505,43.92297950403978,41946100,INTC
2022-03-01,43.754764556884766,44.764060288341724,43.19404708271185,44.427628377856074,53853000,INTC
2022-03-02,45.67055892944336,45.78270528977188,44.371560557757064,44.40894267786658,46936500,INTC
2022-03-03,44.79209518432617,45.37150371748581,44.50238913526897,45.0257280598693,36389900,INTC
2022-03-04,44.92292785644531,45.10983486501204,44.268755108939104,44.268755108939104,38310700,INTC
2022-03-07,44.55846405029297,45.3621617439656,44.48369981601881,44.86685760428659,43813700,INTC
2022-03-08,44.39023971557617,45.53036911853001,43.820175014099256,44.567799391054955,44813900,INTC
2022-03-09,44.51173782348633,45.28739714050547,43.82018292190762,45.240671276942486,36076500,INTC
2022-03-10,43.60523986816406,44.21268677222132,43.137974115798414,44.19399571433212,36456000,INTC
2022-03-11,42.8295783996582,44.184646160792845,42.773505228836,44.06315963810996,27082100,INTC
2022-03-14,41.49320602416992,42.969764153842206,41.399750721687326,42.895003476811404,35993900,INTC
2022-03-15,41.87635803222656,41.960466010294425,41.18480314978474,41.58665198222509,34448900,INTC
2022-03-16,43.57720184326172,43.57720184326172,42.30623852036414,42.334273322648656,38885500,INTC
2022-03-17,44.05381774902344,44.193998910854255,42.736128374642924,43.28750214491307,28555000,INTC
2022-03-18,44.34352111816406,44.48369870649941,43.315534312264084,43.75476526528211,46237100,INTC
2022-03-21,44.28744888305664,44.754714650660034,43.988399076986866,44.352865805324726,32910900,INTC
2022-03-22,45.22197723388672,45.29674146261697,44.296793075555044,44.390244796513215,27923300,INTC
2022-03-23,45.10983657836914,46.334074144273124,44.913585816149705,45.287396282526515,37126400,INTC
2022-03-24,48.24051284790039,48.26855121580029,45.40888367187754,45.47430058871964,51677900,INTC
2022-03-25,48.436771392822266,48.576948984743524,47.14711687040822,47.37140244346419,33239800,INTC
2022-03-28,48.13771057128906,48.19378373835332,47.24990859830835,47.99753300105996,22932400,INTC
2022-03-29,48.82927322387695,48.86665534126432,47.922776484485425,48.59564033763831,27303700,INTC
2022-03-30,48.06295394897461,49.07224608619334,47.866703195203556,48.829269471756035,24623300,INTC
2022-03-31,46.31538009643555,47.90408071465325,46.26865067181949,47.8480111090413,43698300,INTC
2022-04-01,44.9603157043457,46.63312811864987,44.231382199434336,46.56771119205296,46598600,INTC
2022-04-04,45.97895050048828,46.006985304695135,44.78274775664432,45.01638063158079,23784900,INTC
2022-04-05,44.979000091552734,45.773350405221024,44.87620106073469,45.63317282543199,25779200,INTC
2022-04-06,44.42762756347656,45.01637983107959,44.14726883152921,44.33417227619098,31518700,INTC
2022-04-07,44.446327209472656,44.773411865789306,43.708046339551785,44.32483709500274,24117000,INTC
2022-04-08,43.94166946411133,44.46500836255958,43.78279726290462,44.18464607395416,22167300,INTC
2022-04-11,43.52112579345703,44.20333326854886,43.48374368291533,43.82952285799466,30352500,INTC
2022-04-12,43.455718994140625,44.77340839523572,43.37161100832795,44.22203461378712,29861400,INTC
2022-04-13,43.93231964111328,44.17529980201699,43.50243605176596,43.68934304516395,22171300,INTC
2022-04-14,42.6800537109375,43.689349485086844,42.63332784693908,43.689349485086844,36181800,INTC
2022-04-18,43.586551666259766,43.820184557751254,42.53987731056529,42.54922105764474,25593100,INTC
2022-04-19,44.79209518432617,44.85751210428187,43.306189953273645,43.549166575258404,31483100,INTC
2022-04-20,44.9603157043457,45.55841535606326,44.8388255985421,45.193948603607566,22787100,INTC
2022-04-21,44.39023971557617,45.69858504896432,44.296788005314546,45.43691384331415,27316900,INTC
2022-04-22,43.49309539794922,44.53042589833809,43.455713283621506,44.34351889165416,28219900,INTC
2022-04-25,43.97905731201172,44.053817984420604,43.156668525783665,43.18470333231761,35999300,INTC
2022-04-26,42.53987503051758,43.77345634627889,42.53052771898411,43.633275192915406,35356600,INTC
2022-04-27,42.259517669677734,43.04452431126464,42.063263335564805,42.5024943031655,28320900,INTC
2022-04-28,43.77345657348633,44.17530541259565,42.55856630953121,42.79219918971315,41097000,INTC
2022-04-29,40.73623275756836,42.390354124305325,40.65212477061715,42.04457842904154,70765900,INTC
2022-05-02,42.01652908325195,42.04456744821631,40.66145789847909,40.85771219341273,45446500,INTC
2022-05-03,42.109989166259766,42.51183798207391,41.33432633784259,41.85766524249591,40158400,INTC
2022-05-04,43.49309539794922,43.58654711881386,41.50254237193151,42.1099892524156,44625600,INTC
2022-05-05,42.00957107543945,43.24348582169498,41.56687174565513,42.951489741643336,52996700,INTC
2022-05-06,41.726993560791016,42.527626532416654,41.29371186403417,41.90596039568117,40916600,INTC
2022-05-09,40.56843566894531,41.63280474167557,40.38005122170734,41.265457045785475,44925800,INTC
2022-05-10,41.453834533691406,42.14143824924434,40.97345764572062,41.774086990049994,42770000,INTC
2022-05-11,40.34237289428711,41.71757310379089,40.29527409266149,41.463254666175686,40351700,INTC
2022-05-12,40.3517951965332,40.41772921472429,39.57000099064679,40.24818356990879,42329600,INTC
2022-05-13,41.067649841308594,41.29371188804125,40.474243705762234,40.898104204542676,32034100,INTC
2022-05-16,40.57786178588867,41.0770775774139,40.30470448394151,40.89811071393511,25071900,INTC
2022-05-17,41.821189880371094,41.84002509158528,41.11475088639952,41.27487533366183,28596600,INTC
2022-05-18,39.8902587890625,41.425587402434175,39.76781193504717,41.425587402434175,35218400,INTC
2022-05-19,39.570003509521484,40.219929720397545,39.29684981382816,39.86199960376542,29181000,INTC
2022-05-20,39.23090744018555,39.833734712628086,37.968736491083746,39.796057109816935,44802300,INTC
2022-05-23,39.56058883666992,39.79606853212629,38.92950497755165,39.26859272077542,27199500,INTC
2022-05-24,39.249752044677734,39.456975316613445,38.712858652057776,39.278012050118406,29837500,INTC
2022-05-25,39.74897003173828,40.0503837296002,38.986014587887034,39.033109804465205,26283100,INTC
2022-05-26,40.95462417602539,41.143008632495935,39.63594016700088,39.72070939962125,28826700,INTC
2022-05-27,41.96247482299805,41.96247482299805,41.0205561800884,41.058233788157054,30553300,INTC
2022-05-31,41.84002685546875,42.150861750624934,41.11475261970702,41.67990240145594,41111500,INTC
2022-06-01,41.548030853271484,42.3204038332944,41.00171632962219,42.169696998000525,29885500,INTC
2022-06-02,42.23563766479492,42.27331527783515,41.38790933706453,41.623389028863535,28727600,INTC
2022-06-03,40.86985778808594,41.67990856331413,40.82276256483353,41.5480405009533,33174700,INTC
2022-06-06,40.822757720947266,41.482101547651176,40.57786043321227,41.26546067188778,25437100,INTC
2022-06-07,41.00171661376953,41.058233024821796,40.182248415750955,40.55901730316389,25168700,INTC
2022-06-08,38.835304260253906,39.805479288771856,38.646919817681216,39.796061683553695,59649900,INTC
2022-06-09,37.68616485595703,38.94833603256156,37.68616485595703,38.628083537210124,39047200,INTC
2022-06-10,36.90437698364258,37.75210529753188,36.90437698364258,37.53546082265525,43066200,INTC
2022-06-13,35.576271057128906,36.55586740401901,35.48207702773477,36.310966520729075,50335900,INTC
2022-06-14,35.72697830200195,35.98129679444702,35.359630566181806,35.80232993320705,31351700,INTC
2022-06-15,36.405155181884766,36.89494968997079,35.71755144467224,36.3203823644979,37652300,INTC
2022-06-16,35.17124557495117,35.59510972271717,34.78505903879433,35.51033689316397,45576500,INTC
2022-06-17,34.82273483276367,35.90593916147594,34.474222333272465,35.303111779734394,71393200,INTC
2022-06-21,35.538597106933594,35.821172037960224,35.161831729943145,35.19008814510526,34004900,INTC
2022-06-22,35.208919525146484,35.57626721729786,35.05821268751683,35.161824312099924,32571000,INTC
2022-06-23,35.23717498779297,35.43497703315575,34.76621568370959,35.425559428053184,30163000,INTC
2022-06-24,36.36748504638672,36.39574146027542,35.548016705399206,35.651624754036106,38159900,INTC
2022-06-27,36.38631820678711,36.79134351096852,36.235611367542944,36.612376669086125,29585300,INTC
2022-06-28,35.585689544677734,36.75367038614297,35.54801552512201,36.339227425950746,37824200,INTC
2022-06-29,35.12415313720703,35.416145667453215,34.86983462841723,35.359632838701096,25437200,INTC
2022-06-30,35.23717498779297,35.79290711033673,34.59667004678883,35.04879054753275,35141000,INTC
2022-07-01,34.22932052612305,35.0393710605419,33.796038851989195,34.93575944430682,40596300,INTC
2022-07-05,34.558998107910156,34.60609692055034,33.47579368674956,33.843141429279456,33215000,INTC
2022-07-06,34.841575622558594,35.24659737331897,34.342356249190765,34.68144756902255,26258300,INTC
2022-07-07,35.92477798461914,36.10374483394499,35.53859146842309,35.68929831393534,33165400,INTC
2022-07-08,35.78349685668945,35.92478252105996,35.218343419802196,35.4726619274312,22566300,INTC
2022-07-11,35.03937530517578,35.48207463753453,34.87924726255996,35.472657031796935,25904300,INTC
2022-07-12,35.04879379272461,35.510335534439896,34.84157412307266,35.46324031829785,30546300,INTC
2022-07-13,35.04879379272461,35.25601705551123,34.49306161872523,34.54957803397649,27059200,INTC
2022-07-14,35.51974868774414,35.94361276615734,34.1822260326783,34.84156975541725,36690700,INTC
2022-07-15,36.37689971923828,36.42399493629921,35.538592638895636,36.04722960667704,32892300,INTC
2022-07-18,36.461673736572266,37.055083551674116,36.2921280751146,36.82902147201894,30814400,INTC
2022-07-19,37.883975982666016,38.36435299852295,36.96089597286248,37.03624760981831,53095300,INTC
2022-07-20,38.2042236328125,38.30783167121944,37.26230493608459,37.87454993307692,36387900,INTC
2022-07-21,38.25132369995117,38.28900131495078,37.50720697281693,38.15712966245214,29661200,INTC
2022-07-22,36.923213958740234,38.15712516282148,36.678313083257514,38.025257119008344,41350000,INTC
2022-07-25,36.885536193847656,37.121015869138596,36.31096521123621,36.9985654319096,32263400,INTC
2022-07-26,36.6971549987793,37.27172603249225,36.621803364414575,36.82902305376882,35925500,INTC
2022-07-27,37.846290588378906,38.0723490459156,36.951467177221375,36.98914478452229,42571600,INTC
2022-07-28,37.403594970703125,37.78978153792088,36.77251109459842,37.761525123508754,56662300,INTC
2022-07-29,34.201072692871094,34.493065219312484,33.19321987106009,33.53230761855959,125292400,INTC
2022-08-01,34.81332015991211,35.500920495679956,33.956174142104494,33.956174142104494,52513400,INTC
2022-08-02,33.918487548828125,34.53073608228777,33.90906994371176,34.46480206707019,53929400,INTC
2022-08-03,34.398868560791016,34.464802576984106,33.21204908304663,33.99384326524239,59513900,INTC
2022-08-04,33.927913665771484,34.346540572218984,33.64248606458415,34.2609119289219,54046300,INTC
2022-08-05,33.67102813720703,33.95645574179639,33.47122917693537,33.63297015541941,40205100,INTC
2022-08-08,33.66151809692383,34.21334435849481,33.490260794854755,33.642489104537354,41534600,INTC
2022-08-09,32.84328842163086,33.58540095167881,32.72911810071788,33.50928861420651,48202300,INTC
2022-08-10,33.652008056640625,33.68055336524398,32.909895362331035,33.29046802215691,42243300,INTC
2022-08-11,33.86131286621094,34.52731299936226,33.76617154550735,33.90888352656273,35569700,INTC
2022-08-12,34.356056213378906,34.3845978841193,33.93742568567286,34.061112307895904,37675200,INTC
2022-08-15,34.57488250732422,34.660511144866916,33.97548204452533,34.34653826407415,25400600,INTC
2022-08-16,34.43217086791992,34.80323075962041,33.96597327713647,34.40362919525413,25000200,INTC
2022-08-17,34.04208755493164,34.32751881549936,33.55686094490316,34.07063285863396,29176100,INTC
2022-08-18,34.44168472290039,34.565371344649,33.84228423378964,33.94694186531471,24598200,INTC
2022-08-19,33.66151809692383,34.279944017142874,33.48074448395692,34.06111604881221,31425500,INTC
2022-08-22,32.19631576538086,33.3570588019882,32.09165813035444,33.29997182940773,51006100,INTC
2022-08-23,32.30097579956055,32.71960274135082,32.26291781501347,32.329517473266264,30687100,INTC
2022-08-24,32.21534729003906,32.33903392565383,31.967974018809528,32.320004933297,25105700,INTC
2022-08-25,33.195316314697266,33.233374298848496,32.17728882981122,32.224859495295696,29799100,INTC
2022-08-26,31.739625930786133,33.328508311410985,31.73010962213339,33.252395989230706,44851500,INTC
2022-08-29,31.34002685546875,31.787199031942233,31.216343868731983,31.615941757097435,32976800,INTC
2022-08-30,30.69306182861328,31.463719718421295,30.588407810459998,31.435178043416702,40182500,INTC
2022-08-31,30.36957550048828,30.816745913958847,30.226861693185292,30.816745913958847,44074500,INTC
2022-09-01,30.21734619140625,30.2839458449501,29.617945680102665,30.036574406998323,36440700,INTC
2022-09-02,29.70357322692871,30.807231068816066,29.551344934538257,30.645486466608773,34893300,INTC
2022-09-06,28.885345458984375,29.865314825394012,28.85680197478343,29.865314825394012,46989600,INTC
2022-09-07,29.1612606048584,29.2944617258229,28.59040358349403,28.942432654658464,37329500,INTC
2022-09-08,29.256404876708984,29.351548019736743,28.45720537880301,28.894863110848906,37359500,INTC
2022-09-09,29.931915283203125,29.96997326316683,29.570373547069764,29.675031177265584,34069500,INTC
2022-09-12,30.02705955505371,30.312488971473055,29.589403657130262,30.19831684196443,38305500,INTC
2022-09-13,27.867319107055664,29.427660004910727,27.82926112676438,29.332516868886895,71417900,INTC
2022-09-14,27.762662887573242,28.324005422480926,27.600920092520106,28.114690149644826,40767200,INTC
2022-09-15,27.439178466796875,27.98149203370225,27.315491833994688,27.73412058280243,39919100,INTC
2022-09-16,27.81974983215332,27.895863986787894,27.03957929347279,27.305979742046095,72748000,INTC
2022-09-19,28.010034561157227,28.067119720267634,27.496262685050105,27.610434817975406,33151900,INTC
2022-09-20,27.553346633911133,27.753147404078266,27.3154896975768,27.65800426660365,31129000,INTC
2022-09-21,27.087148666381836,28.15274859509546,27.07763417066869,27.734119857239627,39977300,INTC
2022-09-22,26.706575393676758,27.115689597251134,26.67803372393253,27.020546463793597,36092700,INTC
2022-09-23,26.183292388916016,26.54483413922103,25.869321300725936,26.54483413922103,43491100,INTC
2022-09-26,25.660005569458008,26.354549200862078,25.555349751751304,26.221348082874012,44786400,INTC
2022-09-27,25.583890914916992,26.25940554253098,25.3270068086398,26.069119271869596,44121400,INTC
2022-09-28,25.812236785888672,25.954952415228984,25.307981186528885,25.555352645426254,40433400,INTC
2022-09-29,25.098661422729492,25.47923394683863,24.917891469952366,25.47923394683863,41831300,INTC
2022-09-30,24.518293380737305,25.27943484950694,24.48974989514429,25.022548923283036,43821000,INTC
2022-10-03,25.660005569458008,25.926405990729734,24.803720963897725,25.05109239478481,44096200,INTC
2022-10-04,26.354549407958984,26.449690731221,25.774177899597717,26.09766347986094,42427500,INTC
2022-10-05,26.297462463378906,26.487748739507303,25.58389164995404,26.040578349721315,30120000,INTC
2022-10-06,25.859806060791016,26.411634073076065,25.688548778581108,26.107177489015953,33985100,INTC
2022-10-07,24.470720291137695,25.003521120620693,24.40412064112841,24.89886349077504,57215500,INTC
2022-10-10,23.975980758666992,24.727607760492898,23.871323122262893,24.68003709742075,43409300,INTC
2022-10-11,23.823753356933594,24.242380288916017,23.49075325876679,23.795209869192025,48134900,INTC
2022-10-12,24.09966278076172,24.28043454597076,23.462206170007562,23.833262380174936,39634100,INTC
2022-10-13,25.136722564697266,25.536322313541532,23.395609762169638,23.528809073549557,62447000,INTC
2022-10-14,24.651493072509766,25.33652040519587,24.50877927170488,25.174777613695817,48185400,INTC
2022-10-17,25.136722564697266,25.450693666310293,24.89886561454483,25.03206492592475,39416500,INTC
2022-10-18,24.613435745239258,25.650490283364082,24.299464672391256,25.441176839700198,51126900,INTC
2022-10-19,24.737123489379883,24.974980446008537,24.44218137127763,24.489752036721537,33882300,INTC
2022-10-20,24.813236236572266,25.64097919719597,24.68955142460546,24.879835890300885,33247700,INTC
2022-10-21,25.660005569458008,25.73611971629216,24.537322357330403,24.594407513779913,53058700,INTC
2022-10-24,25.859806060791016,26.145233654671273,25.23186390249094,25.450691845446098,43831600,INTC
2022-10-25,26.078636169433594,26.221349978225323,25.688550911874092,25.859808208305978,32205300,INTC
2022-10-26,25.888349533081055,26.449692079523206,25.679036070648454,25.869322356281373,37111100,INTC
2022-10-27,24.994007110595703,26.24989143429279,24.860805993288405,26.116692131689884,56305100,INTC
2022-10-28,27.658004760742188,27.800718562151634,26.506778039374286,26.811234632968954,91695700,INTC
2022-10-31,27.04909324645996,27.762664112343902,26.68754965817755,27.66752096728513,59507700,INTC
2022-11-01,26.92540168762207,27.448687982360752,26.535316497479094,27.40111551118221,44418700,INTC
2022-11-02,26.08814811706543,27.44869004504039,26.078633622114737,26.896862040830722,51956100,INTC
2022-11-03,26.059602737426758,26.525802067887323,25.850289307843717,26.116689702980135,39678200,INTC
2022-11-04,27.1926326751709,27.23120282791374,26.43085238695134,26.585136676350324,43051900,INTC
2022-11-07,27.395130157470703,27.452986306280927,26.893705296545274,27.346917006664487,34389800,INTC
2022-11-08,27.462629318237305,27.915841028586772,26.93227730224422,27.732627744845203,36258000,INTC
2022-11-09,26.536924362182617,27.289059836909928,26.536924362182617,27.211917689778566,30544800,INTC
2022-11-10,28.696908950805664,28.764408105829368,27.626559951961106,27.84834341538586,62943900,INTC
2022-11-11,29.342973709106445,29.535828165320652,27.838700858094295,27.89655701103716,49826500,INTC
2022-11-14,29.26582908630371,29.882966236793685,29.101901800803088,29.256186088425583,39395300,INTC
2022-11-15,29.61297035217285,30.220466396071025,29.092261296616932,29.98903994480018,40933200,INTC
2022-11-16,28.475122451782227,29.150115769275452,28.388337307656638,29.034403469917226,35582800,INTC
2022-11-17,28.8222599029541,28.880117889265293,27.96405333735606,28.031552482172028,31983300,INTC
2022-11-18,28.802978515625,29.1790462667312,28.55226606848289,29.1790462667312,27122200,INTC
2022-11-21,27.906198501586914,28.65833396683814,27.87726950707193,28.600477817022007,36086800,INTC
2022-11-22,28.754762649536133,28.793334642947404,28.021911327646837,28.099053475255506,25584100,INTC
2022-11-23,28.610124588012695,29.00547836911696,28.436554276461735,28.667980745458323,23143900,INTC
2022-11-25,28.291912078857422,28.619766692824296,28.291912078857422,28.619766692824296,11314900,INTC
2022-11-28,27.703699111938477,28.147267830060994,27.520487665022543,28.060482686063413,28267900,INTC
2022-11-29,27.86762809753418,28.13762654409084,27.713343796420073,27.81941494314125,24361500,INTC
2022-11-30,28.995830535888672,29.00547353372441,27.21191639898036,27.74227024466325,72072500,INTC
2022-12-01,28.764404296875,29.3911844466584,28.465478718833158,29.15975801470209,38896300,INTC
2022-12-02,28.359411239624023,28.3786972379118,27.684416013264055,28.127984777812785,31546000,INTC
2022-12-05,28.127981185913086,28.687262190341098,27.857982762004674,28.369050616084017,34040400,INTC
2022-12-06,27.578346252441406,28.262982627592987,27.327633796421193,28.147270318176886,27701200,INTC
2022-12-07,27.317991256713867,27.530131720352628,27.144420950457597,27.26977810018225,28239900,INTC
2022-12-08,27.424060821533203,27.578345120565167,27.06727723051309,27.30834667765227,28486100,INTC
2022-12-09,27.2312068939209,27.75191782780238,27.18299373598998,27.375848206927728,25641300,INTC
2022-12-12,27.665130615234375,27.684414773444505,26.864780114274833,27.125133722644026,35117900,INTC
2022-12-13,27.703699111938477,29.01511743082299,27.35656037516198,28.725834843640268,58546800,INTC
2022-12-14,27.250490188598633,28.079769665058897,27.00942074443822,27.491559632759046,37141100,INTC
2022-12-15,26.18014144897461,26.999777932629357,26.151214292572266,26.94192178061076,45682700,INTC
2022-12-16,25.958354949951172,26.170495375234097,25.505145107168403,26.03549708998257,81104200,INTC
2022-12-19,25.833005905151367,26.006574382757933,25.553364430448205,25.93907522381969,37662500,INTC
2022-12-20,25.49550437927246,25.910144108555976,25.476218382744424,25.59193252269879,31863300,INTC
2022-12-21,25.871572494506836,26.00657079375305,25.630503052016383,25.64014605042167,28100900,INTC
2022-12-22,25.04229164123535,25.505146343065903,24.444440486825474,25.505146343065903,47478300,INTC
2022-12-23,25.158010482788086,25.254438640342105,24.762656692109314,24.99408316671049,23600900,INTC
2022-12-27,25.013364791870117,25.16764908129055,24.733723367786958,24.9265796491694,29548100,INTC
2022-12-28,24.627655029296875,25.186936060072682,24.589083035829773,24.916937623444614,26176900,INTC
2022-12-29,25.273717880249023,25.35086186264532,24.83015101675294,24.849437012352013,30944800,INTC
2022-12-30,25.48586082458496,25.514787979531604,24.878364821712026,24.974792963033074,31030100,INTC
2023-01-03,25.775144577026367,26.102999168842448,25.428005827443503,26.08371317186176,31308000,INTC
2023-01-04,26.69120979309082,26.922636244340204,26.18978489577685,26.430854345730037,37665200,INTC
2023-01-05,26.575496673583984,26.78763897482769,26.40192636864423,26.45978436310016,33552600,INTC
2023-01-06,27.703699111938477,27.800127254070663,26.40192379118857,26.932277653308667,31788600,INTC
2023-01-09,28.26297950744629,28.80297635582074,27.80976964037389,27.80976964037389,37493200,INTC
2023-01-10,28.38833999633789,28.455839150558727,27.886915080391674,28.195483693523496,23008100,INTC
2023-01-11,28.78369140625,28.812618561855047,27.964054945186252,28.61976411403725,30375400,INTC
2023-01-12,29.207975387573242,29.294758697326316,28.41726604818337,28.90904794592512,28963900,INTC
2023-01-13,29.034406661987305,29.092262818027177,28.745122203359855,28.899406512275544,31361900,INTC
2023-01-17,28.542621612548828,29.179044776949084,28.465479466537094,29.101902630937353,34759100,INTC
2023-01-18,27.78084373474121,28.754764562604766,27.607273431270517,28.73547856461602,44199600,INTC
2023-01-19,27.40477180480957,27.732626363931956,27.231201527719634,27.58798507942825,36886600,INTC
2023-01-20,28.17619514465332,28.185838142842474,27.240846390871358,27.404773681659314,35158500,INTC
2023-01-23,29.18868637084961,29.40082680237245,28.137623532497187,28.28226481940884,38795800,INTC
2023-01-24,28.85118865966797,29.1115440782934,28.667975382944846,28.87047465494698,24855100,INTC
2023-01-25,28.639053344726562,28.822264814961045,28.127985413828632,28.46548303463994,28268000,INTC
2023-01-26,29.015119552612305,29.034405550291837,28.28226819371583,28.986190556093007,56088100,INTC
2023-01-27,27.15406036376953,27.231202507561513,25.82335792355445,26.102997505095207,148548200,INTC
2023-01-30,26.95156478881836,27.49155983268477,26.681566347278196,26.729779500775336,55145800,INTC
2023-01-31,27.250490188598633,27.279419184014884,26.546567853061564,26.787637297221977,52621600,INTC
2023-02-01,28.031553268432617,28.37869383918174,26.691207814594986,26.893705254722768,63330600,INTC
2023-02-02,29.11154556274414,29.217614863759888,27.77119824992596,28.205123969761672,62230700,INTC
2023-02-03,29.236902236938477,30.056538724554706,28.4751237408344,28.5619088888887,57603100,INTC
2023-02-06,28.002225875854492,28.939211261132034,27.924143760414697,28.84160815142617,48726400,INTC
2023-02-07,28.353595733642578,28.56832295693167,27.748459777304095,27.963185138968626,50780800,INTC
2023-02-08,27.56301498413086,28.421920183249103,27.533733490425252,28.255995442166576,36479100,INTC
2023-02-09,27.06524085998535,28.129110934064443,26.909076616232884,27.99246768618719,43906400,INTC
2023-02-10,27.133562088012695,27.319007822872113,26.68459035918154,26.967637348743658,31232500,INTC
2023-02-13,27.865581512451172,27.865581512451172,27.05547884529115,27.201884444523,32347500,INTC
2023-02-14,27.95342445373535,28.031506572145943,27.31900700894623,27.699657103494793,27928900,INTC
2023-02-15,28.15839195251465,28.187671584208548,27.4849324991859,27.680138731393377,23359400,INTC
2023-02-16,27.52397346496582,28.138869908751705,27.455649983101143,27.816780940744902,28972500,INTC
2023-02-17,26.948118209838867,27.397089938587733,26.72363048383983,27.32876831565852,32086200,INTC
2023-02-21,25.435274124145508,26.616268274114095,25.415754990518632,26.460104035351655,63668400,INTC
2023-02-22,24.859418869018555,26.25513844214591,24.693494125465836,25.28887147497112,89195300,INTC
2023-02-23,24.996061325073242,25.454793514818004,24.71301249664335,25.161986051002106,56473200,INTC
2023-02-24,24.53732681274414,24.742293522864312,24.32260146742129,24.615408925736485,44089900,INTC
2023-02-27,24.303081512451172,24.966780432064013,24.283560517962677,24.93749894033127,37657000,INTC
2023-02-28,24.33236312866211,24.517808854002507,24.13715690602753,24.34212362595629,50255300,INTC
2023-03-01,24.7227725982666,25.298628881302818,24.37140215800737,24.429965139133525,47823400,INTC
2023-03-02,25.571918487548828,25.669519737725928,24.5178089756653,24.605649728499785,48309300,INTC
2023-03-03,25.767122268676758,25.845204384032996,25.386472189018157,25.5719179110984,36744900,INTC
2023-03-06,25.366952896118164,25.903769104117636,25.30839177107945,25.8354456196771,37879800,INTC
2023-03-07,24.91798210144043,25.366953846261588,24.888700607012005,25.220550097368804,43164600,INTC
2023-03-08,25.35719108581543,25.386472577631434,24.839897761770864,24.947259508513874,36071900,INTC
2023-03-09,25.80616569519043,26.33321953780848,25.347431612988608,25.35719211065509,54886100,INTC
2023-03-10,26.56746482849121,26.860274161836333,25.689040551704853,25.913526404132295,65187000,INTC
2023-03-13,26.30394172668457,26.65531035887003,25.97209222955824,26.09897498475374,50977000,INTC
2023-03-14,27.33852767944336,27.42637029431564,26.5967466325355,26.694349744796313,47689800,INTC
2023-03-15,27.72893714904785,27.816779760379003,26.996916629037877,27.065238246378897,49322800,INTC
2023-03-16,29.456506729125977,29.544349342562693,27.709416819245153,27.709416819245153,75779500,INTC
2023-03-17,29.09537696838379,30.25685012340821,28.73424786425932,29.202740580670582,80628500,INTC
2023-03-20,28.46095848083496,29.183218524450513,27.94366329508857,29.085615413340413,38780100,INTC
2023-03-21,27.777740478515625,28.470720939680174,27.30924774685839,28.30479619784849,55650800,INTC
2023-03-22,27.455650329589844,28.421919107429034,27.426370698617145,27.797260296726222,37415500,INTC
2023-03-23,28.334074020385742,28.460956753993234,27.54349054382387,27.699654767475117,43785500,INTC
2023-03-24,28.656164169311523,29.095375368689577,28.23647210249233,28.343835708876163,55912100,INTC
2023-03-27,28.480480194091797,29.01729452630721,28.382877080518664,28.665925923718298,34758200,INTC
2023-03-28,28.587844848632812,28.62688497851229,27.943665020187566,28.38287811648555,37407900,INTC
2023-03-29,30.764387130737305,31.125516261865172,29.046578513822435,29.056339012180583,85556200,INTC
2023-03-30,31.320720672607422,31.798975756041244,31.047432319448752,31.086474310596248,70077600,INTC
2023-03-31,31.886816024780273,32.11130562192371,30.96935153278936,31.037673158615846,59765000,INTC
2023-04-03,32.10154342651367,32.755483778380075,31.759935295631553,32.15034405617549,57038300,INTC
2023-04-04,32.3065071105957,33.02876906193482,32.052741611786914,32.062500248058726,55714100,INTC
2023-04-05,32.0429801940918,32.19914442362998,31.56472514680358,32.01369684131975,39615700,INTC
2023-04-06,32.02346420288086,32.20890809091326,31.681852337663894,31.81849559445088,28551900,INTC
2023-04-10,31.74041175842285,31.974656251348996,31.428083285688604,31.81849201498187,30534400,INTC
2023-04-11,31.574487686157227,32.31627066061575,31.545208053013916,31.877057547219174,27059100,INTC
2023-04-12,31.252399444580078,32.10154228489594,31.193836457118923,31.984420033222882,37070800,INTC
2023-04-13,31.359764099121094,31.65257159963099,30.891269492030702,31.057194238752892,29722300,INTC
2023-04-14,31.125513076782227,31.467124899485984,30.930308714468747,31.23287668611058,24623600,INTC
2023-04-17,31.36952018737793,31.85753388966632,31.008391090194262,31.18407632087801,29601100,INTC
2023-04-18,31.066953659057617,31.68185013344323,31.018153031207433,31.652570501382968,26041400,INTC
2023-04-19,30.40325355529785,30.76438451737318,30.334931934219302,30.35445292927733,25746600,INTC
2023-04-20,30.12020492553711,30.50085500022003,29.973799332236496,30.022601817211516,30255100,INTC
2023-04-21,29.573631286621094,30.100687008481,29.505309662296582,30.100687008481,28655800,INTC
2023-04-24,28.948972702026367,29.64195312806772,28.900172076394732,29.407704912487166,38732500,INTC
2023-04-25,28.18766975402832,28.86112916363043,28.1779111185137,28.73424642407108,38289900,INTC
2023-04-26,28.353595733642578,29.095376794335365,28.148630869547965,28.5000013355668,41218800,INTC
2023-04-27,29.144180297851562,29.23202291741756,27.826542865986188,28.06078923095398,60186200,INTC
2023-04-28,30.315410614013672,31.789212215845687,30.071403763279058,31.213355899182034,80252400,INTC
2023-05-01,29.573631286621094,30.491097620067237,29.554112152260263,30.36421486941095,36918500,INTC
2023-05-02,29.056337356567383,29.846919062283263,29.036816360963385,29.573630708701103,33463400,INTC
2023-05-03,29.915241241455078,30.3642148405713,29.524830630239645,29.90548074347161,45554500,INTC
2023-05-04,30.615957260131836,31.086368450197742,29.77313580932783,29.831938610021997,46104000,INTC
2023-05-05,30.370952606201172,30.78256288390154,30.11614606579161,30.753161482191516,35024600,INTC
2023-05-08,30.155345916748047,30.223947313565983,29.78293566366801,30.08674451993011,30882800,INTC
2023-05-09,29.49873161315918,29.96914282549875,29.31252647397343,29.773137219066594,30706500,INTC
2023-05-10,29.371326446533203,29.792737178090977,28.90091524959575,29.684935780406107,40526500,INTC
2023-05-11,28.28350257873535,29.08712222504971,28.244300708550234,29.008720353927533,47144400,INTC
2023-05-12,28.3717041015625,28.518707372033433,28.146297092975864,28.450105970430197,24153800,INTC
2023-05-15,29.204721450805664,29.234122850780377,28.303099079974526,28.322700013291,28717500,INTC
2023-05-16,28.636308670043945,29.30272547676297,28.626508202974787,29.028319875818404,22812000,INTC
2023-05-17,28.29330062866211,28.96951600834132,28.107095499689855,28.930316010753835,41667300,INTC
2023-05-18,29.087121963500977,29.165523833918176,28.293302791870843,28.420705130330777,36529200,INTC
2023-05-19,29.33212661743164,29.63593361688515,28.910715883440798,29.008718684013914,40683000,INTC
2023-05-22,29.67513656616211,29.841740772433006,29.224324414797557,29.25372581681525,28693400,INTC
2023-05-23,28.920516967773438,29.59673424999005,28.900916033390814,29.44972911136836,29400900,INTC
2023-05-24,28.420705795288086,28.900917496484908,28.244301115410053,28.724512816606875,28045800,INTC
2023-05-25,26.852664947509766,27.724887829401666,26.323452807345937,27.724887829401666,78009400,INTC
2023-05-26,28.420705795288086,28.508908135227102,26.558659927377448,26.891868351758603,71910600,INTC
2023-05-30,29.390928268432617,29.439930604540834,28.420704444465784,29.106722195996916,54874800,INTC
2023-05-31,30.811965942382812,31.644987009812084,29.07732240242681,29.10672380571776,136243800,INTC
2023-06-01,30.508155822753906,31.30197685645799,30.400354420184527,31.16477218253184,52667400,INTC
2023-06-02,30.684558868408203,30.958966332449027,30.214147675122152,30.772761200805327,36521000,INTC
2023-06-05,29.263526916503906,30.772763403645975,29.234125513850884,30.684561064934964,48244100,INTC
2023-06-06,30.341550827026367,30.82176436940935,29.106721878535176,29.175323279090467,42295300,INTC
2023-06-07,30.655160903930664,30.74336324083592,30.312152023660012,30.41015482791563,39098000,INTC
2023-06-08,31.184371948242188,31.213773349248747,30.439553279307525,30.802163081396642,35199000,INTC
2023-06-09,30.713960647583008,31.35097604666667,30.067144781529084,31.292175114093027,40218000,INTC
2023-06-12,32.40940475463867,32.63480990512271,30.73356402375987,30.772764025508007,59881600,INTC
2023-06-13,33.23262023925781,33.27182210422168,32.40939976749475,33.095417450379905,51990000,INTC
2023-06-14,34.869266510009766,34.88886370620157,33.12482070775246,33.193422109911886,74404300,INTC
2023-06-15,35.10447311401367,35.692486248650205,34.516459979377146,34.575259049742996,67676300,INTC
2023-06-16,35.64348220825195,36.064892949994906,34.8888630599796,35.63368361033754,110240300,INTC
2023-06-20,34.30084991455078,36.36870175041591,34.02644431155308,36.03549334456329,65970200,INTC
2023-06-21,32.2427978515625,34.349847649977356,32.17419645626733,34.22244345650248,70973500,INTC
2023-06-22,32.05659484863281,32.57601028427737,31.488182682818767,32.03699391346735,45740300,INTC
2023-06-23,32.34080123901367,32.781812912699415,31.390176491123963,31.56658116059826,46327100,INTC
2023-06-26,32.67401123046875,33.31102853878273,32.43880374691549,32.527006085935945,38952400,INTC
2023-06-27,33.41883087158203,33.546235091607585,32.3506041155903,32.55641208286126,33038900,INTC
2023-06-28,32.89942169189453,33.13462921344417,32.3702075722804,32.93862356856893,33906900,INTC
2023-06-29,32.252601623535156,32.67401239853167,31.84099318572252,32.67401239853167,38313000,INTC
2023-06-30,32.772010803222656,32.88961640935033,32.49760519925002,32.69361080430017,33811300,INTC
2023-07-03,32.94841766357422,33.21302468720255,32.47800642328926,32.8700176594415,15753000,INTC
2023-07-05,31.860591888427734,32.664215343143134,31.850793289277156,32.644614406345546,37664700,INTC
2023-07-06,31.331377029418945,31.399980302407595,30.753162527536734,31.262775625678355,41693600,INTC
2023-07-07,31.213775634765625,31.76258874233732,31.184374231606252,31.36077891206632,28356300,INTC
2023-07-10,32.08599853515625,32.1742008752923,31.135373729078424,31.23337653692382,36305700,INTC
2023-07-11,32.63480758666992,32.69361038898678,31.850788914924802,32.16439638362285,28148800,INTC
2023-07-12,33.30122756958008,33.39923224945889,32.39960694567266,33.017019605675934,37762200,INTC
2023-07-13,33.193416595458984,33.614827274998085,32.94841056030813,33.46782589700482,32745800,INTC
2023-07-14,32.48780822753906,33.19342320714573,32.340803081768925,33.105220867382876,30438700,INTC
2023-07-17,33.68342971801758,33.90883482877848,32.40939904313201,32.49760136808154,34111200,INTC
2023-07-18,33.81083297729492,34.006838553847885,33.15421859511221,33.59522646923711,29662200,INTC
2023-07-19,33.771636962890625,34.144047248986105,33.644236493788966,33.712837896688654,26486700,INTC
2023-07-20,32.70341110229492,33.5266316955034,32.5662082931762,33.02682092821433,37878000,INTC
2023-07-21,33.34042739868164,33.56583254084737,32.752410570926834,33.05621945219162,79737000,INTC
2023-07-24,32.958213806152344,33.77163192131636,32.88961241349377,33.164017984128066,25225800,INTC
2023-07-25,33.41883087158203,33.654038374821795,32.73281677566697,33.026823350844346,31771100,INTC
2023-07-26,33.67363357543945,33.840235902211106,33.02681772483363,33.04641865830602,32643200,INTC
2023-07-27,33.85983657836914,34.330247762644376,33.42862726074078,34.12444357049192,58890800,INTC
2023-07-28,36.094295501708984,36.251099234687665,34.80066003151501,36.0158917659717,90863000,INTC
2023-07-31,35.05546569824219,36.44709825250526,34.957461036219414,36.13349081102357,55630700,INTC
2023-08-01,35.084869384765625,35.300475928267105,34.57525629735052,35.10447031949267,24702200,INTC
2023-08-02,33.703033447265625,34.47725350402442,33.59523018132506,34.44785397276639,39052000,INTC
2023-08-03,34.17344284057617,34.3302465631894,33.44822702542588,33.605030748039106,24817900,INTC
2023-08-04,34.56195068359375,34.975043685807705,33.91280775321122,33.91280775321122,26674900,INTC
2023-08-07,34.65046691894531,34.965202626684565,34.17836335733644,34.82750622354184,22486900,INTC
2023-08-08,34.44392395019531,34.52260600489445,33.30300601746458,34.09967917404251,34753600,INTC
2023-08-09,33.716094970703125,34.52260572248699,33.66691821792523,34.4242522169312,28720200,INTC
2023-08-10,34.10951232910156,34.51276765572121,33.9128015900796,34.12918377819829,30957300,INTC
2023-08-11,34.316062927246094,34.37507728487278,33.79478256668778,33.89313607745299,28783700,INTC
2023-08-14,35.09306335449219,35.12256865307454,33.90296878702895,34.09967578017183,36896100,INTC
2023-08-15,34.198036193847656,35.04388984965245,34.17836474232362,34.82750763483381,27420300,INTC
2023-08-16,32.978431701660156,34.06033899883146,32.90958349888829,33.952147893919765,35757300,INTC
2023-08-17,32.044063568115234,33.037447503043396,31.817843746867872,33.007942201118006,39906700,INTC
2023-08-18,32.21126174926758,32.368629595522066,31.650638562489394,31.699815310954158,23701100,INTC
2023-08-21,32.594852447509766,32.62435775236178,31.493277293662434,32.06373444849641,43718200,INTC
2023-08-22,32.34896469116211,33.24399520132266,32.28995408184249,32.6735380502047,23425300,INTC
2023-08-23,33.4210319519043,33.58823741993685,32.26044253360494,32.3391283425487,32324300,INTC
2023-08-24,32.05389404296875,33.52921901502571,31.955540545609786,33.165306572463045,37931000,INTC
2023-08-25,32.703041076660156,32.85057509357383,31.81784447906994,31.994883798587985,27324800,INTC
2023-08-28,33.06695556640625,33.22432344305988,32.66370014798469,32.948930596902564,22341800,INTC
2023-08-29,33.74560546875,33.912807185742764,32.9194232300927,32.93909468243524,29943600,INTC
2023-08-30,33.96198272705078,34.089845286735404,33.22432017432113,33.499716745329984,26279200,INTC
2023-08-31,34.56195068359375,34.975043685807705,33.73576843111181,33.75543988378352,48157600,INTC
2023-09-01,36.00777053833008,36.14546695499011,35.14224538110789,35.20125973908189,43808500,INTC
2023-09-05,36.10612487792969,36.79461072896934,35.8602373419831,35.97826606063861,43379400,INTC
2023-09-06,36.37167739868164,36.43069174751434,35.43730417786343,35.95858821268886,39643400,INTC
2023-09-07,37.551944732666016,37.709312605354064,36.1454677290402,36.22415354135724,67659700,INTC
2023-09-08,37.38473892211914,38.19125348335013,37.08967463246908,37.49293003711157,44255200,INTC
2023-09-11,37.955196380615234,38.10273038812013,37.217533846982086,37.61095536569803,36349300,INTC
2023-09-12,38.22075271606445,39.410847288064396,38.014208121309835,38.014208121309835,55326600,INTC
2023-09-13,38.07322311401367,38.50598755520661,37.62079097271727,38.161742772262606,35407800,INTC
2023-09-14,38.033878326416016,38.26009813780729,37.66996586139009,38.17157848394199,30616500,INTC
2023-09-15,37.25687789916992,37.88634934698742,37.001152778527945,37.78799208829982,68881200,INTC
2023-09-18,37.36506652832031,37.758484281127345,36.892959221839014,37.00115032324325,29322200,INTC
2023-09-19,35.742210388183594,37.473256894153685,35.42747465982539,37.41424629005267,53288100,INTC
2023-09-20,34.11935043334961,35.653689886763196,34.06033983064438,35.62418458541059,57660800,INTC
2023-09-21,34.08000946044922,34.67013796763067,33.893132556683504,34.00132365845407,45240600,INTC
2023-09-22,33.61774444580078,34.316064152221024,33.578401539311905,34.237382091189346,29232700,INTC
2023-09-25,33.72593307495117,33.804615130179045,33.21448658415974,33.44070265186533,21729400,INTC
2023-09-26,33.27349853515625,34.20786804017717,33.08662163259565,33.578396636057406,34198300,INTC
2023-09-27,34.040672302246094,34.25705454229174,33.32268112166737,33.36202027735607,44369100,INTC
2023-09-28,34.601287841796875,35.073391371665416,33.8144486253493,34.08000756439011,32265300,INTC
2023-09-29,34.965206146240234,35.319284791074416,34.58162219831852,35.06356340977526,28763700,INTC
2023-10-02,34.87668228149414,35.388128734395956,34.40457872926451,35.024216283042065,26086200,INTC
2023-10-03,35.10289764404297,35.93891738317694,34.68980845092264,34.68980845092264,45292600,INTC
2023-10-04,35.33895492553711,35.919249626936264,34.74882637412426,35.919249626936264,39842200,INTC
2023-10-05,35.29961013793945,35.50615474471777,35.01437972746714,35.37829594163346,25771200,INTC
2023-10-06,35.59467315673828,35.86023210702724,34.6012893073867,35.279937456828144,33262200,INTC
2023-10-09,35.46681594848633,35.57500330172597,34.9160265729728,35.11273733222375,19376100,INTC
2023-10-10,35.83073425292969,36.135636167049505,35.22093417663633,35.54550379313498,24044100,INTC
2023-10-11,36.27332305908203,36.42085329981509,35.78154808608126,36.01759797203227,19262600,INTC
2023-10-12,36.233985900878906,36.6077359901128,35.79138760467375,36.19464299633936,23639200,INTC
2023-10-13,35.378292083740234,36.184802723928144,35.2701009914317,36.135625977954774,28390100,INTC
2023-10-16,35.95859146118164,36.3323377817168,35.4864878837064,35.54549848592473,29555800,INTC
2023-10-17,35.46681594848633,35.75204260985726,34.493099753764234,35.3291157906487,24993600,INTC
2023-10-18,35.0537223815918,35.42747244260579,34.8668492270576,34.935697428830494,22086000,INTC
2023-10-19,35.08323287963867,35.76188490044113,34.93570260481573,35.36846333035431,29201800,INTC
2023-10-20,34.3455696105957,35.683198421665395,34.296392853236455,35.063564525435886,32303300,INTC
2023-10-23,33.29317092895508,34.61112827418337,32.840738762430185,34.03083353818108,53924700,INTC
2023-10-24,34.02099609375,34.13902104821362,33.08662280371101,33.08662280371101,52673900,INTC
2023-10-25,32.289947509765625,33.88329742018063,32.01455096519045,33.617738476453894,44658500,INTC
2023-10-26,31.98504638671875,32.67353213574068,31.62113393798613,32.34895883545136,59142500,INTC
2023-10-27,34.95536422729492,35.78154629055606,34.03082492320204,34.08983926770109,84128200,INTC
2023-10-30,35.10289764404297,35.36845659045408,34.34556370471026,34.886519198480364,36656300,INTC
2023-10-31,35.899574279785156,35.968422478248286,35.034049246604525,35.073392146282146,41185200,INTC
2023-11-01,36.67658233642578,36.706087637360646,35.68319468290073,35.899576894944936,41710700,INTC
2023-11-02,37.07984161376953,37.19786658188791,36.30283609043588,36.961816645651155,35440000,INTC
2023-11-03,37.512596130371094,37.689635429255695,37.05032643306735,37.37489973167095,30502700,INTC
2023-11-06,37.448463439941406,37.69515950507372,37.34978275531855,37.5175380370358,23877200,INTC
2023-11-07,38.25762176513672,38.385904758025376,37.47806138691897,37.73462737269627,32052000,INTC
2023-11-08,37.418853759765625,38.37603560514898,37.251102258437705,38.336563335089636,33483400,INTC
2023-11-09,37.30044174194336,38.010927565462474,37.270839420724386,37.54713779018939,48955800,INTC
2023-11-10,38.346431732177734,38.47471472253525,37.73462662816008,37.73462662816008,38862500,INTC
2023-11-13,37.72475814819336,38.060264914615274,37.63594742283806,37.84317119390614,24558300,INTC
2023-11-14,38.88916778564453,38.96811233380719,37.56687671818588,38.28722878089558,45457400,INTC
2023-11-15,40.073307037353516,40.300266952053384,39.05692051407083,39.066786699804304,47392100,INTC
2023-11-16,42.7770881652832,42.82643038048199,40.28052565895118,40.45814709367577,86405700,INTC
2023-11-17,43.23101806640625,43.23101806640625,41.99753779046285,42.34291076201377,49735000,INTC
2023-11-20,44.14872741699219,44.33621506262218,43.20141171013172,43.20141171013172,44564900,INTC
2023-11-21,43.063262939453125,44.06978329979618,42.72775615267211,43.911897974504114,37252100,INTC
2023-11-22,43.09286117553711,44.04017680174799,42.96458194884538,43.44810406483085,31481200,INTC
2023-11-24,43.3790283203125,43.41850058791116,43.0336553895308,43.10272997568714,13037100,INTC
2023-11-27,43.4974479675293,43.96123396715262,43.07313047380296,43.07313047380296,33339900,INTC
2023-11-28,43.64546203613281,43.79348116276332,43.082995377789274,43.11259769740228,24548900,INTC
2023-11-29,44.34607696533203,44.740792118757376,44.010570214205295,44.010570214205295,38982000,INTC
2023-11-30,44.1092529296875,44.49409815176386,43.82308461840098,44.05991447429258,46263000,INTC
2023-12-01,43.16194152832031,43.77374666363665,42.29357039916354,43.77374666363665,43928400,INTC
2023-12-04,41.790306091308594,42.73762170997078,41.13902872088735,42.72775176074531,50417600,INTC
2023-12-05,41.365989685058594,41.731102530170645,41.06008900826224,41.35612349986118,31859300,INTC
2023-12-06,40.72458267211914,42.027137460168056,40.6259019977016,41.91859060045017,31992300,INTC
2023-12-07,41.59295654296875,41.87912110704372,40.63577464121815,41.19824134769675,29118700,INTC
2023-12-08,42.135684967041016,42.39224719590146,41.257447654791754,41.28704997543026,42815000,INTC
2023-12-11,43.95136642456055,44.138854055701096,42.51066248602941,42.58960325966863,48288200,INTC
2023-12-12,43.457977294921875,43.85268871838199,43.05339592141253,43.77374793940317,31452200,INTC
2023-12-13,43.9809684753418,44.128987600899464,42.75735825929165,43.497446358514516,35216100,INTC
2023-12-14,44.582908630371094,46.44793008966711,44.05991423037119,44.41515336581766,70620800,INTC
2023-12-15,45.54995346069336,46.645284403284116,45.066427600130005,45.33285975624256,84583400,INTC
2023-12-18,45.0861701965332,45.61903458514181,44.800005630161714,45.54009380402375,27895700,INTC
2023-12-19,46.0433464050293,46.06308253893593,44.908543173235216,44.99735389367373,35358800,INTC
2023-12-20,45.155242919921875,46.32951851625015,45.096038277608145,46.023614061925066,38159100,INTC
2023-12-21,46.457801818847656,46.497270325887236,45.411809214497815,45.865729041858266,28320500,INTC
2023-12-22,47.365638732910156,47.52352404478188,46.57621217355154,46.625550627708435,30095700,INTC
2023-12-26,49.83259963989258,49.852335774632216,48.06625510566455,48.27347887400653,60287400,INTC
2023-12-27,50.08916091918945,50.60228911990351,49.52669426469732,49.96088169222299,52148000,INTC
2023-12-28,49.72405242919922,50.19770836675126,49.497092527723204,50.13850372723399,27705200,INTC
2023-12-29,49.58590316772461,49.9016737922272,49.11224723097072,49.63524162200012,29288700,INTC
2024-01-02,47.16828155517578,48.727402316983216,46.82290860884264,48.54978086907395,45905700,INTC
2024-01-03,46.42819595336914,47.178154054921954,46.181499902857844,46.4775344106148,35858400,INTC
2024-01-04,46.250572204589844,46.536740512433994,44.64211674522337,45.11577268702602,47797800,INTC
2024-01-05,46.27030563354492,47.197885092412385,46.023609609681465,46.40845480462325,34344000,INTC
2024-01-08,47.809696197509766,48.11559689647681,46.349256004061985,46.44793292031915,42135100,INTC
2024-01-09,47.41497802734375,47.91824005579795,47.16828198790462,47.37550575760561,30097000,INTC
2024-01-10,46.84264373779297,47.6616726062049,46.31964559049682,47.60246796769483,31480200,INTC
2024-01-11,47.010398864746094,47.2077564583543,46.11242538989763,46.81304127113789,31707900,INTC
2024-01-12,46.49726486206055,47.039995353979776,45.994006636825546,46.97092076942365,27587900,INTC
2024-01-16,46.43806076049805,46.59594606476858,45.767047276277616,46.35911622622149,43720700,INTC
2024-01-17,45.45127868652344,45.80651781369869,45.04669734109243,45.80651781369869,33488000,INTC
2024-01-18,46.122291564941406,46.94132042959796,45.55982115169575,46.408456099754304,46681300,INTC
2024-01-19,47.5136604309082,48.11559562704901,45.826256598878,46.37885710247488,55979800,INTC
2024-01-22,47.582733154296875,48.520175090034456,47.01039653759373,48.2044044616061,45639500,INTC
2024-01-23,48.24387741088867,48.29321586647265,46.6946265669979,47.48405314919019,37224100,INTC
2024-01-24,48.44123077392578,49.11224425135441,47.63206812719406,48.520171543120746,49375800,INTC
2024-01-25,48.89515686035156,49.63524501796823,48.32282397588851,49.33921050777817,84845100,INTC
2024-01-26,43.07312774658203,44.80986611742092,42.77708950325992,43.5961221183612,127665300,INTC
2024-01-29,43.260616302490234,43.40863542733626,42.24422985568122,43.1323333119092,51790900,INTC
2024-01-30,42.3527717590332,43.2408789546181,42.323169440607906,43.09285983392641,47958800,INTC
2024-01-31,42.51066589355469,43.21128178449899,41.80018005243761,42.00740383466907,51584200,INTC
2024-02-01,42.786964416503906,42.99418819944557,41.92846319840053,42.57974063356224,38819900,INTC
2024-02-02,42.03700256347656,42.56986689876739,41.05021843039699,42.43171772242148,53683500,INTC
2024-02-05,42.20475769042969,42.57973671381655,41.869250935669385,42.05673856522146,28890300,INTC
2024-02-06,42.29877853393555,42.3383627277486,41.70497032294128,42.259190564805955,34068200,INTC
2024-02-07,42.33836364746094,42.65505985674417,42.11073848299591,42.44722867727391,34269200,INTC
2024-02-08,42.061256408691406,42.52640562884181,41.89301319520865,42.278986473496566,33206500,INTC
2024-02-09,42.86289596557617,43.07072715064209,41.96229038830714,42.11073961678992,51193000,INTC
2024-02-12,43.57545852661133,44.57503398469183,42.87278906222066,42.94206612066388,51107300,INTC
2024-02-13,42.71444320678711,43.17959243106469,42.318571044595544,42.55609509697383,36622200,INTC
2024-02-14,43.73380661010742,43.83277653306883,42.94206610299881,43.36762733344154,36186200,INTC
2024-02-15,43.595252990722656,44.802659637413264,43.56556390115373,44.29792246284209,44024500,INTC
2024-02-16,43.060829162597656,43.76350244978494,42.67485587510025,43.57546147103312,29975300,INTC
2024-02-20,44.060401916503906,44.703689430093235,42.97175541030291,43.80308389081493,61514100,INTC
2024-02-21,43.021240234375,44.22864304125819,42.63526698932861,44.02081187474342,57485200,INTC
2024-02-22,42.53630065917969,44.218751667634606,42.090945425277404,44.218751667634606,62809300,INTC
2024-02-23,42.54619598388672,43.060824460813436,42.21960091454698,42.68475009500671,33810700,INTC
2024-02-26,42.54619598388672,43.22907143525656,42.3779490094436,43.05092935658332,27035400,INTC
2024-02-27,42.28887939453125,42.82330564855216,42.07114934097092,42.803511664108804,25126400,INTC
2024-02-28,41.556522369384766,42.01177270231313,41.477346428710284,42.00187382207049,26928500,INTC
2024-02-29,42.60557556152344,42.704545483662436,41.922700087688604,41.93259519224425,48875100,INTC
2024-03-01,43.36762619018555,43.81298139348012,42.68475072867816,42.96185895503192,41426100,INTC
2024-03-04,45.1391487121582,46.12882527668589,43.397315844412255,43.81298196467845,59990800,INTC
2024-03-05,42.71444320678711,44.40678933828843,42.24929398250953,44.09999199914086,56655100,INTC
2024-03-06,44.05050277709961,45.04017935400904,43.11031304928887,43.476492325656736,52652000,INTC
2024-03-07,45.67357635498047,45.94078571326764,44.71358885003174,45.07976813297767,50378200,INTC
2024-03-08,43.54576873779297,46.14861915352694,43.54576873779297,45.960578190502105,54916600,INTC
2024-03-11,44.39689254760742,44.46616960706335,43.20927988143693,43.4171110598047,35051000,INTC
2024-03-12,44.77296829223633,44.802657380309554,44.00101802448503,44.59482621316421,31795800,INTC
2024-03-13,42.78371810913086,44.51565212448583,42.75402901982607,44.0505029236892,53195900,INTC
2024-03-14,42.30867385864258,42.90247829740919,42.07114981794601,42.783718164719176,38100000,INTC
2024-03-15,42.199806213378906,42.70454335281141,41.912799116471504,42.011769033672145,66952900,INTC
2024-03-18,42.26908493041992,42.93217018813967,42.16021990487515,42.64516307994282,27668300,INTC
2024-03-19,41.61589813232422,41.853422165234505,41.01219483335548,41.81383419719672,34673000,INTC
2024-03-20,41.76435470581055,42.565990363070036,40.982509258950394,42.54620015267069,74865000,INTC
2024-03-21,41.98208236694336,43.149901135053874,41.88311621045273,42.54620153995399,50807600,INTC
2024-03-22,42.13053512573242,42.35816030455685,41.65549078184012,41.81383889647089,28503100,INTC
2024-03-25,41.39817428588867,41.78414755859529,40.15117964680319,40.46787585904025,47276500,INTC
2024-03-26,41.556522369384766,41.83363061111218,41.22992727707748,41.51693439904752,39109700,INTC
2024-03-27,43.318145751953125,43.37752770777571,42.061256001916675,42.100843972465064,51017800,INTC
2024-03-28,43.714012145996094,44.139573371770645,43.25876183131705,43.30824490459669,54204200,INTC
2024-04-01,44.060401916503906,44.94121347108948,43.72391172736055,43.832776755512306,31712600,INTC
2024-04-02,43.48638916015625,43.62494705770123,43.05093280810779,43.476494055132804,32748400,INTC
2024-04-03,39.913658142089844,41.22003092103447,39.804793114625035,40.97261177691137,83718000,INTC
2024-04-04,39.31985092163086,40.3590105980652,39.29016183168939,40.170973402908174,57307200,INTC
2024-04-05,38.31037902832031,39.052636454070694,38.11244295972358,38.943771427576664,67263000,INTC
2024-04-08,37.58791732788086,38.4588338048539,37.518640266960844,38.24110374178147,56967800,INTC
2024-04-09,37.93430709838867,38.18172625626916,36.94463046686671,37.657195074347136,78671700,INTC
2024-04-10,36.81596755981445,37.82543807040204,36.63782548292745,37.62750200993688,51108400,INTC
2024-04-11,37.24153137207031,37.28111556667766,36.697209999223986,37.04359529776712,41909100,INTC
2024-04-12,35.321556091308594,36.32113156006494,35.23248504731364,36.311232680000735,80254800,INTC
2024-04-15,35.935157775878906,36.32113103584749,35.519491651462836,35.66794464775069,50751600,INTC
2024-04-16,35.88566970825195,36.13308884345184,35.390831437852185,35.895568587837126,30607500,INTC
2024-04-17,35.31166076660156,35.757015983802184,35.00485966690412,35.727323119111105,41173300,INTC
2024-04-18,34.67826843261719,35.29186685801872,34.41105530172058,35.054342816560656,42334400,INTC
2024-04-19,33.84694290161133,34.767342507621755,33.82714891515427,34.767342507621755,59070300,INTC
2024-04-22,34.054771423339844,34.213119527250065,33.72818011072603,34.06466652813322,39909900,INTC
2024-04-23,33.92611312866211,34.242809343199326,33.82714697736298,33.98549508463159,46834000,INTC
2024-04-24,34.14384078979492,34.816821142169815,33.9854926936665,34.50012494991297,53261100,INTC
2024-04-25,34.74754333496094,34.93558051526241,34.14384005173473,34.203222002242924,66549400,INTC
2024-04-26,31.55088996887207,31.907176045518334,30.323691180607266,31.45192381651619,119742500,INTC
2024-04-29,31.036256790161133,31.58057813019865,30.749249688486604,31.53109505843458,58533300,INTC
2024-04-30,30.155445098876953,30.858116461249818,30.105962024307132,30.719562342327688,72346400,INTC
2024-05-01,30.05647850036621,30.719561883042896,29.710091320581384,29.858542429729663,60654800,INTC
2024-05-02,30.195032119750977,30.353380218588107,29.87833592207671,30.274206169169542,50899400,INTC
2024-05-03,30.58100700378418,30.739355111056643,30.383072813522766,30.66018105742041,36794800,INTC
2024-05-06,30.774776458740234,31.003328068462462,30.536289553022886,30.923832433223346,36185600,INTC
2024-05-07,30.486604690551758,31.251751344198457,30.417046248461222,30.894020047360957,44683400,INTC
2024-05-08,29.81089210510254,29.959946186562956,29.5425936212785,29.81089210510254,63734600,INTC
2024-05-09,29.90032386779785,30.198432020098114,29.622088202412307,29.741332600527656,45003400,INTC
2024-05-10,29.66183853149414,30.267992059188092,29.65190133984991,30.138812358464122,42931300,INTC
2024-05-13,30.317676544189453,30.933767233590086,29.810891166912885,29.84070274039695,51459100,INTC
2024-05-14,30.854272842407227,30.913895991776922,30.417047785649103,30.42698497721072,47759900,INTC
2024-05-15,31.072887420654297,31.202067120946793,30.615786083174033,31.182192737724716,36992900,INTC
2024-05-16,31.828094482421875,32.056644199568396,31.32131098625367,31.430616301444132,47752800,INTC
2024-05-17,31.629356384277344,31.907592059017553,31.390869475353796,31.8579079970722,41449800,INTC
2024-05-20,31.897653579711914,32.21563613099912,31.55979854046339,31.649231369928607,31989000,INTC
2024-05-21,31.5399227142334,32.036772797045785,31.420680210618762,31.77840961678809,42975400,INTC
2024-05-22,31.221940994262695,31.867843275827525,30.90395844920465,31.708852003298507,36706400,INTC
2024-05-23,29.8903865814209,31.37099393773446,29.68171125454082,31.25175143532453,62014500,INTC
2024-05-24,30.526351928710938,30.82446197812326,29.94007091639133,30.099064079939822,42434500,INTC
2024-05-28,30.86421012878418,31.172257382164105,30.466731941725964,30.744967620329465,36799100,INTC
2024-05-29,29.94007110595703,30.476668061101428,29.920198618797393,30.277928026901556,35848600,INTC
2024-05-30,29.99969482421875,30.307740177296864,29.870513230933255,30.019567311756507,33351000,INTC
2024-05-31,30.655534744262695,30.76484006095746,29.75127115934644,30.029504942197292,95797500,INTC
2024-06-03,30.099063873291016,30.874145826725712,29.86057507726836,30.83439895760554,35544900,INTC
2024-06-04,29.8407039642334,30.556164699264862,29.75127113543878,30.556164699264862,51027200,INTC
2024-06-05,30.585975646972656,30.645596899838363,29.820828969781854,30.079190259300518,44161700,INTC
2024-06-06,30.22824478149414,30.397173246523653,29.96988348819456,30.35742448048119,34248100,INTC
2024-06-07,30.546226501464844,30.585975266431074,30.019566737614863,30.059315502581093,34085500,INTC
2024-06-10,30.71515464782715,30.75490341238691,30.099063959754154,30.35742334809095,37396500,INTC
2024-06-11,30.7250919342041,30.834399141756844,30.337550955172254,30.57603785729381,25326900,INTC
2024-06-12,30.56610107421875,31.281561790135704,30.198432577294135,31.26168740752887,51323900,INTC
2024-06-13,30.26799201965332,30.387236423902817,29.950009468755333,30.18849638192882,33787200,INTC
2024-06-14,30.258056640625,30.36736195761891,30.01956783277801,30.099065365610674,28125900,INTC
2024-06-17,30.784713745117188,30.804588127819695,29.989757390271375,30.14874866124054,36235300,INTC
2024-06-18,30.436920166015625,31.27162530099019,30.307740466821567,30.79465147966915,33294700,INTC
2024-06-20,30.426984786987305,30.913895798509436,30.258056322146935,30.367361637990363,43826300,INTC
2024-06-21,30.894020080566406,31.162318553482905,30.476667532249213,30.65553318086021,90795200,INTC
2024-06-24,30.37729835510254,31.221940666114026,30.337551485050767,30.943704994449813,40611800,INTC
2024-06-25,30.546226501464844,30.635659327313434,30.099064267547327,30.506479631824043,29323600,INTC
2024-06-26,30.347488403320312,30.48660529023788,30.079189925414628,30.446856525218326,30743000,INTC
2024-06-27,30.397172927856445,30.466731372376067,30.099064766965085,30.228244464597882,30184300,INTC
2024-06-28,30.774776458740234,31.11263338233784,30.526352361702315,30.556163935664028,41467700,INTC
2024-07-01,30.645597457885742,30.824463115065406,30.417047738300834,30.71515590338328,32401800,INTC
2024-07-02,30.874147415161133,31.112634328128223,30.39717358922695,30.66547207706199,35999300,INTC
2024-07-03,31.033138275146484,31.14244548620724,30.71515572877935,30.923832959411207,24065700,INTC
2024-07-05,31.818159103393555,32.13614164734713,31.112633675586775,31.2020665029894,45309400,INTC
2024-07-08,33.77574157714844,33.87510969875,32.613114843025684,32.82179017277948,82315900,INTC
2024-07-09,34.3719596862793,34.99798949894323,33.507444853034585,34.79924945469186,97546900,INTC
2024-07-10,34.65019226074219,34.7495641747144,33.91485905060243,34.22290250728898,52256200,INTC
2024-07-11,33.2888298034668,34.928430399599435,33.10002884981283,34.809184100885474,55213700,INTC
2024-07-12,34.27259063720703,35.25634795426933,33.55712801341558,33.55712801341558,62792600,INTC
2024-07-15,34.242774963378906,35.00792159998404,34.093722786783545,34.48126375284248,39847900,INTC
2024-07-16,34.12353515625,34.232842368767805,33.626686947097056,34.143409539494236,28409900,INTC
2024-07-17,34.242774963378906,36.925755839253235,34.18315560900105,35.85256576329393,112304200,INTC
2024-07-18,34.65019226074219,36.07117841001198,34.31233533453851,34.73962508799172,84188600,INTC
2024-07-19,32.7721061706543,34.362022653681926,32.64292457982029,34.35208356711346,69628700,INTC
2024-07-22,33.15964889526367,33.19939766232487,32.55349346485917,33.07021606470152,48503700,INTC
2024-07-23,32.7422981262207,33.020531913608885,32.623055616004486,32.75223342263411,29466400,INTC
2024-07-24,31.50017547607422,32.59323995949019,31.460426711784343,32.32494148650973,62216700,INTC
2024-07-25,30.90395736694336,31.78834652633028,30.754903291082982,31.17225584068728,49774000,INTC
2024-07-26,31.152381896972656,31.361057227049322,30.824462167334016,31.23187753157216,38352500,INTC
2024-07-29,30.63566017150879,31.27162526588968,30.595913300772725,31.221941203638227,32342200,INTC
2024-07-30,29.94007110595703,30.715154964946016,29.820828601697457,30.655533712816226,48256600,INTC
2024-07-31,30.546226501464844,30.675408092279664,30.08912707630577,30.34748836260998,56110600,INTC
2024-08-01,28.866878509521484,30.516414316046976,28.70788724349436,30.238180548162198,107672500,INTC
2024-08-02,21.3445987701416,21.8414469830145,20.291281089542203,21.801700111553938,300895900,INTC
2024-08-05,19.983234405517578,20.26146817330116,19.168403693593557,20.072667229540986,147385700,INTC
2024-08-06,19.704999923706055,20.4999563012095,19.62550428595571,20.191910941842604,106670400,INTC
2024-08-07,18.989999771118164,20.25,18.950000762939453,19.920000076293945,97972300,INTC
2024-08-08,20.489999771118164,20.549999237060547,18.84000015258789,19.100000381469727,96836800,INTC
2024-08-09,19.709999084472656,20.149999618530273,19.5,20.079999923706055,76394500,INTC
2024-08-12,19.360000610351562,19.969999313354492,19.0,19.8700008392334,54677600,INTC
2024-08-13,20.469999313354492,20.479999542236328,19.469999313354492,19.479999542236328,77511300,INTC
2024-08-14,19.920000076293945,20.5,19.790000915527344,20.489999771118164,56758200,INTC
2024-08-15,20.690000534057617,21.059999465942383,20.229999542236328,20.31999969482422,84814900,INTC
2024-08-16,20.8700008392334,20.899999618530273,20.40999984741211,20.530000686645508,48582700,INTC
2024-08-19,21.520000457763672,21.860000610351562,20.84000015258789,20.889999389648438,65956300,INTC
2024-08-20,20.989999771118164,21.229999542236328,20.81999969482422,21.209999084472656,84161300,INTC
2024-08-21,21.40999984741211,21.440000534057617,21.06999969482422,21.06999969482422,57028900,INTC
2024-08-22,20.100000381469727,21.399999618530273,20.040000915527344,21.389999389648438,81444700,INTC
2024-08-23,20.540000915527344,20.93000030517578,20.260000228881836,20.31999969482422,73398400,INTC
2024-08-26,20.1299991607666,20.559999465942383,19.950000762939453,20.530000686645508,58534800,INTC
2024-08-27,20.06999969482422,20.260000228881836,19.84000015258789,20.1299991607666,43862000,INTC
2024-08-28,19.610000610351562,20.110000610351562,19.510000228881836,19.979999542236328,50144900,INTC
2024-08-29,20.1299991607666,20.600000381469727,19.75,19.760000228881836,64529700,INTC
2024-08-30,22.040000915527344,22.1200008392334,21.0,21.25,177785400,INTC
2024-09-03,20.100000381469727,21.690000534057617,19.989999771118164,21.540000915527344,115305500,INTC
2024-09-04,19.43000030517578,20.049999237060547,19.280000686645508,19.760000228881836,85871900,INTC
2024-09-05,19.399999618530273,19.899999618530273,19.239999771118164,19.280000686645508,65388800,INTC
2024-09-06,18.889999389648438,19.489999771118164,18.639999389648438,19.440000534057617,92686500,INTC
2024-09-09,19.06999969482422,19.540000915527344,18.950000762939453,19.0,64244100,INTC
2024-09-10,18.979999542236328,19.110000610351562,18.510000228881836,19.030000686645508,55621300,INTC
2024-09-11,19.639999389648438,19.690000534057617,18.520000457763672,19.010000228881836,71403100,INTC
2024-09-12,19.360000610351562,19.540000915527344,19.040000915527344,19.43000030517578,51520600,INTC
2024-09-13,19.65999984741211,19.799999237060547,19.489999771118164,19.489999771118164,44236300,INTC
2024-09-16,20.90999984741211,21.06999969482422,19.760000228881836,20.030000686645508,149337000,INTC
2024-09-17,21.469999313354492,22.579999923706055,21.239999771118164,21.709999084472656,196249800,INTC
2024-09-18,20.770000457763672,21.739999771118164,20.719999313354492,21.360000610351562,118727900,INTC
2024-09-19,21.139999389648438,21.690000534057617,21.030000686645508,21.280000686645508,99829200,INTC
2024-09-20,21.84000015258789,23.139999389648438,20.350000381469727,20.889999389648438,260377900,INTC
2024-09-23,22.559999465942383,22.81999969482422,22.030000686645508,22.43000030517578,184439100,INTC
2024-09-24,22.809999465942383,23.110000610351562,22.290000915527344,22.530000686645508,113082500,INTC
2024-09-25,23.540000915527344,24.059999465942383,22.729999542236328,22.799999237060547,117013400,INTC
2024-09-26,23.920000076293945,24.420000076293945,23.25,24.280000686645508,95416900,INTC
2024-09-27,23.90999984741211,24.65999984741211,23.700000762939453,24.15999984741211,85883300,INTC
2024-09-30,23.459999084472656,23.950000762939453,23.09000015258789,23.739999771118164,66308200,INTC
2024-10-01,22.690000534057617,23.719999313354492,22.260000228881836,23.459999084472656,86344400,INTC
2024-10-02,22.389999389648438,23.06999969482422,22.350000381469727,22.670000076293945,59033900,INTC
2024-10-03,22.260000228881836,22.729999542236328,21.649999618530273,22.139999389648438,49565900,INTC
2024-10-04,22.59000015258789,22.90999984741211,22.299999237060547,22.700000762939453,49845500,INTC
2024-10-07,22.3799991607666,22.649999618530273,22.020000457763672,22.399999618530273,54928700,INTC
2024-10-08,23.31999969482422,23.420000076293945,22.049999237060547,22.25,58650500,INTC
2024-10-09,23.459999084472656,23.479999542236328,23.059999465942383,23.25,44759000,INTC
2024-10-10,23.219999313354492,23.530000686645508,22.959999084472656,23.190000534057617,44874600,INTC
2024-10-11,23.559999465942383,23.81999969482422,22.979999542236328,23.049999237060547,43585300,INTC
2024-10-14,23.440000534057617,23.770000457763672,23.270000457763672,23.579999923706055,35403600,INTC
2024-10-15,22.65999984741211,23.719999313354492,22.469999313354492,23.40999984741211,68900600,INTC
2024-10-16,22.309999465942383,22.540000915527344,21.739999771118164,22.3799991607666,62151800,INTC
2024-10-17,22.440000534057617,22.81999969482422,22.399999618530273,22.719999313354492,43807600,INTC
2024-10-18,22.770000457763672,22.81999969482422,22.5,22.610000610351562,39971700,INTC
2024-10-21,22.84000015258789,22.8799991607666,22.25,22.610000610351562,39727000,INTC
2024-10-22,22.399999618530273,22.81999969482422,22.170000076293945,22.729999542236328,50160400,INTC
2024-10-23,21.979999542236328,22.43000030517578,21.579999923706055,22.299999237060547,45799100,INTC
2024-10-24,22.34000015258789,22.3700008392334,21.969999313354492,22.09000015258789,40554400,INTC
2024-10-25,22.68000030517578,23.34000015258789,22.40999984741211,22.420000076293945,67503000,INTC
2024-10-28,22.920000076293945,23.270000457763672,22.559999465942383,22.670000076293945,41915000,INTC
2024-10-29,22.899999618530273,23.139999389648438,22.40999984741211,22.8700008392334,83422200,INTC
2024-10-30,22.299999237060547,22.93000030517578,22.260000228881836,22.420000076293945,50941200,INTC
2024-10-31,21.520000457763672,22.25,21.469999313354492,22.149999618530273,112485500,INTC
2024-11-01,23.200000762939453,23.579999923706055,21.90999984741211,23.0,173471100,INTC
2024-11-04,22.520000457763672,23.0,22.0,22.959999084472656,84616300,INTC
2024-11-05,23.31999969482422,23.579999923706055,22.399999618530273,22.579999923706055,59153300,INTC
2024-11-06,25.049999237060547,25.1200008392334,24.049999237060547,24.299999237060547,116760500,INTC
2024-11-07,26.229999542236328,26.3799991607666,25.190000534057617,25.43000030517578,101489300,INTC
2024-11-08,26.200000762939453,26.43000030517578,25.829999923706055,26.0,76428000,INTC
2024-11-11,25.049999237060547,26.290000915527344,24.829999923706055,25.959999084472656,80185300,INTC
2024-11-12,24.15999984741211,24.959999084472656,23.889999389648438,24.65999984741211,62539700,INTC
2024-11-13,24.920000076293945,25.139999389648438,24.020000457763672,24.059999465942383,58202000,INTC
2024-11-14,25.030000686645508,25.610000610351562,24.93000030517578,25.1200008392334,49252100,INTC
2024-11-15,24.350000381469727,24.81999969482422,24.229999542236328,24.809999465942383,55104900,INTC
2024-11-18,24.84000015258789,25.020000457763672,24.15999984741211,24.329999923706055,59589500,INTC
2024-11-19,24.200000762939453,24.540000915527344,24.100000381469727,24.5,61190900,INTC
2024-11-20,24.010000228881836,24.209999084472656,23.549999237060547,24.06999969482422,50191500,INTC
2024-11-21,24.440000534057617,24.770000457763672,23.829999923706055,24.079999923706055,58928400,INTC
2024-11-22,24.5,24.68000030517578,24.139999389648438,24.350000381469727,36784700,INTC
2024-11-25,24.8700008392334,25.56999969482422,24.760000228881836,25.040000915527344,91128400,INTC
2024-11-26,24.049999237060547,24.989999771118164,23.809999465942383,24.950000762939453,69613600,INTC
2024-11-27,23.649999618530273,23.93000030517578,23.059999465942383,23.829999923706055,53992300,INTC
2024-11-29,24.049999237060547,24.280000686645508,23.600000381469727,23.719999313354492,36616800,INTC
2024-12-02,23.93000030517578,25.479999542236328,23.440000534057617,24.84000015258789,150497900,INTC
2024-12-03,22.469999313354492,23.75,22.440000534057617,23.68000030517578,138160500,INTC
2024-12-04,21.959999084472656,22.540000915527344,21.809999465942383,22.530000686645508,104649000,INTC
2024-12-05,20.799999237060547,22.190000534057617,20.65999984741211,22.040000915527344,167993500,INTC
2024-12-06,20.920000076293945,21.049999237060547,20.65999984741211,20.950000762939453,78539100,INTC
2024-12-09,20.809999465942383,21.059999465942383,20.729999542236328,20.920000076293945,68818200,INTC
2024-12-10,20.15999984741211,20.860000610351562,19.959999084472656,20.829999923706055,90004800,INTC
2024-12-11,20.1200008392334,20.25,19.8700008392334,20.139999389648438,75209300,INTC
2024-12-12,20.780000686645508,20.899999618530273,19.920000076293945,20.020000457763672,77695000,INTC
2024-12-13,20.34000015258789,20.799999237060547,20.25,20.600000381469727,55104100,INTC
2024-12-16,20.829999923706055,21.100000381469727,20.0,20.170000076293945,73832900,INTC
2024-12-17,20.440000534057617,20.770000457763672,20.290000915527344,20.639999389648438,51767200,INTC
2024-12-18,19.299999237060547,20.579999923706055,19.209999084472656,20.479999542236328,86041200,INTC
2024-12-19,19.059999465942383,19.690000534057617,19.030000686645508,19.530000686645508,69117800,INTC
2024-12-20,19.520000457763672,19.760000228881836,18.899999618530273,18.969999313354492,108453700,INTC
2024-12-23,20.200000762939453,20.229999542236328,19.520000457763672,19.579999923706055,57988400,INTC
2024-12-24,20.399999618530273,20.399999618530273,19.959999084472656,20.219999313354492,29884000,INTC
2024-12-26,20.440000534057617,20.670000076293945,20.079999923706055,20.229999542236328,39846200,INTC
2024-12-27,20.299999237060547,20.610000610351562,20.09000015258789,20.209999084472656,48260800,INTC
2024-12-30,19.81999969482422,20.110000610351562,19.729999542236328,20.010000228881836,59608100,INTC
2024-12-31,20.049999237060547,20.399999618530273,19.8799991607666,19.989999771118164,49846700,INTC
2025-01-02,20.219999313354492,20.43000030517578,20.0,20.229999542236328,46438500,INTC
2025-01-03,20.559999465942383,20.670000076293945,20.059999465942383,20.389999389648438,48983900,INTC
2025-01-06,19.8700008392334,20.979999542236328,19.780000686645508,20.829999923706055,83271000,INTC
2025-01-07,20.010000228881836,20.34000015258789,19.899999618530273,20.020000457763672,61726100,INTC
2025-01-08,19.8799991607666,20.1200008392334,19.709999084472656,19.829999923706055,47897100,INTC
2025-01-10,19.149999618530273,19.65999984741211,18.90999984741211,19.65999984741211,71244600,INTC
2025-01-13,19.200000762939453,19.25,18.729999542236328,18.920000076293945,50669000,INTC
2025-01-14,19.200000762939453,19.520000457763672,18.81999969482422,19.360000610351562,47147500,INTC
2025-01-15,19.719999313354492,19.770000457763672,19.170000076293945,19.399999618530273,56306000,INTC
2025-01-16,19.670000076293945,19.950000762939453,19.399999618530273,19.75,44898100,INTC
2025-01-17,21.489999771118164,21.6200008392334,20.790000915527344,21.260000228881836,166483900,INTC
2025-01-21,21.770000457763672,22.40999984741211,21.75,22.030000686645508,96262200,INTC
2025-01-22,21.860000610351562,22.290000915527344,21.56999969482422,21.729999542236328,60972600,INTC
2025-01-23,21.56999969482422,21.75,21.350000381469727,21.690000534057617,55778200,INTC
2025-01-24,20.829999923706055,21.40999984741211,20.75,21.360000610351562,66300600,INTC
2025-01-27,20.290000915527344,21.059999465942383,20.139999389648438,20.809999465942383,83582100,INTC
2025-01-28,19.799999237060547,20.34000015258789,19.739999771118164,20.34000015258789,73411400,INTC
2025-01-29,19.75,20.079999923706055,19.65999984741211,19.8700008392334,86506800,INTC
2025-01-30,20.010000228881836,20.100000381469727,19.43000030517578,19.719999313354492,108167000,INTC
2025-01-31,19.43000030517578,20.329999923706055,19.3799991607666,20.100000381469727,117081700,INTC
2025-02-03,19.3799991607666,19.75,18.780000686645508,18.969999313354492,77523100,INTC
2025-02-04,19.290000915527344,19.530000686645508,19.020000457763672,19.100000381469727,54098200,INTC
2025-02-05,19.649999618530273,19.770000457763672,18.90999984741211,19.190000534057617,66059200,INTC
2025-02-06,19.3799991607666,19.700000762939453,19.219999313354492,19.510000228881836,45553800,INTC
2025-02-07,19.100000381469727,19.360000610351562,19.030000686645508,19.350000381469727,58277900,INTC
2025-02-10,19.770000457763672,20.079999923706055,19.239999771118164,19.25,73007300,INTC
2025-02-11,20.969999313354492,21.8799991607666,19.860000610351562,19.8700008392334,150960700,INTC
2025-02-12,22.479999542236328,22.559999465942383,20.93000030517578,21.979999542236328,162631200,INTC
2025-02-13,24.1299991607666,24.829999923706055,22.790000915527344,22.84000015258789,248661300,INTC
2025-02-14,23.600000381469727,25.190000534057617,22.860000610351562,24.360000610351562,230254100,INTC
2025-02-18,27.389999389648438,27.549999237060547,24.489999771118164,24.600000381469727,284292200,INTC
2025-02-19,25.719999313354492,26.329999923706055,25.459999084472656,25.979999542236328,151881700,INTC
2025-02-20,26.09000015258789,26.1200008392334,24.479999542236328,25.559999465942383,144939600,INTC
2025-02-21,24.8700008392334,26.290000915527344,24.84000015258789,25.959999084472656,111630900,INTC
2025-02-24,24.270000457763672,24.799999237060547,23.6200008392334,24.549999237060547,91358100,INTC
2025-02-25,22.989999771118164,24.280000686645508,22.770000457763672,24.209999084472656,88886500,INTC
2025-02-26,23.520000457763672,23.81999969482422,23.209999084472656,23.25,67449300,INTC
2025-02-27,23.09000015258789,24.399999618530273,23.06999969482422,23.700000762939453,97871900,INTC
2025-02-28,23.729999542236328,24.440000534057617,22.639999389648438,23.020000457763672,104133800,INTC
2025-03-03,22.739999771118164,25.040000915527344,22.520000457763672,25.0,141348700,INTC
2025-03-04,21.329999923706055,22.6299991607666,20.760000228881836,22.540000915527344,152182200,INTC
2025-03-05,20.809999465942383,21.360000610351562,20.18000030517578,21.329999923706055,127219300,INTC
2025-03-06,20.75,21.1299991607666,20.0,20.260000228881836,96466400,INTC
2025-03-07,20.639999389648438,21.200000762939453,20.110000610351562,20.270000457763672,81099600,INTC
2025-03-10,19.93000030517578,20.510000228881836,19.649999618530273,20.239999771118164,82760600,INTC
2025-03-11,19.780000686645508,20.059999465942383,19.290000915527344,19.969999313354492,80789000,INTC
2025-03-12,20.68000030517578,21.170000076293945,20.209999084472656,20.790000915527344,128671100,INTC
2025-03-13,23.700000762939453,24.530000686645508,23.1299991607666,23.5,243261000,INTC
2025-03-14,24.049999237060547,24.3700008392334,23.520000457763672,23.68000030517578,116901600,INTC
2025-03-17,25.690000534057617,26.149999618530273,24.3700008392334,24.420000076293945,160723600,INTC
2025-03-18,25.920000076293945,26.40999984741211,25.389999389648438,25.549999237060547,132488800,INTC
2025-03-19,24.1200008392334,25.229999542236328,24.030000686645508,24.899999618530273,135491400,INTC
2025-03-20,23.959999084472656,24.309999465942383,23.729999542236328,23.770000457763672,68937600,INTC
2025-03-21,24.260000228881836,24.700000762939453,23.489999771118164,23.600000381469727,94110700,INTC
2025-03-24,24.219999313354492,24.989999771118164,24.1299991607666,24.719999313354492,69169000,INTC
2025-03-25,24.200000762939453,24.75,24.110000610351562,24.18000030517578,51743300,INTC
2025-03-26,23.420000076293945,24.420000076293945,23.25,24.25,59496700,INTC
2025-03-27,23.6200008392334,23.760000228881836,22.860000610351562,23.290000915527344,57720600,INTC
2025-03-28,22.709999084472656,23.579999923706055,22.559999465942383,23.350000381469727,58365300,INTC
2025-03-31,22.709999084472656,22.75,21.75,22.3799991607666,65832000,INTC
2025-04-01,22.049999237060547,22.6200008392334,21.65999984741211,22.559999465942383,64060400,INTC
2025-04-02,21.979999542236328,22.3799991607666,21.700000762939453,21.889999389648438,58878800,INTC
2025-04-03,22.43000030517578,23.899999618530273,20.860000610351562,21.399999618530273,242972100,INTC
2025-04-04,19.850000381469727,22.200000762939453,19.700000762939453,21.700000762939453,175014700,INTC
2025-04-07,19.56999969482422,20.670000076293945,18.559999465942383,19.139999389648438,142491200,INTC
2025-04-08,18.1299991607666,20.389999389648438,17.670000076293945,20.059999465942383,163982700,INTC
2025-04-09,21.530000686645508,21.729999542236328,17.979999542236328,18.06999969482422,224183500,INTC
2025-04-10,19.8799991607666,20.81999969482422,19.15999984741211,20.68000030517578,129064900,INTC
2025-04-11,19.739999771118164,19.799999237060547,18.18000030517578,19.25,128425800,INTC
2025-04-14,20.309999465942383,21.049999237060547,19.979999542236328,20.59000015258789,101964400,INTC
2025-04-15,19.850000381469727,20.469999313354492,19.809999465942383,20.200000762939453,64056900,INTC
2025-04-16,19.229999542236328,19.43000030517578,18.719999313354492,19.34000015258789,89469700,INTC
2025-04-17,18.93000030517578,19.100000381469727,18.559999465942383,18.90999984741211,85646700,INTC
2025-04-21,18.84000015258789,18.989999771118164,18.25,18.93000030517578,72409900,INTC
2025-04-22,19.510000228881836,19.739999771118164,19.040000915527344,19.059999465942383,83365600,INTC
2025-04-23,20.59000015258789,21.030000686645508,20.309999465942383,20.719999313354492,97188100,INTC
2025-04-24,21.489999771118164,21.549999237060547,20.8799991607666,21.040000915527344,117086200,INTC
2025-04-25,20.049999237060547,20.18000030517578,19.34000015258789,19.729999542236328,147711200,INTC
2025-04-28,20.510000228881836,21.079999923706055,20.049999237060547,20.1200008392334,96624400,INTC
2025-04-29,20.34000015258789,20.850000381469727,20.219999313354492,20.309999465942383,70031900,INTC
2025-04-30,20.100000381469727,20.18000030517578,19.549999237060547,19.709999084472656,68297300,INTC
2025-05-01,19.979999542236328,20.649999618530273,19.940000534057617,20.219999313354492,72607500,INTC
2025-05-02,20.6200008392334,20.780000686645508,20.209999084472656,20.260000228881836,63298500,INTC
2025-05-05,20.270000457763672,20.579999923706055,20.239999771118164,20.389999389648438,44237000,INTC
2025-05-06,19.940000534057617,20.1200008392334,19.770000457763672,19.920000076293945,51330800,INTC
2025-05-07,20.309999465942383,20.3700008392334,19.81999969482422,19.969999313354492,61002600,INTC
2025-05-08,21.0,21.239999771118164,20.639999389648438,21.010000228881836,71651700,INTC
2025-05-09,21.420000076293945,21.450000762939453,20.829999923706055,21.200000762939453,51768600,INTC
2025-05-12,22.18000030517578,22.670000076293945,21.8799991607666,22.18000030517578,94578700,INTC
2025-05-13,22.559999465942383,22.8799991607666,22.299999237060547,22.360000610351562,76850400,INTC
2025-05-14,21.520000457763672,22.459999084472656,21.459999084472656,22.350000381469727,91584800,INTC
2025-05-15,21.549999237060547,21.6299991607666,21.190000534057617,21.229999542236328,66705500,INTC
2025-05-16,21.65999984741211,21.760000228881836,21.350000381469727,21.530000686645508,55795100,INTC
2025-05-19,21.3799991607666,21.559999465942383,21.049999237060547,21.18000030517578,64279100,INTC
2025-05-20,21.270000457763672,21.40999984741211,21.1200008392334,21.329999923706055,48497400,INTC
2025-05-21,20.690000534057617,21.6299991607666,20.59000015258789,21.190000534057617,62904700,INTC
2025-05-22,20.549999237060547,20.899999618530273,20.510000228881836,20.729999542236328,56077500,INTC
2025-05-23,20.049999237060547,20.270000457763672,19.940000534057617,20.15999984741211,68206100,INTC
2025-05-27,20.549999237060547,20.670000076293945,20.18000030517578,20.440000534057617,69504600,INTC
2025-05-28,20.3700008392334,20.639999389648438,20.329999923706055,20.56999969482422,46096500,INTC
2025-05-29,20.25,20.600000381469727,20.100000381469727,20.540000915527344,66372200,INTC
2025-05-30,19.549999237060547,20.260000228881836,19.309999465942383,20.260000228881836,114281900,INTC
2025-06-02,19.739999771118164,19.81999969482422,19.3700008392334,19.479999542236328,67885500,INTC
2025-06-03,20.290000915527344,20.40999984741211,19.399999618530273,19.75,80401900,INTC
2025-06-04,20.25,20.5,20.010000228881836,20.34000015258789,71166500,INTC
2025-06-05,19.989999771118164,20.549999237060547,19.850000381469727,20.270000457763672,72458400,INTC
2025-06-06,20.059999465942383,20.440000534057617,20.030000686645508,20.170000076293945,70072800,INTC
2025-06-09,20.479999542236328,20.959999084472656,20.219999313354492,20.219999313354492,92893900,INTC
2025-06-10,22.079999923706055,22.440000534057617,20.280000686645508,20.5,171457000,INTC
2025-06-11,20.68000030517578,21.829999923706055,20.3799991607666,21.780000686645508,146784500,INTC
2025-06-12,20.770000457763672,20.979999542236328,20.40999984741211,20.5,78175900,INTC
2025-06-13,20.139999389648438,20.600000381469727,20.100000381469727,20.329999923706055,87655900,INTC
2025-06-16,20.739999771118164,20.93000030517578,20.299999237060547,20.40999984741211,86745100,INTC
2025-06-17,20.799999237060547,21.479999542236328,20.6200008392334,20.6299991607666,87512200,INTC
2025-06-18,21.489999771118164,21.600000381469727,20.65999984741211,20.809999465942383,94200600,INTC
2025-06-20,21.079999923706055,21.889999389648438,20.8799991607666,21.700000762939453,133472800,INTC
2025-06-23,21.190000534057617,21.579999923706055,20.729999542236328,21.06999969482422,81461000,INTC
2025-06-24,22.549999237060547,22.690000534057617,21.329999923706055,21.34000015258789,130368700,INTC
2025-06-25,22.200000762939453,22.770000457763672,22.1299991607666,22.579999923706055,64975100,INTC
2025-06-26,22.5,22.6200008392334,22.209999084472656,22.399999618530273,63229300,INTC
2025-06-27,22.690000534057617,23.3799991607666,22.420000076293945,22.709999084472656,95542400,INTC
2025-06-30,22.399999618530273,22.969999313354492,22.270000457763672,22.969999313354492,77102400,INTC
2025-07-01,22.850000381469727,23.15999984741211,22.280000686645508,22.329999923706055,79094900,INTC
2025-07-02,21.8799991607666,22.770000457763672,21.520000457763672,22.530000686645508,138245300,INTC
2025-07-03,22.489999771118164,22.6299991607666,21.989999771118164,22.149999618530273,61176000,INTC
2025-07-07,22.0,22.389999389648438,21.860000610351562,22.209999084472656,80725200,INTC
2025-07-08,23.59000015258789,23.790000915527344,22.1299991607666,22.18000030517578,119545500,INTC
2025-07-09,23.440000534057617,23.530000686645508,23.1299991607666,23.290000915527344,70247700,INTC
2025-07-10,23.81999969482422,24.040000915527344,23.479999542236328,23.6299991607666,54599800,INTC
2025-07-11,23.43000030517578,23.65999984741211,23.15999984741211,23.559999465942383,49367900,INTC
2025-07-14,23.299999237060547,23.399999618530273,22.8799991607666,23.239999771118164,48420500,INTC
2025-07-15,22.920000076293945,23.780000686645508,22.899999618530273,23.56999969482422,66099400,INTC
2025-07-16,22.690000534057617,23.1299991607666,22.25,22.989999771118164,58865900,INTC
2025-07-17,22.799999237060547,23.049999237060547,22.59000015258789,22.65999984741211,49384000,INTC
2025-07-18,23.100000381469727,23.59000015258789,22.899999618530273,23.219999313354492,60195600,INTC
2025-07-21,23.260000228881836,23.829999923706055,23.15999984741211,23.399999618530273,61658000,INTC
2025-07-22,23.239999771118164,23.540000915527344,23.079999923706055,23.34000015258789,53969800,INTC
2025-07-23,23.489999771118164,23.6200008392334,22.920000076293945,23.260000228881836,68711700,INTC
2025-07-24,22.6299991607666,23.579999923706055,22.600000381469727,23.489999771118164,131963300,INTC
2025-07-25,20.700000762939453,21.049999237060547,20.360000610351562,20.68000030517578,245077700,INTC
2025-07-28,20.68000030517578,21.290000915527344,20.649999618530273,20.81999969482422,86105600,INTC
2025-07-29,20.40999984741211,20.850000381469727,20.34000015258789,20.690000534057617,100831500,INTC
2025-07-30,20.34000015258789,20.6200008392334,20.079999923706055,20.43000030517578,67420300,INTC
2025-07-31,19.799999237060547,20.229999542236328,19.65999984741211,20.170000076293945,90665200,INTC
2025-08-01,19.309999465942383,19.549999237060547,18.969999313354492,19.5,86496100,INTC
2025-08-04,19.5,19.59000015258789,19.350000381469727,19.520000457763672,69249400,INTC
2025-08-05,20.190000534057617,20.540000915527344,19.68000030517578,19.700000762939453,97338200,INTC
2025-08-06,20.40999984741211,20.479999542236328,19.8700008392334,20.1200008392334,67074200,INTC
2025-08-07,19.770000457763672,20.440000534057617,19.600000381469727,20.0,131382800,INTC
2025-08-08,19.950000762939453,20.020000457763672,19.610000610351562,20.0,75415000,INTC
2025-08-11,20.649999618530273,21.600000381469727,20.440000534057617,20.450000762939453,175545600,INTC
2025-08-12,21.809999465942383,21.860000610351562,20.760000228881836,21.200000762939453,134153600,INTC
2025-08-13,22.219999313354492,22.299999237060547,21.360000610351562,21.6200008392334,86024400,INTC
2025-08-14,23.860000610351562,24.200000762939453,21.899999618530273,21.989999771118164,188052500,INTC
2025-08-15,24.559999465942383,25.649999618530273,24.110000610351562,25.010000228881836,310161100,INTC
2025-08-18,23.65999984741211,24.899999618530273,23.209999084472656,24.0,212515600,INTC
2025-08-19,25.309999465942383,26.530000686645508,24.940000534057617,24.940000534057617,297659200,INTC
2025-08-20,23.540000915527344,24.93000030517578,23.329999923706055,24.899999618530273,161149400,INTC
2025-08-21,23.5,23.56999969482422,22.780000686645508,23.530000686645508,97718300,INTC
2025-08-22,24.799999237060547,25.229999542236328,23.649999618530273,23.649999618530273,200266800,INTC
2025-08-25,24.549999237060547,25.8799991607666,24.440000534057617,25.5,156825600,INTC
2025-08-26,24.350000381469727,24.739999771118164,24.100000381469727,24.579999923706055,78558200,INTC
2025-08-27,24.850000381469727,24.989999771118164,24.049999237060547,24.190000534057617,90934400,INTC
2025-08-28,24.93000030517578,25.139999389648438,24.610000610351562,24.959999084472656,60035100,INTC
2025-08-29,24.350000381469727,24.969999313354492,24.280000686645508,24.760000228881836,63734400,INTC
2025-09-02,24.209999084472656,24.239999771118164,23.68000030517578,23.8799991607666,57661800,INTC
2025-09-03,24.0,24.09000015258789,23.719999313354492,24.09000015258789,47822900,INTC
2025-09-04,24.610000610351562,24.639999389648438,23.75,23.850000381469727,59056500,INTC
2025-09-05,24.489999771118164,24.709999084472656,24.170000076293945,24.600000381469727,55975300,INTC
2025-09-08,24.479999542236328,24.739999771118164,24.1200008392334,24.479999542236328,51122100,INTC
2025-09-09,24.440000534057617,24.809999465942383,24.270000457763672,24.530000686645508,42146200,INTC
2025-09-10,24.770000457763672,24.8700008392334,24.280000686645508,24.420000076293945,61600700,INTC
2025-09-11,24.610000610351562,24.93000030517578,24.56999969482422,24.760000228881836,55536900,INTC
2025-09-12,24.079999923706055,24.6299991607666,24.049999237060547,24.610000610351562,52672800,INTC
2025-09-15,24.770000457763672,25.459999084472656,24.219999313354492,24.329999923706055,83951600,INTC
2025-09-16,25.270000457763672,25.34000015258789,24.690000534057617,24.81999969482422,60336600,INTC
2025-09-17,24.899999618530273,25.260000228881836,24.450000762939453,25.079999923706055,63093700,INTC
2025-09-18,30.56999969482422,32.380001068115234,30.15999984741211,31.780000686645508,523908000,INTC
2025-09-19,29.579999923706055,30.6299991607666,29.329999923706055,30.3799991607666,225702900,INTC
2025-09-22,28.760000228881836,30.100000381469727,28.729999542236328,29.670000076293945,130314500,INTC
2025-09-23,29.34000015258789,30.200000762939453,28.81999969482422,28.989999771118164,126317900,INTC
2025-09-24,31.219999313354492,31.700000762939453,29.229999542236328,29.3799991607666,164458500,INTC
2025-09-25,33.9900016784668,34.25,31.209999084472656,31.610000610351562,295709300,INTC
2025-09-26,35.5,36.29999923706055,34.4900016784668,35.02000045776367,268583300,INTC
2025-09-29,34.47999954223633,35.04999923706055,33.72999954223633,34.52000045776367,152605900,INTC
2025-09-30,33.54999923706055,34.2400016784668,33.02000045776367,33.93000030517578,124818400,INTC
2025-10-01,35.939998626708984,36.060001373291016,33.5,33.529998779296875,162649700,INTC
2025-10-02,37.29999923706055,37.56999969482422,35.439998626708984,35.7599983215332,149361700,INTC
2025-10-03,36.83000183105469,38.08000183105469,36.45000076293945,37.95000076293945,125359300,INTC
2025-10-06,36.59000015258789,38.68000030517578,36.43000030517578,37.189998626708984,112086100,INTC
2025-10-07,37.16999816894531,38.04999923706055,36.349998474121094,36.63999938964844,111140200,INTC
2025-10-08,37.43000030517578,37.790000915527344,35.90999984741211,36.54999923706055,103202100,INTC
2025-10-09,37.79999923706055,38.099998474121094,36.86000061035156,37.529998779296875,89884700,INTC
2025-10-10,36.369998931884766,39.650001525878906,36.29999923706055,38.459999084472656,183063300,INTC
2025-10-13,37.220001220703125,37.5099983215332,36.279998779296875,36.439998626708984,104020700,INTC
2025-10-14,35.630001068115234,36.54999923706055,34.689998626708984,36.0,117908300,INTC
2025-10-15,37.150001525878906,37.4900016784668,35.63999938964844,36.400001525878906,99242700,INTC
2025-10-16,36.84000015258789,38.02000045776367,36.40999984741211,37.150001525878906,83357800,INTC
2025-10-17,37.0099983215332,38.380001068115234,36.08000183105469,36.36000061035156,119394700,INTC
2025-10-20,38.099998474121094,38.52000045776367,37.560001373291016,37.56999969482422,80230200,INTC
2025-10-21,38.119998931884766,38.349998474121094,37.66999816894531,38.13999938964844,73134900,INTC
2025-10-22,36.91999816894531,37.93000030517578,36.040000915527344,37.84000015258789,87099900,INTC
2025-10-23,38.15999984741211,38.400001525878906,36.43000030517578,36.599998474121094,121974200,INTC
2025-10-24,38.279998779296875,41.119998931884766,37.83000183105469,40.02000045776367,246380000,INTC
2025-10-27,39.540000915527344,40.66999816894531,38.22999954223633,38.38999938964844,160007600,INTC
2025-10-28,41.529998779296875,42.47999954223633,39.540000915527344,39.59000015258789,181256400,INTC
2025-10-29,41.34000015258789,42.040000915527344,40.91999816894531,41.599998474121094,106962900,INTC
2025-10-30,40.15999984741211,41.43000030517578,40.11000061035156,40.970001220703125,84855500,INTC
2025-10-31,39.9900016784668,40.83000183105469,39.790000915527344,40.68000030517578,80471400,INTC
2025-11-03,39.5,40.45000076293945,39.04999923706055,40.25,61267500,INTC
2025-11-04,37.029998779296875,38.25,36.630001068115234,38.13999938964844,102250300,INTC
2025-11-05,38.380001068115234,38.689998626708984,37.11000061035156,37.41999816894531,74631600,INTC
2025-11-06,37.2400016784668,39.84000015258789,36.79999923706055,38.34000015258789,77629900,INTC
2025-11-07,38.130001068115234,38.27000045776367,36.970001220703125,37.2599983215332,95521400,INTC
2025-11-10,38.45000076293945,39.529998779296875,37.970001220703125,38.93000030517578,77820300,INTC
2025-11-11,37.880001068115234,38.220001220703125,37.4900016784668,38.150001525878906,53741900,INTC
2025-11-12,37.88999938964844,38.20000076293945,37.349998474121094,38.060001373291016,53876000,INTC
2025-11-13,35.90999984741211,37.310001373291016,35.45000076293945,37.27000045776367,95593200,INTC
2025-11-14,35.52000045776367,36.099998474121094,34.619998931884766,35.029998779296875,71716200,INTC
2025-11-17,34.709999084472656,35.72999954223633,34.22999954223633,35.45000076293945,72580100,INTC
2025-11-18,34.33000183105469,34.7599983215332,33.56999969482422,34.25,61504800,INTC
2025-11-19,35.11000061035156,35.75,34.25,34.33000183105469,67115500,INTC
2025-11-20,33.619998931884766,36.68000030517578,33.47999954223633,36.0,96389100,INTC
2025-11-21,34.5,34.97999954223633,32.88999938964844,33.5099983215332,105641700,INTC
2025-11-24,35.790000915527344,36.15999984741211,34.689998626708984,34.970001220703125,103804200,INTC
2025-11-25,35.83000183105469,36.130001068115234,34.68000030517578,35.54999923706055,62203300,INTC
2025-11-26,36.810001373291016,37.2400016784668,36.130001068115234,36.20000076293945,54563400,INTC
2025-11-28,40.560001373291016,40.59000015258789,37.34000015258789,37.400001525878906,95799500,INTC
2025-12-01,40.0099983215332,40.380001068115234,39.599998474121094,39.86000061035156,74534900,INTC
2025-12-02,43.470001220703125,43.68000030517578,40.04999923706055,40.470001220703125,167205800,INTC
2025-12-03,43.7599983215332,44.02000045776367,42.5099983215332,43.38999938964844,91957200,INTC
2025-12-04,40.5,43.279998779296875,40.13999938964844,43.2599983215332,107850200,INTC
2025-12-05,41.40999984741211,42.83000183105469,41.150001525878906,41.15999984741211,103042000,INTC
2025-12-08,40.29999923706055,42.119998931884766,39.70000076293945,41.939998626708984,93953600,INTC
2025-12-09,40.5,41.2599983215332,40.029998779296875,40.72999954223633,61877200,INTC
2025-12-10,40.779998779296875,40.9900016784668,38.88999938964844,40.11000061035156,75974900,INTC
2025-12-11,39.5099983215332,40.189998626708984,39.08000183105469,40.06999969482422,59096800,INTC
2025-12-12,37.810001373291016,40.029998779296875,37.619998931884766,39.25,87784500,INTC
2025-12-15,37.5099983215332,38.47999954223633,37.31999969482422,38.33000183105469,60898500,INTC
2025-12-16,37.310001373291016,37.959999084472656,36.91999816894531,37.58000183105469,50490300,INTC
2025-12-17,36.04999923706055,37.84000015258789,35.970001220703125,37.59000015258789,54792000,INTC
2025-12-18,36.279998779296875,37.4900016784668,35.66999816894531,37.380001068115234,69468400,INTC
2025-12-19,36.81999969482422,37.58000183105469,36.439998626708984,36.47999954223633,163221300,INTC
2025-12-22,36.369998931884766,37.900001525878906,36.290000915527344,37.88999938964844,51685400,INTC
2025-12-23,36.349998474121094,36.79999923706055,36.029998779296875,36.2400016784668,35958000,INTC
2025-12-24,36.15999984741211,36.18000030517578,34.95000076293945,35.16999816894531,37443800,INTC
2025-12-26,36.20000076293945,36.4900016784668,35.849998474121094,36.16999816894531,28779400,INTC
2025-12-29,36.68000030517578,36.79999923706055,35.81999969482422,36.0099983215332,38062300,INTC
2025-12-30,37.29999923706055,38.2599983215332,36.81999969482422,36.90999984741211,61935300,INTC
2025-12-31,36.900001525878906,37.58000183105469,36.869998931884766,37.400001525878906,51524700,INTC
2026-01-02,39.380001068115234,39.86000061035156,37.7599983215332,37.77000045776367,95396400,INTC
2026-01-05,39.369998931884766,42.099998474121094,39.27000045776367,41.59000015258789,96665400,INTC
2026-01-06,40.040000915527344,40.310001373291016,38.95000076293945,39.86000061035156,66395100,INTC
2026-01-07,42.630001068115234,44.56999969482422,40.119998931884766,40.18000030517578,166028400,INTC
2026-01-08,41.11000061035156,43.34000015258789,40.68000030517578,42.619998931884766,88242000,INTC
2026-01-09,45.54999923706055,45.72999954223633,41.56999969482422,41.83000183105469,186691400,INTC
2026-01-12,44.060001373291016,45.45000076293945,43.88999938964844,44.2400016784668,101989100,INTC
2026-01-13,47.290000915527344,48.2400016784668,45.220001220703125,45.88999938964844,168656400,INTC
2026-01-14,48.720001220703125,49.0,47.41999816894531,48.95000076293945,148225800,INTC
2026-01-15,48.31999969482422,50.38999938964844,47.83000183105469,49.349998474121094,132328900,INTC
2026-01-16,46.959999084472656,50.209999084472656,46.709999084472656,49.27000045776367,127314700,INTC
2026-01-20,48.560001373291016,50.22999954223633,47.0,47.29999923706055,150153000,INTC
2026-01-21,54.25,54.40999984741211,50.150001525878906,50.31999969482422,220565300,INTC
2026-01-22,54.31999969482422,54.599998474121094,53.08000183105469,54.209999084472656,190066400,INTC
2026-01-23,45.06999969482422,48.130001068115234,44.45000076293945,46.86000061035156,294675400,INTC
2026-01-26,42.4900016784668,44.459999084472656,42.279998779296875,44.279998779296875,149407800,INTC
2026-01-27,43.93000030517578,44.529998779296875,43.099998474121094,43.970001220703125,121832200,INTC
2026-01-28,48.779998779296875,49.290000915527344,46.31999969482422,46.599998474121094,201995100,INTC
2026-01-29,48.65999984741211,48.77000045776367,46.9900016784668,47.560001373291016,124256600,INTC
2026-01-30,46.470001220703125,49.58000183105469,45.959999084472656,48.97999954223633,114920100,INTC
2026-02-02,48.810001373291016,49.84000015258789,45.5,45.630001068115234,101414600,INTC
2026-02-03,49.25,51.4900016784668,48.43000030517578,50.060001373291016,122205100,INTC
2026-02-04,48.599998474121094,49.70000076293945,47.0,49.540000915527344,128702300,INTC
2026-02-05,48.2400016784668,50.86000061035156,46.790000915527344,47.59000015258789,114307800,INTC
2026-02-06,50.59000015258789,51.29999923706055,48.83000183105469,49.099998474121094,115600200,INTC
2026-02-09,50.2400016784668,51.220001220703125,47.59000015258789,49.59000015258789,94841400,INTC
2026-02-10,47.130001068115234,50.540000915527344,46.77000045776367,50.40999984741211,99832900,INTC
2026-02-11,48.290000915527344,49.54999923706055,46.86000061035156,48.11000061035156,107681200,INTC
2026-02-12,46.47999954223633,48.95000076293945,46.189998626708984,47.79999923706055,88321200,INTC
2026-02-13,46.790000915527344,47.689998626708984,44.970001220703125,45.7599983215332,69740400,INTC
2026-02-17,46.18000030517578,46.83000183105469,45.459999084472656,45.93000030517578,65802200,INTC
2026-02-18,45.459999084472656,46.77000045776367,44.880001068115234,45.91999816894531,65306100,INTC
2026-02-19,44.619998931884766,45.16999816894531,43.91999816894531,44.95000076293945,72724900,INTC
2026-02-20,44.11000061035156,44.38999938964844,42.880001068115234,43.88999938964844,90743600,INTC
2026-02-23,43.630001068115234,44.54999923706055,43.18000030517578,44.09000015258789,57130900,INTC
2026-02-24,46.119998931884766,46.599998474121094,43.540000915527344,44.099998474121094,98872300,INTC
2026-02-25,46.880001068115234,46.970001220703125,45.08000183105469,46.09000015258789,75645300,INTC
2026-02-26,45.459999084472656,46.95000076293945,44.38999938964844,46.77000045776367,71457500,INTC
2026-02-27,45.61000061035156,46.560001373291016,44.400001525878906,44.459999084472656,79327200,INTC
2026-03-02,45.5,45.810001373291016,43.95000076293945,44.20000076293945,60705100,INTC
2026-03-03,43.099998474121094,43.689998626708984,42.13999938964844,43.439998626708984,83971000,INTC
2026-03-04,45.58000183105469,46.130001068115234,43.27000045776367,44.06999969482422,96628100,INTC
2026-03-05,45.95000076293945,46.47999954223633,44.70000076293945,44.869998931884766,78229400,INTC
2026-03-06,43.41999816894531,45.18000030517578,43.279998779296875,44.66999816894531,74698300,INTC
2026-03-09,45.58000183105469,45.7599983215332,41.63999938964844,42.7400016784668,82937400,INTC
2026-03-10,46.779998779296875,47.880001068115234,45.40999984741211,45.40999984741211,85233300,INTC
2026-03-11,47.97999954223633,48.83000183105469,46.65999984741211,46.81999969482422,72480600,INTC
2026-03-12,45.25,47.439998626708984,45.16999816894531,47.400001525878906,85110200,INTC
2026-03-13,45.77000045776367,46.650001525878906,45.38999938964844,45.970001220703125,68386200,INTC
2026-03-16,45.7599983215332,49.16999816894531,45.689998626708984,47.90999984741211,114199400,INTC
2026-03-17,44.060001373291016,46.08000183105469,43.90999984741211,46.08000183105469,89061600,INTC
2026-03-18,45.029998779296875,45.709999084472656,44.04999923706055,44.20000076293945,78056200,INTC
2026-03-19,46.18000030517578,46.439998626708984,43.650001525878906,43.9900016784668,74051500,INTC
2026-03-20,43.869998931884766,47.54999923706055,43.63999938964844,46.95000076293945,162814200,INTC
2026-03-23,44.0099983215332,45.459999084472656,43.7400016784668,44.5,80772200,INTC
2026-03-24,44.060001373291016,44.310001373291016,43.20000076293945,43.540000915527344,65323500,INTC
2026-03-25,47.18000030517578,47.849998474121094,45.45000076293945,45.849998474121094,97467900,INTC
2026-03-26,44.099998474121094,46.599998474121094,43.91999816894531,46.29999923706055,82841400,INTC
2026-03-27,43.130001068115234,44.130001068115234,42.86000061035156,43.619998931884766,70002200,INTC
2026-03-30,41.189998626708984,43.9900016784668,40.630001068115234,43.720001220703125,84596000,INTC
2026-03-31,44.130001068115234,44.22999954223633,41.599998474121094,41.95000076293945,95294900,INTC
2026-04-01,48.029998779296875,48.77000045776367,44.97999954223633,45.0,129598500,INTC
2026-04-02,50.380001068115234,50.4900016784668,46.040000915527344,46.060001373291016,117134200,INTC
2026-04-06,50.779998779296875,52.38999938964844,49.869998931884766,50.880001068115234,79978800,INTC
2026-04-07,52.90999984741211,53.27000045776367,51.220001220703125,51.90999984741211,129543800,INTC
2026-04-08,58.95000076293945,59.16999816894531,54.79999923706055,55.369998931884766,184599900,INTC
2026-04-09,61.720001220703125,62.08000183105469,58.38999938964844,58.400001525878906,155609900,INTC
2026-04-10,62.380001068115234,63.38999938964844,60.75,61.52000045776367,98624400,INTC
2026-04-13,65.18000030517578,65.6500015258789,62.18000030517578,62.18000030517578,112111000,INTC
2026-04-14,63.810001373291016,65.18000030517578,62.09000015258789,65.16000366210938,112796100,INTC
2026-04-15,64.94000244140625,65.83999633789062,62.880001068115234,63.77000045776367,92051500,INTC
2026-04-16,68.5,68.61000061035156,64.2699966430664,64.93000030517578,108328300,INTC
2026-04-17,68.5,70.33000183105469,67.73999786376953,68.8499984741211,118831500,INTC
2026-04-20,65.69999694824219,69.20999908447266,64.47000122070312,68.44999694824219,96851100,INTC
2026-04-21,66.26000213623047,67.66999816894531,65.63999938964844,67.13999938964844,91402300,INTC
2026-04-22,65.2699966430664,68.7699966430664,64.9800033569336,67.94000244140625,90267300,INTC
2026-04-23,66.77999877929688,68.27999877929688,65.41999816894531,66.0999984741211,155141800,INTC
2026-04-24,82.54000091552734,85.22000122070312,79.62000274658203,82.19999694824219,281405200,INTC
2026-04-27,84.98999786376953,87.0999984741211,82.61000061035156,83.66999816894531,178820200,INTC
2026-04-28,84.5199966430664,84.58999633789062,80.80000305175781,81.27999877929688,147773500,INTC
2026-04-29,94.75,94.94999694824219,85.87000274658203,86.13999938964844,235070900,INTC
2026-04-30,94.4800033569336,95.69000244140625,91.5,95.5999984741211,160597300,INTC
2026-05-01,99.62000274658203,100.44999694824219,92.61000061035156,93.19999694824219,158502800,INTC
2026-05-04,95.77999877929688,99.81999969482422,95.5999984741211,99.18000030517578,119294000,INTC
2026-05-05,108.1500015258789,110.4800033569336,100.08000183105469,100.51000213623047,198482000,INTC
2026-05-06,113.01000213623047,113.5,106.58000183105469,110.9800033569336,157320100,INTC
2026-05-07,109.62000274658203,114.51000213623047,109.1500015258789,111.0199966430664,122699900,INTC
2026-05-08,124.91999816894531,130.57000732421875,111.80000305175781,111.80999755859375,227681300,INTC
2026-05-11,129.44000244140625,132.75,123.91999816894531,130.8800048828125,179486500,INTC
2026-05-12,120.61000061035156,127.79000091552734,115.0,124.36000061035156,172516500,INTC
2026-05-13,120.29000091552734,125.0,116.41000366210938,124.0999984741211,115364400,INTC
2026-05-14,115.93000030517578,118.56999969482422,113.16999816894531,114.66000366210938,118279800,INTC
2026-05-15,108.7699966430664,110.56999969482422,105.0199966430664,109.79000091552734,135206000,INTC
2026-05-18,108.16999816894531,115.54000091552734,103.8499984741211,113.47000122070312,145764000,INTC
2026-05-19,110.80000305175781,113.06999969482422,102.4000015258789,106.9800033569336,150234900,INTC
2026-05-20,118.95999908447266,121.94000244140625,114.80000305175781,116.22000122070312,165086900,INTC
2026-05-21,118.5,119.41000366210938,113.16999816894531,116.58000183105469,102452500,INTC
2026-05-22,119.83999633789062,122.77999877929688,118.08999633789062,120.33999633789062,82663000,INTC
2026-05-26,123.5199966430664,125.62000274658203,117.3499984741211,122.0999984741211,108167300,INTC
2026-05-27,121.7699966430664,125.2699966430664,117.0,124.38999938964844,93323300,INTC
2026-05-28,120.88999938964844,123.08000183105469,116.30999755859375,121.44999694824219,97321000,INTC
2026-05-29,114.68000030517578,126.63999938964844,113.54000091552734,123.8499984741211,191676100,INTC
2026-06-01,109.33000183105469,113.30000305175781,106.33000183105469,109.43000030517578,134900400,INTC
2026-06-02,107.93000030517578,109.0,104.16999816894531,107.44999694824219,106336200,INTC
2026-06-03,112.70999908447266,118.29000091552734,110.86000061035156,116.41999816894531,118928800,INTC
2026-06-04,111.77999877929688,113.13999938964844,107.4800033569336,108.4000015258789,77325800,INTC
2026-06-05,99.16999816894531,106.4800033569336,98.33000183105469,106.4800033569336,145209400,INTC
2026-06-08,110.2699966430664,112.54000091552734,106.66000366210938,111.0,136973900,INTC
2026-06-09,107.91999816894531,114.0,99.45999908447266,112.98999786376953,149623100,INTC
2026-06-10,107.04000091552734,111.5,104.91999816894531,106.02999877929688,122653500,INTC
2026-06-11,116.95999908447266,119.44000244140625,110.51000213623047,113.5199966430664,188430300,INTC
2026-06-12,124.56999969482422,127.5999984741211,115.33000183105469,117.41999816894531,151169400,INTC
2026-06-15,127.86000061035156,132.61000061035156,126.66000366210938,129.49000549316406,134507500,INTC
2026-06-16,117.05000305175781,128.6999969482422,116.0,125.11000061035156,132962600,INTC
2026-06-17,121.0999984741211,125.19999694824219,118.05999755859375,121.8499984741211,115324900,INTC
2026-06-18,133.99000549316406,135.47999572753906,127.9000015258789,131.80999755859375,233906600,INTC
2026-06-22,140.94000244140625,141.4499969482422,136.2100067138672,139.1199951171875,127190600,INTC
2026-06-23,132.27999877929688,137.97999572753906,128.3000030517578,129.72999572753906,132976700,INTC
2026-06-24,131.64999389648438,136.0800018310547,127.94999694824219,133.0500030517578,104591700,INTC
2026-06-25,132.8699951171875,140.72000122070312,125.41000366210938,139.72999572753906,122588800,INTC
2026-06-26,128.32000732421875,131.22999572753906,125.5,128.7100067138672,99475400,INTC
2026-06-29,131.72000122070312,132.0500030517578,118.5,127.0,106805300,INTC
2026-06-30,139.6300048828125,142.35000610351562,131.52000427246094,131.99000549316406,116996700,INTC
2026-07-01,127.0199966430664,135.74000549316406,126.68000030517578,135.0,113107200,INTC
2026-07-02,120.3499984741211,130.74000549316406,117.62999725341797,128.9199981689453,124577600,INTC
2026-07-06,122.19999694824219,127.30000305175781,121.5199966430664,122.56999969482422,86950200,INTC
2026-07-07,110.38999938964844,116.47000122070312,108.30000305175781,116.30000305175781,140405900,INTC
2026-07-08,110.23999786376953,110.48999786376953,104.41000366210938,108.30000305175781,105488100,INTC
2026-07-09,112.54000091552734,116.7699966430664,111.51000213623047,114.87000274658203,99352500,INTC
2026-07-10,109.83999633789062,110.8499984741211,107.44999694824219,109.58000183105469,70846600,INTC
2026-07-13,103.12000274658203,106.16999816894531,101.79000091552734,105.9800033569336,100988800,INTC
2026-07-14,107.76000213623047,109.19000244140625,103.58999633789062,107.9800033569336,91129000,INTC
2026-07-15,102.98999786376953,109.61000061035156,99.19999694824219,109.30000305175781,120625500,INTC
2026-07-16,96.9800033569336,101.87999725341797,95.4800033569336,101.13999938964844,107742900,INTC
2026-07-17,95.04000091552734,98.05000305175781,89.58999633789062,92.13999938964844,126779300,INTC
2026-07-20,97.05999755859375,100.9800033569336,96.91999816894531,97.58000183105469,89741400,INTC
2026-07-21,105.44999694824219,106.33999633789062,101.22000122070312,103.19000244140625,105429400,INTC
2026-07-22,102.62000274658203,106.8499984741211,101.4800033569336,101.55000305175781,78431000,INTC
2026-07-23,100.2300033569336,104.18000030517578,99.23999786376953,101.13999938964844,140806900,INTC
2026-07-24,92.31999969482422,101.73999786376953,91.58000183105469,100.36000061035156,181132900,INTC
2026-07-27,91.66999816894531,94.9800033569336,86.94000244140625,92.45999908447266,133247300,INTC
2026-07-28,86.30000305175781,88.27999877929688,83.0999984741211,86.62000274658203,154346700,INTC
2026-07-29,81.87999725341797,88.47000122070312,81.79000091552734,86.56999969482422,152394600,INTC
2026-07-30,91.12999725341797,94.0999984741211,85.97000122070312,86.51000213623047,140322600,INTC
2026-07-31,90.19999694824219,97.9000015258789,90.12999725341797,96.72000122070312,109039500,INTC
2026-08-03,91.0,91.68000030517578,85.62000274658203,88.4000015258789,96633600,INTC
2026-08-04,100.86000061035156,101.38999938964844,94.31999969482422,95.23999786376953,124355100,INTC
2026-08-05,101.05999755859375,102.83000183105469,97.9000015258789,99.30000305175781,85388400,INTC
2026-08-06,99.80999755859375,103.37999725341797,95.5999984741211,98.22000122070312,78088100,INTC
2026-08-07,101.6500015258789,103.66000366210938,98.02999877929688,102.33000183105469,76760600,INTC
2026-08-10,97.5199966430664,100.02999877929688,96.30000305175781,98.26000213623047,101153400,INTC
2026-08-11,97.70999908447266,98.3499984741211,95.3499984741211,96.77999877929688,164063600,INTC
2026-08-12,100.94999694824219,103.16000366210938,100.12000274658203,101.33000183105469,162446700,INTC
2026-08-13,104.55999755859375,107.56999969482422,100.33000183105469,101.51000213623047,116837600,INTC
2026-08-14,102.5,106.87000274658203,102.05000305175781,104.4800033569336,95387500,INTC
2026-08-17,103.48999786376953,105.97000122070312,101.80000305175781,103.55000305175781,88616800,INTC
2026-08-18,96.69000244140625,99.30999755859375,95.25,99.22000122070312,121969500,INTC
2026-08-19,92.80000305175781,98.19999694824219,91.27999877929688,97.41000366210938,110268600,INTC
2026-08-20,92.12999725341797,92.68000030517578,89.8499984741211,91.87000274658203,85654700,INTC
2026-08-21,90.06999969482422,92.7699966430664,89.75,92.70999908447266,91670100,INTC
2026-08-24,87.26000213623047,88.91000366210938,85.13999938964844,88.86000061035156,96903400,INTC
2026-08-25,87.4800033569336,90.18000030517578,87.29000091552734,90.05999755859375,81853800,INTC
2026-08-26,88.23999786376953,88.27999877929688,85.62999725341797,86.80999755859375,75752800,INTC
2026-08-27,92.08999633789062,92.94999694824219,88.45999908447266,89.91000366210938,100556800,INTC
2026-08-28,89.47000122070312,93.69999694824219,89.05000305175781,90.2699966430664,86172600,INTC
2026-08-31,89.51000213623047,91.8499984741211,88.97000122070312,90.0,65188200,INTC
2026-09-01,88.97000122070312,89.41000366210938,85.72000122070312,86.83999633789062,73962100,INTC
2026-09-02,90.05000305175781,90.43000030517578,87.5,88.8499984741211,61554500,INTC
2026-09-03,91.66999816894531,92.37000274658203,87.7300033569336,89.3499984741211,79927800,INTC
2026-09-04,95.80000305175781,95.94000244140625,91.87000274658203,92.44999694824219,97654300,INTC
2026-09-08,104.47000122070312,106.08999633789062,100.3499984741211,100.80000305175781,140269300,INTC
2026-09-09,106.23999786376953,106.69000244140625,102.69999694824219,102.69999694824219,96891400,INTC
2026-09-10,100.31999969482422,103.2300033569336,99.33999633789062,102.44999694824219,96887100,INTC
2026-09-11,102.94000244140625,104.9000015258789,101.06999969482422,102.47000122070312,86990400,INTC
2026-09-14,97.19000244140625,98.86000061035156,94.5199966430664,95.81999969482422,96459700,INTC
2026-09-15,97.13999938964844,100.4800033569336,96.5199966430664,98.83000183105469,84999300,INTC
2026-09-16,101.05000305175781,104.41999816894531,99.29000091552734,101.37000274658203,119923600,INTC
2026-09-17,108.80000305175781,111.37000274658203,104.69999694824219,104.69999694824219,149726000,INTC
2026-09-18,108.5999984741211,110.48999786376953,106.4000015258789,109.80000305175781,174996700,INTC
2026-09-21,121.77999877929688,124.7300033569336,114.93000030517578,116.52999877929688,191638400,INTC
2026-09-22,123.86000061035156,124.08999633789062,120.08000183105469,120.1500015258789,108379400,INTC
2026-09-23,122.5999984741211,124.25,119.44000244140625,123.87000274658203,85621100,INTC
2026-09-24,127.38999938964844,127.44000244140625,119.55000305175781,120.61000061035156,119296700,INTC
2026-09-25,123.0,126.93000030517578,122.83999633789062,126.83000183105469,97728400,INTC
2026-09-28,116.02999877929688,121.70999908447266,114.70999908447266,120.68000030517578,112436900,INTC
2026-09-29,115.93000030517578,118.75,113.97000122070312,116.69999694824219,88744500,INTC
2026-09-30,120.2300033569336,120.55000305175781,116.0,116.22000122070312,94917200,INTC
2026-10-01,120.0,122.1500015258789,117.3499984741211,118.7300033569336,103559800,INTC
2026-10-02,119.33000183105469,126.0,118.95999908447266,124.01000213623047,95401500,INTC
2026-10-05,116.19000244140625,118.05999755859375,115.30999755859375,115.33999633789062,81331800,INTC
2026-10-06,112.5,118.19999694824219,112.0,117.05999755859375,101938800,INTC
2026-10-07,113.12000274658203,115.30000305175781,111.13999938964844,111.66999816894531,82861900,INTC
2026-10-08,107.08000183105469,111.5999984741211,105.23999786376953,110.37999725341797,120196700,INTC
2026-10-09,104.69999694824219,108.37999725341797,104.0,108.33000183105469,74726800,INTC
