Date,Close,High,Low,Open,Volume,Ticker
2005-09-30,17.77585792541504,17.927848229037746,17.692955321360046,17.90021314921066,57644500,MSFT
2005-10-03,17.616960525512695,17.77585828458969,17.575509222647643,17.762040744396955,55341300,MSFT
2005-10-04,17.257713317871094,17.54096631853851,17.098815550221225,17.520241324844406,151666300,MSFT
2005-10-05,17.043548583984375,17.306075302199602,17.043548583984375,17.299167848681872,73684700,MSFT
2005-10-06,17.08499526977539,17.236985560298372,16.94682383568807,17.03663520195918,81724600,MSFT
2005-10-07,16.98828125,17.160996593072213,16.93992116477394,17.11263650784615,50768700,MSFT
2005-10-10,16.898466110229492,17.050456433672345,16.82247226622137,17.043547662814643,48880900,MSFT
2005-10-11,16.863933563232422,16.960653777107172,16.753395799457255,16.933019995020423,76567300,MSFT
2005-10-12,16.787935256958008,17.064280933088646,16.7672102536479,16.919199321348678,71294400,MSFT
2005-10-13,16.98828125,17.085001420452123,16.767205821701726,16.794839591382264,70192000,MSFT
2005-10-14,17.043548583984375,17.08499989365765,16.92610210848229,17.071182351195432,53846700,MSFT
2005-10-17,16.946823120117188,17.057360789804857,16.88464551620375,17.050452020735257,46924400,MSFT
2005-10-18,16.974470138549805,17.15409432153669,16.89156748037985,16.91920126053184,69328200,MSFT
2005-10-19,17.33371353149414,17.33371353149414,16.926105178911428,16.967556496104052,66574500,MSFT
2005-10-20,17.12645721435547,17.361348912015668,17.091913348733573,17.306080044734372,58830600,MSFT
2005-10-21,17.119543075561523,17.2715320835197,16.97446152084903,17.20935446260196,69431200,MSFT
2005-10-24,17.340614318847656,17.340614318847656,17.050452596687816,17.195532798911234,51868000,MSFT
2005-10-25,17.29226303100586,17.36134812368521,17.154090210219795,17.23699416623417,41310500,MSFT
2005-10-26,17.347530364990234,17.49951940027209,17.22317510079892,17.250808871889454,58178100,MSFT
2005-10-27,17.167905807495117,17.45806764404511,17.167905807495117,17.423523783912056,61566100,MSFT
2005-10-28,17.63768768310547,17.686047758390078,17.34061714325634,17.34061714325634,106559300,MSFT
2005-10-31,17.75514030456543,17.82422539738857,17.616967483491788,17.69296266685366,75122100,MSFT
2005-11-01,17.934762954711914,18.03148445561892,17.69296249672857,17.69296249672857,71370400,MSFT
2005-11-02,18.280189514160156,18.307824598887308,17.914033865518967,17.914033865518967,75067100,MSFT
2005-11-03,18.266374588012695,18.404546068330557,18.135110561654287,18.37691229935237,73421600,MSFT
2005-11-04,18.418357849121094,18.452900378964866,18.273277642521595,18.32854648089946,57464000,MSFT
2005-11-07,18.66016387939453,18.708523959581825,18.445997245259367,18.45981346980334,77104800,MSFT
2005-11-08,18.68779754638672,18.77761025286632,18.494357226670687,18.611803699804,60091700,MSFT
2005-11-09,18.62561798095703,18.75688198257835,18.611801757928376,18.6394355216989,59562100,MSFT
2005-11-10,18.715436935424805,18.75688825379612,18.40454875335583,18.611807980639696,73314800,MSFT
2005-11-11,18.846696853637695,18.92269070105737,18.74306660383324,18.756884146168947,51945600,MSFT
2005-11-14,18.90887451171875,18.95723459227061,18.791428037072794,18.901965740538003,67152200,MSFT
2005-11-15,19.05437660217285,19.082092693405205,18.881154996698555,18.93658585758729,65081000,MSFT
2005-11-16,19.220680236816406,19.317683968755283,19.01281471935403,19.04052950494654,86277000,MSFT
2005-11-17,19.380037307739258,19.400824381057852,19.23453175923794,19.29689165761744,91351000,MSFT
2005-11-18,19.449323654174805,19.57404343441262,19.331532897458658,19.483968771783143,75431200,MSFT
2005-11-21,19.511688232421875,19.567119112337647,19.289964712758785,19.449328327319577,65794400,MSFT
2005-11-22,19.338462829589844,19.45625359184034,19.303819031929883,19.44239554414589,104253300,MSFT
2005-11-23,19.34539794921875,19.463188748585413,19.22067812382151,19.34539794921875,70541300,MSFT
2005-11-25,19.234535217285156,19.359255036466696,19.033597437142337,19.262249998449654,44082500,MSFT
2005-11-28,19.227602005004883,19.29689092519402,19.075167437849764,19.25531810171103,57517200,MSFT
2005-11-29,19.179101943969727,19.255319895435466,19.123671066970015,19.255319895435466,62220400,MSFT
2005-11-30,19.179101943969727,19.24146184579145,19.144456819859688,19.179101943969727,55904700,MSFT
2005-12-01,19.324602127075195,19.470108964724815,19.213740403902143,19.213740403902143,61006100,MSFT
2005-12-02,19.407751083374023,19.470110974292208,19.255316528671855,19.27610227792717,42319600,MSFT
2005-12-05,19.296886444091797,19.414677184587223,19.19988144972291,19.352317303055766,47517300,MSFT
2005-12-06,19.18602752685547,19.34539110444308,19.179098503276514,19.33153305728517,65980000,MSFT
2005-12-07,19.227602005004883,19.227602005004883,19.089024164626608,19.17217113316882,55583200,MSFT
2005-12-08,19.18602752685547,19.269173166650692,19.12366763622099,19.19988425243726,63931600,MSFT
2005-12-09,19.199888229370117,19.283035207963955,19.15138637584721,19.199888229370117,48467000,MSFT
2005-12-12,19.019739151000977,19.227604618243316,18.936592171158196,19.192960814228396,63757200,MSFT
2005-12-13,18.79800796508789,19.005874683723643,18.707933312115575,18.908871007972536,104285500,MSFT
2005-12-14,18.770305633544922,18.87423840094505,18.604012941389346,18.707945708789477,65076200,MSFT
2005-12-15,18.652515411376953,18.784164292492687,18.57629742942939,18.763377209713294,79018100,MSFT
2005-12-16,18.638652801513672,18.763372624558826,18.57629288999109,18.624794749713864,88542500,MSFT
2005-12-19,18.590147018432617,18.61786311618289,18.465427221708953,18.58321799399505,68680100,MSFT
2005-12-20,18.610939025878906,18.624795756851462,18.47929016981492,18.54165008470962,62960600,MSFT
2005-12-21,18.52085304260254,18.645572805299,18.506994997508283,18.61785803668641,75800900,MSFT
2005-12-22,18.423851013183594,18.55549981016798,18.30606026252936,18.50699664801244,91276900,MSFT
2005-12-23,18.458492279052734,18.479279345700622,18.319915799461032,18.375346655612883,30689200,MSFT
2005-12-27,18.333782196044922,18.60400891874784,18.326854491749447,18.486218122076455,37819000,MSFT
2005-12-28,18.285276412963867,18.472356106636465,18.25756163699919,18.368423384010445,35444400,MSFT
2005-12-29,18.20212173461914,18.36148525170104,18.195192713670934,18.2991253847428,34495500,MSFT
2005-12-30,18.118980407714844,18.22984213401648,18.08433661383659,18.118980407714844,49044600,MSFT
2006-01-03,18.59708023071289,18.707942003526178,18.084344201057288,18.188276947872673,79973000,MSFT
2006-01-04,18.6871395111084,18.763357412639042,18.548563070187356,18.548563070187356,57975600,MSFT
2006-01-05,18.70100212097168,18.798005785475294,18.6455712667445,18.680215055045558,48245500,MSFT
2006-01-06,18.645570755004883,18.70793062949593,18.354558447905248,18.631712711434478,100963000,MSFT
2006-01-09,18.610939025878906,18.756444612915445,18.54165008470962,18.65944088822442,55625000,MSFT
2006-01-10,18.70793914794922,18.721797197829734,18.423855733280543,18.465428561345714,64921900,MSFT
2006-01-11,18.908872604370117,18.978160194855736,18.638645979487126,18.714863914912595,70120700,MSFT
2006-01-12,18.804941177368164,18.888088147661744,18.68715040703841,18.88115912333926,45994800,MSFT
2006-01-13,18.839582443237305,18.8811552590876,18.71486267411044,18.7287207199192,41418000,MSFT
2006-01-17,18.70100212097168,18.839579917327537,18.638642244769127,18.638642244769127,58566600,MSFT
2006-01-18,18.590147018432617,18.694079741843574,18.500072343896793,18.527787120070784,52376200,MSFT
2006-01-19,18.7217960357666,18.874230610261513,18.604005262246258,18.617863311266603,60367600,MSFT
2006-01-20,18.299131393432617,18.7148635358052,18.195198688233482,18.7148635358052,79165900,MSFT
2006-01-23,18.257556915283203,18.382276678810275,18.222911802316833,18.299129729266916,47925600,MSFT
2006-01-24,18.209054946899414,18.326845686980583,18.167480811640708,18.250627760582205,63040700,MSFT
2006-01-25,18.292205810546875,18.409996584346537,18.17441503674721,18.299134835073477,59072100,MSFT
2006-01-26,18.361494064331055,18.513928633625977,18.229845246281293,18.403066888397625,69509300,MSFT
2006-01-27,19.255319595336914,19.366181347608535,18.839587363530168,18.867302140809908,134520700,MSFT
2006-01-30,19.40083122253418,19.52555106327418,19.24839659583904,19.27611138179418,103999200,MSFT
2006-01-31,19.504756927490234,19.664120523424373,19.310749531249115,19.338464307179446,94841300,MSFT
2006-02-01,19.428537368774414,19.44932311718943,19.2345286802525,19.37310518213152,68448800,MSFT
2006-02-02,19.179101943969727,19.393896427146572,19.089025942859973,19.380038377502554,55073400,MSFT
2006-02-03,19.082096099853516,19.19295784142152,18.94351826210541,19.040521955583362,75022700,MSFT
2006-02-06,18.825727462768555,19.082096065670438,18.77029659208385,19.0613089935726,60170500,MSFT
2006-02-07,18.666364669799805,18.811870215953565,18.576288675115443,18.673293694127544,72159500,MSFT
2006-02-08,18.645570755004883,18.763361482201777,18.50699296245238,18.71485965128113,51795200,MSFT
2006-02-09,18.472352981567383,18.72872155414481,18.465423958354364,18.680218391653693,52861700,MSFT
2006-02-10,18.49314308166504,18.631719603905672,18.368423286545088,18.444641232802006,52127000,MSFT
2006-02-13,18.285276412963867,18.500072204177417,18.25063261261395,18.451569033480755,46707000,MSFT
2006-02-14,18.46542739868164,18.486214472193566,18.25756194986754,18.2991347753151,58432900,MSFT
2006-02-15,18.68790054321289,18.722663059691293,18.423712048249108,18.4932357551515,62808900,MSFT
2006-02-16,18.639230728149414,18.70180191961047,18.472374659604647,18.667040735933956,48868500,MSFT
2006-02-17,18.562759399414062,18.639234283299654,18.465425679657404,18.541901889597405,41513200,MSFT
2006-02-21,18.45153045654297,18.576671594638913,18.312482979474115,18.576671594638913,50216100,MSFT
2006-02-22,18.576669692993164,18.674003447399564,18.402861027476952,18.44457606196036,43043100,MSFT
2006-02-23,18.534955978393555,18.69485963236206,18.451528561564285,18.58362219255311,47359100,MSFT
2006-02-24,18.51409149169922,18.590567700049686,18.437616609403133,18.486282805242748,44753800,MSFT
2006-02-27,18.80609893798828,18.952098921006986,18.54191032374469,18.59752904916729,51301500,MSFT
2006-02-28,18.680950164794922,18.979899862966192,18.680950164794922,18.736568867484284,65036100,MSFT
2006-03-01,18.86865997314453,18.910374989209775,18.73656640043415,18.757422582412474,53061200,MSFT
2006-03-02,18.750469207763672,18.840850412314317,18.701803017338353,18.785231719534778,41850300,MSFT
2006-03-03,18.722671508789062,18.882575178587203,18.590576538668635,18.639242757645896,45218800,MSFT
2006-03-06,18.708755493164062,18.87561157126608,18.65313680046339,18.715707995508424,53054100,MSFT
2006-03-07,18.813045501708984,18.840855518663087,18.63923687390961,18.70180808600175,51613900,MSFT
2006-03-08,18.945131301879883,19.118939845933827,18.75046525516004,18.76437025693731,57547400,MSFT
2006-03-09,18.771333694458008,19.06333227163621,18.771333694458008,18.959047349655723,45360700,MSFT
2006-03-10,18.889522552490234,18.924283749156057,18.687903898875426,18.81304632855984,41297200,MSFT
2006-03-13,18.847803115844727,18.97294550744798,18.729613226669905,18.896469306789495,40342600,MSFT
2006-03-14,18.931230545043945,19.035515429649273,18.76437446446457,18.799136976702513,39821800,MSFT
2006-03-15,19.0216121673584,19.084183364702678,18.778279880581117,18.910374777869517,57152000,MSFT
2006-03-16,18.959043502807617,19.10504209874579,18.92428098516439,19.007709701453678,73793700,MSFT
2006-03-17,19.11894416809082,19.2301815553481,18.959040589665264,19.014659283293902,120615000,MSFT
2006-03-20,19.390087127685547,19.45961083338414,19.23713603599216,19.257993545518058,67094100,MSFT
2006-03-21,19.285799026489258,19.619511167107763,19.24408534042549,19.285799026489258,73199600,MSFT
2006-03-22,18.87562370300293,19.11895613723328,18.63229126877258,18.826957481367877,145696100,MSFT
2006-03-23,18.667049407958984,18.840858059195,18.53495446172428,18.826953048842974,73682900,MSFT
2006-03-24,18.77828598022461,18.917332099224126,18.50714492102905,18.569714812643266,69157600,MSFT
2006-03-27,18.77828598022461,18.979903316893058,18.77133347536643,18.77828598022461,59908600,MSFT
2006-03-28,18.70180892944336,18.91733126633924,18.639237714529287,18.778285153461592,58520500,MSFT
2006-03-29,18.785226821899414,18.910369179540144,18.715703142537464,18.736560644162218,53150300,MSFT
2006-03-30,18.931230545043945,19.042467932096862,18.771326966912156,18.792184474254924,54612000,MSFT
2006-03-31,18.917333602905273,19.146762303297752,18.917333602905273,18.979904825547802,62190500,MSFT
2006-04-03,19.160667419433594,19.278857368137036,19.077240000381117,19.237143658610798,57605300,MSFT
2006-04-04,19.216279983520508,19.327517390650957,19.098090072687597,19.188471294765144,45470000,MSFT
2006-04-05,19.285799026489258,19.424846414774056,19.21627533234686,19.38313140265611,41539300,MSFT
2006-04-06,19.160667419433594,19.271904862206846,19.028573784924685,19.230191152680604,51885500,MSFT
2006-04-07,18.945131301879883,19.271890887321874,18.93122630010262,19.19541602965483,47249400,MSFT
2006-04-10,18.97295570373535,19.077240644097255,18.910384474307214,18.931240666746618,39432000,MSFT
2006-04-11,18.861705780029297,18.99380066695527,18.771325905429954,18.97294448684613,42953400,MSFT
2006-04-12,18.910375595092773,18.910375595092773,18.750470680494626,18.840851892144144,32183000,MSFT
2006-04-13,18.819997787475586,18.910379015472643,18.77133158442544,18.826950291633405,28160000,MSFT
2006-04-17,18.660099029541016,18.806097676712966,18.583622789943373,18.79219399083106,35796200,MSFT
2006-04-18,18.92428207397461,19.11894820581343,18.646188547100955,18.72961726819032,56272700,MSFT
2006-04-19,18.792192459106445,18.903429893424438,18.74352492129436,18.84781117626544,45111100,MSFT
2006-04-20,18.792192459106445,18.903429893424438,18.562765085068733,18.806096143855083,45648300,MSFT
2006-04-21,18.87562370300293,19.04247988834672,18.771338752919945,18.806099960929245,58528000,MSFT
2006-04-24,18.847803115844727,18.94513549773426,18.757421910329377,18.819993106131005,42318400,MSFT
2006-04-25,18.847803115844727,18.917325488020538,18.7852319200431,18.833898110987867,49222500,MSFT
2006-04-26,18.840858459472656,18.931238376571425,18.771334732290253,18.826953448825215,39190000,MSFT
2006-04-27,18.945131301879883,19.20931970537814,18.7296090785481,18.75046525516004,96509600,MSFT
2006-04-28,16.7899112701416,17.03324358658948,16.685626370536635,16.84552997166788,591052200,MSFT
2006-05-01,16.887239456176758,17.380855104642688,16.748192084918013,16.908095633627763,174800900,MSFT
2006-05-02,16.692581176757812,17.38086320036574,16.616104954338724,17.026293431951725,190533500,MSFT
2006-05-03,16.10858154296875,16.699531064391874,16.094676536334223,16.678673554440085,211527100,MSFT
2006-05-04,16.296297073364258,16.45620069032771,16.08772592744906,16.233725862195158,171257400,MSFT
2006-05-05,16.546573638916016,16.650859831078584,16.35190890912779,16.449241274021905,131604300,MSFT
2006-05-08,16.497915267944336,17.380863449428414,16.344964146969037,16.581343995965636,80693500,MSFT
2006-05-09,16.421436309814453,16.68562478545357,16.33105509963616,16.511816193938426,75345900,MSFT
2006-05-10,16.525728225708008,16.53963323719421,16.400585774441968,16.45620449433189,76563300,MSFT
2006-05-11,16.143348693847656,16.539633572918948,16.094682478713,16.48401352584516,92916700,MSFT
2006-05-12,16.10858154296875,16.247628957205162,16.02515282921602,16.08772403301696,83115900,MSFT
2006-05-15,16.157440185546875,16.213275779647457,16.073687460008788,16.1225434384436,67314800,MSFT
2006-05-16,16.059728622436523,16.75069461558222,15.989933795293144,16.164420197538792,82095100,MSFT
2006-05-17,15.864302635192871,16.108583853225944,15.864302635192871,15.975973820940755,98598300,MSFT
2006-05-18,15.934098243713379,16.150461010350778,15.885242263946123,15.941077859569504,95476400,MSFT
2006-05-19,15.745654106140137,15.982955742905055,15.7177369712873,15.906182623640452,100071200,MSFT
2006-05-22,15.96899127960205,16.066704547647657,15.668875854907494,15.689813366383104,87322300,MSFT
2006-05-23,15.906180381774902,16.317967048589484,15.892221150703072,16.12952275402198,79986300,MSFT
2006-05-24,16.4017276763916,16.429646149722913,16.038795510441016,16.045775128773844,107356700,MSFT
2006-05-25,16.569223403930664,16.694853787165194,16.429635124622997,16.450572634345296,83052700,MSFT
2006-05-26,16.555265426635742,16.66693659100367,16.443594262267816,16.590163497516524,46861600,MSFT
2006-05-30,16.157440185546875,16.583187422579797,16.150460569881105,16.436618156049786,52497500,MSFT
2006-05-31,15.808456420898438,16.2970185287084,15.808456420898436,16.234203362526415,120202000,MSFT
2006-06-01,15.927115440368652,15.941074669287243,15.787527144858768,15.87127985591963,80230800,MSFT
2006-06-02,15.885242462158203,16.045769635175237,15.822427249894908,15.962016906307925,73935600,MSFT
2006-06-05,15.703763961791992,15.86429100724086,15.69678435139536,15.857311396844228,63914100,MSFT
2006-06-06,15.445531845092773,15.745648594250484,15.340840296397712,15.738668980174111,126601300,MSFT
2006-06-07,15.382723808288574,15.627003737375793,15.361784958127197,15.459496929762084,73827500,MSFT
2006-06-08,15.431580543518066,15.501374051660534,15.333867235912104,15.37574493826859,104126900,MSFT
2006-06-09,15.298967361450195,15.487412989941333,15.278028514542656,15.45949452739795,52573800,MSFT
2006-06-12,15.152388572692871,15.424588086518753,15.145410292668245,15.326874860252529,74309700,MSFT
2006-06-13,15.012805938720703,15.37573787165345,14.977907869462618,15.166353449780608,113175300,MSFT
2006-06-14,15.271047592163086,15.312925282394687,15.040725620791092,15.068644080945491,86081500,MSFT
2006-06-15,15.403656959533691,15.44553331675668,15.215211355192157,15.361780602310704,121577300,MSFT
2006-06-16,15.424598693847656,15.550229120281246,15.208235921226276,15.333865016434222,147506500,MSFT
2006-06-19,15.738669395446777,15.773567466749446,15.438553969595638,15.452511866891404,129640900,MSFT
2006-06-20,15.745654106140137,15.885243774081523,15.703777738248014,15.731696204326585,90598500,MSFT
2006-06-21,16.108583450317383,16.1574394264569,15.724713925313585,15.780549516790964,91660300,MSFT
2006-06-22,15.96899127960205,16.1713960987016,15.899197799716289,16.0946216733569,76590600,MSFT
2006-06-23,15.703763961791992,15.96200422156916,15.703763961791994,15.948045000775894,60532600,MSFT
2006-06-26,15.927115440368652,15.97597141035838,15.794505428092721,15.808464657011312,53644100,MSFT
2006-06-27,15.955036163330078,16.16441930193354,15.941076932429706,15.975973678455107,84759100,MSFT
2006-06-28,16.164413452148438,16.22722863724222,15.989927122715727,16.02482385611225,71906500,MSFT
2006-06-29,16.380783081054688,16.492454272794703,16.206296677557713,16.276091505201627,121395500,MSFT
2006-06-30,16.26212501525879,16.50640613737126,16.26212501525879,16.429633059331643,73048800,MSFT
2006-07-03,16.541309356689453,16.55526725535829,16.366822976687352,16.422658565039008,25711400,MSFT
2006-07-05,16.297025680541992,16.41567645415205,16.262127611112426,16.387757998608397,53093500,MSFT
2006-07-06,16.38775634765625,16.478489987807105,16.345879999784753,16.36681883933305,44775200,MSFT
2006-07-07,16.26212501525879,16.43661134087841,16.26212501525879,16.324940198979853,63168800,MSFT
2006-07-10,16.4017276763916,16.51339890726469,16.317973587623744,16.352871679287883,50565100,MSFT
2006-07-11,16.122541427612305,16.310987033408097,15.871280619884583,16.310987033408097,88676300,MSFT
2006-07-12,15.801490783691406,15.96899759789855,15.787532880926845,15.906183707393467,77379300,MSFT
2006-07-13,15.536264419555664,15.780545570388885,15.529284805963265,15.613038837846863,73099500,MSFT
2006-07-14,15.557206153869629,15.73867081612249,15.51532846452627,15.550226538979068,67499400,MSFT
2006-07-17,15.689813613891602,15.780547269134903,15.536266092005276,15.557204935036497,37053500,MSFT
2006-07-18,15.8712797164917,15.885238945287659,15.689813735820207,15.766588162972658,65047300,MSFT
2006-07-19,16.33192253112793,16.373798883506332,15.857319433421907,15.92711424153607,82188200,MSFT
2006-07-20,15.948051452636719,16.366818927277144,15.899195491319938,16.359839314056874,76605200,MSFT
2006-07-21,16.659955978393555,16.855379823097522,16.052742942230992,16.80652386192153,175483800,MSFT
2006-07-24,16.750682830810547,16.82745721977699,16.604114995028795,16.75766244173701,59586700,MSFT
2006-07-25,16.90424346923828,16.95310078385076,16.68090107019833,16.75069590270474,60075800,MSFT
2006-07-26,17.00893211364746,17.120603285133235,16.8204865125557,16.834445741797765,54942100,MSFT
2006-07-27,16.659955978393555,17.169455760979037,16.590161177617095,17.155496534578724,85386800,MSFT
2006-07-28,16.92517852783203,16.94611737226225,16.79256850889147,16.806527738511615,51705800,MSFT
2006-07-31,16.79256820678711,17.043829010527812,16.757671464589958,16.799547821471617,40254400,MSFT
2006-08-01,16.74372100830078,16.89029033102146,16.646009013971046,16.764659863325473,49168700,MSFT
2006-08-02,16.960073471069336,17.029868280538913,16.771629216094322,16.834444411494413,46462000,MSFT
2006-08-03,16.897262573242188,17.085708207370875,16.855386209399903,16.883304672778497,43155300,MSFT
2006-08-04,16.953102111816406,17.092690456537717,16.8553888061631,17.029875235484095,45690400,MSFT
2006-08-07,16.90424346923828,17.085709501264667,16.88330595134435,16.94612116747755,36862400,MSFT
2006-08-08,16.987991333007812,17.113621719412713,16.8902794019041,17.022888070909076,58171300,MSFT
2006-08-09,17.05778694152832,17.197375230917416,16.98799213122113,17.09268368106927,44405700,MSFT
2006-08-10,17.071746826171875,17.169460104468232,16.98799410903264,17.00893295393017,31753400,MSFT
2006-08-11,17.050811767578125,17.064770999519745,16.890284593926395,17.050811767578125,30255500,MSFT
2006-08-14,17.120609283447266,17.16946527168613,16.994978838704004,17.11362966638088,47831900,MSFT
2006-08-15,17.246700286865234,17.267714906599956,17.120607223945274,17.1976630565191,48994500,MSFT
2006-08-16,17.302734375,17.323748986081586,17.141614785319472,17.239687869500525,52373600,MSFT
2006-08-17,17.302734375,17.33775961755422,17.239687869500525,17.302734375,45674800,MSFT
2006-08-18,18.06629753112793,18.07330151116742,17.498878946753734,17.547914823794788,128414800,MSFT
2006-08-21,18.29747200012207,18.304475981838152,17.905182217633573,17.975234059944217,88398300,MSFT
2006-08-22,17.94721031188965,18.388534553272088,17.94721031188965,18.220410969120326,89312400,MSFT
2006-08-23,17.98224639892578,18.1783913667545,17.877169262496505,17.96823575776767,44648500,MSFT
2006-08-24,18.031272888183594,18.1153353550938,17.863149290490753,18.087314087414537,35933300,MSFT
2006-08-25,18.10832405090332,18.213401097703102,17.996241689499932,18.01025098258,33115900,MSFT
2006-08-28,18.178377151489258,18.213402390866953,17.99624296724532,18.101320021505643,34190900,MSFT
2006-08-29,18.101329803466797,18.199401595624146,17.954220779102815,18.157371018432134,42711200,MSFT
2006-08-30,18.073307037353516,18.136353566005855,17.961224616666662,18.108333628898063,30283100,MSFT
2006-08-31,18.003252029418945,18.19939554856158,17.989241396300898,18.122339738667335,26380500,MSFT
2006-09-01,18.101329803466797,18.192396276737483,17.961226097989478,18.136355061772147,31594600,MSFT
2006-09-05,17.940202713012695,18.185382073626982,17.90517613569115,17.99624390059986,44222400,MSFT
2006-09-06,17.940202713012695,18.01725851086548,17.87015089449691,17.87015089449691,50160400,MSFT
2006-09-07,17.81410789489746,18.003247384813033,17.786086635890488,17.84913313252901,51266900,MSFT
2006-09-08,17.933198928833008,18.066297261765303,17.835125840085695,17.88416305252306,36866800,MSFT
2006-09-11,18.150360107421875,18.178381374335174,17.80710760449925,17.814112921227576,55608200,MSFT
2006-09-12,18.16436767578125,18.199392917385087,18.01725872156503,18.143351729142555,52248800,MSFT
2006-09-13,18.199398040771484,18.28346051486371,18.08731563273365,18.08731563273365,37706700,MSFT
2006-09-14,18.444581985473633,18.56366973153615,18.199401174623986,18.206406493348595,74324500,MSFT
2006-09-15,18.808849334716797,18.871895863062303,18.556663221334777,18.619709749680283,126057700,MSFT
2006-09-18,18.766817092895508,18.94194602581408,18.682754617198395,18.73179050463516,49135000,MSFT
2006-09-19,18.815853118896484,18.87189432439802,18.717780007173,18.731790642580318,43039100,MSFT
2006-09-20,19.04001808166504,19.07504333431454,18.906919716567003,18.9209303520779,71676400,MSFT
2006-09-21,18.8438663482666,19.089047036139718,18.808841108339266,19.0820417209288,58495100,MSFT
2006-09-22,18.675743103027344,18.808841421999862,18.54965009938257,18.794830791344378,47712500,MSFT
2006-09-25,18.87890625,19.047029925350394,18.766823799766406,18.780833103949455,67903900,MSFT
2006-09-26,19.05402946472168,19.138090608829543,18.829863296135855,18.85087925022672,54766500,MSFT
2006-09-27,19.22215461730957,19.24316923694339,18.997989767029466,19.04002034242501,66233900,MSFT
2006-09-28,19.19412612915039,19.278188584475828,19.096054378043544,19.243162004703812,44179700,MSFT
2006-09-29,19.159099578857422,19.208135451066607,19.06102649831175,19.159099578857422,34283500,MSFT
2006-10-02,19.166107177734375,19.257173617525517,19.01899820745334,19.138085912489426,52908100,MSFT
2006-10-03,19.17310905456543,19.250164847910995,19.0610253498199,19.17310905456543,39386200,MSFT
2006-10-04,19.572404861450195,19.586414157007944,19.17311121131573,19.18712050687348,82191200,MSFT
2006-10-05,19.558399200439453,19.69149756301972,19.460327425973848,19.558399200439453,81967200,MSFT
2006-10-06,19.523374557495117,19.614441017178663,19.36926023723838,19.446317397366748,36452200,MSFT
2006-10-09,19.41830062866211,19.565409665188614,19.348250106259844,19.47434184826076,33366300,MSFT
2006-10-10,19.397274017333984,19.43930457202273,19.222145147315764,19.397274017333984,34598500,MSFT
2006-10-11,19.292203903198242,19.38327036047421,19.208141427450816,19.23616136194814,37219600,MSFT
2006-10-12,19.768552780151367,19.81759000201247,19.29220322150687,19.320223155014112,120174900,MSFT
2006-10-13,19.873626708984375,20.097791470838406,19.831594814041214,19.852610761512793,129751900,MSFT
2006-10-16,19.9296817779541,20.034758916230214,19.84561926565623,19.95069640393234,49744800,MSFT
2006-10-17,19.92266273498535,19.971698609997546,19.73352321468627,19.782559089698463,40122600,MSFT
2006-10-18,19.97870635986328,20.104799388757808,19.796572133252027,19.964695726402212,40630800,MSFT
2006-10-19,19.817590713500977,19.92967312380926,19.698502985532464,19.85962128333465,44730800,MSFT
2006-10-20,19.915664672851562,19.957695247295177,19.73353040209207,19.9506899288666,48887800,MSFT
2006-10-23,19.9296817779541,20.09780546642154,19.74054212738012,19.824603303549686,48525000,MSFT
2006-10-24,19.810588836669922,19.91566594756843,19.705510389643454,19.91566594756843,61409600,MSFT
2006-10-25,19.83159828186035,19.936675365337635,19.712510564285402,19.81058366684146,40717100,MSFT
2006-10-26,19.859617233276367,19.901647794538565,19.642457774606314,19.845606600813152,69964200,MSFT
2006-10-27,19.852615356445312,20.16784796084345,19.789568835565685,19.957692445868798,89060100,MSFT
2006-10-30,19.9857120513916,20.202871529600436,19.838603069546693,19.859619020132413,47296800,MSFT
2006-10-31,20.11180305480957,20.20987615137563,20.006725977750065,20.076777807832244,61861700,MSFT
2006-11-01,20.181846618652344,20.307939593928605,20.104790839637833,20.160832013524285,75895900,MSFT
2006-11-02,20.153841018676758,20.2168875511082,20.020742635085053,20.111809106303845,58674400,MSFT
2006-11-03,20.125818252563477,20.265921944503187,20.041757106301915,20.20988073495287,41124500,MSFT
2006-11-06,20.202871322631836,20.349978966842126,20.146830124438267,20.15383544122841,60446200,MSFT
2006-11-07,20.279932022094727,20.363993166039926,20.17485358797154,20.21688549607193,56511200,MSFT
2006-11-08,20.30094337463379,20.476072288499424,20.076778578666186,20.160841045217825,77403300,MSFT
2006-11-09,20.497093200683594,20.595164988626724,20.314958925840706,20.392016094154826,89407500,MSFT
2006-11-10,20.483076095581055,20.51810267744892,20.42002958434638,20.43404021709353,37855100,MSFT
2006-11-13,20.56013298034668,20.637188787229523,20.427034643181823,20.44805059203758,47271800,MSFT
2006-11-14,20.546077728271484,20.679631125544724,20.433612132892645,20.581224064762154,63012500,MSFT
2006-11-15,20.468751907348633,20.63745024633424,20.461722642303997,20.47577983169805,63943200,MSFT
2006-11-16,20.71477508544922,20.83426994215057,20.47578537204651,20.48281463899313,64328500,MSFT
2006-11-17,20.66557502746582,20.763983440546614,20.581226491334636,20.602312955019528,49356700,MSFT
2006-11-20,21.010007858276367,21.087328491768982,20.735873016906165,20.749931557667775,85703800,MSFT
2006-11-21,21.03108787536621,21.08732067687672,20.939710075672537,21.02405860759043,66446600,MSFT
2006-11-22,21.03108787536621,21.08732067687672,20.96079653830414,21.066232873549374,43907200,MSFT
2006-11-24,20.918621063232422,20.97485386149263,20.834271195494274,20.848329730233242,20456700,MSFT
2006-11-27,20.721799850463867,20.90455672928421,20.616363550562404,20.869411742882154,72722100,MSFT
2006-11-28,20.658538818359375,20.679626615654872,20.47578193055115,20.623393830228906,52602300,MSFT
2006-11-29,20.78506088256836,20.932672767771365,20.68665385289651,20.693683117972387,58775100,MSFT
2006-11-30,20.637454986572266,20.785065564328786,20.616367186594676,20.679629245831908,53297400,MSFT
2006-12-01,20.468751907348633,20.595274656066422,20.314110757757078,20.54607114144919,72257000,MSFT
2006-12-04,20.616369247436523,20.749922645920375,20.50390365103823,20.546077914513674,55123400,MSFT
2006-12-05,20.47578239440918,20.66556855228198,20.405492416555894,20.637452829279745,45606000,MSFT
2006-12-06,20.377378463745117,20.475785520319214,20.293029941166058,20.454699060022246,48564100,MSFT
2006-12-07,20.27897834777832,20.433618252563463,20.250861270164993,20.356297629822866,46831100,MSFT
2006-12-08,20.66557502746582,20.66557502746582,20.243828324722475,20.257886860976278,108854900,MSFT
2006-12-11,20.763975143432617,20.91158569302613,20.46172343823226,20.51795622008149,107712000,MSFT
2006-12-12,20.686662673950195,20.827244013327746,20.539050725803598,20.778040477510814,68529400,MSFT
2006-12-13,20.7710018157959,20.806148140267283,20.6093327453131,20.806148140267283,46002500,MSFT
2006-12-14,21.13652801513672,21.143557284177753,20.74992760275178,20.763986140833847,85866500,MSFT
2006-12-15,21.220869064331055,21.24898478808886,21.108403487908987,21.185722733764518,102783700,MSFT
2006-12-18,21.010007858276367,21.270085499581196,20.93268856547999,21.220881947611797,56986800,MSFT
2006-12-19,21.080289840698242,21.20681396985725,20.756951591243567,20.883474379706936,53822100,MSFT
2006-12-20,21.15058708190918,21.25602343876825,21.066237192004312,21.080295730437793,31202100,MSFT
2006-12-21,21.07325553894043,21.18572110672527,21.009993489474542,21.178691841151803,32270500,MSFT
2006-12-22,20.834272384643555,20.98891359420727,20.820215189797914,20.967825790895198,37971700,MSFT
2006-12-26,21.080289840698242,21.087319107951036,20.665572457652885,20.756951591243567,37098300,MSFT
2006-12-27,21.10137176513672,21.178691001990607,21.02405118758756,21.080283969251877,31248400,MSFT
2006-12-28,21.07325553894043,21.10840186680777,20.953760705582123,20.98890703344946,26690600,MSFT
2006-12-29,20.988914489746094,21.192757901010594,20.967826685534263,20.988914489746094,41739800,MSFT
2007-01-03,20.988914489746094,21.263049241020898,20.665574861977017,21.024059489403346,76935100,MSFT
2007-01-04,20.953763961791992,21.066229547053958,20.69368779863452,20.876444709859097,45774500,MSFT
2007-01-05,20.834272384643555,20.91159298942541,20.700720319087655,20.827243116872864,44607200,MSFT
2007-01-08,21.038118362426758,21.157613240148997,20.75695433857908,20.841302875385473,50220200,MSFT
2007-01-09,21.059202194213867,21.213843393524254,20.89753306829451,21.087319263432356,44636600,MSFT
2007-01-10,20.84832763671875,21.009996747895656,20.686658525541844,20.946734688618516,55017400,MSFT
2007-01-11,21.579360961914062,21.61450596378821,20.841303856294008,20.918624469252194,99464300,MSFT
2007-01-12,21.937835693359375,22.06435979574762,21.537176929593507,21.544206195359006,103972500,MSFT
2007-01-16,21.90268898010254,22.106533649160454,21.811311213738986,21.972980291525797,62379600,MSFT
2007-01-17,21.860515594482422,22.09950525836045,21.797253545767926,21.972981160931457,58519600,MSFT
2007-01-18,21.79022789001465,22.05030539344666,21.649645238316985,21.895664208440127,56364300,MSFT
2007-01-19,21.8675537109375,21.8675537109375,21.57233114434264,21.60044687698718,75826900,MSFT
2007-01-22,21.59341049194336,21.87457576989804,21.445799927643016,21.832400173787594,56143900,MSFT
2007-01-23,21.60747528076172,21.762115155858854,21.45283540566458,21.53015467286525,49171200,MSFT
2007-01-24,21.853490829467773,22.001101413070096,21.544209787692395,21.635588917185284,58527800,MSFT
2007-01-25,21.40362548828125,22.127622452914792,21.40362548828125,21.84645851807189,97378700,MSFT
2007-01-26,21.509069442749023,21.95190262996716,21.509069442749023,21.944873361510254,96103700,MSFT
2007-01-29,21.459861755371094,21.635589410732386,21.326308361901745,21.54421027915497,57605900,MSFT
2007-01-30,21.424715042114258,21.537180632306807,21.185725327781196,21.487977104184516,61900400,MSFT
2007-01-31,21.691823959350586,21.860522361243465,21.333339352567318,21.375513617866606,73968400,MSFT
2007-02-01,21.48094940185547,21.74805620354018,21.3473973417088,21.67776486937601,55355800,MSFT
2007-02-02,21.220869064331055,21.677760636132632,21.17869346765121,21.66370210390602,60401700,MSFT
2007-02-05,20.81317901611328,21.101372195609,20.67259638873695,21.066225868417266,99102100,MSFT
2007-02-06,20.742887496948242,20.911585843711556,20.53904282334135,20.79912027920268,79281100,MSFT
2007-02-07,20.644487380981445,20.876447853096035,20.56013750898717,20.83427224675103,65145500,MSFT
2007-02-08,20.56715965270996,20.946730593470033,20.524985401668904,20.553101122131185,48749000,MSFT
2007-02-09,20.370349884033203,20.665572404411755,20.33520488855542,20.630427408933972,69823100,MSFT
2007-02-12,20.34223747253418,20.447673816854266,20.26491686104138,20.307091130630244,52774400,MSFT
2007-02-13,20.46213150024414,20.596147904323068,20.42686331741094,20.48329240994406,50348100,MSFT
2007-02-14,20.737234115600586,20.941785712779474,20.56089708852006,20.575004373569243,55588600,MSFT
2007-02-15,20.77954864501953,20.913565123727125,20.610265309183585,20.864190985609685,63858100,MSFT
2007-02-16,20.27169418334961,20.41276427155537,20.208212778191424,20.391603354721287,109340300,MSFT
2007-02-20,20.335180282592773,20.356341204311555,20.081254603344924,20.194110161822994,53978200,MSFT
2007-02-21,20.701955795288086,20.73016900443318,20.27169325673733,20.278746895359603,68604900,MSFT
2007-02-22,20.730175018310547,20.83597828299447,20.567945318966974,20.673747238306504,57754400,MSFT
2007-02-23,20.384563446044922,20.652596525103963,20.37750980234916,20.610274662929395,63787100,MSFT
2007-02-26,20.504465103149414,20.518572385315476,20.328128112107063,20.426876396580546,63481900,MSFT
2007-02-27,19.658050537109375,20.433932307610622,19.6016227475212,20.250541655112897,87143300,MSFT
2007-02-28,19.869651794433594,19.92607957658892,19.693314807030152,19.714475729842565,86333300,MSFT
2007-03-01,19.81321907043457,19.982502374677637,19.559293441397912,19.622774848657077,80175700,MSFT
2007-03-02,19.580455780029297,19.86259464091129,19.580455780029297,19.763846375938645,63254700,MSFT
2007-03-05,19.43233299255371,19.686258652503042,19.333584722726428,19.390012497676913,56454300,MSFT
2007-03-06,19.62982940673828,19.707418095985776,19.502866586276625,19.60866848821328,49361800,MSFT
2007-03-07,19.474655151367188,19.679205334404905,19.432333310453757,19.580457062962164,52044700,MSFT
2007-03-08,19.270111083984375,19.643946084728604,18.762260904492535,19.552250072590954,72175200,MSFT
2007-03-09,19.248939514160156,19.382954609455144,19.06554894942893,19.34063412385378,80125000,MSFT
2007-03-12,19.354747772216797,19.38296099012388,19.136088943050908,19.171357147115287,36516400,MSFT
2007-03-13,18.846893310546875,19.326530044533687,18.839839670888924,19.22072814035288,75169500,MSFT
2007-03-14,19.32652473449707,19.32652473449707,18.85394177001218,18.91742316414775,75730300,MSFT
2007-03-15,19.24188995361328,19.37590507731017,19.185462179071365,19.270103168212106,51757100,MSFT
2007-03-16,19.277158737182617,19.382960656867834,19.1854640988806,19.291266018565818,65055300,MSFT
2007-03-19,19.62982940673828,19.62982940673828,19.185460880466657,19.28420914289498,49412000,MSFT
2007-03-20,19.636890411376953,19.86260157892352,19.58046261949031,19.70037184541751,47902400,MSFT
2007-03-21,20.116519927978516,20.116519927978516,19.439385328648765,19.679203692438033,72808200,MSFT
2007-03-22,19.940185546875,20.137682098755842,19.75679493059682,20.116522522679674,47934900,MSFT
2007-03-23,19.76384925842285,19.94018624036022,19.60867185329755,19.904918036766105,50519800,MSFT
2007-03-26,19.90492057800293,19.90492057800293,19.538140631208606,19.707423994039353,47491500,MSFT
2007-03-27,19.552248001098633,19.86260152835741,19.502873851491604,19.777960513415263,58979800,MSFT
2007-03-28,19.495813369750977,19.74973901618348,19.32653005391071,19.453492877126962,46947000,MSFT
2007-03-29,19.573402404785156,19.64393745729467,19.390011806398114,19.636883817509293,42629900,MSFT
2007-03-30,19.658050537109375,19.714478326697552,19.397071169423675,19.573408180054802,47061000,MSFT
2007-04-02,19.56635284423828,19.700369337412,19.439389992320493,19.672154772388264,41977600,MSFT
2007-04-03,19.658050537109375,19.792065696540902,19.573408180054802,19.650996895242777,39821300,MSFT
2007-04-04,20.102415084838867,20.299912980522652,19.67920607714181,19.756794776400504,63244200,MSFT
2007-04-05,20.137683868408203,20.208218933997397,19.96134687710745,19.975454159294184,30131200,MSFT
2007-04-09,20.15178871154785,20.257590624453805,20.024825877922986,20.15884235178749,31384600,MSFT
2007-04-10,20.031892776489258,20.201176218249735,19.9049298588326,20.102427880225758,38643100,MSFT
2007-04-11,19.827329635620117,20.151789019536466,19.74268729679514,19.96134476618852,44050200,MSFT
2007-04-12,20.130626678466797,20.18705444815044,19.777952781607972,19.792058715020772,43762100,MSFT
2007-04-13,20.180007934570312,20.243489366048472,19.820280271308942,20.05304507161399,36002900,MSFT
2007-04-16,20.2646427154541,20.278749994854874,19.897861523099333,20.172948090037515,30740100,MSFT
2007-04-17,20.349294662475586,20.37750788926494,20.14474305053717,20.194117206427173,33170200,MSFT
2007-04-18,20.172945022583008,20.22231914763377,20.003661731547247,20.17999866121083,41778400,MSFT
2007-04-19,20.236425399780273,20.377494129158674,19.93312568086801,19.989553441688155,43648800,MSFT
2007-04-20,20.469194412231445,20.525622184990656,20.243483321194596,20.440979853179726,60311500,MSFT
2007-04-23,20.299911499023438,20.448033900967957,20.22232280542721,20.42687298125692,41739100,MSFT
2007-04-24,20.30696678161621,20.426874633645706,20.165896662819552,20.30696678161621,34236700,MSFT
2007-04-25,20.44803810119629,20.455091742548856,20.236434241997387,20.35634345430197,39475000,MSFT
2007-04-26,20.525625228881836,20.70196221307267,20.391608744200365,20.51857158807287,68760300,MSFT
2007-04-27,21.245080947875977,21.682395925581126,21.160438601518344,21.28034780740739,128298800,MSFT
2007-04-30,21.11810874938965,21.42140845029123,21.11810874938965,21.25212383253939,67788800,MSFT
2007-05-01,21.442583084106445,21.456690369721553,21.08990901579764,21.118123587027853,73539300,MSFT
2007-05-02,21.590696334838867,21.647124104362128,21.372037550760115,21.4355189596418,80686700,MSFT
2007-05-03,21.844623565673828,21.865784486597722,21.53427146418939,21.583645601000807,82036800,MSFT
2007-05-04,21.555423736572266,21.654173322082066,21.364980894158524,21.640066046245828,104385900,MSFT
2007-05-07,21.661231994628906,21.696500194607193,21.49900231076159,21.52721687074422,59889100,MSFT
2007-05-08,21.689449310302734,21.82346579655877,21.569540105830374,21.640075169404312,60551700,MSFT
2007-05-09,21.710607528686523,21.816409438196434,21.56248377909723,21.654179753924954,51735000,MSFT
2007-05-10,21.569547653198242,21.81641978941746,21.534280781743316,21.640082741453007,55398600,MSFT
2007-05-11,21.788188934326172,21.85167033178325,21.54837062067586,21.562477896853856,43425300,MSFT
2007-05-14,21.844623565673828,21.858730846289756,21.731768011435065,21.752928932358955,70188500,MSFT
2007-05-15,21.8658504486084,22.000301041299284,21.823392863964745,21.8658504486084,75013900,MSFT
2007-05-16,21.986148834228516,22.000301812840164,21.802164161384063,21.93661475879007,45833600,MSFT
2007-05-17,21.922462463378906,22.035683596395913,21.90830948432619,21.957844911010703,41045600,MSFT
2007-05-18,21.816320419311523,21.929541565818873,21.63941220918097,21.91538858507982,58453000,MSFT
2007-05-21,21.971996307373047,22.049836341635224,21.7455540437402,21.7455540437402,41836400,MSFT
2007-05-22,21.71725082397461,21.887082532556224,21.696021354263493,21.865853062845108,39999500,MSFT
2007-05-23,21.639419555664062,21.823404318626118,21.6323430628921,21.823404318626118,46322500,MSFT
2007-05-24,21.349273681640625,21.795081585796993,21.200670147120533,21.611098314032233,64046400,MSFT
2007-05-25,21.568641662597656,21.69601574854916,21.356352419146543,21.42711595019761,47726500,MSFT
2007-05-29,21.788013458251953,21.81631806697559,21.50495927280125,21.575722819163925,42373100,MSFT
2007-05-30,22.014453887939453,22.028605516267966,21.58987399493179,21.61817860129109,57376800,MSFT
2007-05-31,21.71725082397461,22.049837751234133,21.660640254447404,22.021533141321754,85290500,MSFT
2007-06-01,21.646486282348633,21.86585206049785,21.618180324031375,21.788013374530156,39469400,MSFT
2007-06-04,21.738475799560547,21.766781755080974,21.5120335542061,21.526186531966314,41434500,MSFT
2007-06-05,21.639419555664062,21.674800669820886,21.46251128547397,21.667725526751912,44265000,MSFT
2007-06-06,21.434194564819336,21.604026246370122,21.40588860970976,21.490805125336266,38217500,MSFT
2007-06-07,20.9600772857666,21.434191160942103,20.938847822805783,21.24313004340078,71971400,MSFT
2007-06-08,21.264360427856445,21.271436916265877,20.811475967270226,20.93177357082621,61346200,MSFT
2007-06-11,21.24313735961914,21.405892582599567,21.17945029850463,21.186526788595405,48467400,MSFT
2007-06-12,21.122838973999023,21.398815329182447,21.06622840499467,21.200677662815995,56981800,MSFT
2007-06-13,21.504961013793945,21.51911399415275,21.122839992023668,21.20775517477151,64435600,MSFT
2007-06-14,21.59695816040039,21.731407450374885,21.441278046131135,21.47666050378449,59065700,MSFT
2007-06-15,21.57572364807129,21.8517000048157,21.533266058503482,21.83754837476139,100933000,MSFT
2007-06-18,21.589868545532227,21.738470728240664,21.526181510170915,21.717242616254847,45412600,MSFT
2007-06-19,21.55449676513672,21.69602388028364,21.49788618901847,21.56864974659193,46802600,MSFT
2007-06-20,21.236053466796875,21.589869749783087,21.20067102867705,21.54033568611734,46861600,MSFT
2007-06-21,21.384668350219727,21.441278935109477,21.165302502484796,21.214836595550477,56564800,MSFT
2007-06-22,20.868087768554688,21.29974413934094,20.839783162932207,21.22898060073139,86219900,MSFT
2007-06-25,20.868087768554688,21.066225406720985,20.790247741113955,20.85393479089233,53905800,MSFT
2007-06-26,20.889318466186523,21.087454766327994,20.87516548769004,20.91054658422893,48340300,MSFT
2007-06-27,21.136993408203125,21.193603981103095,20.77610049982736,20.77610049982736,53468600,MSFT
2007-06-28,21.108684539794922,21.207752691300488,21.002539898938625,21.129914007847116,46055200,MSFT
2007-06-29,20.853940963745117,21.17945279782101,20.54965995214941,21.136995201968553,71193900,MSFT
2007-07-02,21.044994354248047,21.087451934333224,20.868086195907324,20.995460285864986,47316000,MSFT
2007-07-03,21.24313735961914,21.384663112327235,21.073305646547936,21.08038213663871,35202600,MSFT
2007-07-05,21.22191047668457,21.38466571950783,21.108689320833378,21.264368072703107,47838500,MSFT
2007-07-06,21.207744598388672,21.257280004940995,20.98837891103567,21.1652870281885,57541000,MSFT
2007-07-09,21.136993408203125,21.193603981103095,21.094534466251254,21.129916917877814,33831400,MSFT
2007-07-10,20.75486946105957,21.221906989630646,20.648724813602946,21.016694184508165,66013500,MSFT
2007-07-11,20.868087768554688,20.981308890449075,20.669950130388386,20.691179596881923,48017000,MSFT
2007-07-12,21.278512954711914,21.30681890775106,20.832704991962345,20.917620151675536,54302400,MSFT
2007-07-13,21.101608276367188,21.24313536549239,20.988387144947964,21.18652479978278,42173000,MSFT
2007-07-16,21.250215530395508,21.398817784947376,21.030848369339058,21.059154331940892,48023200,MSFT
2007-07-17,21.780935287475586,21.85169747867407,21.236057777152666,21.243134266212973,77539600,MSFT
2007-07-18,21.880002975463867,21.91538407032015,21.582797189683415,21.589873678595122,64414400,MSFT
2007-07-19,22.29750633239746,22.531025067246027,21.8870794241878,21.971994591567867,121159300,MSFT
2007-07-20,22.049835205078125,22.078141161424384,21.788011857386692,22.042758715991564,98292600,MSFT
2007-07-23,22.071060180664062,22.30457887418822,22.021526116841063,22.191357771249358,48910600,MSFT
2007-07-24,21.795082092285156,22.276272444272305,21.73139505453968,21.94368563025859,59729300,MSFT
2007-07-25,21.731401443481445,22.1489048804674,21.490807546456246,21.929539102463682,54950100,MSFT
2007-07-26,21.21483039855957,21.604029236979034,20.882243478195953,21.39881508313383,87025300,MSFT
2007-07-27,20.797325134277344,21.228981523833358,20.77609701656298,21.179447449563447,69214600,MSFT
2007-07-30,20.80440902709961,20.868096102311668,20.485975000742087,20.811485518756815,67499600,MSFT
2007-07-31,20.5142765045166,21.03084816977498,20.507200013933293,21.023771679191672,66554000,MSFT
2007-08-01,20.7336368560791,20.91054502498661,20.393973495705218,20.485966499370363,80006300,MSFT
2007-08-02,20.889318466186523,21.080379626782072,20.535502101988385,20.655799719803845,47938300,MSFT
2007-08-03,20.493051528930664,21.073311736747584,20.45059392581821,20.839792895074787,61535500,MSFT
2007-08-06,20.90346908569336,20.90346908569336,20.344438645490662,20.55672790017144,59530500,MSFT
2007-08-07,20.910551071166992,21.08038415016253,20.55673463104774,20.754872323407458,49163000,MSFT
2007-08-08,21.22898292541504,21.236059415021128,20.669952393855297,21.030845265551637,52898600,MSFT
2007-08-09,20.7336368560791,21.299743806404457,20.464737033208664,20.97423207376949,72964500,MSFT
2007-08-10,20.316139221191406,20.556734506996822,19.99770523682725,20.450589845542105,76576200,MSFT
2007-08-13,20.259532928466797,20.51428124958028,20.125083625392804,20.478900138182464,55492300,MSFT
2007-08-14,20.074892044067383,20.51516128437458,20.025184357687493,20.42994849470416,42944100,MSFT
2007-08-15,19.954181671142578,20.586182000934816,19.918675197627945,20.0535970881166,48117700,MSFT
2007-08-16,19.748245239257812,20.13170696935664,19.535211847713978,19.79795294032249,81447400,MSFT
2007-08-17,20.06068992614746,20.06068992614746,19.75534115481011,19.94707196766374,76747700,MSFT
2007-08-20,20.06778907775879,20.231114706357424,19.939968549487592,20.01098010457523,49952000,MSFT
2007-08-21,19.932876586914062,20.11040488049817,19.79085476470681,19.954180469740177,50786200,MSFT
2007-08-22,20.039392471313477,20.11040405672498,19.890269360939318,20.074898941235897,44763500,MSFT
2007-08-23,20.096195220947266,20.11749909627745,19.954173448711465,20.081993991826725,33886600,MSFT
2007-08-24,20.45835304260254,20.47965691800316,19.93286963928359,20.032285015620634,45158900,MSFT
2007-08-27,20.231115341186523,20.42994743078448,20.167205075045498,20.316329480852165,32789500,MSFT
2007-08-28,19.83345603942871,20.23111893482845,19.819253454556176,20.096197087405436,43924400,MSFT
2007-08-29,20.302135467529297,20.316338055873597,19.75534800617412,19.97548270777727,45753700,MSFT
2007-08-30,20.202714920043945,20.54356882702114,20.110399473716978,20.181411042945484,33690700,MSFT
2007-08-31,20.401546478271484,20.536468329584928,20.13880542271871,20.38024395478147,42511900,MSFT
2007-09-04,20.45835304260254,20.66428644150975,20.224015830927428,20.23821841452784,45689600,MSFT
2007-09-05,20.22402572631836,20.401554044887376,20.181419309103198,20.344745037122635,47669800,MSFT
2007-09-06,20.52937126159668,20.600382848187092,20.273730091644538,20.280831385746918,45430800,MSFT
2007-09-07,20.19562530517578,20.472569095424838,20.110411101942482,20.323445932808827,52160900,MSFT
2007-09-10,20.22402572631836,20.415756635436956,20.174318013828408,20.358947627672215,37247600,MSFT
2007-09-11,20.543569564819336,20.557772150061712,20.29502974081006,20.330534849482923,34380800,MSFT
2007-09-12,20.543569564819336,20.71399652442862,20.45125411517697,20.458355407798155,42364700,MSFT
2007-09-13,20.706897735595703,20.77790931596092,20.56487457486527,20.678493916109563,35288600,MSFT
2007-09-14,20.62168312072754,20.67139081630963,20.508063789411604,20.579075363571643,33496600,MSFT
2007-09-17,20.401546478271484,20.5080631590208,20.323434968086296,20.444154234117676,39536500,MSFT
2007-09-18,20.543569564819336,20.57197338087101,20.07489508728554,20.380243897831242,77462400,MSFT
2007-09-19,20.35894203186035,20.529369008311413,20.096199596644208,20.50096518945284,94242200,MSFT
2007-09-20,20.181415557861328,20.295033552271946,20.124606560656016,20.224021967156975,67168900,MSFT
2007-09-21,20.34474754333496,20.458365572860732,20.19562438749504,20.373152727933277,135636100,MSFT
2007-09-24,20.650087356567383,21.026447759145938,20.45125521577308,20.45835650877643,104459800,MSFT
2007-09-25,20.990942001342773,20.990942001342773,20.67139193202492,20.69269445731953,75621000,MSFT
2007-09-26,20.948328018188477,21.196867774036576,20.93412543684111,21.076148541449367,60337000,MSFT
2007-09-27,20.94122886657715,21.10455450545681,20.905723764014734,21.09035327709155,43407100,MSFT
2007-09-28,20.919925689697266,21.083252688453896,20.75660004537352,20.941229564604537,45819100,MSFT
2007-10-01,21.140060424804688,21.154263007241585,20.884419358671824,20.919924460331252,43875100,MSFT
2007-10-02,21.09035873413086,21.196875423811683,20.998043276489803,21.09035873413086,33700900,MSFT
2007-10-03,20.91282844543457,21.196873375276805,20.799210473497677,21.097456634007226,37633900,MSFT
2007-10-04,21.097457885742188,21.140065643571287,20.905728393243827,20.990941200035735,37868000,MSFT
2007-10-05,21.189769744873047,21.296286412507836,21.111656889872172,21.22527484927367,45012300,MSFT
2007-10-08,21.189769744873047,21.196871036639752,21.019342805770798,21.06194920193813,30265400,MSFT
2007-10-09,21.37441062927246,21.580342782240457,21.30339902829143,21.324702914915832,63603100,MSFT
2007-10-10,21.466716766357422,21.56613351247281,21.32469497173036,21.331796264626682,32251500,MSFT
2007-10-11,21.239482879638672,21.750763828062595,21.154270065451314,21.516426557397473,50788400,MSFT
2007-10-12,21.42410659790039,21.58743224251022,21.267882244938754,21.32469122369143,31121100,MSFT
2007-10-15,21.331802368164062,21.537734503347,21.303397188451374,21.374408783299582,47150500,MSFT
2007-10-16,21.530635833740234,21.71526546108484,21.466725526027346,21.473826821821408,56286200,MSFT
2007-10-17,22.070314407348633,22.176831098148895,21.76496556713687,21.83597714581478,86092400,MSFT
2007-10-18,22.127124786376953,22.176832488237306,21.75076434389625,22.16973119448107,49208600,MSFT
2007-10-19,21.42410659790039,22.07741053077261,21.381500202444105,22.07741053077261,75200200,MSFT
2007-10-22,21.665550231933594,21.800472096366185,21.3886065641701,21.3886065641701,58785100,MSFT
2007-10-23,21.942489624023438,22.098715338008752,21.80756778588147,21.80756778588147,49956200,MSFT
2007-10-24,22.191038131713867,22.22654325095122,21.658453216552736,21.906993114514627,77979200,MSFT
2007-10-25,22.716514587402344,22.879841605908222,22.361458089278955,22.418267074801374,169588700,MSFT
2007-10-26,24.875253677368164,25.585366567582412,24.541502460996142,25.571163984714243,288121200,MSFT
2007-10-29,24.54860496520996,25.059887166469462,24.463392167955373,24.747435728425994,114655600,MSFT
2007-10-30,25.258726119995117,25.272928708953827,24.392387155581687,24.4065897445404,107297300,MSFT
2007-10-31,26.13926124572754,26.27418174435809,25.21611215248146,25.22321479964771,185635800,MSFT
2007-11-01,26.31679916381836,26.622148091297007,25.819719325443778,25.940437282933516,152078800,MSFT
2007-11-02,26.31679916381836,26.62924803220403,25.8623243886203,26.430417180401072,96389800,MSFT
2007-11-05,26.082454681396484,26.34519577841045,26.011444452646742,26.10375720824809,75485400,MSFT
2007-11-06,25.855224609375,26.032752930699704,25.47176278518551,25.983045217438164,100966700,MSFT
2007-11-07,25.223215103149414,25.6776870080747,25.17350740785235,25.592474203117767,74897800,MSFT
2007-11-08,24.66933250427246,25.493063665991208,24.427893920206618,25.280027549740893,133742400,MSFT
2007-11-09,23.95211410522461,24.5273066810253,23.89530646686146,24.271665536224994,125136900,MSFT
2007-11-12,23.70357322692871,23.9379091135426,23.44793210781088,23.660965470787012,84865200,MSFT
2007-11-13,24.55139923095703,24.701015351038325,23.781942957808717,23.895936580416702,104311500,MSFT
2007-11-14,24.173789978027344,24.75800749133233,24.045546844099743,24.66538684620202,84063100,MSFT
2007-11-15,24.052677154541016,24.29491395280161,23.903061027980126,24.05267715454102,64014100,MSFT
2007-11-16,24.28778839111328,24.40890542061576,24.017052530465914,24.12392273588052,71113800,MSFT
2007-11-19,24.195161819458008,24.394652639664002,24.131040255431362,24.195161819458008,63026200,MSFT
2007-11-20,24.63689613342285,24.914755414686336,24.29491255267454,24.38753321903647,100009400,MSFT
2007-11-21,24.387535095214844,24.74376552789602,24.351912595511227,24.508654855594152,89518700,MSFT
2007-11-23,24.302034378051758,24.53714499062012,24.017049017182774,24.48014954913942,33467200,MSFT
2007-11-26,23.489831924438477,24.487275349148003,23.46133284200681,24.287787207770513,80335000,MSFT
2007-11-27,23.553958892822266,23.938685722430645,23.28322298339046,23.703575033104563,84178400,MSFT
2007-11-28,24.009931564331055,24.14529814953352,23.43996341897528,23.781944306188745,88585000,MSFT
2007-11-29,23.93155860900879,24.173795392032506,23.73207045280889,23.924435196782632,53633600,MSFT
2007-11-30,23.938682556152344,24.30916251010371,23.646573727551388,24.166669801995898,71027800,MSFT
2007-12-03,23.454212188720703,23.967184920974354,23.283223089851305,23.86744082699675,61770600,MSFT
2007-12-04,23.347339630126953,23.682197059881137,23.247595557729234,23.32596667684805,54801500,MSFT
2007-12-05,24.330537796020508,24.594147535243728,23.53257973043417,23.61095085453839,84894700,MSFT
2007-12-06,24.61553192138672,24.658280568338576,24.13105812722662,24.408917537854766,49209700,MSFT
2007-12-07,24.601274490356445,24.722394259002478,24.38041334642621,24.65827266803051,40771000,MSFT
2007-12-10,24.76513671875,24.90050601292534,24.558525148068505,24.67964218199137,36083500,MSFT
2007-12-11,24.294912338256836,24.929004737022076,24.173795306086735,24.743763405933088,55070700,MSFT
2007-12-12,24.558517456054688,25.000242261746955,24.173788084409097,24.658261504002475,63345400,MSFT
2007-12-13,25.092864990234375,25.256730613775563,24.423150239093694,24.565642912814372,73913200,MSFT
2007-12-14,25.1569881439209,25.534591442943974,24.94324776095053,24.971746841056163,71126200,MSFT
2007-12-17,24.501529693603516,25.028751950656776,24.48015673650089,24.957504230610322,58121200,MSFT
2007-12-18,24.750892639160156,24.936131275651615,24.37328651743805,24.67964491910758,52791800,MSFT
2007-12-19,24.786516189575195,25.035876425758953,24.494407319550188,24.71526846650645,58469100,MSFT
2007-12-20,25.30661964416504,25.498984475255074,24.993137725623974,25.142753910530605,59345000,MSFT
2007-12-21,25.69133949279785,25.691339492797848,25.47047564861752,25.57734586434211,83240500,MSFT
2007-12-24,26.06181526184082,26.16155933092642,25.684209220245567,25.74120738419279,29622600,MSFT
2007-12-26,26.083181381225586,26.10455432819556,25.83381855601678,25.94068872650932,30252400,MSFT
2007-12-27,25.627206802368164,26.0404325072814,25.605831137792073,25.897939853999787,33311100,MSFT
2007-12-28,25.734085083007812,25.812456211182766,25.413477157665938,25.719835539901233,33447200,MSFT
2007-12-31,25.363609313964844,25.641471373802,25.306613849926922,25.577349778120023,35229700,MSFT
2008-01-02,25.092864990234375,25.620084349832684,24.936122777359458,25.49896734375421,63004200,MSFT
2008-01-03,25.199748992919922,25.399239954161033,24.83639501843445,25.09288145587054,49599600,MSFT
2008-01-04,24.494403839111328,25.078621496149157,24.287789548304143,25.071495365943477,72090800,MSFT
2008-01-07,24.658267974853516,24.793634544331212,24.401781659782355,24.61551934973426,80164300,MSFT
2008-01-08,23.831815719604492,24.729515185102247,23.796193221052324,24.729515185102247,79148300,MSFT
2008-01-09,24.537141799926758,24.608389489790206,23.760559646254745,23.767685774151822,74305500,MSFT
2008-01-10,24.458778381347656,24.579895401962176,24.066922802131224,24.47302520439005,72446000,MSFT
2008-01-11,24.1595458984375,24.394659269708793,24.024179323289427,24.323411558192205,55187900,MSFT
2008-01-14,24.501529693603516,24.629772871864507,24.28066855601607,24.55140173872472,52792200,MSFT
2008-01-15,24.223669052124023,24.494404937814526,24.223669052124023,24.24504200805506,61606200,MSFT
2008-01-16,23.675081253051758,23.974316318539568,23.162108408114555,23.810447879210933,120778500,MSFT
2008-01-17,23.589576721191406,24.081173678069128,23.489832647432635,23.895935072206008,94247800,MSFT
2008-01-18,23.518327713012695,24.223665037899096,23.48983134910108,23.625197910602825,117062000,MSFT
2008-01-22,22.7702579498291,23.176360592328145,22.442526469535775,22.471025568123967,108521400,MSFT
2008-01-23,22.748872756958008,22.83436728894443,22.114783102232863,22.4282648647312,137597400,MSFT
2008-01-24,23.68932342529297,23.76769455418313,22.884241898270165,23.048107568757555,155640400,MSFT
2008-01-25,23.46845817565918,24.93612842722017,23.418586136230523,24.864883433128465,196992300,MSFT
2008-01-28,23.311725616455078,23.582458849224068,23.097985134616337,23.525463380470693,81019000,MSFT
2008-01-29,23.226215362548828,23.432829596740323,23.04810020572615,23.40433051937151,68023000,MSFT
2008-01-30,22.94124412536621,23.3687196267178,22.834373891116833,23.197730513306347,106432600,MSFT
2008-01-31,23.226215362548828,23.32596213333968,22.59925060845375,22.734618508134012,103642200,MSFT
2008-02-01,21.694429397583008,23.689318863583544,21.551936710478262,22.129029511321615,291138900,MSFT
2008-02-04,21.509191513061523,21.886794859995057,21.45219470452942,21.72292920532914,119998600,MSFT
2008-02-05,20.711240768432617,21.331082427849953,20.582997572766168,21.309708108935048,137534100,MSFT
2008-02-06,20.319385528564453,20.910728030940586,20.155519845006193,20.86085598454558,138315600,MSFT
2008-02-07,20.034395217895508,20.50461916498574,19.87765299625815,20.191136080621945,164964900,MSFT
2008-02-08,20.34789276123047,20.7183729344876,20.119905380429763,20.155529257999863,124872000,MSFT
2008-02-11,20.0985164642334,20.383501842273372,19.884778789614415,20.319380268105476,156814100,MSFT
2008-02-12,20.191139221191406,20.390628734799343,20.027273563001565,20.255260802032844,84365900,MSFT
2008-02-13,20.63286018371582,20.696981752209055,20.326503239583655,20.39062480807689,88986200,MSFT
2008-02-14,20.30512809753418,20.68985749271202,20.276629019856937,20.575862540913874,69113500,MSFT
2008-02-15,20.248140335083008,20.404881255507544,20.127021918737686,20.16976919541503,68166100,MSFT
2008-02-19,20.147998809814453,20.627202242657393,20.076475644696373,20.5985924309338,68261200,MSFT
2008-02-20,20.18377685546875,20.212386691495084,19.969208542039503,20.133711006614732,93056200,MSFT
2008-02-21,20.097942352294922,20.713038584371812,19.99780932887514,20.469861892559162,98776500,MSFT
2008-02-22,19.79754066467285,20.305352644143802,19.45423104214112,20.198068557626534,125705400,MSFT
2008-02-25,19.911983489990234,20.198074932394082,19.654500509730973,19.776089543276555,109974300,MSFT
2008-02-26,20.298206329345703,20.641517419908727,19.790394196278562,19.840460027517114,108923500,MSFT
2008-02-27,20.21236801147461,20.512764191168362,20.09793150151421,20.162302208890786,75199500,MSFT
2008-02-28,19.976348876953125,20.219526878818534,19.883368330491574,20.040719604752276,83002900,MSFT
2008-02-29,19.45423126220703,19.904824976353137,19.32548981125352,19.80469334302982,117411400,MSFT
2008-03-03,19.304031372070312,19.5901227114703,19.218204652345875,19.482838629719193,76544300,MSFT
2008-03-04,19.733173370361328,19.761781828450044,19.282578218789187,19.325492952209377,86925600,MSFT
2008-03-05,20.11224365234375,20.319659389803142,19.81184736442326,19.84760827509827,106489800,MSFT
2008-03-06,19.718870162963867,20.148007984904122,19.668804333839287,20.069332331027475,91127700,MSFT
2008-03-07,19.933439254760742,20.0764842823493,19.54006235946134,19.55436727147765,77597600,MSFT
2008-03-10,20.062175750732422,20.212374571421883,19.847607565966044,19.904825839516494,72175100,MSFT
2008-03-11,20.941909790039062,20.98482315662887,20.298202470235278,20.312507380495656,98740700,MSFT
2008-03-12,20.477012634277344,21.092110220021862,20.41264325744018,21.049196847399912,75993800,MSFT
2008-03-13,20.46986198425293,20.73449604602485,20.140855815871088,20.41264369812455,84552200,MSFT
2008-03-14,19.997804641723633,20.748796002490234,19.768931551879373,20.54137891219936,105214900,MSFT
2008-03-17,20.24097442626953,20.548523027506,19.511442089507277,19.525745628674272,84490100,MSFT
2008-03-18,21.042037963867188,21.08495132338103,20.505616195275252,20.505616195275252,83695300,MSFT
2008-03-19,20.46986198425293,21.16363387408347,20.46986198425293,21.013435020376754,61442100,MSFT
2008-03-20,20.87038230895996,20.898990759403357,20.44839709243925,20.555681168936317,60170200,MSFT
2008-03-24,20.863229751586914,21.027732092344056,20.784554125924352,20.97766628117371,48294700,MSFT
2008-03-25,20.841777801513672,21.00628154916916,20.698732784489355,20.97767172724946,49149000,MSFT
2008-03-26,20.42694664001465,20.791713714824564,20.298205159000386,20.763105254705565,45868100,MSFT
2008-03-27,20.062175750732422,20.376876937355522,20.026414841335107,20.36972448263781,47894400,MSFT
2008-03-28,19.962045669555664,20.333965158728674,19.90482739154377,20.190918781603255,49244000,MSFT
2008-03-31,20.298206329345703,20.44840518725295,19.91198322822573,19.94059168999422,46780600,MSFT
2008-04-01,21.099260330200195,21.127870151561478,20.47701035750602,20.62005673592969,65796200,MSFT
2008-04-02,20.856082916259766,21.15647922839484,20.741646355845585,21.14932677284503,49499400,MSFT
2008-04-03,20.741641998291016,20.97051507103606,20.5985956457298,20.741641998291016,38961400,MSFT
2008-04-04,20.856082916259766,20.92760610756648,20.55568660412469,20.83462554961033,43860800,MSFT
2008-04-07,20.856082916259766,21.16363168394465,20.76310372249502,21.135021861745404,44428600,MSFT
2008-04-08,20.56283950805664,20.7416468081267,20.412642030809682,20.698733438083487,44733500,MSFT
2008-04-09,20.662973403930664,20.77025888697901,20.41264424799542,20.54138437210858,45839300,MSFT
2008-04-10,20.820327758789062,21.02774357031115,20.59860566802076,20.620063040602403,65591600,MSFT
2008-04-11,20.2266788482666,20.748795748609126,20.17661166680847,20.648664114075274,54373700,MSFT
2008-04-14,20.069332122802734,20.24813943307337,19.97635292170627,20.198073604468235,43418100,MSFT
2008-04-15,20.205223083496094,20.36972545730094,20.04787316475119,20.112243896099404,34310000,MSFT
2008-04-16,20.705888748168945,20.777410586703354,20.298206901888026,20.434100850648335,54107400,MSFT
2008-04-17,20.89899444580078,20.98482254065238,20.670121345118236,20.827472624980953,48743300,MSFT
2008-04-18,21.456878662109375,21.528401863821397,21.17793967604327,21.46403111869974,73658900,MSFT
2008-04-21,21.75726890563965,21.886010359715403,21.542700724974203,21.59276654285006,54411700,MSFT
2008-04-22,21.635679244995117,21.957532870349205,21.43541461542022,21.914618144174536,67387500,MSFT
2008-04-23,22.49396324157715,22.501114334473478,21.67144841094603,21.77873390307475,98351500,MSFT
2008-04-24,22.74427604675293,22.958844148175032,22.28653003615073,22.62268709216288,115416700,MSFT
2008-04-25,21.335285186767578,21.735813123102684,21.170782812011005,21.492635106422824,145194900,MSFT
2008-04-28,20.734495162963867,21.342440279805853,20.612906139595474,21.313830455864352,97473000,MSFT
2008-04-29,20.48416519165039,20.67012495951992,20.348272616977354,20.598601762002176,84428900,MSFT
2008-04-30,20.398338317871094,20.891845512841876,20.391185861745086,20.55568826006868,74733600,MSFT
2008-05-01,21.027738571166992,21.09210930941661,20.369727641208694,20.384032552862266,71699400,MSFT
2008-05-02,20.913297653198242,21.185085461277396,20.641511209310263,21.163628098263406,66024200,MSFT
2008-05-05,20.79886245727539,21.621375660662018,20.73449172826162,21.406807473410293,119687700,MSFT
2008-05-06,21.242311477661133,21.356748060415274,20.691584570537014,20.74165040496799,93582000,MSFT
2008-05-07,20.891836166381836,21.556999282417184,20.798857006723228,21.235147085884243,88775000,MSFT
2008-05-08,20.93475914001465,21.0205858805947,20.741646927422355,20.94191159576156,69589900,MSFT
2008-05-09,21.020584106445312,21.135020660354506,20.705884265290695,20.89184264224964,51621200,MSFT
2008-05-12,21.449726104736328,21.499791936442023,20.99197979863672,21.0277407172289,64278800,MSFT
2008-05-13,21.377931594848633,21.62918220819793,21.19846608862019,21.535860747412926,70934700,MSFT
2008-05-14,21.48561668395996,21.72251116422023,21.34204369080254,21.456901537643063,66730400,MSFT
2008-05-15,21.858905792236328,21.916334716763814,21.492795884918518,21.52150966257548,53355800,MSFT
2008-05-16,21.528682708740234,21.880434948829198,21.47843258432941,21.873256164025765,81538200,MSFT
2008-05-19,21.148212432861328,21.45689329106426,21.040533413984566,21.4425370926369,59615000,MSFT
2008-05-20,20.64572525024414,21.040549069640104,20.55240236035591,21.03337028047839,75767600,MSFT
2008-05-21,20.279605865478516,20.853895041417328,20.236534519586456,20.681608288635683,60125100,MSFT
2008-05-22,20.43753433227539,20.602643662649022,20.22935502672837,20.301141513515166,52203100,MSFT
2008-05-23,20.136035919189453,20.337037845643785,20.06425078829697,20.2867877063336,48890700,MSFT
2008-05-27,20.4160099029541,20.45908126961546,20.13604259662012,20.179115332495538,47334500,MSFT
2008-05-28,20.2293643951416,20.509330317130328,20.12886408862544,20.502151528205747,52318500,MSFT
2008-05-29,20.322683334350586,20.58829301400566,20.200646676543737,20.250896823426473,47699200,MSFT
2008-05-30,20.329856872558594,20.602645269784954,20.24371417706545,20.372928220305166,63399200,MSFT
2008-06-02,19.956565856933594,20.358569619263086,19.777100331712198,20.272425564702967,77028400,MSFT
2008-06-03,19.604808807373047,20.32267073306886,19.576095042335954,20.035526236633128,86616700,MSFT
2008-06-04,19.76992416381836,19.841709283068553,19.52585092457023,19.583279841498413,79567400,MSFT
2008-06-05,20.31549644470215,20.31549644470215,19.812993807054447,19.899136490439417,76063400,MSFT
2008-06-06,19.734031677246094,20.222178191418656,19.734031677246094,20.092962776583157,78500800,MSFT
2008-06-09,19.891965866088867,20.035538889583215,19.5976424002179,19.848894506726094,66787100,MSFT
2008-06-10,20.021175384521484,20.308321346477662,19.61199416871138,19.640709312592367,77433900,MSFT
2008-06-11,19.46842384338379,20.057070639706474,19.46124505693918,19.99246293091852,59330800,MSFT
2008-06-12,20.272432327270508,20.49496926940017,19.51867741758508,19.669427851836666,113996300,MSFT
2008-06-13,20.868249893188477,21.22718092367115,20.459068737512347,20.55239020298402,131969100,MSFT
2008-06-16,20.767749786376953,20.896965177318144,20.559569130035424,20.83235748184755,74718900,MSFT
2008-06-17,20.6744327545166,20.90414983023606,20.667255336750205,20.8467209036096,44256700,MSFT
2008-06-18,20.430355072021484,20.717501012497465,20.430355072021484,20.49496277170725,49677800,MSFT
2008-06-19,20.767749786376953,20.95439408782387,20.337032272977385,20.49496143456483,62037800,MSFT
2008-06-20,20.26525115966797,20.760576499721978,20.171929668835507,20.746218925989723,97480400,MSFT
2008-06-23,20.078615188598633,20.394475096464365,19.949401078721625,20.315509777194393,57145300,MSFT
2008-06-24,19.90631675720215,20.107318648749605,19.748387579766312,20.04271094679554,65218300,MSFT
2008-06-25,20.35139274597168,20.58110842076283,19.927853957120455,19.96374651785154,64280200,MSFT
2008-06-26,19.92067527770996,20.243713802871714,19.92067527770996,20.12167717883432,67049100,MSFT
2008-06-27,19.834531784057617,20.03553369095287,19.71249515651648,19.8704257152247,73450200,MSFT
2008-06-30,19.74839210510254,20.085786894343904,19.734034530441967,19.906321318727795,57830500,MSFT
2008-07-01,19.288957595825195,19.655066106831725,18.980276635882053,19.576102197209465,100327800,MSFT
2008-07-02,18.57826805114746,19.382274097651976,18.57826805114746,19.31048762344768,84669000,MSFT
2008-07-03,18.650062561035156,18.736206641039512,18.377275484579805,18.642883773600317,37074500,MSFT
2008-07-07,18.685951232910156,18.944380661675975,18.26959126350673,18.74338014699293,71527600,MSFT
2008-07-08,18.556737899780273,18.807989940318446,18.312664645453303,18.614166820256415,65553200,MSFT
2008-07-09,18.111656188964844,18.556731188600363,18.075763640103112,18.51365985612369,54255800,MSFT
2008-07-10,18.26958656311035,18.427515693902663,17.932190581617597,18.090121081622875,57830600,MSFT
2008-07-11,18.12601661682129,18.40598237592298,17.853229642467486,18.061408923303485,69532600,MSFT
2008-07-14,18.054231643676758,18.52802052283006,17.99680273011918,18.29112608325341,51216200,MSFT
2008-07-15,18.772090911865234,19.12384312541805,17.896299770114123,17.896299770114123,92719300,MSFT
2008-07-16,19.568925857543945,19.590462218795306,18.606990295734686,18.757740716853302,82060400,MSFT
2008-07-17,19.755573272705078,20.035539166249837,19.461249802769856,19.798644632662615,96526100,MSFT
2008-07-18,18.56391143798828,19.001806319371276,18.025514947273663,18.922842431798028,150277000,MSFT
2008-07-21,18.405982971191406,18.786450359855053,18.327019074837242,18.42034054115152,77575600,MSFT
2008-07-22,18.520843505859375,18.621345141091034,18.29112782969576,18.334200545886514,88657200,MSFT
2008-07-23,18.973102569580078,19.267426030368643,18.55674245169281,18.563921239664943,79408800,MSFT
2008-07-24,18.262409210205078,18.78644812859011,18.262409210205078,18.729019224783713,81092600,MSFT
2008-07-25,18.779277801513672,18.822349156461936,18.305488789441686,18.40598907405887,58682300,MSFT
2008-07-28,18.305482864379883,18.743379167127014,18.190625042218873,18.70748524194342,59707800,MSFT
2008-07-29,18.743383407592773,18.800812331665885,18.233700508382057,18.3198445790985,66368200,MSFT
2008-07-30,18.82952117919922,19.016165475873493,18.592626758269027,18.80798619406851,51977700,MSFT
2008-07-31,18.463420867919922,18.865424807178062,18.456242079445964,18.55674374886745,60461000,MSFT
2008-08-01,18.262409210205078,18.628518985425778,17.99679967434231,18.606982633043476,82720200,MSFT
2008-08-04,18.147560119628906,18.341381907318098,18.025523469269334,18.226524044534234,60588300,MSFT
2008-08-05,18.815170288085938,18.86542179939184,18.305488710620637,18.405988994805078,84297600,MSFT
2008-08-06,19.39664077758789,19.49714106715439,18.93720794839726,19.18846004152727,95550000,MSFT
2008-08-07,19.662246704101562,19.920677553758125,19.188457725873594,19.31049436385435,82565800,MSFT
2008-08-08,20.19346046447754,20.26524694900961,19.518671069830656,19.633528897396648,80814100,MSFT
2008-08-11,20.02835464477539,20.387285736506897,19.85606788504988,19.999640869427868,68743800,MSFT
2008-08-12,20.18628692626953,20.35857370071624,19.798640656854257,19.942213653499966,62813000,MSFT
2008-08-13,20.03553009033203,20.459068817494412,19.927851054608915,20.15038791099845,51165200,MSFT
2008-08-14,20.03553009033203,20.30113965638139,19.78427809416928,19.970922395055517,49732300,MSFT
2008-08-15,19.963743209838867,20.207816416164643,19.79863526709296,20.085779813001757,47267400,MSFT
2008-08-18,19.87760353088379,20.13603297660096,19.777101897736674,19.942211234616433,38078200,MSFT
2008-08-19,19.69021224975586,20.00012430579351,19.65417653961511,19.84877267359329,40332900,MSFT
2008-08-20,19.668601989746094,19.87761169578985,19.58211431418232,19.848783387051903,41497200,MSFT
2008-08-21,19.589317321777344,19.625353043250065,19.358685405132743,19.53165934261619,43614200,MSFT
2008-08-22,20.064987182617188,20.093815472201396,19.618137009332486,19.62534442539705,47930400,MSFT
2008-08-25,19.935258865356445,20.06498962093554,19.791113275896517,19.899223155328574,51381300,MSFT
2008-08-26,19.6541805267334,19.978506107816674,19.582107717156724,19.877604999214036,44774400,MSFT
2008-08-27,19.863182067871094,20.028949874747358,19.553270075256524,19.704623051156776,33975300,MSFT
2008-08-28,20.137069702148438,20.187520264312393,19.892022936202324,19.899230355750706,48372600,MSFT
2008-08-29,19.668601989746094,20.02175736350448,19.668601989746094,19.949684529647165,50735500,MSFT
2008-09-02,19.531658172607422,20.007336815860903,19.502828497416505,19.942471421355922,66079200,MSFT
2008-09-03,19.387514114379883,19.58931773301772,19.344270972769877,19.459586933513016,57127700,MSFT
2008-09-04,18.991111755371094,19.380302698963003,18.991111755371094,19.272194179891606,66141900,MSFT
2008-09-05,18.486597061157227,18.897410115344776,18.47218223038863,18.760473347064877,82305200,MSFT
2008-09-08,18.825349807739258,18.976701496004317,18.50102279763594,18.890213835085188,62110800,MSFT
2008-09-09,18.8109188079834,19.171281231988164,18.774881740778792,18.882991567719063,85735700,MSFT
2008-09-10,19.05597496032715,19.358679603879764,18.919036785352947,19.113632922209828,75064900,MSFT
2008-09-11,19.704633712768555,19.791119996071995,18.76048376777034,18.810934328809793,72913300,MSFT
2008-09-12,19.906436920166016,19.99292320168192,19.41634340932704,19.56048767007843,75628500,MSFT
2008-09-15,19.329851150512695,19.8127371271331,19.264985767483513,19.401923951064493,82349400,MSFT
2008-09-16,18.73164939880371,19.092012029888064,18.392909020467183,18.803722199955452,111729700,MSFT
2008-09-17,17.708221435546875,18.645165205086744,17.657770881547513,18.54426272241353,106972100,MSFT
2008-09-18,18.205522537231445,18.270387928816824,17.304615848184014,17.873988160831246,132291300,MSFT
2008-09-19,18.133440017700195,19.02713880974713,16.937036685228193,19.00551794057848,134926100,MSFT
2008-09-22,18.30641746520996,18.96948461944626,18.248759511566544,18.897411833723478,105207700,MSFT
2008-09-23,18.335250854492188,18.86137996021484,18.26317805412657,18.493809915557087,92181300,MSFT
2008-09-24,18.537057876586914,18.803726895030238,18.3496690966733,18.436156754585234,80250300,MSFT
2008-09-25,19.17850685119629,19.3731017001319,18.55147503334306,18.60913302093044,96203500,MSFT
2008-09-26,19.747865676879883,19.86318157246401,18.839751968149436,18.861374214074175,100744300,MSFT
2008-09-29,18.02533721923828,19.93525870335322,18.02533721923828,19.416337059928072,134383100,MSFT
2008-09-30,19.236156463623047,19.236156463623047,18.407322737414347,18.573089207721235,107192700,MSFT
2008-10-01,19.084802627563477,19.45237263800465,18.940658414924755,19.012729833907017,88957000,MSFT
2008-10-02,18.919042587280273,19.120846203094143,18.522644149607125,18.868592026995472,93819800,MSFT
2008-10-03,18.96949005126953,19.798323887729023,18.91183208111603,19.005527141786995,114289400,MSFT
2008-10-06,17.95326042175293,18.731643400658587,17.398301817667015,18.472181949465398,146374600,MSFT
2008-10-07,16.742441177368164,18.169476326759145,16.67757581833459,18.00370990908393,145941200,MSFT
2008-10-08,16.583900451660156,17.513635998012894,16.216330136928732,16.504620175539063,171598600,MSFT
2008-10-09,16.072172164916992,17.232540231306334,15.906405691054026,17.131639138463534,131948700,MSFT
2008-10-10,15.495598793029785,16.108215764433375,14.882981821626197,15.7046098551983,228467500,MSFT
2008-10-13,18.37849235534668,18.37849235534668,16.31001045402552,16.47577829257124,144935400,MSFT
2008-10-14,17.369482040405273,18.544263812217203,17.0091193481756,18.479398417641896,165674900,MSFT
2008-10-15,16.331632614135742,17.477585770505723,16.2019018606336,17.13884542777451,113280200,MSFT
2008-10-16,17.43434715270996,17.43434715270996,15.358657309255703,16.533440436721893,161147800,MSFT
2008-10-17,17.246957778930664,18.097413908598586,16.80010745879727,16.9874962140355,133673100,MSFT
2008-10-20,17.816333770751953,17.837956030520356,16.583893832123536,17.44155755748982,93484300,MSFT
2008-10-21,16.83614158630371,18.02533792487798,16.771276206501998,17.513622303628285,100385600,MSFT
2008-10-22,15.517213821411133,16.61992248131256,15.06315618230826,16.60550902227812,150054800,MSFT
2008-10-23,16.08658790588379,16.28118405990844,15.05595054346549,15.531629114631725,154774100,MSFT
2008-10-24,15.827130317687988,16.475784326342996,15.099198818507965,15.17847768370769,153919700,MSFT
2008-10-27,15.264965057373047,15.827130021452428,15.149649096809343,15.618120358433723,117683900,MSFT
2008-10-28,16.648757934570312,16.728036798170745,15.380280995541892,15.596498077615337,134088800,MSFT
2008-10-29,16.57668113708496,17.275784151027082,16.360464106905766,16.670374816916116,111701800,MSFT
2008-10-30,16.31001853942871,17.21092547404458,16.13704457294345,17.073988609748884,95323000,MSFT
2008-10-31,16.093799591064453,16.511820306104774,15.942447903139815,16.23794523404721,93055200,MSFT
2008-11-03,16.30280876159668,16.511818407749747,16.00731008998788,16.201906273239562,61923500,MSFT
2008-11-04,16.958667755126953,17.05236144452567,16.482989140419182,16.670376519216614,72123000,MSFT
2008-11-05,15.913622856140137,16.821737372007863,15.892000590997405,16.81452995029362,81179700,MSFT
2008-11-06,15.04874038696289,15.913611108776186,15.034326928849492,15.762259488529624,95509700,MSFT
2008-11-07,15.495598793029785,15.524428473883999,15.135236030401186,15.365867978535515,71256300,MSFT
2008-11-10,15.351444244384766,15.834330121538414,15.272165417314856,15.747843878430505,67106800,MSFT
2008-11-11,15.27937126159668,15.351442665214757,14.983874107806058,15.344236624592074,78014500,MSFT
2008-11-12,14.630724906921387,15.135233231163333,14.616311443834872,15.055952998151847,90162300,MSFT
2008-11-13,15.315413475036621,15.315413475036623,13.506392706671358,14.522615326099828,148413700,MSFT
2008-11-14,14.457745552062988,15.380274202445346,14.16224836222842,14.818108112805055,96624500,MSFT
2008-11-17,13.924409866333008,14.58747706828573,13.801886534189327,14.227114488413036,97289000,MSFT
2008-11-18,14.23642349243164,14.26544708037006,13.605144192925682,14.14934996064271,108966500,MSFT
2008-11-19,13.271364212036133,14.475872766665438,13.242339242533392,14.243677162603678,103010500,MSFT
2008-11-20,12.719898223876953,13.67044353063295,12.69812950363566,13.14800670071843,139532800,MSFT
2008-11-21,14.279962539672852,14.294475028657235,13.046428655742668,13.075453633711437,157231900,MSFT
2008-11-24,15.01282024383545,15.19422212706792,14.417822288270793,14.432333387099623,125289900,MSFT
2008-11-25,14.504894256591797,15.18696571751022,14.18562655812135,15.136173412205348,92948100,MSFT
2008-11-26,14.867700576782227,15.005566417746225,14.316238596912987,14.316238596912987,79678300,MSFT
2008-11-28,14.671788215637207,14.737093023895655,14.526667495941618,14.679044459220028,28650800,MSFT
2008-12-01,13.503562927246094,14.475877585469425,13.496306682454914,14.42508387193116,79639900,MSFT
2008-12-02,13.895390510559082,14.011487659682249,13.467281754172204,13.779293361435913,79689800,MSFT
2008-12-03,14.417830467224121,14.439597819808828,13.496308045484751,13.532587889117478,80961500,MSFT
2008-12-04,13.866365432739258,14.454107360334836,13.634171159318143,14.076790974032004,78719200,MSFT
2008-12-05,14.417830467224121,14.497646400013581,13.401978237659952,13.721246120779757,91996200,MSFT
2008-12-08,15.245022773742676,15.419168510845514,14.613743265756003,14.766121650713044,107225000,MSFT
2008-12-09,14.947518348693848,15.419163059601958,14.845932333307797,14.962030834318542,80484900,MSFT
2008-12-10,14.954777717590332,15.208739349175527,14.729838295347598,15.10715469654145,61499000,MSFT
2008-12-11,14.113068580627441,14.599225735118628,14.011482574026285,14.591969492933782,83564300,MSFT
2008-12-12,14.047761917114258,14.403309432976833,13.568861068484134,13.895383619466582,78112600,MSFT
2008-12-15,13.815570831298828,14.105813625236449,13.706728572583762,14.033252580755342,59925900,MSFT
2008-12-16,14.591970443725586,14.642762758342375,13.786545500554277,13.938922444404646,97688700,MSFT
2008-12-17,14.265449523925781,14.548436128736157,14.149352384311932,14.37429041931538,78922700,MSFT
2008-12-18,14.004228591918945,14.52666704164828,13.779290583833763,14.41056991592774,80759200,MSFT
2008-12-19,13.873623847961426,14.36703606420527,13.866367602783058,14.091305667363496,113530400,MSFT
2008-12-22,13.917156219482422,13.996973511147845,13.706729317450629,13.96069229494225,58575400,MSFT
2008-12-23,13.98971939086914,14.200144940846462,13.793804945589253,13.98971939086914,47511400,MSFT
2008-12-24,13.90990161895752,14.113072301742019,13.859109294258156,13.975206431853,16880400,MSFT
2008-12-26,13.880879402160645,14.026001544998804,13.851855803985405,13.931673120945126,23101000,MSFT
2008-12-29,13.757516860961914,13.938918727065229,13.525322693787496,13.895382666716626,58512800,MSFT
2008-12-30,14.03325366973877,14.1420945529131,13.786546929750594,13.793803173160471,43224100,MSFT
2008-12-31,14.105813980102539,14.279959660846169,13.982460616577445,14.01148420470796,46419000,MSFT
2009-01-02,14.751606941223145,14.802399267240242,14.055024097582232,14.17112123818905,50084000,MSFT
2009-01-05,14.8894681930542,14.998309055590912,14.555687979423398,14.657273983912766,61475200,MSFT
2009-01-06,15.063619613647461,15.23776533713627,14.954778709465353,15.05636336883703,58083400,MSFT
2009-01-07,14.15660572052002,14.722580197866717,14.13483699231895,14.65001915451661,72709900,MSFT
2009-01-08,14.599225997924805,14.650018310146372,14.18562848986338,14.243677044400416,70255400,MSFT
2009-01-09,14.163862228393555,14.729835332348173,14.08404494081562,14.635506943018008,49815300,MSFT
2009-01-12,14.127585411071777,14.359781103203924,14.004232011871391,14.301731142180452,52163500,MSFT
2009-01-13,14.381542205810547,14.504895551413819,14.16386048250437,14.16386048250437,65843500,MSFT
2009-01-14,13.85185718536377,14.2799660270435,13.793808599237066,14.171125101054365,80257500,MSFT
2009-01-15,13.960693359375,14.004229438154235,13.438256262063202,13.837339982844675,96169800,MSFT
2009-01-16,14.30172348022461,14.446845537061607,13.895383658662121,14.24367493428711,79634100,MSFT
2009-01-20,13.40922737121582,14.236420930391894,13.329411480759006,14.120322447571224,89873000,MSFT
2009-01-21,14.06227970123291,14.113073413922118,13.394720415462057,13.692220910978786,68340900,MSFT
2009-01-22,12.41515064239502,13.191550813329112,12.386125664347665,13.097221018662335,222436600,MSFT
2009-01-23,12.480454444885254,12.690879982681437,12.15393038832064,12.313563602648331,117020600,MSFT
2009-01-26,12.792463302612305,12.923072911689566,12.502220495766649,12.545757954783651,92476500,MSFT
2009-01-27,12.814234733581543,13.039172783309372,12.647345257460483,12.901308285985277,61695000,MSFT
2009-01-28,13.089963912963867,13.285876945232253,12.886793253441333,12.915816842523473,64145500,MSFT
2009-01-29,12.76343822479248,13.031912270806382,12.741669497823768,12.901304060954239,49192800,MSFT
2009-01-30,12.407891273498535,12.908560946846634,12.407891273498535,12.872279733423278,62370900,MSFT
2009-02-02,12.937586784362793,13.155268566826127,12.33533237662808,12.35710110846922,88871700,MSFT
2009-02-03,13.423741340637207,13.503558623916753,12.770694741403556,12.952096651412168,86865100,MSFT
2009-02-04,13.518073081970215,13.786548584410419,13.423744674294356,13.45276965141744,75618000,MSFT
2009-02-05,13.815570831298828,13.888130491793126,13.242340102283569,13.430998264339726,75195200,MSFT
2009-02-06,14.265449523925781,14.461363966019306,13.830084558380307,13.902645616635732,86746000,MSFT
2009-02-09,14.105813980102539,14.345264464123385,13.975204373548104,14.250934688728808,52196400,MSFT
2009-02-10,13.6414213180542,14.367028864418499,13.568861670607019,13.967945267512759,83953200,MSFT
2009-02-11,13.938923835754395,14.142094498488333,13.728498313625416,13.743010800389321,58599000,MSFT
2009-02-12,13.975204467773438,14.018740542256168,13.452767422020107,13.76477757046434,75323200,MSFT
2009-02-13,13.85185718536377,14.127587623468742,13.815577338029877,13.982466850145716,47416000,MSFT
2009-02-17,13.216242790222168,13.515781622817329,13.07012567474722,13.508475627695974,75853300,MSFT
2009-02-18,13.238165855407715,13.479258213021396,13.150495273786094,13.311223047703008,54946900,MSFT
2009-02-19,13.084739685058594,13.428113147917022,13.011681116042078,13.36966657139907,49195600,MSFT
2009-02-20,13.150496482849121,13.289307669230464,12.90209810447272,12.982462695558247,69413800,MSFT
2009-02-23,12.573334693908691,13.260083209649329,12.536806095684097,13.165108018179364,70803400,MSFT
2009-02-24,12.544107437133789,12.675612571484914,11.952335726029908,12.441826285294551,122674500,MSFT
2009-02-25,12.390685081481934,12.59524879127597,12.025393638370184,12.42721506187887,105894600,MSFT
2009-02-26,11.996169090270996,12.478353605028667,11.996169090270996,12.456435620366577,83219500,MSFT
2009-02-27,11.798911094665527,12.06922732439828,11.762382514677103,11.901193626889922,93428000,MSFT
2009-03-02,11.535900115966797,11.871968165759347,11.484759552978119,11.66009922328608,80602100,MSFT
2009-03-03,11.601658821105957,11.864668466092457,11.426319057781624,11.71124669573738,80476600,MSFT
2009-03-04,11.776998519897461,11.981560867147886,11.608964068353092,11.776998519897461,69285100,MSFT
2009-03-05,11.156000137329102,11.601655412355772,11.156000137329102,11.58704342133617,89708500,MSFT
2009-03-06,11.163305282592773,11.411703552605617,10.863766438190723,11.214446553720052,92821400,MSFT
2009-03-09,11.068333625793457,11.49937776391505,11.031805028383832,11.104862919941418,66479100,MSFT
2009-03-10,12.040005683898926,12.142288235987468,11.14138906429501,11.229058927421871,95184200,MSFT
2009-03-11,12.500272750854492,12.56602531747255,12.003476200174129,12.149591931066125,84522200,MSFT
2009-03-12,12.427217483520508,12.44913547602974,12.040007976716645,12.427217483520508,93694100,MSFT
2009-03-13,12.164205551147461,12.456438445541504,11.820832074419005,12.40529786320709,82965800,MSFT
2009-03-16,11.871970176696777,12.390683281702401,11.864664181678604,12.288402138400123,67028900,MSFT
2009-03-17,12.34685230255127,12.34685230255127,11.87927963296091,11.92311422236589,62481000,MSFT
2009-03-18,12.390685081481934,12.580636799117196,12.127676190005337,12.441827054037645,70710700,MSFT
2009-03-19,12.522193908691406,12.748675673367265,12.361466128078549,12.690229081010164,58994600,MSFT
2009-03-20,12.463740348815918,12.894784249039805,12.332235241157662,12.6536920161583,81725500,MSFT
2009-03-23,13.391587257385254,13.581539017696407,12.646392211582254,12.690228197907079,71600000,MSFT
2009-03-24,13.099350929260254,13.303913238649367,13.033598360249117,13.179715489935246,50044100,MSFT
2009-03-25,13.062826156616211,13.376977135220748,12.799817169219091,13.135884750578603,73927100,MSFT
2009-03-26,13.756875038146973,13.793403623331866,13.238161882445233,13.274690467630126,63775100,MSFT
2009-03-27,13.245465278625488,13.603452069526462,13.187018711565834,13.545005502466806,47670400,MSFT
2009-03-30,12.77058219909668,12.975145807692318,12.617160537756636,12.960533822762148,49633000,MSFT
2009-03-31,13.420805931091309,13.727650746413582,12.989761990674875,13.026290571330087,92423300,MSFT
2009-04-01,14.107553482055664,14.144083458152277,13.281995530937676,13.318524113558183,96438900,MSFT
2009-04-02,14.092937469482422,14.531285866385144,13.881067869967278,14.24635912970326,99082300,MSFT
2009-04-03,13.6984281539917,13.990661009248289,13.46464186978643,13.976049018116417,81858400,MSFT
2009-04-06,13.705732345581055,13.705732345581055,13.34774697082598,13.545004644714282,47476100,MSFT
2009-04-07,13.705732345581055,13.983353173164748,13.610755809201063,13.705732345581055,65815200,MSFT
2009-04-08,14.01988410949707,14.3340349316877,13.851849009004258,13.859155004110562,56408900,MSFT
2009-04-09,14.370566368103027,14.392484357775409,14.041803490399124,14.209838624267986,55759600,MSFT
2009-04-13,14.312127113342285,14.502078940614902,14.151399287254872,14.385185722828226,44444700,MSFT
2009-04-14,14.13677978515625,14.282895533116557,13.881075484380293,14.202532359455105,63796300,MSFT
2009-04-15,13.756875038146973,14.063719891519167,13.523088748620768,14.034495908590289,72725500,MSFT
2009-04-16,14.436320304870605,14.450932299363316,13.87377105818963,13.997970224424696,67688700,MSFT
2009-04-17,14.027189254760742,14.385174632424427,13.8810721484394,14.385174632424427,61398500,MSFT
2009-04-20,13.596153259277344,13.84455164891476,13.566929263566207,13.800715655348053,62937200,MSFT
2009-04-21,13.85915756225586,13.939522129782933,13.56692467144333,13.581536664353042,60928300,MSFT
2009-04-22,13.720344543457031,14.019883359409214,13.661897979209678,13.705732554026191,59401000,MSFT
2009-04-23,13.822627067565918,13.837239058460899,13.493864239809596,13.822627067565918,86116300,MSFT
2009-04-24,15.27649211883545,15.488361881285822,14.24637008565829,14.480156448723086,168478500,MSFT
2009-04-27,14.903891563415527,15.21073645119804,14.816222391749873,15.013478724735776,68219600,MSFT
2009-04-28,14.560515403747559,14.808913666829715,14.458234257822943,14.79430167641874,76685200,MSFT
2009-04-29,14.794302940368652,15.261875525658036,14.655491806557283,14.692021785705654,79301600,MSFT
2009-04-30,14.801604270935059,15.41529379243894,14.61895861318928,15.050002476947382,87439900,MSFT
2009-05-01,14.786993026733398,14.867357566091055,14.509372226142359,14.750464450739475,63224500,MSFT
2009-05-04,14.75046443939209,14.903886130619568,14.59704135468876,14.881969542430415,54313400,MSFT
2009-05-05,14.458242416381836,14.787004025287153,14.348653819936509,14.713945425482565,66835500,MSFT
2009-05-06,14.458242416381836,14.66280482366242,14.326737215428953,14.655498824334272,59639100,MSFT
2009-05-07,14.114856719970703,14.604347156235667,13.98335161866432,14.582429174859326,68727200,MSFT
2009-05-08,14.187915802001953,14.348643491090996,13.983352148499263,14.21713838480183,67597600,MSFT
2009-05-11,14.114856719970703,14.414395498068206,13.888376486318506,14.027187581417003,63762600,MSFT
2009-05-12,14.531294822692871,14.655493983291802,14.224449919652946,14.25367390731219,71966800,MSFT
2009-05-13,14.429010391235352,14.611656092390229,14.370563822604835,14.553209523759712,49281700,MSFT
2009-05-14,14.655488014221191,14.779687124234753,14.465536352231277,14.487454334048682,54539500,MSFT
2009-05-15,14.77238655090332,14.976950275834506,14.597046812452179,14.706633974799596,61289900,MSFT
2009-05-18,15.050005912780762,15.050005912780762,14.786995659670797,14.874666208532819,46073800,MSFT
2009-05-19,14.932374000549316,15.248520014634757,14.888261027194135,15.079419114834776,51368300,MSFT
2009-05-20,14.983837127685547,15.211757160954905,14.86620161479049,15.005894312225593,47450700,MSFT
2009-05-21,14.572110176086426,14.873551298218635,14.344191586692096,14.80738115898711,58232800,MSFT
2009-05-22,14.520647048950195,14.829440611906982,14.314784206203708,14.652987347692516,37318700,MSFT
2009-05-26,14.954426765441895,15.035301694611798,14.300079145287519,14.366249286912762,44991700,MSFT
2009-05-27,14.800028800964355,15.145584284963181,14.755915842146134,14.888256120926478,42892900,MSFT
2009-05-28,15.035304069519043,15.167642971347446,14.741213881475622,14.939724337707148,45480800,MSFT
2009-05-29,15.358802795410156,15.395564774297814,14.925021260818555,15.11617934405605,46134900,MSFT
2009-06-01,15.73376178741455,15.807284320533329,15.33674235229423,15.439673057265113,57317100,MSFT
2009-06-02,15.73376178741455,16.160190796712655,15.586718123502672,15.704353615562447,48935700,MSFT
2009-06-03,15.9763822555542,15.998439432170615,15.652885412465993,15.667588794551511,56039600,MSFT
2009-06-04,16.049909591674805,16.10137495023184,15.866103938356346,16.005796627529612,42330000,MSFT
2009-06-05,16.277828216552734,16.40281611695925,16.03520481015489,16.145487921731032,59579200,MSFT
2009-06-08,16.211658477783203,16.41016892501954,15.902864916190861,16.160193117905457,49000600,MSFT
2009-06-09,16.233720779418945,16.410174098482308,16.086675645702982,16.219015985582086,50887700,MSFT
2009-06-10,16.57927131652832,16.63073808345876,16.263126733625974,16.299887307678848,61297200,MSFT
2009-06-11,16.785133361816406,17.101279331685756,16.59397530091108,16.608680090748244,65124600,MSFT
2009-06-12,17.152748107910156,17.189508687494033,16.718966537654538,16.836602075114413,50963500,MSFT
2009-06-15,17.21891975402832,17.30714711587481,16.924830885083935,17.07922701540736,69089600,MSFT
2009-06-16,17.2409725189209,17.726219378686793,17.233620123794022,17.255675906848666,105295600,MSFT
2009-06-17,17.410072326660156,17.513003047439533,17.035108612259137,17.27773202718616,86483100,MSFT
2009-06-18,17.277732849121094,17.417425549914192,17.13068775330457,17.365960187076197,58852200,MSFT
2009-06-19,17.69681167602539,17.895322158537436,17.461540616304212,17.67475589063036,115459000,MSFT
2009-06-22,17.11598777770996,17.608587123872795,17.09393058824252,17.608587123872795,71291600,MSFT
2009-06-23,17.16010093688965,17.39537201774046,17.064521183840096,17.189509120832874,56752700,MSFT
2009-06-24,17.255666732788086,17.46152947991469,17.17479323404122,17.240963352677444,54287700,MSFT
2009-06-25,17.490951538085938,17.586529887537637,17.05716996266605,17.226270874487025,57724300,MSFT
2009-06-26,17.167449951171875,17.41742577590786,17.145392765815412,17.32919843680799,65126400,MSFT
2009-06-29,17.542409896850586,17.667397782205057,17.314489904405228,17.351251872054,62854900,MSFT
2009-06-30,17.476238250732422,17.821792302885626,17.373306152515603,17.62328190167343,66452400,MSFT
2009-07-01,17.674747467041016,17.865904060216756,17.61592832781714,17.682098457118535,54908400,MSFT
2009-07-02,17.182159423828125,17.674758812422635,17.064522472194984,17.468895899972594,65422200,MSFT
2009-07-06,17.057165145874023,17.11598289869459,16.81454174019846,17.06451613794148,49207700,MSFT
2009-07-07,16.564573287963867,17.01305832629075,16.513106504380747,16.96894534268883,52842500,MSFT
2009-07-08,16.586618423461914,16.68219812924715,16.17489423557126,16.402812807148603,73023400,MSFT
2009-07-09,16.49839973449707,16.770431380410226,16.446934363774375,16.652795846665157,46981200,MSFT
2009-07-10,16.461631774902344,16.57191627476855,16.28517853837235,16.31458811229018,43229200,MSFT
2009-07-13,17.07921600341797,17.123330357061228,16.277823475796122,16.48368625248835,67584000,MSFT
2009-07-14,16.990995407104492,17.071868942723224,16.807189749831014,17.057165555909013,45448700,MSFT
2009-07-15,17.733564376831055,17.733564376831055,17.321838835419936,17.461531479910327,67238700,MSFT
2009-07-16,17.96883773803711,17.96883773803711,17.542408757292005,17.59387410633141,64555100,MSFT
2009-07-17,17.858558654785156,17.976194165368412,17.718865960095325,17.939432191857456,52860100,MSFT
2009-07-20,18.03501319885254,18.03501319885254,17.755627789672044,17.968843044169052,47798000,MSFT
2009-07-21,18.255573272705078,18.255573272705078,17.917371620761035,18.15264257903959,52028400,MSFT
2009-07-22,18.233524322509766,18.307046880730805,18.020310446227526,18.160003166614885,66192500,MSFT
2009-07-23,18.792293548583984,18.909929079222525,18.26293366071054,18.329103821985488,106060500,MSFT
2009-07-24,17.2409725189209,17.564469490547506,16.77042904708277,17.358608036298936,215135700,MSFT
2009-07-27,16.990995407104492,17.24097121318249,16.836597925785316,17.233618818612445,80950000,MSFT
2009-07-28,17.255666732788086,17.31448446020637,16.83659024964217,16.902760368278393,70288400,MSFT
2009-07-29,17.49830436706543,17.579179334384644,17.160102507960325,17.44683898870825,73626900,MSFT
2009-07-30,17.505651473999023,17.961490148868865,17.43212892613925,17.79238927041955,67820000,MSFT
2009-07-31,17.292436599731445,17.69680848543142,17.277731810568493,17.476242257290686,54258200,MSFT
2009-08-03,17.52035903930664,17.54241622785628,17.277735574565366,17.51300664312343,46902900,MSFT
2009-08-04,17.476238250732422,17.49094303652419,17.29978502820788,17.410068116995024,49218300,MSFT
2009-08-05,17.505651473999023,17.82914984318646,17.490948086287837,17.527708659054746,53310300,MSFT
2009-08-06,17.24832534790039,17.630641521241646,17.108634032596807,17.59388094401989,59686000,MSFT
2009-08-07,17.321847915649414,17.513006002441205,17.277734942490117,17.461540633367672,46169700,MSFT
2009-08-10,17.21891975402832,17.314498110562866,17.13069239218183,17.248327939759587,35261900,MSFT
2009-08-11,17.00570297241211,17.204213467601946,16.94688520372544,17.14539569891528,33615800,MSFT
2009-08-12,17.299785614013672,17.571817148745133,16.932174370724756,17.005695497522055,61972300,MSFT
2009-08-13,17.3659610748291,17.535061962034415,17.204211180697033,17.373312067902347,38954500,MSFT
2009-08-14,17.417423248291016,17.498296778209713,17.28508296000943,17.365957892253906,46330200,MSFT
2009-08-17,17.093923568725586,17.35125173087046,17.079218781785727,17.145388920689427,42474400,MSFT
2009-08-18,17.434024810791016,17.485779535992958,17.2048247090922,17.2196121763529,38878900,MSFT
2009-08-19,17.485788345336914,17.53754309661291,17.190045902180355,17.190045902180355,41821300,MSFT
2009-08-20,17.500572204589844,17.648444100724753,17.404456459249797,17.448817464005902,39505900,MSFT
2009-08-21,18.04770278930664,18.055096527930672,17.574514799060207,17.692811796621818,69011400,MSFT
2009-08-24,18.217742919921875,18.28428511485751,17.95157555038988,18.047691270735495,54180900,MSFT
2009-08-25,18.217742919921875,18.350827309793146,18.084658530050604,18.188169394511895,43980300,MSFT
2009-08-26,18.151203155517578,18.299075032999852,18.055087422301618,18.18077809509833,41079000,MSFT
2009-08-27,18.254716873168945,18.321259087364837,17.966366808249763,18.047696494536066,45495600,MSFT
2009-08-28,18.2473201751709,18.846198595511453,18.195565441466382,18.535668783073625,55808000,MSFT
2009-08-31,18.225139617919922,18.373011499650985,17.9589722050991,18.165991147269654,49592800,MSFT
2009-09-01,17.744556427001953,18.29168008094257,17.67062049318065,18.003331490271194,62608500,MSFT
2009-09-02,17.641050338745117,17.848069300773993,17.581901862421024,17.611475395477612,40771300,MSFT
2009-09-03,17.825885772705078,17.848065565302722,17.56711071411782,17.6780139077379,34120000,MSFT
2009-09-04,18.202972412109375,18.336055505455587,17.803718901435484,17.811112641656678,44999700,MSFT
2009-09-08,18.350830078125,18.365617548166043,18.047693993337468,18.202959608346873,53737100,MSFT
2009-09-09,18.321260452270508,18.44695115398085,18.23993075992527,18.2916855058864,49900300,MSFT
2009-09-10,18.483924865722656,18.52089215136948,18.22514963556023,18.336052902712254,46256000,MSFT
2009-09-11,18.38041114807129,18.609611369302616,18.343442460639633,18.432165900264373,54303500,MSFT
2009-09-14,18.483924865722656,18.550467108056182,18.217755896388553,18.22514963556023,42806800,MSFT
2009-09-15,18.631790161132812,18.68354490660196,18.380408760101783,18.46173704146285,44716600,MSFT
2009-09-16,18.631790161132812,18.742693388596845,18.446950978622414,18.668757433550475,50055800,MSFT
2009-09-17,18.705718994140625,18.764867458074413,18.52827360233926,18.52827360233926,42428800,MSFT
2009-09-18,18.676145553588867,18.838803477605836,18.557848625174593,18.824016009001397,68016500,MSFT
2009-09-21,18.705718994140625,18.757475134016982,18.557848539411463,18.565242273679516,28878700,MSFT
2009-09-22,19.05322265625,19.09018992747371,18.698331775742794,18.779660054477155,61376700,MSFT
2009-09-23,19.00885772705078,19.408110972529727,18.9571029900911,19.164123348140645,60599900,MSFT
2009-09-24,19.17890739440918,19.304598051816967,18.971887073322655,19.164119926429308,56302900,MSFT
2009-09-25,18.89055824279785,19.09018483869882,18.868378450060383,18.994069113011665,50158900,MSFT
2009-09-28,19.097579956054688,19.34156756531071,18.927528285102763,18.927528285102763,44358000,MSFT
2009-09-29,19.03843116760254,19.193695366243013,18.994070169449646,19.156728102817386,39050300,MSFT
2009-09-30,19.016250610351562,19.21587722414691,18.764869261915365,19.045825550266763,63533400,MSFT
2009-10-01,18.39519691467285,18.83141754781723,18.33604842595215,18.78705653382951,75958100,MSFT
2009-10-02,18.4543399810791,18.550457128390793,18.06248188727068,18.084661682641997,51219700,MSFT
2009-10-05,18.217742919921875,18.52827269288466,18.129020933481392,18.469124231854156,60804900,MSFT
2009-10-06,18.565258026123047,18.639192611115107,18.232546752811523,18.247334233894662,48795300,MSFT
2009-10-07,18.557849884033203,18.616998352252633,18.39519053877173,18.476520211402466,38472700,MSFT
2009-10-08,18.979291915893555,19.1493436665617,18.64658074266337,18.80924016522541,60521300,MSFT
2009-10-09,18.89055824279785,19.068005045961353,18.824016044164196,18.905345711429916,39520000,MSFT
2009-10-12,19.016250610351562,19.14194128456966,18.890559936133464,18.971889610689512,29145800,MSFT
2009-10-13,19.082799911499023,19.17891709175692,18.868387158220592,18.9201419121081,37749000,MSFT
2009-10-14,19.19370460510254,19.371151503549303,19.09019508951808,19.326789073831918,45365500,MSFT
2009-10-15,19.748218536376953,19.748218536376953,19.14933995097566,19.14933995097566,65620100,MSFT
2009-10-16,19.59294891357422,19.68906464624243,19.29720657050581,19.55598164951969,56500900,MSFT
2009-10-19,19.48943519592285,19.65209309658641,19.40810554048586,19.58555090763077,48143200,MSFT
2009-10-20,19.49683952331543,19.600349024508795,19.178915872265875,19.533806799395578,54604700,MSFT
2009-10-21,19.652101516723633,19.777792215247665,19.51162334538241,19.563378090031538,61672700,MSFT
2009-10-22,19.659488677978516,19.755604398722088,19.31938396798703,19.637307476171284,61600000,MSFT
2009-10-23,20.716773986816406,21.700118289877153,20.61326309529728,21.589215072731083,281761000,MSFT
2009-10-26,21.204748153686523,21.456129518091185,20.78331510459954,20.798101165285644,124149700,MSFT
2009-10-27,21.138208389282227,21.3526211012392,21.027305165151997,21.24171787710897,69685800,MSFT
2009-10-28,20.716773986816406,21.271291482757675,20.665019246162302,20.879431944616584,73542400,MSFT
2009-10-29,20.864646911621094,21.00512508853783,20.591085704700745,20.753743681512546,65225500,MSFT
2009-10-30,20.502357482910156,20.997726444486695,20.450602748302433,20.72416530149994,73371800,MSFT
2009-11-02,20.61326789855957,20.73895861666956,20.26577069447254,20.480184853100095,62428900,MSFT
2009-11-03,20.354494094848633,20.509758352684113,20.280558129598347,20.435822387433827,50294800,MSFT
2009-11-04,20.746349334716797,20.990336997865022,20.421033390659858,20.472788135841142,63898400,MSFT
2009-11-05,21.049488067626953,21.249114746623196,20.909011287780306,21.08645675459545,52681700,MSFT
2009-11-06,21.086442947387695,21.16777118504298,20.849849146553602,20.98293210186506,38908500,MSFT
2009-11-09,21.433948516845703,21.441342252364926,21.09384514422664,21.160387353688783,57518000,MSFT
2009-11-10,21.44873809814453,21.64836474617146,21.30086619363325,21.367408409642227,65881100,MSFT
2009-11-11,21.530071258544922,21.663154301812597,21.456135294366508,21.500496308789067,49693400,MSFT
2009-11-12,21.70751190185547,21.8036276467774,21.441343054054883,21.448736789850557,55352400,MSFT
2009-11-13,21.907142639160156,22.02544103144296,21.714911100952353,21.78884565708862,53037600,MSFT
2009-11-16,21.84060287475586,22.032834422241187,21.714912148962327,21.89235763063355,54129500,MSFT
2009-11-17,22.278745651245117,22.278745651245117,21.885153968153098,21.907433223724365,75648900,MSFT
2009-11-18,22.360435485839844,22.382713325611494,22.137647173011533,22.278746296158342,59431200,MSFT
2009-11-19,22.115365982055664,22.2787429202173,22.05595605759286,22.271316502603906,51967700,MSFT
2009-11-20,21.99654769897461,22.107941138216475,21.85544858716455,22.026251955098374,42647100,MSFT
2009-11-23,22.23418617248535,22.286169680133202,22.055956396359427,22.15992341165513,41832700,MSFT
2009-11-24,22.2119083404541,22.271318269630545,22.093088482101212,22.241614013264545,37341400,MSFT
2009-11-25,22.122785568237305,22.174769059034414,21.966833679402082,22.1376369824337,32033500,MSFT
2009-11-27,21.69949722290039,21.825743501823037,21.35046405949988,21.61780945402889,29357900,MSFT
2009-11-30,21.840600967407227,21.870306647070485,21.536124833082674,21.647518298930354,44172000,MSFT
2009-12-01,22.286169052124023,22.315873305752458,21.840593916143046,21.92228309239878,49904200,MSFT
2009-12-02,22.115365982055664,22.271316502603906,22.018823969525897,22.20448016052771,36308600,MSFT
2009-12-03,22.152494430541992,22.427266188885177,22.100510928909436,22.1599208474101,43095200,MSFT
2009-12-04,22.26389503479004,22.553519720325543,22.15250157871237,22.31587855319664,58810700,MSFT
2009-12-07,22.122785568237305,22.33814594674589,22.041096416159622,22.11535915291716,38082700,MSFT
2009-12-08,21.959413528442383,22.085659792011295,21.818314429996114,21.922282857693293,37402200,MSFT
2009-12-09,22.06338119506836,22.13764395521674,21.721774481407877,21.885151420578843,44713300,MSFT
2009-12-10,22.182209014892578,22.249043960683696,22.026257030860624,22.063387713682886,45940200,MSFT
2009-12-11,22.1673526763916,22.2787461237213,22.122795580748626,22.25646686767755,43744200,MSFT
2009-12-14,22.360435485839844,22.397566163088957,22.204483525215572,22.211909943954304,34651200,MSFT
2009-12-15,22.29360008239746,22.434697795104505,22.18963163207512,22.1970580511299,49473200,MSFT
2009-12-16,22.353012084960938,22.58322543116433,22.30845498295748,22.330732825736842,55737800,MSFT
2009-12-17,21.981693267822266,22.24903721931688,21.959414015012577,22.24161221815798,43691200,MSFT
2009-12-18,22.54608726501465,22.61292360405673,22.130216396209647,22.15992206531469,94118000,MSFT
2009-12-21,22.66490936279297,22.902549073491837,22.553515925458424,22.575793763058687,40129100,MSFT
2009-12-22,22.8876953125,22.969384490918078,22.679761282263943,22.724318372108193,36321000,MSFT
2009-12-23,22.96195411682129,22.984233366126837,22.791150788144407,22.806002204570667,28362700,MSFT
2009-12-24,23.021371841430664,23.021371841430664,22.843142035857454,22.932256230421768,11083900,MSFT
2009-12-28,23.147607803344727,23.15503421898585,22.939672414725116,23.021361570333525,25384000,MSFT
2009-12-29,23.310997009277344,23.392686208028,23.19217712915532,23.281292747469188,29716200,MSFT
2009-12-30,22.991661071777344,23.2367285936456,22.87284122771991,23.132760167762147,42006200,MSFT
2009-12-31,22.635204315185547,23.01394314572704,22.635204315185547,23.00651672750727,31929700,MSFT
2010-01-04,22.984235763549805,23.095629188808477,22.71689040977359,22.739169661403025,38409100,MSFT
2010-01-05,22.991661071777344,23.0956294976608,22.754021383662476,22.909973314265528,49749600,MSFT
2010-01-06,22.85055923461914,23.080772463538004,22.664903085003665,22.93224697726802,58182400,MSFT
2010-01-07,22.61292266845703,22.798578843349308,22.419840076595758,22.74659392456634,50559700,MSFT
2010-01-08,22.768878936767578,22.932255902092752,22.456976427368932,22.486682102761453,51197400,MSFT
2010-01-11,22.479248046875,22.84313394814039,22.36785463488667,22.806001866514894,68754700,MSFT
2010-01-12,22.330730438232422,22.575796597717137,22.211910567963745,22.39014037336676,65912100,MSFT
2010-01-13,22.538665771484375,22.664912059871757,22.28617319470962,22.471829417841377,51863500,MSFT
2010-01-14,22.991661071777344,23.0956294976608,22.47182460813714,22.50895527823849,63228100,MSFT
2010-01-15,22.91740608215332,23.199602935877444,22.806011208092418,23.080783058894163,79913200,MSFT
2010-01-19,23.095630645751953,23.199597660359373,22.783728185485355,22.835711692789065,46575700,MSFT
2010-01-20,22.716894149780273,22.97681312913856,22.508958683004746,22.880271105961018,54849500,MSFT
2010-01-21,22.286169052124023,22.813431947916428,22.278742634605837,22.731744188105004,73086700,MSFT
2010-01-22,21.50640869140625,22.427264482780743,21.417294528656512,22.27873898960574,102004600,MSFT
2010-01-25,21.773759841918945,22.02625239804852,21.610382888841645,21.714349912032247,63373000,MSFT
2010-01-26,21.90742301940918,22.167341880894327,21.602947083980354,21.684636233246962,66639900,MSFT
2010-01-27,22.03367042541504,22.145063824475887,21.550964751855417,21.79603079636685,63949500,MSFT
2010-01-28,21.654937744140625,22.182202056781993,21.454428720328654,22.159922804210336,117513700,MSFT
2010-01-29,20.92717170715332,22.21933897423136,20.541006386018815,22.204486135008175,193888500,MSFT
2010-02-01,21.097972869873047,21.149956385192752,20.734086846190554,21.083120032226113,85931100,MSFT
2010-02-02,21.13510513305664,21.164810810578963,20.897465378656726,21.068270191520746,54413700,MSFT
2010-02-03,21.261350631713867,21.380171920899212,20.882613172630666,20.986580207167652,61397900,MSFT
2010-02-04,20.67467498779297,21.164807252967183,20.65239573339617,21.075691651824403,77850000,MSFT
2010-02-05,20.808345794677734,21.001428399277394,20.47416409124673,20.793492959759845,80960100,MSFT
2010-02-08,20.585567474365234,20.852912966384583,20.4741739915055,20.800929435479706,52820600,MSFT
2010-02-09,20.800918579101562,21.04598468006651,20.607835981910355,20.771212910405573,59195800,MSFT
2010-02-10,20.786067962646484,20.971724162473386,20.674674526039222,20.815773634512098,48591300,MSFT
2010-02-11,20.88260841369629,21.090542435384215,20.570705964720112,20.74150931580499,65993700,MSFT
2010-02-12,20.741512298583984,20.838052905901716,20.48159331765157,20.652396693299202,81117200,MSFT
2010-02-16,21.151865005493164,21.16678729744988,20.905652880479725,20.987722640105478,51935600,MSFT
2010-02-17,21.330928802490234,21.375694256473228,21.15932670966533,21.286163348507245,45882900,MSFT
2010-02-18,21.614444732666016,21.65921160866262,21.271240555100576,21.33092830002796,42856500,MSFT
2010-02-19,21.465227127075195,21.57714147637991,21.40553937924147,21.480149419800668,44451800,MSFT
2010-02-22,21.435382843017578,21.59206407270173,21.37569509434461,21.517454031093475,36707100,MSFT
2010-02-23,21.13693618774414,21.50998483307889,20.95787300875158,21.398070524091995,52266200,MSFT
2010-02-24,21.360776901245117,21.480153844571596,21.174252472958397,21.27870712048551,43165900,MSFT
2010-02-25,21.33838653564453,21.375690837485607,20.905650088175708,21.09217444351689,48735300,MSFT
2010-02-26,21.390613555908203,21.52491132213473,21.271238079944162,21.375691265645717,40370600,MSFT
2010-03-01,21.651752471923828,21.674134488931067,21.28616482243392,21.465228073832964,43805400,MSFT
2010-03-02,21.23393440246582,21.86065642326321,21.069793462949576,21.696515483746968,93123900,MSFT
2010-03-03,21.23393440246582,21.34585016716169,21.15186464424173,21.271240131720464,48442100,MSFT
2010-03-04,21.360776901245117,21.375699197044487,21.09218269219879,21.23394023308741,42890600,MSFT
2010-03-05,21.330928802490234,21.398077694998786,21.204092163648323,21.383155402648413,56001800,MSFT
2010-03-08,21.360776901245117,21.584607069030255,21.263784824686145,21.27870712048551,39414500,MSFT
2010-03-09,21.48760223388672,21.71889342755676,21.30107790399858,21.308539047962228,50271600,MSFT
2010-03-10,21.614444732666016,21.718899353590007,21.48760809681181,21.532374972808416,44891400,MSFT
2010-03-11,21.771121978759766,21.77858312339736,21.524909897990472,21.554753053473018,35349700,MSFT
2010-03-12,21.838275909423828,21.92034567328745,21.666673812264793,21.875580218173823,31700200,MSFT
2010-03-15,21.853199005126953,21.91288675516101,21.644291168473636,21.77112781517954,37512000,MSFT
2010-03-16,21.912883758544922,22.002414659818438,21.786047129184098,21.950188063564216,36723500,MSFT
2010-03-17,22.106868743896484,22.285933399801223,21.935266656978193,22.009876693093823,50385700,MSFT
2010-03-18,22.09194564819336,22.174015398886407,22.009874474432383,22.106866515457956,43845200,MSFT
2010-03-19,22.077024459838867,22.308314279266206,21.897961236114348,22.20386108786057,81332100,MSFT
2010-03-22,22.084489822387695,22.159099868953287,21.92780858229312,22.0098797758221,37718200,MSFT
2010-03-23,22.293386459350586,22.30830874672718,21.94272124440644,22.07701898466052,42026600,MSFT
2010-03-24,22.121789932250977,22.271009997038817,22.08448562758802,22.17401652800632,33987700,MSFT
2010-03-25,22.390390396118164,22.808204676972462,22.233709151380104,22.25609259293363,73168700,MSFT
2010-03-26,22.12925148010254,22.532144808513426,22.07702488339773,22.450073629081274,55595500,MSFT
2010-03-29,22.077024459838867,22.2486265380247,22.047179877684112,22.166555360167127,33336000,MSFT
2010-03-30,22.211322784423828,22.278471672869873,22.009876119085696,22.10686816735885,34954800,MSFT
2010-03-31,21.853199005126953,22.17401977214239,21.763666668541756,22.114332022108332,63760000,MSFT
2010-04-01,21.756206512451172,22.039724405322517,21.353314537144886,21.897965458886844,74768100,MSFT
2010-04-05,21.838275909423828,21.957651405105604,21.659212665901165,21.733821283401156,34331200,MSFT
2010-04-06,21.875577926635742,22.06956344256505,21.621904669118027,21.748741297876883,47366800,MSFT
2010-04-07,21.89796257019043,22.054642366844188,21.74128135046858,21.756203642455056,58318800,MSFT
2010-04-08,22.323240280151367,22.368005737754885,21.860659141354226,21.875581434911478,63713800,MSFT
2010-04-09,22.636587142944336,22.688813714595582,22.308304005764203,22.345609716277483,54752500,MSFT
2010-04-12,22.621679306030273,22.748515956644713,22.539608113553797,22.56945270102461,37068800,MSFT
2010-04-13,22.718669891357422,22.755974197864397,22.479917491281334,22.494839783111356,41374600,MSFT
2010-04-14,22.994728088378906,23.1290258857289,22.87535258474964,22.972346070866077,68941200,MSFT
2010-04-15,23.03203773498535,23.091725496938764,22.912660788010033,22.994731994346658,52745400,MSFT
2010-04-16,22.882810592651367,23.11410042132227,22.8305839948613,22.972342919625813,88703100,MSFT
2010-04-19,23.158870697021484,23.315550513398755,22.949962852116855,22.957423999049336,64970300,MSFT
2010-04-20,23.39760971069336,23.45729743248319,23.22600626536351,23.29315513026051,52199500,MSFT
2010-04-21,23.375246047973633,23.502082741916247,23.300635976877608,23.375246047973633,55343100,MSFT
2010-04-22,23.419998168945312,23.52445277815447,23.054410594383096,23.158865203592253,84847600,MSFT
2010-04-23,23.09918212890625,23.561763289404723,22.86789226019117,23.218559059896425,126766600,MSFT
2010-04-26,23.211090087890625,23.33792670018224,23.024565741759886,23.129018920211397,63649300,MSFT
2010-04-27,23.017108917236328,23.31554764244602,22.942498880166884,23.091718954305776,68730900,MSFT
2010-04-28,23.061874389648438,23.12902328076061,22.845506847339955,23.069335535668465,64557900,MSFT
2010-04-29,23.129016876220703,23.449838950904276,22.88280481800945,23.076790291610394,52665200,MSFT
2010-04-30,22.785808563232422,23.188700300489696,22.7708862780943,23.181239157920633,63214800,MSFT
2010-05-03,23.024566650390625,23.173785279343214,22.815658862175543,22.882807743277965,43989500,MSFT
2010-05-04,22.479923248291016,22.793284341631452,22.196406746253686,22.77090232122256,82085600,MSFT
2010-05-05,22.27100944519043,22.450072664658066,22.151633965545336,22.211321705367883,66833800,MSFT
2010-05-06,21.621906280517578,22.293393779197554,20.823582143626084,22.077026233465038,128613000,MSFT
2010-05-07,21.047401428222656,21.59951461112673,20.38337537247158,21.584592325520138,173718100,MSFT
2010-05-10,21.592060089111328,21.994951962555966,21.420456598151585,21.644286681681198,86653300,MSFT
2010-05-11,21.54729461669922,22.121790018380757,21.31600479613876,21.39807597439841,63789400,MSFT
2010-05-12,21.965112686157227,22.069565889752237,21.57714161127837,21.621907066666495,47146800,MSFT
2010-05-13,21.815885543823242,22.181473061158734,21.771120102922573,21.830807831812702,45188800,MSFT
2010-05-14,21.584590911865234,21.793497204405554,21.368222053942883,21.786037485158307,63334000,MSFT
2010-05-17,21.592060089111328,21.808427604481913,21.226472518054337,21.726357854615514,46053300,MSFT
2010-05-18,21.434673309326172,21.734458660119614,21.284779919184796,21.637028957170237,52690600,MSFT
2010-05-19,21.16486930847168,21.50212877778891,20.827611268644,21.37471980376791,61746700,MSFT
2010-05-20,20.317975997924805,20.86508454988811,20.265513729858405,20.72268594407246,87991100,MSFT
2010-05-21,20.11561393737793,20.317969561089267,19.81582862233658,19.958225753550508,117596300,MSFT
2010-05-24,19.68842124938965,20.130605160274264,19.68092643723186,20.123110348116477,73711700,MSFT
2010-05-25,19.538532257080078,19.733393128515548,19.021401537866307,19.223757223144247,98373600,MSFT
2010-05-26,18.74410057067871,19.943243625014208,18.40684109525981,19.65844641699612,176684100,MSFT
2010-05-27,19.48607063293457,19.75587822221188,19.283714940976587,19.283714940976587,136433600,MSFT
2010-05-28,19.33617401123047,19.576003733961567,19.231249490309565,19.366153262630377,67496900,MSFT
2010-06-01,19.40361976623535,19.71839465902488,19.126318925854658,19.133813736336425,76152400,MSFT
2010-06-02,19.830814361572266,19.845803982841396,19.283706050649588,19.531029083634426,65718800,MSFT
2010-06-03,20.13060760498047,20.183069866966854,19.79334816436881,19.898272688341578,67837000,MSFT
2010-06-04,19.32868194580078,19.91326309306492,19.20127297764254,19.561015442034236,89832200,MSFT
2010-06-07,18.953950881958008,19.358660818960868,18.916476813121918,19.35116600519365,80456200,MSFT
2010-06-08,18.819040298461914,18.931459605401773,18.4742861370921,18.923964794340577,87355000,MSFT
2010-06-09,18.579214096069336,19.126322498019665,18.549234848543136,18.901482430040772,87794000,MSFT
2010-06-10,18.736604690551758,18.84902403279717,18.571723083891122,18.83403440596725,78930900,MSFT
2010-06-11,19.231246948242188,19.276214389908677,18.564224417147354,18.766580048880346,68057700,MSFT
2010-06-14,19.111337661743164,19.45609051772158,19.088853220466046,19.381145239110314,50972400,MSFT
2010-06-15,19.920757293701172,19.973219556125137,19.291207285634727,19.29870209876521,81641500,MSFT
2010-06-16,19.725893020629883,19.92075383976853,19.658441143639998,19.83831233911663,48698000,MSFT
2010-06-17,19.76337242126465,19.98821111900567,19.516049281953695,19.905769596072158,47995500,MSFT
2010-06-18,19.815828323364258,19.88328019691702,19.613472702705973,19.763366072709694,52075600,MSFT
2010-06-21,19.44859504699707,20.153090310893376,19.403626169267124,20.070650227367285,54625300,MSFT
2010-06-22,19.31369400024414,19.823329917238507,19.30619918623074,19.60598459931872,55985400,MSFT
2010-06-23,18.96894073486328,19.321189865205135,18.901488834563338,19.321189865205135,61466200,MSFT
2010-06-24,18.736604690551758,19.27621839102343,18.684142426136532,19.081357530702952,85243400,MSFT
2010-06-25,18.384363174438477,18.819052491196782,18.21948008324362,18.774083595694567,156256700,MSFT
2010-06-28,18.21947479248047,18.444314916230198,18.077077619877485,18.36936820831362,73784800,MSFT
2010-06-29,17.470003128051758,18.137026971841465,17.320111205579458,18.084563298012768,119882100,MSFT
2010-06-30,17.245168685913086,17.74730967767027,17.200201241282542,17.462512526201802,81050500,MSFT
2010-07-01,17.357585906982422,17.477500031112697,17.035316162323884,17.305123656361566,92239400,MSFT
2010-07-02,17.440025329589844,17.597412062737583,17.27514235640008,17.507477195078575,62485100,MSFT
2010-07-06,17.852222442626953,18.05457795452293,17.672351352993314,17.76228761255431,73592000,MSFT
2010-07-07,18.21197509765625,18.22696472112003,17.694845953558335,17.852232711460527,79965300,MSFT
2010-07-08,18.294416427612305,18.45180461354454,17.964651861912184,18.436814990219723,50758100,MSFT
2010-07-09,18.189495086669922,18.29441960921283,18.099558760569277,18.23446253497554,53806100,MSFT
2010-07-12,18.609193801879883,18.654161248241614,18.301913631010905,18.30940844365275,49854200,MSFT
2010-07-13,18.834028244018555,18.961437171409376,18.661651880339512,18.84152305498143,61928700,MSFT
2010-07-14,19.066368103027344,19.19377706388109,18.8265398071825,19.1113355511259,72808100,MSFT
2010-07-15,19.11882972717285,19.17878679913678,18.721613231980985,19.11133491449119,56934700,MSFT
2010-07-16,18.654159545898438,19.21625757733682,18.646664733940554,19.118827880862753,65064800,MSFT
2010-07-19,18.908981323242188,18.961443588247306,18.669153009224786,18.706625647231437,38181800,MSFT
2010-07-20,19.096349716186523,19.096349716186523,18.511768486388572,18.631682658115828,45530700,MSFT
2010-07-21,18.8265380859375,19.223753128556005,18.721612143981346,19.186280496814767,73297300,MSFT
2010-07-22,19.36614990234375,19.47856921660837,19.08884759296782,19.118826839165926,73016400,MSFT
2010-07-23,19.34366798400879,19.501056188044355,18.923968489062823,19.36615242158225,108520100,MSFT
2010-07-26,19.561016082763672,19.635962789339224,19.336175963037014,19.38114484467606,67249900,MSFT
2010-07-27,19.605981826782227,19.665938900921123,19.456088426690275,19.59099220087515,60672100,MSFT
2010-07-28,19.44859504699707,19.62846626944864,19.358658721026583,19.538529943478153,69704800,MSFT
2010-07-29,19.508546829223633,19.793342496812077,19.18627710702551,19.583492079464946,69446200,MSFT
2010-07-30,19.34366798400879,19.36615242158225,18.99891518481836,19.298700538351195,83534800,MSFT
2010-08-02,19.733394622802734,19.770867265363076,19.29870539345024,19.478576650821307,55044600,MSFT
2010-08-03,19.605981826782227,19.74838041392064,19.463583239643814,19.635961078596377,56877700,MSFT
2010-08-04,19.283708572387695,19.66593538780075,19.06636475351899,19.59848351275791,78531900,MSFT
2010-08-05,19.013906478881836,19.17129326724327,18.893990897453353,19.103841378091385,64922100,MSFT
2010-08-06,19.148807525634766,19.156302338307512,18.751592460404698,18.87150660418993,55982100,MSFT
2010-08-09,19.19378089904785,19.28371581321513,19.013909641223606,19.148812012474526,57096500,MSFT
2010-08-10,18.789073944091797,18.99142969309915,18.64667529521736,18.98393487689628,87257700,MSFT
2010-08-11,18.63167381286621,18.661651626821435,18.40683377550149,18.49677007634518,76746900,MSFT
2010-08-12,18.3543758392334,18.496774420055818,18.256946134137646,18.30191358037497,70240500,MSFT
2010-08-13,18.286930084228516,18.489285804352555,18.167015901078674,18.249457438052872,45263500,MSFT
2010-08-16,18.361865997314453,18.444307485759275,18.211972641867312,18.256941506194842,40909700,MSFT
2010-08-17,18.618051528930664,18.806417091645617,18.535171658574416,18.618051528930664,52912600,MSFT
2010-08-18,18.7009334564209,18.79888435706469,18.392014038295546,18.595449197680118,46818900,MSFT
2010-08-19,18.414615631103516,18.640653704727775,18.24131824173556,18.55023905012408,54064600,MSFT
2010-08-20,18.256385803222656,18.384474413954553,18.23378286063841,18.316662711972086,49560100,MSFT
2010-08-23,18.294057846069336,18.565303188367363,18.263918676305824,18.41461165089395,51643000,MSFT
2010-08-24,18.11322784423828,18.34680067054295,18.083088673301024,18.150900370795085,66522500,MSFT
2010-08-25,18.158435821533203,18.248850463391776,17.98513989370859,18.08308932857451,47404800,MSFT
2010-08-26,17.947463989257812,18.226245551945215,17.92486104979307,18.150899067128513,49105300,MSFT
2010-08-27,18.030344009399414,18.09815569729593,17.713889944920528,17.992670051059925,60939400,MSFT
2010-08-30,17.811838150024414,17.94746151658634,17.78170042251869,17.887184624460424,45453100,MSFT
2010-08-31,17.683752059936523,17.879652346156686,17.570733050955763,17.781702921603937,66074600,MSFT
2010-09-01,18.007741928100586,18.045415891238733,17.736496579079684,17.834446009009362,65235900,MSFT
2010-09-02,18.037883758544922,18.04541855228366,17.86458637678387,17.992674996112495,48837100,MSFT
2010-09-03,18.301593780517578,18.422147592864672,18.233782081432988,18.26391981596236,64189100,MSFT
2010-09-07,18.052953720092773,18.309130984451325,18.022815979229176,18.158439405903128,51928700,MSFT
2010-09-08,18.030344009399414,18.23377907308896,17.887185841938486,18.135828218520853,65512400,MSFT
2010-09-09,18.090627670288086,18.24131924865071,18.075558081317293,18.22625109679502,46028900,MSFT
2010-09-10,17.970067977905273,18.105691360224615,17.924860662837037,18.068017400072222,58284300,MSFT
2010-09-13,18.9194278717041,19.05505123721107,18.150896425240916,18.233777690187278,114680400,MSFT
2010-09-14,18.85915756225586,19.100265213035254,18.753671887203655,18.866692355982085,87160400,MSFT
2010-09-15,18.926971435546875,19.002316507205162,18.77627841800006,18.91190184636917,56201900,MSFT
2010-09-16,19.0851993560791,19.115338536875175,18.874229401852325,18.881764197051343,44548300,MSFT
2010-09-17,19.00231170654297,19.23588596844285,18.896827483178352,19.137935100648768,70341600,MSFT
2010-09-20,19.16054344177246,19.228355152851186,18.919435774432582,19.047524402346276,49838700,MSFT
2010-09-21,18.949573516845703,19.15300865010928,18.89683139424738,19.15300865010928,52675700,MSFT
2010-09-22,18.54270362854004,18.81394902028677,18.354338094522735,18.753672106885833,94299400,MSFT
2010-09-23,18.407087326049805,18.527641199430043,18.354345186085393,18.467364262739924,46201800,MSFT
2010-09-24,18.670791625976562,18.685859775987634,18.52009862894645,18.565305953209513,51948800,MSFT
2010-09-27,18.63311195373535,18.82901221505472,18.527627750376645,18.72352801169602,43603300,MSFT
2010-09-28,18.595441818237305,18.761202935779824,18.346799423366193,18.685856450673345,56041200,MSFT
2010-09-29,18.459821701049805,18.580375523720118,18.384475202602125,18.557771143051337,44318900,MSFT
2010-09-30,18.452285766601562,18.708462983215455,18.354336330656174,18.542701846571397,61262700,MSFT
2010-10-01,18.36940574645996,18.70092947972449,18.30912883469504,18.663256948789517,62672300,MSFT
2010-10-04,18.015274047851562,18.07555094281473,17.917324632454367,18.05294656828559,98143400,MSFT
2010-10-05,18.346799850463867,18.42214633732435,18.015276170546574,18.128295182279945,78152900,MSFT
2010-10-06,18.407087326049805,18.489968652917042,18.18104773562521,18.324205999182567,50489700,MSFT
2010-10-07,18.482425689697266,18.64818683307434,18.29406016613086,18.55023739315036,50096100,MSFT
2010-10-08,18.51256561279297,18.572842529969275,18.361874038409738,18.550239584225075,41327800,MSFT
2010-10-11,18.527629852294922,18.640648859731645,18.459818160409956,18.640648859731645,27587800,MSFT
2010-10-12,18.708463668823242,18.783810165373517,18.40707911973703,18.572840262455724,50141500,MSFT
2010-10-13,19.092735290527344,19.24342832926896,18.753676671916367,18.851627578233018,75336500,MSFT
2010-10-14,19.00984764099121,19.092728928392688,18.836551710165253,19.055056399818294,51949100,MSFT
2010-10-15,19.243419647216797,19.250953002351263,19.009845398837435,19.1077962609616,68954800,MSFT
2010-10-18,19.454387664794922,19.552338524819838,19.175607543124773,19.281091758122706,48330500,MSFT
2010-10-19,18.911901473999023,19.115336612547104,18.798882431621788,19.03999010525725,66150900,MSFT
2010-10-20,19.070127487182617,19.137939198756396,18.911901118253844,19.03245495280388,56283600,MSFT
2010-10-21,19.153011322021484,19.243427428457014,18.874229644534257,19.137941731429688,50032400,MSFT
2010-10-22,19.122873306274414,19.243428601240737,19.039993427198958,19.22835900973053,25837900,MSFT
2010-10-25,18.97970962524414,19.10026343943956,18.964640039191007,19.01738215326215,50912400,MSFT
2010-10-26,19.514677047729492,19.56741918896709,18.88176847864719,18.92697726009276,69304200,MSFT
2010-10-27,19.627689361572266,19.672898127434657,19.303701828915532,19.431790457962173,64805500,MSFT
2010-10-28,19.800983428955078,19.876328485167303,19.529736627823624,19.748239877645762,80730300,MSFT
2010-10-29,20.09484100341797,20.49417656769907,19.951682754016762,20.456502587795917,114193200,MSFT
2010-11-01,20.305805206298828,20.509238891475203,20.117439671684238,20.253061649430162,61912100,MSFT
2010-11-02,20.637317657470703,20.659922028191485,20.358537604152534,20.388675327999284,54402100,MSFT
2010-11-03,20.366085052490234,20.71267699627314,20.313341488026794,20.690072611503094,110255300,MSFT
2010-11-04,20.448959350585938,20.66746403248041,20.351009917501553,20.652394446739798,93599300,MSFT
2010-11-05,20.23046112060547,20.486638393238817,19.989353437448237,20.4715688037627,110953700,MSFT
2010-11-08,20.200321197509766,21.75245436560817,20.02702523626381,20.1023717437536,71670800,MSFT
2010-11-09,20.305805206298828,20.426359033482967,20.12497302840764,20.200319529676474,58538600,MSFT
2010-11-10,20.29827117919922,20.403755422691116,20.200320292715286,20.35101330094517,52277300,MSFT
2010-11-11,20.102375030517578,20.132512776171996,19.80099038839673,20.102375030517578,62073100,MSFT
2010-11-12,19.793445587158203,19.981811072904783,19.665356999365944,19.944137113486704,64962200,MSFT
2010-11-15,19.740705490112305,19.9667435211664,19.718101112160994,19.838654920338477,51794600,MSFT
2010-11-16,19.566356658935547,19.740718940522957,19.445062038841826,19.740718940522957,65339200,MSFT
2010-11-17,19.384401321411133,19.642152572320956,19.369239142899985,19.63457148306538,58299700,MSFT
2010-11-18,19.58909034729004,19.77103218831173,19.41472959705407,19.49053761302086,59514000,MSFT
2010-11-19,19.475374221801758,19.581506586439605,19.407145859978847,19.55876331718363,52423200,MSFT
2010-11-22,19.505699157714844,19.513280248253036,19.28585331588791,19.445051879354462,53350500,MSFT
2010-11-23,19.043262481689453,19.407146118971056,19.02051921212996,19.384402849411565,69742500,MSFT
2010-11-24,19.23278045654297,19.301007355829626,19.073580502354982,19.10390485398876,56825900,MSFT
2010-11-26,19.14181137084961,19.263105901484355,19.08116410553224,19.111487015218493,21356500,MSFT
2010-11-29,19.187305450439453,19.27069602156097,18.899231166662776,19.096335232802833,56603600,MSFT
2010-11-30,19.149396896362305,19.308595462474813,18.952292876928823,18.990196884304602,75282100,MSFT
2010-12-01,19.740707397460938,19.89990595101542,19.37682230400982,19.384403394076,74123500,MSFT
2010-12-02,20.385082244873047,20.453310603154883,19.862000092638905,19.892323004128084,91759200,MSFT
2010-12-03,20.483640670776367,20.51396359071861,20.301698813286855,20.3244406417572,52622000,MSFT
2010-12-06,20.34718132019043,20.453313695365477,20.28653404209824,20.415409688787292,36264200,MSFT
2010-12-07,20.369922637939453,20.56702518837527,20.35476045838438,20.52912118543262,57860500,MSFT
2010-12-08,20.64283561706543,20.650416707201718,20.316855970930533,20.339599241339396,41666800,MSFT
2010-12-09,20.529125213623047,20.726229248679314,20.476059020712764,20.680744147034115,47148300,MSFT
2010-12-10,20.726232528686523,20.771717637529918,20.551871739832237,20.612519033605274,37625800,MSFT
2010-12-13,20.657995223999023,20.809614115947625,20.597347956408566,20.673157402382866,47943900,MSFT
2010-12-14,20.93848419189453,21.037035433384883,20.665570837083504,20.70347482705413,64070500,MSFT
2010-12-15,21.112855911254883,21.218988295485573,20.870266778187418,20.870266778187418,69634200,MSFT
2010-12-16,21.218984603881836,21.218984603881836,20.968814423186572,21.044623875567417,57680200,MSFT
2010-12-17,21.1507625579834,21.294800415929235,21.037049068424256,21.165924742176745,87456500,MSFT
2010-12-20,21.08252716064453,21.21898388109288,20.983975888067945,21.18866096874046,52811000,MSFT
2010-12-21,21.279632568359375,21.332698752967538,21.04462455968961,21.112852924455844,38153000,MSFT
2010-12-22,21.3705997467041,21.529798267329085,21.211399780134336,21.234143045628525,42252300,MSFT
2010-12-23,21.453990936279297,21.469153114765202,21.196239685798634,21.203820775041585,24902500,MSFT
2010-12-27,21.279632568359375,21.378185293441753,21.135594748747867,21.31753801875455,21652800,MSFT
2010-12-28,21.234146118164062,21.35544065979457,21.196240670188907,21.20382175978394,23042200,MSFT
2010-12-29,21.20382308959961,21.317537994711806,21.135594724910323,21.181081265333233,19502500,MSFT
2010-12-30,21.112855911254883,21.226569386637095,21.059789719139534,21.165922103370228,20786100,MSFT
2010-12-31,21.158340454101562,21.16592154505311,20.94607424529407,21.074949899579824,24752000,MSFT
2011-01-03,21.211400985717773,21.363019872406973,21.165915898088958,21.264467162275533,53443800,MSFT
2011-01-04,21.294790267944336,21.355437529870926,21.112848482164562,21.181076832575076,54405600,MSFT
2011-01-05,21.226573944091797,21.234155036871016,21.052213148006558,21.150764462245206,58998700,MSFT
2011-01-06,21.84819793701172,21.87094120373684,21.120430753146156,21.256887461607164,88026300,MSFT
2011-01-07,21.681425094604492,21.78755748059983,21.416092683670833,21.71174801376945,73762000,MSFT
2011-01-10,21.393352508544922,21.52980927941553,21.256897183619838,21.423676878047512,57573600,MSFT
2011-01-11,21.30995750427246,21.4160898763555,21.26447096256962,21.37818587088159,50298900,MSFT
2011-01-12,21.64351463317871,21.673838991276515,21.279631011674955,21.31753645929721,52631100,MSFT
2011-01-13,21.3705997467041,21.52221717883102,21.234143045628525,21.476732093787422,67077600,MSFT
2011-01-14,21.453990936279297,21.514638204277986,21.1583356855288,21.28721131076913,62688400,MSFT
2011-01-18,21.726911544799805,21.787558832839103,21.33270344957168,21.347865633067855,53322700,MSFT
2011-01-19,21.582866668701172,21.742066651703908,21.43124922092397,21.575285579420573,50005900,MSFT
2011-01-20,21.491899490356445,21.643516959305536,21.32511839478377,21.605612953554548,58613600,MSFT
2011-01-21,21.241729736328125,21.552547216998462,21.241729736328125,21.52980394550606,58080300,MSFT
2011-01-24,21.514638900756836,21.65109561965754,21.21898364043529,21.241726908900397,52047800,MSFT
2011-01-25,21.56770896911621,21.56770896911621,21.31753877145512,21.332699506203415,42436600,MSFT
2011-01-26,21.817880630493164,21.977079200619094,21.605614424380022,21.61319551523534,74628800,MSFT
2011-01-27,21.886112213134766,22.33338507165547,21.59803650215041,21.795140555469853,146938600,MSFT
2011-01-28,21.037036895751953,21.931585002309845,20.809610048229786,21.908841739179774,141249400,MSFT
2011-01-31,21.021881103515625,21.150756741829166,20.786873096924488,21.052205463563553,65029000,MSFT
2011-02-01,21.218984603881836,21.272050786764915,20.93091041996867,21.074946788952733,62810700,MSFT
2011-02-02,21.181081771850586,21.30995741424056,21.135595230339923,21.17350068159881,45824000,MSFT
2011-02-03,20.961233139038086,21.203822227651898,20.87784404354273,21.203822227651898,60340100,MSFT
2011-02-04,21.052204132080078,21.10527031286261,20.85510014206996,20.999137951297545,40412200,MSFT
2011-02-07,21.37818145751953,21.484313807692356,21.067364049774973,21.074943692548896,68980900,MSFT
2011-02-08,21.43882942199707,21.4843145098513,21.264467267656933,21.302372712489518,34904200,MSFT
2011-02-09,21.20382308959961,21.423670363808434,21.15833799512178,21.37060417926012,52905100,MSFT
2011-02-10,20.847524642944336,21.181085442096148,20.688326057906536,21.173504350530724,76672400,MSFT
2011-02-11,20.657995223999023,21.082526097132227,20.521538510434265,21.044622097117532,83939700,MSFT
2011-02-14,20.64283561706543,20.67315997761058,20.430570877029755,20.627673436792854,56766200,MSFT
2011-02-15,20.55895233154297,20.84110477496836,20.551327887077946,20.619959523195163,44116500,MSFT
2011-02-16,20.604703903198242,20.642831936416773,20.284423478892368,20.627580141332867,70817900,MSFT
2011-02-17,20.74959373474121,20.87160665351509,20.52082260283438,20.56657653831747,57207300,MSFT
2011-02-18,20.635204315185547,20.749589859777583,20.581824491342,20.68858413902909,68667800,MSFT
2011-02-22,20.276798248291016,20.665710308775257,20.223418418232814,20.42168739737133,60889000,MSFT
2011-02-23,20.276798248291016,20.48269312522231,20.15478679258905,20.2310443160256,60234100,MSFT
2011-02-24,20.414060592651367,20.635205800852216,20.20816572486728,20.31492538024071,64494200,MSFT
2011-02-25,20.246292114257812,20.551322169693314,20.208164084573923,20.520818582353325,53006300,MSFT
2011-02-28,20.26917266845703,20.48269344653057,20.215792837561473,20.353056091002227,51379900,MSFT
2011-03-01,19.948898315429688,20.421693948820018,19.94127241519045,20.284430653497285,60055000,MSFT
2011-03-02,19.88789176940918,20.109038503991602,19.857389624168803,19.910769469208233,48658200,MSFT
2011-03-03,19.979393005371094,20.13190657865792,19.964141211695082,20.025146931908033,68271500,MSFT
2011-03-04,19.78875160217285,20.00989681099769,19.674364594531458,19.994645016046675,70437200,MSFT
2011-03-07,19.613357543945312,20.032773149811028,19.48372020460371,19.92601204685898,64980400,MSFT
2011-03-08,19.758256912231445,19.84214036775549,19.559987852033075,19.65149720846766,50549800,MSFT
2011-03-09,19.742998123168945,19.811629752582505,19.5676068277749,19.681992391967043,39789100,MSFT
2011-03-10,19.376972198486328,19.60574342678216,19.331218243725562,19.537113221887008,66549500,MSFT
2011-03-11,19.582860946655273,19.712498322645263,19.33883799290742,19.376966033996194,49905800,MSFT
2011-03-14,19.59048843383789,19.64386827748593,19.331213660840284,19.43797334813636,54473400,MSFT
2011-03-15,19.361709594726562,19.42271531854034,19.06430687294579,19.125312596759567,76067300,MSFT
2011-03-16,18.904176712036133,19.277837136399935,18.82029325500829,19.23208173011644,100725400,MSFT
2011-03-17,18.89654541015625,19.23207623338555,18.87366771355319,19.110064760485532,62497000,MSFT
2011-03-18,18.91179084777832,19.201569111617474,18.91179084777832,19.110059803433764,85486700,MSFT
2011-03-21,19.31595802307129,19.506601115069422,19.178694764114013,19.20157245877068,46878100,MSFT
2011-03-22,19.29308319091797,19.41509467154024,19.239703349957175,19.29308319091797,30895600,MSFT
2011-03-23,19.476097106933594,19.52947693484986,19.20157061537424,19.23969864831694,43969000,MSFT
2011-03-24,19.681991577148438,19.727746964524147,19.44559456033913,19.52185208480735,38696700,MSFT
2011-03-25,19.537109375,19.78875825837216,19.514231674878275,19.773506458291006,57029800,MSFT
2011-03-28,19.376972198486328,19.613369328324286,19.354094493859947,19.56761537356352,48973200,MSFT
2011-03-29,19.437976837158203,19.460854540467363,19.29308762518401,19.323591229596225,40763500,MSFT
2011-03-30,19.529478073120117,19.613360041381338,19.44559465036759,19.521852175188858,41999300,MSFT
2011-03-31,19.361709594726562,19.582856252608504,19.323581562777147,19.521850528794726,63233700,MSFT
2011-04-01,19.43034553527832,19.468475030195275,19.300708161543692,19.468475030195275,63114200,MSFT
2011-04-04,19.48373031616211,19.567613771766847,19.376970612295626,19.407474215967124,35433700,MSFT
2011-04-05,19.65912437438965,19.964153157979577,19.62862076878467,19.689626525502657,73651100,MSFT
2011-04-06,19.941268920898438,20.06328039436273,19.720123670678717,19.81163154853119,65581400,MSFT
2011-04-07,19.979393005371094,20.025146931908033,19.80400028707915,19.97176710853309,46134700,MSFT
2011-04-08,19.880264282226562,20.040405259050807,19.796380844152356,19.956521820976604,39887600,MSFT
2011-04-11,19.811628341674805,20.017523215252446,19.67436509262304,19.97176928373228,34286300,MSFT
2011-04-12,19.55235481262207,19.712495764292687,19.48372318397628,19.69724396803999,36920400,MSFT
2011-04-13,19.54473114013672,19.72774980702749,19.491351301665038,19.5599829381262,38144700,MSFT
2011-04-14,19.38459014892578,19.39984194575411,19.132941319224,19.38459014892578,55239900,MSFT
2011-04-15,19.34646224975586,19.49134995718732,19.201573087832983,19.415092426991524,65080400,MSFT
2011-04-18,19.12531852722168,19.277833611294263,18.850791957687687,19.140570326527268,58045100,MSFT
2011-04-19,19.17870330810547,19.19395511133783,18.965183880820472,19.064317692846792,38892400,MSFT
2011-04-20,19.643863677978516,19.826880865272845,19.45322059273551,19.47609828658154,61608600,MSFT
2011-04-21,19.460853576660156,19.74300463103992,19.3388420740378,19.66674853276983,46892300,MSFT
2011-04-25,19.529478073120117,19.537103971051376,19.323583192450076,19.49134858346383,33525100,MSFT
2011-04-26,19.971769332885742,20.16241241159544,19.57523138009166,19.628611209411776,69200000,MSFT
2011-04-27,20.116661071777344,20.124286970998572,19.926017954721303,20.05565533249907,52689000,MSFT
2011-04-28,20.368310928344727,20.49032386738455,20.13191385884404,20.17766780192671,80200000,MSFT
2011-04-29,19.765871047973633,20.31492249629559,19.338831032612113,20.246290883443972,319317900,MSFT
2011-05-02,19.56760597229004,19.826880682185617,19.430342719463994,19.781126749407367,89825600,MSFT
2011-05-03,19.681991577148438,19.712495168732243,19.43796866244318,19.52185208480735,71892900,MSFT
2011-05-04,19.872634887695312,20.01752404038807,19.666741460121866,19.71249539352804,73292300,MSFT
2011-05-05,19.666744232177734,19.887889486887754,19.58286079703349,19.865011789714362,55600000,MSFT
2011-05-06,19.727752685546875,19.994651916849115,19.63624333874916,19.880266324220766,55993000,MSFT
2011-05-09,19.697242736816406,19.796376497279645,19.575231283404147,19.674365043867386,38696400,MSFT
2011-05-10,19.575237274169922,19.712500564889304,19.254956747321927,19.35409053812387,120798700,MSFT
2011-05-11,19.33883285522461,19.56760394996349,19.22444585336402,19.559978052873376,78600000,MSFT
2011-05-12,19.308330535888672,19.36171036453668,19.14056515235332,19.331208228662636,77400000,MSFT
2011-05-13,19.087188720703125,19.30833397224429,19.026182983606443,19.2778318309417,66812300,MSFT
2011-05-16,18.736406326293945,19.117692581056108,18.683026483345905,19.033809139571108,91350900,MSFT
2011-05-17,18.820842742919922,18.959005767966616,18.628949977916314,18.728733571546922,82882100,MSFT
2011-05-18,18.951330184936523,18.989708152941112,18.61359850319873,18.82851893049108,53931100,MSFT
2011-05-19,18.97435188293457,19.09716310827199,18.805486814101943,19.07413691853703,37783600,MSFT
2011-05-20,18.797805786132812,19.089483464520438,18.759427837725177,18.974346691247757,45451500,MSFT
2011-05-23,18.552183151245117,18.613588746280097,18.44472372594012,18.582885216750174,52692500,MSFT
2011-05-24,18.536823272705078,18.644284114998133,18.45239153150424,18.57520266781839,47691800,MSFT
2011-05-25,18.567535400390625,18.65964306333352,18.54450775264245,18.552183635225173,34904200,MSFT
2011-05-26,18.935970306396484,19.212296242627527,18.66732025328575,18.690347902646675,78016600,MSFT
2011-05-27,19.005046844482422,19.11250625215092,18.920613616157386,18.943641259525474,50251000,MSFT
2011-05-31,19.196941375732422,19.235319321110218,18.958994893535596,19.158561966329856,60196300,MSFT
2011-06-01,18.751760482788086,19.26603313105539,18.7057066309505,19.181599849331853,74033500,MSFT
2011-06-02,18.59056854248047,18.920624296951534,18.559866464682823,18.797813057710037,51487800,MSFT
2011-06-03,18.352619171142578,18.5291601178234,18.298889445111477,18.460078623204776,60697700,MSFT
2011-06-06,18.42937660217285,18.6135934336684,18.245159770677308,18.337267454412462,54778700,MSFT
2011-06-07,18.46775245666504,18.55218571049492,18.34494124965343,18.490780106989117,41112600,MSFT
2011-06-08,18.375640869140625,18.437046459566147,18.314235278715103,18.344937341915486,42205000,MSFT
2011-06-09,18.3909912109375,18.452398265528714,18.283531793452397,18.42937062005701,42878700,MSFT
2011-06-10,18.199100494384766,18.43704846417677,18.18375019312796,18.43704846417677,49327200,MSFT
2011-06-13,18.45240020751953,18.56753551894575,18.19142605414014,18.26050753380086,47572500,MSFT
2011-06-14,18.59056854248047,18.767110979912392,18.5675423501386,18.65197416210122,42894500,MSFT
2011-06-15,18.222129821777344,18.429374280106888,18.16840010236414,18.421698396758565,49410200,MSFT
2011-06-16,18.42169761657715,18.49845498278455,18.153047566863734,18.229804933071136,57184100,MSFT
2011-06-17,18.62127113342285,18.65197320965272,18.40635074371225,18.590567593167602,83320400,MSFT
2011-06-20,18.78246307373047,18.92830198321416,18.544516458065413,18.55219234425146,54338400,MSFT
2011-06-21,19.005046844482422,19.08180419168476,18.728720980163853,18.820830089611587,49708700,MSFT
2011-06-22,18.920621871948242,19.043433095449366,18.87456802914164,18.882243913613618,44287300,MSFT
2011-06-23,18.90526580810547,18.920617573561813,18.575211634943706,18.759428428345018,59470400,MSFT
2011-06-24,18.651975631713867,18.83619396911636,18.56754381309876,18.813166310934655,101387200,MSFT
2011-06-27,19.34278106689453,19.54234814859767,18.59823659551998,18.59823659551998,92044200,MSFT
2011-06-28,19.803333282470703,19.89544245626097,19.312088259657678,19.419547742391615,81032100,MSFT
2011-06-29,19.6651668548584,19.734246888086354,19.465598247685175,19.734246888086354,66051000,MSFT
2011-06-30,19.956830978393555,19.956830978393555,19.695856917707996,19.757262492926692,52535400,MSFT
2011-07-01,19.972192764282227,20.08732809261238,19.834029784675987,19.903111274479105,52906200,MSFT
2011-07-05,19.97987174987793,20.071979441231548,19.880086709548596,20.033601480505098,37805300,MSFT
2011-07-06,20.21014404296875,20.24084758520197,19.92614213341334,19.933818018971646,48744200,MSFT
2011-07-07,20.547870635986328,20.63230242832031,20.233166725588937,20.332950285265504,51946500,MSFT
2011-07-08,20.66300392150879,20.709057754961325,20.34830004220402,20.37132769094277,58320700,MSFT
2011-07-11,20.440412521362305,20.570899633552333,20.332953063332393,20.43273810066758,43999800,MSFT
2011-07-12,20.371328353881836,20.56322104087458,20.21781361867763,20.37900277301953,47319300,MSFT
2011-07-13,20.440412521362305,20.69371086102232,20.34830483277247,20.417386331227505,40861800,MSFT
2011-07-14,20.31760597229004,20.732095058461837,20.233174148978698,20.432742805577085,46382300,MSFT
2011-07-15,20.55554962158203,20.670684965975617,20.317601583939908,20.317601583939908,49132400,MSFT
2011-07-18,20.40970802307129,20.647654565037605,20.156409713487758,20.440410094280587,44501900,MSFT
2011-07-19,21.13890266418457,21.215658580696577,20.55554862173669,20.578574811080188,86730600,MSFT
2011-07-20,20.770462036132812,20.993058234406412,20.70905644075128,20.939328521450683,49795400,MSFT
2011-07-21,20.801172256469727,20.962361447182932,20.45576475633379,20.755118411126716,81737400,MSFT
2011-07-22,21.131223678588867,21.14657398122336,20.478788235808963,20.616951207694715,76380600,MSFT
2011-07-25,21.422903060913086,21.561066053023353,20.870252556497285,20.923982283645664,108482400,MSFT
2011-07-26,21.55339241027832,21.60712214301498,21.323121708828236,21.35382378580972,74636500,MSFT
2011-07-27,20.977706909179688,21.48430344770017,20.877923363602886,21.39987020327179,71488700,MSFT
2011-07-28,21.277061462402344,21.54571152780144,20.885600189510814,20.947007257282106,83761400,MSFT
2011-07-29,21.03144073486328,21.26938728546824,20.923981285691724,21.12354987988547,104394800,MSFT
2011-08-01,20.93166160583496,21.25404148569693,20.53252433285814,21.1158784708953,61838400,MSFT
2011-08-02,20.57088851928711,21.069810508349377,20.540186461020312,20.709051441548997,63883100,MSFT
2011-08-03,20.66300392150879,20.72440952078716,20.325272393465266,20.593922439317502,64581200,MSFT
2011-08-04,19.910785675048828,20.624626707155716,19.903109791861922,20.363652534901046,92949500,MSFT
2011-08-05,19.71122169494629,20.033601543752432,19.365814191216362,19.933816503108073,112071700,MSFT
2011-08-08,18.790143966674805,19.64982441624681,18.72106243661875,19.204633147011123,134257200,MSFT
2011-08-09,19.63446617126465,19.665169714074803,18.4447317038557,18.96667875539881,126268900,MSFT
2011-08-10,18.575218200683594,19.258355900683686,18.498460810295555,19.150896432555705,127819900,MSFT
2011-08-11,19.335113525390625,19.480950958467282,18.728731744404485,18.805489135722734,90690100,MSFT
2011-08-12,19.266029357910156,19.45024619320821,18.920621876710516,19.28905554730662,64787100,MSFT
2011-08-15,19.580730438232422,19.634460157668478,19.3044044936755,19.373485979814728,56529400,MSFT
2011-08-16,19.580732345581055,19.766111880513947,19.34900682196575,19.480317510034748,54251500,MSFT
2011-08-17,19.503490447998047,19.851077995783452,19.256317735468684,19.503490447998047,50923700,MSFT
2011-08-18,19.05548667907715,19.379901183912164,18.56114132819155,18.978244849684934,105714200,MSFT
2011-08-19,18.576597213745117,19.016875405456556,18.46845948592093,18.854667340454228,77397900,MSFT
2011-08-22,18.522518157958984,18.916450129616816,18.37576031474027,18.862381295455684,54721000,MSFT
2011-08-23,19.094114303588867,19.117287303423296,18.561148566790354,18.561148566790354,59670600,MSFT
2011-08-24,19.233142852783203,19.256315844782176,18.862383820392232,19.040039005921393,45329700,MSFT
2011-08-25,18.978248596191406,19.433973858978554,18.924179746922704,19.37218067791923,48192000,MSFT
2011-08-26,19.503490447998047,19.573007957555127,18.862385672400418,18.931903181957498,71957000,MSFT
2011-08-29,19.959217071533203,19.974665735452625,19.59618230902085,19.71976867384487,38863200,MSFT
2011-08-30,20.260461807250977,20.414945523975067,19.851082462484186,19.874253988706663,57341400,MSFT
2011-08-31,20.546245574951172,20.63121024910203,20.283624276815473,20.306797264273968,59300800,MSFT
2011-09-01,20.245014190673828,20.74708555942767,20.245014190673828,20.43811810995885,60510800,MSFT
2011-09-02,19.92832374572754,20.08280746941404,19.820186023106576,19.91287655197167,43894400,MSFT
2011-09-06,19.70431900024414,19.766112179489767,19.395353104016003,19.464870614825536,54929300,MSFT
2011-09-07,20.08280372619629,20.08280372619629,19.750664813463608,19.84335532505219,41961000,MSFT
2011-09-08,20.25273323059082,20.5925964522137,20.044182171956088,20.082802356412177,65811900,MSFT
2011-09-09,19.88197135925293,20.221834533067153,19.696591848063008,20.08279953135836,64529200,MSFT
2011-09-12,19.997838973999023,20.028736304489044,19.51894213753018,19.650252845581146,55046100,MSFT
2011-09-13,20.11370277404785,20.229564818489617,19.936046067753594,20.02101225453494,48792300,MSFT
2011-09-14,20.469013214111328,20.7007373027006,19.99783923094521,20.2141161273568,66739200,MSFT
2011-09-15,20.847492218017578,20.87838954229478,20.322249491429204,20.646664030012285,67808300,MSFT
2011-09-16,20.947912216186523,21.063774264276432,20.723910979715612,20.893841885363084,89681500,MSFT
2011-09-19,21.017423629760742,21.09466546920227,20.546251208371974,20.70073341398948,52324900,MSFT
2011-09-20,20.839771270751953,21.241427711980457,20.801151082400107,21.09466834436509,49211900,MSFT
2011-09-21,20.075077056884766,20.901561339824614,20.059628394540997,20.893837008652728,72750700,MSFT
2011-09-22,19.35673713684082,19.812462520229623,19.00142662003791,19.54211672907704,96278300,MSFT
2011-09-23,19.35673713684082,19.426254668087658,19.07094415128475,19.233150742016676,64768100,MSFT
2011-09-26,19.650249481201172,19.7120426583356,19.10183374502574,19.45714561849788,51057600,MSFT
2011-09-27,19.827903747558594,20.021007601168137,19.65797288675777,19.820179416622352,55620700,MSFT
2011-09-28,19.758386611938477,20.368595507924788,19.704317767639033,20.0287323067012,60736200,MSFT
2011-09-29,19.657981872558594,20.214120694793444,19.37991172480809,20.067361286451106,63407300,MSFT
2011-09-30,19.225419998168945,19.696593892131578,19.217695666909577,19.464869847412718,54060500,MSFT
2011-10-03,18.947357177734375,19.573013466579884,18.93963284413554,19.094115096314216,64592500,MSFT
2011-10-04,19.573017120361328,19.611637322298904,18.73880808841984,18.769703955316647,83485400,MSFT
2011-10-05,19.997838973999023,20.20639153500923,19.433975951948433,19.63480418033614,94061300,MSFT
2011-10-06,20.34541893005371,20.391763435107077,19.851073614110465,20.005555788710105,55111400,MSFT
2011-10-07,20.275903701782227,20.47673187714411,20.237283522132618,20.345421203763856,52741600,MSFT
2011-10-10,20.80887222290039,20.832043743050974,20.445836025708992,20.530802194969194,41815300,MSFT
2011-10-11,20.8552188873291,20.90928773761078,20.63894201293671,20.747081186765744,38826200,MSFT
2011-10-12,20.824316024780273,21.094661677600307,20.777971518751645,20.994248335660725,52489800,MSFT
2011-10-13,20.994253158569336,21.00970182188292,20.561700898648308,20.669838595312157,43823500,MSFT
2011-10-14,21.063772201538086,21.241427422762875,20.870668315876607,21.094668057145746,50947700,MSFT
2011-10-17,20.839771270751953,21.179634526658052,20.739357897077703,20.940186117691955,39453300,MSFT
2011-10-18,21.094675064086914,21.164192603877694,20.700742829694576,20.80888204340591,52487900,MSFT
2011-10-19,20.955629348754883,21.218250705059805,20.86294032492107,21.14101034295345,42880000,MSFT
2011-10-20,20.886117935180664,21.117842019262064,20.391770963466122,21.056048831955973,76300200,MSFT
2011-10-21,20.97880744934082,21.001980447574255,20.700737363602943,20.971083116596343,76620600,MSFT
2011-10-24,21.001976013183594,21.16418254677159,20.886113993011378,20.901561181972962,56897800,MSFT
2011-10-25,20.708463668823242,21.032878308662568,20.638946140767246,20.917016252991232,53554600,MSFT
2011-10-26,20.538532257080078,20.901567082305426,20.160048765266602,20.87839555568917,63029900,MSFT
2011-10-27,21.04832649230957,21.16418854532047,20.584876807000025,20.955635965941287,74512400,MSFT
2011-10-28,20.839771270751953,21.00197930301436,20.693013376402337,20.96335764139676,57712100,MSFT
2011-10-31,20.569421768188477,20.855216118793948,20.561698910544028,20.66983659675208,46799000,MSFT
2011-11-01,20.075077056884766,20.329974092494865,19.974663698181317,20.229560733791416,61182600,MSFT
2011-11-02,20.090526580810547,20.237285932839082,19.85107819727548,20.160044091073242,53533100,MSFT
2011-11-03,20.4921817779541,20.53852629099026,20.0673524097819,20.268180597292584,65836100,MSFT
2011-11-04,20.275903701782227,20.39176571399647,20.082799857003348,20.37631705283046,36549200,MSFT
2011-11-07,20.70073890686035,20.716187573501017,20.183220360525546,20.24501355382227,42589700,MSFT
2011-11-08,20.97880744934082,21.00970478031873,20.61577264994535,20.862945404705314,47822500,MSFT
2011-11-09,20.237285614013672,20.662113527134508,20.129146447938925,20.53852717156243,62950900,MSFT
2011-11-10,20.29907989501953,20.4690107748502,20.175493532730744,20.445837779446435,32514400,MSFT
2011-11-11,20.785707473754883,20.917018208663777,20.52308600393709,20.53081033813951,37903000,MSFT
2011-11-14,20.669837951660156,20.85521748585365,20.584871779346877,20.762526982124115,34199200,MSFT
2011-11-15,20.809925079345703,20.965572084888215,20.545326060539345,20.669843071229412,43874200,MSFT
2011-11-16,20.28850555419922,20.630928008498323,20.265159547006718,20.59979801976224,53262800,MSFT
2011-11-17,19.87604331970215,20.26515926737657,19.798219833295356,20.241811776146672,70977500,MSFT
2011-11-18,19.68926429748535,19.84491125400562,19.57252982227484,19.829346261481717,47626200,MSFT
2011-11-21,19.455801010131836,19.650359020233154,19.377977509219345,19.642576521705923,61882500,MSFT
2011-11-22,19.292367935180664,19.424665922372174,19.183414468729673,19.370189931326394,49204500,MSFT
2011-11-23,19.043331146240234,19.292366563016046,19.043331146240234,19.15228460494194,49099700,MSFT
2011-11-25,18.911026000976562,19.198972326524363,18.911026000976562,18.973284465370835,26164600,MSFT
2011-11-28,19.354623794555664,19.432445780133975,19.214541845539944,19.409099778204173,46766700,MSFT
2011-11-29,19.331275939941406,19.48692287685089,19.26123496676806,19.31571094937862,40917100,MSFT
2011-11-30,19.90717315673828,19.914955654336072,19.564750684233704,19.743745160263604,81350900,MSFT
2011-12-01,19.673702239990234,19.946082207445965,19.61144374966328,19.891606213954816,48545400,MSFT
2011-12-02,19.62700653076172,19.938300455206146,19.58031303583883,19.914952965564982,52293800,MSFT
2011-12-05,20.00055694580078,20.078378934780496,19.84490999912277,20.06281542760013,56818400,MSFT
2011-12-06,19.96943473815918,20.13286424424107,19.93052372851866,20.086169251440605,46175300,MSFT
2011-12-07,19.9227294921875,20.047246430909503,19.720389095674495,19.977205467333505,62667000,MSFT
2011-12-08,19.7670841217041,20.0161180186139,19.743738121593253,19.82934259593155,60522200,MSFT
2011-12-09,20.00055694580078,20.132856405169306,19.84490999912277,19.86047499066243,53788500,MSFT
2011-12-12,19.85269546508789,19.899388962333468,19.68148498561442,19.77487198010558,38945900,MSFT
2011-12-13,20.047250747680664,20.311849670530712,19.961644777241144,20.03946825178986,54581100,MSFT
2011-12-14,19.914953231811523,20.125076188312853,19.899388238509324,20.016122719556908,47926400,MSFT
2011-12-15,19.891605377197266,20.140639328029245,19.87604186853984,20.016122352613255,46213900,MSFT
2011-12-16,20.234027862548828,20.36632733487064,19.94608142830979,19.977211414437008,101408100,MSFT
2011-12-19,19.86825942993164,20.327416334750968,19.813781954213884,20.249592853799324,52258300,MSFT
2011-12-20,20.257369995117188,20.311845972074305,20.086158085413047,20.125070557781736,60767600,MSFT
2011-12-21,20.047250747680664,20.381890649188627,19.79821681661222,20.241808691872798,64132500,MSFT
2011-12-22,20.086172103881836,20.125084603408197,19.829355544448187,20.093954603787108,35794100,MSFT
2011-12-23,20.257369995117188,20.265152489590925,20.02389961398219,20.16398154579138,23205800,MSFT
2011-12-27,20.26515007019043,20.342972036918766,20.179544125558618,20.20289012183357,21287200,MSFT
2011-12-28,20.093952178955078,20.350768707397467,20.047258669518254,20.319640195892884,29822500,MSFT
2011-12-29,20.249597549438477,20.272943560086023,20.125080544785614,20.195121545447822,22616900,MSFT
2011-12-30,20.202905654907227,20.327424162998557,20.163994641626193,20.23403565302006,27395700,MSFT
2012-01-03,20.833261489868164,20.981124433658145,20.53753263357007,20.66204957800325,64731500,MSFT
2012-01-04,21.32356071472168,21.37803672798362,20.841057610664464,20.872186124945557,80516100,MSFT
2012-01-05,21.54146385192871,21.58037486153453,21.237953820795685,21.307993341214186,56081400,MSFT
2012-01-06,21.876102447509766,21.938360949423213,21.42472793754732,21.42472793754732,99455500,MSFT
2012-01-09,21.588146209716797,21.868310084121312,21.57258122017008,21.829397610254517,59706800,MSFT
2012-01-10,21.665971755981445,21.907223179712226,21.595930780646825,21.736012731316066,60014400,MSFT
2012-01-11,21.572586059570312,21.77492651599158,21.300206103194984,21.346899597950838,65582400,MSFT
2012-01-12,21.790494918823242,21.806059914297293,21.51811343546602,21.689325416961246,49370800,MSFT
2012-01-13,21.985044479370117,21.985044479370117,21.62705862688867,21.736010584711874,60196100,MSFT
2012-01-17,21.99283790588379,22.296347930316337,21.92279690265169,22.101789917862686,72395300,MSFT
2012-01-18,21.969486236572266,22.101785719282784,21.767145763935027,22.031744729356063,64860600,MSFT
2012-01-19,21.883880615234375,22.132914573607312,21.81383962889705,21.915009117851252,74053500,MSFT
2012-01-20,23.12126922607422,23.144616717635078,22.37416730844146,22.42864330439057,165902900,MSFT
2012-01-23,23.136831283569336,23.308043231230357,22.841103849801154,22.996749320704637,76078100,MSFT
2012-01-24,22.833324432373047,23.012317416008603,22.708807445117046,22.934493927883707,51703300,MSFT
2012-01-25,23.004535675048828,23.074576668227916,22.623202203495797,22.623202203495797,59231700,MSFT
2012-01-26,22.95783805847168,23.113485011933875,22.880014581740582,23.04344403131182,49102800,MSFT
2012-01-27,22.74772071838379,22.981191206070747,22.701027214590283,22.91893270622617,44187700,MSFT
2012-01-30,23.04344940185547,23.051231899778315,22.436427923110728,22.545379925311178,51114800,MSFT
2012-01-31,22.981189727783203,23.113489216987603,22.747719255114458,23.08235922688792,50572400,MSFT
2012-02-01,23.261348724365234,23.385865697349423,23.160179240450358,23.18352672951967,67409900,MSFT
2012-02-02,23.308046340942383,23.479256827086584,23.121269375963802,23.269133854755356,52223300,MSFT
2012-02-03,23.53373146057129,23.658248440439962,23.416996977489344,23.455907977063497,41838500,MSFT
2012-02-06,23.50260353088379,23.518167040477266,23.323609069143327,23.37808654797883,28039700,MSFT
2012-02-07,23.619335174560547,23.728287150401684,23.38586474643896,23.463688222479487,39242400,MSFT
2012-02-08,23.86058807373047,23.86837057024645,23.51816564882441,23.54929563488834,49659100,MSFT
2012-02-09,23.946195602416992,23.969541609117993,23.72050764191046,23.876154613594935,50481600,MSFT
2012-02-10,23.73606300354004,23.969531881962435,23.627111058190778,23.8450149488893,44605300,MSFT
2012-02-13,23.7983341217041,23.946198614970506,23.68159962043472,23.83724512734066,33319800,MSFT
2012-02-14,23.696489334106445,23.860993170978457,23.38314762520895,23.759157675885945,59644000,MSFT
2012-02-15,23.539817810058594,23.80615863703074,23.52415184516051,23.759157754074224,43311300,MSFT
2012-02-16,24.511186599731445,24.714857650810092,23.73566358391379,23.743497315744747,94705100,MSFT
2012-02-17,24.479854583740234,24.534689218946735,24.24484857738903,24.44068741405895,70036500,MSFT
2012-02-21,24.628686904907227,24.76185734325752,24.401513188961438,24.425014381893163,50829900,MSFT
2012-02-22,24.495513916015625,24.81668938198381,24.42501183869273,24.636518070661413,49253200,MSFT
2012-02-23,24.5738582611084,24.746195902143878,24.284016120956423,24.440687790357238,35034700,MSFT
2012-02-24,24.660024642944336,24.67569210763602,24.4720195490391,24.660024642944336,35575400,MSFT
2012-02-27,24.558191299438477,24.67569430683514,24.362352455733436,24.47202173008608,34568400,MSFT
2012-02-28,24.96552848815918,25.012529377296747,24.58168316211987,24.605184353754318,45230600,MSFT
2012-02-29,24.863693237304688,25.067365763428313,24.761857721308587,24.98119621549447,59323600,MSFT
2012-03-01,25.29454231262207,25.372876644091146,24.949865576458066,25.012533938112284,77344100,MSFT
2012-03-02,25.13003921508789,25.412044610216668,25.06736935732819,25.31021057375209,47314200,MSFT
2012-03-05,24.91069221496582,25.106530994939234,24.76968954845527,25.075196072960455,45240000,MSFT
2012-03-06,24.722684860229492,25.05169403967174,24.66785024601098,24.707018894832185,51932900,MSFT
2012-03-07,24.94202995300293,25.004698309904686,24.699190256775058,24.808859507820262,34340400,MSFT
2012-03-08,25.075197219848633,25.231868848645732,24.989029168728475,25.098699906538997,36747400,MSFT
2012-03-09,25.059537887573242,25.192708359072423,25.004703251214483,25.1457059615091,34628400,MSFT
2012-03-12,25.09870147705078,25.22403819027865,24.926362375763848,25.043865357648542,34073600,MSFT
2012-03-13,25.592208862304688,25.60787632239399,25.184866853032627,25.255368929303266,48951700,MSFT
2012-03-14,25.670549392700195,25.75671893990226,25.451210900377003,25.48254283623543,41986900,MSFT
2012-03-15,25.73322296142578,25.803725064947372,25.52171963912463,25.6862235512538,49068300,MSFT
2012-03-16,25.537378311157227,25.811554423969646,25.459043986503925,25.780219498803152,65626400,MSFT
2012-03-19,25.224035263061523,25.54521074020238,25.184868105022417,25.490376121295107,44789200,MSFT
2012-03-20,25.059537887573242,25.184876120276982,24.86369904678808,25.1457059615091,41566800,MSFT
2012-03-21,24.996871948242188,25.184878568508097,24.92636983917545,25.036039122553962,37928600,MSFT
2012-03-22,25.06736946105957,25.137871557199333,24.90286556615456,24.918531536527667,31749500,MSFT
2012-03-23,25.075197219848633,25.153534528378568,24.848025001637364,25.14569930339419,35912200,MSFT
2012-03-26,25.52954864501953,25.54521610918061,25.18487339826545,25.21620533832437,36758300,MSFT
2012-03-27,25.474712371826172,25.615716551919878,25.380710581184715,25.576549388174527,36274900,MSFT
2012-03-28,25.216203689575195,25.61571652890273,25.09870219844472,25.474712348935725,41344800,MSFT
2012-03-29,25.161365509033203,25.2162001281354,24.918525841238615,25.114366114524245,37038500,MSFT
2012-03-30,25.27103042602539,25.388534868730392,25.098694361856726,25.380702633739045,31749400,MSFT
2012-04-02,25.29454231262207,25.42771127377214,25.02820140205874,25.23970768294108,35853600,MSFT
2012-04-03,25.020368576049805,25.21620590594518,24.80102855525214,25.192706203306194,42752100,MSFT
2012-04-04,24.44851303100586,24.824524631112507,24.32317632901409,24.801023439189795,49455900,MSFT
2012-04-05,24.69135093688965,24.77751897429458,24.323173116058147,24.401508917988114,50368600,MSFT
2012-04-09,24.362348556518555,24.597354533698972,24.260511537377226,24.456350349738095,31056400,MSFT
2012-04-10,23.868831634521484,24.432848316533047,23.735661195061134,24.33101130711144,54131300,MSFT
2012-04-11,23.774829864501953,23.91583403508923,23.68082658606663,23.83749821874836,43014000,MSFT
2012-04-12,24.268348693847656,24.31535109122184,23.829670110611076,23.87667101385348,38304000,MSFT
2012-04-13,24.13517189025879,24.409346493142692,24.064669806827748,24.197840242849562,39749200,MSFT
2012-04-16,24.346683502197266,24.432853066285176,24.10384376919609,24.276181403240194,38124800,MSFT
2012-04-17,24.628686904907227,24.76185734325752,24.44068184384765,24.495516466556932,34361500,MSFT
2012-04-18,24.393680572509766,24.526851016944498,24.31534624742114,24.503351317070504,40552900,MSFT
2012-04-19,24.291845321655273,24.816693373854616,24.237010695835142,24.385847110452218,54781200,MSFT
2012-04-20,25.396373748779297,25.764551643212144,25.10653316606774,25.184870477789037,106045000,MSFT
2012-04-23,25.161365509033203,25.4590412900613,25.090863429007143,25.310204893678563,61398200,MSFT
2012-04-24,25.004697799682617,25.47471121392089,24.934195712840303,25.23187002851672,40871100,MSFT
2012-04-25,25.224035263061523,25.3180370400079,24.965528135262026,25.004695293301133,62495500,MSFT
2012-04-26,25.153533935546875,25.247535715304544,25.004696041110662,25.16136617208389,40308100,MSFT
2012-04-27,25.051692962646484,25.239699480643125,24.97335716250307,25.1613621863686,41419100,MSFT
2012-04-30,25.083038330078125,25.15354043016562,25.004702497299604,25.05170339931402,35697200,MSFT
2012-05-01,25.075197219848633,25.33370585560326,25.028197822993445,25.106532143260605,43832300,MSFT
2012-05-02,24.91069221496582,25.012529217265534,24.785355515313338,24.94986086743929,37385300,MSFT
2012-05-03,24.879365921020508,24.98903519113013,24.761862918169946,24.97336772564826,31501300,MSFT
2012-05-04,24.268348693847656,24.73052847577133,24.221347790605254,24.63652666928652,57927200,MSFT
2012-05-07,24.009836196899414,24.17434156321489,23.94716784166767,24.049004852751406,48641400,MSFT
2012-05-08,23.892335891723633,24.11167590664979,23.6338287106932,23.876668427629276,46328300,MSFT
2012-05-09,24.096004486083984,24.150839107278983,23.578990208914874,23.649492291631695,50309300,MSFT
2012-05-10,24.080337524414062,24.29967750787842,23.853165304157578,24.174340801364902,43839200,MSFT
2012-05-11,24.409345626831055,24.707021411670958,24.041169255193623,24.041169255193623,43459300,MSFT
2012-05-14,24.033348083496094,24.31535655457784,24.002013144872738,24.143017380413614,40528900,MSFT
2012-05-15,23.820446014404297,24.28565843443491,23.773136710111462,24.159499287030236,61822800,MSFT
2012-05-16,23.576005935668945,23.907173976405335,23.449846825287008,23.89928884401456,60083700,MSFT
2012-05-17,23.434078216552734,23.820440707392912,23.42619308360473,23.64697229434283,48484000,MSFT
2012-05-18,23.07925796508789,23.505044648235767,23.00040813370926,23.4892758851084,56205300,MSFT
2012-05-21,23.457740783691406,23.489281325121684,22.91367847550545,22.945219016935727,38787900,MSFT
2012-05-22,23.465621948242188,23.560240548650263,23.260612975443976,23.410427514014888,39504900,MSFT
2012-05-23,22.95309829711914,23.181761148415198,22.5825045495282,23.14233698561997,65171000,MSFT
2012-05-24,22.92155647277832,23.10291001771908,22.677123368556632,22.992521164961282,52575000,MSFT
2012-05-25,22.913673400878906,23.150222897410664,22.874249236758008,23.024063767501243,29507200,MSFT
2012-05-29,23.307926177978516,23.43408533560184,23.039837592044996,23.165996749668324,37758800,MSFT
2012-05-30,23.134458541870117,23.244847432765308,22.960990069901126,23.142343677496324,41585500,MSFT
2012-05-31,23.016183853149414,23.19753745552688,22.81905997997326,23.102917334670575,39134000,MSFT
2012-06-01,22.43269157409668,22.834822848031987,22.424806440734265,22.677124692589913,56634300,MSFT
2012-06-04,22.511537551879883,22.69289259242915,22.330184015265868,22.566733479659813,47926300,MSFT
2012-06-05,22.479999542236328,22.669238219948003,22.385379451412827,22.479999542236328,45715400,MSFT
2012-06-06,23.142335891723633,23.158106157670456,22.716547734771442,22.771742161649986,46860500,MSFT
2012-06-07,23.047719955444336,23.41831375233544,23.000410653009414,23.37100294596491,37792800,MSFT
2012-06-08,23.378889083862305,23.40254448806294,22.905791527399295,23.031950675264675,42551100,MSFT
2012-06-11,22.787511825561523,23.50504236389643,22.724432267376102,23.441962805711007,46361900,MSFT
2012-06-12,23.09503746032715,23.102921093073206,22.74021382931275,22.945222871239288,35337900,MSFT
2012-06-13,22.968868255615234,23.21330289026401,22.905788689497758,23.03983295548933,32984600,MSFT
2012-06-14,23.134458541870117,23.229077161512897,22.77174982274388,23.126573406243914,39458900,MSFT
2012-06-15,23.670629501342773,23.717938798709334,23.252726446787737,23.331576278355634,62314400,MSFT
2012-06-18,23.52869987487793,23.67851440299617,23.42619464366292,23.64697386910373,58679900,MSFT
2012-06-19,24.206809997558594,24.53009299947024,23.694286771368052,23.80467715285335,75725800,MSFT
2012-06-20,24.388164520263672,24.482783132102863,24.159500117770133,24.388164520263672,36257100,MSFT
2012-06-21,23.765254974365234,24.553750510384635,23.702175391641116,24.4118210732714,48456600,MSFT
2012-06-22,24.206809997558594,24.23046389764171,23.678518005957862,23.89141062638421,45098100,MSFT
2012-06-25,23.552356719970703,23.907178724412457,23.35523288285789,23.891408456498905,42217200,MSFT
2012-06-26,23.670629501342773,23.867753328294793,23.607549936875547,23.654859234242107,38421300,MSFT
2012-06-27,23.788904190063477,24.04910758906645,23.678515325012366,23.804674457623776,33781700,MSFT
2012-06-28,23.583894729614258,23.69428359235324,23.197532206092355,23.639089160983747,45328400,MSFT
2012-06-29,24.120067596435547,24.198917414960803,23.765244165039487,24.009678752861305,55227200,MSFT
2012-07-02,24.096418380737305,24.143729186349404,23.820444697075718,24.143729186349404,30589100,MSFT
2012-07-03,24.25411605834961,24.25411605834961,23.788903702405786,23.83621300018138,20938100,MSFT
2012-07-05,24.206809997558594,24.26988957100634,23.954490199831955,24.120075020092074,28801900,MSFT
2012-07-06,23.80467987060547,24.206812761221748,23.61544112865707,24.13584804499912,38294800,MSFT
2012-07-09,23.654855728149414,23.83620926112077,23.481387327559666,23.74947581279351,30680800,MSFT
2012-07-10,23.449846267700195,23.82832358984663,23.26849273883026,23.71793474687105,37534100,MSFT
2012-07-11,23.102916717529297,23.449855146153684,22.95310366075111,23.42619974058756,39184900,MSFT
2012-07-12,22.574617385864258,23.008290657285066,22.50365420000222,22.984635259374205,63523600,MSFT
2012-07-13,23.17387580871582,23.24484050426365,22.645583910712766,22.67712444381642,39085000,MSFT
2012-07-16,23.21329689025879,23.28426157179045,22.897899141193133,23.244835913197804,27900600,MSFT
2012-07-17,23.386768341064453,23.544467988231148,23.024061258090466,23.370998075560724,33771300,MSFT
2012-07-18,24.00968360900879,24.00968360900879,23.2290719020526,23.33946227188936,41090400,MSFT
2012-07-19,24.183151245117188,24.285654973801133,23.954486883070413,24.056992115689813,46663200,MSFT
2012-07-20,23.749479293823242,24.48277866557209,23.694283359061743,24.443354501820753,64021700,MSFT
2012-07-23,23.087141036987305,23.323689006064516,22.874246962456624,23.315803873237236,55151900,MSFT
2012-07-24,22.984638214111328,23.15022301290318,22.78751438465251,23.055602913031343,47723300,MSFT
2012-07-25,22.73232078552246,23.126568458877994,22.692896619761118,23.055603757359155,45579500,MSFT
2012-07-26,22.992517471313477,23.26060593117402,22.93732305380132,23.047711888825635,45301400,MSFT
2012-07-27,23.465621948242188,23.536586650516014,23.008294702441727,23.244842707397453,44242600,MSFT
2012-07-30,23.37099838256836,23.51292776609575,23.229068999040972,23.457733340042946,28905000,MSFT
2012-07-31,23.236957550048828,23.426196254610556,23.126568681705038,23.244842684064174,37620900,MSFT
2012-08-01,23.18964958190918,23.378888297340808,23.031949900415015,23.331578994466806,31721800,MSFT
2012-08-02,23.016183853149414,23.28427244098384,22.84271388223549,23.031952620012298,39520500,MSFT
2012-08-03,23.457740783691406,23.60755534761364,23.244846640844408,23.284272317632254,35859400,MSFT
2012-08-06,23.61543083190918,23.741589938200498,23.505040485952897,23.654854988649525,27471800,MSFT
2012-08-07,23.859867095947266,23.930831790696754,23.552354421323066,23.71005257326108,28002900,MSFT
2012-08-08,23.915063858032227,24.02545272555448,23.741595422792184,23.82044375448778,26257600,MSFT
2012-08-09,24.049108505249023,24.16738250858609,23.89140883150924,23.96237353429859,24920800,MSFT
2012-08-10,23.986032485961914,24.143732183037898,23.851988194628063,24.049112064005154,27810300,MSFT
2012-08-13,23.96236801147461,24.017562433381713,23.78101448122693,23.930828986357064,23049100,MSFT
2012-08-14,23.91474723815918,24.121114311798834,23.819501828109185,24.049679497312088,34551400,MSFT
2012-08-15,23.97031593322754,24.033813396718383,23.8274462618984,23.89888109756297,24351000,MSFT
2012-08-16,24.430667877197266,24.557662777955127,24.017933692784897,24.09730588423322,35787200,MSFT
2012-08-17,24.525915145874023,24.54178988814089,24.279862696332575,24.54178988814089,32589900,MSFT
2012-08-20,24.398916244506836,24.486225798794276,24.271921354942464,24.46241368928902,23737700,MSFT
2012-08-21,24.44654655456543,24.573541483635978,24.295741022481007,24.41479857924728,28822700,MSFT
2012-08-22,24.24016571044922,24.414783249808448,24.184604139204993,24.27985103315422,33437400,MSFT
2012-08-23,24.0179386138916,24.129058796347817,23.87506894279136,24.12112142418681,28355600,MSFT
2012-08-24,24.25605010986328,24.31161019281497,23.95443758216894,24.00999766512063,22943300,MSFT
2012-08-27,24.359228134155273,24.573531039694572,24.279855958745227,24.549720446800386,34691100,MSFT
2012-08-28,24.31160545349121,24.446537706026678,24.224297417543614,24.3671670395104,23947900,MSFT
2012-08-29,24.327484130859375,24.406856324124064,24.160803887512326,24.327484130859375,23346800,MSFT
2012-08-30,24.065563201904297,24.295742470752533,23.986190988029076,24.23224500243217,23982100,MSFT
2012-08-31,24.462411880493164,24.573532022170937,24.1131752030651,24.287794298728326,36590100,MSFT
2012-09-04,24.121110916137695,24.335415329429125,23.930618608955854,24.168735128356868,48556700,MSFT
2012-09-05,24.121110916137695,24.23223256408415,23.978241307276743,23.98617867597994,33650000,MSFT
2012-09-06,24.883089065551758,24.89102643661762,24.176678179677424,24.20842766394087,48371700,MSFT
2012-09-07,24.565597534179688,24.6608429426626,24.3909784287969,24.637032347491107,42649100,MSFT
2012-09-10,24.383037567138672,24.525907173300723,24.216357369215114,24.470347107326205,40524000,MSFT
2012-09-11,24.438608169555664,24.533853599562068,24.295738510647244,24.359235968617785,25191800,MSFT
2012-09-12,24.430667877197266,24.74815512909192,24.390981024523786,24.557662777955127,32775800,MSFT
2012-09-13,24.557666778564453,24.74815916073374,24.129057783259398,24.517979919425716,45047300,MSFT
2012-09-14,24.771974563598633,24.803724057063278,24.454487198448057,24.61323163797293,51422800,MSFT
2012-09-17,24.771974563598633,24.81166143042944,24.637043758071414,24.756101330765485,36488500,MSFT
2012-09-18,24.74815559387207,24.771966192024696,24.629098061412954,24.68465814230063,34542700,MSFT
2012-09-19,24.644973754882812,24.756095441675775,24.637037897303642,24.67672324079475,48871900,MSFT
2012-09-20,24.96246337890625,24.986273980224027,24.533854388399906,24.56560387535543,45543000,MSFT
2012-09-21,24.756080627441406,25.089442460536308,24.676708474057303,24.94657288722451,102348900,MSFT
2012-09-24,24.430667877197266,24.660845567108904,24.31954620361016,24.605285487264666,46825900,MSFT
2012-09-25,24.121110916137695,24.605279809744637,24.097300323926394,24.565594480126943,54266400,MSFT
2012-09-26,23.94649887084961,24.28779823433379,23.843316081700234,24.033808432828902,54672000,MSFT
2012-09-27,23.938560485839844,24.12905282889577,23.724256032189967,23.94649785603783,47129900,MSFT
2012-09-28,23.621078491210938,24.017938005820195,23.60520374729083,23.954440544038672,54229300,MSFT
2012-10-01,23.406770706176758,23.79569279426286,23.351210624149985,23.66076051766983,54042700,MSFT
2012-10-02,23.54170799255371,23.72426301917557,23.41471305978207,23.55758273762492,43338900,MSFT
2012-10-03,23.700441360473633,23.80362412750919,23.549634380438604,23.61313181720625,46655900,MSFT
2012-10-04,23.835378646850586,23.835378646850586,23.47026717274852,23.787754423772952,43634900,MSFT
2012-10-05,23.6925106048584,24.009997877315886,23.605201037220564,23.994123135218327,41133900,MSFT
2012-10-08,23.63695526123047,23.74807545039835,23.454398718298762,23.52583355816355,29752000,MSFT
2012-10-09,23.240087509155273,23.60519743834157,23.160715324667404,23.55757473320825,45121100,MSFT
2012-10-10,23.001970291137695,23.26389743265133,22.978159696208202,23.136902546699172,47227100,MSFT
2012-10-11,22.97816276550293,23.216277829994695,22.914665314045216,23.192465717986053,41488500,MSFT
2012-10-12,23.176593780517578,23.27183920605603,22.859104991659432,22.99403727275452,46464700,MSFT
2012-10-15,23.42264175415039,23.58932197394546,23.216274686381407,23.311521607620342,42440200,MSFT
2012-10-16,23.406770706176758,23.605200435643056,23.271838429583728,23.37502273668947,47739400,MSFT
2012-10-17,23.48614501953125,23.52583036344522,23.089285524796214,23.255965785913492,44206100,MSFT
2012-10-18,23.414703369140625,23.597258320208482,23.2242110488222,23.533760880102342,59238500,MSFT
2012-10-19,22.732107162475586,23.0813438770322,22.62098700898425,23.057531766756107,90470800,MSFT
2012-10-22,22.224132537841797,22.88291926322901,22.089200244020375,22.80354705852837,83374000,MSFT
2012-10-23,22.263811111450195,22.382870139237436,22.033633453118277,22.041570822563987,64414800,MSFT
2012-10-24,22.144758224487305,22.382874815915443,22.120947625073608,22.35112533149886,53320400,MSFT
2012-10-25,22.128877639770508,22.382868906347678,22.113004415651837,22.374931537339172,54084300,MSFT
2012-10-26,22.39081382751465,22.493998152506297,22.097138624782332,22.113013369227037,57790000,MSFT
2012-10-31,22.652738571166992,22.922601609604044,22.620989087881053,22.660674428089788,69464100,MSFT
2012-11-01,23.430578231811523,23.462326195083648,22.874974492514593,22.890849231099853,72047900,MSFT
2012-11-02,23.414703369140625,23.629007797210747,23.27977111967778,23.48613817849733,57131600,MSFT
2012-11-05,23.517892837524414,23.605202410240697,23.27977774780578,23.509956979912772,38070800,MSFT
2012-11-06,23.700441360473633,23.97030584521071,23.502011681337443,23.668691885140653,43401500,MSFT
2012-11-07,23.081348419189453,23.67663766815125,23.057536304227398,23.43852257412607,57871800,MSFT
2012-11-08,22.867046356201172,23.311530132666356,22.859108983703685,23.11310036192622,49841800,MSFT
2012-11-09,22.88292121887207,23.168660574654965,22.86704647379546,22.922606567664577,43291200,MSFT
2012-11-12,22.39875030517578,23.025789060608474,22.390812933270432,22.97022897116991,61112300,MSFT
2012-11-13,21.678524017333984,21.846573857522845,21.406442015404956,21.622507403937696,131689200,MSFT
2012-11-14,21.478469848632812,21.838578930738198,21.446459474072924,21.798565962538337,76086100,MSFT
2012-11-15,21.334421157836914,21.582495396508047,21.31041338260875,21.510473597161862,50955600,MSFT
2012-11-16,21.222387313842773,21.36643090837944,21.078343719306105,21.34242313384391,64083300,MSFT
2012-11-19,21.390439987182617,21.446456608839966,21.18237715935642,21.446456608839966,57179300,MSFT
2012-11-20,21.374446868896484,21.446468716355128,21.174386520697876,21.414459854339803,47070400,MSFT
2012-11-21,21.56649398803711,21.742546445718542,21.342425974892908,21.374434818862955,66360300,MSFT
2012-11-23,22.166677474975586,22.22269410370403,21.766556953956812,21.790563208361196,57845700,MSFT
2012-11-26,21.918598175048828,22.07064437628487,21.74254572321759,22.03863553337847,85198700,MSFT
2012-11-27,21.670528411865234,21.910600125623525,21.6385195623222,21.894596464021376,45018600,MSFT
2012-11-28,21.894590377807617,21.918596626707,21.422448149167884,21.614505772054475,53018400,MSFT
2012-11-29,21.56649398803711,21.894592652007052,21.49447218118142,21.694532416594235,69551400,MSFT
2012-11-30,21.302419662475586,21.71054129771034,21.19838746028725,21.646522068032453,83690200,MSFT
2012-12-03,21.150371551513672,21.46246507783545,21.12636377012788,21.430456228993094,53173800,MSFT
2012-12-04,21.10234832763672,21.31040957037402,21.078340556703324,21.20637894900537,49777500,MSFT
2012-12-05,21.34242820739746,21.550491057151625,21.01432950910706,21.1103575774006,68283800,MSFT
2012-12-06,21.390439987182617,21.590500222437985,21.29441192900958,21.454459201410796,39182300,MSFT
2012-12-07,21.174373626708984,21.462460841114844,21.102353349445917,21.462460841114844,46162100,MSFT
2012-12-10,21.55849266052246,21.582498913324077,21.222391384252806,21.25440023010115,47031100,MSFT
2012-12-11,21.86258316040039,21.99862418700241,21.646517731149203,21.646517731149203,52282800,MSFT
2012-12-12,21.798568725585938,22.10266121709501,21.670530263794387,22.03063939154491,43966300,MSFT
2012-12-13,21.694536209106445,22.02263493043269,21.566497758166385,21.86258610358825,45080100,MSFT
2012-12-14,21.454463958740234,21.71054087243564,21.366438473619187,21.69453721008378,42077500,MSFT
2012-12-17,21.686532974243164,21.78256104644099,21.35043166887339,21.438458673670308,42046100,MSFT
2012-12-18,22.054645538330078,22.110662174290002,21.718544196231672,21.806571210648045,50486900,MSFT
2012-12-19,21.854583740234375,22.190685059083453,21.806569702209863,22.15867620918003,53519900,MSFT
2012-12-20,22.15068244934082,22.15068244934082,21.726553953011937,21.894605442628798,52607300,MSFT
2012-12-21,21.966615676879883,21.998624522624777,21.606506622633898,21.966615676879883,98776500,MSFT
2012-12-24,21.65452003479004,21.806566245158585,21.606506004377316,21.766554807537734,20842400,MSFT
2012-12-26,21.494476318359375,21.76655841299725,21.366437865157877,21.630517365678312,31631100,MSFT
2012-12-27,21.574491500854492,21.678523660884107,21.262398073442075,21.51847488837926,39394000,MSFT
2012-12-28,21.246397018432617,21.526481661558655,21.246397018432617,21.374435450775064,28239900,MSFT
2012-12-31,21.374446868896484,21.422462451428466,21.102366199578558,21.278418756511176,42749500,MSFT
2013-01-02,22.1026554107666,22.19068087616237,21.72654119251196,21.806565591694127,52899300,MSFT
2013-01-03,21.806568145751953,22.126664253632878,21.734546330686413,22.110659066654172,48294400,MSFT
2013-01-04,21.398441314697266,21.878586156192117,21.39043872259954,21.82256953784642,52521100,MSFT
2013-01-07,21.35843276977539,21.51047746118464,21.318419803874075,21.422451988878912,37110400,MSFT
2013-01-08,21.246397018432617,21.438456193284797,21.17437520944768,21.40644582202993,44703100,MSFT
2013-01-09,21.36644172668457,21.406453178164217,21.254406915131298,21.38244539147301,49047900,MSFT
2013-01-10,21.174373626708984,21.59049926388669,21.038334138059994,21.326419826127452,71431300,MSFT
2013-01-11,21.47046661376953,21.55049102144062,21.030334661086467,21.198384543490995,55512100,MSFT
2013-01-14,21.518478393554688,21.670524599567493,21.414447742917588,21.526480986117303,48324400,MSFT
2013-01-15,21.774559020996094,21.838579772583778,21.47046808264825,21.47046808264825,48244500,MSFT
2013-01-16,21.63852310180664,21.790567833099274,21.614515315968287,21.726548597202644,41077400,MSFT
2013-01-17,21.806568145751953,21.982620623501802,21.654521922131522,21.758554111154474,51685900,MSFT
2013-01-18,21.806568145751953,21.838578519709365,21.638518261491456,21.686532296088934,52167700,MSFT
2013-01-22,21.726543426513672,21.966616648745365,21.606507578567133,21.84657927446021,58650600,MSFT
2013-01-23,22.094646453857422,22.118652698260156,21.76654788542386,21.76654788542386,50387700,MSFT
2013-01-24,22.110660552978516,22.46276705848618,21.982622101219135,22.166678711169645,101739300,MSFT
2013-01-25,22.31071662902832,22.590801261957992,21.918598753462163,22.070644958710577,81847700,MSFT
2013-01-28,22.33473014831543,22.59080706950914,22.214694282298236,22.414754567773176,56056500,MSFT
2013-01-29,22.414749145507812,22.510777204556252,22.086650478805094,22.262702937952888,49242600,MSFT
2013-01-30,22.286712646484375,22.558794714588362,22.21469083278987,22.414751087199356,43580500,MSFT
2013-01-31,21.966615676879883,22.382739829594794,21.92660271177558,22.23869773423495,50530000,MSFT
2013-02-01,22.350725173950195,22.44675321256167,22.04663282355816,22.14266238850779,55565900,MSFT
2013-02-04,21.958614349365234,22.422754086954342,21.942609162401112,22.302718237400693,50540000,MSFT
2013-02-05,22.00663185119629,22.13467031440523,21.894598577473186,22.102661461772435,35410400,MSFT
2013-02-06,21.87858772277832,22.03863652351614,21.806565915080153,21.910596567122795,41889600,MSFT
2013-02-07,21.83057975769043,21.918605248845328,21.686536102278346,21.886596395608702,38028300,MSFT
2013-02-08,22.04663848876953,22.17467692404498,21.854580835856357,21.886591207844493,33318500,MSFT
2013-02-11,22.294715881347656,22.342729916412715,22.006628618279983,22.12666446911196,32247700,MSFT
2013-02-12,22.31071662902832,22.406746212958492,22.20668597891422,22.31071662902832,35990900,MSFT
2013-02-13,22.430753707885742,22.494772920919694,22.310716347900954,22.350729310008695,41715600,MSFT
2013-02-14,22.438762664794922,22.45476632783883,22.302721607719047,22.342733054837122,32663200,MSFT
2013-02-15,22.414749145507812,22.5347849824876,22.31071696747711,22.43875692343916,49650900,MSFT
2013-02-19,22.632600784301758,22.66487617741267,22.430884194284896,22.495433441531272,38781400,MSFT
2013-02-20,22.487367630004883,22.753633485002815,22.45509223474426,22.697151543296727,44110200,MSFT
2013-02-21,22.18076515197754,22.382481824737223,21.97097962763034,22.382481824737223,49078500,MSFT
2013-02-22,22.39861297607422,22.39861297607422,22.172689814636968,22.334063721231523,31425900,MSFT
2013-02-25,22.083938598632812,22.63260657102313,22.083938598632812,22.56805730727275,48011800,MSFT
2013-02-26,22.083938598632812,22.269517539543177,22.05973204761048,22.09200590999775,49923300,MSFT
2013-02-27,22.43895721435547,22.59226228218349,22.051661658872213,22.124279767897292,36394700,MSFT
2013-02-28,22.430891036987305,22.568058421601673,22.382479471528093,22.495440303924894,35840200,MSFT
2013-03-01,22.551921844482422,22.57612685727906,22.204968963955633,22.366341358844817,34849700,MSFT
2013-03-04,22.71329116821289,22.71329116821289,22.35020217457508,22.471231839121018,38157500,MSFT
2013-03-05,22.874666213989258,23.027971284132697,22.721361143845822,22.82625465356661,41432200,MSFT
2013-03-06,22.66488265991211,22.777843490157917,22.414754447663874,22.761705788986834,51448500,MSFT
2013-03-07,22.705224990844727,22.818187358160834,22.600333012953904,22.681019978472307,29196700,MSFT
2013-03-08,22.592260360717773,22.858526224838638,22.559984964351315,22.793976971081324,37667800,MSFT
2013-03-11,22.487367630004883,22.56805304020534,22.325993731652872,22.543848032735422,36627500,MSFT
2013-03-12,22.519649505615234,22.55192491236924,22.301795126953984,22.46316908277182,39255200,MSFT
2013-03-13,22.5277099609375,22.608396908773358,22.390542611309197,22.487367256507333,29093400,MSFT
2013-03-14,22.705224990844727,22.72136269174358,22.535783748334357,22.592264162504478,55914800,MSFT
2013-03-15,22.624542236328125,22.72136537520462,22.57612912791383,22.61647338492574,92710300,MSFT
2013-03-18,22.672954559326172,22.81819081144404,22.438962477808253,22.49544290052607,44809400,MSFT
2013-03-19,22.73750114440918,22.76977500829809,22.61647146161792,22.68908957908786,51901600,MSFT
2013-03-20,22.8504581451416,22.98762550636638,22.73749733200672,22.8665958438682,35447800,MSFT
2013-03-21,22.681018829345703,22.882735463433868,22.63260572910198,22.681018829345703,34233200,MSFT
2013-03-22,22.79397964477539,22.866597756142294,22.67294997215581,22.745568083522716,28720900,MSFT
2013-03-25,22.72136688232422,22.87467199118619,22.559992921524653,22.834327731498227,44154000,MSFT
2013-03-26,22.72136688232422,22.866603139248596,22.6810241616124,22.785916158848813,27824300,MSFT
2013-03-27,22.890806198120117,22.955355464783768,22.656814144604436,22.705225709858198,36047400,MSFT
2013-03-28,23.084447860717773,23.124790564540795,22.80204431703012,22.850455869412844,55453800,MSFT
2013-04-01,23.084447860717773,23.124790564540795,22.882731263651664,23.108652867421384,29201100,MSFT
2013-04-02,23.23775863647461,23.278102891895035,23.011836962024162,23.068317380636774,28456500,MSFT
2013-04-03,23.04410743713379,23.358786427213577,23.027971276315554,23.197412507225184,35062800,MSFT
2013-04-04,23.076383590698242,23.084452440858872,22.8101176913007,22.906940815276638,45263200,MSFT
2013-04-05,23.157066345214844,23.22161559579415,22.681015045076645,22.769769302763486,50927300,MSFT
2013-04-08,23.068315505981445,23.181276334026865,22.9714908398169,23.181276334026865,34759500,MSFT
2013-04-09,23.891319274902344,24.0607605133743,23.140933129724637,23.181275842034392,77733800,MSFT
2013-04-10,24.43191909790039,24.464192958853424,23.818700350035037,23.859043060970272,71116700,MSFT
2013-04-11,23.3507137298584,23.560499175687006,23.18127098789181,23.479812228987463,130923200,MSFT
2013-04-12,23.22969627380371,23.415275271350122,23.124802726337435,23.278107851647054,62886300,MSFT
2013-04-15,23.149005889892578,23.382996430967083,23.003769638685466,23.116730483412738,56332900,MSFT
2013-04-16,23.374923706054688,23.51209108291281,23.157070904318942,23.31844329305002,52797300,MSFT
2013-04-17,23.261962890625,23.4314056686919,23.076383950960736,23.278100591198196,52840700,MSFT
2013-04-18,23.22969627380371,23.38299986013702,22.995704159437647,23.358794840703503,56906600,MSFT
2013-04-19,24.020418167114258,24.399644901122834,23.891319638984708,23.899388489364785,99790700,MSFT
2013-04-22,24.875696182250977,25.158099788305424,24.423851335949372,24.448056347998484,137904000,MSFT
2013-04-23,24.690114974975586,24.932174307102763,24.512603361705004,24.770801932009878,59126900,MSFT
2013-04-24,25.626081466674805,25.75517998981366,24.69011640443023,24.706254104566536,90946600,MSFT
2013-04-25,25.771318435668945,26.497498034081673,25.448572118482826,25.585737956683072,110700200,MSFT
2013-04-26,25.650283813476562,25.803587322721693,25.375949112018752,25.739038071730178,47799300,MSFT
2013-04-29,26.311912536621094,26.36839293568065,25.63414466995552,25.658349675852218,59116400,MSFT
2013-04-30,26.707277297973633,26.71534768583447,26.045647079137023,26.271571769973495,75165200,MSFT
2013-05-01,26.400678634643555,26.691151130596687,26.303852417357778,26.570119897965515,54330900,MSFT
2013-05-02,26.755693435668945,26.763760746496587,26.13440585159022,26.3280551689199,46059500,MSFT
2013-05-03,27.02196502685547,27.04617004102033,26.691149828810566,26.812177977586828,46784600,MSFT
2013-05-06,27.23174285888672,27.36084136858117,26.828309631347658,26.965475451294335,40978300,MSFT
2013-05-07,26.876726150512695,27.264021728933223,26.820245737698347,27.151060903304526,43078300,MSFT
2013-05-08,26.6185302734375,26.82024692180927,26.344195508533822,26.68307800038154,51595700,MSFT
2013-05-09,26.35226058959961,26.6265953312824,26.295780179072406,26.505564121323232,46417800,MSFT
2013-05-10,26.37645721435547,26.40066529542157,26.077917556778303,26.360319519628252,36394900,MSFT
2013-05-13,26.65079689025879,26.68307228579443,26.26350137768445,26.311914470987915,36027600,MSFT
2013-05-14,27.243938446044922,27.243938446044922,26.65079608641539,26.699548659637312,56870100,MSFT
2013-05-15,27.503948211669922,27.54457690909878,27.162689469915488,27.178940328980143,46303900,MSFT
2013-05-16,27.690832138061523,27.74770859624665,27.26019211240121,27.333319430001303,59382900,MSFT
2013-05-17,28.33271598815918,28.33271598815918,27.707072026334384,27.73144985829832,60666700,MSFT
2013-05-20,28.503358840942383,28.519606602150635,28.178347825151675,28.218973427241824,54020800,MSFT
2013-05-21,28.31647491455078,28.657736784123262,28.21084897117796,28.519606020392708,48702400,MSFT
2013-05-22,28.121475219726562,28.308355494603322,27.918344081877667,28.26772988694058,66047500,MSFT
2013-05-23,27.747711181640625,28.072719101619036,27.54458006932857,27.81271152582239,51102700,MSFT
2013-05-24,27.84520721435547,27.853331093292407,27.54457410114267,27.560821859016553,33174400,MSFT
2013-05-28,28.45461082458496,28.584614631854908,27.958970340763525,27.96709422267122,48212100,MSFT
2013-05-29,28.340850830078125,28.45460374569817,28.08896716010911,28.22709791445808,38412200,MSFT
2013-05-30,28.462724685668945,28.6414810200564,28.283971450815656,28.316470066539967,51131000,MSFT
2013-05-31,28.357107162475586,28.665864250312087,28.267728968799464,28.292103712698374,56165700,MSFT
2013-06-03,28.917747497558594,28.950249221917446,28.30023023241558,28.373354462920446,51252600,MSFT
2013-06-04,28.430234909057617,29.039628311713994,28.251478519093837,28.94212313562368,65529500,MSFT
2013-06-05,28.259597778320312,28.348975958682853,27.97521547674371,28.113343137642453,46025100,MSFT
2013-06-06,28.40584945678711,28.527729344487025,28.02396513442703,28.30834740634776,37618500,MSFT
2013-06-07,28.98274803161621,29.07212622440566,28.487110679889806,28.64148922227655,40757300,MSFT
2013-06-10,28.82023048400879,28.966485068272235,28.55209604634799,28.85272909198578,35994500,MSFT
2013-06-11,28.308351516723633,28.5846099493598,28.178347730749834,28.47898090465148,39435900,MSFT
2013-06-12,28.438356399536133,28.657738377991024,28.316476489438458,28.552109329208697,37372700,MSFT
2013-06-13,28.210844039916992,28.454600704411654,28.105215015473448,28.430225967822434,45654900,MSFT
2013-06-14,27.95083999633789,28.1864697116042,27.828960099155513,28.072716793985734,53192600,MSFT
2013-06-17,28.438356399536133,28.568360190524043,28.13772321403937,28.186472698450544,49670100,MSFT
2013-06-18,28.422103881835938,28.57648240603256,28.35710353989751,28.413980001419144,28616500,MSFT
2013-06-19,28.105228424072266,28.511490758563315,28.105228424072266,28.405861683725668,30816200,MSFT
2013-06-20,27.211450576782227,27.893971373767787,27.113945391830423,27.837091799444863,54493700,MSFT
2013-06-21,27.032684326171875,27.406444767103146,26.853927985059403,27.34956831302814,85338500,MSFT
2013-06-24,27.398326873779297,27.78833825816148,26.463922467766697,26.76455566206516,56109000,MSFT
2013-06-25,27.35770034790039,27.93459513904851,27.187070934809565,27.690838391842302,44073400,MSFT
2013-06-26,27.91021156311035,28.015840601704344,27.53645108751262,27.723331325311488,48665900,MSFT
2013-06-27,28.129600524902344,28.259604335722884,28.032098441670776,28.048349305465262,28993100,MSFT
2013-06-28,28.064590454101562,28.267721531911445,27.902084971946802,27.934586688284607,65545500,MSFT
2013-07-01,27.9183406829834,28.430231955912703,27.89396594126027,28.23522472352327,31055400,MSFT
2013-07-02,27.577077865600586,27.983340078055402,27.325197277580806,27.95896533715922,37630000,MSFT
2013-07-03,27.633955001831055,27.92646429786322,27.30082010346882,27.34957268598577,15994400,MSFT
2013-07-05,27.796464920043945,27.820842764936874,27.284576670321517,27.698962839078046,26085900,MSFT
2013-07-08,27.893964767456055,28.10521975241456,27.609579361335953,27.910212528231213,32396900,MSFT
2013-07-09,27.91021156311035,28.113342660657107,27.739582185059376,28.09709490044379,25318500,MSFT
2013-07-10,28.194599151611328,28.283977337406853,27.88583899146355,27.902089852474994,29658800,MSFT
2013-07-11,28.99900245666504,29.064005913783593,28.357110365064187,28.43836158692695,53638300,MSFT
2013-07-12,28.98274803161621,29.031500618465472,28.665863965933653,28.9096238006449,35501200,MSFT
2013-07-15,29.389009475708008,29.429638180057413,28.909622999548663,28.97462334734477,34142600,MSFT
2013-07-16,29.470264434814453,29.60026823280877,29.21838072015389,29.259006325864295,36378500,MSFT
2013-07-17,29.039627075195312,29.567766141954728,28.836495949625924,29.52714053674785,37285100,MSFT
2013-07-18,28.795860290527344,29.16149684815603,28.61710705087996,29.02336920390422,49547100,MSFT
2013-07-19,25.513267517089844,26.54517239469162,25.204508906813093,26.3257935199478,248428500,MSFT
2013-07-22,26.0089054107666,26.0089054107666,25.675772071157937,25.757024823393696,79040700,MSFT
2013-07-23,25.85452651977539,26.03328288211367,25.765148338606252,25.927653840774266,65810400,MSFT
2013-07-24,25.968276977539062,26.155157202463784,25.911400522106945,26.03328041205254,52803100,MSFT
2013-07-25,25.505138397216797,25.716394910433745,25.39138548616428,25.692020172218022,63213000,MSFT
2013-07-26,25.6920223236084,25.6920223236084,25.358885892348045,25.39951304238824,38633600,MSFT
2013-07-29,25.627016067504883,25.675767089480605,25.513261616538806,25.57013806713832,28870700,MSFT
2013-07-30,25.878908157348633,26.098288615908164,25.63514985372922,25.82203168476773,45799500,MSFT
2013-07-31,25.870779037475586,26.041408430893558,25.76514998936857,25.976406535815176,43898400,MSFT
2013-08-01,25.732643127441406,26.073903375333234,25.675766677753938,26.04952863961976,42557900,MSFT
2013-08-02,25.911399841308594,25.91952527040929,25.651392309154843,25.74889590859607,29199900,MSFT
2013-08-05,25.757022857666016,26.000779546002903,25.708270280184855,25.9195267999682,30984000,MSFT
2013-08-06,25.659526824951172,25.732654162986567,25.497021284924134,25.63515052901681,36331500,MSFT
2013-08-07,26.049528121948242,26.082026735742364,25.39138237495712,25.62701514728488,38078600,MSFT
2013-08-08,26.723922729492188,26.870177345973467,26.041402219090912,26.19578381400677,59034400,MSFT
2013-08-09,26.569551467895508,26.732056985955335,26.382671206963945,26.626427934286205,26800700,MSFT
2013-08-12,26.707672119140625,26.788926406567253,26.374537289526792,26.374537289526792,25493700,MSFT
2013-08-13,26.372196197509766,26.63403593858666,26.355830823520467,26.601305190608066,39464100,MSFT
2013-08-14,26.470380783081055,27.296814860323224,25.93852026578078,26.29854906770906,48519600,MSFT
2013-08-15,26.012165069580078,26.331282031153226,25.234827040321385,26.183996799446287,33338000,MSFT
2013-08-16,26.020339965820312,26.1758078465901,25.905785506667552,26.012158842184363,32866300,MSFT
2013-08-19,25.684864044189453,26.159448927136058,25.67668135784874,25.987617196044557,27902500,MSFT
2013-08-20,25.873064041137695,26.102173027725694,25.668501554148172,25.72577880079517,22979600,MSFT
2013-08-21,25.864883422851562,26.192181555384106,25.807606171623966,25.864883422851562,37409100,MSFT
2013-08-22,26.503116607666016,26.58494347927854,26.265823362053684,26.33946598581696,31169900,MSFT
2013-08-23,28.43417739868164,28.80239039214819,27.82049011669571,28.7778407783338,225493800,MSFT
2013-08-26,27.943239212036133,28.368726472282642,27.8450469630167,28.147801715429146,72786800,MSFT
2013-08-27,27.214988708496094,27.902318709141763,27.124983846717,27.427735418020607,58522300,MSFT
2013-08-28,27.01861572265625,27.49319910565495,27.002250347880285,27.321367352571425,44257400,MSFT
2013-08-29,27.452285766601562,27.49319764067344,26.838598291395677,26.944971661083283,45284700,MSFT
2013-08-30,27.32954978942871,27.395008162818357,27.075891179276145,27.30500016820371,42790200,MSFT
2013-09-03,26.0858097076416,26.241277646984486,25.60304363617651,25.979437892736286,154507000,MSFT
2013-09-04,25.529403686523438,25.750330026900624,25.455761052834973,25.684870081476234,142320600,MSFT
2013-09-05,25.553939819335938,25.72577308176505,25.324830883680555,25.447568036451305,71644900,MSFT
2013-09-06,25.488489151000977,25.684868978843706,25.472123775175383,25.619409036229463,75434900,MSFT
2013-09-09,25.905786514282227,26.012159853936467,25.529392384890343,25.545756193486174,49628500,MSFT
2013-09-10,26.503116607666016,26.511300855515266,26.01216786349484,26.102174300892624,56881200,MSFT
2013-09-11,26.789505004882812,26.94497137324555,26.617670141415083,26.650400888873307,39087500,MSFT
2013-09-12,26.748584747314453,26.822227353918954,26.666761016142903,26.773134363766133,32860200,MSFT
2013-09-13,27.026798248291016,27.059528999537125,26.601307846220315,26.814054607943785,40899000,MSFT
2013-09-16,26.838598251342773,27.411373851621995,26.78132100345244,27.31318472972084,52839700,MSFT
2013-09-17,26.944971084594727,27.386826806419666,26.920424584951956,27.345911811847255,84716500,MSFT
2013-09-18,27.264095306396484,27.32955681799728,26.86315447265997,26.99407437448489,64099900,MSFT
2013-09-19,27.52592658996582,27.558657335635093,27.26408686736305,27.395006728664434,42026600,MSFT
2013-09-20,26.83041763305664,27.395008996397255,26.748590762109906,27.337731747422524,102904900,MSFT
2013-09-23,26.789505004882812,26.97770212070377,26.593123641509358,26.62585438896758,39826100,MSFT
2013-09-24,26.552209854125977,26.89587331354016,26.30673550863361,26.89587331354016,40685000,MSFT
2013-09-25,26.60130500793457,26.83859824708597,26.5113001336754,26.584942755433563,28907500,MSFT
2013-09-26,26.814050674438477,27.002247784431542,26.666765436813332,26.707677309181253,28504000,MSFT
2013-09-27,27.223176956176758,27.61593656836168,26.895875718668023,26.904059966362507,55348000,MSFT
2013-09-30,27.231361389160156,27.255911013848692,26.75677797065804,27.002252367909225,39839500,MSFT
2013-10-01,27.476837158203125,27.501383659952356,27.247725030164574,27.288636906871993,36718700,MSFT
2013-10-02,27.755035400390625,27.845043389753297,27.23954020538283,27.296817449272584,46946800,MSFT
2013-10-03,27.705947875976562,27.820502386382636,27.345915847413128,27.722313251945472,38703800,MSFT
2013-10-04,27.722299575805664,27.812307538543227,27.50955291453965,27.566830141486324,33008100,MSFT
2013-10-07,27.247722625732422,27.583204979330933,27.165898879537988,27.493196985691554,35069300,MSFT
2013-10-08,27.010427474975586,27.272270311242238,26.83859574733627,27.255904938889596,41017600,MSFT
2013-10-09,27.059524536132812,27.288633514312117,26.96951654574074,27.059524536132812,35878600,MSFT
2013-10-10,27.62411880493164,27.73049217960366,27.214993802290394,27.255908799655366,42875100,MSFT
2013-10-11,27.926868438720703,27.93504956386947,27.55865537951648,27.55865537951648,30033300,MSFT
2013-10-14,28.188709259033203,28.22962112914815,27.64048021109095,27.738672445017556,27757900,MSFT
2013-10-15,28.2214412689209,28.630566231163805,28.20507589586609,28.368723383662655,47097800,MSFT
2013-10-16,28.34416961669922,28.556916290483016,28.27871126264071,28.31143887898249,35111600,MSFT
2013-10-17,28.573284149169922,28.630564512110357,28.123247341999253,28.188708830288,31359200,MSFT
2013-10-18,28.60601806640625,28.630567687925453,28.09052283514164,28.49146357056967,41811700,MSFT
2013-10-21,28.630571365356445,28.80240313118211,28.5651098613983,28.622387116673522,27433500,MSFT
2013-10-22,28.295085906982422,28.720573151280167,28.245989784313004,28.655114775763582,40438500,MSFT
2013-10-23,27.62411880493164,28.221444055598795,27.550476179601176,28.10688643290336,58600500,MSFT
2013-10-24,27.59138298034668,27.90231564259397,27.468644267466082,27.67320670801699,53209700,MSFT
2013-10-25,29.23606300354004,29.694283984266654,29.023319443323256,29.358801713794954,113494000,MSFT
2013-10-28,29.105167388916016,29.236087332157062,28.859692885511258,29.137898155070694,38383600,MSFT
2013-10-29,29.064228057861328,29.22787861278546,28.851481400047536,29.154236019138338,31702200,MSFT
2013-10-30,29.08060073852539,29.285163203279158,28.990592754613655,29.07241649196496,36997700,MSFT
2013-10-31,28.97422981262207,29.203338793519006,28.916952567397836,29.178792294530265,41682300,MSFT
2013-11-01,29.07242202758789,29.203341905103475,28.95786752493376,29.186976530242017,40264600,MSFT
2013-11-04,29.407909393310547,29.440640148581178,29.088792332863463,29.121523088134094,28060700,MSFT
2013-11-05,29.980676651000977,30.037953895846854,29.26880009264813,29.285165465657773,51681900,MSFT
2013-11-06,31.24078941345215,31.27352016694472,30.324350165295307,30.471635434635427,88948800,MSFT
2013-11-07,30.684371948242188,31.101678033332963,30.62709470364886,31.06076616167712,60437400,MSFT
2013-11-08,30.913480758666992,30.913480758666992,30.553451920125532,30.8234727686877,36737800,MSFT
2013-11-11,30.758014678955078,30.913481040369657,30.56163332435837,30.83983842256786,26872500,MSFT
2013-11-12,30.569808959960938,30.766187137861728,30.438889134235456,30.586174328348477,31651600,MSFT
2013-11-13,31.224424362182617,31.224424362182617,30.19343058743137,30.25888897372238,44957600,MSFT
2013-11-14,31.109865188598633,31.199873187480755,30.86439081434122,30.987126440781914,46183700,MSFT
2013-11-15,30.962581634521484,31.109866891412867,30.86439250371929,31.05258963833024,50601300,MSFT
2013-11-18,30.43889808654785,30.74983393461005,30.332524721431035,30.561633703489612,53277500,MSFT
2013-11-19,30.290485382080078,30.694466668190373,30.232770624731614,30.38117281209168,44275000,MSFT
2013-11-20,30.570816040039062,30.842884760466998,30.389434796388027,30.438900120984773,32229900,MSFT
2013-11-21,30.83464241027832,30.94181937979496,30.71921597802789,30.727462295712986,23064700,MSFT
2013-11-22,30.974796295166016,31.065486913362985,30.776928714598522,30.941817316721938,27982000,MSFT
2013-11-25,31.032503128051758,31.28808545383148,30.974791497238268,31.271595967163627,30646800,MSFT
2013-11-26,30.79341697692871,31.040756185617845,30.79341697692871,30.974798224621093,34465300,MSFT
2013-11-27,30.999515533447266,31.131428245055872,30.908828099567135,30.974782882847876,26002100,MSFT
2013-11-29,31.436473846435547,31.568386536645523,31.180891633195817,31.180891633195817,22090400,MSFT
2013-12-02,31.7003116607666,31.972380315081114,31.378774548827696,31.403507205115964,42950400,MSFT
2013-12-03,31.584882736206055,31.733284937397887,31.39525840024923,31.444723703948313,52109800,MSFT
2013-12-04,32.10429763793945,32.137276614394764,31.428244345847155,31.502445470347446,51983600,MSFT
2013-12-05,31.329303741455078,32.05482534029158,30.65325059653275,32.030089540810685,116305000,MSFT
2013-12-06,31.62611198425293,31.782757389611213,31.32106434432448,31.675577299077656,36457300,MSFT
2013-12-09,31.91468048095703,32.046593271655276,31.634365407592128,31.791014008767494,30286000,MSFT
2013-12-10,31.42000389099121,32.07132457958269,31.345802760075113,31.832231697180973,37828600,MSFT
2013-12-11,31.00777816772461,31.57665144626261,30.826396914401432,31.378783847227123,39853400,MSFT
2013-12-12,30.686233520507812,31.032503307389835,30.65325454698152,31.032503307389835,36012800,MSFT
2013-12-13,30.249269485473633,30.87585739195656,30.19155785527757,30.851121589695417,40066100,MSFT
2013-12-16,30.41415786743164,30.50484846065743,30.125599748120145,30.282245135025295,31734200,MSFT
2013-12-17,30.109121322631836,30.595550291743844,29.952475878190224,30.455391192991854,45687700,MSFT
2013-12-18,30.158580780029297,30.17506712079092,29.292900072795657,29.977199581173053,63192100,MSFT
2013-12-19,29.886516571044922,30.133852630899014,29.746360623645433,30.1008736509055,34160100,MSFT
2013-12-20,30.3399600982666,30.447140187970955,29.837041767786143,29.84528808355846,62649100,MSFT
2013-12-23,30.191556930541992,30.414160273786404,30.133845302113574,30.34820547488873,25128700,MSFT
2013-12-24,30.570816040039062,30.645014026934177,30.208053552736995,30.274011512264142,14243000,MSFT
2013-12-26,30.867626190185547,30.908851499123664,30.64502273112766,30.66975854550043,17612800,MSFT
2013-12-27,30.74394416809082,31.01601282835864,30.64500725067714,30.98303700093533,14563000,MSFT
2013-12-30,30.74394416809082,30.818145283627118,30.42240704911616,30.686232538790133,16290500,MSFT
2013-12-31,30.842872619628906,30.98303165592826,30.686227244985982,30.834629450457122,17503500,MSFT
2014-01-02,30.636770248413086,30.834640978031317,30.587301779746394,30.79341568161813,30632200,MSFT
2014-01-03,30.430660247802734,30.686242651107257,30.17507784449821,30.66975315943771,31134800,MSFT
2014-01-06,29.787578582763672,30.414163389189746,29.771089095088225,30.38118441383885,43603700,MSFT
2014-01-07,30.0184268951416,30.08438484974355,29.853535153685105,29.95247208558803,35802800,MSFT
2014-01-08,29.482528686523438,29.795822671911314,29.33412958296948,29.680399399675856,59971700,MSFT
2014-01-09,29.29290771484375,29.606201736861216,29.185730746693256,29.58146907421859,36516300,MSFT
2014-01-10,29.7133846282959,29.80407525986342,29.47429171689951,29.597961331773217,40548800,MSFT
2014-01-13,28.839448928833008,29.696883282229024,28.715782508373465,29.672150627146657,45901900,MSFT
2014-01-14,29.499008178710938,29.581455591689874,28.550886517307326,28.633330785239043,41623300,MSFT
2014-01-15,30.306983947753906,30.331719752326528,29.5567295400484,29.59795483265335,44812600,MSFT
2014-01-16,30.41415786743164,30.50484846065743,29.935975391851503,30.249266165661805,38018700,MSFT
2014-01-17,29.993690490722656,30.364696076426842,29.804066112484513,30.364696076426842,46267500,MSFT
2014-01-21,29.820554733276367,30.356452080814172,29.7298672676599,30.356452080814172,31567300,MSFT
2014-01-22,29.622690200805664,29.944227384216006,29.47428793999342,29.89475891559574,21904300,MSFT
2014-01-23,29.7298583984375,29.787570016180236,29.284651794381585,29.754591050313735,43954000,MSFT
2014-01-24,30.348215103149414,30.95831055296496,30.117365371148598,30.875866241924655,76395500,MSFT
2014-01-27,29.70513343811035,30.4141657376626,29.663911288262803,30.397676248713893,44420800,MSFT
2014-01-28,29.90300750732422,30.00194130704114,29.474290181819175,29.779337898891473,36205500,MSFT
2014-01-29,30.22454833984375,30.405929615284087,29.5979633397622,29.663918165800126,52745900,MSFT
2014-01-30,30.389434814453125,30.405924304344715,29.87002689053825,30.331723172356874,35036300,MSFT
2014-01-31,31.19740867614746,31.238630838562454,30.14210622208646,30.463643491992585,93162300,MSFT
2014-02-03,30.07613182067871,31.321061203043225,30.034909680776398,31.114947358483985,64063100,MSFT
2014-02-04,29.968957901000977,30.661500686873804,29.88651360424996,30.480122605011907,54697900,MSFT
2014-02-05,29.53199005126953,30.067887280725387,29.515500567050385,29.91948506780061,55814400,MSFT
2014-02-06,29.828794479370117,29.886506101617712,29.4248099785894,29.51550056927778,35351800,MSFT
2014-02-07,30.1420841217041,30.166816772009074,29.688631232465724,29.944213484123075,33260500,MSFT
2014-02-10,30.3399600982666,30.3399600982666,29.919489200269478,30.199804180616884,26767000,MSFT
2014-02-11,30.645009994506836,30.719211116686804,30.389430797591107,30.40592028530312,32141400,MSFT
2014-02-12,30.892358779907227,30.9995357658202,30.752199663256846,30.793421822842543,27051800,MSFT
2014-02-13,31.00777816772461,31.21389208466503,30.77693158716695,30.77693158716695,37635500,MSFT
2014-02-14,31.016014099121094,31.147926849362698,30.776924401528714,30.826389717214287,31407500,MSFT
2014-02-18,31.082460403442383,31.38149047463447,31.074155420856506,31.25689672405862,32834000,MSFT
2014-02-19,31.1572208404541,31.356575296137372,30.908030147323696,30.916338299319268,29750400,MSFT
2014-02-20,31.3565673828125,31.45624300118363,31.06584550896721,31.207052370940417,27526100,MSFT
2014-02-21,31.54762077331543,31.854955847836735,31.447945132400964,31.514394503466775,38021300,MSFT
2014-02-24,31.30673599243164,31.547621702985744,31.182142229774804,31.30673599243164,32085100,MSFT
2014-02-25,31.182138442993164,31.439634089059115,31.02431526004311,31.240282825564908,30736500,MSFT
2014-02-26,31.124006271362305,31.348278907256006,30.89142548119526,31.215376956574456,41041800,MSFT
2014-02-27,31.44794464111328,31.472862758794747,30.92464198938239,31.107383302063656,33903400,MSFT
2014-02-28,31.821725845336914,31.946319577301068,31.41471204954007,31.54761393148032,41215000,MSFT
2014-03-03,31.381494522094727,31.67221964819751,31.140611972460835,31.497783305083164,29717500,MSFT
2014-03-04,31.90479278564453,31.96293716906805,31.622375851031215,31.73035963537399,26802400,MSFT
2014-03-05,31.655611038208008,31.788512976143814,31.506095961951214,31.77189983782282,20520100,MSFT
2014-03-06,31.688844680786133,31.763602236291604,31.4728770010446,31.68053652537837,23582200,MSFT
2014-03-07,31.481176376342773,31.863269034079256,31.30674001639177,31.796816483882306,26591600,MSFT
2014-03-10,31.41471290588379,31.572532904792773,31.33165041564346,31.555922941649424,19006600,MSFT
2014-03-11,31.580860137939453,31.755293374025122,31.331669348012383,31.456263158659514,25216400,MSFT
2014-03-12,31.788509368896484,31.92141129175105,31.38980360033279,31.398108584234798,30494100,MSFT
2014-03-13,31.47287940979004,31.938037920605957,31.265219869563257,31.913116621108223,32169700,MSFT
2014-03-14,31.31505584716797,31.680535456961874,31.157232586071803,31.27352457742842,27195600,MSFT
2014-03-17,31.60576820373535,31.904798323896102,31.389803766192472,31.481174432756237,20479600,MSFT
2014-03-18,32.85173034667969,33.14245553087152,31.74698351892121,31.780206628819208,64063900,MSFT
2014-03-19,32.619144439697266,32.85172199300407,32.320114346227655,32.78527262147278,35597200,MSFT
2014-03-20,33.4996223449707,33.7654261743884,32.59422706081929,32.602532044212275,59269800,MSFT
2014-03-21,33.358421325683594,34.00631793953233,33.23382436057463,33.82357973764028,80721800,MSFT
2014-03-24,33.64083480834961,33.757123606878814,33.10922706156917,33.507932871654496,46098400,MSFT
2014-03-25,33.5079460144043,34.04786212635388,33.19230260271223,33.77374999205024,43193100,MSFT
2014-03-26,33.05107498168945,33.81526014794218,32.893251790105374,33.624213856379,41977500,MSFT
2014-03-27,32.69390106201172,33.200590576578335,32.67728792742888,33.00954428182282,35369200,MSFT
2014-03-28,33.474700927734375,33.75711789147459,32.95970640631336,33.05107706643984,43472700,MSFT
2014-03-31,34.04783630371094,34.471460081600455,33.55775999749234,33.58267811130027,46886300,MSFT
2014-04-01,34.40501403808594,34.54622410308566,34.11429209342701,34.18074463428137,32605000,MSFT
2014-04-02,34.34687423706055,34.60437311431943,34.19735916879823,34.421631771191706,28666700,MSFT
2014-04-03,34.064449310302734,34.29703001160109,33.81525864406921,34.29703001160109,30139600,MSFT
2014-04-04,33.117523193359375,34.38009283876883,32.92647690847016,34.26380407132594,51409600,MSFT
2014-04-07,33.059391021728516,33.44979188689853,33.00955477077571,33.19229297199007,37559600,MSFT
2014-04-08,33.07600021362305,33.1673708876404,32.56100561390857,33.01785581536328,35918600,MSFT
2014-04-09,33.61592102050781,33.68237041310859,33.125844471626074,33.16737573808062,27398700,MSFT
2014-04-10,32.69390106201172,33.798647578403425,32.46962849809052,33.59098814906507,45960800,MSFT
2014-04-11,32.56929397583008,33.05106522253282,32.394860870077885,32.394860870077885,34330200,MSFT
2014-04-14,32.544376373291016,32.735422611420695,32.311798895329744,32.486232003800694,32006600,MSFT
2014-04-15,33.017852783203125,33.19228596196352,32.43640568537005,32.67729140954303,33968700,MSFT
2014-04-16,33.557777404785156,33.5743873768525,33.15076337921818,33.275360350151416,30615800,MSFT
2014-04-17,33.23382568359375,33.39164893483228,32.81850667487353,33.23382568359375,36688400,MSFT
2014-04-21,33.17567443847656,33.350110794349106,33.05108066271837,33.333497657188296,22221200,MSFT
2014-04-22,33.21720504760742,33.34179880904443,33.08430313422902,33.192283760414774,27056700,MSFT
2014-04-23,32.968021392822266,33.217215330098135,32.78528318575451,33.217215330098135,24602800,MSFT
2014-04-24,33.10922622680664,33.20059690009938,32.64406787578545,33.0095505689564,42381600,MSFT
2014-04-25,33.15074920654297,33.790340591204476,33.01784730639456,33.46639240763217,56876800,MSFT
2014-04-28,33.948177337646484,34.29704697785922,33.30028065120786,33.34181192135317,50610200,MSFT
2014-04-29,33.64912414550781,34.2139579059595,33.54944853149594,34.13920040329293,29636200,MSFT
2014-04-30,33.557777404785156,33.640839939652246,33.36672787105218,33.557777404785156,35458700,MSFT
2014-05-01,33.22551345825195,33.524543586357325,33.18398220015552,33.424867933199494,28787400,MSFT
2014-05-02,32.968021392822266,33.50793736540994,32.943103266547695,33.483019239135366,43416600,MSFT
2014-05-05,32.75204849243164,32.926481668814645,32.6440646919238,32.826806020686035,22460900,MSFT
2014-05-06,32.44472885131836,32.68561151832549,32.35335814341111,32.6357752548366,27112400,MSFT
2014-05-07,32.74375534057617,32.81851290307839,31.98787472800178,32.57763024046739,41744500,MSFT
2014-05-08,32.92648696899414,33.142454604774144,32.369961078007655,32.677296224244486,32120400,MSFT
2014-05-09,32.843421936035156,33.10091764620943,32.70221185132462,32.843421936035156,29647600,MSFT
2014-05-12,33.20058822631836,33.242119475519765,32.934784429071954,33.00954194508696,22782600,MSFT
2014-05-13,33.81123352050781,33.878154864258306,33.33443011473411,33.39298469502314,27004800,MSFT
2014-05-14,33.66067886352539,33.836342666935494,33.501742211023114,33.71086669822174,18818700,MSFT
2014-05-15,33.12531661987305,33.794517514000866,33.05003167883299,33.53520200797702,37793200,MSFT
2014-05-16,33.31770706176758,33.32607063527093,32.84926717093759,33.18386435782841,29867100,MSFT
2014-05-19,33.25078201293945,33.309336593909826,33.008196925499135,33.13367285099871,24537400,MSFT
2014-05-20,33.19222640991211,33.4097143909644,33.00819590910884,33.19222640991211,21320900,MSFT
2014-05-21,33.75267791748047,33.75267791748047,33.24241704627822,33.29260486158505,22398700,MSFT
2014-05-22,33.543556213378906,33.75268063663186,33.334431790125954,33.70249281728184,20201800,MSFT
2014-05-23,33.5602912902832,33.769415743073324,33.45991244642,33.769415743073324,18020000,MSFT
2014-05-27,33.618839263916016,33.677393843891906,33.30097245575698,33.677393843891906,26160600,MSFT
2014-05-28,33.4682731628418,33.6188430112733,33.30933974104661,33.57701876248358,25711500,MSFT
2014-05-29,33.74432373046875,33.75268730501762,33.384629396131444,33.585390286151416,19888200,MSFT
2014-05-30,34.24619674682617,34.27129383454733,33.669014784980675,33.83631487552517,34567600,MSFT
2014-06-02,34.12075424194336,34.37170300415868,34.02873895123419,34.25459379452397,18504300,MSFT
2014-06-03,33.70249938964844,34.0287330429846,33.669038709566244,33.96181168282022,18068900,MSFT
2014-06-04,33.72758865356445,33.76941290240706,33.34280045863544,33.63557339151933,23209000,MSFT
2014-06-05,34.47206115722656,34.50552182301249,33.794500225477634,33.953433601483674,31865200,MSFT
2014-06-06,34.697914123535156,34.84848392103093,34.49715652086383,34.697914123535156,24060500,MSFT
2014-06-09,34.522254943847656,34.69791866693288,34.3131305522743,34.622633758327076,15019200,MSFT
2014-06-10,34.38841247558594,34.430236712072805,34.179288102166886,34.321491144419184,15117700,MSFT
2014-06-11,34.17930221557617,34.35496599594741,34.10401728241907,34.237856809033254,18040000,MSFT
2014-06-12,33.94507598876953,34.196024644242485,33.702490905718726,34.13747006433164,29818900,MSFT
2014-06-13,34.488800048828125,34.77320939661777,34.17929679096412,34.380054453530036,26310000,MSFT
2014-06-16,34.714656829833984,34.80667209343463,34.3298686284001,34.3298686284001,24205300,MSFT
2014-06-17,34.865234375,35.05762851817414,33.74432700838678,34.53900068914009,22518600,MSFT
2014-06-18,34.840126037597656,34.915410948634616,34.44697114762851,34.80666536802899,27097000,MSFT
2014-06-19,34.723018646240234,34.94050983846969,34.57245199367785,34.77320965775139,19828200,MSFT
2014-06-20,34.865234375,34.990710342324455,34.61428563133748,34.67284023182586,47764900,MSFT
2014-06-23,35.124542236328125,35.13290580986819,34.87359035632621,34.90705103245789,18743900,MSFT
2014-06-24,34.92377853393555,35.082711946173546,34.76484512169755,34.99069988076341,26509100,MSFT
2014-06-25,35.157989501953125,35.17471983515589,34.68118617412106,34.881946981569456,20049100,MSFT
2014-06-26,34.898685455322266,35.08271278150977,34.656100353773375,35.07434920844987,23604400,MSFT
2014-06-27,35.3420295715332,35.37549024702328,34.72301983890935,34.80667152763455,74640000,MSFT
2014-06-30,34.881954193115234,35.30856660953747,34.881954193115234,35.27510593621424,30793100,MSFT
2014-07-01,35.0241584777832,35.25838000814902,34.873588633614304,35.01579490465628,26917000,MSFT
2014-07-02,35.04925537109375,35.04925537109375,34.739748920480615,34.907049100895854,20208100,MSFT
2014-07-03,34.96559143066406,35.124527982298,34.764833837315656,35.05760665719225,15969300,MSFT
2014-07-07,35.124542236328125,35.23328464727753,34.89032069439205,34.923781370523734,21952400,MSFT
2014-07-08,34.94887161254883,35.13290212096444,34.80666854039885,35.02415653044745,31218200,MSFT
2014-07-09,34.85685729980469,35.124539496996135,34.73974813346275,35.11617273312288,18445900,MSFT
2014-07-10,34.87358856201172,35.132904002211404,34.33823053539285,34.605909548702286,21854700,MSFT
2014-07-11,35.208187103271484,35.208187103271484,34.69792301335684,34.88195352210911,24083000,MSFT
2014-07-14,35.25000762939453,35.50932302882274,35.166359147506746,35.316928967692796,21881100,MSFT
2014-07-15,35.50933074951172,35.52606108772391,35.15800002902712,35.40895191122429,28748700,MSFT
2014-07-16,36.87282943725586,37.06522357380856,35.53443086547416,35.55952478168086,63318000,MSFT
2014-07-17,37.2492561340332,38.23632406151236,37.01503770750823,38.01883597845156,82180300,MSFT
2014-07-18,37.383079528808594,37.50855545504911,37.01502170468062,37.34962204733176,43407500,MSFT
2014-07-21,37.50856018066406,37.77623921211509,36.98993245610093,37.27434182589086,37604400,MSFT
2014-07-22,37.50019836425781,37.76787740825235,37.299437485768955,37.642401460323576,43095800,MSFT
2014-07-23,37.533653259277344,38.018823487375634,37.32452882116305,38.018823487375634,52362900,MSFT
2014-07-24,37.14049530029297,37.64239259178943,37.07357395956802,37.58383801414768,30725300,MSFT
2014-07-25,37.224151611328125,37.35799112993167,37.05685141532724,37.05685141532724,26737700,MSFT
2014-07-28,36.78080749511719,37.232513859960335,36.74734681891081,37.107041110665016,29684200,MSFT
2014-07-29,36.71388244628906,36.88118261949114,36.504758027532816,36.73061278270781,27763100,MSFT
2014-07-30,36.45457077026367,36.88954675990339,36.21198567493677,36.864452850381795,31921400,MSFT
2014-07-31,36.10323715209961,36.54657986959097,36.03631900181091,36.28726764961762,31537500,MSFT
2014-08-01,35.8522834777832,36.17851699329233,35.634792340120626,36.14505632734659,31170300,MSFT
2014-08-04,36.278900146484375,36.36255182137049,35.81046353106261,35.94430301989527,34277400,MSFT
2014-08-05,36.03631591796875,36.35418268886241,35.82719153086165,36.2287099711891,26266400,MSFT
2014-08-06,35.751914978027344,36.1116060721946,35.30856900389372,35.751914978027344,24634000,MSFT
2014-08-07,36.161800384521484,36.34583092608197,35.676633308115576,35.835566745199486,30314900,MSFT
2014-08-08,36.136695861816406,36.2370746772951,35.89411079933996,36.16178976793983,28942700,MSFT
2014-08-11,36.136695861816406,36.34582025547161,35.986126043105855,36.186883674063246,20351600,MSFT
2014-08-12,36.40437698364258,36.462931562050585,35.969397836193636,36.00285850699399,21431100,MSFT
2014-08-13,36.87282943725586,36.95647795193572,36.404389458484324,36.53822899656386,22889500,MSFT
2014-08-14,37.03176498413086,37.15723776324085,36.81427372809519,36.87283152086362,19313200,MSFT
2014-08-15,37.46672821044922,37.55874345686099,37.14049465752394,37.29106448056408,41611300,MSFT
2014-08-18,37.734413146972656,37.734413146972656,37.37471886744955,37.59220687342404,26891100,MSFT
2014-08-19,38.1552734375,38.163689247705285,37.73441228708901,37.85225289545757,28139500,MSFT
2014-08-20,37.83540725708008,38.21418282644221,37.793321796243134,38.16367834688898,24770500,MSFT
2014-08-21,38.06269836425781,38.087949015669786,37.734427052234125,37.74284286573244,22285500,MSFT
2014-08-22,38.00376510620117,38.273115999338685,37.93642577745883,38.172107006225175,18294500,MSFT
2014-08-25,38.02058792114258,38.24785328663489,37.91116635365438,38.21418684097747,16910000,MSFT
2014-08-26,37.88592529296875,38.214199738977584,37.827004979537584,38.13844459157804,14873100,MSFT
2014-08-27,37.7680778503418,37.877502645930875,37.67548788568301,37.79333170219508,21287900,MSFT
2014-08-28,37.77649688720703,37.86066783097835,37.54923148592566,37.667072091571775,17657600,MSFT
2014-08-29,38.239437103271484,38.24785291187459,37.759655740015994,37.95325144703881,21607600,MSFT
2014-09-02,37.953250885009766,38.26468717335501,37.75123616146023,38.23943653700447,22976800,MSFT
2014-09-03,37.84383010864258,37.97008972556857,37.481889298431206,37.481889298431206,33684500,MSFT
2014-09-04,38.096351623535156,38.10477064503214,37.64182400109102,37.65865883316908,26475500,MSFT
2014-09-05,38.643463134765625,38.6602979627952,37.97008606815837,37.97008606815837,36939400,MSFT
2014-09-08,39.11483383178711,39.39260050352305,38.710807538679475,38.73605817858759,45736700,MSFT
2014-09-09,39.35893249511719,39.535696614640294,39.072746790788926,39.11483547362319,40302400,MSFT
2014-09-10,39.42628860473633,39.510459584409425,38.95492277018262,39.4094537666183,27302400,MSFT
2014-09-11,39.56096267700195,39.56096267700195,39.11485072111642,39.342116211166676,29216400,MSFT
2014-09-12,39.30843734741211,39.577788262823034,39.224263179523575,39.485198283603744,38244700,MSFT
2014-09-15,38.92124938964844,39.31685677692413,38.80340554375977,39.17376549471976,37667600,MSFT
2014-09-16,39.35893249511719,39.43468762893689,38.96332520598377,39.047496149820915,27910600,MSFT
2014-09-17,39.15692138671875,39.30001263503723,38.91282115155881,38.93807179281131,38311900,MSFT
2014-09-18,39.291595458984375,39.41785508268902,39.10641553379506,39.21584032694471,35556600,MSFT
2014-09-19,39.998653411865234,40.040738894499434,39.22426704554659,39.401031210076646,202522400,MSFT
2014-09-22,39.611446380615234,39.880797217492535,39.544107065938285,39.813457902815585,38686100,MSFT
2014-09-23,39.19060516357422,39.54412711209379,39.11485000161761,39.4347022757305,33430300,MSFT
2014-09-24,39.628299713134766,39.653550362471414,39.00542360519116,39.249523918501275,26582700,MSFT
2014-09-25,38.752906799316406,39.63671483068066,38.7444877757407,39.45995386659115,33077400,MSFT
2014-09-26,39.0643310546875,39.24109196362938,38.51721028596374,38.66030474385647,27078800,MSFT
2014-09-29,39.089595794677734,39.190604817004555,38.517224178493166,38.70240417517548,26091000,MSFT
2014-09-30,39.02224349975586,39.1232492693432,38.72763878966247,39.03065930934,33033100,MSFT
2014-10-01,38.63505935668945,39.16534215562643,38.59297066805206,38.946495744926175,38088400,MSFT
2014-10-02,38.517208099365234,38.80339378798842,38.416202330120434,38.5761316099165,25119400,MSFT
2014-10-03,38.79498291015625,38.97174383153385,38.39095657090063,38.70239293869677,32453200,MSFT
2014-10-06,38.79498291015625,38.97174383153385,38.651888442196345,38.8202335529485,20604000,MSFT
2014-10-07,38.323631286621094,38.66032163151167,38.231041281230326,38.601401302793384,25723700,MSFT
2014-10-08,39.375762939453125,39.468352893908516,38.163684144283835,38.28152473689421,33031000,MSFT
2014-10-09,38.59296798706055,39.39260485187962,38.50038122687207,39.140088792177785,34422800,MSFT
2014-10-10,37.0610237121582,38.82022306171383,36.993687612604596,38.38252717641269,51978100,MSFT
2014-10-13,36.74118423461914,37.507151494148815,36.60650877835841,36.884275502120346,37100200,MSFT
2014-10-14,36.80851364135742,37.35563438873151,36.66542239996407,36.926354242720315,38115700,MSFT
2014-10-15,36.37924575805664,36.52233703505361,35.43651429075421,36.19406578931574,60218700,MSFT
2014-10-16,35.975215911865234,36.26140164932577,35.53751988922465,35.7984517718778,49040400,MSFT
2014-10-17,36.7243537902832,36.98528571183295,36.01730675768358,36.36241285627884,40683300,MSFT
2014-10-20,37.10313034057617,37.153631636949804,36.03414235147405,36.2445729821418,34527900,MSFT
2014-10-21,37.77649688720703,37.86066783097835,37.19570645807162,37.33880091558168,36433800,MSFT
2014-10-22,37.35563278198242,37.93641995411098,37.229373165429706,37.877499655963824,33570900,MSFT
2014-10-23,37.894351959228516,38.25629293526635,37.48190647109811,37.55766163377851,45451900,MSFT
2014-10-24,38.828643798828125,39.47677024164552,38.02900711166821,39.41784994783623,61076700,MSFT
2014-10-27,38.643463134765625,38.80338918467387,38.47511806538503,38.47511806538503,30371300,MSFT
2014-10-28,39.13167190551758,39.140087715879325,38.52563081016574,38.60138594708472,29049800,MSFT
2014-10-29,39.2410888671875,39.308428185803564,39.00540767386216,39.0895786112168,30276100,MSFT
2014-10-30,38.76130676269531,38.98857214256145,38.52562557361134,38.98857214256145,30073900,MSFT
2014-10-31,39.51886749267578,39.53570232605834,39.12325693547587,39.51044847052642,35849700,MSFT
2014-11-03,39.93130111694336,39.94813594671901,39.33367910902724,39.468354536317,23130400,MSFT
2014-11-04,40.04072570800781,40.17540113463491,39.77137485475362,39.813460323527934,21530800,MSFT
2014-11-05,40.28483581542969,40.318505483084,39.779800433363654,40.23433131394822,22449600,MSFT
2014-11-06,40.99188232421875,41.12655778241713,40.2259150536687,40.284835365948226,33037800,MSFT
2014-11-07,40.97504806518555,41.17705964985789,40.64677683190582,41.17705964985789,28000600,MSFT
2014-11-10,41.15180969238281,41.37065932550502,40.86562393354968,40.949798104333716,36370100,MSFT
2014-11-11,41.13496780395508,41.20230712903423,40.94979108181891,41.11813297268529,23445200,MSFT
2014-11-12,41.059207916259766,41.177048510592954,40.84036155691461,40.87403121555705,22722100,MSFT
2014-11-13,41.75785827636719,41.79152795064587,41.000306659681186,41.08448084537789,26210400,MSFT
2014-11-14,41.73259735107422,42.12820468823665,41.572668043085336,41.86727280411345,29081700,MSFT
2014-11-17,41.6315803527832,41.84201090840089,41.3622294984658,41.589494883842754,30318600,MSFT
2014-11-18,41.2843017578125,41.78405029079942,41.25041973462108,41.6146434060099,23995500,MSFT
2014-11-19,40.843841552734375,41.29276701139757,40.598201752981296,41.21653408151445,26177500,MSFT
2014-11-20,41.250423431396484,41.250423431396484,40.54738592742389,40.65750089708048,21510600,MSFT
2014-11-21,40.64055633544922,41.54687945531789,40.293273674856245,41.52146955344959,42884800,MSFT
2014-11-24,40.31021499633789,40.65749765960027,40.14080810985603,40.6490287693016,35434200,MSFT
2014-11-25,40.20856857299805,40.63208413586959,40.19162756274311,40.369503323669,28008000,MSFT
2014-11-26,40.44573974609375,40.64902865553655,40.047634048650714,40.225513056101015,27163600,MSFT
2014-11-28,40.49656677246094,40.82690845559128,40.32715986975699,40.615150635003324,21534400,MSFT
2014-12-01,41.18265914916992,41.31818402215734,40.41186082821001,40.555857823291056,31191600,MSFT
2014-12-02,41.047142028808594,41.54689069818184,40.82691528029748,41.36901487463419,25773500,MSFT
2014-12-03,40.72526168823242,41.081013241632505,40.49656287626054,41.03019020636066,23534800,MSFT
2014-12-04,41.369014739990234,41.555362686625145,40.82691514741789,40.98784995422267,30320400,MSFT
2014-12-05,41.01325225830078,41.47912203850754,40.97937346342307,41.35206605642063,27313400,MSFT
2014-12-08,40.40339279174805,40.953961186267094,40.191634971278894,40.87772824165148,26663100,MSFT
2014-12-09,40.31021499633789,40.589733612540485,39.85281737218716,39.903640407482,24330500,MSFT
2014-12-10,39.72576141357422,40.3695036526717,39.556354540811505,40.30174284226703,30431800,MSFT
2014-12-11,39.954463958740234,40.43727476140262,39.539420440660805,39.87823424540018,29060400,MSFT
2014-12-12,39.76810836791992,40.428791551686956,39.53093747717848,39.62411140948758,34248400,MSFT
2014-12-15,39.530941009521484,40.377972133594376,39.429298179359584,39.97986970247389,29247800,MSFT
2014-12-16,38.25192642211914,39.251423432840426,38.22651652171403,38.87873089184012,47801400,MSFT
2014-12-17,38.74320602416992,38.9210817892782,38.031699732569415,38.158752465717875,34970900,MSFT
2014-12-18,40.25093460083008,40.25093460083008,39.25143723856038,39.45472620680529,40105600,MSFT
2014-12-19,40.3695182800293,40.74221095021361,39.95447145293233,40.34410837081652,64551200,MSFT
2014-12-22,40.64055633544922,40.75914018572473,40.411857525131765,40.47114945026952,26566000,MSFT
2014-12-23,41.038665771484375,41.33512542419447,40.767616022958606,40.97090171876899,23648100,MSFT
2014-12-24,40.776084899902344,41.19960053572379,40.72526509155121,41.19960053572379,11437800,MSFT
2014-12-26,40.55585479736328,41.004780299795186,40.50503176209703,41.004780299795186,13197800,MSFT
2014-12-29,40.19163131713867,40.47114993453738,40.0306933202668,40.40338911835524,14439500,MSFT
2014-12-30,39.82741165161133,40.335629133247146,39.674945760887,40.18316324252281,16384700,MSFT
2014-12-31,39.34458923339844,40.18314808489864,39.34458923339844,39.58175687120993,21552500,MSFT
2015-01-02,39.60717010498047,40.166210463492945,39.42082547292098,39.52246829324134,27913900,MSFT
2015-01-05,39.24295425415039,39.58176477133764,39.17519021201252,39.276833044051955,39673900,MSFT
2015-01-06,38.6669807434082,39.59871389554198,38.57380678196122,39.285313214357785,36447900,MSFT
2015-01-07,39.15825653076172,39.35307334162107,38.53145517950431,38.94649870619703,29114100,MSFT
2015-01-08,40.31021499633789,40.44573985928985,39.57329875598457,39.59870865804818,29645200,MSFT
2015-01-09,39.97138977050781,40.50502017911769,39.725753248216506,40.32714445330329,23944200,MSFT
2015-01-12,39.471656799316406,40.26786827941575,39.26837109928488,40.16622219823204,23651900,MSFT
2015-01-13,39.26836395263672,40.58126156622329,39.01425525825986,39.78505346219784,35270600,MSFT
2015-01-14,38.92954635620117,39.16671724784364,38.641555669409414,38.92954635620117,29719600,MSFT
2015-01-15,38.522979736328125,39.28530913151423,38.463687809054505,39.149784264722,32750800,MSFT
2015-01-16,39.166744232177734,39.200623041896066,38.260417409865425,38.37900455297202,35695300,MSFT
2015-01-20,39.29377365112305,39.51400355464247,38.59920838217841,39.21754072008438,36161900,MSFT
2015-01-21,38.89567565917969,39.08202357874209,38.52298305122286,38.91261667288245,39081100,MSFT
2015-01-22,39.92058563232422,39.92905452351666,39.03120342339174,39.285312164348454,35898000,MSFT
2015-01-23,39.96293640136719,40.14081219625576,39.64106360740125,40.11540229160537,26211600,MSFT
2015-01-26,39.81893539428711,39.92058146499327,39.166724212011125,39.81046650397874,42525500,MSFT
2015-01-27,36.13435363769531,36.591751296301446,35.66848708815256,36.37999348003948,169164000,MSFT
2015-01-28,34.88922119140625,36.24447333082105,34.863811284116714,36.2021224082824,84507100,MSFT
2015-01-29,35.58377456665039,35.676948503268655,34.55039883702179,34.66898267229333,63585300,MSFT
2015-01-30,34.22004699707031,35.21954364000501,34.177692870423726,35.19413051778382,78004900,MSFT
2015-02-02,34.9654426574707,35.041675585463274,34.07606065166887,34.380992363639145,50352500,MSFT
2015-02-03,35.23649978637695,35.51602165839568,34.77063323084697,35.26191292184913,52082400,MSFT
2015-02-04,35.439788818359375,35.75318948664794,35.0332141924577,35.52449065373426,41614800,MSFT
2015-02-05,35.95647048950195,36.117405233707466,35.45672201614388,35.76165372614775,36548200,MSFT
2015-02-06,35.9225959777832,36.24446876462931,35.7023692696261,36.15129480808166,34616600,MSFT
2015-02-09,35.880245208740234,36.20211799691545,35.75318922543826,35.77860236079938,31381100,MSFT
2015-02-10,36.08352279663086,36.22751976076141,35.72777129319154,36.20210986227779,29670700,MSFT
2015-02-11,35.897193908691406,36.125892788906164,35.753196881370165,36.125892788906164,38262500,MSFT
2015-02-12,36.49858474731445,36.49858474731445,36.007304962924024,36.13436097093355,33268800,MSFT
2015-02-13,37.159263610839844,37.159263610839844,36.549403249310465,36.744220067829254,40264900,MSFT
2015-02-17,37.176334381103516,37.534617807265185,36.843638444314315,37.509027063728986,33695700,MSFT
2015-02-18,37.133689880371094,37.27871173005315,37.01426203602393,37.21899780787957,27111700,MSFT
2015-02-19,37.108089447021484,37.133680191514586,36.724212008805736,36.83511065854892,27603400,MSFT
2015-02-20,37.4151725769043,37.43223414937195,36.92892915114389,37.11659993996366,29721100,MSFT
2015-02-23,37.66255187988281,37.69667176284985,37.23602242826086,37.278674722590765,32518800,MSFT
2015-02-24,37.61137390136719,37.790515522090956,37.46635216971315,37.66255861621485,25271700,MSFT
2015-02-25,37.52607345581055,37.61137806918077,37.36399013457975,37.49195030879749,29759800,MSFT
2015-02-26,37.58578872680664,37.730807225734694,37.440766973716066,37.526074844405386,28957300,MSFT
2015-02-27,37.40663528442383,37.70520788241989,37.24455524836547,37.645494013653035,33807700,MSFT
2015-03-02,37.43222427368164,37.6966704417563,37.150713283479305,37.2530794371159,31924000,MSFT
2015-03-03,36.92041015625,37.389595434226514,36.75833004014391,37.15926900344624,31748600,MSFT
2015-03-04,36.73272705078125,36.86068396688332,36.57917614812892,36.69007149125159,25748700,MSFT
2015-03-05,36.775390625,36.88628925626694,36.528002622236556,36.74126746858505,23193500,MSFT
2015-03-06,36.13558578491211,36.77538014157369,35.95644414604583,36.68154311526401,36248800,MSFT
2015-03-09,36.55358123779297,36.79243999930585,35.99056236035054,35.99056236035054,32108000,MSFT
2015-03-10,35.85405731201172,36.434137507635405,35.85405731201172,36.12703584475689,39159700,MSFT
2015-03-11,35.81141662597656,36.144109117135955,35.69198888598723,36.09292765951873,32215300,MSFT
2015-03-12,34.99249267578125,35.52992094286418,34.85600331873068,35.25694222876303,59992500,MSFT
2015-03-13,35.29959487915039,35.376370346608326,34.64273882515764,34.71951429261557,58007700,MSFT
2015-03-16,35.453155517578125,35.5213985883505,35.214296634465114,35.37638002910678,35273500,MSFT
2015-03-17,35.57257080078125,35.68346941265409,35.10338887169841,35.291059690833904,31673400,MSFT
2015-03-18,36.25502395629883,36.536535116075534,35.25694603526499,35.34225067232037,44194800,MSFT
2015-03-19,36.07587432861328,36.33179143763615,36.01616044498003,36.050280339797176,33879100,MSFT
2015-03-20,36.57918167114258,36.66448629475725,36.24648908321741,36.30620297058025,71904500,MSFT
2015-03-23,36.56211853027344,36.79244490916759,36.493872230973246,36.57918010509849,26246100,MSFT
2015-03-24,36.596248626708984,36.82657179516096,36.46828841831275,36.493879158326685,25513300,MSFT
2015-03-25,35.36783981323242,36.621838097051864,35.35077823576023,36.61330568123418,43469900,MSFT
2015-03-26,35.15455627441406,35.495781134005476,34.90716841391836,35.163088685692635,37495600,MSFT
2015-03-27,34.949832916259766,35.342239327412805,34.830405161053385,35.07778983076849,34401400,MSFT
2015-03-30,34.941314697265625,35.43609074601692,34.89866237510241,35.06074250098805,35049700,MSFT
2015-03-31,34.68537902832031,35.00100994914319,34.58301285884081,34.787745197799815,34887200,MSFT
2015-04-01,34.7365837097168,34.770703616383784,34.3868294466113,34.63421422722465,36865300,MSFT
2015-04-02,34.369747161865234,34.75362435455387,34.224725442777626,34.685378074004,37487500,MSFT
2015-04-06,35.44462203979492,35.64082533687275,34.275931420607954,34.41242081223444,39223700,MSFT
2015-04-07,35.42756652832031,35.75173010927848,35.239895616535556,35.495812862907016,28809400,MSFT
2015-04-08,35.333702087402344,35.564028407050436,35.00954201159702,35.36782522827506,24753400,MSFT
2015-04-09,35.38488006591797,35.504307782086755,35.18867692447479,35.18867692447479,25723900,MSFT
2015-04-10,35.58962631225586,35.785829512655546,35.32517682258906,35.512850863911446,28022000,MSFT
2015-04-13,35.62374496459961,35.87966528629443,35.30811402311462,35.31664643605755,30276700,MSFT
2015-04-14,35.529911041259766,35.85407114006492,35.30811386401198,35.657867947368516,24244400,MSFT
2015-04-15,36.0502815246582,36.22089402100182,35.5555088648407,35.62375191088052,27343600,MSFT
2015-04-16,35.96498489379883,36.118535849205756,35.674944561826116,35.78584319721188,22509700,MSFT
2015-04-17,35.504329681396484,35.606699147678654,35.11192315647113,35.546981998599115,42387600,MSFT
2015-04-20,36.60477828979492,36.82657229933314,35.55551563073608,35.59816794939766,46057700,MSFT
2015-04-21,36.37445068359375,36.80951278064777,36.2806136330855,36.6815525746523,26013800,MSFT
2015-04-22,36.67301559448242,36.792443359063476,36.29766747247051,36.40003366294533,25064300,MSFT
2015-04-23,36.97157669067383,37.20190300806149,36.510924055898485,36.58769949502771,46309500,MSFT
2015-04-24,40.83595657348633,41.06628302458459,38.942166732506735,38.9506958955117,130933700,MSFT
2015-04-27,40.97243118286133,41.057739052960734,40.28145533294993,40.28998449287862,59248200,MSFT
2015-04-28,41.9363899230957,41.97904223204071,40.690924278591005,40.759167322070496,60730800,MSFT
2015-04-29,41.851097106933594,42.06436196596047,41.37338265121453,41.5610567684905,47804600,MSFT
2015-04-30,41.49281692504883,42.26057183899123,41.45869376128161,41.54400167069966,64725500,MSFT
2015-05-01,41.50986099243164,41.69753505980091,41.28806702985557,41.4416179478554,38937300,MSFT
2015-05-04,41.15157699584961,41.68900194566623,41.100392272654545,41.26247234819506,34039500,MSFT
2015-05-05,40.605628967285156,41.08334343606582,40.35824419721428,40.793303089692486,50369200,MSFT
2015-05-06,39.479591369628906,40.75065141624769,39.25779733847798,40.58003887081271,52433000,MSFT
2015-05-07,39.83785629272461,40.17054878491391,39.377203647772404,39.47104065924361,32971700,MSFT
2015-05-08,40.73357009887695,40.929773292099846,40.53736690565406,40.56295763611207,35364900,MSFT
2015-05-11,40.409420013427734,40.87007283789913,40.409420013427734,40.5629709549182,24609400,MSFT
2015-05-12,40.392356872558594,40.67386800578163,39.59901145695569,39.9658272191877,29928300,MSFT
2015-05-13,40.63120651245117,41.21981612963399,40.580021794110905,41.10891753364455,34184600,MSFT
2015-05-14,41.5610466003418,41.646351221416886,40.97243365077051,40.97243365077051,32980900,MSFT
2015-05-15,41.20275115966797,41.72311769698824,40.98948639874405,41.68899455424153,28642700,MSFT
2015-05-18,40.95536422729492,41.134509103882735,40.614142554221445,40.92977349670898,24136500,MSFT
2015-05-19,40.852352142333984,41.049830535154925,40.508909465498895,40.83517968096102,28574800,MSFT
2015-05-20,40.852352142333984,41.15286202808061,40.58618390402118,40.68921539694687,25047900,MSFT
2015-05-21,40.71495819091797,40.86950701383175,40.36293104435011,40.59475427872079,22410700,MSFT
2015-05-22,40.26848602294922,40.65485479120313,40.19979620395511,40.611925291987234,25720600,MSFT
2015-05-26,40.0023193359375,40.25131502584189,39.658876779151385,40.208385525071364,29581900,MSFT
2015-05-27,40.87809371948242,41.01547008314063,40.02807521757105,40.19979649097152,27335600,MSFT
2015-05-28,40.740718841552734,41.230122359639545,40.6892014750606,40.78364834264069,19283700,MSFT
2015-05-29,40.2341423034668,40.84374972617122,40.00231907047126,40.72354581468707,36519600,MSFT
2015-06-01,40.55183029174805,41.01547682353068,40.02808179569485,40.405869314322814,28837300,MSFT
2015-06-02,40.28566360473633,40.65486327055624,40.02808328040678,40.294251471557175,21498300,MSFT
2015-06-03,40.22555160522461,40.98971107141966,40.199794561809405,40.6720255845155,28002200,MSFT
2015-06-04,39.804840087890625,40.49172191020275,39.6674637234282,40.17403968150418,27745500,MSFT
2015-06-05,39.61595153808594,39.94222167458385,39.35837123045551,39.76191578677368,25438100,MSFT
2015-06-08,39.263912200927734,39.86493491625167,39.21239484522215,39.75331561654472,22121600,MSFT
2015-06-09,39.19523239135742,39.44422479836558,39.032095707963855,39.28967598005107,24406100,MSFT
2015-06-10,40.01950454711914,40.20839834109058,39.22958772485748,39.31545002907723,28417400,MSFT
2015-06-11,39.87352752685547,40.28565662948707,39.607362657101646,40.0624212604699,27347800,MSFT
2015-06-12,39.46998596191406,39.899287516338845,39.409884006319466,39.684636739126454,23931000,MSFT
2015-06-15,39.04926681518555,39.195231038694494,38.654310193261395,39.02350977145898,33254500,MSFT
2015-06-16,39.34978485107422,39.70181201974231,38.894722943787784,38.93765244722317,27070300,MSFT
2015-06-17,39.46998596191406,39.55584496267465,38.94623754146608,39.26391977465336,28704100,MSFT
2015-06-18,40.113929748535156,40.182616279449924,39.64169551901386,39.6846282855596,32658300,MSFT
2015-06-19,39.581600189208984,40.20838331214437,39.48715660283606,40.174038403293785,63837000,MSFT
2015-06-22,39.69321823120117,40.113935162839205,39.633116280297266,39.779080500571524,20318100,MSFT
2015-06-23,39.4184684753418,39.73615070755448,39.16947278846468,39.60736220680871,25896500,MSFT
2015-06-24,39.186641693115234,39.71039006450215,39.109367289544856,39.21239873586848,34890900,MSFT
2015-06-25,39.19523239135742,39.547259527449164,39.06644061765838,39.52149920752284,20616000,MSFT
2015-06-26,38.86037826538086,39.736153897053825,38.66289992813762,39.195236254944106,49835300,MSFT
2015-06-29,38.09623718261719,38.83463673226434,38.08765258857332,38.67150324293096,34081700,MSFT
2015-06-30,37.907325744628906,38.39672921822506,37.72701661595347,38.38814135360159,35945400,MSFT
2015-07-01,38.1649169921875,38.83462651198334,37.86440387473969,38.17350158397212,28343900,MSFT
2015-07-02,38.12197494506836,38.42248468837275,37.83004979072528,38.19066148269055,21752000,MSFT
2015-07-06,38.11339569091797,38.19067011026895,37.735611460375026,37.74419605127567,23034000,MSFT
2015-07-07,38.036128997802734,38.199265735854404,37.19469808023502,38.07047391900434,36435800,MSFT
2015-07-08,37.984619140625,38.551297302597625,37.804309921801455,38.15633721521912,39785900,MSFT
2015-07-09,38.225006103515625,38.826028860943744,38.207833650410755,38.422484401255765,32424700,MSFT
2015-07-10,38.30229949951172,38.757358268874164,38.26795457626983,38.645738905994115,25465800,MSFT
2015-07-13,39.10078048706055,39.169467022284685,38.594204597954544,38.619961639249794,28178300,MSFT
2015-07-14,39.169471740722656,39.461396920039675,38.90330688111446,39.02351078871956,22880300,MSFT
2015-07-15,39.289676666259766,39.40129598706102,39.006339344608485,39.22099012098194,26629600,MSFT
2015-07-16,40.06241989135742,40.088176935856985,39.46998494069146,39.5043265749206,26271700,MSFT
2015-07-17,40.028079986572266,40.16545636659769,39.71898231268726,39.9679780250181,29467100,MSFT
2015-07-20,40.28566360473633,40.465972779547386,39.873534430746744,40.0538436055578,30631900,MSFT
2015-07-21,40.59476089477539,40.637693677823734,39.90787894505131,40.165459266783905,42781900,MSFT
2015-07-22,39.10078048706055,40.294238104960165,38.80885534290945,39.014918223892316,59152400,MSFT
2015-07-23,39.5901985168457,39.69322999531549,38.72300735339935,38.8689716169339,33934000,MSFT
2015-07-24,39.44423294067383,39.770503099500694,39.324029007240654,39.41847589074144,32333200,MSFT
2015-07-27,38.937660217285156,39.50433829152275,38.851801193281084,39.444236319657534,39701400,MSFT
2015-07-28,38.9290771484375,39.18665750584153,38.45684594731145,39.13514339954789,34328900,MSFT
2015-07-29,39.74474334716797,40.16545708557811,38.86037981431951,38.980587014890865,40945900,MSFT
2015-07-30,40.25131607055664,40.69779009584235,39.435642433502196,39.71897976619039,39777900,MSFT
2015-07-31,40.09676742553711,40.672029959088405,39.92504614190755,40.603343410823214,31201500,MSFT
2015-08-03,40.19122314453125,40.35435659847668,39.88212542100367,40.33718413880161,24125900,MSFT
2015-08-04,40.8180046081543,40.96396560751812,40.079605192918265,40.13970716622242,33403900,MSFT
2015-08-05,40.852352142333984,41.56499127509546,40.818007219588054,41.19579154385697,26959700,MSFT
2015-08-06,40.028079986572266,41.01547496978146,39.77908754955268,40.96395759903021,27368000,MSFT
2015-08-07,40.1311149597168,40.165456598437935,39.718982541950396,39.830601874900104,19163000,MSFT
2015-08-10,40.63768768310547,40.77506405278504,40.216970708599334,40.31141757687485,23079900,MSFT
2015-08-11,39.847774505615234,40.30283315493886,39.409888313382666,40.19980168770378,29237400,MSFT
2015-08-12,40.1311149597168,40.26849134053517,39.24675143759419,39.65888058004931,30181400,MSFT
2015-08-13,40.122520446777344,40.44020266067111,39.916457547342205,40.40586102763908,22627200,MSFT
2015-08-14,40.35435485839844,40.44021387775974,39.94222566990325,39.95081026171473,21473400,MSFT
2015-08-17,40.62910461425781,40.74072395133479,39.985152191239806,40.19121840774258,21099700,MSFT
2015-08-18,40.85382080078125,40.992103115801896,40.36118984746329,40.48218646099255,23574100,MSFT
2015-08-19,40.28340530395508,40.68961104132923,40.01548187976419,40.430328819314,31485500,MSFT
2015-08-20,39.46234893798828,40.16240493754763,39.46234893798828,39.816697538451876,36238200,MSFT
2015-08-21,37.22389602661133,39.30677469807318,37.22389602661133,39.15120672286776,70053100,MSFT
2015-08-24,36.02256774902344,36.89547400376048,34.328609032816985,34.95952212721297,88753700,MSFT
2015-08-25,34.976810455322266,37.370825232934685,34.9076676632176,36.791765888242395,70616600,MSFT
2015-08-26,36.91276550292969,37.02512090085365,35.48672991644425,36.30777921006766,63408000,MSFT
2015-08-27,37.941246032714844,37.98445863610494,37.102907679923774,37.36218659717463,50943200,MSFT
2015-08-28,37.9671745300293,38.15731394922413,37.50047048122949,37.50911498041677,28246700,MSFT
2015-08-31,37.61281967163086,37.96716825076459,37.24982659473953,37.64739106884144,34441700,MSFT
2015-09-01,36.14356231689453,36.809046767691,36.00528004769717,36.446053750479585,49688900,MSFT
2015-09-02,37.474525451660156,37.49181114476346,36.19541383419538,36.610260577948104,37671500,MSFT
2015-09-03,37.59552764892578,38.01037445493998,37.4053882931616,37.51774366674128,28285200,MSFT
2015-09-04,36.82633590698242,37.19797015837131,36.4719873529732,36.99918958386952,37138800,MSFT
2015-09-08,37.932594299316406,38.02766398678893,37.336252573683794,37.42267776398081,32469800,MSFT
2015-09-09,37.22389602661133,38.373370143750265,37.08561374830758,38.20915767163923,33469500,MSFT
2015-09-10,37.414039611816406,37.84617219232643,36.94733563360719,37.267112820049825,31366600,MSFT
2015-09-11,37.578250885009766,37.67332058548848,37.11154688097431,37.284400582125606,27132500,MSFT
2015-09-14,37.197975158691406,37.543679262027055,37.04240715827182,37.53503806063046,23656000,MSFT
2015-09-15,38.01036834716797,38.27829164206485,37.23253194722055,37.32759831291737,28882200,MSFT
2015-09-16,38.286949157714844,38.356091958863075,37.889387941843175,38.00174334525394,23372200,MSFT
2015-09-17,38.24373245239258,38.89193130751788,38.09680896108091,38.278303849257625,32768200,MSFT
2015-09-18,37.578250885009766,38.01902798779107,37.448613081828896,37.59553658481591,63143700,MSFT
2015-09-21,38.12272644042969,38.43386234151602,37.6819494815877,37.69923517574906,26177200,MSFT
2015-09-22,37.941246032714844,38.070883842885124,37.43132940012703,37.491827704255215,28085900,MSFT
2015-09-23,37.91529846191406,38.17457726037399,37.60416258499864,37.96715554036957,17145200,MSFT
2015-09-24,37.94988250732422,38.14002189484789,37.39675334024797,37.5523213306019,27905600,MSFT
2015-09-25,37.97579574584961,38.65856575824703,37.82022781145757,38.44249954902572,29384600,MSFT
2015-09-28,37.414039611816406,38.10545108125046,37.34489681641803,37.880743590025624,27613800,MSFT
2015-09-29,37.54368209838867,37.65603750649332,37.20661917098508,37.48318379331164,32763600,MSFT
2015-09-30,38.252384185791016,38.28695559217516,37.73382627767193,37.923965715873955,34958900,MSFT
2015-10-01,38.55487823486328,38.67587485775053,37.811609497800795,38.67587485775053,28657900,MSFT
2015-10-02,39.384559631347656,39.384559631347656,37.958520923360275,38.26101568103833,41839000,MSFT
2015-10-05,40.300682067871094,40.525389540619884,39.49691527045748,39.54012786557344,34369300,MSFT
2015-10-06,40.40439987182617,40.776034187876,39.94634035075043,40.04141005442508,27017200,MSFT
2015-10-07,40.44761657714844,40.922961846828116,39.71299236918081,40.70689551543639,27711500,MSFT
2015-10-08,41.009376525878906,41.06987481451086,40.188324084133,40.24018117306445,33772700,MSFT
2015-10-09,40.71553039550781,41.087164661452086,40.55131791242419,41.00938066865189,28600600,MSFT
2015-10-12,40.620460510253906,40.680958804707885,40.18832795163418,40.60317481227994,19769100,MSFT
2015-10-13,40.525386810302734,40.73281186855804,40.240181064224835,40.240181064224835,19987800,MSFT
2015-10-14,40.34388732910156,40.706877018381405,40.21424627041072,40.317960436127024,24697800,MSFT
2015-10-15,40.62910079956055,40.64638649714683,40.21425394821893,40.62910079956055,27189400,MSFT
2015-10-16,41.06122970581055,41.08715989834447,40.53403081229223,40.63774169169967,26450300,MSFT
2015-10-19,41.156307220458984,41.381018015013666,40.637749427795946,40.98345352393463,29387600,MSFT
2015-10-20,41.28594970703125,41.320521106882026,40.63775079592487,41.00074060362757,30802200,MSFT
2015-10-21,40.79331970214844,41.47609002823285,40.715535699215906,41.41558842869846,25144300,MSFT
2015-10-22,41.51065444946289,42.3057801085597,40.69824638850109,41.07852187081961,56637100,MSFT
2015-10-23,45.69369888305664,46.730817752528104,45.15785539764522,45.20106799701695,135227100,MSFT
2015-10-26,46.88637161254883,46.9468698928123,45.37390801214403,45.39983490456866,64633300,MSFT
2015-10-27,46.40239715576172,46.99009775240708,46.30733075366886,46.66167935191885,50999900,MSFT
2015-10-28,46.65302658081055,46.65302658081055,45.68505065671267,46.27275114914232,47000800,MSFT
2015-10-29,46.117191314697266,46.52339701119987,45.99619471495013,46.272759313489324,30202100,MSFT
2015-10-30,45.49492263793945,46.661682713983645,45.47763693715617,46.082623276929795,46619800,MSFT
2015-11-02,46.01346969604492,46.11718057211108,45.47762302639962,45.67640357923863,30285000,MSFT
2015-11-03,46.79996109008789,47.00738288823411,45.71962960875539,45.74555650929616,36596900,MSFT
2015-11-04,47.01602554321289,47.43087242015237,46.722175259933685,46.82588615494108,37087800,MSFT
2015-11-05,46.99874496459961,47.275309579354854,46.67032324823641,47.0938146690924,31468500,MSFT
2015-11-06,47.46543502807617,47.51729211803417,46.63574137020538,46.748096749992946,32851200,MSFT
2015-11-09,46.808597564697266,47.42222499287334,46.29003982478419,47.14566042533174,32513100,MSFT
2015-11-10,46.246829986572266,46.7826767911282,46.03940818221718,46.730819691584365,55283700,MSFT
2015-11-11,46.36782455444336,46.84316970642438,46.203612073223,46.411037150639864,36516300,MSFT
2015-11-12,46.082618713378906,46.65303359509791,45.970263317869254,46.22090100904079,35361100,MSFT
2015-11-13,45.66776657104492,46.05668651312226,45.39984321163396,45.86654714212676,36848200,MSFT
2015-11-16,46.47153091430664,46.57524179444968,45.676405374784785,45.875189232347324,32165200,MSFT
2015-11-17,46.08869171142578,46.57594023403089,45.984278468754724,46.26270714428096,31551300,MSFT
2015-11-18,46.85438537597656,46.96749810238986,46.09740735580435,46.114809569032,29710000,MSFT
2015-11-19,46.932674407958984,47.55914055043049,46.79346007842437,46.97618158273284,28149200,MSFT
2015-11-20,47.150211334228516,47.245921837207085,46.349729525921276,47.20241796834386,37147600,MSFT
2015-11-23,47.150211334228516,47.38513620904889,46.76737264144668,47.20241796834386,28235900,MSFT
2015-11-24,47.2024040222168,47.36772000270682,46.619445049595555,46.915272598115145,24600000,MSFT
2015-11-25,46.71516418457031,47.185013915878166,46.71516418457031,47.063201760161085,21005100,MSFT
2015-11-27,46.923980712890625,47.05449561493802,46.8021685745167,46.81086801905833,9009100,MSFT
2015-11-30,47.2894287109375,47.820184574538565,46.98489829041196,47.45474806990792,56241400,MSFT
2015-12-01,48.04639434814453,48.055093791979814,47.245909430904184,47.34161990875014,39952800,MSFT
2015-12-02,48.03770065307617,48.69026859524699,47.907189056121325,48.13341114898905,47274900,MSFT
2015-12-03,47.158912658691406,48.52495467788292,46.92398779104841,48.28133036438604,38627800,MSFT
2015-12-04,48.646759033203125,48.92518772372892,47.07189405562201,47.08929626367135,43963700,MSFT
2015-12-07,48.559757232666016,48.69897159490242,48.10730972561464,48.54235502249494,30709800,MSFT
2015-12-08,48.542354583740234,48.81208054112346,47.84628277884972,48.263925861784024,32878000,MSFT
2015-12-09,47.837581634521484,48.61196175113597,47.428637983177175,48.176916443453024,36373200,MSFT
2015-12-10,48.089900970458984,48.42923572478136,47.86367558815623,48.19431089814315,31775800,MSFT
2015-12-11,47.037086486816406,47.941977946955205,46.993579313113315,47.60264323451174,39549500,MSFT
2015-12-14,47.9767951965332,48.03770127305797,46.70646371597065,47.27202393413744,46768900,MSFT
2015-12-15,48.02898406982422,48.63804792901634,47.933273608062905,48.429224801616094,39843000,MSFT
2015-12-16,48.838172912597656,48.94258282660431,47.64614672775736,48.32481946662891,37503300,MSFT
2015-12-17,48.464046478271484,49.41244535318659,48.31612935217094,49.03830613433086,41280900,MSFT
2015-12-18,47.097999572753906,48.725067874196036,47.01098853149945,48.524947458008555,84684200,MSFT
2015-12-21,47.707069396972656,48.159513590087954,47.185013043241376,47.75057326333387,37246300,MSFT
2015-12-22,48.15951156616211,48.27262426925344,47.41993591170578,47.84628175004566,28322200,MSFT
2015-12-23,48.568450927734375,48.620657552066405,48.23781561189519,48.464040998202144,27279800,MSFT
2015-12-24,48.437931060791016,48.690258073830435,48.229111223134,48.60325036132859,9558500,MSFT
2015-12-28,48.68156433105469,48.68156433105469,47.837575480599845,48.159508037514136,22458300,MSFT
2015-12-29,49.20362854003906,49.46465508684313,48.777285954723375,48.97740641791091,27731400,MSFT
2015-12-30,48.99480056762695,49.40374087330916,48.97739835815272,49.13401492428874,21704500,MSFT
2015-12-31,48.27262878417969,48.8903923480702,48.22042215037802,48.75988074226466,27334100,MSFT
2016-01-04,47.68095397949219,47.68095397949219,46.45412662964652,47.263310979452335,53778000,MSFT
2016-01-05,47.89847946166992,48.19431035270347,47.45473478468546,47.79406953516741,34079700,MSFT
2016-01-06,47.02838134765625,47.33291495253032,46.67164444758694,47.26330613342841,39518900,MSFT
2016-01-07,45.39262390136719,46.541146518948196,45.305616171142816,45.85377416512637,56564900,MSFT
2016-01-08,45.531829833984375,46.35841301526946,45.3752133046789,45.566630925616806,48754000,MSFT
2016-01-11,45.50571823120117,45.98426719246612,44.7748423073877,45.68843638237184,36943800,MSFT
2016-01-12,45.923370361328125,46.20179902447332,45.29690752881718,45.90596815499011,36095500,MSFT
2016-01-13,44.931480407714844,47.04580094205306,44.6356494554456,46.810876069445214,66883600,MSFT
2016-01-14,46.210506439208984,46.48023236677268,44.87056628847411,45.244705464577116,52381900,MSFT
2016-01-15,44.36593246459961,45.21862107167915,43.80037210276874,44.64436126204872,71820700,MSFT
2016-01-19,43.99177551269531,44.96627591316328,43.556730276166356,44.79225715472535,43564500,MSFT
2016-01-20,44.19190216064453,44.70525574497098,42.72144692938575,43.48712758310518,63273000,MSFT
2016-01-21,43.92218017578125,44.879281981672264,43.76556357698332,44.37462775907164,40191200,MSFT
2016-01-22,45.49705123901367,45.53185566952602,44.60085540855322,44.73137036340793,37555800,MSFT
2016-01-25,45.06199264526367,45.81027108692258,44.94018049320426,45.1925042428421,34707700,MSFT
2016-01-26,45.39262390136719,45.627548755931564,44.85316867188536,45.06199187120886,28900800,MSFT
2016-01-27,44.566036224365234,45.41872451132904,44.39201746150629,45.25340519300372,36775200,MSFT
2016-01-28,45.296905517578125,45.427417080621105,44.59213112827326,45.12288678105616,62513800,MSFT
2016-01-29,47.933284759521484,47.933284759521484,46.984886001902986,47.62005165511438,83611700,MSFT
2016-02-01,47.6026496887207,47.93328500273157,47.419931483266716,47.75056679727759,44208500,MSFT
2016-02-02,46.114803314208984,47.211116045788934,45.81027292186243,47.13280775645234,56313800,MSFT
2016-02-03,45.3839225769043,46.45413354618694,44.60083976077943,46.33232140126351,57559800,MSFT
2016-02-04,45.244712829589844,45.949487435861485,44.69655480248968,45.33172056507073,46987100,MSFT
2016-02-05,43.64374542236328,45.24471229798018,43.1216923773472,45.19250566582565,62009000,MSFT
2016-02-08,42.99116897583008,43.130383314980925,41.92965756534757,43.11298110769561,59290500,MSFT
2016-02-09,42.8780632019043,43.713352690627104,42.34730741108145,42.651841108981415,46740500,MSFT
2016-02-10,43.25218963623047,43.84385132791906,43.08687366792647,43.408806161626345,38237000,MSFT
2016-02-11,43.23478698730469,43.6002266491861,42.20808013986664,42.35599722083543,48878600,MSFT
2016-02-12,43.9395751953125,44.096191768469936,43.28700724686726,43.722052545830756,34243300,MSFT
2016-02-16,44.7720832824707,44.7720832824707,43.93080007963775,44.60558035991906,37291200,MSFT
2016-02-17,45.9376220703125,46.24434228071127,45.087576747863814,45.1226310592745,40789000,MSFT
2016-02-18,45.736061096191406,46.402079587291425,45.65719057337595,45.858751176208784,27176000,MSFT
2016-02-19,45.41181945800781,45.814933998685966,45.157680722073,45.54327145051562,33559100,MSFT
2016-02-22,46.13917922973633,46.44589607417308,45.81493188794562,45.81493188794562,25008300,MSFT
2016-02-23,44.8509635925293,45.8938042483213,44.67569538456548,45.86751518716378,28895300,MSFT
2016-02-24,45.008705139160156,45.13139188319183,43.992153533373774,44.42155713748464,33014500,MSFT
2016-02-25,45.65719223022461,45.65719223022461,44.35145094651726,45.33294822153368,26939500,MSFT
2016-02-26,44.956119537353516,46.16546639705181,44.780851343591586,46.095357782361944,35975900,MSFT
2016-02-29,44.58806610107422,45.26284657646496,44.395270724401655,44.999942574470275,31654000,MSFT
2016-03-01,46.077857971191406,46.08661988110988,44.62313354535166,44.66695312383753,33024500,MSFT
2016-03-02,46.402076721191406,46.41083862631288,45.70976921290203,45.92885361352809,29289900,MSFT
2016-03-03,45.876277923583984,46.41960971240234,45.37676569477196,46.41960971240234,24427800,MSFT
2016-03-04,45.595863342285156,45.96392702667786,45.31543546034979,45.92011079693121,33034200,MSFT
2016-03-07,44.71950912475586,45.39428951512888,44.32515985737565,45.18397035158781,38407800,MSFT
2016-03-08,45.262840270996094,45.683481935440355,44.34268307812632,44.51795127405212,33835100,MSFT
2016-03-09,46.30568313598633,46.31444504188094,45.44687261090754,45.47316167155433,28251600,MSFT
2016-03-10,45.61337661743164,46.39331663557507,44.83343659928821,46.38455472947861,38387800,MSFT
2016-03-11,46.507240295410156,46.507240295410156,45.9025685011688,46.44589692539855,32275700,MSFT
2016-03-14,46.594871520996094,46.96293507450999,46.12165172785374,46.191757001926995,24083600,MSFT
2016-03-15,46.96293640136719,46.96293640136719,46.21805071060869,46.22681261650433,21104800,MSFT
2016-03-16,47.628963470458984,47.84804794519516,46.79644514083255,46.840261367187026,31691700,MSFT
2016-03-17,47.90064239501953,48.19859749507128,47.32225935879726,47.50628956510328,28223900,MSFT
2016-03-18,46.87531280517578,48.172292414764634,46.840258489060616,48.12847284813889,67625500,MSFT
2016-03-21,47.19955062866211,47.26089400226786,46.38455627308502,46.66498407898647,23925700,MSFT
2016-03-22,47.383583068847656,47.541324135258854,46.84901649300564,46.980468496002736,23124100,MSFT
2016-03-23,47.295955657958984,47.532567282735464,47.09439835010428,47.41864242422153,20129000,MSFT
2016-03-24,47.50626754760742,47.611430482155534,47.085625838304395,47.18202352349193,19950000,MSFT
2016-03-28,46.91912078857422,47.576374056966024,46.735090675735634,47.50626543704866,17025100,MSFT
2016-03-29,47.94444274902344,48.075894763099754,46.840258534044,47.02428867937997,23924300,MSFT
2016-03-30,48.24237823486328,48.75941748852798,48.11092961692548,48.13721867192059,23008300,MSFT
2016-03-31,48.4001350402832,48.71561717499289,48.07589099870416,48.154761532381585,26360500,MSFT
2016-04-01,48.698097229003906,48.733151547598425,47.82175932192381,48.2424011161666,24399200,MSFT
2016-04-04,48.57539749145508,48.77695475512948,48.19857202455336,48.57539749145508,18928800,MSFT
2016-04-05,47.81298828125,48.46147633656525,47.72535250150255,48.36507865032464,19272300,MSFT
2016-04-06,48.303741455078125,48.3738500878445,47.506274143660455,47.6377261586156,21188700,MSFT
2016-04-07,47.725345611572266,48.119698206096636,47.52378836169596,48.08464389925832,19225100,MSFT
2016-04-08,47.6902961730957,48.443947132240964,47.60266374001683,47.90938059875593,22167200,MSFT
2016-04-11,47.59389877319336,48.330022529791094,47.58513352467133,47.75163981696165,21414200,MSFT
2016-04-12,47.8918571472168,48.00577864248474,47.111913777903155,47.64648031541437,24944300,MSFT
2016-04-13,48.50529098510742,48.58416151284594,48.10217644020529,48.30373371265636,20818000,MSFT
2016-04-14,48.51405334472656,48.70684869948493,48.259914621265594,48.391366607321366,20877100,MSFT
2016-04-15,48.76820755004883,49.004815851321844,48.29498426157493,48.46148726620215,28793800,MSFT
2016-04-18,49.47802734375,49.59195218447305,48.38260518323678,48.62798202040667,23786000,MSFT
2016-04-19,49.41668701171875,49.74969630504066,48.79448798856301,49.6270095503861,29596800,MSFT
2016-04-20,48.71561813354492,49.51308539287985,48.62798569127385,49.329055258332566,36195700,MSFT
2016-04-21,48.88212203979492,49.27647472343413,48.56663989288356,48.899649197174824,38909100,MSFT
2016-04-22,45.376766204833984,45.94638706168857,44.49166657594386,45.49069104479752,126834100,MSFT
2016-04-25,45.66596603393555,45.68349319214321,45.245324265842484,45.376772937954534,33226900,MSFT
2016-04-26,45.078819274902344,45.876286610766144,44.772102354556154,45.79741606796802,33532600,MSFT
2016-04-27,44.6406364440918,45.131386706895476,44.298865312641766,45.11385955362077,43369300,MSFT
2016-04-28,43.7292594909668,44.491672474652226,43.43130449207219,44.36022046165383,43134800,MSFT
2016-04-29,43.702964782714844,44.03597407994617,43.24726872938865,43.24726872938865,48411700,MSFT
2016-05-02,44.35145568847656,44.47414244310063,43.624093724686205,43.81688910650309,33114500,MSFT
2016-05-03,43.62409973144531,44.17619354623677,43.4663586415049,44.11485016047814,26460200,MSFT
2016-05-04,43.702964782714844,43.8694711028122,43.343666421452724,43.67667571868405,24257600,MSFT
2016-05-05,43.76430130004883,44.07978339081527,43.58027119475602,43.702957931617895,25390700,MSFT
2016-05-06,44.15864944458008,44.15864944458008,43.5189234221396,43.74676971854424,24787300,MSFT
2016-05-09,43.87822723388672,44.33392322722698,43.81688386391428,44.24629079668433,17951600,MSFT
2016-05-10,44.710758209228516,44.78086349998671,43.98339617770082,44.106086286714046,22891000,MSFT
2016-05-11,44.73704147338867,45.37676762979717,44.69322525447693,44.80715009801804,24039100,MSFT
2016-05-12,45.140159606933594,45.403063627127544,44.62312015976283,44.86849702241295,24102800,MSFT
2016-05-13,44.76333999633789,45.48193678217422,44.72828567923278,45.07881882139283,22592300,MSFT
2016-05-16,45.42057418823242,45.53449565619578,44.47412808447299,44.5179442908406,20032000,MSFT
2016-05-17,44.57341384887695,45.650024839049024,44.44104579742063,45.64120164882327,27803500,MSFT
2016-05-18,44.838157653808594,45.12937006638405,44.38809751663053,44.54694187488808,24907500,MSFT
2016-05-19,44.4057502746582,44.67048976758926,43.96451666432468,44.53812170429638,23842400,MSFT
2016-05-20,44.67049026489258,45.19997262299455,44.47634976329932,44.54694539123905,23905800,MSFT
2016-05-23,44.14982986450195,44.72343485109843,44.105707180843375,44.65283586416872,26118700,MSFT
2016-05-24,45.526485443115234,45.63238057026163,44.47635063024538,44.74109013128408,34757900,MSFT
2016-05-25,45.99419403076172,46.320709350542316,45.702981576710336,45.817699900188934,24040200,MSFT
2016-05-26,45.791221618652344,45.87064379983061,45.3235150885721,45.826521113919384,24335200,MSFT
2016-05-27,46.17067337036133,46.17067337036133,45.685317191531254,45.817685222297015,17721400,MSFT
2016-05-31,46.770751953125,46.770751953125,45.95888391242556,46.11772487862563,37653100,MSFT
2016-06-01,46.63837432861328,46.72662303843893,46.27656303418829,46.27656303418829,25324800,MSFT
2016-06-02,46.31187438964844,46.54131772766628,45.74709596736595,46.45306899521906,22840800,MSFT
2016-06-03,45.702964782714844,46.2589165451628,45.53529390542749,46.22362042509457,23368300,MSFT
2016-06-06,46.00300598144531,46.19714643371897,45.791212418739676,45.879461139177224,18243300,MSFT
2016-06-07,45.976539611816406,46.53249488843842,45.976539611816406,46.10008784711201,20866800,MSFT
2016-06-08,45.92359161376953,46.27657645642097,45.77357044672526,45.905941866685204,21149400,MSFT
2016-06-09,45.55295181274414,45.88829026107473,45.438233510859796,45.88829026107473,20305700,MSFT
2016-06-10,45.42942428588867,45.93243046710962,45.041139816663474,45.04996301004182,25833200,MSFT
2016-06-13,44.24690628051758,44.75873888868677,43.293843424621784,43.75272678721802,83217800,MSFT
2016-06-14,43.97333526611328,44.211598410203415,43.74389194509693,44.035107691076604,42577100,MSFT
2016-06-15,43.849796295166016,44.22925748071498,43.849796295166016,43.929218482056385,33757600,MSFT
2016-06-16,44.4675178527832,44.53811683856947,43.69094584085892,43.69977239725467,31188600,MSFT
2016-06-17,44.23808670043945,44.50282621722337,43.964520625500235,44.48517646725836,45710500,MSFT
2016-06-20,44.18513870239258,44.85581575468202,44.14983920146246,44.68814480843681,35607900,MSFT
2016-06-21,45.173492431640625,45.385286029934335,44.26455233964207,44.299851833748534,34097800,MSFT
2016-06-22,44.996986389160156,45.41174352163378,44.96168690705996,45.076408540713636,28816800,MSFT
2016-06-23,45.80886459350586,45.941235998013745,45.13819111431605,45.252909407455256,29028800,MSFT
2016-06-24,43.97333526611328,44.95287087610795,43.699769265315226,43.95568552093166,133503000,MSFT
2016-06-27,42.737876892089844,43.373254206536735,42.39371530221259,43.32912816365447,50216300,MSFT
2016-06-28,43.62917709350586,43.65565339858261,42.949676946519546,43.17029374620295,38140700,MSFT
2016-06-29,44.599891662597656,44.75873602280043,43.94686447439237,44.04393640188796,31304000,MSFT
2016-06-30,45.155845642089844,45.27056732227707,44.56459422563507,44.75873808959109,28527800,MSFT
2016-07-01,45.147010803222656,45.64119352654548,45.06758863994479,45.1205378709115,21400400,MSFT
2016-07-05,45.155845642089844,45.25291757406786,44.7763878378003,44.8558100215691,24806400,MSFT
2016-07-06,45.34115982055664,45.48235441966067,44.46751592423843,44.81167754915795,28167500,MSFT
2016-07-07,45.34115982055664,45.54412684637214,45.067593812016746,45.376455945574065,19585200,MSFT
2016-07-08,46.15303039550781,46.20597963538677,45.49118004557315,45.65002439886507,28391000,MSFT
2016-07-11,46.408935546875,46.62072908927451,46.30304045884732,46.3295133892682,22269200,MSFT
2016-07-12,46.95608139038086,47.1237523217199,46.58544676260163,46.717814829803324,27317600,MSFT
2016-07-13,47.2208137512207,47.529679260680865,46.92960135433271,47.26493979996136,25356800,MSFT
2016-07-14,47.423789978027344,47.6444067834648,47.28259535720119,47.51203535366421,24545500,MSFT
2016-07-15,47.38848876953125,47.65322825322457,46.956078365300854,47.60910556699988,32024400,MSFT
2016-07-18,47.617923736572266,47.953262175941035,47.2561123615292,47.38848377259037,31433900,MSFT
2016-07-19,46.85017776489258,47.56497731696305,46.7089831656824,47.39730641603892,53336500,MSFT
2016-07-20,49.3387451171875,50.15943995069139,49.00340661074563,49.55053874397856,89893300,MSFT
2016-07-21,49.241668701171875,49.62112986350834,49.20636920552542,49.40051306523575,32776700,MSFT
2016-07-22,49.921165466308594,49.974114706195905,49.224015623011276,49.488758456102886,32157200,MSFT
2016-07-25,50.0623664855957,50.07119304321335,49.64760580254653,49.83292648271779,25610600,MSFT
2016-07-26,50.08883285522461,50.556542723590425,49.86821607255893,49.87704262901873,28079000,MSFT
2016-07-27,49.5858268737793,50.12413236224775,49.51523125380611,49.9564648192596,32327500,MSFT
2016-07-28,49.60347366333008,49.74466826120432,49.171066680116056,49.418156384809784,37550400,MSFT
2016-07-29,50.01824951171875,50.08884514899935,49.46229414037131,49.64761147537187,30558700,MSFT
2016-08-01,49.929996490478516,50.0800143007319,49.54170876258456,49.94764287234164,26003400,MSFT
2016-08-02,49.929996490478516,50.21238572912216,49.691729939183205,50.168259675428565,35122000,MSFT
2016-08-03,50.27415466308594,50.397699525594476,49.85057083462307,50.018238381406796,22075600,MSFT
2016-08-04,50.64478302001953,50.75950467809737,50.00940567232024,50.12412733039808,26587700,MSFT
2016-08-05,51.147789001464844,51.36840576220237,50.69773229075193,50.87422637261087,29335200,MSFT
2016-08-08,51.23604202270508,51.26251495898357,50.98894894084115,51.23604202270508,19473500,MSFT
2016-08-09,51.359588623046875,51.624328093848895,51.20074426729666,51.33311231952516,16920700,MSFT
2016-08-10,51.200748443603516,51.46548793599962,51.02425432655768,51.32429331563201,15756900,MSFT
2016-08-11,51.44782257080078,51.58019395999047,51.2095560900659,51.2095560900659,18162300,MSFT
2016-08-12,51.13014602661133,51.35076281655996,50.84775680478468,51.20956820564663,21655200,MSFT
2016-08-15,51.28898620605469,51.62432464203247,51.1477916066448,51.19191428777074,19283900,MSFT
2016-08-16,51.00482940673828,51.16466375698464,50.853876624464334,51.15578557633793,20523500,MSFT
2016-08-17,51.11138916015625,51.217944267175604,50.818358381695795,51.093629411098725,18856400,MSFT
2016-08-18,51.14691925048828,51.23571802004649,50.85389177926296,50.98708485261021,14214300,MSFT
2016-08-19,51.16466522216797,51.262342148707404,50.79172065246373,50.995952686443545,17271000,MSFT
2016-08-22,51.209075927734375,51.280114942315855,50.84500944632096,51.14691848363891,15221900,MSFT
2016-08-23,51.40443420410156,51.66194557287902,51.36891469378875,51.413315775343236,18732400,MSFT
2016-08-24,51.45770263671875,51.53761982443498,51.25347057640535,51.32450619474964,18151500,MSFT
2016-08-25,51.653053283691406,51.759611792519074,51.30674659831708,51.39554535567347,18552600,MSFT
2016-08-26,51.52873992919922,52.12367976537725,51.22683091994313,51.75073174814263,20971200,MSFT
2016-08-29,51.59088134765625,52.03486484767851,51.59088134765625,51.66192033357595,16417200,MSFT
2016-08-30,51.40443420410156,51.67082375679375,51.15580440656578,51.48435140864191,16930200,MSFT
2016-08-31,51.022605895996094,51.32451494692677,50.88053124775382,51.19132186957097,20860300,MSFT
2016-09-01,51.13803482055664,51.342266884603006,50.623012182010456,50.623012182010456,26075400,MSFT
2016-09-02,51.209075927734375,51.670819360534,50.98708408815725,51.209075927734375,18900500,MSFT
2016-09-06,51.15580368041992,51.324516271020514,50.800615356987535,51.30675651611621,16278400,MSFT
2016-09-07,51.2001838684082,51.360018220571895,50.978192088994824,51.031471335491304,17493400,MSFT
2016-09-08,50.99595260620117,51.31562131534511,50.77396082344296,51.173546709872895,20146100,MSFT
2016-09-09,49.912635803222656,51.07587406174912,49.912635803222656,50.42765840827784,35113900,MSFT
2016-09-12,50.658531188964844,50.80060581418395,49.379859561992845,49.726166249256536,29303000,MSFT
2016-09-13,50.19678497314453,50.30334347653107,49.770561121576556,50.17014704096093,30130200,MSFT
2016-09-14,49.95704650878906,50.28559689931233,49.752814404784495,50.07248322403581,24062500,MSFT
2016-09-15,50.7828483581543,50.92492298979561,49.70840874465895,49.85936494614895,26847000,MSFT
2016-09-16,50.83613204956055,51.17356059938902,50.39214836353818,51.17356059938902,44607000,MSFT
2016-09-19,50.551979064941406,51.280111985788125,50.480940054455644,50.853888084852954,20937100,MSFT
2016-09-20,50.445430755615234,50.92493059190575,50.39215149054877,50.92493059190575,17384000,MSFT
2016-09-21,51.28899383544922,51.36891103429631,50.68517913978158,51.06700199279914,33707300,MSFT
2016-09-22,51.342262268066406,51.5020966320485,51.173549722674636,51.43105763146713,19822200,MSFT
2016-09-23,50.99595260620117,51.42217642261783,50.951554927114685,51.38665692441833,19955300,MSFT
2016-09-26,50.525325775146484,50.738435967187165,50.46316835352417,50.68516011283971,21688700,MSFT
2016-09-27,51.45770263671875,51.555379575852605,50.32998382664596,50.55197563837699,28065100,MSFT
2016-09-28,51.52873992919922,51.55538125085434,51.209071167948494,51.395546870228976,20536400,MSFT
2016-09-29,50.969322204589844,51.653054015628385,50.800606256885075,51.33338864659436,25463500,MSFT
2016-09-30,51.14691925048828,51.297875465073886,50.91604922429035,51.120281313284174,29910800,MSFT
2016-10-03,50.987083435058594,51.102520138611524,50.66741803551655,50.978205252012955,19189500,MSFT
2016-10-04,50.827247619628906,51.146912988923916,50.58749605216293,50.85388555357192,20085900,MSFT
2016-10-05,51.18242645263672,51.466575672252226,50.8449979840961,50.8716393022216,16726400,MSFT
2016-10-06,51.2712287902832,51.37778390826735,50.862761294579435,51.2712287902832,16212600,MSFT
2016-10-07,51.32450866699219,51.48434305012367,50.98708014845613,51.368906354011735,20089000,MSFT
2016-10-10,51.53761672973633,51.848403892567326,51.38666054541411,51.422180046116516,18196500,MSFT
2016-10-11,50.7828483581543,51.51986283858052,50.51645884724263,51.40442614183245,26497400,MSFT
2016-10-12,50.71180725097656,50.853881867251005,50.08135135296663,50.71180725097656,22177500,MSFT
2016-10-13,50.54310607910156,50.88053466156415,50.01032695927814,50.347755541740725,25313700,MSFT
2016-10-14,50.987083435058594,51.271236102418094,50.720693908443586,50.720693908443586,27402500,MSFT
2016-10-17,50.80949020385742,51.02260045985184,50.49869961515311,50.93380508440857,23830000,MSFT
2016-10-18,51.2001838684082,51.4576951454859,50.978192088994824,51.08474719466204,19149500,MSFT
2016-10-19,51.08475112915039,51.3600221762613,50.969317833839426,51.03147526587641,22878400,MSFT
2016-10-20,50.83613204956055,51.07588364649183,50.31223116456109,51.05812389257173,49455600,MSFT
2016-10-21,52.97611618041992,53.67761099085663,52.82516340181551,53.52665482492661,80032200,MSFT
2016-10-24,54.1660041809082,54.1660041809082,53.215879460524285,53.22475764291723,54067000,MSFT
2016-10-25,54.15711975097656,54.494544840204995,53.98840381903637,54.032801500532116,35137200,MSFT
2016-10-26,53.83745574951172,54.34359681510164,53.69538112386062,53.99729012678499,29911600,MSFT
2016-10-27,53.3668327331543,54.015051835204545,53.35795455068472,53.819697947609875,28479900,MSFT
2016-10-28,53.16260528564453,53.739785428819104,52.905097323719374,53.286920174986335,33574700,MSFT
2016-10-31,53.20700454711914,53.6509882434896,53.20700454711914,53.42011821180075,26434700,MSFT
2016-11-01,53.100440979003906,53.29579485834,52.612059667989925,53.251397173216226,24533000,MSFT
2016-11-02,52.77190017700195,53.215883854488204,52.65646347240407,53.118206903468966,22147000,MSFT
2016-11-03,52.57654571533203,52.95837194489213,52.48775033571059,52.86069499491258,21600400,MSFT
2016-11-04,52.1325569152832,52.638697981464496,51.96384435566486,52.07928104768071,28697000,MSFT
2016-11-07,53.65098571777344,53.739784485263236,53.0826871551452,53.0826871551452,31664800,MSFT
2016-11-08,53.695377349853516,53.97064501233416,53.4112281185229,53.76641296402316,22935400,MSFT
2016-11-09,53.42899703979492,53.80194511065474,52.56767096182864,53.27804420712494,49632500,MSFT
2016-11-10,52.12367248535156,53.713134499947195,51.173547903962195,53.70425293152718,57822400,MSFT
2016-11-11,52.4078254699707,52.4966208365982,51.51097668533297,51.70633055670478,38767800,MSFT
2016-11-14,51.6086540222168,52.46110513016762,50.86276141983866,52.40782587738127,41328400,MSFT
2016-11-15,52.62776565551758,53.1820269064928,52.136085147892175,52.1450267156031,35904100,MSFT
2016-11-16,53.325069427490234,53.334007586354915,52.57413790510933,52.69035102139716,27332500,MSFT
2016-11-17,54.2100944519043,54.48722512300378,53.61113890463019,54.00448269342768,32132700,MSFT
2016-11-18,53.95085525512695,54.657089325096486,53.90615763011082,54.33526096864403,27686300,MSFT
2016-11-21,54.40677261352539,54.50510942152287,54.013425381535484,54.08494430015537,19652600,MSFT
2016-11-22,54.63920211791992,54.7643568149269,54.36207483460727,54.51404742091295,23206700,MSFT
2016-11-23,53.99554443359375,54.621317866827795,53.86144817778106,54.54086079538207,21848900,MSFT
2016-11-25,54.11175537109375,54.11175537109375,53.75417105368152,53.90614362128462,8409600,MSFT
2016-11-28,54.18327713012695,54.54980303561995,53.82568938370036,53.941905912820424,20732600,MSFT
2016-11-29,54.61236572265625,54.8984344789376,54.10280553739205,54.21902203532153,22366700,MSFT
2016-11-30,53.87038803100586,54.6928384994522,53.8346319838461,54.40676966091684,34655400,MSFT
2016-12-01,52.92277526855469,53.77204344818408,52.69034225423481,53.73628399825658,34542100,MSFT
2016-12-02,52.96748733520508,53.16416095328647,52.565201939224856,52.8155147468402,25515700,MSFT
2016-12-05,53.83462142944336,54.165387819738065,53.24460413936223,53.369758805408395,23552700,MSFT
2016-12-06,53.59325408935547,54.04917517831683,53.45915784602083,54.022357293733556,19907000,MSFT
2016-12-07,54.86268997192383,54.87163154123489,53.45916368852341,53.64689572154167,30809000,MSFT
2016-12-08,54.540855407714844,55.05041908334157,54.38888284900146,54.800106324564965,21220800,MSFT
2016-12-09,55.39906692504883,55.416946651954675,54.64813544604926,54.692833058209274,27349400,MSFT
2016-12-12,55.5778694152832,55.694085960246284,55.17558740847476,55.26498265216332,20198100,MSFT
2016-12-13,56.301971435546875,56.69531520011829,55.64043858557635,55.87286821686645,35718900,MSFT
2016-12-14,56.03379821777344,56.72215255835822,55.899701931995935,56.319867111235915,30352700,MSFT
2016-12-15,55.944400787353516,56.453961197115134,55.694087957670384,56.0516757656691,27669900,MSFT
2016-12-16,55.69407272338867,56.27515189988854,55.53315859482591,56.27515189988854,42453100,MSFT
2016-12-19,56.87411880493164,57.008215075711085,55.801358869325576,55.92651698015097,34338200,MSFT
2016-12-20,56.80260467529297,57.03503435205555,56.34668007172918,56.936697539121795,26028400,MSFT
2016-12-21,56.80260467529297,56.945639109503,56.42713715411045,56.70426786235921,17096300,MSFT
2016-12-22,56.8115348815918,57.30321546721314,56.68638019545648,57.070785822991766,22176600,MSFT
2016-12-23,56.534420013427734,56.802609172528655,56.14107273055021,56.72215208377736,12403800,MSFT
2016-12-27,56.570159912109375,57.27639377721994,56.507582573196714,56.507582573196714,11763200,MSFT
2016-12-28,56.3109130859375,56.67743896556394,56.16787867950302,56.67743896556394,14653300,MSFT
2016-12-29,56.230464935302734,56.49865406361635,56.07848893612548,56.194705475471636,10250600,MSFT
2016-12-30,55.551055908203125,56.310929180363395,55.452719086259194,56.284107876972186,25579900,MSFT
2017-01-03,55.944400787353516,56.17683047540563,55.54211535590748,56.13213285195831,20694100,MSFT
2017-01-04,55.69407272338867,56.09635804479557,55.53315859482591,55.85498685195143,21340000,MSFT
2017-01-05,55.69407272338867,56.01590098051419,55.45270153054454,55.595735932577085,24876000,MSFT
2017-01-06,56.17683029174805,56.45396101255154,55.46165808829878,55.69408777559102,19922900,MSFT
2017-01-09,55.99802780151367,56.39137501075187,55.90863256861928,56.105302763028845,20382700,MSFT
2017-01-10,55.980140686035156,56.38242600139544,55.6761921600084,56.078477475368686,18593000,MSFT
2017-01-11,56.489707946777344,56.52546740373021,55.81029531572049,55.971209461798864,21517300,MSFT
2017-01-12,55.97121810913086,56.67745214711749,55.38120061909128,56.37350353647831,20968200,MSFT
2017-01-13,56.051666259765625,56.20363883575523,55.738776128277834,55.98014734621087,19422300,MSFT
2017-01-17,55.899696350097656,56.051672352817185,55.452713322420024,56.033792622484896,20664000,MSFT
2017-01-18,55.87287139892578,56.05166526944423,55.53316338596167,56.02484397223033,19670100,MSFT
2017-01-19,55.69407272338867,56.301969784579285,55.604677500946764,55.640436954007185,18451700,MSFT
2017-01-20,56.0874137878418,56.1589292759771,55.75664399831361,56.02483304668635,30213500,MSFT
2017-01-23,56.28410339355469,56.42713782947667,55.935457169132974,56.05167371401019,23097600,MSFT
2017-01-24,56.78471374511719,56.981387332194856,56.266211891988526,56.49864493311835,24672900,MSFT
2017-01-25,56.927757263183594,57.303221360201775,56.72214548478652,57.16912850135662,23672700,MSFT
2017-01-26,57.455196380615234,57.69657103921376,56.811543128455575,57.32110692630478,43554600,MSFT
2017-01-27,58.805084228515625,58.92130417722005,58.00945500925702,58.45643802324138,44818000,MSFT
2017-01-30,58.224002838134766,58.8140236690326,57.928999243105125,58.72462843355637,31651400,MSFT
2017-01-31,57.79489517211914,58.24187810953628,57.446249026567244,57.98262718738414,25270500,MSFT
2017-02-01,56.83836364746094,57.768089166933365,56.7400268353731,57.53565608196032,39671500,MSFT
2017-02-02,56.471832275390625,56.68638562231239,56.09636818103973,56.54335119443447,45827000,MSFT
2017-02-03,56.927757263183594,56.94563699307157,56.38243743733452,56.76684310440157,30301800,MSFT
2017-02-06,56.891998291015625,56.90093986114114,56.44501527061455,56.766843590936894,19796400,MSFT
2017-02-07,56.70426559448242,57.017152341112414,56.525471706318235,56.9813962916474,20277200,MSFT
2017-02-08,56.623809814453125,57.04397494974745,56.51653484317729,56.829421596985924,18096400,MSFT
2017-02-09,57.267459869384766,57.60717131499839,56.605926938040355,56.784720820369266,22644400,MSFT
2017-02-10,57.21381759643555,57.48201009458626,57.19593786921155,57.43730907142162,18170700,MSFT
2017-02-13,57.85748291015625,57.98263760949556,57.33003940258095,57.428376212121776,22920100,MSFT
2017-02-14,58.073333740234375,58.20824296611452,57.57866886592992,57.92943559792561,23108400,MSFT
2017-02-15,58.0373420715332,58.07331831299533,57.70457384609978,58.01036160587822,17005200,MSFT
2017-02-16,58.02836608886719,58.67592493253123,57.95642044316912,58.22623205351662,20546300,MSFT
2017-02-17,58.1182975769043,58.18125429187135,57.83049447108818,57.983388370041396,21248800,MSFT
2017-02-21,58.001380920410156,58.41509751221249,57.96540466958801,58.10930967287659,20655900,MSFT
2017-02-22,57.88445281982422,57.91143328763644,57.60564550340858,57.857472352011996,19292700,MSFT
2017-02-23,58.1182975769043,58.217230537819276,57.7315615101732,57.93841634716466,20273100,MSFT
2017-02-24,58.1182975769043,58.28018725278632,57.686589487296466,58.037349308079634,21796800,MSFT
2017-02-27,57.767547607421875,58.04635498385518,57.60565790393224,58.04635498385518,15871500,MSFT
2017-02-28,57.542686462402344,57.74054894828717,57.34482054563395,57.63262707497141,23239800,MSFT
2017-03-01,58.40610885620117,58.451074023603134,57.578668807139636,57.67760178189951,26937500,MSFT
2017-03-02,57.5696907043457,58.235234318114394,57.45276958213264,58.18127336238896,24539600,MSFT
2017-03-03,57.7855339050293,57.81251437939769,57.2189199271028,57.55169512177315,18135900,MSFT
2017-03-06,57.80351638793945,58.06433906646391,57.389803216885404,57.53370479281541,18750300,MSFT
2017-03-07,57.920440673828125,58.26220477089834,57.73157049951813,57.73157049951813,18521000,MSFT
2017-03-08,58.45106506347656,58.53201333122052,57.785521676743514,57.794517453552224,21510900,MSFT
2017-03-09,58.21723937988281,58.63994489499526,57.992392954883954,58.63095597846851,19846800,MSFT
2017-03-10,58.397098541259766,58.69389739165744,58.23520888302163,58.5589881994979,19538200,MSFT
2017-03-13,58.199241638183594,58.630949747479804,58.07332820250711,58.46906006421467,20100000,MSFT
2017-03-14,57.929439544677734,58.055353000939526,57.69559732800495,58.037361443319995,14280200,MSFT
2017-03-15,58.235225677490234,58.38811960387309,57.78553281511579,58.055351277247865,24833800,MSFT
2017-03-16,58.136295318603516,58.24422408067361,57.83050745205817,58.23522830172556,20674300,MSFT
2017-03-17,58.34315490722656,58.67592323654693,58.17226942237431,58.379131159920114,49219700,MSFT
2017-03-20,58.397098541259766,58.62194490760348,58.20822841694303,58.37911385112955,14598100,MSFT
2017-03-21,57.749549865722656,58.90975813951609,57.67759736926235,58.63095079294207,26640500,MSFT
2017-03-22,58.487060546875,58.58599353901083,57.66862299402434,57.66862299402434,20680000,MSFT
2017-03-23,58.34315490722656,58.67592323654693,58.253210844608375,58.40611163399814,19269200,MSFT
2017-03-24,58.442081451416016,58.8647869350403,58.244215514273506,58.783845521719,22617100,MSFT
2017-03-27,58.54999542236328,58.65792415397211,57.875456288783596,58.12728313410397,18614700,MSFT
2017-03-28,58.720890045166016,58.88277973700411,58.14528377680124,58.42409113316818,20080400,MSFT
2017-03-29,58.8828010559082,58.909781537355016,58.415116504928584,58.56801733607795,13618400,MSFT
2017-03-30,59.098628997802734,59.341466960796424,58.783845399262596,58.837806341364384,15122800,MSFT
2017-03-31,59.233543395996094,59.530342327052644,58.86479196133158,59.0446732203515,21040300,MSFT
2017-04-03,58.954742431640625,59.305502347655676,58.63096299196994,59.18857780113788,20400900,MSFT
2017-04-04,59.11662292480469,59.18856856323764,58.711895257499926,58.81082822983433,12997400,MSFT
2017-04-05,58.96372604370117,59.67424159117043,58.8558041480345,59.62927642189883,21448600,MSFT
2017-04-06,59.11662292480469,59.41341498003981,58.89177650800252,58.99969839653598,18103500,MSFT
2017-04-07,59.071651458740234,59.32347835007163,58.85580081785163,59.22454537679599,14108500,MSFT
2017-04-10,58.936737060546875,59.19755970703154,58.78384315591477,59.00868955511525,17952700,MSFT
2017-04-11,58.89176559448242,59.008683239316454,58.32514833761198,58.99968746301636,18791500,MSFT
2017-04-12,58.66692352294922,58.918750383690636,58.55899478473118,58.83780211458529,17108500,MSFT
2017-04-13,58.41510009765625,59.233544401105775,58.41510009765625,58.7208948122948,17896500,MSFT
2017-04-17,58.89176559448242,58.9007545090157,58.469053311346315,58.4960337784798,16689300,MSFT
2017-04-18,58.810821533203125,59.09862463946781,58.60396669588927,58.75686059508078,15155600,MSFT
2017-04-19,58.49604797363281,59.13461101056279,58.361138743460344,59.04467381103731,26992800,MSFT
2017-04-20,58.909751892089844,59.13459827335736,58.58597255412326,58.873775647675004,22299500,MSFT
2017-04-21,59.719200134277344,59.98901167427403,58.864779769870346,59.062645682928114,32522600,MSFT
2017-04-24,60.735504150390625,60.852428661605785,60.348768095425974,60.69053899064925,29770000,MSFT
2017-04-25,61.08628463745117,61.194213408543774,60.79848144297365,61.06829993982044,30242700,MSFT
2017-04-26,61.00531768798828,61.43701886824671,60.816447563904404,61.23016405405479,26190800,MSFT
2017-04-27,61.40105438232422,61.49998735127686,60.78048295916514,61.29313249747978,34971000,MSFT
2017-04-28,61.57193374633789,62.183516192988385,60.87940989407654,61.97666135969366,39548800,MSFT
2017-05-01,62.42636489868164,62.55227834807909,61.60792061582983,61.769810316736326,31954400,MSFT
2017-05-02,62.32741928100586,62.6961637760888,62.17451852766223,62.6961637760888,23906100,MSFT
2017-05-03,62.12956619262695,62.39937778725876,61.79679101130251,62.39937778725876,28928000,MSFT
2017-05-04,61.88673400878906,62.12957201465875,61.73384007132683,62.08459998045502,21749400,MSFT
2017-05-05,62.05760955810547,62.084590029595695,61.59892095746793,61.967672365882095,19128800,MSFT
2017-05-08,62.00364685058594,62.10257981774653,61.53596248550534,62.03062732130833,18566100,MSFT
2017-05-09,62.09358596801758,62.30943660226579,61.76980658576128,61.93169627688943,22858400,MSFT
2017-05-10,62.33644485473633,62.56129136696581,61.98568484460001,62.04864159355343,17977800,MSFT
2017-05-11,61.57193374633789,61.81477168670479,61.26614595389623,61.481996563959,28789400,MSFT
2017-05-12,61.49998474121094,61.70684644799664,61.194196931438896,61.70684644799664,18714100,MSFT
2017-05-15,61.54496765136719,61.58993968394325,60.77149535108664,61.28414495831735,31530300,MSFT
2017-05-16,62.784202575683594,62.811337705160994,61.6535261734513,61.71684377593226,34956000,MSFT
2017-05-17,61.038429260253906,62.50378125259707,60.99319945015191,62.313828472148884,30548800,MSFT
2017-05-18,61.2464714050293,61.626376975732114,60.73088330161825,60.966065898239165,25201300,MSFT
2017-05-19,61.22838592529297,61.59924416747775,60.993203319821795,61.05652091732166,26961100,MSFT
2017-05-22,61.915809631347656,61.96103942786561,61.056498706290924,61.40926903561721,16237600,MSFT
2017-05-23,62.12387466430664,62.18719225674223,61.852509610382675,62.160057131569836,15425800,MSFT
2017-05-24,62.20526123046875,62.30476126008115,61.91580848098664,62.295720821823956,14593900,MSFT
2017-05-25,62.97413635253906,63.20931200434125,62.331913178281084,62.38618342083559,21854100,MSFT
2017-05-26,63.281681060791016,63.516863629049695,62.88368085313779,63.136958104162225,19827900,MSFT
2017-05-30,63.68874740600586,63.68874740600586,63.109834705340376,63.12792939344634,17072800,MSFT
2017-05-31,63.17312240600586,63.98721045785608,63.145987287793886,63.797257729274065,30436400,MSFT
2017-06-01,63.40829849243164,63.86961615847721,62.820345686859454,63.53493363195827,21603600,MSFT
2017-06-02,64.90985870361328,65.00031141588404,63.53495263313932,63.71586495878041,34770300,MSFT
2017-06-05,65.38020324707031,65.93197364772291,64.95506799727914,65.09979782746258,33316800,MSFT
2017-06-06,65.59730529785156,65.68776491185639,65.37117006503877,65.3983120899,31511100,MSFT
2017-06-07,65.47970581054688,65.82342881886869,65.08170566325963,65.70584100312401,22301800,MSFT
2017-06-08,65.08171081542969,65.59729881927795,64.67467019700699,65.58825837965004,24588300,MSFT
2017-06-09,63.60733413696289,65.19932851191764,62.04247489264976,65.1631460373617,49187400,MSFT
2017-06-12,63.11888122558594,63.26361112413871,61.62638692699209,62.63947551355732,47761700,MSFT
2017-06-13,63.90579605102539,64.05956629984396,63.28166081616534,63.335931044901955,25258600,MSFT
2017-06-14,63.562095642089844,64.31286635916534,62.80228448343544,64.14100825486044,25510700,MSFT
2017-06-15,63.2274284362793,63.50783398740294,62.23243454093927,62.65756308902625,26068700,MSFT
2017-06-16,63.31787109375,63.345006220042706,62.612330205738544,63.07364805601537,48345100,MSFT
2017-06-19,64.10478973388672,64.16810729483262,63.63442479449156,63.77010725397464,23798300,MSFT
2017-06-20,63.23642349243164,64.10478145950414,63.20024104783333,64.05955167848232,21512200,MSFT
2017-06-21,63.562095642089844,63.87869052596295,63.26360234467587,63.507825388214656,19891100,MSFT
2017-06-22,63.55305099487305,63.851544272534156,63.05555069693788,63.806321364330955,22965700,MSFT
2017-06-23,64.41236877441406,64.44855124535056,63.245509965839844,63.399280291494414,27617300,MSFT
2017-06-26,63.79724884033203,64.86460704824206,63.71584349703841,64.58420166432326,19607000,MSFT
2017-06-27,62.60327911376953,63.48068495055127,62.576143989102036,63.41736735929382,25215100,MSFT
2017-06-28,63.13698196411133,63.17315754111497,62.22339336997314,62.60329903842987,25806200,MSFT
2017-06-29,61.95201110839844,62.85655210767872,61.5901933284663,62.75705204566988,28918700,MSFT
2017-06-30,62.349998474121094,62.757039079257325,62.178133511415304,62.21431597204277,24161100,MSFT
2017-07-03,61.66255187988281,62.95604565096405,61.526869363819856,62.71182264293028,16165500,MSFT
2017-07-05,62.48569869995117,62.81133403686446,61.70779282855838,61.74397529944883,21176300,MSFT
2017-07-06,62.024391174316406,62.214344002368755,61.61735038579022,61.75302604789772,21117600,MSFT
2017-07-07,62.82941818237305,63.1731412842711,62.141965077476655,62.141965077476655,16878300,MSFT
2017-07-10,63.29978561401367,63.54400866063794,62.594237799220224,62.82942040415137,15014500,MSFT
2017-07-11,63.308815002441406,63.932950425323504,63.091727120999536,63.31786234365545,17460000,MSFT
2017-07-12,64.35810089111328,64.47568875016621,63.81537760925988,63.942012811655644,17750900,MSFT
2017-07-13,64.91890716552734,65.16313711004527,64.50281911678988,64.67468412210987,20269800,MSFT
2017-07-14,65.83248138427734,66.27570446460143,65.09075816979463,65.34402850140839,25868100,MSFT
2017-07-17,66.34808349609375,66.43853621931785,65.7782251287915,65.85059006781096,21803900,MSFT
2017-07-18,66.30284881591797,66.38425418203965,65.72394320872206,66.11288915943567,26435300,MSFT
2017-07-19,66.80941009521484,66.97222777875636,66.4385449100531,66.4837747281318,22416200,MSFT
2017-07-20,67.13504028320312,67.20740522610599,66.28476945684649,67.0988578117517,42361000,MSFT
2017-07-21,66.7460708618164,67.19834129164215,66.18525304443679,66.43852338096336,46717100,MSFT
2017-07-24,66.5741958618164,66.7098783505456,66.14906061764403,66.51087828722252,21394800,MSFT
2017-07-25,67.10787963867188,67.21642011065536,66.48374432037409,66.75510930252916,22018700,MSFT
2017-07-26,66.98125457763672,67.2797478216558,66.7641597987693,67.24356535851123,16252200,MSFT
2017-07-27,66.17623138427734,67.3159482220784,65.41641325797559,66.71895467386372,36844200,MSFT
2017-07-28,66.06767272949219,66.31189575288457,65.61540224823972,65.7329900889694,18306700,MSFT
2017-07-31,65.7601318359375,66.42949718439043,65.49782100336337,66.30286198897514,23600100,MSFT
2017-08-01,65.65160369873047,66.41141501441419,65.57019139999186,66.12196209875822,22132300,MSFT
2017-08-02,65.36213684082031,65.63349500949516,64.62041347134841,65.62445456797627,26499200,MSFT
2017-08-03,65.26260375976562,65.52492135421836,64.99123882727054,65.29878621083809,18214400,MSFT
2017-08-04,65.74203491210938,66.06767019822298,65.34403469550394,65.4887645564876,22579000,MSFT
2017-08-07,65.48875427246094,65.94102466536316,65.3621191145362,65.85057196700241,18705700,MSFT
2017-08-08,65.8415298461914,66.1490704252168,64.90080652625045,65.20834710527586,22044600,MSFT
2017-08-09,65.55209350585938,65.58827597737587,65.17218790658738,65.35309336306905,22213400,MSFT
2017-08-10,64.5932846069336,65.29882557543122,64.53900744705611,65.03650782284345,24734500,MSFT
2017-08-11,65.5792007446289,65.76010612417494,64.47565998654363,64.77416007378267,21443700,MSFT
2017-08-14,66.56513977050781,66.68273446579124,65.98623433573403,66.08573435431363,20096600,MSFT
2017-08-15,66.58335876464844,66.91981761766876,66.41967364176597,66.91981761766876,19181400,MSFT
2017-08-16,66.97437286376953,67.38358213430215,66.53787696238336,66.69246651455195,18150400,MSFT
2017-08-17,65.83768463134766,67.17444533212961,65.83768463134766,66.91073002250401,22977500,MSFT
2017-08-18,65.91952514648438,66.23779985880283,65.41028560677485,65.71946477363609,18761500,MSFT
2017-08-21,65.61032104492188,65.91041149014721,65.20110490928757,65.9013159481467,17734800,MSFT
2017-08-22,66.52880859375,66.60155215121942,65.79222196971834,65.79222196971834,14343700,MSFT
2017-08-23,66.12867736816406,66.5197025465449,65.95589670347753,66.34692188185839,13766500,MSFT
2017-08-24,66.10138702392578,66.25597657381431,65.53758127167325,66.14685086561053,17098300,MSFT
2017-08-25,66.21961975097656,66.70157962162477,65.9104405652282,66.25599499715909,12794300,MSFT
2017-08-28,66.22870635986328,66.46513502134208,65.97408660881358,66.4378553248536,14569700,MSFT
2017-08-29,66.42877197265625,66.5288021596053,65.51941168247816,65.70128096536641,11478400,MSFT
2017-08-30,67.30174255371094,67.48361179751055,66.22869736441261,66.39238245897903,16897800,MSFT
2017-08-31,67.99284362792969,68.16562424672698,67.11077026247561,67.31991917567281,27652800,MSFT
2017-09-01,67.23809051513672,67.96557445947637,66.96527969984233,67.93829476552037,21736200,MSFT
2017-09-05,66.93798828125,67.1926079640639,66.36509399491874,66.69245720291802,21556000,MSFT
2017-09-06,66.74703979492188,67.32902976551512,66.70156900996052,67.0562189314824,16535800,MSFT
2017-09-07,67.6018295288086,67.83826510799115,66.92890496729993,67.00165544364337,17471200,MSFT
2017-09-08,67.27446746826172,67.69277230794223,67.1471506634423,67.59274213564174,14703800,MSFT
2017-09-11,67.9837646484375,68.14744974787635,67.57454843090682,67.57454843090682,17910400,MSFT
2017-09-12,67.9110107421875,68.42025016454758,67.62911133879057,67.98376121334374,14394900,MSFT
2017-09-13,68.39298248291016,68.41117357282718,67.79280833514082,68.13836272701602,13380800,MSFT
2017-09-14,67.99284362792969,68.6475839329866,67.76550362966638,68.20199947899305,15733900,MSFT
2017-09-15,68.48392486572266,68.55667535788416,67.3563199886945,68.04743578849121,38578400,MSFT
2017-09-18,68.34749603271484,69.08407535981785,68.23837034290244,68.41115095063898,23307000,MSFT
2017-09-19,68.60212707519531,68.84765124563664,68.21110196088738,68.39297120285377,16093300,MSFT
2017-09-20,68.14745330810547,68.70216356641313,67.57455196120584,68.52028736983091,21587900,MSFT
2017-09-21,67.4836196899414,68.42025958699966,67.3926850574065,68.30204525849106,19186100,MSFT
2017-09-22,67.66549682617188,67.75643145996102,67.15625038879054,67.28356026366892,14111400,MSFT
2017-09-25,66.61972045898438,67.51998498281928,66.31053442847673,67.37448404190587,24149200,MSFT
2017-09-26,66.61972045898438,67.11986433317412,66.37418935565967,66.99255447880824,18019600,MSFT
2017-09-27,67.15624237060547,67.4472373267078,66.53787722165461,66.8834385018097,19565100,MSFT
2017-09-28,67.17442321777344,67.26535782684319,66.66517691882412,66.8743327637639,10883800,MSFT
2017-09-29,67.73821258544922,67.7836833526264,67.18350252763963,67.23806883582525,17079100,MSFT
2017-10-02,67.84735107421875,68.21109646671998,67.5654516905168,67.93828568787748,15304800,MSFT
2017-10-03,67.52909851074219,68.0928974622683,67.46544356660638,67.90193262986088,12190400,MSFT
2017-10-04,67.92009735107422,67.94737703970263,67.02892154130602,67.3744758270424,13317700,MSFT
2017-10-05,69.0840835571289,69.22048895111344,68.16562797135738,68.40206352507279,21195300,MSFT
2017-10-06,69.11136627197266,69.13864596438974,68.69306146655474,68.81127577965106,13959800,MSFT
2017-10-09,69.37507629394531,69.61151184016519,68.98405121044819,69.0840813670079,11386500,MSFT
2017-10-10,69.37507629394531,69.6842553684998,69.23867090428514,69.41145152704577,13944500,MSFT
2017-10-11,69.49330139160156,69.52967663035172,69.06590100862151,69.43874200241004,15388900,MSFT
2017-10-12,70.1298599243164,70.28444949058887,69.44783978596043,69.55695856786211,16876500,MSFT
2017-10-13,70.46630859375,70.81186985426872,70.28443935822081,70.55724321151459,15335700,MSFT
2017-10-16,70.61181640625,70.7573104212633,70.33900558853253,70.40266052095097,12380100,MSFT
2017-10-17,70.55724334716797,70.58452997662977,70.24806425860059,70.44812458078731,16824000,MSFT
2017-10-18,70.57544708251953,70.79369159226285,70.35720257277622,70.6300064754884,13300700,MSFT
2017-10-19,70.84827423095703,70.866458386843,70.33902767384708,70.53908807793998,15092800,MSFT
2017-10-20,71.6666488647461,71.81214977357357,71.1301298736415,71.22106447272606,22866400,MSFT
2017-10-23,71.68485260009766,72.14862121864654,71.62119767571646,71.83034659674051,20627200,MSFT
2017-10-24,71.7121353149414,72.02131440701203,71.34838990119555,71.74851055010267,17517200,MSFT
2017-10-25,71.50299835205078,71.93039880586342,70.93919940265415,71.45753449947897,20410800,MSFT
2017-10-26,71.6212158203125,72.22138998254599,71.61212027513479,72.02132961584543,32120700,MSFT
2017-10-27,76.2134780883789,78.38684846685749,76.03160881888105,76.72272453113514,71066700,MSFT
2017-10-30,76.28621673583984,76.68633739209959,75.57691698182799,76.11343610011554,31756700,MSFT
2017-10-31,75.64057159423828,76.71361676419986,75.57691666626881,76.71361676419986,27086600,MSFT
2017-11-01,75.64057159423828,76.16800210476632,75.36776079558811,76.0952516334107,22307400,MSFT
2017-11-02,76.43172454833984,76.80455860783508,75.58601931842695,75.79516827091105,23992900,MSFT
2017-11-03,76.5135726928711,76.87731818906325,75.84064803452999,76.45901329669617,17633500,MSFT
2017-11-06,76.81362915039062,77.0227780347999,76.4589793569443,76.56809810085689,19860900,MSFT
2017-11-07,76.63177490234375,77.20467622298284,76.3225957891273,77.08645496615652,17939700,MSFT
2017-11-08,76.89550018310547,76.94097097055356,76.23167108871897,76.51357054486654,18034200,MSFT
2017-11-09,76.46806335449219,76.63174839836711,75.38592989463584,76.48625443595873,21178400,MSFT
2017-11-10,76.2680435180664,76.4771924817301,75.68605353711064,76.19529303597997,19397800,MSFT
2017-11-13,76.32258605957031,76.33168160228989,75.89518574401228,76.07706190907224,14196900,MSFT
2017-11-14,76.43172454833984,76.47718839381282,75.45870945051468,75.9315736830649,18801300,MSFT
2017-11-15,75.8376693725586,76.48655673872858,75.57262969239734,76.2854916729021,19383100,MSFT
2017-11-16,76.03872680664062,76.23979187072446,75.80111079700515,75.9473354973416,20962800,MSFT
2017-11-17,75.30758666992188,75.96561522970923,75.16135500209815,75.96561522970923,22079000,MSFT
2017-11-20,75.42639923095703,75.48123262335143,75.17050076950298,75.30759122319911,16315000,MSFT
2017-11-21,76.51395416259766,76.62362091800078,75.61830281479206,75.61830281479206,21237500,MSFT
2017-11-22,75.95646667480469,76.67846977638864,75.89249206948504,76.614495171069,20553100,MSFT
2017-11-24,76.09358215332031,76.24894810699142,75.65489402051276,75.86510034872938,7425600,MSFT
2017-11-27,76.65106964111328,76.75160218157473,76.13013146449966,76.13926571529758,18265200,MSFT
2017-11-28,77.5741195678711,77.73862670321266,76.78814180709581,76.83384094518883,21926000,MSFT
2017-11-29,76.16667175292969,77.61067806590161,76.02044706081242,77.41875423534856,27381100,MSFT
2017-11-30,76.92522430419922,77.24509731968689,76.16666331553645,76.32203618538085,33054600,MSFT
2017-12-01,77.00752258300781,77.51017845571613,76.05703727612003,76.40432716850282,29532100,MSFT
2017-12-04,74.1012191772461,77.16287390798401,73.75392237811198,77.1537326836091,39094900,MSFT
2017-12-05,74.56729888916016,75.56348292233895,74.00980984671747,74.33881714435056,26152300,MSFT
2017-12-06,75.65486907958984,75.9838833275525,74.4210691360844,74.5307428763083,26162100,MSFT
2017-12-07,75.38983917236328,75.67316129468448,74.94201687752708,75.43553831320183,23184500,MSFT
2017-12-08,76.91609191894531,77.29993954682904,76.15753091190679,76.43170480066276,24489100,MSFT
2017-12-11,77.8940200805664,78.02196933363487,76.87956030787262,77.03492626192556,22857900,MSFT
2017-12-12,78.2138671875,78.64341395388834,77.75690372925013,77.96710301532802,23924100,MSFT
2017-12-13,78.003662109375,78.59771600863323,77.8391549830067,78.36009305438812,22062700,MSFT
2017-12-14,77.40049743652344,78.47893182031088,77.25426573641812,78.07680161773247,19306000,MSFT
2017-12-15,79.37456512451172,79.59390567030567,77.57412766987363,77.92142442115016,53936700,MSFT
2017-12-18,78.94500732421875,79.96860801701183,78.80792386007128,79.62131828665615,22283800,MSFT
2017-12-19,78.44235229492188,78.91759124397701,77.93054845819789,78.91759124397701,23524800,MSFT
2017-12-20,78.1590347290039,78.87190365298439,77.41875608310116,78.78050537393145,23674900,MSFT
2017-12-21,78.1407470703125,78.68910179556244,78.04935577822228,78.64340963587165,17990700,MSFT
2017-12-22,78.14990997314453,78.25957676499515,77.61068934660689,78.04937743214109,14145800,MSFT
2017-12-26,78.04939270019531,78.16820073884494,77.71123708951443,77.96713561750562,9891200,MSFT
2017-12-27,78.33268737792969,78.5794515885388,77.88486507144846,78.27785398566549,14678000,MSFT
2017-12-28,78.34183502197266,78.53375888333804,78.18646908268316,78.5063421849588,10594300,MSFT
2017-12-29,78.17732238769531,78.64342714565382,78.14076446817796,78.25957247707672,18717400,MSFT
2018-01-02,78.55204772949219,78.88106211147071,78.14078323837496,78.71655492048146,22483800,MSFT
2018-01-03,78.91758728027344,79.0638189327669,78.57029756466488,78.65254763966074,26061400,MSFT
2018-01-04,79.6121826171875,80.11484526314953,79.11866119370926,79.13693666596708,21912000,MSFT
2018-01-05,80.5992431640625,80.80030826660203,79.90465652966543,80.11486285669618,23407100,MSFT
2018-01-08,80.68148040771484,80.95566131706403,80.06000972287217,80.60836456886037,22113000,MSFT
2018-01-09,80.62664031982422,81.09274503792919,80.29762604501008,81.01962920514615,19484300,MSFT
2018-01-10,80.2610855102539,80.59924108057554,79.88637898833473,80.29764343456254,18652200,MSFT
2018-01-11,80.49868774414062,80.54437990819368,79.73098547733065,80.54437990819368,17808900,MSFT
2018-01-12,81.88786315917969,82.05237030884334,80.8368456459236,81.03791071470252,24271500,MSFT
2018-01-16,80.7454605102539,82.97544493787335,80.43472863307318,82.34483298714574,36599700,MSFT
2018-01-17,82.38138580322266,82.50933503562712,81.11102772955684,81.4126253371003,25621200,MSFT
2018-01-18,82.3448257446289,82.86576388380405,81.9427025843932,82.07065181347411,24159700,MSFT
2018-01-19,82.25345611572266,82.81095232054618,81.94272418396496,82.38140537853016,36875000,MSFT
2018-01-22,83.724853515625,83.73399473803696,82.01580750549206,82.25343047923523,23601600,MSFT
2018-01-23,83.98991394042969,84.35548622744591,83.66089957938624,83.98991394042969,23412800,MSFT
2018-01-24,83.91677856445312,85.38820162213717,83.6974380323596,84.58394835598773,33277500,MSFT
2018-01-25,84.38287353515625,85.21454340002397,84.01730137548196,84.5108227451359,26383200,MSFT
2018-01-26,85.9639892578125,85.9639892578125,84.61138092136723,85.10490244067924,29172200,MSFT
2018-01-29,85.83602142333984,87.23432860559907,85.65323881400633,86.95101346931925,31569900,MSFT
2018-01-30,84.75758361816406,85.5984017136802,84.17267092641067,85.26938745298025,38635100,MSFT
2018-01-31,86.83222198486328,87.18865302174882,85.46133123600784,85.68067180346564,48756300,MSFT
2018-02-01,86.14677429199219,87.8009801864911,85.52530355699474,86.63115456125138,47227900,MSFT
2018-02-02,83.88021087646484,85.88171304522024,83.62431245671162,85.58011549077865,47867800,MSFT
2018-02-05,80.42557525634766,85.21455073970785,80.42557525634766,82.76522612344706,51031500,MSFT
2018-02-06,83.46896362304688,83.60605408243555,77.91228518781442,79.41112507232036,67998600,MSFT
2018-02-07,81.89698791503906,83.8710663413631,81.52227454898409,82.70124105573275,41107600,MSFT
2018-02-08,77.69293975830078,82.14375998833124,77.46445799790217,81.98839406471059,55628700,MSFT
2018-02-09,80.59007263183594,81.27551779246981,76.61449209470116,78.87189260602216,63499100,MSFT
2018-02-12,81.45829010009766,82.0523438922234,80.36158077056388,81.10185921936377,35720300,MSFT
2018-02-13,82.09806060791016,82.25342651788257,80.24278999208475,81.27552494818946,26407700,MSFT
2018-02-14,83.38356018066406,83.54884006925208,81.17983767344114,81.27165827699827,34960900,MSFT
2018-02-15,85.08229064941406,85.13738162196726,83.20912052249615,83.75086710050786,27823900,MSFT
2018-02-16,84.47625732421875,85.85358760667884,84.29261608874305,84.88945360677114,30596900,MSFT
2018-02-20,85.13737487792969,85.44956637162063,83.56721923536097,83.9987838340805,30911700,MSFT
2018-02-21,84.00796508789062,85.72503940330421,84.00796508789062,85.37611824531966,26922500,MSFT
2018-02-22,84.22834777832031,85.14656804100335,83.8886037591603,84.5221779821603,24392800,MSFT
2018-02-23,86.3677978515625,86.37698201595182,84.80682616769029,85.94541736069667,26329200,MSFT
2018-02-26,87.61656951904297,87.64411500407954,86.54225356983231,86.67998800047926,30199800,MSFT
2018-02-27,86.49635314941406,88.00223394524674,86.49635314941406,87.91041331242089,25869100,MSFT
2018-02-28,86.10150146484375,87.88285081997239,85.9729512026658,87.08399675746891,31167300,MSFT
2018-03-01,85.25675201416016,86.83609202436394,84.32934756529123,86.30352257804596,37135600,MSFT
2018-03-02,85.44039916992188,85.53221979609141,83.42949453112489,84.09061424828909,32830400,MSFT
2018-03-05,85.98213958740234,86.56061579560543,84.7149982242347,84.78845051661145,23901600,MSFT
2018-03-06,85.68830871582031,86.76262466765685,85.33938756206416,86.62489023667327,22175800,MSFT
2018-03-07,86.18416595458984,86.25762526675106,84.87111052293676,85.54141448684312,26716100,MSFT
2018-03-08,86.70751953125,87.32272528293889,86.10149093612027,86.56060096074715,25887800,MSFT
2018-03-09,88.64498138427734,88.64498138427734,87.23092139676874,87.49720610274092,36937300,MSFT
2018-03-12,88.85616302490234,89.26018214261666,88.18586622192792,88.60824666069108,26073700,MSFT
2018-03-13,86.68915557861328,89.28771291489217,86.28513652746962,89.06734207129689,35387800,MSFT
2018-03-14,86.17496490478516,87.60739318940833,85.85358923387952,87.34110848909674,32132000,MSFT
2018-03-15,86.47797393798828,86.845263398787,85.2383781375734,85.88112943987333,27611000,MSFT
2018-03-16,86.86361694335938,87.57982747479682,86.23922701753591,86.93707623003581,49081300,MSFT
2018-03-19,85.2934799194336,86.22088434930981,84.57726923307035,86.07396574417649,33344100,MSFT
2018-03-20,85.51383972167969,86.10150005500329,85.3944736246015,85.44038743411205,23075200,MSFT
2018-03-21,84.91699981689453,86.35860512570227,84.66907646132722,85.33019606888861,24457100,MSFT
2018-03-22,82.44699096679688,84.24670168251981,82.32762486512657,83.80595291283925,38604700,MSFT
2018-03-23,80.05039978027344,83.06215950317328,79.9585792044213,82.18066936516314,44068900,MSFT
2018-03-26,86.1106948852539,86.31270446338297,83.00711292758038,83.19993834157687,56396800,MSFT
2018-03-27,82.1531753540039,87.35948302668625,81.27168466382477,87.17584175994841,56569000,MSFT
2018-03-28,82.07970428466797,83.76923311953303,81.60223285628295,82.47453925650076,52501100,MSFT
2018-03-29,83.80596923828125,84.74255792925136,81.17068128658278,82.80511240774645,45867500,MSFT
2018-04-02,81.28083801269531,83.44783795162802,80.35344078023876,83.07137136345905,48515400,MSFT
2018-04-03,82.37352752685547,82.68572601581133,80.7023671602245,82.25416143119028,37213800,MSFT
2018-04-04,84.77925872802734,85.17409362895515,80.5554479075788,80.6656298298618,35560000,MSFT
2018-04-05,84.82518768310547,85.45876192357147,83.92533572392968,84.88028566410132,29771900,MSFT
2018-04-06,82.85102844238281,84.89865597840166,82.1623631534547,84.00798108384681,38026000,MSFT
2018-04-09,83.34683990478516,85.55056966512937,83.20911248670298,83.59476326826066,31533900,MSFT
2018-04-10,85.28428649902344,85.65157596652875,84.14569545467448,84.83436057919798,26812000,MSFT
2018-04-11,84.34771728515625,85.66077259385675,83.99879609326129,84.48545173119489,24872100,MSFT
2018-04-12,85.92705535888672,86.45962480182462,84.87110063732773,84.87110063732773,26758900,MSFT
2018-04-13,85.46794891357422,86.47798986266909,84.88028847026574,86.35862374325067,23346100,MSFT
2018-04-16,86.46879577636719,86.9187287246687,85.78013061662142,86.37697515616061,20288100,MSFT
2018-04-17,88.21341705322266,88.64498168140119,87.12073273978888,87.23092168915288,26771000,MSFT
2018-04-18,88.55315399169922,88.8102545142301,87.70838612493,88.35114443672101,21043300,MSFT
2018-04-19,88.25015258789062,89.13164322519089,87.5431190418864,88.55316696474958,23552500,MSFT
2018-04-20,87.23089599609375,88.25012070974826,86.35858983831774,88.06647952036246,31154400,MSFT
2018-04-23,87.55229187011719,88.41542107227401,86.89117222637698,87.91039717623248,22331800,MSFT
2018-04-24,85.50467681884766,88.58071342134734,84.85274124680171,88.36951967003938,34524800,MSFT
2018-04-25,84.76090240478516,85.6699454251039,82.89691656398176,85.6699454251039,33729300,MSFT
2018-04-26,86.55145263671875,87.36866819235321,85.48631366213677,85.89951702522751,42529000,MSFT
2018-04-27,87.98384857177734,89.89374803655912,86.23005184614287,89.6182792079117,48272800,MSFT
2018-04-30,85.87195587158203,88.51643471123298,85.53221885793468,88.45215957307282,41523600,MSFT
2018-05-01,87.23089599609375,87.49718062452678,85.20163072989273,85.5872814308803,31408900,MSFT
2018-05-02,85.8627700805664,87.38701192032167,85.56893990630853,87.22173200946011,27471000,MSFT
2018-05-03,86.37699127197266,87.16666136291786,84.88947172742027,85.35776608494955,31142500,MSFT
2018-05-04,87.37786102294922,87.57068647599515,85.32104217952723,85.68833175910015,22531300,MSFT
2018-05-07,88.3511734008789,88.80109946280714,87.32276396814821,87.38703911985225,24242000,MSFT
2018-05-08,87.97468566894531,88.29606838185238,87.28602043637021,88.01141532200512,23484600,MSFT
2018-05-09,89.01229095458984,89.03983644668605,87.2768548978694,88.15834567227773,27327400,MSFT
2018-05-10,89.9029312133789,89.93965385169689,89.11326138574084,89.48972797493765,22388100,MSFT
2018-05-11,89.71011352539062,89.866216288394,89.10409181740098,89.80194115261534,16778300,MSFT
2018-05-14,90.01312255859375,90.61915123620625,89.3520029122761,89.91211777899167,19454100,MSFT
2018-05-15,89.36116790771484,89.84782337479405,88.46130924758658,89.28770862822223,24594000,MSFT
2018-05-16,89.59175109863281,89.82230114930566,89.10298611693905,89.7854122968985,17384700,MSFT
2018-05-17,88.69720458984375,89.95139727019222,88.37443596677502,89.23208232854525,17246700,MSFT
2018-05-18,88.86318969726562,89.38884339888159,88.54042111483959,88.54042111483959,17865800,MSFT
2018-05-21,90.00672149658203,90.38482688597753,89.26896569427754,89.45340288589671,19422500,MSFT
2018-05-22,89.91452026367188,90.53239271432066,89.63785738699043,90.0805165825149,15441200,MSFT
2018-05-23,90.98426055908203,91.04881428132549,88.82630877754845,89.18596623516605,21251200,MSFT
2018-05-24,90.6614990234375,91.2424896498875,89.27819872934377,91.04882845301388,26649300,MSFT
2018-05-25,90.70760345458984,91.27937005614272,90.24650339922322,90.65227369941097,18363900,MSFT
2018-05-29,90.38485717773438,91.18716696957601,89.66554203918797,90.22807777290409,28671000,MSFT
2018-05-30,91.25169372558594,91.52835655974513,90.29261184837782,90.66148624615256,22158500,MSFT
2018-05-31,91.1502456665039,92.21077708581288,90.93814360413874,91.5652398927523,34140900,MSFT
2018-06-01,92.94853210449219,93.01308581837822,91.4545656799235,91.55600823543399,28655600,MSFT
2018-06-04,93.76008605957031,93.93530633672795,93.00388223012023,93.3819876627596,27281600,MSFT
2018-06-05,94.2396469116211,94.36875438527906,93.63099136223673,94.06442661058688,23514400,MSFT
2018-06-06,94.51629638671875,94.61773897143348,93.97220164672987,94.50707945052952,21122900,MSFT
2018-06-07,93.03155517578125,94.70074234964466,92.5704550681847,94.66385349673743,28232200,MSFT
2018-06-08,93.72317504882812,94.01827874088862,92.71798051631258,93.22518624925847,22165100,MSFT
2018-06-11,93.18833923339844,93.68632118304893,92.8378986311182,93.15145037864107,23490900,MSFT
2018-06-12,93.42808532714844,93.55719277199125,92.91165554777713,93.2344241598842,18325200,MSFT
2018-06-13,93.0038833618164,94.07363890889046,92.7364444750479,93.80620002212194,29492900,MSFT
2018-06-14,93.52954864501953,94.09209136627189,93.14222622456599,93.74165780050387,25691800,MSFT
2018-06-15,92.33989715576172,93.63097875431988,92.28456739902437,93.61253784735032,65738600,MSFT
2018-06-18,93.01309967041016,93.2436496880275,91.68512931746919,92.2292310176768,23586000,MSFT
2018-06-19,93.01309967041016,93.14220711740961,91.7589070117055,91.89723842944156,28653100,MSFT
2018-06-20,93.94453430175781,94.54395878647206,93.2528841709377,93.4834342145444,26180800,MSFT
2018-06-21,93.27132415771484,94.48862809450561,93.03155014469925,94.13819456458198,23198200,MSFT
2018-06-22,92.59812927246094,92.93011488516953,91.8788071767422,92.59812927246094,38923100,MSFT
2018-06-25,90.73526763916016,92.32145294323894,89.73007290333607,92.2200103689668,35433300,MSFT
2018-06-26,91.37158966064453,92.29378978147665,91.06726193217108,91.13181565919619,26897200,MSFT
2018-06-27,89.951416015625,92.23846876640395,89.82230853949214,91.83270542819916,31298400,MSFT
2018-06-28,90.95660400390625,91.39926319961704,89.69319422157464,89.80385374363041,26650700,MSFT
2018-06-29,90.93814849853516,92.1370113911178,90.67993360741352,91.23325223636392,28053200,MSFT
2018-07-02,92.22923278808594,92.27533857099753,90.37560864082884,90.46782724248035,19564500,MSFT
2018-07-03,91.34394073486328,92.8010118330081,91.24249814098975,92.66268741938946,14670300,MSFT
2018-07-05,91.9986801147461,92.14622846597067,91.32547097401739,91.75890612869954,18977400,MSFT
2018-07-06,93.2897720336914,93.53876298238353,91.91568872255876,92.11857388451546,19234600,MSFT
2018-07-09,93.92608642578125,94.29496790298317,93.37276772789286,93.74164920509479,18212000,MSFT
2018-07-10,94.17507934570312,94.53473683176941,93.93530534304941,94.06441279774866,19293100,MSFT
2018-07-11,94.04596710205078,94.37795265735183,93.23442653003333,93.28053934829003,19644600,MSFT
2018-07-12,96.08404541015625,96.28693058901223,94.73763390191056,94.77451572003939,24335900,MSFT
2018-07-13,97.22755432128906,97.38432664565411,95.99180256047299,96.25002449192085,24635200,MSFT
2018-07-16,96.74801635742188,97.58721479403467,96.38835184364103,97.19989243867491,21786900,MSFT
2018-07-17,97.70710754394531,98.21432046395937,96.20392376363952,96.47136266366248,25901700,MSFT
2018-07-18,96.9416732788086,97.799319619923,96.5727918459736,97.69787704999767,29493900,MSFT
2018-07-19,96.27770233154297,97.11690085529861,95.80737825929401,96.76646731203559,40171600,MSFT
2018-07-20,98.00220489501953,99.78205143054332,97.8269916543689,99.67139191767527,56004000,MSFT
2018-07-23,99.56993103027344,99.72670333522653,97.87307944143708,98.02985878221753,29707000,MSFT
2018-07-24,99.28406524658203,100.35381369429057,98.91518380274765,100.12326367137263,26316600,MSFT
2018-07-25,102.20744323730469,102.50254700076539,99.22873368839272,99.5607263017646,30702100,MSFT
2018-07-26,101.09158325195312,102.36421692952999,100.98091670075256,102.12444291984318,31372100,MSFT
2018-07-27,99.30252075195312,101.6080213200837,97.88233155768518,101.6080213200837,37005300,MSFT
2018-07-30,97.17222595214844,99.16417448660474,96.60968333475296,98.850629833409,34668300,MSFT
2018-07-31,97.82699584960938,98.41720339631175,97.18145150827125,98.20509426117076,27655200,MSFT
2018-08-01,98.01142883300781,98.16820116673662,97.21833615718973,97.78087880017299,23628700,MSFT
2018-08-02,99.20106506347656,99.68060602255403,96.68345567979159,97.19989252321554,26104300,MSFT
2018-08-03,99.6344985961914,99.64372256712595,98.5094133603394,99.41317254456048,18659600,MSFT
2018-08-06,99.71749114990234,99.98493001480666,99.1918373908361,99.70827421498812,20265900,MSFT
2018-08-07,100.40913391113281,100.61201903776244,99.75437275253663,100.1140301912609,16080200,MSFT
2018-08-08,100.9716796875,101.21145366621715,100.29847760317784,100.82413134078567,15487500,MSFT
2018-08-09,101.1376724243164,101.5895554906168,101.07311870567743,101.1745612686569,13677200,MSFT
2018-08-10,100.51980590820312,101.15612619706866,99.94803934169875,100.90712824236995,18183700,MSFT
2018-08-13,99.7912826538086,101.05469945888534,99.68984006908853,100.7411477327063,18472500,MSFT
2018-08-14,101.0362548828125,101.211475177866,99.63451362987259,100.11405465340142,16788300,MSFT
2018-08-15,99.6661376953125,100.89737846001331,98.88850488628152,100.43450397410807,29982800,MSFT
2018-08-16,99.64763641357422,100.77705148932749,99.33288509759336,100.25863423340353,21384300,MSFT
2018-08-17,99.59207916259766,99.88831856022277,98.76816311723704,99.38841325243581,18061500,MSFT
2018-08-20,98.93479919433594,99.88831954411815,98.57375764563984,99.52727799542205,17914200,MSFT
2018-08-21,98.11089324951172,99.379165003024,97.99054134560987,98.98109260538241,22881900,MSFT
2018-08-22,99.11067199707031,99.36988055122038,97.92571457072523,97.99051670926275,18000600,MSFT
2018-08-23,99.57355499267578,100.14752188542106,98.93479301872648,99.19400159515854,18167700,MSFT
2018-08-24,100.3511962890625,100.49931246118825,99.57356343096241,99.67539638931962,17234000,MSFT
2018-08-27,101.46208953857422,101.4991203463239,100.45302651328696,101.15659067181767,19662300,MSFT
2018-08-28,102.07307434082031,102.2952520962671,101.63797123351371,101.77683497925676,19151500,MSFT
2018-08-29,103.70240020751953,103.71165967516268,102.08233945228301,102.2489745553378,20818000,MSFT
2018-08-30,103.6375961303711,104.24859385116497,103.16546923292591,103.37838754442372,22798700,MSFT
2018-08-31,103.98939514160156,104.40597939959572,103.2395335891452,103.39691629947859,23222700,MSFT
2018-09-04,103.4154052734375,103.64684249060916,102.03604143670732,102.61926068133471,22634600,MSFT
2018-09-05,100.43450164794922,103.14694635504733,100.07346012233752,102.767392958106,32872400,MSFT
2018-09-06,100.66593933105469,100.89737656967127,99.52727207228735,100.2123243209793,23477600,MSFT
2018-09-07,100.17530822753906,100.64744224127016,99.2680780741476,100.19382716457443,22498600,MSFT
2018-09-10,101.2584228515625,101.499119568639,100.31416198134599,100.7585175451287,20727900,MSFT
2018-09-11,102.98030853271484,103.30431924417773,100.804799969574,100.81405943644546,24301800,MSFT
2018-09-12,103.4154052734375,103.54500955002136,102.30450945617486,103.15619672026978,18891100,MSFT
2018-09-13,104.52633666992188,105.28545066682624,103.79499401659001,103.79499401659001,26055600,MSFT
2018-09-14,104.95213317871094,105.28540327738503,104.09118660095325,104.94287371405274,19122300,MSFT
2018-09-17,103.81350708007812,105.25767346562678,103.55429845322635,105.24842105960019,20736500,MSFT
2018-09-18,104.80404663085938,105.25766167704629,103.4246825565088,103.85978572981045,22170900,MSFT
2018-09-19,103.40615844726562,104.90587434050498,102.7951677919561,104.65592522308387,21728400,MSFT
2018-09-20,105.13731384277344,105.35023922084686,103.61908604498572,103.94309678300668,23714500,MSFT
2018-09-21,105.77606201171875,106.72958216500041,105.08175039763177,105.53536534122243,71229700,MSFT
2018-09-24,106.15564727783203,106.36857267786026,103.88756481491805,104.63741932349926,27334500,MSFT
2018-09-25,105.95196533203125,106.55370356682415,105.3039438871183,106.27598311739176,22668000,MSFT
2018-09-26,105.5168685913086,106.51667209104255,105.29468375767529,105.97048359989464,19352000,MSFT
2018-09-27,105.91496276855469,106.37783733973885,105.72054923330055,106.25748543097149,19091300,MSFT
2018-09-28,105.8779067993164,106.063053758638,105.23913778272043,105.71127171076544,21647800,MSFT
2018-10-01,107.02583312988281,107.09063527172044,106.21117662350932,106.22968849421846,18883100,MSFT
2018-10-02,106.60000610351562,107.23876815472856,105.94272511580095,106.73886987565925,20787200,MSFT
2018-10-03,106.6185073852539,107.55351582436879,106.39632960963893,106.84994462819988,16648000,MSFT
2018-10-04,104.41521453857422,106.23894091884993,103.34134247312939,106.100077177573,34821700,MSFT
2018-10-05,103.8042221069336,104.76700181505068,102.42485821700116,104.26709655913007,29068900,MSFT
2018-10-08,102.6192855834961,103.71166979614644,101.22140247494828,103.3691471518721,29640600,MSFT
2018-10-09,103.9245834350586,104.68369732317404,102.5729907592874,102.88774202520891,26198600,MSFT
2018-10-10,98.27751922607422,103.22101559627568,97.93498954647234,102.98031887377424,61376300,MSFT
2018-10-11,98.04608154296875,100.84184045985295,96.46304451238059,97.52765729193052,63904300,MSFT
2018-10-12,101.43433380126953,102.9803331823785,99.1662512152309,100.9159165388391,47742100,MSFT
2018-10-15,99.61058807373047,101.35100066308081,99.00884982875091,100.82332403103194,32068100,MSFT
2018-10-16,102.75814819335938,103.13770870751122,100.86035974841012,101.40655537998632,31610200,MSFT
2018-10-17,102.48966217041016,103.50798457067155,101.41579709503202,103.38763975361738,26548200,MSFT
2018-10-18,100.44377899169922,102.32304856535004,99.82352877965879,101.92497616332756,32506200,MSFT
2018-10-19,100.5918960571289,102.62854116006616,100.17530474318393,100.84184519517206,32785500,MSFT
2018-10-22,101.48985290527344,102.3322878238592,100.2030624544104,101.20287299639004,26545600,MSFT
2018-10-23,100.0734634399414,100.8788675961086,97.30547596418695,99.76796458109479,43770400,MSFT
2018-10-24,94.72262573242188,100.43449466390994,94.04682593796849,100.36044012083705,63897800,MSFT
2018-10-25,100.25862121582031,101.1565918281231,98.26825941967601,98.63856043850126,61646800,MSFT
2018-10-26,99.01811981201172,100.6752114970754,96.98147468045124,97.84242159921828,55523100,MSFT
2018-10-29,96.13905334472656,100.62893556789832,94.08388898345099,100.08274692817682,55162000,MSFT
2018-10-30,96.02794647216797,96.62967766930348,92.67673256367402,95.9631443249578,65350900,MSFT
2018-10-31,98.87923431396484,100.11048200329013,97.56467261672746,97.61096288528086,51062400,MSFT
2018-11-01,98.05532836914062,99.35137832864301,97.69428683895909,99.10142921655735,33384200,MSFT
2018-11-02,98.27751922607422,99.35138441517266,97.18513510137323,98.57375862957426,37680200,MSFT
2018-11-05,99.52729034423828,99.7402086876284,98.0368336888862,98.47193690742945,27922100,MSFT
2018-11-06,99.72171020507812,100.75854484341463,98.38862902675262,99.40695178779293,24340200,MSFT
2018-11-07,103.64688110351562,103.90608975324969,101.27696537691166,101.3139961930031,37901700,MSFT
2018-11-08,103.45244598388672,103.87828965671933,102.67482024990646,103.49873625691583,25644100,MSFT
2018-11-09,101.43433380126953,103.17473965578992,100.68447925198187,102.61929157991366,32039200,MSFT
2018-11-12,98.93479919433594,101.7953602436826,98.22196850174817,101.29545493097159,33621800,MSFT
2018-11-13,98.99960327148438,100.66594728341845,98.72187573804308,99.56431074335167,35374600,MSFT
2018-11-14,97.59567260742188,100.65454512810349,97.1307984935204,100.50578200681532,39495100,MSFT
2018-11-15,99.743408203125,100.22688134821838,96.61016060393656,97.61428349486621,38505200,MSFT
2018-11-16,100.68244934082031,101.23099746067193,99.29712629004365,99.55745469223878,33502100,MSFT
2018-11-19,97.27029418945312,100.93349859021787,96.27546354172044,100.66387066412342,44773900,MSFT
2018-11-20,94.56471252441406,95.73619753931239,92.37050564913933,94.64839357218705,64052500,MSFT
2018-11-21,95.86634063720703,97.09360801802328,95.0574571228492,96.32191528410425,28130600,MSFT
2018-11-23,95.82917022705078,96.51718207787826,94.83433969244517,94.99239522284569,13823100,MSFT
2018-11-26,98.99030303955078,99.13905907958066,97.23307931285954,97.42832560544561,32336200,MSFT
2018-11-27,99.61321258544922,99.78986699739039,97.95826207383786,98.80432917086173,29124500,MSFT
2018-11-28,103.3136215209961,103.50886778986492,100.28264043266532,100.31053174344433,46788500,MSFT
2018-11-29,102.44893646240234,103.31360240363084,101.37042535574554,102.57910061756237,28123200,MSFT
2018-11-30,103.09980773925781,103.17418931961605,101.67729370864151,102.92315325926145,33665600,MSFT
2018-12-03,104.21549224853516,105.45205929326048,102.95104098084359,105.06156667705791,34732800,MSFT
2018-12-04,100.89627838134766,104.72684377860173,100.60805868970606,104.07602283185734,45197000,MSFT
2018-12-06,101.51925659179688,101.56573976789203,97.6236075080116,98.38600111148025,49107400,MSFT
2018-12-07,97.45622253417969,101.76095487510167,96.97275650945875,100.76612441646886,45044900,MSFT
2018-12-10,100.03162384033203,100.39423223099945,96.59155770467967,97.43763212720842,40801500,MSFT
2018-12-11,100.96135711669922,103.15556351188069,99.89215232454038,102.08635871972184,42381900,MSFT
2018-12-12,101.41693878173828,103.45308258494534,101.37974800127301,103.09978081064938,36183000,MSFT
2018-12-13,101.76094818115234,103.08119615274552,100.99855486200929,101.88181999944426,31333400,MSFT
2018-12-14,98.58120727539062,101.58429728855633,98.08844183052511,100.64524955596535,47043100,MSFT
2018-12-17,95.66178894042969,98.36735952835791,94.56468581269145,98.00475830840689,56957300,MSFT
2018-12-18,96.66590881347656,97.16797362685242,95.31776984420391,96.46136310135141,49319200,MSFT
2018-12-19,96.40560150146484,99.37149369355274,94.22998683591966,96.36841071902464,68198200,MSFT
2018-12-20,94.3787841796875,96.98207605349407,91.84056733197158,95.81059790231967,70334200,MSFT
2018-12-21,91.32918548583984,95.76408208864746,90.61327526878587,94.4903242684013,111242100,MSFT
2018-12-24,87.5172119140625,91.08744935974066,87.37775533265946,90.81782147999952,43935200,MSFT
2018-12-26,93.49549865722656,93.61637049137062,87.3591605162542,88.45626393338392,51634800,MSFT
2018-12-27,94.07192993164062,94.0812294004665,89.6277343506653,92.32400574344346,49498500,MSFT
2018-12-28,93.33740997314453,95.2155050829412,92.52852658307388,94.91797888514651,38196300,MSFT
2018-12-31,94.43453216552734,95.20622493748444,93.38391916665485,94.17420378303974,33173800,MSFT
2019-01-02,94.01615905761719,94.6018979853706,91.98930729861654,92.55645437981056,35329300,MSFT
2019-01-03,90.55748748779297,93.15148614324133,90.37153356835667,93.06780510614082,42579100,MSFT
2019-01-04,94.76925659179688,95.308512377006,91.9800113359921,92.71451343789747,44060600,MSFT
2019-01-07,94.89010620117188,96.01510075707526,93.88598346019937,94.49961363004833,35656100,MSFT
2019-01-08,95.5781478881836,96.66595192223656,94.56471834254988,95.80128554027748,31514400,MSFT
2019-01-09,96.94482421875,97.51197108599597,95.98718488030947,96.56363121403565,32280800,MSFT
2019-01-10,96.3219223022461,96.4613859656991,95.18762824317267,95.96862050245953,30067600,MSFT
2019-01-11,95.5781478881836,96.17318635604597,94.49963623179674,95.94074923286792,28314200,MSFT
2019-01-14,94.88084411621094,95.64323765754672,94.14634189694301,94.74138041245297,28437100,MSFT
2019-01-15,97.63288116455078,97.67007195164445,94.72276414187279,95.30851017182643,31587600,MSFT
2019-01-16,97.97685241699219,98.79503528638637,97.5863599166441,97.8652871845585,29853900,MSFT
2019-01-17,98.6649169921875,99.13908363731662,97.40045841833975,97.6235960803663,28393000,MSFT
2019-01-18,100.14319610595703,100.31985056619368,98.46965329559843,99.91075901340024,37427600,MSFT
2019-01-22,98.25581359863281,99.57605465649982,97.4934201757248,99.25064412722521,32371300,MSFT
2019-01-23,99.21343231201172,99.52025092890877,97.93967468918868,98.66488426369519,25874300,MSFT
2019-01-24,98.73927307128906,99.48307459723334,97.93968891359495,99.35291039420565,23164800,MSFT
2019-01-25,99.64115142822266,100.30127205431724,98.73929419047897,99.70623354365681,31225600,MSFT
2019-01-28,97.69798278808594,98.99963222275686,97.30749008571028,98.7950863995833,29476700,MSFT
2019-01-29,95.70830535888672,97.59569353101836,94.99239509768105,97.51201248399933,31490500,MSFT
2019-01-30,98.90662384033203,98.90662384033203,97.0006440382168,97.27027190253312,49471900,MSFT
2019-01-31,97.09361267089844,97.82811465957712,95.93142732680238,96.50787381110392,55636400,MSFT
2019-02-01,95.55953979492188,96.78680740403813,95.15974769760429,96.48928819859835,35535700,MSFT
2019-02-04,98.31158447265625,98.36737419487005,95.55023085253204,95.64321135841614,31315100,MSFT
2019-02-05,99.68762969970703,99.7341128660425,98.51614466942026,98.60911809550892,27325400,MSFT
2019-02-06,98.58120727539062,99.48306422621978,98.1163331434924,99.48306422621978,20609800,MSFT
2019-02-07,97.87460327148438,98.17212245241596,96.96345388325122,97.80022879631407,29760700,MSFT
2019-02-08,98.24651336669922,98.34878625988098,96.93557178937814,97.05643652976683,21461100,MSFT
2019-02-11,97.85601806640625,99.0925851277653,97.59568965210272,98.73927619970999,18914100,MSFT
2019-02-12,99.38080596923828,99.61324306938027,98.06986441301446,98.68349466881229,25056600,MSFT
2019-02-13,99.30641174316406,100.20826871176546,99.21343833363552,99.94794032771897,18394900,MSFT
2019-02-14,99.39007568359375,99.75267688378484,98.23718999820194,98.84152060291028,21784700,MSFT
2019-02-15,100.61736297607422,100.69174454309679,99.81777886412326,100.32914327063258,26606900,MSFT
2019-02-19,100.57086944580078,101.02645120890445,100.2082681851535,100.21756765408242,18038500,MSFT
2019-02-20,100.04798889160156,100.78562773150345,99.24499000885827,100.71092850433887,21607700,MSFT
2019-02-21,102.158203125,102.22356317255677,99.78655591925192,99.81456635053183,29063200,MSFT
2019-02-22,103.61479949951172,103.8295508821607,102.54102121513476,102.75577972149443,27763200,MSFT
2019-02-25,104.19371032714844,104.74460829718721,103.88558844000987,104.35244798722077,23750600,MSFT
2019-02-26,104.91268157958984,105.73435184603026,103.80155353993152,103.88559196561143,21536700,MSFT
2019-02-27,104.7352523803711,104.91266125955818,103.53075408613762,104.28707127592295,21487100,MSFT
2019-02-28,104.60453796386719,105.39819768558682,104.32442653934233,104.61387714846452,29083900,MSFT
2019-03-01,105.0713882446289,105.5289085178153,104.26838940875324,105.40752762354012,23501200,MSFT
2019-03-04,104.81929016113281,105.74366991675967,103.45606136407102,105.52891142620486,26608000,MSFT
2019-03-05,104.29641723632812,104.94068567401068,103.85757525748514,104.80996557414917,19538300,MSFT
2019-03-06,104.34310913085938,105.1927969288456,104.04431930465012,104.45515798707962,17687000,MSFT
2019-03-07,103.07324981689453,104.15636738111408,102.58771902433112,104.01630809281515,25339000,MSFT
2019-03-08,103.18528747558594,103.37202842391358,101.58862885913973,101.92476826509794,22818400,MSFT
2019-03-11,105.35151672363281,105.46355844471744,103.62413799437518,103.63347005532513,26491600,MSFT
2019-03-12,106.08915710449219,106.43462858104856,105.18344851967332,105.34217904261601,26132700,MSFT
2019-03-13,106.91082000732422,107.37767948333872,106.23854122206967,106.56534143053777,35513800,MSFT
2019-03-14,106.99488067626953,107.56444996331763,106.75211881114677,106.94819899007464,30763400,MSFT
2019-03-15,108.22737121582031,109.47855123917266,106.9948553140671,107.69514455440294,54681100,MSFT
2019-03-18,109.77735137939453,109.81470099724551,108.35810151961293,108.4701432494547,31207600,MSFT
2019-03-19,109.85203552246094,110.58967434532315,109.23577759815444,110.26286701495503,37588700,MSFT
2019-03-20,109.73065948486328,110.87913704936534,108.97434933489302,109.60927857305046,28113300,MSFT
2019-03-21,112.25170135498047,112.81193134039562,109.32915627281827,109.37584507314901,29854400,MSFT
2019-03-22,109.29180145263672,111.66344121924405,109.2824622688819,111.57940993658055,33624500,MSFT
2019-03-25,109.86137390136719,110.18817410562987,108.61018681741983,108.83427736838422,27067100,MSFT
2019-03-26,110.09479522705078,110.84176604777994,109.10504838211295,110.75773476897814,26097700,MSFT
2019-03-27,109.03038024902344,110.37493808288177,107.86323133038577,110.06680905867063,22733400,MSFT
2019-03-28,109.17976379394531,109.78668257335133,108.43278573872087,109.65596248224365,18334800,MSFT
2019-03-29,110.12281036376953,110.47762098451452,109.20776269887678,110.24419125735626,25399800,MSFT
2019-04-01,111.13124084472656,111.21527926555886,110.27222100794752,111.06588079461754,22789100,MSFT
2019-04-02,111.28997039794922,111.5607497640314,110.66437325107148,111.16858236821993,18142300,MSFT
2019-04-03,112.01827239990234,112.44778229590851,111.25262308550687,111.91556273741057,22860700,MSFT
2019-04-04,111.44871520996094,112.2610534123729,110.53366733401256,112.13966536707812,20112800,MSFT
2019-04-05,111.94356536865234,112.261033518883,111.4580346446476,111.47670588938573,15826200,MSFT
2019-04-08,111.98091888427734,112.0649501740928,110.77642053094851,111.86887004081284,15116200,MSFT
2019-04-09,111.37399291992188,111.6167618365554,110.72039251788176,110.76707419019314,17612000,MSFT
2019-04-10,112.22368621826172,112.37307755037614,111.61676745796643,111.82218677287042,16477200,MSFT
2019-04-11,112.35441589355469,112.83994666899973,111.97158766061578,112.55049604077544,14209100,MSFT
2019-04-12,112.9333267211914,112.96134427920695,112.39177503598953,112.64387606843596,19745100,MSFT
2019-04-15,113.02666473388672,113.52153456310386,112.57847657091678,112.92395509495005,15792600,MSFT
2019-04-16,112.76526641845703,113.58694388652204,112.13967625433463,113.57760469973613,14071800,MSFT
2019-04-17,113.6989517211914,113.77365094577425,112.55048141899813,113.20408182482275,19300900,MSFT
2019-04-18,115.19290161132812,115.33295374535876,113.2601038008979,114.09111304012525,27991000,MSFT
2019-04-22,115.55707550048828,115.7811660853692,114.44594751411367,114.49263631766485,15648700,MSFT
2019-04-23,117.12571716308594,117.25643725712153,115.6224289579656,115.87452996111688,24025500,MSFT
2019-04-24,116.7242202758789,117.50854085742748,116.26669281293124,117.45251999409145,31257000,MSFT
2019-04-25,120.58979797363281,122.66265520443052,120.2910153151198,121.43948564653344,38033900,MSFT
2019-04-26,121.28076171875,121.86900925461165,120.46843073869071,121.10335282714593,23654900,MSFT
2019-04-29,121.168701171875,121.55151507871244,120.77654095803373,121.29007493615161,16324200,MSFT
2019-04-30,121.94367980957031,122.03704314022407,120.81387380354074,121.20603398608988,24166500,MSFT
2019-05-01,119.40399169921875,121.99039037985155,119.23592198224438,121.87834865100939,26821700,MSFT
2019-05-02,117.84466552734375,119.51602327010687,117.2003971848161,119.49735202590337,27350200,MSFT
2019-05-03,120.35636138916016,120.85123126997718,118.81573089188751,118.91844054153367,24911100,MSFT
2019-05-06,119.65608215332031,120.03891035630994,117.75130169398682,118.01274186982826,24239800,MSFT
2019-05-07,117.20040893554688,118.75038593711551,115.98657847673503,118.07810709902361,36017700,MSFT
2019-05-08,117.19105529785156,117.99405408176126,116.48142697455032,117.12569526305471,28419000,MSFT
2019-05-09,117.18174743652344,117.45252683126198,115.37966928263084,116.05194817664217,27235800,MSFT
2019-05-10,118.70368194580078,119.45065992002532,115.61307464677384,116.63083195856203,30915100,MSFT
2019-05-13,115.17424774169922,117.22843400349122,114.88479710485718,115.88387624113363,33944900,MSFT
2019-05-14,116.46275329589844,117.53652425600004,115.50101691299027,115.65975452878482,25266300,MSFT
2019-05-15,118.1028060913086,118.7494592155008,115.92856008759077,116.45338301957699,24722700,MSFT
2019-05-16,120.83002471923828,121.25176511471228,118.51520734819658,118.78698908853909,30112200,MSFT
2019-05-17,120.02406311035156,122.2639117960057,119.88347821701203,120.24897605943552,25770500,MSFT
2019-05-20,118.2902603149414,119.57418582179464,117.8591605611729,118.57140859779234,23706900,MSFT
2019-05-21,118.92754364013672,119.51796148842769,118.62764783861242,119.42424539109133,15293300,MSFT
2019-05-22,119.649169921875,120.18336671180455,118.57141688706866,118.66514013798412,15396500,MSFT
2019-05-23,118.25277709960938,118.35586695240113,116.90324240857545,118.27151745917153,23603800,MSFT
2019-05-24,118.30902862548828,119.414895959499,118.05599439613253,118.93694162070689,14123400,MSFT
2019-05-28,118.23403930664062,119.95843842699016,118.13094945161102,119.00252276681033,23128400,MSFT
2019-05-29,117.09068298339844,117.51240900373234,116.24722379265059,117.5030352488129,22763100,MSFT
2019-05-30,117.83106231689453,117.85917643395794,116.940741426096,117.3905887493526,16829600,MSFT
2019-05-31,115.90985107421875,116.79079821784713,115.57246736602409,116.42530039231634,26646800,MSFT
2019-06-03,112.31107330322266,116.55648299429211,111.53322331596902,116.06914788291841,37983600,MSFT
2019-06-04,115.42251586914062,115.5349723315145,113.07020381339026,113.66062169109387,29382600,MSFT
2019-06-05,117.9247817993164,117.96226967316758,116.40655508370786,117.10006287475238,24926100,MSFT
2019-06-06,119.78974151611328,119.9303192352101,117.70921129370355,118.49644223059795,21459000,MSFT
2019-06-07,123.14481353759766,123.94141816457893,120.20208402993082,121.07366438769985,33885600,MSFT
2019-06-10,124.26943969726562,125.6564550166469,123.70712884608348,124.08199321343226,26477100,MSFT
2019-06-11,123.80087280273438,125.80642753395966,123.03238213087653,125.46904382683012,23913700,MSFT
2019-06-12,123.22920989990234,123.67905012949335,122.49821416425581,123.14485323797153,17092500,MSFT
2019-06-13,124.00703430175781,124.64430659924139,123.29477196908879,123.68838385285675,17200800,MSFT
2019-06-14,124.12884521484375,125.3846564783161,123.36973563468743,123.95077964909689,17821700,MSFT
2019-06-17,124.50373077392578,125.328435224055,124.20382784649068,124.29755108635382,14517800,MSFT
2019-06-18,126.66865539550781,126.74363115826534,125.17854964863406,125.75959393479916,25934500,MSFT
2019-06-19,127.16532135009766,127.39023427460262,125.40342717395274,126.51866809182488,23744400,MSFT
2019-06-20,128.3461456298828,129.01154633909664,127.19342409436848,128.8147332475897,33042600,MSFT
2019-06-21,128.36488342285156,129.0771313997995,127.88692923702365,127.99938568071065,36727900,MSFT
2019-06-24,129.1240234375,129.70506760031128,128.39302778100793,128.39302778100793,20628800,MSFT
2019-06-25,125.0472640991211,128.9459158651683,124.39124440294894,128.6272797699071,33327400,MSFT
2019-06-26,125.51588439941406,127.21218374961302,125.20662912633928,125.90951062001223,23657700,MSFT
2019-06-27,125.72205352783203,126.24688367771338,125.12226194241275,125.71268692342964,16557500,MSFT
2019-06-28,125.54403686523438,126.1438286160617,124.79429360165938,126.11571449494194,30043000,MSFT
2019-07-01,127.15593719482422,128.1118600000194,126.49055074328963,128.0462651654355,22613500,MSFT
2019-07-02,127.99944305419922,128.0088096619855,126.83734018129489,127.56833599323267,15237800,MSFT
2019-07-03,128.82412719726562,129.08653514574118,127.72761947665488,128.2055880472187,13629300,MSFT
2019-07-05,128.44923400878906,128.70227532350148,127.19342263973479,127.3996023331806,18141100,MSFT
2019-07-08,128.35552978515625,128.48673374943075,126.8654102549876,127.8306996278986,16779700,MSFT
2019-07-09,127.8869857788086,128.36494017595115,127.26844646474328,127.45587872047578,19953100,MSFT
2019-07-10,129.1896514892578,129.87378561659764,128.41179408960792,128.51488396908354,24204400,MSFT
2019-07-11,129.70504760742188,130.4735381689589,129.2083458738077,129.51761541929264,22327900,MSFT
2019-07-12,130.1736297607422,130.38919035318898,129.33954440346187,130.1267824407969,18936800,MSFT
2019-07-15,130.1736297607422,130.77342131766108,129.7612846842394,130.67971237761174,16651500,MSFT
2019-07-16,128.46800231933594,130.3142389549489,127.9431863965516,130.22989660310742,22726100,MSFT
2019-07-17,127.70890045166016,129.2646008046643,127.662038819907,129.04905445879447,20211000,MSFT
2019-07-18,127.84947204589844,128.03690427421358,126.20941502285669,127.03413398763821,30381800,MSFT
2019-07-19,128.036865234375,131.8324274761386,127.87754717387682,131.41070151597776,48992400,MSFT
2019-07-22,129.73318481445312,130.4454472763572,128.7023004461548,128.77727619478478,25074900,MSFT
2019-07-23,130.53912353515625,131.19515759628266,129.35828796541364,130.97959701041162,18034600,MSFT
2019-07-24,131.87928771972656,131.8980352266951,130.12677477235053,130.1736220895351,20738300,MSFT
2019-07-25,131.38262939453125,131.77624136982163,130.56729132429854,131.60754235174713,18356900,MSFT
2019-07-26,132.4603271484375,132.77896325508206,131.48567132218432,131.5512661440665,19037600,MSFT
2019-07-29,132.16981506347656,132.61965514777933,130.61410082590473,132.61028854399578,16605900,MSFT
2019-07-30,131.53256225585938,132.34790021052507,131.01711296836243,131.33574914602943,16846500,MSFT
2019-07-31,127.70890045166016,131.6637819289008,126.59365939668136,131.5138304273556,38598800,MSFT
2019-08-01,129.38641357421875,132.08548288794373,128.32740095873314,128.3930100907393,40557500,MSFT
2019-08-02,128.29922485351562,129.6300256583547,126.7622587480881,129.41446515748277,30791600,MSFT
2019-08-05,123.90394592285156,125.5158741944709,122.56377788112599,124.92546351189758,42749600,MSFT
2019-08-06,126.22818756103516,127.15598228019141,124.8411716363261,125.3941018245335,32696700,MSFT
2019-08-07,126.78108215332031,127.1278324621003,123.54783000613938,125.38468571229195,33414500,MSFT
2019-08-08,130.16424560546875,130.25796883303917,127.39020109117119,128.0181209756109,27496500,MSFT
2019-08-09,129.0583953857422,130.62347616036615,127.88692645562026,129.90184729536685,23466700,MSFT
2019-08-12,127.25904083251953,129.19900076786826,126.74360580443677,128.45863849650743,20484300,MSFT
2019-08-13,129.89251708984375,130.07994931115306,126.51867990562891,127.50271694270506,25154600,MSFT
2019-08-14,125.98088836669922,128.74536165509843,125.68939882297235,128.21879804736187,32527300,MSFT
2019-08-15,125.69878387451172,126.54505902780393,124.35416725165544,126.36640046162732,28074400,MSFT
2019-08-16,128.00250244140625,128.31280185130936,126.67668160303253,126.8271324104605,24449100,MSFT
2019-08-19,130.14642333984375,130.27806425704932,128.7171688474806,129.61985967102152,24355700,MSFT
2019-08-20,129.06500244140625,130.42844289405204,129.0462068549163,129.95829497183652,21170800,MSFT
2019-08-21,130.50369262695312,131.16191139142256,129.76086500264245,130.27803073996265,14970300,MSFT
2019-08-22,129.55397033691406,130.889188817738,128.1529242549466,130.38143533542126,18697000,MSFT
2019-08-23,125.42610168457031,130.08997685734383,124.87133040480121,128.99922989022528,38508600,MSFT
2019-08-26,127.36309814453125,127.4665312847883,125.90563638555618,126.93056999275028,20312600,MSFT
2019-08-27,127.63577270507812,128.55725868467331,126.6202513948443,128.2469593108982,23102100,MSFT
2019-08-28,127.46652221679688,127.65457854540064,125.57653244049504,126.82712782998844,17393300,MSFT
2019-08-29,129.87367248535156,130.17457407735668,128.73592241655405,129.05561959722627,20168700,MSFT
2019-08-30,129.62924194335938,130.8704255358107,128.13417434535444,130.84221779605835,23940100,MSFT
2019-09-03,127.91788482666016,129.00863182880175,127.59818757189551,128.4538605312194,18869300,MSFT
2019-09-04,129.41294860839844,129.4693640751677,128.33159955346446,129.10264919338846,17995900,MSFT
2019-09-05,131.68844604492188,131.99874541926397,130.47545627724116,130.80456558730077,26101800,MSFT
2019-09-06,130.79518127441406,131.81068834339504,129.94890625322523,131.6696496804195,20824500,MSFT
2019-09-09,129.3094940185547,131.40634982304044,128.31278267690072,131.2558990380951,25773900,MSFT
2019-09-10,127.95553588867188,128.71717367735337,126.47926365310151,128.6325504447853,28903400,MSFT
2019-09-11,127.99308776855469,128.1341407781472,127.02458403002198,127.79563364201492,24726100,MSFT
2019-09-12,129.3094940185547,130.15575457526327,128.69829308513042,129.61979338208826,27010000,MSFT
2019-09-13,129.12147521972656,129.81728519361548,128.41625310168408,129.55400341736876,23363100,MSFT
2019-09-16,128.19058227539062,128.53848727703578,127.56058554505258,127.72043417682957,16731400,MSFT
2019-09-17,129.187255859375,129.30949892024898,128.2845654632615,128.78293550075657,17814200,MSFT
2019-09-18,130.2498016357422,130.39084029197292,128.37860749234014,129.15905486829845,23982100,MSFT
2019-09-19,132.64756774902344,133.86994110897095,131.7072717196615,131.9235357890367,35772100,MSFT
2019-09-20,131.1148223876953,133.19286765474592,129.99586831415772,132.59107903718441,39167300,MSFT
2019-09-23,130.83277893066406,131.29352911496164,130.17457463008014,130.91740212335822,17139300,MSFT
2019-09-24,129.17788696289062,132.29026485832162,128.70773889777342,131.9799654136106,29773200,MSFT
2019-09-25,131.0396728515625,131.60385628417788,127.90848493088666,129.29072142779168,21382000,MSFT
2019-09-26,131.20892333984375,131.8107123243232,130.17460614502846,131.1149023300139,17456600,MSFT
2019-09-27,129.50697326660156,131.979956513644,128.4914517926957,131.78248802658757,22477700,MSFT
2019-09-30,130.72938537597656,130.9080439575997,129.5540150734897,129.8078990762058,17280900,MSFT
2019-10-01,128.88638305664062,131.87651752973946,128.82055544794514,131.32174631835753,21466600,MSFT
2019-10-02,126.61089324951172,128.22820406135543,125.60478365192725,128.11537309469108,30521700,MSFT
2019-10-03,128.14356994628906,128.58551032521106,125.26626575860587,126.89297423016744,24132900,MSFT
2019-10-04,129.87367248535156,129.99591555057583,128.27517223421285,128.58547162055152,22897700,MSFT
2019-10-07,128.93338012695312,129.9300915696498,128.83935913766322,128.9521900639223,15303700,MSFT
2019-10-08,127.56995391845703,129.53516907370778,127.52293624988906,128.89577469407286,25550500,MSFT
2019-10-09,129.9865264892578,130.41905462210212,128.79234653089637,129.25309674419262,19749900,MSFT
2019-10-10,130.79518127441406,131.33114254149964,129.99592392347657,130.22160013201596,17654600,MSFT
2019-10-11,131.34054565429688,132.60995106358794,131.1712992518736,131.75427821281482,25446000,MSFT
2019-10-14,131.21827697753906,131.91408666160535,131.19006925238907,131.34991781083065,13304300,MSFT
2019-10-15,133.11773681640625,133.32458877562325,131.46280636042192,131.6978804049396,19695700,MSFT
2019-10-16,132.0269775390625,132.57235099340375,131.19951238795443,132.3842802970394,20751600,MSFT
2019-10-17,131.34994506835938,132.97665306327167,130.71994849631562,132.53471281384464,21460600,MSFT
2019-10-18,129.20603942871094,131.64140192077954,128.40678232079654,131.41572578085953,32273500,MSFT
2019-10-21,130.16514587402344,130.23097346956862,128.82992750675447,130.18395580814718,20078200,MSFT
2019-10-22,128.2281494140625,131.6508259728014,128.12471628943948,130.6729245336376,27431000,MSFT
2019-10-23,129.04624938964844,129.24370354730698,127.51356206675086,128.70774220016742,29844600,MSFT
2019-10-24,131.5850372314453,132.03637533761412,130.39085717884856,131.06787151199163,37029300,MSFT
2019-10-25,132.32781982421875,132.71334453376198,130.88916844253288,131.0208092765507,25959700,MSFT
2019-10-28,135.58126831054688,136.97290222715964,134.94185963678848,135.77872241507427,35280100,MSFT
2019-10-29,134.30247497558594,135.8727675221011,134.13321424031946,135.47784493684978,20589500,MSFT
2019-10-30,135.9761962890625,136.34291113129765,134.26485079344687,134.95127715919725,18496600,MSFT
2019-10-31,134.8101806640625,136.27703955973047,134.45287807907465,136.2488318384886,24605100,MSFT
2019-11-01,135.13929748535156,135.79750159768017,134.434075719048,135.64705084406975,33128400,MSFT
2019-11-04,135.91978454589844,136.34291486039237,135.55306969363332,136.18306626815146,16912000,MSFT
2019-11-05,135.83518981933594,136.3617533741931,135.31802406089378,136.31473569655643,18250200,MSFT
2019-11-06,135.4590606689453,135.89160320967744,134.6504054084483,135.75055017893018,16575800,MSFT
2019-11-07,135.64712524414062,136.23011864719925,135.1863892866918,135.2522025601353,17786700,MSFT
2019-11-08,137.24562072753906,137.2738284618244,135.1769578947531,135.3838241780317,16732700,MSFT
2019-11-11,137.3866729736328,137.67816248856838,136.08905967717826,136.66264091061882,14362600,MSFT
2019-11-12,138.2893524169922,138.75950046054308,137.3396441864404,137.54651047342517,18641600,MSFT
2019-11-13,138.51499938964844,138.6560523962027,137.54649567197717,137.9790381385209,16919200,MSFT
2019-11-14,139.22018432617188,139.54929357276256,138.2234731420162,138.24228307410618,19729800,MSFT
2019-11-15,141.01617431640625,141.03498425138966,139.41767418945162,140.03825856613946,23485700,MSFT
2019-11-18,141.3641357421875,141.56160426905356,140.08533225958595,141.11026608336545,21534000,MSFT
2019-11-19,141.4110870361328,142.29496739782812,141.2324285356486,141.87183715065657,23935700,MSFT
2019-11-20,141.16578674316406,142.31685236118716,140.0713429461341,141.8168009169015,25696800,MSFT
2019-11-21,141.03370666503906,141.33563214259124,140.10908508408411,140.95822529565103,18576100,MSFT
2019-11-22,141.13754272460938,141.80743112200489,140.41106127548144,141.5904311045124,15901800,MSFT
2019-11-25,142.684814453125,142.79804369806604,141.44883770338845,141.5243190678164,22420900,MSFT
2019-11-26,143.4396209716797,143.80758364404392,142.76974722289816,142.80748070872573,24620100,MSFT
2019-11-27,143.71319580078125,143.88301802644725,142.95839676132366,143.72262557000906,15184400,MSFT
2019-11-29,142.8263702392578,143.69438447402376,142.73201491949175,143.50568823109214,11977300,MSFT
2019-12-02,141.09979248046875,143.2509616416166,139.93929673746592,143.23208769554265,27418400,MSFT
2019-12-03,140.87332153320312,140.98653639491616,138.3636198568316,139.15616707862256,24066000,MSFT
2019-12-04,141.38282775878906,141.69416865174247,140.769546953327,141.6564351605545,17574700,MSFT
2019-12-05,141.4582977294922,141.8262748585036,141.0337275608038,141.57152699865006,17869100,MSFT
2019-12-06,143.1754608154297,143.28867568329738,141.7790913241923,142.45840932459984,16403500,MSFT
2019-12-09,142.80747985839844,143.6094567942985,142.38290976152146,142.5338724971307,16687400,MSFT
2019-12-10,142.59048461914062,143.30753604199774,142.24138148197392,142.74143296312153,16476100,MSFT
2019-12-11,143.12828063964844,143.28867316517588,141.83569626553893,142.97731788741072,18856600,MSFT
2019-12-12,144.58126831054688,144.76996454781232,142.48670696472038,143.0810993922765,24612100,MSFT
2019-12-13,145.79837036132812,146.13802934491036,144.19443075975641,144.35482328025358,23845400,MSFT
2019-12-16,146.7418670654297,147.0909558246872,146.07199326271393,146.34560064764008,24144200,MSFT
2019-12-17,145.94932556152344,146.91169503134057,145.72288145197845,146.66637698018368,25425600,MSFT
2019-12-18,145.64743041992188,146.69471125023816,145.4681639287665,145.58139320542384,24129200,MSFT
2019-12-19,146.91168212890625,146.96828955217117,145.06242472153028,145.29829858286612,24958900,MSFT
2019-12-20,148.51565551757812,149.53463255949202,147.45893058711115,148.45904808134978,53477500,MSFT
2019-12-23,148.51565551757812,149.1855293750818,148.3835667008449,149.1855293750818,17718200,MSFT
2019-12-24,148.48728942871094,148.79864459378612,148.24197144596337,148.58163031726403,8989200,MSFT
2019-12-26,149.7044677734375,149.76107521454566,148.5062241491052,148.65718692312868,14520600,MSFT
2019-12-27,149.9781036376953,150.53476272282796,149.27991153994333,150.44040738108174,18412800,MSFT
2019-12-30,148.6855010986328,150.03470759185922,147.87409412695496,150.00640386931494,16348400,MSFT
2019-12-31,148.7892608642578,148.8553124700103,147.60989130382995,147.911816821668,18369400,MSFT
2020-01-02,151.5442657470703,151.6480508437844,149.38366705660513,149.80823721712613,22622100,MSFT
2020-01-03,149.6572723388672,150.91212325532504,149.12891708911667,149.37423516693,21116200,MSFT
2020-01-06,150.04412841796875,150.11018003103487,147.6665150898337,148.20431457930582,20813700,MSFT
2020-01-07,148.676025390625,150.64792756722025,148.4307217388253,150.31771277402052,21634100,MSFT
2020-01-08,151.04417419433594,151.7140622586854,149.02509462671821,149.94971608193828,27746500,MSFT
2020-01-09,152.93116760253906,153.053826612791,151.9310647710623,152.69529374996068,21385000,MSFT
2020-01-10,152.22360229492188,153.99737892867375,152.0726395183041,153.61998638373208,20725900,MSFT
2020-01-13,154.0540008544922,154.0823045781937,152.1481352111662,152.61988313499708,21626500,MSFT
2020-01-14,152.9689483642578,154.3558880672922,152.5821117076889,154.15774765402992,23477400,MSFT
2020-01-15,153.9595947265625,154.67666054808353,153.38407627006706,153.43123952960977,21417900,MSFT
2020-01-16,156.78065490722656,156.84670650655414,154.76157499203615,155.06350048050558,23865400,MSFT
2020-01-17,157.6581573486328,158.00724619527017,156.08250665954205,157.96006852492908,34371700,MSFT
2020-01-21,157.09201049804688,158.68652029544697,157.02595889858074,157.26183278821745,29517200,MSFT
2020-01-22,156.33724975585938,158.02611528456538,156.31837580898244,157.94118972192078,24138800,MSFT
2020-01-23,157.29959106445312,157.37507244171542,155.93152529350064,156.799539537116,19680800,MSFT
2020-01-24,155.71449279785156,158.06380180297066,155.15783390155633,158.04492786170331,24918100,MSFT
2020-01-27,153.11050415039062,154.14835533565494,151.14803107063887,152.04434924158312,32078100,MSFT
2020-01-28,156.11077880859375,156.393815954086,153.8558250377088,154.52569881083977,24899900,MSFT
2020-01-29,158.5449981689453,159.214886395841,156.32779209265254,158.35630192364818,34754500,MSFT
2020-01-30,163.01722717285156,164.21547104631466,161.13966507164602,164.21547104631466,51597500,MSFT
2020-01-31,160.61129760742188,162.65868191375688,159.99803105175357,162.4794297919524,36142700,MSFT
2020-02-03,164.52676391601562,164.6399787787509,160.77164114049552,160.79994485617934,30107000,MSFT
2020-02-04,169.94244384765625,170.43306565128077,166.34772747127744,167.13083064355817,36433300,MSFT
2020-02-05,169.73484802246094,173.79188187042314,168.32904883087167,173.63148935041767,39186300,MSFT
2020-02-06,173.25408935546875,173.43335581021924,169.88580339182903,170.74438778216063,27751400,MSFT
2020-02-07,173.49942016601562,175.14110783338012,172.16908780090657,172.51819099249076,33529100,MSFT
2020-02-10,178.0376434326172,178.16973226048214,172.89559452391404,173.20694984601053,35844300,MSFT
2020-02-11,174.018310546875,179.9245871338013,173.13142248247357,179.87740947996318,53159900,MSFT
2020-02-12,174.27308654785156,175.34867100497553,171.57468843308777,175.09392315032483,47062900,MSFT
2020-02-13,173.32960510253906,175.70720395202792,172.53705775610726,172.73519819186575,35295800,MSFT
2020-02-14,174.87692260742188,174.93353004235755,172.32947286250848,172.89557600506723,23149500,MSFT
2020-02-18,176.65066528320312,177.09410933712462,175.01842203596405,175.12220712085204,27792200,MSFT
2020-02-19,177.18048095703125,178.0319405494964,176.41416443662806,177.91841645341376,29997500,MSFT
2020-02-20,174.47471618652344,177.15210351535464,171.33376249869883,176.8682788334859,36862400,MSFT
2020-02-21,168.95912170410156,173.6043421717942,167.69138773814998,173.29213644538692,48572600,MSFT
2020-02-24,161.67437744140625,165.13700729463477,154.42745645308867,158.7226349755328,68311100,MSFT
2020-02-25,159.00645446777344,165.4113566093742,158.60909120804521,164.80587062511273,68073300,MSFT
2020-02-26,160.99314880371094,163.91650924081372,159.13885486602095,160.55796355617804,56206100,MSFT
2020-02-27,149.64974975585938,158.0224976383526,149.4605381321256,154.51257654493847,93174900,MSFT
2020-02-28,153.27320861816406,154.88154350179207,143.80302759023863,144.19092080033346,97012700,MSFT
2020-03-02,163.47190856933594,163.5949026496789,153.55706992157735,156.3952882488152,71030800,MSFT
2020-03-03,155.63844299316406,165.56275261848566,153.50977903092638,164.42746805914416,71677000,MSFT
2020-03-04,161.3527069091797,161.49461204424009,156.6885608458973,159.40379939608786,49814400,MSFT
2020-03-05,157.3035125732422,161.65543835111438,156.75478867248188,157.09537542343918,47817300,MSFT
2020-03-06,152.85699462890625,154.31394044060374,147.58736201737483,153.8409040238814,72821100,MSFT
2020-03-09,142.4974822998047,149.24298606771814,141.9109217759602,142.85699458779993,70419300,MSFT
2020-03-10,152.24205017089844,152.34611876790643,144.35180560623448,149.63089414950713,65354400,MSFT
2020-03-11,145.3451690673828,149.19567786157322,142.99889812654817,148.65642387157212,56371600,MSFT
2020-03-12,131.56085205078125,145.19376153679778,131.10674124965627,137.46435020909462,93226400,MSFT
2020-03-13,150.26473999023438,153.1786458580009,133.14081705620686,139.5457337596405,92727400,MSFT
2020-03-16,128.1171417236328,141.29593972168166,127.7197929888669,132.45015569215826,87905900,MSFT
2020-03-17,138.6658477783203,139.54568823933343,127.71978245633906,132.4501447695368,81059800,MSFT
2020-03-18,132.82861328125,138.12662665328008,127.7387515127842,130.55804437090856,81593200,MSFT
2020-03-19,135.01400756835938,142.05277456804424,131.50407237825715,135.0707696064013,85922700,MSFT
2020-03-20,129.94305419921875,139.16726040338546,128.53340107980478,138.12657495470134,84866200,MSFT
2020-03-23,128.64697265625,132.9894576902478,125.3735689196874,129.62142646533584,78975200,MSFT
2020-03-24,140.3404541015625,141.532515224966,133.65172603461022,135.9979828444054,82516700,MSFT
2020-03-25,138.99703979492188,146.00744400632377,136.65078285830256,140.87973021265088,75638200,MSFT
2020-03-26,147.69137573242188,148.21171848467063,140.36876952530807,140.3971505448925,64568100,MSFT
2020-03-27,141.6270751953125,146.53719464098646,141.1540388623716,143.56652704755473,57042300,MSFT
2020-03-30,151.5892333984375,151.9392901340011,141.92036869340518,144.21933299332323,63420300,MSFT
2020-03-31,149.2051544189453,155.8938819121666,148.1171619879572,150.80400539741188,77927200,MSFT
2020-04-01,143.9071502685547,149.24300087945437,142.68672257196636,144.7491545772204,57969900,MSFT
2020-04-02,146.88726806640625,147.0954052519253,142.25151679459384,143.67062609444574,49630700,MSFT
2020-04-03,145.53436279296875,148.8929237102213,143.9828041677828,146.73587914437556,41243300,MSFT
2020-04-06,156.3574676513672,157.52113324226872,149.0821649534325,151.67440982053907,67111700,MSFT
2020-04-07,154.67340087890625,160.83232776277265,154.45579380630528,160.44443456648847,62769000,MSFT
2020-04-08,156.2250213623047,157.68196726498687,154.68291792799084,156.73589437246093,48318200,MSFT
2020-04-09,156.2344207763672,158.34415852684268,154.5220317657175,157.38863044554174,51385100,MSFT
2020-04-13,156.58450317382812,156.6412796677308,153.5476175846326,155.4870697024385,41905300,MSFT
2020-04-14,164.3328399658203,164.38014649228367,158.94022797527285,159.88630076083996,52874300,MSFT
2020-04-15,162.61097717285156,164.2098423148961,160.11334587025092,161.9676402425253,40940800,MSFT
2020-04-16,167.49270629882812,167.71976894625868,163.57596585517592,164.9004763113015,50479600,MSFT
2020-04-17,168.9686279296875,170.293124232682,166.3858384849577,169.8200877764801,52765600,MSFT
2020-04-20,165.61949157714844,169.11050229797053,165.5532739920201,167.1048327083939,36669600,MSFT
2020-04-21,158.76992797851562,164.30444463062025,157.152137304255,164.1436140033889,56203700,MSFT
2020-04-22,164.16256713867188,164.6166780706004,161.6081732971754,162.14742732210433,34620200,MSFT
2020-04-23,162.17579650878906,165.61950089925315,161.69330458109863,164.72073463272773,32790800,MSFT
2020-04-24,165.13697814941406,165.14643367864994,161.5040627655281,162.78125213665297,34277600,MSFT
2020-04-27,164.66395568847656,167.36025421154562,163.95440116620728,167.0669739854221,33194400,MSFT
2020-04-28,160.652587890625,166.196573972886,160.2552391260029,166.12088643163574,34392700,MSFT
2020-04-29,167.86166381835938,168.09818198150484,162.6109721452684,163.87870603510657,51286600,MSFT
2020-04-30,169.5457000732422,170.6715144942926,166.72639294766603,170.2930911771575,53875900,MSFT
2020-05-01,165.1559600830078,169.00646944254433,164.62614711037116,166.3196257572747,39370500,MSFT
2020-05-04,169.19569396972656,169.34706911624102,164.42749234194932,165.08028502985547,30372900,MSFT
2020-05-05,171.01210021972656,173.74624981187438,170.19847710047543,170.87965061593798,36839200,MSFT
2020-05-06,172.69607543945312,174.26655932356306,171.83516039766008,172.26089015431316,32139300,MSFT
2020-05-07,173.69895935058594,174.59772555870285,172.73396112199262,174.23821330108638,28316000,MSFT
2020-05-08,174.72071838378906,175.0234686100885,173.47190979011717,175.00454311196347,30877800,MSFT
2020-05-11,176.66961669921875,177.39808226581636,172.98939456730636,173.27320482134522,30892700,MSFT
2020-05-12,172.66770935058594,176.9534171809746,172.46904218373015,176.7263689902823,32038200,MSFT
2020-05-13,170.05657958984375,174.12469536846862,167.01967966093866,172.7055862202919,44711500,MSFT
2020-05-14,170.7945098876953,170.94588499008822,166.20605134339007,167.96574720991572,41873900,MSFT
2020-05-15,173.28268432617188,176.97236219102498,167.45487285703408,169.40378036697825,46610400,MSFT
2020-05-18,174.93832397460938,176.15875152825836,174.03955770661358,175.73302165772617,35264500,MSFT
2020-05-19,173.7273406982422,176.53717787203394,173.59489109296922,175.05183675097177,26799100,MSFT
2020-05-20,176.13702392578125,176.31728065263576,174.5052459973766,175.3306168244194,31261300,MSFT
2020-05-21,174.0214080810547,177.09522556251395,173.88858961139377,175.89036299593658,29119500,MSFT
2020-05-22,174.09735107421875,174.99863500252354,173.17710341404631,173.79377212689334,20826900,MSFT
2020-05-26,172.25685119628906,176.93397286008036,171.8109574524387,176.782176165125,36073600,MSFT
2020-05-27,172.4845428466797,172.65531775851107,167.54178388715303,170.9571228863452,39517100,MSFT
2020-05-28,172.09555053710938,174.7044964020531,171.1278792209249,171.4694145313809,33810200,MSFT
2020-05-29,173.85067749023438,174.81836335004485,171.15635122877697,173.3573454571367,42130400,MSFT
2020-06-01,173.45220947265625,173.61348802494285,172.15248471379252,173.1770761664217,22622400,MSFT
2020-06-02,175.42552185058594,175.51090205839748,172.04812518661575,174.79937137437696,30794600,MSFT
2020-06-03,175.85243225097656,176.40268436775008,174.1637339681085,175.34013654287895,27311000,MSFT
2020-06-04,173.53756713867188,176.3077911894076,172.94937314484073,174.84678806804004,28761800,MSFT
2020-06-05,177.59800720214844,178.10082092307346,172.67421390089706,173.25292594446876,39893600,MSFT
2020-06-08,178.6985626220703,178.87881938074497,174.9796305982764,176.40269198638714,33211600,MSFT
2020-06-09,180.06471252441406,180.91854360786243,177.65498701810736,178.3570358813876,29783900,MSFT
2020-06-10,186.7435760498047,188.33741213662907,181.2126097291226,181.32646446997757,43872300,MSFT
2020-06-11,176.71578979492188,185.7190167286618,176.52605114750392,183.22392528666057,52854700,MSFT
2020-06-12,178.1103515625,181.8862033655673,175.68164819844708,180.76672098608847,43373600,MSFT
2020-06-15,179.2488250732422,181.0324000812959,174.57168884769598,175.1124591548258,32770200,MSFT
2020-06-16,183.6413116455078,185.54820844598873,181.63953830771604,182.9961830392735,42556700,MSFT
2020-06-17,184.27696228027344,186.25027574878882,183.7551702253078,185.02643488567597,25687800,MSFT
2020-06-18,186.2503204345703,186.41159902186715,184.04931141141617,184.04931141141617,23061600,MSFT
2020-06-19,185.1402587890625,189.06790717419463,184.4002681133222,188.4038148339312,44441100,MSFT
2020-06-22,190.2823028564453,190.46254515240918,185.21619293576407,185.74746691069572,32818900,MSFT
2020-06-23,191.55355834960938,193.48891551805355,191.09816827081005,191.72431877206205,30917400,MSFT
2020-06-24,187.6923370361328,192.8248494174064,186.4779922790731,191.25948742661063,36740600,MSFT
2020-06-25,190.06407165527344,190.32022675323847,185.44387040822522,187.6543607899241,27803900,MSFT
2020-06-26,186.2597198486328,189.63711577254304,184.8840970561807,189.48531911894298,54675800,MSFT
2020-06-29,188.26153564453125,188.3469158529833,183.62235612896023,185.73796999200283,26701600,MSFT
2020-06-30,193.0714569091797,193.9158059998674,187.59742509113957,187.73024356126592,34310300,MSFT
2020-07-01,194.20040893554688,195.76578488805615,191.42070310116551,192.72042765399385,32061200,MSFT
2020-07-02,195.6803741455078,197.35010835771266,194.48500808769106,195.13012214158806,29315800,MSFT
2020-07-06,199.8926544189453,200.30060614513152,197.41652742513998,198.11857614111364,31897600,MSFT
2020-07-07,197.56834411621094,203.65904475231002,197.32168536857642,199.6554977974831,33600700,MSFT
2020-07-08,201.91343688964844,202.32137420232715,197.985788069965,199.29500916856912,33600000,MSFT
2020-07-09,203.3270263671875,205.28136177031627,200.6232038291473,205.2339234935537,33121700,MSFT
2020-07-10,202.71034240722656,203.09931598071202,200.25319330353184,202.66290413404784,26177600,MSFT
2020-07-13,196.4488525390625,204.73106426787515,195.9080823607609,203.47876352409864,38135600,MSFT
2020-07-14,197.66323852539062,198.13759233564966,191.66739941517432,195.55710644975017,37591800,MSFT
2020-07-15,197.36907958984375,200.49033501817314,194.51347554948208,198.81111887993174,32179400,MSFT
2020-07-16,193.46044921875,195.14914756390348,191.93302942609668,194.8645323928501,29940700,MSFT
2020-07-17,192.4738006591797,194.52299805350623,191.06022113744223,193.9822422543224,31635300,MSFT
2020-07-20,200.74652099609375,201.41061337801344,192.59711223612445,194.4850454497009,36884800,MSFT
2020-07-21,198.04270935058594,202.96650405732726,197.35963872790919,202.70086709030062,37990400,MSFT
2020-07-22,200.8888397216797,201.41063181098787,197.70118152060454,198.46963238116317,49605700,MSFT
2020-07-23,192.15121459960938,200.10138824412152,191.78121924610807,196.56271325026265,67457000,MSFT
2020-07-24,190.97483825683594,192.4548197616395,187.37922843127433,190.13997095622724,39827000,MSFT
2020-07-27,193.39405822753906,193.50789851199113,190.5574171721937,191.136129411708,30160900,MSFT
2020-07-28,191.6578826904297,194.20041170242473,191.3922457630907,193.1663240584175,23251400,MSFT
2020-07-29,193.5932159423828,194.15294979425488,191.6483630156472,192.11323481994987,19632600,MSFT
2020-07-30,193.44146728515625,193.97275568307558,189.33357625555024,190.69022112897082,25079600,MSFT
2020-07-31,194.4945526123047,194.57994730375984,188.80230663921913,193.9158403593291,51044000,MSFT
2020-08-03,205.43312072753906,206.47670479362864,199.64601352103927,200.6706193833469,78983000,MSFT
2020-08-04,202.34983825683594,203.75393593196725,199.52269365345714,203.1847055797649,49280100,MSFT
2020-08-05,202.01780700683594,203.97214242740145,200.71808217349727,203.8772658730298,28806400,MSFT
2020-08-06,205.25289916992188,205.2718628994895,200.6990997033003,201.44857235284556,32656800,MSFT
2020-08-07,201.58140563964844,204.6362455553224,200.110905826952,203.82985270561375,27820400,MSFT
2020-08-10,197.56834411621094,201.01215709979328,195.76580559059593,200.81292214799484,36716500,MSFT
2020-08-11,192.9481201171875,196.99909038628428,192.7204251245038,196.5342330142289,36446500,MSFT
2020-08-12,198.4601287841797,199.4942165085806,194.2478650715753,194.76016076380623,28013100,MSFT
2020-08-13,197.99525451660156,200.50933810472836,197.47346249067883,198.6973032856729,22588900,MSFT
2020-08-14,198.1849822998047,198.83959276238173,196.86627951147085,198.05216383465333,17958900,MSFT
2020-08-17,199.49423217773438,200.35755956457717,198.20398926781266,198.84911796083807,20184800,MSFT
2020-08-18,200.64218139648438,201.46755240023344,198.4791291633885,199.73141570438264,21336200,MSFT
2020-08-19,199.4248504638672,201.70726092580176,198.99690303697932,201.12714989922767,27627600,MSFT
2020-08-20,204.06573486328125,204.46515342165435,198.6735625585654,199.27268314056542,26981500,MSFT
2020-08-21,202.5822296142578,205.65395866789385,202.42056119155308,203.38106694213636,36249300,MSFT
2020-08-24,203.2193603515625,204.95969353187164,202.021090073676,204.26545250984773,25460100,MSFT
2020-08-25,205.86318969726562,205.9963292581571,202.65832093865595,202.65832093865595,23043700,MSFT
2020-08-26,210.3138427734375,211.20778593927406,206.7095557551651,207.20408028520444,39600800,MSFT
2020-08-27,215.477783203125,219.82384972072043,208.64958927330213,211.96858760041155,57602200,MSFT
2020-08-28,217.69361877441406,219.3388462628036,215.4777849434819,216.9993776717254,26292900,MSFT
2020-08-31,214.47923278808594,217.49390391341316,213.3190105239383,215.87720527831104,28774200,MSFT
2020-09-01,216.1339874267578,216.30516063040494,213.43313373208045,214.46021648733137,25725500,MSFT
2020-09-02,220.29934692382812,221.45006436765206,216.21005476958462,216.7996706686181,34080800,MSFT
2020-09-03,206.65249633789062,218.07401180492377,204.42715773754352,218.03597815421034,58400300,MSFT
2020-09-04,203.75193786621094,207.66055205053038,195.13587224368297,204.5602944159865,59664100,MSFT
2020-09-08,192.7298126220703,199.7386834021644,192.29234589865933,196.38165196529374,52924300,MSFT
2020-09-09,200.93692016601562,204.3129753625065,196.57183068229344,197.4277399706096,45679000,MSFT
2020-09-10,195.30702209472656,204.2179091134677,194.1087663570984,202.9435570623291,35461500,MSFT
2020-09-11,194.03274536132812,198.4073560474238,191.3794587853986,197.0474169840839,33620100,MSFT
2020-09-14,195.34512329101562,198.94941077727452,194.03273723790667,194.23245383729784,30375800,MSFT
2020-09-15,198.54994201660156,199.50094279817782,196.79058476623734,198.2075811547893,21823900,MSFT
2020-09-16,195.00274658203125,200.3283431648329,194.6128327120966,200.29981429738623,26328100,MSFT
2020-09-17,192.96762084960938,194.31804055946495,190.16217073703712,190.24775734634423,34011300,MSFT
2020-09-18,190.57102966308594,193.67128672060363,186.63388734613952,192.8629448324001,55225300,MSFT
2020-09-21,192.61572265625,192.7774055847078,186.75756793525397,187.5278763694896,39839700,MSFT
2020-09-22,197.25662231445312,197.90331052920814,192.17828054373393,195.0122594122858,33517100,MSFT
2020-09-23,190.7612762451172,197.90330263555938,190.2287180372216,197.7130908374914,30803800,MSFT
2020-09-24,193.2338409423828,195.4972273267602,189.43934279994772,190.05750198205325,31202500,MSFT
2020-09-25,197.63702392578125,198.79723173179755,192.61572557145266,193.57624581579412,29437300,MSFT
2020-09-28,199.17762756347656,202.15426497540128,197.86524169936015,200.54707115888118,32004900,MSFT
2020-09-29,197.10446166992188,199.77678666430256,196.67651412294143,199.09206478468437,24221900,MSFT
2020-09-30,200.02401733398438,201.5931629854757,196.41971586350593,197.55140923532704,33829100,MSFT
2020-10-01,202.0496826171875,203.5047130134632,200.9655420373914,203.02921250458556,27158400,MSFT
2020-10-02,196.08685302734375,200.65165967071292,195.46869381405818,197.80816211628797,33154800,MSFT
2020-10-05,200.07156372070312,200.10009258534964,196.838152119923,197.06639754821663,21331600,MSFT
2020-10-06,195.8206024169922,199.8813658869558,194.78401489952358,198.5880185697547,28554300,MSFT
2020-10-07,199.54852294921875,199.81480204347935,196.59090953478196,196.9142463619381,25681100,MSFT
2020-10-08,200.26177978515625,200.84189093928686,198.112522883702,200.19520275398455,19925800,MSFT
2020-10-09,205.23550415039062,205.2830570981348,200.87991823945055,200.87991823945055,26458000,MSFT
2020-10-12,210.5515594482422,212.8910276692759,206.18646950494053,208.0694469196966,40461400,MSFT
2020-10-13,211.94003295898438,214.17489058111875,209.62909353363688,211.80689343114148,28950800,MSFT
2020-10-14,210.03805541992188,213.23341896450984,208.3928279568552,212.07319672735386,23421700,MSFT
2020-10-15,208.8968048095703,209.5625023577192,205.4256437545283,206.4622454842725,22733100,MSFT
2020-10-16,208.8968048095703,211.39792663412388,208.5734680734863,209.36278583771542,26057900,MSFT
2020-10-19,203.723388671875,211.40747673142792,203.24788828089612,209.61959061778887,27625800,MSFT
2020-10-20,204.13229370117188,206.7190167565654,202.64873493639715,205.22595320882843,22753500,MSFT
2020-10-21,204.27499389648438,206.29111113797111,202.67730485689108,202.67730485689108,22724900,MSFT
2020-10-22,204.36053466796875,205.4732037174607,201.32684019000547,203.44756763419346,22351500,MSFT
2020-10-23,205.6348876953125,205.68244063494072,202.71532294447377,204.49368969983445,18879600,MSFT
2020-10-26,199.78628540039062,205.73954624505387,197.9033075440224,203.37156311827778,37111600,MSFT
2020-10-27,202.8009796142578,204.15139940189,200.02405821151947,201.2223143442037,36700300,MSFT
2020-10-28,192.74884033203125,198.60700889932528,192.19727262307057,197.49433967491123,51195600,MSFT
2020-10-29,194.68890380859375,197.199545583512,193.40504679969789,194.0707590331236,31432600,MSFT
2020-10-30,192.5491485595703,194.27996260842124,189.8387902580295,193.52867830113843,36953700,MSFT
2020-11-02,192.416015625,195.22146540382536,190.3142972315909,194.2799692800792,30842200,MSFT
2020-11-03,196.31512451171875,197.92231848294975,193.16731360291638,193.89958841755603,27512000,MSFT
2020-11-04,205.78707885742188,207.62251809281693,202.01160422100955,203.53321142617264,42311800,MSFT
2020-11-05,212.34902954101562,213.13836219649147,210.31388776451922,211.16027816429752,36080100,MSFT
2020-11-06,212.75791931152344,213.3665592979318,207.3467219500644,211.36945163349586,25231900,MSFT
2020-11-09,207.6890869140625,216.94232164998468,207.20408167686315,213.44264528742468,44395000,MSFT
2020-11-10,200.67068481445312,205.89168472264777,199.44390009868965,203.98968301620297,44045100,MSFT
2020-11-11,205.9392547607422,207.3562368625371,201.80239490141182,201.9830874003012,29440800,MSFT
2020-11-12,204.8835906982422,208.37376148448692,203.95161408641613,206.5668659803786,21593900,MSFT
2020-11-13,205.9011993408203,206.7666136412532,203.66635593568657,205.75855501047297,18621100,MSFT
2020-11-16,206.58590698242188,207.0709266945876,204.0087028500602,204.34154443508726,24953300,MSFT
2020-11-17,203.95166015625,207.01386971538886,203.59027516934893,205.51130105759668,24154100,MSFT
2020-11-18,201.2628173828125,205.16259082846608,201.11978504928186,203.7132809002131,28372800,MSFT
2020-11-19,202.54046630859375,203.12209614163268,200.16626953783916,201.54884251164967,24792700,MSFT
2020-11-20,200.6049041748047,203.37002133531357,200.23304339047263,202.3307199828359,22843100,MSFT
2020-11-23,200.337890625,202.41649294271588,198.47858704972418,201.13881915756335,25683500,MSFT
2020-11-24,203.91351318359375,204.28537395912775,199.14605988233055,199.84210399056337,33979700,MSFT
2020-11-25,203.9230499267578,205.27700496539273,202.57863910648877,205.10538362416776,21012900,MSFT
2020-11-27,205.2198028564453,206.2114413491955,204.08514657585314,204.85748627754103,14512200,MSFT
2020-11-30,204.11373901367188,204.77163530412324,201.03395391105286,204.14234256764314,33064800,MSFT
2020-12-01,206.15420532226562,207.21258045120723,203.427221673315,204.53325969211036,30904500,MSFT
2020-12-02,205.353271484375,205.4486263666285,202.902808140873,204.88607038902487,23724500,MSFT
2020-12-03,204.27584838867188,206.31631786058674,203.71327783050998,204.62863528432734,25120900,MSFT
2020-12-04,204.3902587890625,205.36282333758197,203.26513224291,204.2567706784118,24666000,MSFT
2020-12-07,204.323486328125,205.51534953178438,203.08396023560834,204.39976731905256,24620000,MSFT
2020-12-08,205.9635009765625,206.8597844758541,202.9886149356049,204.01838653803915,23284100,MSFT
2020-12-09,201.9492950439453,205.21976054394176,201.3867391289371,205.15302377307995,32440600,MSFT
2020-12-10,200.72886657714844,203.16980044541748,200.57630457310324,201.92072995416368,26733300,MSFT
2020-12-11,203.34144592285156,203.3986675929953,199.38446486114995,200.280748554904,30979400,MSFT
2020-12-14,204.23768615722656,206.15421159855921,202.97908611506878,203.18885521361375,28798400,MSFT
2020-12-15,204.1709442138672,205.40094067047508,202.36884758495555,205.1625680235338,27000600,MSFT
2020-12-16,209.08148193359375,209.87288112098236,204.7335657876987,204.7621693505704,35023300,MSFT
2020-12-17,209.21490478515625,210.6165371249153,207.78466889145207,209.64397264344512,32515800,MSFT
2020-12-18,208.42352294921875,209.47236851032108,205.97305948244417,208.42352294921875,63354900,MSFT
2020-12-21,212.23748779296875,213.58191314877274,207.1744545903805,207.43190114873119,37181900,MSFT
2020-12-22,213.524658203125,215.13605942545968,211.53186661239238,212.332795115494,22612200,MSFT
2020-12-23,210.740478515625,213.16233803150052,210.53070943758334,212.7332702079101,18699600,MSFT
2020-12-24,212.39002990722656,213.2100324003929,210.912116576052,211.12188567075353,10550600,MSFT
2020-12-28,214.4972686767578,215.51749613359814,212.64749443916563,214.01097912101392,17933500,MSFT
2020-12-29,213.7248992919922,216.61397447197703,213.18141724827885,215.78444235567773,17403200,MSFT
2020-12-30,211.3698272705078,215.13612745772272,211.16960235597048,214.75472241960352,20272300,MSFT
2020-12-31,212.0753936767578,212.62842001281925,209.46282399587028,211.38887922848244,20942100,MSFT
2021-01-04,207.56541442871094,212.62844824516569,204.8193562709938,212.18030640556282,37130100,MSFT
2021-01-05,207.7655487060547,208.3567226371077,205.66787277256967,207.15531544269342,23823000,MSFT
2021-01-06,202.37835693359375,206.42116185748517,202.08277720892175,202.30207594833803,35930700,MSFT
2021-01-07,208.13746643066406,209.138634517425,203.77049208114227,204.08513119067524,27694500,MSFT
2021-01-08,209.4055938720703,210.32095121888779,206.93605679293017,208.50931041036256,22956200,MSFT
2021-01-11,207.37472534179688,208.72868057115633,206.6500630013542,208.30914227913487,23031300,MSFT
2021-01-12,204.93374633789062,207.00283393154243,203.39864029923487,206.43073369979606,23249300,MSFT
2021-01-13,206.27813720703125,206.67860148264808,203.98022154419837,204.06604674898907,20087100,MSFT
2021-01-14,203.1126251220703,207.34612682770805,202.84564884776125,205.86821309906557,29480800,MSFT
2021-01-15,202.75978088378906,204.5332740745868,202.1686213365607,203.58932764260769,31746500,MSFT
2021-01-19,206.37350463867188,206.88838315319578,202.74070783603537,203.808612636003,30480900,MSFT
2021-01-20,213.90611267089844,215.28867135702768,207.18399993248087,207.5749346341582,37777300,MSFT
2021-01-21,214.50680541992188,215.77494980554735,212.07540120835768,214.24935885539745,30709400,MSFT
2021-01-22,215.4412384033203,219.3696303025167,215.29822060625023,216.51868763829725,30172700,MSFT
2021-01-25,218.8546905517578,219.09306319554696,213.7916579255343,218.46375592415686,33152100,MSFT
2021-01-26,221.52450561523438,223.28845475671793,219.3791514478603,221.07636380300931,49169600,MSFT
2021-01-27,222.0679473876953,229.2572744153323,219.43631865864182,226.93075510239115,69870600,MSFT
2021-01-28,227.81756591796875,231.35502343691428,224.15616447968532,224.65198380438494,49111200,MSFT
2021-01-29,221.1717071533203,226.94985841468173,220.59007724966867,225.01427347529136,42503100,MSFT
2021-02-01,228.50401306152344,231.22146705062914,221.61980986829332,224.1274947645994,33314200,MSFT
2021-02-02,228.37049865722656,231.04027489971,227.58864403248438,230.0772547566796,25916300,MSFT
2021-02-03,231.69821166992188,233.691003496613,228.13215165180748,228.42774595379248,27158100,MSFT
2021-02-04,230.75425720214844,231.92706112737068,229.19053318429755,231.374034827884,25296100,MSFT
2021-02-05,230.93545532226562,231.9652270718367,229.2382429616154,230.96405888066087,18054800,MSFT
2021-02-08,231.19285583496094,232.3465712580115,229.61005802324223,231.84122242822716,22211900,MSFT
2021-02-09,232.432373046875,233.37631928897224,230.15353143395993,230.62073244700287,23565000,MSFT
2021-02-10,231.5265655517578,234.48237731303126,229.68632135811495,233.60516781651145,22186700,MSFT
2021-02-11,233.1189422607422,233.74823505402443,230.88776300580494,233.39544815712694,15751100,MSFT
2021-02-12,233.595703125,233.89128292843307,231.44080472737835,232.58499071287687,16561100,MSFT
2021-02-16,232.36566162109375,234.68265139758873,231.62194010002432,233.6338058939717,26728500,MSFT
2021-02-17,233.3787078857422,233.48383401445355,230.26317424435055,230.62633988583025,21653500,MSFT
2021-02-18,232.98687744140625,233.12067300946146,230.18672213045693,231.0850700513804,16925600,MSFT
2021-02-19,230.2917938232422,233.053727425843,229.53679326705628,232.94860131989128,25262600,MSFT
2021-02-22,224.11805725097656,227.38650364294293,222.1015579602541,226.89910873117762,36446900,MSFT
2021-02-23,222.9330596923828,224.4239287388966,218.59423353637678,220.12333822043468,30228700,MSFT
2021-02-24,224.15634155273438,224.77753213884318,218.85227690339812,219.81751532034556,26339700,MSFT
2021-02-25,218.84268188476562,224.19451814657435,217.78186916527636,221.795750007288,39542200,MSFT
2021-02-26,222.0824737548828,224.93996757449008,219.36831252056643,221.27013424972316,37819200,MSFT
2021-03-01,226.44039916992188,226.9469119322539,222.8183385683915,225.4464768789382,25324000,MSFT
2021-03-02,223.50643920898438,226.78445210469692,223.10505255325617,226.50729480119938,22812500,MSFT
2021-03-03,217.47607421875,223.22931252952912,217.18936527759203,221.87223909617876,34029500,MSFT
2021-03-04,216.68284606933594,222.18761091263715,214.32229870294404,216.69241226941966,44727800,MSFT
2021-03-05,221.3370361328125,222.9330311039714,216.42480728718476,219.34920613150112,41872800,MSFT
2021-03-08,217.31362915039062,223.02863234905152,217.06515582266582,221.11725867621018,35267400,MSFT
2021-03-09,223.42042541503906,224.94952989865914,221.40392598629288,222.56031325714096,33080500,MSFT
2021-03-10,222.1206817626953,226.49772821826227,221.75751618181397,226.49772821826227,29746800,MSFT
2021-03-11,226.62196350097656,228.57155770884873,223.92692034430218,224.5481253712007,29907600,MSFT
2021-03-12,225.3031463623047,225.3700514329935,222.89481172208454,223.6402462040966,22653700,MSFT
2021-03-15,224.40478515625,224.76795075810895,221.53772513977538,224.54814690664654,26034900,MSFT
2021-03-16,227.17628479003906,229.42213971544066,225.4847153006478,225.80964526868732,28092200,MSFT
2021-03-17,226.53594970703125,227.9790458343157,222.89478602257378,225.6853891995927,29562100,MSFT
2021-03-18,220.49607849121094,223.81231313700073,220.1233611906888,222.2545388535398,34833000,MSFT
2021-03-19,220.14242553710938,222.1684765675346,219.18673888764525,220.78273384233583,46430700,MSFT
2021-03-22,225.5325164794922,226.40218032029384,219.94174328047853,220.06598722171685,30127000,MSFT
2021-03-23,227.05203247070312,230.36826626043398,226.5646375366449,226.96602417339062,31638400,MSFT
2021-03-24,225.02601623535156,227.453454246672,224.89222066909963,227.31010706233886,25620100,MSFT
2021-03-25,222.0442352294922,226.4403997014099,221.30836700029914,224.87307416129178,34061900,MSFT
2021-03-26,226.0008087158203,226.22062717768958,221.28927982619135,221.28927982619135,25479900,MSFT
2021-03-29,224.81573486328125,226.3066037177728,221.60462710644518,226.10590310307379,25227500,MSFT
2021-03-30,221.5759735107422,223.48734696493838,220.85920846541862,223.18152021260835,24792000,MSFT
2021-03-31,225.32220458984375,228.5046423056881,222.091979633663,222.5889406844489,43623500,MSFT
2021-04-01,231.61073303222656,232.07901029446748,227.50127632178172,227.90266308197047,30338000,MSFT
2021-04-05,238.0328826904297,238.8834432319684,231.94514876834452,232.0024876345528,36910600,MSFT
2021-04-06,236.87652587890625,238.34827710378195,235.93995691762169,236.6376041839014,22931900,MSFT
2021-04-07,238.8260955810547,239.8104516951834,236.23619284363235,236.82871391899718,22719800,MSFT
2021-04-08,242.0276641845703,242.87822479030498,240.8330557729979,241.56893863766072,23625200,MSFT
2021-04-09,244.51243591308594,244.64623146115184,241.2535409277266,241.66447918870722,24326800,MSFT
2021-04-12,244.56979370117188,246.25181167284637,243.3369496576039,243.42297254578972,27148700,MSFT
2021-04-13,247.03549194335938,247.70448442455188,245.44904822488058,245.8600157483126,23837500,MSFT
2021-04-14,244.26397705078125,247.36039284010613,243.85303874101194,246.0702390380511,23070900,MSFT
2021-04-15,248.00074768066406,248.41168604324963,246.309192386725,246.500312265364,25627500,MSFT
2021-04-16,249.18576049804688,249.43424839254266,246.1849191890606,247.97204879271342,24878600,MSFT
2021-04-19,247.27435302734375,249.89295426523887,246.39513764707326,248.66011032775415,23209300,MSFT
2021-04-20,246.815673828125,248.66970848969893,245.45858578600297,246.39516931734047,19722900,MSFT
2021-04-21,249.03285217285156,249.12842668538718,245.85042797866416,247.46554099520336,24030400,MSFT
2021-04-22,245.7739715576172,250.17967342609856,244.31175743059978,248.67923824586626,25606200,MSFT
2021-04-23,249.5775909423828,249.9216533410852,245.8695216560367,246.4525057441661,21462600,MSFT
2021-04-26,249.9598388671875,250.8104140095919,248.64101575086653,250.06497956765273,19763300,MSFT
2021-04-27,250.36126708984375,251.52720612882962,248.5932407126178,249.98853524607762,31014200,MSFT
2021-04-28,243.2795867919922,245.171856823487,241.74093073064057,244.7322199736426,46903100,MSFT
2021-04-29,241.3204345703125,244.7513607810362,237.96597962533752,244.13972189863736,40589000,MSFT
2021-04-30,241.00506591796875,241.86519270079532,238.53940705534927,238.6732026105505,30945100,MSFT
2021-05-03,240.69924926757812,243.0789143649509,239.99203587034623,242.1710003473486,19626600,MSFT
2021-05-04,236.80958557128906,240.07804670537047,234.8695428631059,239.84867666254803,32756100,MSFT
2021-05-05,235.54811096191406,238.4438406050571,234.92692041663318,238.02333610804502,21901300,MSFT
2021-05-06,238.66363525390625,238.787879191213,233.84698070738517,235.52898404785154,26491100,MSFT
2021-05-07,241.2726593017578,243.03111924686715,240.03981535072342,240.97638418935017,27032900,MSFT
2021-05-10,236.2266387939453,240.57501632961734,236.1692999233959,239.75312515895706,29299900,MSFT
2021-05-11,235.3187255859375,235.67233957139493,231.82092344292948,233.71317897375303,33641600,MSFT
2021-05-12,228.40914916992188,233.55074890972617,227.52036743013335,231.43867462866248,36684400,MSFT
2021-05-13,232.2605438232422,234.71666570840435,230.72188761127558,231.08505323354785,29624300,MSFT
2021-05-14,237.1536407470703,238.13799684815163,234.61152529388377,234.69753359414418,23901100,MSFT
2021-05-17,234.3152313232422,235.6627529160447,232.7288026653694,235.62453186876706,24970200,MSFT
2021-05-18,232.30833435058594,235.4907729425289,232.1363031545397,235.35697738232508,20168000,MSFT
2021-05-19,232.88307189941406,232.98844077307308,228.5534036384875,229.23349986422667,25739800,MSFT
2021-05-20,236.1015625,237.50966697541784,233.59188645475157,233.68768164182094,21800700,MSFT
2021-05-21,234.8467559814453,237.87370305685576,234.434868777639,237.14570923286777,21863100,MSFT
2021-05-24,240.2205047607422,240.58450892855902,237.08818926220172,237.35639824386888,21411500,MSFT
2021-05-25,241.1209259033203,242.10755492818512,240.25882769668084,241.16882349619877,17704300,MSFT
2021-05-26,240.90061950683594,242.28956203132947,240.19177311991052,240.8431336244148,17771600,MSFT
2021-05-27,238.81243896484375,240.89106621746035,238.7549676903661,240.5941215551288,24426200,MSFT
2021-05-28,239.16683959960938,241.465792745696,239.0518970580082,240.43126602240122,18270200,MSFT
2021-06-01,236.98284912109375,240.70905429967564,236.56138825332587,240.65158302753886,23213300,MSFT
2021-06-02,236.88706970214844,238.77412110013952,235.48853873601223,237.68212307529706,19406700,MSFT
2021-06-03,235.3640594482422,235.9675225196225,232.7681611784149,234.89468628934867,25307700,MSFT
2021-06-04,240.2300567626953,241.05384559387485,237.0881678754738,237.32764120295283,25281100,MSFT
2021-06-07,243.12294006347656,243.39114906663502,239.2913661711621,239.45420630763013,23079200,MSFT
2021-06-08,241.93516540527344,245.23032134430707,241.87767951827612,244.41610603256754,22455000,MSFT
2021-06-09,242.91217041015625,244.77048584234345,242.54818087729674,243.12290811584506,17937600,MSFT
2021-06-10,246.40846252441406,246.619200219193,242.98879105239524,243.58268021970406,24563600,MSFT
2021-06-11,247.03111267089844,247.60582525436763,245.80498120594257,247.1268786130879,18999700,MSFT
2021-06-14,248.94696044921875,249.0044317216972,245.98704375362735,247.04073247004933,19150500,MSFT
2021-06-15,247.48133850097656,249.0427095066787,246.82997796871686,248.83197177770197,18038900,MSFT
2021-06-16,246.54261779785156,249.6078592604981,243.70724678964794,248.4775520192582,27220000,MSFT
2021-06-17,249.9144287109375,250.72864409894245,245.23034431439226,245.28781559047806,27565500,MSFT
2021-06-18,248.50628662109375,251.25543610006036,247.8549261016525,248.6978770009707,37202200,MSFT
2021-06-21,251.57159423828125,252.42410431894385,247.0599236858956,248.87991563157925,26696100,MSFT
2021-06-22,254.33033752441406,254.5985465614589,251.35127324580915,251.65780621174397,24694100,MSFT
2021-06-23,254.10040283203125,255.594714380539,253.2957757853417,254.79008733384944,19518700,MSFT
2021-06-24,255.46067810058594,256.57183832184967,254.29204659482548,254.95299559913406,21446900,MSFT
2021-06-25,253.86090087890625,255.99701370596514,253.61186847057874,255.01997295194124,25611100,MSFT
2021-06-28,257.4051513671875,257.57756518731253,254.7134728779589,254.98168189790582,19590000,MSFT
2021-06-29,259.97222900390625,260.2117023226704,256.69625037345827,257.5487601873158,19937800,MSFT
2021-06-30,259.4933776855469,259.9340005688029,258.248127663591,259.2922282090203,21656500,MSFT
2021-07-01,260.163818359375,260.3937033900851,258.24803181657046,258.25759087112823,16725300,MSFT
2021-07-02,265.9591979980469,266.2944666623068,261.026050954959,261.3325839755736,26458000,MSFT
2021-07-06,265.96868896484375,267.60667851843345,262.75015189133745,266.3231048509773,31565600,MSFT
2021-07-07,268.14306640625,268.87107467397936,265.48012418215734,267.63538412285556,23260000,MSFT
2021-07-08,265.7388610839844,266.9936993883383,263.2962148119462,265.24073769242233,24618600,MSFT
2021-07-09,266.2370300292969,266.3423843255102,263.72735271561726,264.1105044249589,23916700,MSFT
2021-07-12,265.64300537109375,267.9898266674368,264.9341443751542,267.40552572361065,18931700,MSFT
2021-07-13,269.1488952636719,270.94015122587615,265.7100615012556,265.83456308659123,26120100,MSFT
2021-07-14,270.6145324707031,271.71610427305967,268.73703995210985,270.4612659855572,23113700,MSFT
2021-07-15,269.1967468261719,270.6144394017585,268.0472631992008,270.12590447540833,22604200,MSFT
2021-07-16,268.9285888671875,272.1375378043733,267.69289811879054,270.19301525007796,26186800,MSFT
2021-07-19,265.3460998535156,268.5646081282036,262.89389472063215,267.18523908688275,32935600,MSFT
2021-07-20,267.5588073730469,269.13932573027193,264.62765573380375,266.32311662863236,26259700,MSFT
2021-07-21,269.55120849609375,269.66615103181897,265.61428048456565,267.1564748931921,24364300,MSFT
2021-07-22,274.0916442871094,274.35985328231106,271.4861729483263,271.8884718248349,23384100,MSFT
2021-07-23,277.4730529785156,277.7795567148543,274.43651739318557,275.2698801509867,22768100,MSFT
2021-07-26,276.87908935546875,277.4921551936187,274.57059187126583,276.8312063761206,23176100,MSFT
2021-07-27,274.47479248046875,277.386767469363,271.0359585638651,277.2430893009287,33604100,MSFT
2021-07-28,274.16827392578125,277.9327882988668,271.8788944693324,276.8216283504645,33566900,MSFT
2021-07-29,274.43646240234375,276.467191757566,274.0341343071643,274.187400760919,18168300,MSFT
2021-07-30,272.9134216308594,274.58973513938895,271.9555281974139,273.16248327798326,20944800,MSFT
2021-08-02,272.82720947265625,274.69508409233026,271.7926682142206,274.3023442842748,16267400,MSFT
2021-08-03,275.0303955078125,275.1357790008344,272.0417722643763,273.4019939880385,17879000,MSFT
2021-08-04,274.4460754394531,275.48058755485204,272.6643783324015,274.1682781399353,16191300,MSFT
2021-08-05,277.329345703125,277.4347292005121,274.0533659477351,274.8005217895427,13900200,MSFT
2021-08-06,277.2718505859375,277.31017451192804,275.5093300140489,276.3618692799431,16589300,MSFT
2021-08-09,276.189453125,279.27387173431777,275.6913589689798,277.5496749205149,16117600,MSFT
2021-08-10,274.3790283203125,277.0707068328733,273.1912496834788,276.6396430462335,18616600,MSFT
2021-08-11,274.86749267578125,276.5054820250036,273.8233632596243,275.1165250543086,13955900,MSFT
2021-08-12,277.6070556640625,277.7603221003754,274.2831647350226,274.56096197787616,14561300,MSFT
2021-08-13,280.5191345214844,280.5670175063844,277.1185948484272,277.29103790576875,18249000,MSFT
2021-08-16,282.1954040527344,282.40614177195425,277.80823587058995,280.84477083854165,22507600,MSFT
2021-08-17,280.7393798828125,281.074648413446,278.8235931164337,280.0784603423911,20075300,MSFT
2021-08-18,279.021484375,282.94676489700373,278.579988799018,280.27872459621557,21813000,MSFT
2021-08-19,284.8182373046875,285.490058075922,277.01567958739867,277.0636542331081,29850500,MSFT
2021-08-20,292.10260009765625,293.52300710937357,286.0563295513358,287.64948045556423,40817600,MSFT
2021-08-23,292.380859375,293.1006547103833,289.6936351716544,291.0372472733272,22830200,MSFT
2021-08-24,290.4326171875,293.34058919776106,289.8375910575891,292.7359564242879,18175800,MSFT
2021-08-25,289.8472595214844,292.3233431392219,288.3212965855392,292.04501401347983,20006100,MSFT
2021-08-26,287.0448303222656,290.2503159413958,286.9104837323351,288.8683063071112,17666100,MSFT
2021-08-27,287.6495361328125,288.7532169333331,284.8759095157889,286.9489244928355,22605700,MSFT
2021-08-30,291.3636779785156,291.96831100995576,288.93556849365416,288.9931498024999,16348100,MSFT
2021-08-31,289.722412109375,292.2368923425425,289.35771113719727,292.16012706402677,26285300,MSFT
2021-09-01,289.6744689941406,292.8991678511316,289.34816523699277,290.6725935556559,18983800,MSFT
2021-09-02,289.0218200683594,291.14280883019796,288.0908835783772,290.0295511305213,16285600,MSFT
2021-09-03,289.0122985839844,290.4134922673868,288.1677338580256,288.8683160554501,14747900,MSFT
2021-09-07,288.0909423828125,288.96429776620096,286.1907010174333,288.8875324668998,17180400,MSFT
2021-09-08,288.1197509765625,288.5036360740859,285.4901073055441,287.7070752289388,15046800,MSFT
2021-09-09,285.27886962890625,289.9719490279813,285.0389378630283,288.7051022748946,19927000,MSFT
2021-09-10,283.8009033203125,287.84137565254247,283.48420625224344,286.40178494786,19633400,MSFT
2021-09-13,285.0294189453125,286.51701392472955,282.2366088163071,285.56686392320825,23652900,MSFT
2021-09-14,287.7166442871094,289.25221376514764,286.0947028700539,287.4958964728086,21853400,MSFT
2021-09-15,292.5440979003906,293.02396157546303,289.66491584995623,291.0469255772491,28356300,MSFT
2021-09-16,292.92791748046875,293.01428940804146,288.6475426567624,291.5267240633766,19550800,MSFT
2021-09-17,287.79345703125,292.23699967637344,287.467153222757,291.92030251442793,41372500,MSFT
2021-09-20,282.4477233886719,286.68973080217256,277.860228217035,284.3959685720782,38278700,MSFT
2021-09-21,282.92755126953125,285.5572235689827,282.22696919676986,283.78172248901336,22364100,MSFT
2021-09-22,286.5552978515625,288.12926431682723,282.64923090626985,284.77982618940496,26626300,MSFT
2021-09-23,287.49591064453125,288.78194172532284,285.5476653767462,286.81451245521663,18604600,MSFT
2021-09-24,287.29437255859375,287.72623226962907,284.9718196101101,286.2194826708354,14999000,MSFT
2021-09-27,282.3229064941406,284.5302668944946,281.14243173183047,284.213569869191,23571700,MSFT
2021-09-28,272.1018371582031,279.0694657966121,271.36285777992146,278.12892262453175,43186200,MSFT
2021-09-29,272.5625915527344,275.2210260039281,271.6124707643782,273.6182975889951,26353700,MSFT
2021-09-30,270.5663146972656,276.23827687630234,270.278378953934,274.20365982638276,32343600,MSFT
2021-10-01,277.45721435546875,278.301779205865,269.9617452410387,270.7583061453329,30086300,MSFT
2021-10-04,271.7083435058594,276.1614916080159,268.96353787366274,275.82558124270304,31350700,MSFT
2021-10-05,277.1308898925781,278.7048275786298,272.6105528079684,272.6105528079684,24993000,MSFT
2021-10-06,281.3056335449219,281.80471044780717,274.0117300480355,274.270845855537,28002600,MSFT
2021-10-07,282.9756164550781,284.6935366211754,282.0830770442581,283.29231359523686,20430500,MSFT
2021-10-08,282.9756164550781,284.6935366211754,281.9295171528448,284.2904382451461,17685700,MSFT
2021-10-11,282.38055419921875,285.9699246769011,280.960147351055,281.1233138675637,19298600,MSFT
2021-10-12,281.08489990234375,283.541799129027,280.5762456707699,283.44582055374815,17974100,MSFT
2021-10-13,284.37677001953125,285.307706593833,281.67033223174053,283.0331577701654,23416300,MSFT
2021-10-14,290.55743408203125,291.05648172385895,285.83556297646015,287.1599913093113,27262900,MSFT
2021-10-15,291.9585876464844,292.1889420783388,288.4171921254101,290.16390256494424,25384800,MSFT
2021-10-18,294.91461181640625,295.7975445356027,290.49986035476513,291.3444250695116,22729300,MSFT
2021-10-19,295.8167419433594,296.8436278454899,294.8474080448137,295.93190452763184,17682100,MSFT
2021-10-20,295.0297546386719,297.2275382211196,293.7820916523756,296.75725195686545,16537100,MSFT
2021-10-21,298.244873046875,298.49438223529035,294.0220493838015,294.7994554629315,16918100,MSFT
2021-10-22,296.7093200683594,298.5615868809637,295.40407560259746,297.89937264623074,17449300,MSFT
2021-10-25,295.7207336425781,296.93957658837917,294.1179764030474,296.9011793012965,17554500,MSFT
2021-10-26,297.6210632324219,299.81884727726106,296.1718947099922,298.4752347150335,28107300,MSFT
2021-10-27,310.1550598144531,312.9670535510442,303.2738027325777,303.2738027325777,52588700,MSFT
2021-10-28,311.2875671386719,311.78661480927093,308.41796248920383,311.2683538472866,26297900,MSFT
2021-10-29,318.2647399902344,318.6294410245631,310.85564458763923,311.0763923948779,34766000,MSFT
2021-11-01,316.10540771484375,318.14002510806927,313.2262255270214,318.01525586042806,27073200,MSFT
2021-11-02,319.71392822265625,320.02104795725353,316.7099773873297,317.0074904775489,26487100,MSFT
2021-11-03,320.5489501953125,321.41269899381626,317.3338575616903,320.4529715980219,21500100,MSFT
2021-11-04,322.890625,322.98660357874707,316.23972246138726,319.4836051186062,23992200,MSFT
2021-11-05,322.52593994140625,325.1460058993081,320.95200246852335,324.8772834386426,22570100,MSFT
2021-11-08,323.41851806640625,324.0519416472353,320.97122498059144,323.71603120896236,20897000,MSFT
2021-11-09,322.4203796386719,325.078813563159,321.0575540639552,323.5336374688277,21307400,MSFT
2021-11-10,317.4777526855469,321.15352434002415,316.6332173342628,321.09594304990367,25500900,MSFT
2021-11-11,319.0421142578125,320.328145224204,317.1994543880921,317.90964316198944,16849800,MSFT
2021-11-12,323.15936279296875,323.64883306583664,320.34736896230555,320.47213819174647,23831000,MSFT
2021-11-15,322.53558349609375,324.2726876885674,320.57773146516666,323.94638389817203,16723000,MSFT
2021-11-16,325.8370361328125,326.95032335349225,321.99812680159425,322.16126404658087,20886800,MSFT
2021-11-17,326.0581359863281,329.0098960712893,324.9812796361216,325.8850760747881,19053400,MSFT
2021-11-18,328.1253356933594,329.25990808153233,324.1351865907532,325.15435635646554,22463500,MSFT
2021-11-19,329.8945007324219,331.8078723346504,329.0195768042026,329.44263177761013,21963400,MSFT
2021-11-22,326.7408447265625,336.2018658663324,326.4716305863018,331.3463577773727,31031100,MSFT
2021-11-23,324.67364501953125,326.3754890891575,320.7123388682241,324.06790589930085,30427600,MSFT
2021-11-24,324.8946838378906,325.13505455813925,321.0487523139128,323.3274620471291,21661300,MSFT
2021-11-26,316.98175048828125,324.9139862915625,315.4818391564863,321.4718896050423,24217200,MSFT
2021-11-29,323.6640319824219,325.97158534962614,321.8468150001387,322.0391233399611,28563500,MSFT
2021-11-30,317.85675048828125,324.76981754216854,316.3183713889176,322.40457691540473,42885600,MSFT
2021-12-01,317.36627197265625,326.2119266473579,316.7028757470775,322.22177836447145,33337600,MSFT
2021-12-02,316.799072265625,320.64500484816296,315.17416340213174,317.577871266218,30766000,MSFT
2021-12-03,310.568603515625,319.88537524190724,305.78040807041685,319.2027012508651,41779300,MSFT
2021-12-06,313.6261291503906,314.8376070697841,306.9342159628672,311.472416708919,30032600,MSFT
2021-12-07,322.0199890136719,322.8660696420731,317.38563262002015,318.8663250684686,31021900,MSFT
2021-12-08,322.0679931640625,322.5775780301863,318.0585957516276,322.39489389495935,24761000,MSFT
2021-12-09,320.2700500488281,323.52946273979535,319.327785978313,321.52959065515364,22214200,MSFT
2021-12-10,329.346435546875,329.7887095654795,321.894941380308,322.0776255201496,38095700,MSFT
2021-12-13,326.32733154296875,330.5482560904691,326.01964993405755,327.5580286364802,28899400,MSFT
2021-12-14,315.6933898925781,321.75075164875943,311.6263053995195,320.38543259627,44438700,MSFT
2021-12-15,321.7603454589844,322.2795546002779,312.0012968945024,315.9529787432078,35381100,MSFT
2021-12-16,312.3858337402344,323.7890378493558,310.57824093079836,322.77946305235776,35034800,MSFT
2021-12-17,311.32818603515625,312.4050716507524,305.0304840740271,308.52067208536005,47750300,MSFT
2021-12-20,307.5880126953125,310.36668315061627,305.3381461233178,307.72260504980915,28326500,MSFT
2021-12-21,314.6838073730469,315.10686227817746,307.48227910762097,310.8378750297764,24740600,MSFT
2021-12-22,320.3661804199219,320.760362669551,313.2031195933652,315.6548897596977,24831500,MSFT
2021-12-23,321.79876708984375,323.4333000256045,319.91426851160736,319.9334876096026,19617800,MSFT
2021-12-27,329.2599182128906,329.2887615338592,322.5102876848739,322.5391310058425,19947000,MSFT
2021-12-28,328.1060791015625,330.5674732743384,327.21190693909,329.93289096293216,15661500,MSFT
2021-12-29,328.7791748046875,331.0386367329647,326.5965892757154,328.1541872836197,15042000,MSFT
2021-12-30,326.2504577636719,329.9137060860202,325.76971620596595,328.7406955115323,15994500,MSFT
2021-12-31,323.3659973144531,326.288884758608,322.9140990920403,325.47164761227714,18000800,MSFT
2022-01-03,321.8564453125,324.98126516990294,317.0778734645708,322.433341000755,28865100,MSFT
2022-01-04,316.3375244140625,322.28910640339575,313.5588245196175,321.9333330536582,32674300,MSFT
2022-01-05,304.1940612792969,313.5108358888348,303.80947386548866,313.30890328932094,40054300,MSFT
2022-01-06,301.7903137207031,306.42466920650463,299.49235507622586,301.08842050942394,39646100,MSFT
2022-01-07,301.94415283203125,304.30939297872214,298.1462829521569,302.0499018859666,32720000,MSFT
2022-01-10,302.1652526855469,302.59793177360086,292.9542584305184,297.56936510647546,44289500,MSFT
2022-01-11,302.8479309082031,304.41512357671206,297.95398587837894,301.3095522143525,29386800,MSFT
2022-01-12,306.01123046875,310.9532679259109,304.86706317706137,307.35733034753923,34372200,MSFT
2022-01-13,293.06005859375,308.52072440499325,292.2908837943043,308.1265127840826,45366000,MSFT
2022-01-14,298.25201416015625,298.8481288770932,292.0504375760111,292.53117903704157,39846400,MSFT
2022-01-18,290.99285888671875,297.8674572905509,290.1179057310112,292.3581778205605,42333200,MSFT
2022-01-19,291.6466064453125,301.81911235300396,291.04089684223516,294.49261706590465,45933900,MSFT
2022-01-20,289.9833068847656,299.6462002381442,289.541032877528,297.16558676731063,35380700,MSFT
2022-01-21,284.6278381347656,292.39660859622313,284.22400232617673,291.03131903917586,57984400,MSFT
2022-01-24,284.95477294921875,285.666261131879,265.4174271692936,280.94540441346044,85731500,MSFT
2022-01-25,277.3783264160156,283.6279682848352,274.1862239461247,280.2916198365642,72848600,MSFT
2022-01-26,285.2816467285156,296.61754086589866,281.74339590875957,296.1271750879496,90428900,MSFT
2022-01-27,288.2910461425781,295.46370078193985,286.4546101746923,291.0024351218943,53481300,MSFT
2022-01-28,296.38677978515625,296.5983072336974,283.1087009699881,288.666071926605,49743700,MSFT
2022-01-31,299.0020446777344,300.34811523788875,294.5695920371354,297.05023502997614,46444500,MSFT
2022-02-01,296.8675537109375,298.6655225486515,293.37736510025144,298.45399507702996,40950400,MSFT
2022-02-02,301.38653564453125,302.98260138344097,296.98295520702135,297.7040676548464,36636000,MSFT
2022-02-03,289.6468200683594,299.2424331685659,288.4064984985747,297.5694324128608,43730000,MSFT
2022-02-04,294.1561279296875,296.9059553802916,288.4160729228112,288.64681946632084,35096500,MSFT
2022-02-07,289.3583068847656,295.9829091831595,288.34873217729285,294.3772490807872,28533300,MSFT
2022-02-08,292.8293151855469,293.79079836630905,288.3968918064597,289.64680820459523,32421200,MSFT
2022-02-09,299.22314453125,299.9154135304483,295.5503014236904,297.9347607103794,31284700,MSFT
2022-02-10,290.7332763671875,297.2136633368289,289.1179917352157,292.3293418995418,45386200,MSFT
2022-02-11,283.67596435546875,292.5696824760353,282.8875412205064,291.51204526354115,39175600,MSFT
2022-02-14,283.6375427246094,285.3297625384846,280.12813492881736,282.45490783075724,36359500,MSFT
2022-02-15,288.8968200683594,289.2140965718555,285.57969173022536,288.4545460706531,27058300,MSFT
2022-02-16,288.5596008300781,289.8795515618136,282.95219184742473,287.47087375855756,29982100,MSFT
2022-02-17,280.1099853515625,285.958233038907,279.40664080865434,285.53430336959343,32461600,MSFT
2022-02-18,277.4122619628906,283.12563925409984,275.85144328731116,282.34522991631013,34264000,MSFT
2022-02-22,277.2099304199219,280.8903974019096,274.1075520292779,274.58928762159644,41736100,MSFT
2022-02-23,270.0320739746094,281.04457259903455,269.86830032930663,279.58007749575995,37811200,MSFT
2022-02-24,283.8290100097656,284.3781957137695,261.6017198059236,262.55557639782796,56989700,MSFT
2022-02-25,286.4496154785156,286.7579333141939,280.99636504653614,284.35889947396316,32546700,MSFT
2022-02-28,287.8755798339844,288.2128006483137,282.2970731254426,283.559218096748,34627500,MSFT
2022-03-01,284.17584228515625,289.01245712557574,281.47810528267394,285.5728578838848,31217800,MSFT
2022-03-02,289.224365234375,290.4576069527269,282.9714477799345,284.5707837842269,31873000,MSFT
2022-03-03,285.11041259765625,292.05703176941057,283.30869674167064,291.82580808856017,27314500,MSFT
2022-03-04,279.2716979980469,284.8598476008339,276.6799879839054,283.539896997228,32356500,MSFT
2022-03-07,268.72174072265625,279.10795849514665,268.3556169829133,277.99032843801785,43157200,MSFT
2022-03-08,265.7735290527344,273.58726615536074,260.1372168079997,267.6522801991081,48159500,MSFT
2022-03-09,277.96142578125,279.0212499230222,270.52342735372963,273.0862641319039,35204500,MSFT
2022-03-10,275.1577453613281,276.1308607136372,270.33074508462164,272.6816172407287,30628000,MSFT
2022-03-11,269.83941650390625,278.9345880109205,269.2227807529442,277.44118984064033,27209300,MSFT
2022-03-14,266.3419494628906,274.97464216380376,265.7446020938021,270.0994808190958,30660700,MSFT
2022-03-15,276.6607666015625,277.3063052834026,268.54835505285934,270.1091737905865,34245100,MSFT
2022-03-16,283.6363220214844,283.80973979385806,272.8550761301039,278.54916547604324,37826300,MSFT
2022-03-17,284.43597412109375,284.81171260660994,278.7996616158856,282.5764817272433,30816600,MSFT
2022-03-18,289.4555969238281,290.0047824722256,282.0368875720342,284.580435823197,43390600,MSFT
2022-03-21,288.2320556640625,289.17626805109586,284.1276588300462,287.9719290179041,28351200,MSFT
2022-03-22,292.95306396484375,293.85872928601555,287.85629285362114,288.8486670583763,27599700,MSFT
2022-03-23,288.5499267578125,292.1533283713497,286.84459363513463,289.5326860173236,25715400,MSFT
2022-03-24,292.9916076660156,293.0879606698215,287.4227451186162,288.2127985858923,24484500,MSFT
2022-03-25,292.58697509765625,294.34050002683153,288.3573511232307,294.0803733450445,22566500,MSFT
2022-03-28,299.3504638671875,299.44678744893827,293.2131286444829,293.2131286444829,29578200,MSFT
2022-03-29,303.888427734375,304.2834544196327,297.7607361570676,302.44322106271255,30393400,MSFT
2022-03-30,302.3949890136719,304.40866924528797,300.198276345619,302.29866543748443,28163600,MSFT
2022-03-31,297.04779052734375,303.6283150055242,296.643149106342,302.4335907750661,33422100,MSFT
2022-04-01,298.11724853515625,298.8013048013512,294.37897586444814,298.0690573372068,27110500,MSFT
2022-04-04,303.4645080566406,303.5993787276326,298.39664041936675,298.76276415932574,24289600,MSFT
2022-04-05,299.5239562988281,303.36819729800135,298.550840896908,301.8266373690895,23156700,MSFT
2022-04-06,288.5596008300781,295.7856342398464,285.8715081688589,294.04175386251336,40110400,MSFT
2022-04-07,290.3612976074219,292.5580106672026,285.5246829888432,285.8233566950077,31411200,MSFT
2022-04-08,286.12200927734375,290.1204083993762,285.4572118764955,289.46525511827485,24361900,MSFT
2022-04-11,274.8398132324219,281.9213032700954,274.58930130303617,281.13127920546333,34569300,MSFT
2022-04-12,271.7566833496094,280.1196062790801,270.2440265143357,278.6743994842394,30966700,MSFT
2022-04-13,277.1135559082031,278.0384799408657,271.0244114373308,272.40219747053607,21907200,MSFT
2022-04-14,269.6080627441406,277.7783069773566,269.1167125540132,277.5663421924467,28221600,MSFT
2022-04-18,270.27294921875,272.1420858288505,268.1725889134815,268.72177459231517,20778000,MSFT
2022-04-19,274.8782653808594,275.7165098517803,268.2399654599824,269.17453350895715,22297700,MSFT
2022-04-20,275.899658203125,279.1176785794068,274.94583091837654,278.8286195154006,22906700,MSFT
2022-04-21,270.5523986816406,282.58614693419463,269.82979513911937,278.0385607971482,29454600,MSFT
2022-04-22,264.0200500488281,272.8550951713469,263.393799558569,271.39059991716476,29405800,MSFT
2022-04-25,270.46563720703125,270.8413756866367,260.87908697872507,263.3070532274066,35678900,MSFT
2022-04-26,260.3492126464844,268.19185364215673,260.13724778699,267.36328244773966,46518400,MSFT
2022-04-27,272.87432861328125,280.34123080111425,268.9626376903315,271.7952455176826,63477700,MSFT
2022-04-28,279.05010986328125,280.3508015911793,271.1785388721603,274.7722962798131,33646600,MSFT
2022-04-29,267.3824768066406,279.2909943451643,266.3997469147851,278.0673672865681,37073900,MSFT
2022-05-02,274.0785827636719,274.5314152870126,266.12994741338053,267.56550972229473,35151100,MSFT
2022-05-03,271.4869079589844,273.7510711128351,269.9164452309345,273.58726807497914,25978600,MSFT
2022-05-04,279.38739013671875,280.25450833918546,266.62139669213593,272.26732383050563,33599300,MSFT
2022-05-05,267.2186584472656,275.8898964970235,264.31860164617336,275.10948742476916,43260400,MSFT
2022-05-06,264.6944885253906,269.049368342921,261.3608565604997,264.77155329439324,37780300,MSFT
2022-05-09,254.91517639160156,262.4109805408289,253.70122277240785,260.19500872248045,47726000,MSFT
2022-05-10,259.6555480957031,263.750301637101,255.38737675510967,261.76555286102507,39336400,MSFT
2022-05-11,251.03244018554688,261.44756278263503,249.82810103784647,255.97505275215912,48975900,MSFT
2022-05-12,246.02235412597656,250.38687708360916,240.88705133910193,248.27687299785254,51033800,MSFT
2022-05-13,251.58164978027344,253.43152782401694,246.02243033167414,247.94937315095052,34925100,MSFT
2022-05-16,251.94772338867188,256.10992610515103,246.43666684818785,250.46396948086246,32550900,MSFT
2022-05-17,257.07342529296875,258.52824699584437,252.87267503794862,256.3893394840578,28828800,MSFT
2022-05-18,245.3689422607422,254.56255593288276,244.10385759056012,253.98312086554714,31356000,MSFT
2022-05-19,244.4611358642578,248.8358391110842,243.2443400632524,245.19507408358177,32692300,MSFT
2022-05-20,243.90103149414062,249.6760190694131,237.99085911430905,248.42057161150723,39199300,MSFT
2022-05-23,251.713623046875,252.5344867374103,244.74115917492952,246.7305445650261,33175400,MSFT
2022-05-24,250.7189178466797,252.37028220692758,244.80874689734424,249.04824979653543,29043900,MSFT
2022-05-25,253.51954650878906,255.508917485171,248.31435684807386,249.28973864171456,28547900,MSFT
2022-05-26,256.78369140625,257.95219866287647,252.4669428526963,253.27814016507855,25002100,MSFT
2022-05-27,263.8720397949219,263.96861721941957,258.3867839504424,259.2752549960121,26910800,MSFT
2022-05-31,262.5489807128906,265.3495488346776,259.70977573202504,263.1863562668899,37827700,MSFT
2022-06-01,263.0802001953125,268.16950970418117,260.78179284572826,265.76488780764225,25292200,MSFT
2022-06-02,265.1661376953125,265.233744850536,252.6311699024097,255.38346485409735,44008200,MSFT
2022-06-03,260.762451171875,264.0748772583433,259.20766358686035,261.04251687853196,28059000,MSFT
2022-06-06,259.53594970703125,264.7797759619563,258.0584066884809,262.73246453455715,22400300,MSFT
2022-06-07,263.15740966796875,263.76581500022235,256.82231988834405,257.49833236224606,22860700,MSFT
2022-06-08,261.1390686035156,263.6402676057848,260.3664787079768,262.39448666074105,17372300,MSFT
2022-06-09,255.71170043945312,263.36014725410655,255.5571824924227,258.5991790544163,26439700,MSFT
2022-06-10,244.31629943847656,251.64605970485297,243.87206395245485,251.64605970485297,31422800,MSFT
2022-06-13,233.9541473388672,240.48239119497188,233.24917940412797,236.70644141538565,46135800,MSFT
2022-06-14,236.1077117919922,237.3148557778769,233.2298699199791,235.49930650770008,28651500,MSFT
2022-06-15,243.1284637451172,246.54710394987805,237.97154789524555,239.79674911112798,33111700,MSFT
2022-06-16,236.57127380371094,238.93727329741498,234.68813195099327,237.54664093367091,33169200,MSFT
2022-06-17,239.15936279296875,241.91165700040483,235.6634784930398,236.31050590715876,43084800,MSFT
2022-06-21,245.04058837890625,246.01595545881753,240.95560233610817,241.67988876042264,29928300,MSFT
2022-06-22,244.4514617919922,248.3529589492158,241.7860787526344,243.25396979346604,25939900,MSFT
2022-06-23,249.98501586914062,250.4775400388381,244.9343443692557,246.80783416507126,25861400,MSFT
2022-06-24,258.5220031738281,258.7924022848079,252.747014945619,252.83392578793828,33923200,MSFT
2022-06-27,255.80828857421875,259.10135115094255,254.253471928492,259.014440327957,24615100,MSFT
2022-06-28,247.6866455078125,257.7590479870569,247.53212753900692,254.92950951957212,27295500,MSFT
2022-06-29,251.3369903564453,252.9883547218029,246.9912582068129,248.75851839011293,20069800,MSFT
2022-06-30,248.02462768554688,250.63207057542505,244.22937393334024,248.23708621339836,31730900,MSFT
2022-07-01,250.6803436279297,250.86383187727745,245.88075254538774,247.59973919232516,22837700,MSFT
2022-07-05,253.83822631835938,253.96377399992517,246.00627607080364,247.3775897790424,22941000,MSFT
2022-07-06,257.0830383300781,258.8020102285566,253.4036657301254,254.70738716056056,23824400,MSFT
2022-07-07,259.1979675292969,259.8353431316474,255.9338452648158,256.0304226841945,20859900,MSFT
2022-07-08,258.48333740234375,258.9082544536916,254.26316663768768,255.71173945693104,19658800,MSFT
2022-07-11,255.44139099121094,257.3921254979939,253.1912575955396,256.5422912269058,19455200,MSFT
2022-07-12,244.9729766845703,256.82230649201273,243.39885616958918,256.76436593684815,35868500,MSFT
2022-07-13,244.05552673339844,244.8570720526818,239.60357943296265,241.6122686543637,29497400,MSFT
2022-07-14,245.3689422607422,246.39259810880876,237.5080204020861,241.97928690307253,25102800,MSFT
2022-07-15,247.91844177246094,251.44329684800084,246.0352998179171,246.95272643826956,29774100,MSFT
2022-07-18,245.53306579589844,251.89712481035676,244.6156393919706,250.8444988809621,20975000,MSFT
2022-07-19,250.632080078125,250.81556833510322,244.98263991671732,248.74892353389214,25012600,MSFT
2022-07-20,253.27810668945312,255.78897202237206,250.03331786878604,250.98936645500257,22788300,MSFT
2022-07-21,255.75997924804688,255.8082826850065,248.21774680153686,250.88312986354254,22404700,MSFT
2022-07-22,251.43359375,256.23319944277154,250.1878423691355,256.1462886118709,21881300,MSFT
2022-07-25,249.95608520507812,252.53455809641423,248.00535085353994,252.05170043274995,21056000,MSFT
2022-07-26,243.2636260986328,250.97004315253255,241.01352289869635,250.95070998904438,39348000,MSFT
2022-07-27,259.52630615234375,260.7913907687193,249.97539768074358,252.20619754450755,45994000,MSFT
2022-07-28,266.93328857421875,268.3142539608766,258.6860741639379,260.5016230921822,33459300,MSFT
2022-07-29,271.1148986816406,272.33170936707273,267.1458230211277,268.17914544538223,32152800,MSFT
2022-08-01,268.478515625,271.63639399506593,266.38290049065427,268.2950273632756,21539600,MSFT
2022-08-02,265.3978271484375,268.362579537139,263.04147997964446,266.53736387741355,22754200,MSFT
2022-08-03,272.78558349609375,273.7802690088794,267.12647689627147,267.2713577584934,23518900,MSFT
2022-08-04,273.9251403808594,274.0699917823572,270.5644699809408,272.1385611722735,18098700,MSFT
2022-08-05,273.2104797363281,273.92509952465934,269.1254939956156,269.57938130013923,16774600,MSFT
2022-08-08,270.7092590332031,276.11726939013334,269.74354395058293,274.3113574297538,18739200,MSFT
2022-08-09,272.62139892578125,273.3746556298809,268.09219211802474,270.05262233660574,23405200,MSFT
2022-08-10,279.2462463378906,279.87395540358807,277.1023571419585,278.29019759892526,24687800,MSFT
2022-08-11,277.1795959472656,281.2259454287706,276.6871011826993,280.8783020655473,20065900,MSFT
2022-08-12,281.9019775390625,281.9019775390625,277.1023709654231,278.5895808890098,22619700,MSFT
2022-08-15,283.4084777832031,284.09412741241835,280.1636589641089,281.02315975011504,18085700,MSFT
2022-08-16,282.6744689941406,283.958886627976,280.4630025536895,281.9791529178918,18102900,MSFT
2022-08-17,281.9293212890625,283.8938831580585,280.1389500408416,280.4002359720042,18253400,MSFT
2022-08-18,280.8163757324219,282.50027733774294,279.76148592010856,280.8357203997343,17186200,MSFT
2022-08-19,276.9259033203125,279.9259802339088,276.3549256082349,279.5872566328216,20570000,MSFT
2022-08-22,268.7967529296875,273.3549182202422,268.28383861490187,272.98716276174565,25061100,MSFT
2022-08-23,267.5289306640625,269.87090517738073,266.5224469010499,267.5289306640625,17527400,MSFT
2022-08-24,266.8999938964844,268.29357825746257,266.24189106268454,266.53223836596896,18137000,MSFT
2022-08-25,269.8612976074219,270.0258011315452,265.67085828538086,268.39027578883355,16583400,MSFT
2022-08-26,259.4482116699219,271.3033373231402,259.34177165663317,270.0839435194042,27549300,MSFT
2022-08-29,256.6803894042969,258.78042347023177,255.34486862600002,257.2803991374211,20338500,MSFT
2022-08-30,254.4931182861328,258.4415857939152,252.25758389365097,258.073859967287,22767100,MSFT
2022-08-31,253.04151916503906,258.4996984815058,252.90601788695525,256.835171011409,24791800,MSFT
2022-09-01,252.0060272216797,252.4802522057439,247.17688880265302,250.5253477936383,23263400,MSFT
2022-09-02,247.805908203125,256.20610147316614,246.26716536821394,253.26411708214042,22855400,MSFT
2022-09-06,245.08651733398438,249.51886860124202,243.81874738590238,247.9414362596074,21328200,MSFT
2022-09-07,249.77041625976562,250.48655276831138,245.05740636065093,246.48969414466157,24126700,MSFT
2022-09-08,250.18663024902344,252.03506518749612,246.57687045645707,249.20920755279656,20319900,MSFT
2022-09-09,255.93516540527344,256.68036347856776,251.89960123552532,252.10282364921977,22084700,MSFT
2022-09-12,258.0545654296875,258.828795252262,256.61260484004885,257.21261449388913,18747700,MSFT
2022-09-13,243.86712646484375,252.0060195193781,243.4800115748494,250.49630836570796,33353300,MSFT
2022-09-14,244.08970642089844,246.03490888980133,241.80578027171973,245.3574762961727,23913000,MSFT
2022-09-15,237.47019958496094,243.2961347228246,236.1540384880937,241.71868768706014,31530900,MSFT
2022-09-16,236.85081481933594,237.3927608644155,234.25719690326952,236.38627698047728,39791800,MSFT
2022-09-19,236.63790893554688,237.2379185278828,233.08621305250247,234.6539876734692,26826900,MSFT
2022-09-20,234.6346435546875,235.66047218929285,231.91522600942378,234.2669028613096,26660300,MSFT
2022-09-21,231.2474365234375,239.67667590576733,231.19904532157508,236.39595324962926,28625600,MSFT
2022-09-22,233.21200561523438,235.99917354124665,229.91193818738796,230.20225587391255,31061200,MSFT
2022-09-23,230.25062561035156,233.35715746883162,227.618303873853,231.81840003910415,34176000,MSFT
2022-09-26,229.7958221435547,233.66688257896323,229.26354838030127,229.4087220067833,27694200,MSFT
2022-09-27,228.78932189941406,234.00557453802256,226.9408872481293,232.24423519066093,27018700,MSFT
2022-09-28,233.2991485595703,234.51852731554808,227.16350637089323,229.1764596269769,29029700,MSFT
2022-09-29,229.84420776367188,232.215229269323,226.85381719409244,231.18940064159077,27484200,MSFT
2022-09-30,225.39248657226562,232.78621136819163,225.2279682767935,230.608739886535,35694800,MSFT
2022-10-03,232.97975158691406,233.82170241211634,227.0957386105692,227.8215623611014,28880400,MSFT
2022-10-04,240.8573760986328,242.28966427196394,237.08308345370094,237.18953820241006,34888400,MSFT
2022-10-05,241.16702270507812,242.50254306214893,236.23143031780648,238.0605054835281,20347100,MSFT
2022-10-06,238.83474731445312,242.27031644163847,238.14764234917035,239.93799895986987,20239900,MSFT
2022-10-07,226.6893310546875,233.54111060262892,225.65381517839606,233.13463621424836,37769600,MSFT
2022-10-10,221.86012268066406,226.99895238528188,219.42135078516142,225.53763257488384,29743600,MSFT
2022-10-11,218.1439208984375,221.67625738261597,216.8858233948525,220.28267336430167,30474000,MSFT
2022-10-12,218.47293090820312,220.51491548211942,216.7406381971181,218.1342072790965,21903900,MSFT
2022-10-13,226.6893310546875,228.48937495937486,212.0663979507328,212.7631900923489,42551800,MSFT
2022-10-14,221.19235229492188,229.59255965182822,220.9794428267959,227.94734744050535,30198600,MSFT
2022-10-17,229.8732147216797,231.2571263231049,227.5602570081076,228.21834487388986,28142300,MSFT
2022-10-18,230.8119659423828,236.06692311030656,227.78285659055385,235.39917762563184,26329600,MSFT
2022-10-19,228.85707092285156,231.88618020226818,226.7376631373762,229.39901697875123,19985700,MSFT
2022-10-20,228.53770446777344,233.53137553473397,227.29896641864062,228.16996380022994,21811000,MSFT
2022-10-21,234.3152618408203,235.16689978355862,226.9408971162325,227.17316603704901,26299700,MSFT
2022-10-24,239.27989196777344,239.85086976349376,233.52169327420833,235.90238686212638,24911200,MSFT
2022-10-25,242.5800018310547,242.94774252500142,237.9056946583769,239.28959165367502,34775500,MSFT
2022-10-26,223.8634033203125,230.61839877791698,222.64400998891642,223.718229712473,82543200,MSFT
2022-10-27,219.4407196044922,226.15701124638468,218.50198634809382,223.5924250678105,40424600,MSFT
2022-10-28,228.26670837402344,228.97318740219828,218.76326447934332,218.94714217799373,40647700,MSFT
2022-10-31,224.6472930908203,227.34735093033876,223.69887276321543,226.22473999169745,28357300,MSFT
2022-11-01,220.81494140625,228.1409296481597,220.0020223387947,227.03767812320683,30592300,MSFT
2022-11-02,213.0050811767578,223.84404616078317,212.94700287287873,222.0633621151271,38407000,MSFT
2022-11-03,207.34365844726562,213.3050945982589,207.08235775345725,212.9954026993864,36633900,MSFT
2022-11-04,214.25350952148438,214.4470595832424,206.55009302136054,210.53729517480699,36789100,MSFT
2022-11-07,220.52456665039062,221.04716792703155,214.14699997736892,214.83411950275402,33498000,MSFT
2022-11-08,221.49237060546875,224.18275612145348,218.5600438397234,221.32785232766216,28192500,MSFT
2022-11-09,217.27291870117188,221.26012061364744,217.098728086194,220.04072724111327,27852900,MSFT
2022-11-10,235.14755249023438,235.48627617138314,227.42479136911933,227.84092326094827,46268000,MSFT
2022-11-11,239.1444091796875,239.99604710310476,234.1313788126477,235.15722211445575,34620200,MSFT
2022-11-14,233.76364135742188,236.0475673740293,231.49907477577239,234.18946032496393,31123300,MSFT
2022-11-15,234.17010498046875,239.03796188941354,232.29263846364998,237.74116029609917,31390100,MSFT
2022-11-16,234.5970916748047,236.6060177766138,233.32574917375413,235.62581110898188,24093300,MSFT
2022-11-17,234.54856872558594,236.07224872369898,230.61808681154827,230.76365473112853,23123500,MSFT
2022-11-18,234.10218811035156,236.54783321127658,231.97680729240216,236.32460928740483,27613500,MSFT
2022-11-21,234.90771484375,237.45040047944775,234.07309069338916,234.30599941816118,26394700,MSFT
2022-11-22,237.7997283935547,238.0714650543678,233.6072093349116,236.40221710449453,19665700,MSFT
2022-11-23,240.27452087402344,240.9538626225825,237.06219325627018,237.87740335454106,19508500,MSFT
2022-11-25,240.18716430664062,241.3614517929226,239.44958062083853,240.01246797791015,9200800,MSFT
2022-11-28,234.62623596191406,239.37194317865058,233.69457155598104,238.81877021422886,24778200,MSFT
2022-11-29,233.23841857910156,235.62582136830417,231.1809796211648,234.27683765009397,17956300,MSFT
2022-11-30,247.61141967773438,247.7958155951577,232.78229762918565,233.47135371926146,47594200,MSFT
2022-12-01,247.1746826171875,248.56247947765692,243.51592255366535,246.3788718348064,26041500,MSFT
2022-12-02,247.4949493408203,248.50425481236772,242.32222362886404,242.44839236600893,21528500,MSFT
2022-12-05,242.81716918945312,246.3303613663216,240.74031627098933,244.57375787361877,23435300,MSFT
2022-12-06,237.88706970214844,244.42819318650004,236.58661356400265,243.41888770234414,22463700,MSFT
2022-12-07,237.15919494628906,238.89638442921668,235.06294286518101,237.60562791314456,20481500,MSFT
2022-12-08,240.0997772216797,241.40024809384906,235.8878444020433,237.61531942592248,22611800,MSFT
2022-12-09,238.17825317382812,240.98297573692605,236.95543802882835,237.4794974313884,20609700,MSFT
2022-12-12,245.05902099609375,245.08813458227053,239.87659533709365,240.14833201376896,30665100,MSFT
2022-12-13,249.33888244628906,256.13232821113195,245.60248135221084,253.96811982675712,42196900,MSFT
2022-12-14,249.6300506591797,254.84158999041878,246.8059142850901,249.54270989920707,35410900,MSFT
2022-12-15,241.66233825683594,246.69919682965315,240.0416175175289,246.2333645641647,35560400,MSFT
2022-12-16,237.4697723388672,242.4678019516118,236.3245836806278,241.21587335248572,86102000,MSFT
2022-12-19,233.35487365722656,237.9744265437408,231.6662265103739,237.6347483108368,29696400,MSFT
2022-12-20,234.66506958007812,235.74231675615167,231.38480046926088,232.33587889229094,25150800,MSFT
2022-12-21,237.21743774414062,238.37232600874938,233.02491849714485,234.55829818550004,23690600,MSFT
2022-12-22,231.16159057617188,234.84946471293264,226.96905623748663,234.14099458820857,28651700,MSFT
2022-12-23,231.68563842773438,231.8215067666557,227.0369865095698,229.14295316711923,21207000,MSFT
2022-12-27,229.96786499023438,231.87972122287346,228.87120393787913,231.65651213728756,16688600,MSFT
2022-12-28,227.6095733642578,232.64643111207874,227.26019552023155,229.89993593986588,17457100,MSFT
2022-12-29,233.8983612060547,234.7815128184782,228.69652150065144,228.69652150065144,19770700,MSFT
2022-12-30,232.7434844970703,232.87935283490333,229.6767250905103,231.1809912077217,21938500,MSFT
2023-01-03,232.5105743408203,238.49851075863083,230.39489317769917,235.90729779007853,25740000,MSFT
2023-01-04,222.33978271484375,225.9985278733158,219.2924376104367,225.4259409938991,50623400,MSFT
2023-01-05,215.75015258789062,220.83553784778456,215.21637883212745,220.4958596008794,39585600,MSFT
2023-01-06,218.2928466796875,219.09835714227594,212.87751216247153,216.4198034707522,43613600,MSFT
2023-01-09,220.418212890625,224.41665135349578,219.7291716302323,219.76798480761224,27369800,MSFT
2023-01-10,222.09715270996094,224.48455530245445,220.62200037429594,221.03930492500658,27033900,MSFT
2023-01-11,228.81298828125,228.98766979827053,224.2904903213458,224.4651718383663,28669300,MSFT
2023-01-12,231.47210693359375,232.82109060207105,226.6681731391479,228.31800704319014,27269500,MSFT
2023-01-13,232.17088317871094,232.30675151679418,227.98806347571494,230.00668936190732,21333300,MSFT
2023-01-17,233.2578125,233.80128577732816,230.09399836499716,230.94803626281922,29831300,MSFT
2023-01-18,228.851806640625,235.22794870990262,228.57037036509706,234.4418522484385,30028700,MSFT
2023-01-19,225.08627319335938,228.57035182284125,223.87315781209423,226.88168988104673,28623000,MSFT
2023-01-20,233.1316680908203,233.63632824749806,227.59015038517927,227.92982862321074,35389800,MSFT
2023-01-23,235.42201232910156,237.93558370839386,232.5784623295547,233.98568794215404,31934000,MSFT
2023-01-24,234.89794921875,236.7515930613996,233.34517042755766,235.34438219144687,40234400,MSFT
2023-01-25,233.51016235351562,236.1207891156233,224.08667522306712,227.5610395748184,66526600,MSFT
2023-01-26,240.68206787109375,240.98291808656688,234.85911461614793,236.46042083784369,33454500,MSFT
2023-01-27,240.83740234375,242.45812290706542,239.54664564896942,241.6429128288479,26498900,MSFT
2023-01-30,235.54818725585938,238.35290934630353,235.0532267167277,237.2950615090347,25867400,MSFT
2023-01-31,240.4976806640625,240.63354898590805,235.78108776494383,236.26633388704025,26541100,MSFT
2023-02-01,245.29196166992188,247.6502511666021,238.2267779645673,240.68212262765826,31259900,MSFT
2023-02-02,256.792236328125,256.87957707013254,249.65911289346886,251.1827927216543,39940400,MSFT
2023-02-03,250.72669982910156,256.40408589321055,249.51358441442338,251.88158807324123,29077300,MSFT
2023-02-06,249.1932830810547,250.6781350311893,247.26201299101024,249.84352591670253,22518000,MSFT
2023-02-07,259.6649169921875,260.83920438047807,252.40562393796253,252.84235731907512,50841400,MSFT
2023-02-08,258.8594055175781,268.5934414880708,258.354730598475,265.1384914873045,54686000,MSFT
2023-02-09,255.8411865234375,265.8955025899572,255.0453756946998,265.72079145937573,42375100,MSFT
2023-02-10,255.33653259277344,256.2973105018647,252.96852898785733,253.81285255852234,25818500,MSFT
2023-02-13,263.31402587890625,266.49724001770915,259.26705921966635,259.7426206728503,44630900,MSFT
2023-02-14,264.1388854980469,266.85625191813295,261.33414871350027,264.62413161713886,37047900,MSFT
2023-02-15,262.0276794433594,263.39950469785816,258.9726863891012,261.0547562578646,28922400,MSFT
2023-02-16,255.05178833007812,259.5175018592182,254.80855755164183,256.8711498021807,29603600,MSFT
2023-02-17,251.07257080078125,253.04760380497552,249.068351286821,252.36657534668234,30000100,MSFT
2023-02-21,245.82850646972656,248.57215705654002,244.7777476181148,247.58949511011687,28397400,MSFT
2023-02-22,244.69992065429688,247.45329522642257,243.5616022361045,247.2100644145277,22491100,MSFT
2023-02-23,247.87164306640625,249.88558633204974,243.69779430491118,248.64024584758673,29219100,MSFT
2023-02-24,242.471923828125,244.20372595601927,241.38225458242883,243.19189234867713,24990900,MSFT
2023-02-27,243.38645935058594,245.97443849874284,242.63730436651332,245.62418557007777,21190000,MSFT
2023-02-28,242.66650390625,244.68046206564443,241.99518451978517,242.32598969202303,22491000,MSFT
2023-03-01,239.60179138183594,244.13560203633548,239.1347775749903,243.97020688018864,27565300,MSFT
2023-03-02,244.3107452392578,244.5928864350576,238.95966764159195,239.8742178244938,24808200,MSFT
2023-03-03,248.3775634765625,248.69862992215678,244.58316883886687,245.3615103876745,30760100,MSFT
2023-03-06,249.91473388671875,253.076733733222,249.0488329841168,249.48664537835333,24109800,MSFT
2023-03-07,247.2684326171875,250.7125891600785,246.52901630785823,249.3602116204825,21473200,MSFT
2023-03-08,246.83059692382812,247.64784879607657,244.0188496513126,247.16138722750551,17340200,MSFT
2023-03-09,245.48797607421875,252.53193017156482,244.76800759955387,248.8932070956166,26653400,MSFT
2023-03-10,241.85897827148438,245.9452528022764,240.89579379056408,244.28156241943404,28333900,MSFT
2023-03-13,247.04466247558594,250.9266314715002,239.07641892091627,240.701198918384,33339700,MSFT
2023-03-14,253.72866821289062,254.00108554117946,248.93214876608812,249.79804988364143,33620300,MSFT
2023-03-15,258.252685546875,259.2645337884642,252.19136451987217,252.94053423822598,46028000,MSFT
2023-03-16,268.7214050292969,269.07164313641664,256.1512239726221,258.0289586598438,54768800,MSFT
2023-03-17,271.8639221191406,275.65831665347815,268.8381452248547,270.7256186044692,69527400,MSFT
2023-03-20,264.8588562011719,269.96670228330714,262.543294560003,269.4802407516752,43466600,MSFT
2023-03-21,266.366943359375,267.5539109885018,262.2222805461307,267.43716494158167,34558700,MSFT
2023-03-22,264.917236328125,273.43031336043435,264.81019934883693,265.9971667055635,34873300,MSFT
2023-03-23,270.141845703125,273.44977847868375,267.7484630649204,270.41426299778846,36610900,MSFT
2023-03-24,272.97308349609375,273.03145651581804,267.8263111878216,269.7332324450906,28172000,MSFT
2023-03-27,268.896484375,273.8389205347129,268.0597550905618,272.90492269572303,26840200,MSFT
2023-03-28,267.7776184082031,268.66298193563654,264.68370058234905,268.32245293412296,21878600,MSFT
2023-03-29,272.9147033691406,273.5276497515444,270.87155865821495,271.4066545555062,25087000,MSFT
2023-03-30,276.3587951660156,276.7576972006701,273.8584053599599,276.53394388967973,25053400,MSFT
2023-03-31,280.4937438964844,281.4374805787577,275.33726286422353,276.04750748202,32766000,MSFT
2023-04-03,279.45269775390625,280.46451634607917,276.26151134425334,278.7619010121522,24883300,MSFT
2023-04-04,279.4040832519531,282.5855611844231,277.93498937950386,279.4527472277195,25824300,MSFT
2023-04-05,276.6409606933594,279.3748723279069,275.25942646851195,278.11008412867955,22064800,MSFT
2023-04-06,283.704345703125,284.1713297291427,274.3934656981096,275.5415076837403,29770300,MSFT
2023-04-10,281.55426025390625,281.75856581319096,277.00095709388467,281.3791115118309,23103000,MSFT
2023-04-11,275.171875,278.2366070491665,274.01412362630157,278.0128240085293,27276600,MSFT
2023-04-12,275.8139343261719,279.23864232032844,274.32536331001984,277.07875205265157,27403400,MSFT
2023-04-13,281.99200439453125,282.0503774003979,275.50262448189994,275.9112355229667,24222700,MSFT
2023-04-14,278.3922424316406,280.66887902365164,276.00856885442937,279.22894208294247,20987900,MSFT
2023-04-17,280.9801940917969,283.7043967289592,278.4116924129814,282.07960200286976,23836200,MSFT
2023-04-18,280.56182861328125,283.86005216252715,279.23866745372095,283.6751943988744,20161800,MSFT
2023-04-19,280.6396789550781,281.22340905975057,276.8355460862607,278.2462667608946,17150300,MSFT
2023-04-20,278.363037109375,281.20398586251105,277.3609274204324,277.52633742538336,23244400,MSFT
2023-04-21,278.02252197265625,278.51869257683563,275.3956176560884,277.2928296281938,21676400,MSFT
2023-04-24,274.14056396484375,277.234482358,271.173160031667,274.45190651995864,26611000,MSFT
2023-04-25,267.9624938964844,273.9751515427264,267.91382992661585,271.941745821894,45772200,MSFT
2023-04-26,287.3722839355469,291.4585727273819,284.8037824567908,288.6662882525056,64599200,MSFT
2023-04-27,296.5762023925781,296.93620896142227,287.2556100567553,287.95611603438334,46462600,MSFT
2023-04-28,298.9403381347656,300.5651029592613,295.097280309873,295.7783383038111,36469600,MSFT
2023-05-01,297.2863464355469,300.244040638563,296.88744444671465,298.65817141433473,21294100,MSFT
2023-05-02,297.14044189453125,300.8083512230657,295.6810572722288,299.42681707438953,26404400,MSFT
2023-05-03,296.1578063964844,300.25380462015016,295.8562025897096,298.3176970170622,22360800,MSFT
2023-05-04,297.14044189453125,299.42681707438953,295.1848569994441,297.9479549880525,22519900,MSFT
2023-05-05,302.23858642578125,303.5228521768905,296.03133165334634,297.442082171176,28197100,MSFT
2023-05-08,300.292724609375,301.8007733081372,297.8020437181864,301.7326615616671,21318600,MSFT
2023-05-09,298.6874084472656,301.6451031506541,298.0160890953245,299.66033160181695,21340800,MSFT
2023-05-10,303.8536071777344,304.5249264836218,299.33925948976275,300.26351860842567,30078000,MSFT
2023-05-11,301.71319580078125,302.695857722587,297.9674652772338,301.7034867589505,31680200,MSFT
2023-05-12,300.60406494140625,302.2385686971637,298.29824184109515,302.14127044452766,19774700,MSFT
2023-05-15,301.080810546875,301.50889913783726,299.26144888091557,300.7305724404115,16336500,MSFT
2023-05-16,303.2990417480469,305.2157014683238,301.4407550392499,301.4407550392499,26730300,MSFT
2023-05-17,306.16571044921875,306.5849748220485,302.98703781876026,304.49838322404014,24315000,MSFT
2023-05-18,310.57293701171875,311.07998209113083,305.89270858681226,306.68249676156313,27276000,MSFT
2023-05-19,310.3974304199219,310.7972045125446,308.47658062453104,308.83734438329236,27546700,MSFT
2023-05-22,313.16656494140625,314.5413890695808,310.0756729757329,310.65094892902596,24115700,MSFT
2023-05-23,307.3942565917969,314.66812088311536,307.38449657033,312.0452341385488,30797200,MSFT
2023-05-24,306.0194396972656,308.6033161721185,304.8103574976606,306.8774884337067,23384900,MSFT
2023-05-25,317.7882995605469,318.7438294879401,312.0159906409768,315.1751430242443,43301700,MSFT
2023-05-26,324.5844421386719,325.0816974555801,315.79923121389265,315.93572275471354,36630600,MSFT
2023-05-30,322.9463195800781,327.3632951279749,322.2735326633113,326.866039835357,29503100,MSFT
2023-05-31,320.1967468261719,327.5583638731274,319.1631662469999,323.9994366236467,45950600,MSFT
2023-06-01,324.2821044921875,325.2084138620462,316.61822604492374,317.7980281716673,26773900,MSFT
2023-06-02,327.03179931640625,329.07941048845686,324.2529005654924,325.9104976467162,25873800,MSFT
2023-06-05,327.5582580566406,330.11288397336966,326.31019540433937,326.8562209549611,21307100,MSFT
2023-06-06,325.3546447753906,327.0024814933911,323.8823396547661,326.9634711655118,20396200,MSFT
2023-06-07,315.3116455078125,326.14443575419256,314.4535968237107,323.37529757305805,40717100,MSFT
2023-06-08,317.144775390625,318.4903491637824,315.28242630303987,315.85770223750364,23277700,MSFT
2023-06-09,318.6366271972656,321.7567696311191,316.3160032224107,316.8815191818162,22529000,MSFT
2023-06-12,323.5703430175781,323.81410551348466,317.0472562466259,320.3819105271756,24260300,MSFT
2023-06-13,325.9494323730469,328.57231892797256,322.1467437962909,326.1249342097831,22951300,MSFT
2023-06-14,328.9234313964844,330.58102864146844,324.5064551740273,325.9982807920447,26003800,MSFT
2023-06-15,339.4149169921875,341.1114945004108,328.78687775426107,329.0598905688736,38899100,MSFT
2023-06-16,333.7889099121094,342.70088270371474,333.4184158445692,342.55463113018976,46552000,MSFT
2023-06-20,329.6156005859375,333.54505041870027,327.48023896465304,330.8441729587754,26375400,MSFT
2023-06-21,325.2376708984375,329.30364243212927,323.78485594149885,327.9775589781728,25117800,MSFT
2023-06-22,331.2342834472656,331.6340575859297,325.02321865294914,325.78375659192324,23556800,MSFT
2023-06-23,326.6612548828125,329.5279043913859,325.13044892910204,326.01771828331994,23146900,MSFT
2023-06-26,320.40142822265625,327.7240333118318,320.29415725203825,325.39367934124914,21520600,MSFT
2023-06-27,326.2225341796875,327.76310031619386,321.0840008711868,323.58012686208883,24354100,MSFT
2023-06-28,327.4705505371094,329.5474118113246,325.48144019271336,326.3102386492254,20259500,MSFT
2023-06-29,326.6905517578125,327.7241025708121,324.32118695571927,326.35903826648905,16997000,MSFT
2023-06-30,332.04351806640625,334.17887983586667,328.78685480648323,329.32312037613315,26832800,MSFT
2023-07-03,329.55712890625,332.3945278816647,328.17257461621756,330.7272007694062,12508700,MSFT
2023-07-05,329.713134765625,333.1258095919121,326.37848059881856,326.72948429799266,18172400,MSFT
2023-07-06,332.75531005859375,334.43239728548525,327.1292821478824,328.88436028376566,28161200,MSFT
2023-07-07,328.8064270019531,333.26241352176123,328.5919147694236,330.8540383567949,21214800,MSFT
2023-07-10,323.5508117675781,326.86600540201454,319.4166095021663,326.25171917261997,32791400,MSFT
2023-07-11,324.1748962402344,324.55515029230673,318.84137119543414,322.80007207810127,26698200,MSFT
2023-07-12,328.786865234375,333.1258197926784,327.29503995487715,328.20182929500714,29995300,MSFT
2023-07-13,334.1106262207031,335.16366709536976,330.5614300476907,331.0879653631058,20567200,MSFT
2023-07-14,336.62628173828125,342.661844143398,335.7194923009407,338.91765538868515,28352700,MSFT
2023-07-17,337.1040344238281,338.33257714303016,333.6621092446477,337.05526407197954,20363900,MSFT
2023-07-18,350.52069091796875,357.62881326178683,333.63284869185065,337.20150526147,64738600,MSFT
2023-07-19,346.2207336425781,353.4166072525743,343.64661716979606,352.72433009882633,39732900,MSFT
2023-07-20,338.2155456542969,349.03860522679815,336.75297084061185,344.74839172455427,33778400,MSFT
2023-07-21,335.19293212890625,341.56000752112044,331.35123269865875,340.43870595783125,69405400,MSFT
2023-07-24,336.4995422363281,338.2644103795848,333.7694137248581,337.22109957992086,26678100,MSFT
2023-07-25,342.22308349609375,343.11038262849917,336.4605340248674,338.4496147386664,41637700,MSFT
2023-07-26,329.34259033203125,336.0704583718103,324.7988542780453,332.92103651777114,58383700,MSFT
2023-07-27,322.468505859375,332.8137710712754,320.8401594248719,331.98500245672983,39635300,MSFT
2023-07-28,329.9276428222656,331.52673900384514,324.85740099740747,325.3449259664994,28484900,MSFT
2023-07-31,327.53887939453125,329.27446757680536,325.04272348309354,328.5139296038127,25446000,MSFT
2023-08-01,327.9483337402344,330.093455775555,325.374217054016,326.8270321220212,18311900,MSFT
2023-08-02,319.328857421875,325.3059183538415,318.2172862001048,325.3059183538415,27761300,MSFT
2023-08-03,318.5098571777344,321.6495195711113,317.81757996467144,317.86632056535905,18253700,MSFT
2023-08-04,319.60186767578125,326.7782506968959,319.0753323772253,323.5995783751702,23741500,MSFT
2023-08-07,321.8737487792969,322.8487988022052,319.3483727907042,320.17717126140934,17741500,MSFT
2023-08-08,317.9150390625,320.54768595225426,314.9411484793251,318.80233812895545,22327600,MSFT
2023-08-09,314.1903991699219,318.9486185830014,313.0398174565163,318.324602002666,22373300,MSFT
2023-08-10,314.8729248046875,320.06995855318496,313.16658711260004,317.88582607311884,20113700,MSFT
2023-08-11,313.00079345703125,314.36585743355505,311.2456856962181,312.2695059957332,24355500,MSFT
2023-08-14,315.9552001953125,315.974690482468,312.09398089474894,313.37132372944086,18836100,MSFT
2023-08-15,313.8295593261719,316.97898134379494,312.8935197157339,314.9411305404492,16966300,MSFT
2023-08-16,313.06744384765625,316.9954627703804,312.4811692512175,313.4582836388938,20698900,MSFT
2023-08-17,309.6280212402344,314.50381263909213,308.9733414603899,313.20426358487214,21257200,MSFT
2023-08-18,309.2371826171875,311.0936940527994,304.4199858602723,307.29270464284144,24755000,MSFT
2023-08-21,314.5135803222656,315.3831966115051,309.78435031765304,310.65396660689254,24040000,MSFT
2023-08-22,315.0802917480469,318.61744100027846,314.1031773769701,318.0507277854862,16084600,MSFT
2023-08-23,319.51641845703125,321.66608212966844,316.05742502712076,316.40920172771865,21166400,MSFT
2023-08-24,312.6473388671875,325.35960850603135,312.63755817970616,325.2325788454507,23281400,MSFT
2023-08-25,315.5884094238281,317.91391657239774,311.5040487015702,314.11295718549064,21684100,MSFT
2023-08-28,316.2919006347656,318.68581270104596,314.3572036482765,318.2070362516221,14808500,MSFT
2023-08-29,320.8941345214844,321.45109687018396,314.51357886440167,314.51357886440167,19284600,MSFT
2023-08-30,321.2654724121094,322.262118428765,318.97902814860515,321.14822344769897,15222100,MSFT
2023-08-31,320.2590026855469,323.33690686450706,319.30141990622377,321.6660497077852,26411000,MSFT
2023-09-01,321.13836669921875,324.39214396761776,319.3013871740993,323.727713447218,14942000,MSFT
2023-09-05,325.9164733886719,327.1867399112931,321.13839981294905,321.47061510740485,18553900,MSFT
2023-09-06,325.2618713378906,326.8056990885685,322.6236503266788,325.7504285755841,17535800,MSFT
2023-09-07,322.3598327636719,325.4572688809115,321.4999672739755,323.70825547986243,18381000,MSFT
2023-09-08,326.6200256347656,328.4667861972207,321.92010767166425,322.5356945258159,19530100,MSFT
2023-09-11,330.2060241699219,330.6750497904705,327.75345762157895,329.52203220068384,16583300,MSFT
2023-09-12,324.1772766113281,329.0824106320826,323.89393486766744,328.13460834601074,17565500,MSFT
2023-09-13,328.3690490722656,329.1409777651763,323.59097536312447,323.7277558674077,16544400,MSFT
2023-09-14,330.94866943359375,333.0592103619418,328.8674109262189,331.38835303568044,20267000,MSFT
2023-09-15,322.6627197265625,329.6783939916595,322.1057573596053,329.20939816193993,37679800,MSFT
2023-09-18,321.5293273925781,322.83865737625007,318.8911060489949,320.29815345634984,16834200,MSFT
2023-09-19,321.128662109375,321.85174708859677,317.0834237409372,318.7054373268487,16505900,MSFT
2023-09-20,313.42901611328125,322.0471733986375,313.17498661327795,321.9690173569062,21436500,MSFT
2023-09-21,312.2173156738281,317.9041277757012,307.79098930609734,311.95350556074925,35560400,MSFT
2023-09-22,309.7550354003906,314.0934255806642,308.9147015377864,313.96639594173394,21447900,MSFT
2023-09-25,310.27288818359375,310.3999178157117,307.7910094721355,309.34461765593346,17836000,MSFT
2023-09-26,304.9964904785156,308.6508886408052,302.92498298833925,307.9180528712019,26297600,MSFT
2023-09-27,305.63165283203125,307.10707545013054,302.60259191792346,305.15284644995364,19410100,MSFT
2023-09-28,306.4621887207031,308.2600757204857,302.3680768122536,303.8728115871533,19683600,MSFT
2023-09-29,308.52386474609375,312.1587314237549,307.77149741019485,310.4780935014134,24147300,MSFT
2023-10-02,314.4354248046875,314.5233913479347,307.96693177846345,309.0417636602757,20570000,MSFT
2023-10-03,306.2178955078125,314.03481069195016,304.0877634575696,313.48759919542874,21033500,MSFT
2023-10-04,311.6603698730469,312.7156700194833,306.81389127739357,306.84320351373003,20720100,MSFT
2023-10-05,312.05120849609375,312.6570444101147,307.6932870679997,311.7873983700248,16965600,MSFT
2023-10-06,319.7705383300781,321.65636237973723,309.0613406837915,309.30561933745213,25673600,MSFT
2023-10-09,322.27191162109375,322.7409074969346,315.7838570263933,317.3179339483483,19891200,MSFT
2023-10-10,320.8746643066406,323.5226364118613,320.17114063147403,323.3858260604153,20557100,MSFT
2023-10-11,324.8124084472656,325.203248275294,321.60747414676473,323.6300784570828,20063200,MSFT
2023-10-12,323.5811767578125,325.9946502834495,321.1970154685532,323.0046828962765,19313100,MSFT
2023-10-13,320.2297058105469,326.190079660526,318.8910340646987,324.7732817040409,21072400,MSFT
2023-10-16,325.0273132324219,328.4472132631376,323.03399172229655,323.47367526332005,22158000,MSFT
2023-10-17,324.4606018066406,325.8285559881701,319.91702585909127,322.0471280716989,18338500,MSFT
2023-10-18,322.55523681640625,327.909834737972,320.7866620472197,324.8807739787621,23153600,MSFT
2023-10-19,323.737548828125,329.1703024841639,323.33692834747904,324.5485406563444,25052100,MSFT
2023-10-20,319.1939392089844,324.32378924714186,318.0018585787794,324.12835446088064,25027700,MSFT
2023-10-23,321.7833251953125,325.1152889172781,316.96615830256553,318.0214287466955,24374700,MSFT
2023-10-24,322.9656066894531,324.24562410946174,320.1026687848026,323.7179740081932,31153600,MSFT
2023-10-25,332.87359619140625,338.2770379621599,329.89337919706037,337.1240202368528,55053800,MSFT
2023-10-26,320.38604736328125,333.8115893601042,319.45777677753637,332.7465382675552,37828500,MSFT
2023-10-27,322.2620849609375,329.0139487725961,320.8843501338627,322.867891093588,29856500,MSFT
2023-10-30,329.5904846191406,331.6815239306809,324.235886505314,325.77974409067264,22828100,MSFT
2023-10-31,330.3721008300781,331.24174686809175,327.0303866312015,331.09518568729226,20265300,MSFT
2023-11-01,338.14996337890625,339.46907368839175,331.8768762591472,332.0136865785613,28158800,MSFT
2023-11-02,340.3485412597656,340.84684939451466,336.87976677643417,339.29324086548826,24348100,MSFT
2023-11-03,344.7259521484375,346.27959030223104,339.38113512943426,341.62851616542054,23637700,MSFT
2023-11-06,348.3705749511719,349.3574699781312,345.26335850207806,345.361075900052,23828300,MSFT
2023-11-07,352.279052734375,354.16487636600215,349.4454269438777,351.1749086935178,25833900,MSFT
2023-11-08,354.88800048828125,355.54265050853274,352.2986231921823,353.40276735497133,26767800,MSFT
2023-11-09,352.4354248046875,356.441600143659,352.11296032697913,354.00856480709007,24847300,MSFT
2023-11-10,361.20989990234375,361.6300519453443,352.8067099465058,353.21708130319655,28042100,MSFT
2023-11-13,358.288330078125,360.03737334526807,357.5261819771122,359.7930947254669,19986500,MSFT
2023-11-14,361.7961120605469,363.43768679672274,358.94295491704753,362.51919694143055,27683900,MSFT
2023-11-15,361.9430236816406,365.3306930182784,359.4365063311856,363.5193564786247,26860100,MSFT
2023-11-16,368.3071594238281,368.48338982170065,362.4423444484434,363.2060393855787,27182300,MSFT
2023-11-17,362.1192626953125,366.54477320500723,359.32882848725313,365.80064944827456,40157000,MSFT
2023-11-20,369.5505676269531,370.950669899153,363.2451772540551,363.4605799020616,52465100,MSFT
2023-11-21,365.27197265625,368.3561243217149,363.3627202596963,367.8176325584251,28423100,MSFT
2023-11-22,369.9520568847656,371.8515087359404,367.13225084262217,370.0989155578587,23345300,MSFT
2023-11-24,369.5408020019531,370.0695230751344,367.2986899991627,369.44288626548433,10176600,MSFT
2023-11-27,370.69610595703125,372.68370265137486,368.33650717542696,368.9043706026068,22179200,MSFT
2023-11-28,374.70062255859375,374.994339854648,370.25551157363964,370.44154248770207,20453100,MSFT
2023-11-29,370.93121337890625,376.26727854557623,369.550681873485,375.73858723858484,28963400,MSFT
2023-11-30,370.9898681640625,372.1451961390215,367.6217700935787,370.5786340328009,30554400,MSFT
2023-12-01,366.6818542480469,370.25555453657734,363.54872995472044,368.8848238631299,33040500,MSFT
2023-12-04,361.4241027832031,361.79613477265366,355.3145134346435,361.3849305128498,32063300,MSFT
2023-12-05,364.7334289550781,365.28172122334854,357.9776614584204,358.7903292029664,23065000,MSFT
2023-12-06,361.0911865234375,366.35873644463544,360.3372921206186,365.73212951183393,21182100,MSFT
2023-12-07,363.1962585449219,363.68580733396766,358.6630319776083,360.5331119373255,23118900,MSFT
2023-12-08,366.4077453613281,366.6329187107603,360.53315912391304,361.4828850941495,20154400,MSFT
2023-12-11,363.5389099121094,363.8326571061726,358.44762055822775,360.7778775179064,27708800,MSFT
2023-12-12,366.5545959472656,366.5937682209635,362.7165198765075,363.09838231575895,24838300,MSFT
2023-12-13,366.5447082519531,369.74637604235664,363.01995144951405,368.1602130714968,30955500,MSFT
2023-12-14,358.2811584472656,365.94750897813526,356.5187948133364,365.50690312981,43277500,MSFT
2023-12-15,362.9808349609375,364.6159110894826,358.6238390376856,359.1819317961551,78502300,MSFT
2023-12-18,364.8606872558594,365.20337736605416,360.9736688806633,361.7275930990288,21802900,MSFT
2023-12-19,365.4579772949219,365.4579772949219,362.1094503782396,363.7249554315047,20603700,MSFT
2023-12-20,362.8731689453125,368.1700908565403,362.78505374172363,367.1616214647713,26316700,MSFT
2023-12-21,365.732177734375,366.58398798641923,362.3053356484184,364.7726511936181,17708000,MSFT
2023-12-22,366.75042724609375,367.3378918803586,364.919519208394,365.8692452345427,17107500,MSFT
2023-12-26,366.8287353515625,369.0610768362086,365.69297847275107,367.1616249726416,12673100,MSFT
2023-12-27,366.25103759765625,367.2203346368523,365.0173650898164,365.8789757378514,14905400,MSFT
2023-12-28,367.43572998046875,368.59105792655595,366.3391454974242,367.5238451750327,14327000,MSFT
2023-12-29,368.17987060546875,369.2764551389083,365.67338313483896,368.140698335078,18730800,MSFT
2024-01-02,363.1179504394531,368.04281055620135,359.10364399056556,366.04544293017665,25258600,MSFT
2024-01-03,362.8536071777344,365.4580105992302,360.8072966064926,361.29684544783345,23083500,MSFT
2024-01-04,360.24920654296875,365.30135421024977,359.49531207816057,362.92215399405467,20901500,MSFT
2024-01-05,360.0631408691406,364.2830491168241,358.8392688743441,361.25764113124956,21004600,MSFT
2024-01-08,366.8580627441406,367.35741205524755,361.2967958412056,361.58071261682426,23134000,MSFT
2024-01-09,367.9350891113281,368.1308907001316,363.4312342532303,364.2341014424794,20830000,MSFT
2024-01-10,374.7691955566406,376.1399561660862,368.45403366179033,368.50297659226095,25514200,MSFT
2024-01-11,376.59027099609375,382.5137988372754,372.42910667865823,377.9316297717882,27850800,MSFT
2024-01-12,380.3501281738281,380.55573034800733,376.6099673613434,377.4324059377542,21661200,MSFT
2024-01-16,382.1124267578125,385.7938434606626,379.51782397721394,385.43158211314164,27202300,MSFT
2024-01-17,381.3291320800781,381.9557389879291,376.7665338147622,379.87028626114164,22234100,MSFT
2024-01-18,385.6371765136719,385.75466344784127,381.96556042243856,383.5321225973024,23392100,MSFT
2024-01-19,390.33685302734375,390.33685302734375,385.2749052923237,387.48767542805655,29331100,MSFT
2024-01-22,388.2220153808594,392.2460923450514,385.36303712070327,391.6586277842315,27016900,MSFT
2024-01-23,390.5620422363281,391.03201985975426,385.6959257751216,387.47789064929606,20525900,MSFT
2024-01-24,394.1455078125,397.1513444657461,392.07962632176026,393.1468390669837,24867000,MSFT
2024-01-25,396.4072570800781,398.5025403738,394.1161721859946,395.8687653294727,21021200,MSFT
2024-01-26,395.4869079589844,397.680107020746,394.0182614789132,395.9177133168471,17803300,MSFT
2024-01-29,401.1558837890625,401.41045873539736,395.8785331996652,397.57238286313674,24510200,MSFT
2024-01-30,400.0494689941406,404.41623575131524,397.9542157503529,403.64277019124665,33477600,MSFT
2024-01-31,389.2695617675781,406.6387713281437,388.90730048182917,398.45350088279935,47871100,MSFT
2024-02-01,395.3400573730469,399.4718507500115,393.40143322301293,393.4308049580275,30657700,MSFT
2024-02-02,402.6245422363281,404.02464472350925,395.12465055102524,395.36942496681314,28256700,MSFT
2024-02-05,397.1709289550781,402.5657662041655,395.5456233801517,401.3320936868834,25352300,MSFT
2024-02-06,397.0143127441406,399.44248577195293,394.48825385108364,397.39617518548,18382600,MSFT
2024-02-07,405.3953857421875,405.640160164174,398.88439209328425,398.9235643671154,22340500,MSFT
2024-02-08,405.45404052734375,406.87374381620714,403.9070796658224,405.39529706929125,21225300,MSFT
2024-02-09,411.75946044921875,412.02383590927224,406.4135962217608,406.57025541446654,22032800,MSFT
2024-02-12,406.5801086425781,411.9455447595813,406.0807592685953,411.7693143498308,21202900,MSFT
2024-02-13,397.8269348144531,401.49855072964925,394.9581860838381,396.4757753769111,27824900,MSFT
2024-02-14,401.6720886230469,402.01541247950905,396.8460370500132,400.27921574475005,20401200,MSFT
2024-02-15,398.7980041503906,401.31894521125486,396.5713534874336,400.3478557485238,21825500,MSFT
2024-02-16,396.3458251953125,400.49507828913886,395.7376668083811,400.17136177032233,22296500,MSFT
2024-02-20,395.10003662109375,396.76756266074034,390.4112964520626,395.5414273661721,24307900,MSFT
2024-02-21,394.5016784667969,394.60959394201785,389.63638185870155,392.53007321174096,18518900,MSFT
2024-02-22,403.7908630371094,404.9483275530714,400.76967888893086,402.3587454167674,27009900,MSFT
2024-02-23,402.505859375,407.92046175721333,401.162019956702,407.73411674298126,16295900,MSFT
2024-02-26,399.7593688964844,404.2911603614398,399.58278265548927,403.6045125913183,16193500,MSFT
2024-02-27,399.70050048828125,400.5244598178457,396.13979878680874,400.2007433350152,14835800,MSFT
2024-02-28,399.9358215332031,401.48564304281416,397.5816482579373,400.3870308433526,13183100,MSFT
2024-02-29,405.742919921875,406.29222617012584,398.1703067167653,400.83837846610305,31947300,MSFT
2024-03-01,407.5673522949219,407.93028353505224,403.03556125394095,403.4180998812608,17823400,MSFT
2024-03-04,406.9984436035156,409.38204334564557,404.4480762959748,405.54668869062186,17596000,MSFT
2024-03-05,394.9626770019531,406.3412180011649,392.991071894389,406.0567462440755,26919200,MSFT
2024-03-06,394.41339111328125,397.4247865981622,390.784048581795,395.27659515513125,22344100,MSFT
2024-03-07,401.3288269042969,401.9565926355365,394.5605358436286,398.3664647487739,18718500,MSFT
2024-03-08,398.4645080566406,402.58433424165736,396.61057729290076,400.1712786506048,18002200,MSFT
2024-03-11,396.7969665527344,397.9348236347475,393.5992262388283,396.05149669102667,16120800,MSFT
2024-03-12,407.3515625,407.63603426425436,399.02366133031137,399.8378019777306,22457000,MSFT
2024-03-13,407.1750183105469,410.19620253246603,403.5947092048327,410.1177430442753,17115900,MSFT
2024-03-14,417.1018371582031,419.65220477798977,410.0098592258052,412.2169029464952,34157300,MSFT
2024-03-15,408.46978759765625,414.5317928189051,404.9090862008724,411.28498921650765,45079900,MSFT
2024-03-18,409.3526306152344,412.69753127897746,405.8802070917239,406.34123515822085,20106000,MSFT
2024-03-19,413.3645324707031,413.61957818454806,407.61639479250874,409.8528643144651,19837900,MSFT
2024-03-20,417.1116027832031,417.8276466076136,412.62884514501485,413.94325853489937,17860100,MSFT
2024-03-21,421.17254638671875,422.5948752417206,419.004747660182,421.6237557740876,21296200,MSFT
2024-03-22,420.5545654296875,421.6531778067011,417.9355573407252,421.49625883993525,17648500,MSFT
2024-03-25,414.7868347167969,419.2499850699005,413.5606994442316,417.12140106535213,18060500,MSFT
2024-03-26,413.6000061035156,417.857144815301,413.30574556800303,417.48439484702,16725600,MSFT
2024-03-27,413.3841552734375,416.3465173372015,411.0103740796991,416.3366986755512,16705000,MSFT
2024-03-28,412.68768310546875,413.815721504757,411.11822405931304,412.92309148516256,21871200,MSFT
2024-04-01,416.4642333984375,419.7208560550212,414.15909296576694,415.85607505767865,16316000,MSFT
2024-04-02,413.3939208984375,414.3159769269491,409.86264567594,412.08929633397446,17912000,MSFT
2024-04-03,412.4228210449219,415.17917040060684,411.0887704678448,411.7165660182198,16502300,MSFT
2024-04-04,409.90191650390625,420.48592418548293,409.5978373618215,416.8761593197056,19370900,MSFT
2024-04-05,417.39605712890625,418.36717662742586,410.33353586981326,411.9912731648726,16554800,MSFT
2024-04-08,416.48382568359375,419.12247124179834,415.21844567326013,417.0527692258899,14272400,MSFT
2024-04-09,418.1415100097656,419.5736274756939,413.5704746022745,418.2984589003378,12496900,MSFT
2024-04-10,415.17919921875,415.9344877287147,411.68716854848634,414.12962029851764,16216600,MSFT
2024-04-11,419.760009765625,421.17251987057847,414.29634428569665,417.6903079757618,17966400,MSFT
2024-04-12,413.84515380859375,417.06253143112855,411.75581460240056,415.95410040174403,19253800,MSFT
2024-04-15,405.742919921875,418.67128401490294,405.5369076275719,418.45548299345114,20273500,MSFT
2024-04-16,406.6649169921875,410.4119935798852,405.8311689524943,406.65512826574127,16765600,MSFT
2024-04-17,403.9772033691406,410.88280503231437,402.49602250375233,409.2839199801292,15855500,MSFT
2024-04-18,396.5517578125,404.02630364117994,396.23788993068626,402.7903496970384,21029900,MSFT
2024-04-19,391.5001220703125,397.73871452270663,390.1758898574742,396.31638549133476,30565800,MSFT
2024-04-22,393.3049621582031,395.1588931129713,388.1944385754191,392.44175811164087,20286900,MSFT
2024-04-23,399.7887878417969,400.40676483693346,395.3648819975192,396.52234656320184,15734500,MSFT
2024-04-24,401.25030517578125,404.5952057239604,399.01383568119996,401.7407592748994,15065300,MSFT
2024-04-25,391.4216613769531,392.2554394295144,380.6218512778305,386.50730115245716,40586500,MSFT
2024-04-26,398.5626220703125,405.1150815807432,398.01331587991365,404.30094095620495,29694700,MSFT
2024-04-29,394.5702819824219,398.56258512123486,391.5687056006696,397.5130062731547,19582100,MSFT
2024-04-30,381.8970031738281,394.4820730278576,381.74008419354954,393.8248513162942,28781400,MSFT
2024-05-01,387.39990234375,394.05045900742965,382.85829240714,385.11436938308555,23562500,MSFT
2024-05-02,390.2445373535156,392.2946320183516,387.1154376190438,390.067981051651,17709400,MSFT
2024-05-03,398.89617919921875,399.3768146946621,394.1878013235466,394.5997959874596,17446700,MSFT
2024-05-06,405.6447448730469,406.027283466649,398.6116206105037,400.95600534299797,16996600,MSFT
2024-05-07,401.52490234375,406.7531590756513,401.27967532834964,406.743340415855,20018200,MSFT
2024-05-08,402.7020568847656,404.3597941214035,398.9451617518151,400.3773092630151,11792300,MSFT
2024-05-09,404.4480895996094,404.84044690561177,401.28956389363333,402.73150019277335,14689700,MSFT
2024-05-10,406.8218994140625,407.4496950958414,403.9380266126503,405.05627644521434,13402300,MSFT
2024-05-13,405.82135009765625,410.3629599472109,402.9767222457907,410.029454744504,15440200,MSFT
2024-05-14,408.6071472167969,409.5193847249845,403.69278719697195,404.1538152820149,15109300,MSFT
2024-05-15,415.7511901855469,416.46855556809163,410.0418362179186,410.66092785109674,22239500,MSFT
2024-05-16,413.6973571777344,418.0506409370668,413.06845922359344,414.493323488297,17530100,MSFT
2024-05-17,412.930908203125,415.5939858480529,410.7886784280323,415.2205635959117,15352200,MSFT
2024-05-20,417.9720458984375,419.37726753163014,412.7147152549324,412.9309055053418,16272100,MSFT
2024-05-21,421.60797119140625,425.46988664412265,417.49054998726376,419.43623228216074,21453300,MSFT
2024-05-22,423.06231689453125,424.91959180983645,419.7310556819618,422.63977275649836,18073700,MSFT
2024-05-23,419.603271484375,426.0889486573305,418.05065430726955,425.4698570651074,17211700,MSFT
2024-05-24,422.70855712890625,423.59296088139126,417.05816150216543,419.7900037534496,11855300,MSFT
2024-05-28,422.86578369140625,423.35712243524114,419.2102222377172,422.1877338257991,15718000,MSFT
2024-05-29,421.7357177734375,423.4750461602697,418.3159892619867,418.3159892619867,15517100,MSFT
2024-05-30,407.48687744140625,416.95003623481153,407.0643033400361,416.95003623481153,28394500,MSFT
2024-05-31,407.9388732910156,409.5308058785648,397.5028441158069,409.5308058785648,47995300,MSFT
2024-06-03,406.35675048828125,409.2163453409128,401.83645840787784,408.3319416725267,17484700,MSFT
2024-06-04,408.8626708984375,409.2262568074665,402.58334672161834,405.28571008638386,14348900,MSFT
2024-06-05,416.66510009765625,416.7338647316788,409.0886349128657,410.57248754759564,16988000,MSFT
2024-06-06,417.1662902832031,417.94261399588106,413.29453808136446,416.6651450920817,14861300,MSFT
2024-06-07,416.5078430175781,418.8957420228007,415.67256118761725,418.81714102196315,13621700,MSFT
2024-06-10,420.4582824707031,420.6646363808704,416.5472446058039,417.34321110539105,13982900,MSFT
2024-06-11,425.1849365234375,425.32252578204896,417.88364915702846,418.10967580091557,14551100,MSFT
2024-06-12,433.41973876953125,435.71920053687387,425.7450298401941,427.7791794767063,22366200,MSFT
2024-06-13,433.9306945800781,435.709368351957,431.7589858154619,433.21335923548196,15960600,MSFT
2024-06-14,434.903564453125,435.4636977946633,429.15489539650804,430.68786981308114,13582000,MSFT
2024-06-17,440.6030578613281,443.12854595845386,433.0855818033449,434.9231837298592,20790000,MSFT
2024-06-18,438.6082763671875,442.34246889984814,437.18341197055486,441.9198947788086,17112500,MSFT
2024-06-20,437.9794006347656,438.7950098147065,433.62611625090886,438.5689831798124,19877400,MSFT
2024-06-21,441.98870849609375,442.77483854275334,438.7753636944757,439.63028836717615,34187100,MSFT
2024-06-24,439.915283203125,444.9072720890794,438.67709986214254,442.0083612472025,15913700,MSFT
2024-06-25,443.13836669921875,443.6002262571544,439.011109798988,440.4851258363657,16413400,MSFT
2024-06-26,444.3274841308594,445.7425422004591,440.4262530619795,441.222219477512,16507000,MSFT
2024-06-27,445.0055236816406,448.2680202655606,443.94421515967235,444.3471165440364,14806300,MSFT
2024-06-28,439.2077331542969,447.4916975183524,438.6770788922511,445.22171482768863,28362300,MSFT
2024-07-01,448.8182678222656,449.44716577540373,437.9400216100097,440.8880538633733,17662800,MSFT
2024-07-02,451.3240966796875,451.6287242891569,445.2609636362825,445.3494309967801,13979800,MSFT
2024-07-03,452.7882995605469,453.03396893483153,449.94837718806366,450.25300481306164,9932800,MSFT
2024-07-05,459.4607238769531,460.2370475569388,451.01952711906966,451.6484251718753,16000300,MSFT
2024-07-08,458.16357421875,459.59830504287737,456.41440936822374,458.4682018620652,12962300,MSFT
2024-07-09,451.5796813964844,459.23471845585203,450.06634946644044,458.9104480367417,17207200,MSFT
2024-07-10,458.1733703613281,458.37972423311413,450.91136946375343,453.2305038870679,18196100,MSFT
2024-07-11,446.8235168457031,456.7288938614541,443.7280584136493,454.9600861765151,23111200,MSFT
2024-07-12,445.6933898925781,448.4547114032981,442.8436310012122,446.45987718044813,16324300,MSFT
2024-07-15,446.0962829589844,449.3391368001631,443.61011000854984,445.44771219074863,14429400,MSFT
2024-07-16,441.7331848144531,446.43038212668165,438.92274152217504,446.3517811207802,17175700,MSFT
2024-07-17,435.8371276855469,437.14410559537976,431.5723108003405,434.92324477920374,21778000,MSFT
2024-07-18,432.7417297363281,436.94758866304596,426.87514326717604,436.6429610062861,20794800,MSFT
2024-07-19,429.5381164550781,433.4983352820313,424.51664918921864,425.5976003585523,20940400,MSFT
2024-07-22,435.2671813964844,436.898429671943,431.306992206013,434.1371082507153,15808800,MSFT
2024-07-23,437.1440734863281,440.6227600869156,435.4243879336588,436.21051790501895,13107100,MSFT
2024-07-24,421.4703674316406,433.8324669900576,420.18306232506063,432.82031037979385,26805800,MSFT
2024-07-25,411.1523132324219,422.35483218497876,410.27774573844266,421.3721545577555,29943800,MSFT
2024-07-26,417.90325927734375,421.490056226304,410.0418390958428,410.95575198353527,23583800,MSFT
2024-07-29,419.3380126953125,424.6641083620649,417.3431784161,424.10397494654256,15125800,MSFT
2024-07-30,415.593994140625,421.6177822082065,410.13027948455533,420.31083428857175,32687600,MSFT
2024-07-31,411.1031494140625,414.4737261342931,405.06949500365346,413.2159000993034,42891400,MSFT
2024-08-01,409.8846130371094,420.05533154219523,405.9342601346404,413.50088916463085,30296400,MSFT
2024-08-02,401.4139099121094,407.81114983489476,397.3358044115477,405.3446197900361,29437900,MSFT
2024-08-05,388.3050231933594,394.09300828762184,378.90079195613237,382.4286307082766,40709200,MSFT
2024-08-06,392.6877136230469,398.6427664419344,391.5969560698374,393.07097221564607,24946500,MSFT
2024-08-07,391.5281677246094,402.9763539760022,390.58480577308114,401.56132604317764,20650900,MSFT
2024-08-08,395.71441650390625,398.82948747665125,393.01205329948556,395.4687471216862,20203000,MSFT
2024-08-09,398.9867248535156,400.9815590644515,395.2918776876415,397.0312061411671,19276700,MSFT
2024-08-12,399.7630615234375,401.6792947885224,397.23757296063644,400.0087309169643,16762900,MSFT
2024-08-13,406.83831787109375,407.7620371122612,402.475227409518,402.49487016333154,19414300,MSFT
2024-08-14,409.638916015625,410.484034234621,405.30533476037385,407.61460282522484,18267000,MSFT
2024-08-15,414.482421875,414.56116454959863,411.16483466760724,413.27153919674845,20752100,MSFT
2024-08-16,411.9622497558594,414.787612725286,410.8104315549657,414.05913029915934,22775600,MSFT
2024-08-19,414.9746398925781,415.19121979816396,409.98347800679744,412.44459964164133,15234000,MSFT
2024-08-20,418.19378662109375,419.23729981689326,415.082955234779,415.14201975205145,16387600,MSFT
2024-08-21,417.5440368652344,419.7688702359865,415.1616580728871,417.48494231064296,16067300,MSFT
2024-08-22,409.087646484375,420.1528703345148,408.16226230018384,417.7606371537281,19361900,MSFT
2024-08-23,410.308349609375,412.73993890763575,405.68142906839694,410.4953972510095,18493800,MSFT
2024-08-26,407.0596618652344,410.7907306533513,404.94310328054127,409.89487877847426,13152800,MSFT
2024-08-27,407.4042663574219,407.9161688910183,403.8700989564779,406.43949576869113,13492900,MSFT
2024-08-28,404.21466064453125,408.54622911327857,400.975815861933,408.42810007077503,14882700,MSFT
2024-08-29,406.6954345703125,415.48655408743093,404.2146347079457,408.4871383812944,17045200,MSFT
2024-08-30,410.65289306640625,410.9974260333262,405.7207960910566,409.13683384861065,24308300,MSFT
2024-09-03,403.07269287109375,413.35034007836833,400.7001678121759,411.4109748667296,20313600,MSFT
2024-09-04,402.5411071777344,404.8447137580876,398.0815553280134,399.59761488778184,15135800,MSFT
2024-09-05,402.0390319824219,406.67577709695456,399.8141682348964,401.2809872314555,14195500,MSFT
2024-09-06,395.4530334472656,404.26383081056673,394.5670056307313,402.6985610672717,19609500,MSFT
2024-09-09,399.4105224609375,402.2949499033103,395.89603343829765,400.9068736495872,15295100,MSFT
2024-09-10,407.7586364746094,409.8554868302287,401.3597203496137,401.8519446669211,19594300,MSFT
2024-09-11,416.4611511230469,417.3963592828998,403.21045111442425,409.03840014283475,19266900,MSFT
2024-09-12,420.3595886230469,420.7238298297295,413.2223356546228,416.72697057085117,17395700,MSFT
2024-09-13,423.893798828125,425.1145057080557,418.8435717530032,419.2078129966604,15874600,MSFT
2024-09-16,424.63214111328125,426.78808638530086,421.5606656690322,423.9036586161946,13834700,MSFT
2024-09-17,428.3828430175781,434.9786612819886,425.54762597309116,433.3838592052121,18874200,MSFT
2024-09-18,424.1103210449219,429.249144206207,423.7165475930165,428.235163297131,18898000,MSFT
2024-09-19,431.8677978515625,434.63409626466625,430.1056262859268,434.36830593406904,21706600,MSFT
2024-09-20,428.5009460449219,432.409208323067,427.4672869965637,430.4206328981448,55167100,MSFT
2024-09-23,426.7683410644531,429.6724465370328,423.6968661035608,427.52635570448473,15128900,MSFT
2024-09-24,422.495849609375,426.61083784634445,419.4735849772464,426.2662748026867,17015800,MSFT
2024-09-25,425.3901062011719,426.384408985251,421.9051794925785,423.14556440453987,13396400,MSFT
2024-09-26,424.6025695800781,428.5305103087993,422.45647860828996,428.32378449228514,14492000,MSFT
2024-09-27,421.3637390136719,425.1341945131492,420.82230422369577,424.8093096047705,14896100,MSFT
2024-09-30,423.60821533203125,423.72637439868134,418.7548910042777,421.5507213885959,16807300,MSFT
2024-10-01,414.1477355957031,421.81659955830685,412.2969671899716,421.78706729834266,19092900,MSFT
2024-10-02,410.6430358886719,416.2445506428297,410.22955427128664,416.00826255732983,16582300,MSFT
2024-10-03,410.06231689453125,413.0254873918148,407.8473070657378,411.1353624953208,13686400,MSFT
2024-10-04,409.5896911621094,413.2223089798081,408.5166457695598,411.7357819472086,19169700,MSFT
2024-10-07,403.1711120605469,410.6233655735784,402.6395013728588,409.5306419831522,20919800,MSFT
2024-10-08,408.2607116699219,409.19594995144206,401.82243880752753,404.5099645290717,19229300,MSFT
2024-10-09,410.96795654296875,413.8425600403991,407.857094965171,409.3928325735408,14974300,MSFT
2024-10-10,409.3731384277344,410.859665558973,406.7249690560659,408.77263914925425,13848400,MSFT
2024-10-11,409.8456726074219,410.6430736171545,406.8234080163179,409.6684790592566,14144900,MSFT
2024-10-14,412.6217956542969,417.4455877275933,411.0269637053987,411.2730758524341,16653100,MSFT
2024-10-15,412.2280578613281,415.9099165968068,408.8021954562943,415.6145639475164,18900200,MSFT
2024-10-16,409.6487731933594,409.8850312589263,404.09649835161355,408.71356498849764,15508900,MSFT
2024-10-17,410.239501953125,415.92961477123424,409.12707001088165,415.79177751966756,14820000,MSFT
2024-10-18,411.6570739746094,413.12389293089865,409.78662744422246,410.6529471112624,17145300,MSFT
2024-10-21,412.2674255371094,412.44461909285747,407.31564977599334,409.6487883889798,14206100,MSFT
2024-10-22,420.8616638183594,423.8838984262341,411.53893363879695,411.9819175179694,25482200,MSFT
2024-10-23,417.9969177246094,424.37612597688815,415.95910173602493,424.1595460644349,19654400,MSFT
2024-10-24,418.1248779296875,419.3554387186423,415.8310957950025,418.71552307399537,13581600,MSFT
2024-10-25,421.4917297363281,425.7937660019832,419.9363139175779,420.12336158504047,16899100,MSFT
2024-10-28,419.9559631347656,425.2227696357769,419.670464602579,424.9471252042487,14882400,MSFT
2024-10-29,425.23260498046875,426.43363353122214,419.17822176857095,421.3440208086144,17644100,MSFT
2024-10-30,425.8035888671875,431.68074872313076,425.3802831426112,430.6372355196224,29749100,MSFT
2024-10-31,400.03076171875,409.6882017012257,399.9815212546983,408.9006246633273,53971000,MSFT
2024-11-01,403.9881591796875,409.0383852046151,401.16279656048295,402.64932353081855,24230400,MSFT
2024-11-04,402.1078796386719,404.0374205874987,399.26283871579096,403.42703719981586,19672300,MSFT
2024-11-05,405.0612487792969,408.4477546696806,401.73380740675793,402.019305938334,17626000,MSFT
2024-11-06,413.6456604003906,413.91148078515863,404.13588205792996,406.0063586804049,26681800,MSFT
2024-11-07,418.81396484375,420.21189508853655,413.3502870767265,414.72850912180576,19901800,MSFT
2024-11-08,415.96893310546875,419.8673412736044,415.22074253188157,418.70569909892066,16891400,MSFT
2024-11-11,411.5094299316406,418.20366938728347,409.5306783384117,415.94927334689254,24503300,MSFT
2024-11-12,416.4513244628906,417.8394007087299,410.71200186963034,411.7456609678349,19401200,MSFT
2024-11-13,418.5876159667969,422.6533640239858,411.7062988498683,415.0829808583345,21502200,MSFT
2024-11-14,420.25128173828125,421.5113747579457,413.4684163916041,418.3906594438851,30246900,MSFT
2024-11-15,408.5461730957031,416.22486023548765,407.207337406915,413.29122260558944,28247600,MSFT
2024-11-18,409.2944030761719,411.8933320342017,405.6913172118432,408.4182293083614,24727000,MSFT
2024-11-19,411.2928466796875,411.4405079817959,405.1498661250552,406.68560375296545,18133500,MSFT
2024-11-20,409.02862548828125,410.8006513678973,404.19497823742415,410.38716964975555,19191700,MSFT
2024-11-21,407.26287841796875,414.0790385036892,404.71793020151534,413.80284233986384,20780200,MSFT
2024-11-22,411.3367919921875,411.73135363774225,405.4774597411712,405.7832472742104,24814600,MSFT
2024-11-25,413.1025085449219,415.36138685697927,409.21601445717323,412.698073057269,27691100,MSFT
2024-11-26,422.17755126953125,423.21330950979313,413.161695275106,413.891635863064,23458900,MSFT
2024-11-27,417.2454528808594,421.42789081016514,416.28862504102557,419.33665679394954,18332400,MSFT
2024-11-29,417.70904541015625,419.1097738504757,412.1259094010287,414.38481768654003,16271900,MSFT
2024-12-02,425.126953125,427.1195090506518,415.58826631722377,415.84474493949193,20207200,MSFT
2024-12-03,425.3439636230469,426.5967051479557,421.93093157664276,424.00241788094525,18302000,MSFT
2024-12-04,431.4794921875,433.698935348809,426.754535872994,427.1490975254907,26009400,MSFT
2024-12-05,436.6088562011719,438.6211597736825,430.2464705000807,431.97270407918,21697800,MSFT
2024-12-06,437.54595947265625,440.04159877439776,435.7703869006791,436.2931878578621,18821000,MSFT
2024-12-09,439.9626770019531,442.2413029263077,434.51765390142566,436.5891402244184,19144400,MSFT
2024-12-10,437.3092346191406,443.5138201555157,435.60274857576576,438.3548667232301,18469500,MSFT
2024-12-11,442.89239501953125,444.23394093068583,438.01948123467236,438.01948123467236,19200200,MSFT
2024-12-12,443.4546203613281,449.96499320791463,443.01071967285327,443.01071967285327,20834800,MSFT
2024-12-13,441.1956787109375,445.2991859531554,439.5286279530639,442.34980235220513,20177800,MSFT
2024-12-16,445.4570617675781,446.03904550783295,439.2327587604127,441.1957234184863,23598800,MSFT
2024-12-17,448.2880554199219,449.1068002031095,443.4644812477741,444.8849272856994,22733500,MSFT
2024-12-18,431.44989013671875,446.50262602359174,431.08488976149135,445.19070178831043,24444500,MSFT
2024-12-19,431.0947570800781,437.1612287919841,430.39440791706704,435.6224173363725,22963700,MSFT
2024-12-20,430.6706848144531,437.71370316583733,422.80892156271733,427.22806088809443,64263700,MSFT
2024-12-23,429.3389587402344,431.70635881030796,426.9518110200716,430.80871372187636,19152500,MSFT
2024-12-24,433.3634948730469,433.629847299066,428.29331629516184,428.7470606574343,7164500,MSFT
2024-12-26,432.16009521484375,434.9516783695283,430.7002140852734,433.1169230295789,8194200,MSFT
2024-12-27,424.68304443359375,429.30935275325726,420.5598195240772,428.69777768381334,18117700,MSFT
2024-12-30,419.0604553222656,421.7435167493127,416.17025429217676,420.27376177490316,13158700,MSFT
2024-12-31,415.7757263183594,420.93470998738326,414.9471377359365,420.31326102478425,13246500,MSFT
2025-01-02,412.8953552246094,420.2836558558519,409.21603069875914,419.7509810335182,16896500,MSFT
2025-01-03,417.6006164550781,418.2713743539731,413.8423613323132,415.3614253792587,16662900,MSFT
2025-01-06,422.0394592285156,428.4215926337743,419.7016505493917,422.1874160873605,20573600,MSFT
2025-01-07,416.63385009765625,424.80139942668757,415.0851648128758,423.1738138555601,18139100,MSFT
2025-01-08,418.7941589355469,421.1714329663283,415.81518360520914,417.7090917280971,15054600,MSFT
2025-01-10,413.26031494140625,418.94206877538755,409.3836648034606,418.86316848876044,20201100,MSFT
2025-01-13,411.5242614746094,412.81646832203865,406.69081302742603,409.6007318390263,17604800,MSFT
2025-01-14,410.0248718261719,414.03957499111027,405.14208486737954,412.1357932076061,16935900,MSFT
2025-01-15,420.5203552246094,422.3353628905166,412.58953664498,413.43787278736687,19637800,MSFT
2025-01-16,418.8138427734375,423.6571645662551,418.6264508238549,422.8779150872359,15300000,MSFT
2025-01-17,423.20343017578125,428.57942688248704,422.3551241092644,428.1947089431654,26197500,MSFT
2025-01-21,422.68060302734375,425.0480029513297,419.819993531564,424.35752761269225,26085700,MSFT
2025-01-22,440.1402282714844,441.1956738632283,430.07874109453735,431.6175525305707,27803800,MSFT
2025-01-23,440.643310546875,440.68277574358376,435.50407496539947,435.9972845633218,18389300,MSFT
2025-01-24,438.0293273925781,440.5841496239721,435.40544858930485,439.11439458237174,15549500,MSFT
2025-01-27,428.6583251953125,429.28964793288844,417.74853125025015,418.2516146753107,35647800,MSFT
2025-01-28,441.126708984375,442.29067649663904,425.5215489294809,428.6978201786795,23491700,MSFT
2025-01-29,436.32281494140625,440.81104060450724,434.41903300783486,440.62361853818396,23581400,MSFT
2025-01-30,409.3540954589844,417.1172097708342,407.54896156269734,413.0827588425547,54586300,MSFT
2025-01-31,409.4231872558594,414.97673266362114,409.2752303832896,413.28996411007114,34161900,MSFT
2025-02-03,405.33941650390625,409.7684293585694,403.11009933813943,406.0101743775102,25679100,MSFT
2025-02-04,406.7696838378906,408.29865167160733,404.1753965052981,407.0853452090854,20532100,MSFT
2025-02-05,407.6772766113281,408.20992140570024,404.82651013528886,406.75003997991354,16316700,MSFT
2025-02-06,410.1728210449219,412.5205034548323,408.37753095462284,408.37753095462284,16309800,MSFT
2025-02-07,404.1852722167969,412.96439718513943,402.5576865372201,410.82388435232116,22886800,MSFT
2025-02-10,406.6217346191406,409.81772327895646,405.3394016663598,408.0914896331453,20817900,MSFT
2025-02-11,405.85235595703125,406.8880841725034,403.74140422239867,404.0768132724711,18140600,MSFT
2025-02-12,403.48492431640625,405.17169274595005,398.8783333348811,401.67976029438313,19121700,MSFT
2025-02-13,404.9645080566406,405.41825241635894,400.8412533167097,401.4725759938153,23891700,MSFT
2025-02-14,402.8832092285156,403.35670130819824,400.3678521686821,402.25191655873215,22758500,MSFT
2025-02-18,404.0767822265625,405.0237362453633,400.9794114377888,402.4590402622825,21423100,MSFT
2025-02-19,409.1370849609375,409.8473079963777,402.11378500109834,402.34067225656025,24114200,MSFT
2025-02-20,411.3016662597656,414.4447616167347,407.75332449561745,410.47141636340496,23508700,MSFT
2025-02-21,403.4735412597656,413.19936436928833,403.15727713591093,412.49761092708707,27524800,MSFT
2025-02-24,399.3124084472656,404.62009578289485,394.6867174896375,403.7700887978409,26443700,MSFT
2025-02-25,393.283203125,397.25657880262406,392.09714469383994,396.44608593506547,29387400,MSFT
2025-02-26,395.09197998046875,398.9170718958632,389.6755530638089,393.3919357776839,19619000,MSFT
2025-02-27,387.9754943847656,401.0322110218146,387.61968592381214,396.61407498406965,21127400,MSFT
2025-02-28,392.3837585449219,393.0163471729864,382.0846775634414,388.1040123360274,32845700,MSFT
2025-03-03,383.9823913574219,394.1925506012372,381.6794393165997,394.1925506012372,23007700,MSFT
2025-03-04,384.1009521484375,388.02488953137174,376.5792652913011,378.9514121108331,29342900,MSFT
2025-03-05,396.36700439453125,397.00948665687173,384.29868393839774,384.82253320835395,23433100,MSFT
2025-03-06,392.284912109375,397.4838599812305,388.12373889118527,389.7051801734712,23304600,MSFT
2025-03-07,388.7464599609375,390.2191619837315,381.0666253730808,387.76795648683793,22034100,MSFT
2025-03-10,375.7490234375,381.9166113327009,372.8431337183802,381.3631114017718,32840100,MSFT
2025-03-11,376.03570556640625,381.5212976511773,372.53677123025375,374.6025176419591,30380200,MSFT
2025-03-12,378.82293701171875,380.7503233781215,374.55308456142495,378.5066728711865,24253600,MSFT
2025-03-13,374.3751525878906,380.8491715851453,373.07049136146827,378.71423026442886,20473000,MSFT
2025-03-14,384.05157470703125,385.7022111357248,375.10659301872727,375.3734493768336,19952800,MSFT
2025-03-17,384.1899719238281,388.15342385678485,381.0962841175908,382.2131776873556,22474300,MSFT
2025-03-18,379.070068359375,382.8754034622388,376.6781641211092,382.57889637930924,19486900,MSFT
2025-03-19,383.3201599121094,385.158563988563,379.54447585576617,381.0567221702146,19185500,MSFT
2025-03-20,382.3515625,387.244140619299,378.8328709429988,381.26431956643484,18470500,MSFT
2025-03-21,386.7202453613281,387.194656647968,378.3583844724842,378.77352451177876,39675900,MSFT
2025-03-24,388.5191345214844,390.81222312553433,385.28708673252123,390.81222312553433,21004500,MSFT
2025-03-25,390.5749816894531,391.7610400507305,388.08423198363494,389.3493790004213,15775000,MSFT
2025-03-26,385.4451904296875,390.7232269425197,384.061440622416,390.4168262767483,16108400,MSFT
2025-03-27,386.04815673828125,387.6888996743445,382.9050609496304,385.6033961060126,13766800,MSFT
2025-03-28,374.4048156738281,384.6149747790714,372.5565178920864,383.5771397086297,21632000,MSFT
2025-03-31,371.0343933105469,372.6948931611048,362.97893300010196,368.2174556076631,35184700,MSFT
2025-04-01,377.7554931640625,378.4078388750376,368.89946352111616,370.30297052308924,19689500,MSFT
2025-04-02,377.70611572265625,380.61197570359644,372.25014394283687,373.5844861787052,16092600,MSFT
2025-04-03,368.78082275390625,373.10014336261634,365.0644702169303,370.4413527847735,30198000,MSFT
2025-04-04,355.664794921875,370.2436515761853,355.30898645827625,359.90502676066706,49209900,MSFT
2025-04-07,353.7077941894531,366.6953473866903,340.78946619633433,346.808801297969,50425000,MSFT
2025-04-08,350.44610595703125,369.31460473132455,346.1861164728992,363.98715955184485,35868900,MSFT
2025-04-09,385.95916748046875,388.66739600040677,349.00301621371585,349.43791334353114,50199700,MSFT
2025-04-10,376.92523193359375,379.44563241847453,363.5324334212975,377.6269854135807,38024400,MSFT
2025-04-11,383.9428405761719,385.52425170247653,374.49376732812806,376.22346214057205,23839200,MSFT
2025-04-14,383.3102722167969,390.0709046779098,379.75203666792555,388.6575040815548,19251200,MSFT
2025-04-15,381.2544250488281,387.3429548173336,379.702634359307,384.0021677861047,17199900,MSFT
2025-04-16,367.29827880859375,377.18225107217836,363.7301792999147,376.2531854298118,21967800,MSFT
2025-04-17,363.51263427734375,369.97675886881603,362.6329766642394,369.4133653600013,21120200,MSFT
2025-04-21,354.9531555175781,360.25097956592975,351.54320368031085,358.6102367890087,20807300,MSFT
2025-04-22,362.5638427734375,363.5028019496421,355.68457702509073,359.1637542302739,19485000,MSFT
2025-04-23,370.0460205078125,375.9764033603888,368.69189108581185,371.6966268435602,20545500,MSFT
2025-04-24,382.8061218261719,383.942802435075,370.836649391586,371.340741482022,22232300,MSFT
2025-04-25,387.30340576171875,387.60980644654984,380.1375268589871,382.5096738423667,18973200,MSFT
2025-04-28,386.62139892578125,388.18305301396595,382.1538550582223,387.41210451108003,16579400,MSFT
2025-04-29,389.4679870605469,390.51568553400665,385.85045019118235,386.75975859738145,14974000,MSFT
2025-04-30,390.6738586425781,392.0576085897077,379.97939447353656,385.7713871677669,36461100,MSFT
2025-05-01,420.4641418457031,431.9196612018972,419.96994327038766,426.10788113002934,58938100,MSFT
2025-05-02,430.2294921875,434.3412277785372,425.0008630376841,426.7305579775838,30757400,MSFT
2025-05-05,431.10919189453125,434.40054108405303,427.09627177369964,427.8474632490504,20136100,MSFT
2025-05-06,428.2823486328125,432.65107712392626,426.1671945058241,427.18524232094876,15104200,MSFT
2025-05-07,428.3218994140625,433.0365428333408,426.1078693467033,428.80620435216304,23295300,MSFT
2025-05-08,433.0859680175781,438.5221520354275,430.60508165893515,432.8487322038109,23491300,MSFT
2025-05-09,433.63946533203125,435.6261229679929,430.8225275981773,434.89471877509555,15324200,MSFT
2025-05-12,444.04730224609375,444.1560114514232,434.67728663767485,440.7658165502587,22821900,MSFT
2025-05-13,443.9286804199219,445.4409267506546,440.192510488539,442.5844447017788,23618800,MSFT
2025-05-14,447.6845703125,448.6334230518337,442.940276452347,442.940276452347,19902800,MSFT
2025-05-15,448.69464111328125,451.72468655623493,446.02105738415105,446.3577257423833,21992300,MSFT
2025-05-16,449.82342529296875,449.91254071320964,444.3376746324017,447.6251542704443,23849800,MSFT
2025-05-19,454.3783874511719,455.0913410046994,446.3873726676465,446.46660651740484,21336500,MSFT
2025-05-20,453.6852722167969,453.8535912700005,449.87295142774695,451.13050930908776,15441800,MSFT
2025-05-21,448.1401062011719,453.2991005803846,447.38753565613104,450.12052955644793,19216900,MSFT
2025-05-22,450.4076843261719,455.7449399531106,449.45708954496587,450.49682997275477,18025600,MSFT
2025-05-23,445.7734680175781,449.2491205375805,444.51591011589574,445.5754438212613,16883500,MSFT
2025-05-27,456.18060302734375,456.4380677238799,451.65532857824905,452.0118204825961,20974300,MSFT
2025-05-28,452.8831481933594,457.9926435100278,452.457364471685,456.7053805592909,17086300,MSFT
2025-05-29,454.1903076171875,457.2005597280811,450.85329893273473,457.03221043821725,13974800,MSFT
2025-05-30,455.8537902832031,457.16087682654637,451.08099341488645,455.2200705832806,34770500,MSFT
2025-06-02,457.4480895996094,457.5867035205711,452.41782757710985,452.6653804963421,16626500,MSFT
2025-06-03,458.4382629394531,459.59682380087423,456.3489007620485,456.95294554827,15743800,MSFT
2025-06-04,459.3294677734375,461.1316602074749,458.48778183720145,459.4582001214203,14162700,MSFT
2025-06-05,463.1021728515625,465.05289099241804,459.487906406924,460.40879598021155,20131700,MSFT
2025-06-06,465.7757568359375,468.7067748339504,464.19141216551986,465.4885869985769,15285600,MSFT
2025-06-09,468.12255859375,468.7958952647425,464.0329796350046,465.10242514198006,16469900,MSFT
2025-06-10,466.31048583984375,468.172058367284,462.38922592870773,466.57783210788693,15375900,MSFT
2025-06-11,467.9938049316406,470.81591405576256,465.0627870357861,465.41924870930376,16399200,MSFT
2025-06-12,474.1826171875,475.7174632765806,468.88497916047487,470.3702965389571,18950600,MSFT
2025-06-13,470.3109130859375,474.48960742449077,468.13246560456287,471.74673205457395,16814500,MSFT
2025-06-16,474.45001220703125,475.98482813726486,470.3505215770748,470.5584575569121,15626100,MSFT
2025-06-17,473.36077880859375,474.0539088222925,469.4395189734987,470.7466055851971,15414100,MSFT
2025-06-18,475.5392150878906,476.29178558337986,469.81579317674493,473.3211507460615,17526500,MSFT
2025-06-20,472.72705078125,478.72773115460745,472.2022397987241,477.50979012623617,37576200,MSFT
2025-06-23,481.24285888671875,482.97572926336846,467.8849134818946,473.52910172023695,24864000,MSFT
2025-06-24,485.3125915527344,487.0355802812341,482.03499358247046,484.16397269221426,22305600,MSFT
2025-06-25,487.45147705078125,489.71907018583636,484.59969288856837,487.2237477118272,17495100,MSFT
2025-06-26,492.580810546875,493.1650318097281,487.98621386300664,488.15456314430565,21578900,MSFT
2025-06-27,491.0855712890625,494.4126679494895,488.2040517426954,492.6797975508017,34539200,MSFT
2025-06-30,492.54119873046875,495.85841392483957,490.4815414994746,492.17482524139086,28369000,MSFT
2025-07-01,487.2336120605469,493.1748817381986,486.1741086010328,491.61036068604886,19945400,MSFT
2025-07-02,486.2830505371094,488.66946431331223,483.9164603345879,485.1938116448169,16319600,MSFT
2025-07-03,493.95721435546875,495.2345959448005,488.61007707252077,488.9764505765557,13984800,MSFT
2025-07-07,492.84814453125,493.86806132382594,490.38252718836065,492.51147619590915,13981600,MSFT
2025-07-08,491.7588806152344,493.3234318678901,489.2734398258723,492.37280697303856,11846600,MSFT
2025-07-09,498.5814514160156,501.8194324629264,494.84833435120834,495.4028504286207,18659500,MSFT
2025-07-10,496.57135009765625,499.502368126141,492.8778497571002,498.12595942487985,16492100,MSFT
2025-07-11,498.393310546875,500.0865639242522,492.9273231662245,493.5907782355643,16459500,MSFT
2025-07-14,498.09625244140625,499.0369655948213,496.1257409313552,496.6109349689791,12058800,MSFT
2025-07-15,500.86883544921875,503.3245408608939,497.8684955298327,498.09622485625505,14927200,MSFT
2025-07-16,500.67083740234375,501.760076321519,496.97736708309617,500.23514183467364,15154400,MSFT
2025-07-17,506.6913146972656,508.34495123446135,500.67081092720053,500.7302212088446,17503100,MSFT
2025-07-18,505.05743408203125,509.6025320949179,502.4630844244223,509.4440643876484,21209700,MSFT
2025-07-21,505.0673522949219,507.0775109565722,500.6014880788464,501.75013722027745,14066800,MSFT
2025-07-22,500.3242492675781,506.1962275502158,500.3242492675781,505.9684679829346,13868600,MSFT
2025-07-23,500.9183349609375,501.8293429250601,495.79895793496456,501.78972599996087,16396600,MSFT
2025-07-24,505.87933349609375,508.6420022469781,502.334358860161,503.7899711970312,16107000,MSFT
2025-07-25,508.681640625,513.2167663968169,505.3643953860848,507.4537274302719,19125700,MSFT
2025-07-28,507.48345947265625,509.9589885432546,505.12675096242896,509.0480107678364,14308000,MSFT
2025-07-29,507.55279541015625,512.5533521818816,506.5526719682665,510.4838436674275,16469200,MSFT
2025-07-30,508.2162170410156,510.89971236727115,504.4534248625209,510.12731827097724,26380400,MSFT
2025-07-31,528.27783203125,550.0129864113624,526.6935178159886,549.7951084550788,51617300,MSFT
2025-08-01,518.9797973632812,530.5553736121248,515.7616096000787,529.7632164041114,28977600,MSFT
2025-08-04,530.39697265625,532.981410508703,522.960473635689,523.0991177691142,25349000,MSFT
2025-08-05,522.5841674804688,532.0406760929504,522.0791498987046,531.9218555369729,19171600,MSFT
2025-08-06,519.8016967773438,526.4955370830186,518.9006307843745,525.70337986457,21355700,MSFT
2025-08-07,515.7418212890625,522.9208551796034,512.483986539974,521.6434435727333,16079100,MSFT
2025-08-08,516.9301147460938,519.5244646686413,514.3258530361145,517.4846309027208,15531000,MSFT
2025-08-11,516.6627807617188,522.4258201385037,514.6327984158801,517.1875615378566,20194400,MSFT
2025-08-12,524.0596313476562,525.7825900386109,517.5836685759962,518.6233787752558,18667000,MSFT
2025-08-13,515.484375,527.4857348349631,514.2861971986356,526.9014833945702,19619200,MSFT
2025-08-14,517.36572265625,520.8017882377586,515.0486614235291,517.4449565045493,20269100,MSFT
2025-08-15,515.078369140625,520.9503168823401,513.9990723038397,517.6529556536844,25213300,MSFT
2025-08-18,512.0383911132812,517.7024328589179,508.9885829187347,516.4844919382945,23760600,MSFT
2025-08-19,504.78021240234375,510.1174378041072,503.57215290768977,509.9590305231463,21481000,MSFT
2025-08-20,500.7698059082031,505.99812188843293,499.50233628326436,504.8791779580457,27723000,MSFT
2025-08-21,500.1251220703125,503.48747238505433,498.6175369804135,499.57962247206007,18443300,MSFT
2025-08-22,503.0907287597656,506.56216679087737,498.310055406757,500.1350363394598,24324200,MSFT
2025-08-25,500.1449890136719,504.04291093011733,500.00611695670057,502.4956437530773,21638600,MSFT
2025-08-26,497.943115234375,500.85912581033193,494.4419229807315,500.2441598895975,30835700,MSFT
2025-08-27,502.604736328125,503.1502662118434,495.8205578102606,497.9034268047853,17277900,MSFT
2025-08-28,505.4810791015625,506.91922816363694,501.3748491905692,502.95187030654046,18015600,MSFT
2025-08-29,502.55511474609375,505.44137107101903,500.3730559294206,504.5090396010348,20961600,MSFT
2025-09-02,500.9979248046875,501.87074834041937,492.75574161607386,496.38587753866574,18128000,MSFT
2025-09-03,501.22607421875,503.64616490840893,498.220801883355,499.6788070917271,16345100,MSFT
2025-09-04,503.82470703125,504.00323087503085,499.0440334241921,500.1846427841772,15509500,MSFT
2025-09-05,490.9605407714844,507.79205789513924,488.35199810583333,504.9157294675595,31994800,MSFT
2025-09-08,494.1344299316406,497.1099483047291,490.990285532587,494.0451377441344,16771000,MSFT
2025-09-09,494.34271240234375,498.15137232357364,493.63851485593227,497.33805669614713,14410500,MSFT
2025-09-10,496.2867126464844,499.1233892811019,492.66650462093776,498.8754294126598,21611800,MSFT
2025-09-11,496.9215393066406,499.0639163525314,493.81707669294536,498.15141065447875,18881600,MSFT
2025-09-12,505.73895263671875,508.367321245748,499.73833579713096,502.5154742767582,23624900,MSFT
2025-09-15,511.1543884277344,511.2634762434591,502.86262476523797,504.63802593930427,17143800,MSFT
2025-09-16,504.8859558105469,513.0090929577493,504.449544036503,512.6619733694059,19711900,MSFT
2025-09-17,505.85797119140625,507.11762672901375,501.8013512662406,506.4530809454648,15816600,MSFT
2025-09-18,504.3008117675781,508.88310546808697,503.51725007824297,507.31598208941665,18913700,MSFT
2025-09-19,513.7034301757812,515.0622454615835,506.1456179521661,506.39357782967863,52474100,MSFT
2025-09-22,510.2518310546875,513.5149611406991,508.35738375283694,511.3825425873763,20009300,MSFT
2025-09-23,505.074462890625,510.3907385966617,503.17011764420596,509.6071466116137,19799600,MSFT
2025-09-24,505.9869079589844,508.29788064425674,502.7832857896144,506.215041937542,13533700,MSFT
2025-09-25,502.892333984375,505.8480263178102,500.91858324777104,504.1519591362548,15786500,MSFT
2025-09-26,507.28619384765625,509.74596656687834,502.4856945681329,505.8976246789574,16213100,MSFT
2025-09-29,510.4005126953125,512.6321512651683,504.7272205888506,507.3258348805616,17617800,MSFT
2025-09-30,513.7232666015625,513.9315141469417,505.5009089039439,509.05168089535164,19728200,MSFT
2025-10-01,515.4688720703125,516.2623314762835,507.51430077675985,510.5989067561486,22632300,MSFT
2025-10-02,511.53131103515625,517.343476169315,506.5126054199375,513.4158303625842,21222900,MSFT
2025-10-03,513.1281127929688,516.2425031799986,510.7973143114264,512.8801529316524,15112300,MSFT
2025-10-06,524.256591796875,526.6965386672223,513.9712214168786,514.377848960065,21388600,MSFT
2025-10-07,519.7040405273438,525.4765536672338,517.1847899970462,523.9788663400786,14615200,MSFT
2025-10-08,520.56689453125,522.6497936321297,518.8213080060119,519.0097599169904,13363400,MSFT
2025-10-09,518.136962890625,520.0512058016051,513.1777655449532,518.07745494396,18343600,MSFT
2025-10-10,506.790283203125,519.3073226434543,505.47115003636685,515.3994727403434,24133800,MSFT
2025-10-13,509.85504150390625,512.1957680051081,507.50438692257717,512.1957680051081,14284200,MSFT
2025-10-14,509.3789978027344,511.07506506957225,501.87076583985106,506.0662576446326,14684300,MSFT
2025-10-15,509.2401428222656,512.9694689959882,505.83814063109804,510.75768630195654,14694700,MSFT
2025-10-16,507.4349670410156,512.6321960787722,503.9833851231019,508.3970827878481,15559600,MSFT
2025-10-17,509.3889465332031,511.2734052578957,503.1700935064365,504.8859867353243,19867800,MSFT
2025-10-20,512.5726928710938,514.4671401409408,509.2401268135401,510.41049011219013,14665600,MSFT
2025-10-21,513.4356079101562,514.4572316509175,508.8533142722573,513.2769402267872,15586200,MSFT
2025-10-22,516.2921752929688,520.9439055438886,513.4853127480494,516.8972434708678,18962700,MSFT
2025-10-23,516.3119506835938,519.6743010066873,514.3778516149157,518.1964698863214,14023500,MSFT
2025-10-24,519.3370361328125,521.0628270774097,516.4607380708425,518.5237205252405,15532400,MSFT
2025-10-27,527.1825561523438,530.2175826339089,524.6930292943027,527.4404441110845,18734700,MSFT
2025-10-28,537.6464233398438,549.2013167264516,536.3570441492753,545.511702993095,29986700,MSFT
2025-10-29,537.1306762695312,541.8121902511471,532.3500025514267,540.4930267482002,36023000,MSFT
2025-10-30,521.4695434570312,530.6043464776645,517.8592331602406,526.1509968235328,41023100,MSFT
2025-10-31,513.5843505859375,525.0004316167937,510.896444053691,524.5640198650095,34006400,MSFT
2025-11-03,512.810791015625,520.6760707602963,510.3907002836433,515.5680732671589,22374700,MSFT
2025-11-04,510.1328430175781,511.342858187808,503.6957838776707,507.5838081580189,20958700,MSFT
2025-11-05,503.0213317871094,510.6287541811956,502.4460479183387,509.1112106662694,23024300,MSFT
2025-11-06,493.04339599609375,501.5732213085109,491.7639146320967,501.53353925537283,27406500,MSFT
2025-11-07,492.76568603515625,495.30479262227396,489.2248119110569,492.89463000746537,24019800,MSFT
2025-11-10,501.8707580566406,502.7138276367279,494.72950196106785,495.95940345274505,26101500,MSFT
2025-11-11,504.5289001464844,505.4414057875519,498.2505695472254,500.68055811559174,17980000,MSFT
2025-11-12,506.9688720703125,507.4945458106546,495.0469415436793,505.2033686484966,26574900,MSFT
2025-11-13,499.182861328125,509.309533151825,497.1991825232493,506.1455630365654,25273100,MSFT
2025-11-14,506.0166320800781,507.42505738590404,493.38060745410195,494.16416907736203,28505700,MSFT
2025-11-17,503.3486022949219,507.94082387806293,500.7896697837805,504.300789978241,19092800,MSFT
2025-11-18,489.76043701171875,498.87544447228873,482.8076324047851,491.3275301094218,33815100,MSFT
2025-11-19,483.14483642578125,491.14898819063853,478.88983663624714,486.1005289347495,23245300,MSFT
2025-11-20,475.41387939453125,490.45844852333465,472.50235794747454,489.60385435710714,26802500,MSFT
2025-11-21,469.1436462402344,475.9007957312625,465.3179114267742,475.4834301610789,31769200,MSFT
2025-11-24,471.0118103027344,473.89352206444323,465.0694984877541,472.0055061050608,34421000,MSFT
2025-11-25,473.9829406738281,476.12932719889915,461.9592459889855,471.08136597664605,28019800,MSFT
2025-11-26,482.4393310546875,485.23161394332453,478.1664510662567,483.244222260298,25709100,MSFT
2025-11-28,488.9082946777344,489.5243812398697,483.5820692635899,484.5260924315005,14386700,MSFT
2025-12-01,483.6714782714844,486.7718042788117,481.59465771305275,485.3607732415945,23964000,MSFT
2025-12-02,486.91094970703125,490.38888506208144,483.2541563831954,483.6516286444489,19562700,MSFT
2025-12-03,474.7182922363281,481.18723109312356,472.2042431453193,473.3171775583083,34615100,MSFT
2025-12-04,477.8087158203125,478.28570075231454,473.48613274494215,476.7355376297969,22318200,MSFT
2025-12-05,480.11407470703125,480.35255199911325,475.86105782216015,479.4780948278929,22608700,MSFT
2025-12-08,487.9245300292969,489.1964595164875,481.32640529111774,481.8331998835391,21965900,MSFT
2025-12-09,488.9181823730469,489.01755801519323,485.42038417588924,486.016607703579,14696100,MSFT
2025-12-10,475.5430908203125,481.1972227192708,472.0850182923752,480.9786084159209,35756200,MSFT
2025-12-11,480.422119140625,482.96597801292137,472.86007818396723,473.6252433732215,24669200,MSFT
2025-12-12,475.51324462890625,479.40854546431024,473.3370484252935,476.79512068758515,21248100,MSFT
2025-12-15,471.82666015625,477.6894594742654,469.5411415575728,477.0733729131614,23727700,MSFT
2025-12-16,473.38677978515625,474.87732355778707,467.911505956298,468.9350114671635,20705600,MSFT
2025-12-17,473.1184387207031,476.9739832708393,472.0055042784347,473.903466892556,24527200,MSFT
2025-12-18,480.92889404296875,486.5134594689822,474.8772903878124,475.17538699144035,28573500,MSFT
2025-12-19,482.8566589355469,484.77448448182145,479.4482594182398,484.2875529363844,70836100,MSFT
2025-12-22,481.8630065917969,485.64898536737695,479.6470539215635,483.0554234208069,16963000,MSFT
2025-12-23,483.7807922363281,484.75459468390824,481.6840783901604,481.922585996358,14683600,MSFT
2025-12-24,484.94342041015625,486.0762481946253,481.77352833631136,482.61817584356095,5855900,MSFT
2025-12-26,484.6353759765625,485.0427948985028,482.8964083055729,483.64168016456847,8842200,MSFT
2025-12-29,484.02923583984375,485.27135560420123,481.1276307272214,481.80333660098637,10893400,MSFT
2025-12-30,484.4068298339844,486.5929423552436,482.4393012721813,482.8665831796088,13944500,MSFT
2025-12-31,480.5711669921875,485.06269150087525,480.25317705215497,484.7645645601486,15601600,MSFT
2026-01-02,469.95849609375,481.6046121327098,467.1960229709088,481.3363251826272,25571600,MSFT
2026-01-05,469.8691101074219,473.06881210295353,466.54022279348425,471.07147364955256,25250300,MSFT
2026-01-06,475.493408203125,475.7219388392127,466.7886229022075,470.8130789419108,23037700,MSFT
2026-01-07,480.422119140625,486.6128550141313,474.936929133209,476.73551614076564,25564200,MSFT
2026-01-08,475.09588623046875,479.61722033317443,472.8600706717694,478.20615894860083,18162600,MSFT
2026-01-09,476.2585144042969,476.7951186190047,469.2231615927928,471.0714211959582,18491000,MSFT
2026-01-12,474.1717529296875,477.95773148860775,472.68120923483104,473.6649886945649,23519900,MSFT
2026-01-13,467.70281982421875,472.7805908527595,463.01257439213845,471.68751939768345,28545800,MSFT
2026-01-14,456.4839782714844,465.2483824443871,454.2879190598576,463.51933114332076,28184300,MSFT
2026-01-15,453.7811279296875,461.32327541703046,453.02590941718984,461.1940901109254,23225800,MSFT
2026-01-16,456.9609375,460.26996150673693,453.60227115836847,454.9437362325269,34246700,MSFT
2026-01-20,451.6546325683594,453.92025792216236,446.4476759522066,448.3754483517362,26130000,MSFT
2026-01-21,441.31024169921875,449.836168925793,435.9144806057656,449.74673993987386,37980500,MSFT
2026-01-22,448.2959289550781,449.9851935867555,441.89652570286836,444.79810039972057,25349400,MSFT
2026-01-23,463.0125732421875,468.1301005814363,447.6897705604439,449.02131930234236,38000200,MSFT
2026-01-26,467.3152770996094,471.2602507862521,459.0874767807031,462.3766075757791,29291200,MSFT
2026-01-27,477.5503234863281,479.82589540353166,470.17711748937944,470.7137217228436,29213900,MSFT
2026-01-28,478.5937194824219,480.69040309270366,474.9865988275796,480.16374552458444,36875400,MSFT
2026-01-29,430.76715087890625,439.7104135269112,418.36581575660404,437.2162272399066,128855300,MSFT
2026-01-30,427.577392578125,436.8286984461687,423.7616041817895,436.4014165119217,58566800,MSFT
2026-02-02,420.7010192871094,428.0245530606437,419.58808475506504,427.5277051213245,42219900,MSFT
2026-02-03,408.6176452636719,419.3893041977899,405.9843574339844,419.34957819955315,61424100,MSFT
2026-02-04,411.578857421875,417.15347618992746,406.66005118226167,408.40896545860215,45012400,MSFT
2026-02-05,391.188232421875,405.72597626088844,389.84673704915224,404.87141244319446,66289200,MSFT
2026-02-06,398.61114501953125,399.25704122003975,390.4429643868461,396.6535630940219,53515300,MSFT
2026-02-09,410.9925842285156,412.2744602868579,398.34282592261525,402.297746078297,45480500,MSFT
2026-02-10,410.6646728515625,421.0090502850332,410.0982892644293,416.97464756162884,44857900,MSFT
2026-02-11,401.8207702636719,413.8345489802859,398.4819668946231,413.5563153661985,42491000,MSFT
2026-02-12,399.30670166015625,403.6392309547976,395.5008602319473,402.4467839094351,40802400,MSFT
2026-02-13,398.7900085449219,402.98340606348665,395.54060384789733,401.90028127287496,34091600,MSFT
2026-02-17,394.3581237792969,397.9950542597942,392.04282577248057,396.7032617740463,32078800,MSFT
2026-02-18,397.08087158203125,400.02220283554806,393.82155037537984,395.62013745533494,23223400,MSFT
2026-02-19,396.8517761230469,402.7976819572589,395.0690225854118,399.07278661262325,28234000,MSFT
2026-02-20,395.6267395019531,398.5050592846536,393.56508699389525,394.51123443489973,34015200,MSFT
2026-02-23,382.918212890625,393.7642431363039,381.55374731391754,393.4057107487328,43238300,MSFT
2026-02-24,387.4299621582031,387.7884945775691,380.16937672197673,382.58959213032324,33884700,MSFT
2026-02-25,398.9831237792969,399.84960746436826,388.5852587696308,388.95376053046306,43625500,MSFT
2026-02-26,400.0986022949219,405.8453028142193,397.1306190557743,403.0765245044552,34405900,MSFT
2026-02-27,391.15484619140625,395.2183958601928,388.30640407164015,389.30236795593413,51367200,MSFT
2026-03-02,396.9413757324219,399.57073485574693,389.0533591512552,391.2743390590049,35474900,MSFT
2026-03-03,402.2996826171875,405.05852201627056,391.0851500003899,391.5532542396072,38199200,MSFT
2026-03-04,403.5645751953125,409.3710312257941,398.69429724653685,399.6504140582061,35808000,MSFT
2026-03-05,409.0224304199219,409.9486695143622,402.7677785996419,402.78771732924594,39001300,MSFT
2026-03-06,407.30938720703125,411.38287590243635,406.8612216895844,407.54843921074234,31123900,MSFT
2026-03-09,407.757568359375,408.55432729115563,401.8714182880504,403.2857003455267,30131900,MSFT
2026-03-10,404.122314453125,408.5443965203919,401.30371964643086,408.37506928692744,31706400,MSFT
2026-03-11,403.245849609375,407.35918518479474,399.96912002302975,403.9330670994013,25512100,MSFT
2026-03-12,400.238037109375,404.4808530373378,400.08864860368743,402.99687655683135,27263900,MSFT
2026-03-13,393.9534912109375,403.16615688192843,392.65875035547907,399.3815063856616,26848000,MSFT
2026-03-16,398.33575439453125,399.01300251860397,393.1965772756644,396.4633374914087,27733700,MSFT
2026-03-17,397.79791259765625,402.7677623283013,396.1446090107731,398.6544268926901,26228300,MSFT
2026-03-18,390.2087097167969,396.39363710184665,389.42188971563326,395.5271533612366,25908500,MSFT
2026-03-19,387.4498596191406,390.90585551603124,385.4977789148814,388.52551763585893,25138800,MSFT
2026-03-20,380.3287353515625,385.43803509853177,378.58579850034175,385.22889118681917,50853200,MSFT
2026-03-23,381.4541931152344,385.64719283721575,380.1395134056624,382.3505545919761,29680100,MSFT
2026-03-24,371.2355651855469,380.9263046350485,370.34917314154325,380.8167328036651,42733600,MSFT
2026-03-25,369.5424499511719,375.5381416220395,368.13813722010167,375.39872248264555,31181200,MSFT
2026-03-26,364.492919921875,373.2076042912997,363.71606927386256,369.3233510512375,36836600,MSFT
2026-03-27,355.33001708984375,360.9871149414508,355.07108715320055,360.43931657918756,37883400,MSFT
2026-03-30,357.51116943359375,363.8853318939423,354.8419936524484,360.4393055378546,44797000,MSFT
2026-03-31,368.67596435546875,371.3949263066763,361.6046146993887,363.07862179545566,45244400,MSFT
2026-04-01,367.8791809082031,372.48052926345224,366.7139201659809,371.98254731341393,29417200,MSFT
2026-04-02,371.9526672363281,372.1319638369453,362.680245817395,365.7278929006101,24099100,MSFT
2026-04-06,371.375,372.22157533941066,368.0086373714944,371.98252335059567,16146600,MSFT
2026-04-07,370.78741455078125,370.9467724245638,365.080530373921,368.8452727581139,21443300,MSFT
2026-04-08,372.81915283203125,383.4461010048471,369.9109552686541,383.426192668859,33064800,MSFT
2026-04-09,371.56427001953125,371.99252721403565,365.5685477188417,370.9965632857518,30435300,MSFT
2026-04-10,369.3731384277344,374.12390583360843,368.5365323725683,371.47463812837884,28111100,MSFT
2026-04-13,382.8186340332031,382.98796126737693,369.5225100750242,372.10205289266787,35745800,MSFT
2026-04-14,391.5233459472656,393.09698589720546,384.95994763093,386.3543213772784,37504500,MSFT
2026-04-15,409.5602722167969,412.69755239260473,395.1287651714373,396.3936283702306,45063400,MSFT
2026-04-16,418.56378173828125,419.12151906860663,410.4765600541581,418.16537187855886,41642400,MSFT
2026-04-17,421.0835876464844,429.83808848207923,418.99205736838906,423.10539315661504,48568200,MSFT
2026-04-20,416.38262939453125,421.6213787702164,414.6197538627068,419.4501847919345,27582200,MSFT
2026-04-21,422.44805908203125,425.4558591722327,415.51615872358184,418.54386715015573,32048500,MSFT
2026-04-22,431.1726989746094,431.9495495900464,421.9600330275293,424.4698510786937,29378200,MSFT
2026-04-23,414.07196044921875,421.9500379562064,409.7494810939023,418.19526527607866,38308000,MSFT
2026-04-24,422.90618896484375,423.23487407473965,414.12178001797366,415.28707116170386,27457400,MSFT
2026-04-27,423.1053771972656,425.38611256831246,415.3866572294081,420.6752229306716,30867300,MSFT
2026-04-28,427.5174865722656,428.1847957314844,420.197146128082,422.8563830057505,30438100,MSFT
2026-04-29,422.7467956542969,425.0972860808559,418.59364353468584,422.866306449911,38288300,MSFT
2026-04-30,406.1341552734375,412.74737011555624,396.4035989759817,409.15192465494977,70909400,MSFT
2026-05-01,412.76727294921875,415.4264794885345,408.7834174283456,411.1338775963461,31372400,MSFT
2026-05-04,411.9505615234375,419.0816663151199,409.14193618030583,409.87897009526375,28066500,MSFT
2026-05-05,409.7196350097656,415.09783400354706,407.1500311208482,413.6437352165572,25700900,MSFT
2026-05-06,412.2891845703125,416.73120520087787,403.4748984673602,406.3532485673598,30285900,MSFT
2026-05-07,419.07171630859375,426.25263786097554,417.06984955189336,418.41437649189606,34942400,MSFT
2026-05-08,413.44451904296875,416.9403619714099,412.32904436576047,415.70537649227293,33383800,MSFT
2026-05-11,410.99444580078125,411.02432350049145,403.86334099070683,406.22377045102496,35657900,MSFT
2026-05-12,406.1241760253906,413.8229876767416,404.9987623844293,412.8071154720842,38594200,MSFT
2026-05-13,403.57452392578125,404.6700902960666,399.41140211310335,401.57265715241186,29667100,MSFT
2026-05-14,407.7774963378906,410.1777730080913,399.2620170659624,402.847493220503,27077500,MSFT
2026-05-15,420.2170715332031,426.4418454559798,411.2434277199191,412.5979239362014,50771200,MSFT
2026-05-18,421.83056640625,423.40417602339767,413.9325494355234,414.93848271907115,32564100,MSFT
2026-05-19,415.7352600097656,430.9535870211983,414.808990493047,428.16486989475214,33018700,MSFT
2026-05-20,419.36053466796875,420.3963455784958,409.63991780241736,412.49835957243755,27864000,MSFT
2026-05-21,418.3025207519531,425.5388979071037,414.92886694253497,423.9518891931334,31393500,MSFT
2026-05-22,417.7835388183594,423.60257118762803,415.54772693408205,418.7517174636334,22390300,MSFT
2026-05-26,415.248291015625,418.9812539216563,412.24393696715845,415.6475333356961,30398000,MSFT
2026-05-27,411.8946228027344,415.15846763645,408.8104019854481,410.23773822181624,28901500,MSFT
2026-05-28,426.18768310546875,428.68298564682067,411.89461329838434,412.2040283766931,47250500,MSFT
2026-05-29,449.3940124511719,449.48383969057267,431.54760317786213,431.7372486144539,79654400,MSFT
2026-06-01,459.6546936035156,465.4438139523178,457.40892124774234,463.96658383705716,53628900,MSFT
2026-06-02,440.48077392578125,452.64787129328397,439.6024225764256,446.0403151791343,37036800,MSFT
2026-06-03,426.53704833984375,439.56254639446627,423.45285793258154,437.62618910935214,39037000,MSFT
2026-06-04,427.2456970214844,435.33048350032107,425.60879436274143,434.9911260035114,26899500,MSFT
2026-06-05,415.8870849609375,428.66302140752947,413.6213308264138,427.5351398188391,34782200,MSFT
2026-06-08,410.9663391113281,416.37616844333525,407.79232157753756,413.3618539280056,32086700,MSFT
2026-06-09,402.6520080566406,411.20591258759293,397.7312786929967,408.26144336727174,35317300,MSFT
2026-06-10,396.61334228515625,404.2789346443135,396.41373636313654,397.80110870103243,32576000,MSFT
2026-06-11,389.6065673828125,396.1043451719433,383.278483574852,394.46741202742857,47224100,MSFT
2026-06-12,390.00579833984375,391.003919361718,381.55171206615995,390.6945042817559,34865800,MSFT
2026-06-15,399.0088806152344,400.99513175706005,392.11186050588947,396.05442037645633,32266400,MSFT
2026-06-16,393.0899963378906,396.094350419825,389.9559121071713,395.0463355104342,31506800,MSFT
2026-06-17,378.1980285644531,389.6364865987809,376.6110198431126,389.51671695343225,41987800,MSFT
2026-06-18,378.6871032714844,380.6534028700893,372.5786075934489,377.11008548581106,59714200,MSFT
2026-06-22,366.6497802734375,380.9129385065033,366.3802985575179,375.0339909424311,45171100,MSFT
2026-06-23,373.23736572265625,376.51120135394876,369.9735210485466,371.6802994138851,40647600,MSFT
2026-06-24,364.7733154296875,378.16811350773463,364.09460041679364,370.87185096853153,44509900,MSFT
2026-06-25,352.1670227050781,363.5456265920902,348.54386902384044,362.0883479855026,66179000,MSFT
2026-06-26,372.2691955566406,375.90234020580533,354.762144454129,356.4789138154501,186201600,MSFT
2026-06-29,367.8774719238281,379.7850483907747,359.2237492715265,376.790685328561,51229900,MSFT
2026-06-30,372.319091796875,373.44697342275583,366.7595808670141,370.3328407149792,44945700,MSFT
2026-07-01,383.5579528808594,388.09939143880604,374.18561213385976,380.1144231011508,48065800,MSFT
2026-07-02,389.7562561035156,391.4630649298244,382.97903650468743,383.7575696594082,42128900,MSFT
2026-07-06,386.0133056640625,388.418780928489,380.5036887115837,386.31276024010407,34224500,MSFT
2026-07-07,388.109375,394.8267404517197,387.4905448392632,391.75251064257776,29297500,MSFT
2026-07-08,382.6197204589844,384.58602015004215,380.6134873969759,383.3084264217563,25908300,MSFT
2026-07-09,383.6377868652344,383.92725049460796,372.64849496928053,373.74643420118315,31083200,MSFT
2026-07-10,384.37640380859375,391.1736053926777,380.783162110783,387.07131223677504,24644600,MSFT
2026-07-13,390.2553405761719,392.91034623109437,383.4281962321871,387.02143811329415,28914900,MSFT
2026-07-14,384.20672607421875,387.46061042423804,377.93852713765,382.1007052927433,27863900,MSFT
2026-07-15,394.8866271972656,398.2103568181361,385.6739591427675,387.07132248997675,36253700,MSFT
2026-07-16,400.3463439941406,405.2271399033625,391.31333055964967,397.56157784187184,37047400,MSFT
2026-07-17,393.08001708984375,397.64143734197864,388.6583483977542,394.1180409920291,33049800,MSFT
2026-07-20,401.53411865234375,402.4224305318551,388.91785418191677,390.67455694621333,27915800,MSFT
2026-07-21,397.00262451171875,400.7156358198418,395.57531880381754,398.0606303262699,24126600,MSFT
2026-07-22,389.6065673828125,400.246541441447,386.2329133568751,398.8291961465565,28142500,MSFT
2026-07-23,380.8630065917969,391.04385321150613,376.68090752842744,389.23725659651495,30351800,MSFT
2026-07-24,380.9828186035156,388.29903252889795,379.9347732203772,386.32274187573427,27659400,MSFT
2026-07-27,388.368896484375,393.45931979821836,387.2609663085435,389.3470355932277,27856200,MSFT
2026-07-28,392.61090087890625,399.56780545733704,390.5647345556998,392.4212554523594,32367500,MSFT
2026-07-29,389.8061828613281,400.4960502148319,388.00954678983055,392.6607942930367,47209000,MSFT
2026-07-30,450.2524108886719,457.8281459885008,431.6274684759506,437.07720086969465,110160700,MSFT
2026-07-31,463.8468017578125,465.962813447145,448.4857046349594,449.1544591210436,60846000,MSFT
2026-08-03,486.73370361328125,490.7261876465455,474.10747895013026,475.2353605631651,66762100,MSFT
2026-08-04,491.884033203125,498.50158065157444,478.2696778930625,479.99640781848416,50455500,MSFT
2026-08-05,486.5440673828125,497.3038108374591,484.7674131728324,495.42733843271316,33388900,MSFT
2026-08-06,498.9207458496094,500.61756372489685,487.60205742358346,487.6319998350186,36441500,MSFT
2026-08-07,499.0505065917969,504.23075699317457,497.79289485093346,498.2719734340298,28846200,MSFT
2026-08-10,505.109130859375,512.7647021753171,501.32624359045303,502.4940586092805,31206100,MSFT
2026-08-11,502.86334228515625,504.38047525067043,498.61133704649393,503.3823542433026,23049800,MSFT
2026-08-12,491.5047302246094,500.557695253814,490.59643643442394,499.0505227551261,29001500,MSFT
2026-08-13,495.9463806152344,500.3979918654044,492.0836571155829,492.34314786956145,23039000,MSFT
2026-08-14,494.4691467285156,499.07050046550256,492.991947114923,495.42733437790497,16217600,MSFT
2026-08-17,479.44744873046875,491.73431632358415,477.51109147171053,489.21906226283284,29635800,MSFT
2026-08-18,480.72503662109375,483.36006030134655,476.2534434403709,480.6352093836093,24087600,MSFT
2026-08-19,483.3999938964844,488.3806080919379,478.4592826108848,479.16797047398614,19961900,MSFT
2026-08-20,481.1499938964844,484.1600036621094,479.5,483.29998779296875,20020800,MSFT
2026-08-21,483.239990234375,486.3599853515625,478.5299987792969,479.8800048828125,22510800,MSFT
2026-08-24,487.30999755859375,490.6099853515625,481.8599853515625,483.2099914550781,17230800,MSFT
2026-08-25,491.7099914550781,492.44000244140625,484.29998779296875,485.44000244140625,19519000,MSFT
2026-08-26,496.3699951171875,497.3999938964844,487.30999755859375,487.8500061035156,20758900,MSFT
2026-08-27,505.05999755859375,506.4800109863281,490.0799865722656,494.8800048828125,28688800,MSFT
2026-08-28,513.530029296875,517.780029296875,504.8699951171875,505.3299865722656,29207300,MSFT
2026-08-31,507.2900085449219,512.1900024414062,506.3900146484375,510.3800048828125,27208900,MSFT
2026-09-01,501.0199890136719,505.9700012207031,496.7799987792969,497.5199890136719,21046900,MSFT
2026-09-02,496.82000732421875,500.2699890136719,493.80999755859375,499.8500061035156,15336100,MSFT
2026-09-03,510.1199951171875,515.6500244140625,500.79998779296875,501.6600036621094,24125900,MSFT
2026-09-04,499.70001220703125,511.0,499.3599853515625,510.0,18101800,MSFT
2026-09-08,493.95001220703125,495.19000244140625,490.1499938964844,493.010009765625,18882300,MSFT
2026-09-09,491.6499938964844,494.3900146484375,489.79998779296875,493.07000732421875,12889600,MSFT
2026-09-10,492.44000244140625,494.5199890136719,486.0,488.32000732421875,16038800,MSFT
2026-09-11,495.6300048828125,498.9700012207031,492.5799865722656,495.6499938964844,14510500,MSFT
2026-09-14,505.4100036621094,509.95001220703125,495.3399963378906,497.05999755859375,23091900,MSFT
2026-09-15,497.1199951171875,505.8999938964844,495.5400085449219,500.05999755859375,17794600,MSFT
2026-09-16,490.29998779296875,495.9700012207031,487.2300109863281,493.0299987792969,16670300,MSFT
2026-09-17,497.75,501.4700012207031,493.1700134277344,497.79998779296875,17841600,MSFT
2026-09-18,493.7799987792969,498.6499938964844,491.1000061035156,497.9700012207031,39622300,MSFT
2026-09-21,501.6099853515625,501.8699951171875,491.3299865722656,494.95001220703125,27959900,MSFT
2026-09-22,498.0,508.5,493.6499938964844,507.32000732421875,21652800,MSFT
2026-09-23,500.5899963378906,509.44000244140625,495.8800048828125,500.760009765625,19445600,MSFT
2026-09-24,497.92999267578125,498.8999938964844,491.2200012207031,495.07000732421875,16657600,MSFT
2026-09-25,516.1699829101562,519.4000244140625,497.25,499.0400085449219,38193100,MSFT
2026-09-28,509.2200012207031,513.3300170898438,502.2200012207031,505.4700012207031,19626900,MSFT
2026-09-29,508.9599914550781,513.6400146484375,502.3999938964844,508.30999755859375,21341800,MSFT
2026-09-30,512.9000244140625,519.8300170898438,510.30999755859375,511.6099853515625,27223300,MSFT
2026-10-01,512.7999877929688,522.8499755859375,512.1699829101562,519.8800048828125,19731900,MSFT
2026-10-02,517.530029296875,522.5,513.6599731445312,519.3900146484375,17803300,MSFT
