Date,Close,High,Low,Open,Volume,Ticker
2005-09-30,0.26129791140556335,0.263660563507233,0.25862975640092256,0.25916301666575003,458832000,NVDA
2005-10-03,0.26846274733543396,0.27036805853181217,0.2622126265742356,0.2643466220013978,549888000,NVDA
2005-10-04,0.2649567425251007,0.27402683011261597,0.2643466361901509,0.2696061284403876,514476000,NVDA
2005-10-05,0.2561902105808258,0.26526122169344296,0.25458950324448665,0.26526122169344296,599184000,NVDA
2005-10-06,0.2552756071090698,0.2598490736276202,0.24757751638173722,0.25588568614898805,685512000,NVDA
2005-10-07,0.2519981563091278,0.25832509352896416,0.2500160271077252,0.2557328582425056,551952000,NVDA
2005-10-10,0.24559535086154938,0.2537516811861094,0.2455194317427048,0.25329434005258844,459216000,NVDA
2005-10-11,0.24254673719406128,0.24864409354912353,0.23972581643288854,0.24651009787889214,540048000,NVDA
2005-10-12,0.24544264376163483,0.2491782741913145,0.24155520231841218,0.2418607052864093,657660000,NVDA
2005-10-13,0.2441473752260208,0.2452907416624019,0.2347717595436937,0.2449093196568743,509304000,NVDA
2005-10-14,0.2441473752260208,0.2489495251628237,0.2401071697200714,0.2458999482790064,311256000,NVDA
2005-10-17,0.24650992453098297,0.24894942146181667,0.24429911169616855,0.24429911169616855,243912000,NVDA
2005-10-18,0.24246980249881744,0.24788205820361006,0.24086909506671028,0.2474247171172943,299832000,NVDA
2005-10-19,0.24041175842285156,0.24079318040520695,0.23256093165938738,0.2393452380084953,635952000,NVDA
2005-10-20,0.2420893907546997,0.24712019895711287,0.23972581129780623,0.2407932589002863,359520000,NVDA
2005-10-21,0.24346137046813965,0.2469673887977632,0.24178381699816978,0.24620544438789096,298368000,NVDA
2005-10-24,0.2500929534435272,0.2500929534435272,0.24338459140040847,0.24559540570284893,291012000,NVDA
2005-10-25,0.25169360637664795,0.2524555508293538,0.24734882469779507,0.24841534520753225,334680000,NVDA
2005-10-26,0.24483340978622437,0.2523028153032047,0.24445198776629198,0.2517695277834836,415344000,NVDA
2005-10-27,0.2397257387638092,0.24605267690628937,0.23896379436140477,0.24529073250388492,227784000,NVDA
2005-10-28,0.24712008237838745,0.24757742340649047,0.2343902891328454,0.240335804278186,464640000,NVDA
2005-10-31,0.2557328939437866,0.25748636650059015,0.24811075122667847,0.24811075122667847,432420000,NVDA
2005-11-01,0.2526082992553711,0.2576391059360845,0.2506261425047265,0.2557328955596411,400488000,NVDA
2005-11-02,0.2672433853149414,0.26754796132894415,0.25154083302191493,0.2526841993295599,523668000,NVDA
2005-11-03,0.2641180157661438,0.2705967954113353,0.2619840469688195,0.2690729330963813,465072000,NVDA
2005-11-04,0.2596203088760376,0.2648797991931335,0.25687623526798825,0.26427061992250694,570276000,NVDA
2005-11-07,0.2584769129753113,0.26190701140722783,0.2574103927689177,0.2609923293960497,370824000,NVDA
2005-11-08,0.25367486476898193,0.2596972279451896,0.25253149817202425,0.2594685437217941,538968000,NVDA
2005-11-09,0.26510852575302124,0.2667860793007405,0.25131218187990345,0.25420902100396264,818880000,NVDA
2005-11-10,0.2552756071090698,0.28027783470138556,0.25032161810087605,0.27433234458327643,2503620000,NVDA
2005-11-11,0.25946852564811707,0.2625172031675345,0.25634302942603665,0.2574863959433514,545928000,NVDA
2005-11-14,0.2649567425251007,0.2667861346895325,0.2555811247198956,0.259544485166019,493668000,NVDA
2005-11-15,0.2655658721923828,0.2690728175948225,0.2647280086119977,0.2665574004331867,496200000,NVDA
2005-11-16,0.2646511197090149,0.2673193015178888,0.2594684752467574,0.2658713319519762,455280000,NVDA
2005-11-17,0.27639028429985046,0.27661896843933736,0.2637364104082425,0.2668619329612297,703260000,NVDA
2005-11-18,0.2758561670780182,0.27959179663401074,0.27044483764216537,0.27730503644104426,465768000,NVDA
2005-11-21,0.2807351350784302,0.2811924761673705,0.274332278053254,0.27616164240901514,454704000,NVDA
2005-11-22,0.2882045805454254,0.2909486549869086,0.27997232996096544,0.28218314407616885,731700000,NVDA
2005-11-23,0.28736674785614014,0.2915587927298836,0.28584195900184933,0.288510114601747,411948000,NVDA
2005-11-25,0.2901866137981415,0.29064395479979366,0.28675648813575305,0.2887386444362319,116676000,NVDA
2005-11-28,0.2887386679649353,0.2934639710804181,0.28355509697049425,0.2909485544763569,424524000,NVDA
2005-11-29,0.27044492959976196,0.27936320742673154,0.269224744019143,0.27166421559984966,1043136000,NVDA
2005-11-30,0.27555155754089355,0.2769235807779579,0.26846267540604846,0.2685385945158461,575448000,NVDA
2005-12-01,0.2788289785385132,0.2801251103305486,0.2748656181293218,0.27783837696132063,562032000,NVDA
2005-12-02,0.27890586853027344,0.28081118011186695,0.275170237672019,0.28012515454082537,334476000,NVDA
2005-12-05,0.2737222909927368,0.27951504438626334,0.27280758115687903,0.27951504438626334,387708000,NVDA
2005-12-06,0.2748655378818512,0.27860024021977414,0.27379809064238647,0.2741795126193667,375252000,NVDA
2005-12-07,0.2753230035305023,0.277609737266668,0.27059677092623635,0.27593310995766684,352668000,NVDA
2005-12-08,0.27311208844184875,0.2774568972977962,0.2699874919912238,0.2738749324602247,386664000,NVDA
2005-12-09,0.27699950337409973,0.27738095260812806,0.270139305322424,0.2739508263222863,262896000,NVDA
2005-12-12,0.2810397446155548,0.2816498508402723,0.27730504182725385,0.2777624102307349,281136000,NVDA
2005-12-13,0.2846985161304474,0.2871380140849322,0.27951494417224926,0.2815729928600327,443412000,NVDA
2005-12-14,0.2820303738117218,0.28393658434993707,0.2786770930401114,0.28256453365693646,287472000,NVDA
2005-12-15,0.2784484028816223,0.28393655047892435,0.27555156401966463,0.2818016559932131,332724000,NVDA
2005-12-16,0.2808869481086731,0.2821071330431677,0.276770824157376,0.2794389786002719,1065600000,NVDA
2005-12-19,0.27623748779296875,0.2835550523029794,0.2755514899726525,0.28149697706204013,292296000,NVDA
2005-12-20,0.27608487010002136,0.2801250759878073,0.27242608625381093,0.27593303185162404,304356000,NVDA
2005-12-21,0.27555155754089355,0.2796676817720938,0.2730361407162702,0.2773809491169829,289380000,NVDA
2005-12-22,0.28393661975860596,0.28424122311940025,0.27524702789264,0.2753229470227467,318336000,NVDA
2005-12-23,0.28614646196365356,0.2865278839384698,0.28279318162173556,0.28469849233555805,214536000,NVDA
2005-12-27,0.28789985179901123,0.2910253742067954,0.2849271216837859,0.28584180367924006,367968000,NVDA
2005-12-28,0.29056814312934875,0.29148282547082205,0.2860705960269868,0.2878999607099334,264420000,NVDA
2005-12-29,0.2840883731842041,0.29133002015346604,0.28286908778478476,0.2904153107638775,310464000,NVDA
2005-12-30,0.2786770761013031,0.28256451648183817,0.27753370967996893,0.28248769778562377,229608000,NVDA
2006-01-03,0.2913300395011902,0.2934640071719158,0.2793630883543766,0.2802777705447081,472812000,NVDA
2006-01-04,0.2994864583015442,0.299943826834508,0.2904913620864891,0.29354096723318074,510072000,NVDA
2006-01-05,0.3062698543071747,0.30680404158678926,0.2990291305549097,0.2995623909939697,646092000,NVDA
2006-01-06,0.3113005757331848,0.31244394217643107,0.2976569971119162,0.3097766868623279,623388000,NVDA
2006-01-09,0.3199900984764099,0.3216676243878457,0.3104626465178716,0.3111486444307267,560484000,NVDA
2006-01-10,0.3200669586658478,0.3200669586658478,0.3144260460285969,0.3184662512282632,339660000,NVDA
2006-01-11,0.33165252208709717,0.3334818866285971,0.31983833496669245,0.3203715952212198,626304000,NVDA
2006-01-12,0.32692718505859375,0.33668332327100886,0.3245636334632263,0.3315765972310734,495504000,NVDA
2006-01-13,0.32403039932250977,0.3288325224377414,0.3194569058994185,0.3261643673158486,421296000,NVDA
2006-01-17,0.323801726102829,0.3239544911962176,0.31534079160588585,0.31960968183778554,329232000,NVDA
2006-01-18,0.32547837495803833,0.32654582248314284,0.31099603049918745,0.313968789258769,459948000,NVDA
2006-01-19,0.3435435891151428,0.34804113667107034,0.3292140095671086,0.32982318904932423,914760000,NVDA
2006-01-20,0.3339392840862274,0.34804110495100177,0.3338633649604679,0.3440777449462263,461604000,NVDA
2006-01-23,0.3358455300331116,0.3386655237661771,0.3319580887457253,0.33653155549794733,334884000,NVDA
2006-01-24,0.3375219702720642,0.344534931626861,0.33569260639167103,0.3366072883318676,388896000,NVDA
2006-01-25,0.3345494270324707,0.3414096271922859,0.3305092206186622,0.33919881293976395,400236000,NVDA
2006-01-26,0.34598308801651,0.346287691388021,0.337293495844821,0.3394274640861513,448836000,NVDA
2006-01-27,0.3525386452674866,0.35642608577059737,0.3475837301654015,0.35048056928818794,385044000,NVDA
2006-01-30,0.34857437014579773,0.35444394044073524,0.34697363524537594,0.35406251841579184,315780000,NVDA
2006-01-31,0.34270572662353516,0.3487271633770012,0.34003757118548367,0.34682185211004474,384456000,NVDA
2006-02-01,0.34293442964553833,0.3443064806361936,0.3352354386022897,0.3365315704558359,450852000,NVDA
2006-02-02,0.3324912190437317,0.34628756029749785,0.33195795889536994,0.34605887614533515,473736000,NVDA
2006-02-03,0.33553990721702576,0.3396560312756812,0.3292898156524286,0.3303572628254398,504252000,NVDA
2006-02-06,0.34499233961105347,0.34537286198344935,0.33317725488517175,0.33462522442844517,363468000,NVDA
2006-02-07,0.3327198922634125,0.34567834242682727,0.3325671272203071,0.34567834242682727,399408000,NVDA
2006-02-08,0.34232425689697266,0.34232425689697266,0.33371058503716444,0.33371058503716444,393072000,NVDA
2006-02-09,0.336531400680542,0.348727006549219,0.3343965065540339,0.34339159765292016,437100000,NVDA
2006-02-10,0.3346252739429474,0.33927555842695367,0.3267744466328774,0.33775076997151726,414996000,NVDA
2006-02-13,0.33576852083206177,0.3381320715814266,0.33127187534499397,0.33355860742380483,280740000,NVDA
2006-02-14,0.3363787531852722,0.3375980388722047,0.33195805202987816,0.3357686741816604,342348000,NVDA
2006-02-15,0.34285756945610046,0.34377227916529257,0.3348540026157336,0.33569279319096357,493296000,NVDA
2006-02-16,0.359779417514801,0.3605422889659684,0.346897780365085,0.3492604329126687,1305888000,NVDA
2006-02-17,0.36183738708496094,0.3866109520527219,0.3597793112653683,0.38622953006978533,2356956000,NVDA
2006-02-21,0.35413938760757446,0.36168561241883507,0.35101386398260015,0.3610755061509507,684060000,NVDA
2006-02-22,0.3535291850566864,0.35634917772953634,0.3407234720609463,0.34910845781436756,939756000,NVDA
2006-02-23,0.34811708331108093,0.35482547286872457,0.34712648166641086,0.3524618933645798,385128000,NVDA
2006-02-24,0.3480410873889923,0.353833866322192,0.3462117227805944,0.34964182231135227,416412000,NVDA
2006-02-27,0.3621428906917572,0.36435280474089765,0.3470504436907395,0.3507092269818967,666468000,NVDA
2006-02-28,0.35924604535102844,0.3635908538389294,0.3557400271882085,0.3605421767643085,563316000,NVDA
2006-03-01,0.37289053201675415,0.3750244995537431,0.3582554270686078,0.3605421596611304,703932000,NVDA
2006-03-02,0.3734237551689148,0.3786832450622798,0.3686216062967119,0.3725090458665904,545460000,NVDA
2006-03-03,0.37471991777420044,0.3811987212245676,0.36930768925345775,0.3699937145225609,595800000,NVDA
2006-03-06,0.3739571273326874,0.3845529562342608,0.3721277354399291,0.38203753897421705,529020000,NVDA
2006-03-07,0.3675541281700134,0.37692974098196447,0.36016067157568443,0.3740338296391971,606204000,NVDA
2006-03-08,0.36572501063346863,0.3695365608932181,0.35261471379768733,0.36763124918365214,670800000,NVDA
2006-03-09,0.36763110756874084,0.37632069843156535,0.36740242336445295,0.3701464975158692,536700000,NVDA
2006-03-10,0.36122825741767883,0.37189907860519256,0.35794999608613065,0.3672496661189238,521580000,NVDA
2006-03-13,0.3655729591846466,0.3673255047305973,0.3621428603589905,0.3648869339675149,372132000,NVDA
2006-03-14,0.37571048736572266,0.37723527546891145,0.36450548242228964,0.365877532745159,627792000,NVDA
2006-03-15,0.3817320764064789,0.38226626358434296,0.3750246143708923,0.37647258438143566,510600000,NVDA
2006-03-16,0.3687744438648224,0.3828753631739149,0.3674783123866156,0.38241802206280645,568416000,NVDA
2006-03-17,0.37174713611602783,0.3727377372778679,0.3615327321108276,0.36702090625182715,618588000,NVDA
2006-03-20,0.36892637610435486,0.37510055082762733,0.3685458535915855,0.37502463169315764,293772000,NVDA
2006-03-21,0.38714417815208435,0.3940803221254863,0.3770066467924899,0.38714417815208435,1235472000,NVDA
2006-03-22,0.37601524591445923,0.3791407425119404,0.3675543108620882,0.3773113504125085,1158576000,NVDA
2006-03-23,0.383028119802475,0.3845529355411528,0.3730424249425944,0.37731128748273784,661992000,NVDA
2006-03-24,0.3959866762161255,0.3966727016782227,0.38340964269772104,0.38401882218597844,687936000,NVDA
2006-03-27,0.4066573679447174,0.40696287080088633,0.3949950206239963,0.396291151997447,651444000,NVDA
2006-03-28,0.4129084646701813,0.41831979441470024,0.40399018936692976,0.4048280529846557,795204000,NVDA
2006-03-29,0.43508976697921753,0.43585171142067913,0.41123088245708217,0.41466098181398076,987096000,NVDA
2006-03-30,0.43806254863739014,0.4404252007864385,0.4276954040538965,0.43554713140378915,1063308000,NVDA
2006-03-31,0.436461865901947,0.44385532568051556,0.43379368343138247,0.4377570707336671,835560000,NVDA
2006-04-03,0.44133976101875305,0.447438041190485,0.43326027853721927,0.43874845263977386,968916000,NVDA
2006-04-04,0.4619964361190796,0.4626824614526351,0.4414926311118841,0.4419499722475854,1200612000,NVDA
2006-04-05,0.4657318592071533,0.46801859126571593,0.4513254145262131,0.4611583950900281,1112976000,NVDA
2006-04-06,0.466646671295166,0.4701526894509872,0.4581088925590494,0.4645117768210707,789312000,NVDA
2006-04-07,0.46542665362358093,0.4687808349596845,0.45627971901286024,0.46466473619287246,682674000,NVDA
2006-04-10,0.45734691619873047,0.46710397913022916,0.4538408984971056,0.46435987844199644,634230000,NVDA
2006-04-11,0.44621798396110535,0.45887188972437704,0.4434739095871958,0.45887188972437704,702072000,NVDA
2006-04-12,0.46420708298683167,0.466646580269887,0.4466751419472782,0.4491146392303335,598308000,NVDA
2006-04-13,0.4512488842010498,0.45948110851620805,0.4494194919332323,0.45429846194771195,738360000,NVDA
2006-04-17,0.4524688720703125,0.463749824144903,0.44881008913260073,0.4504867428106983,443868000,NVDA
2006-04-18,0.44179731607437134,0.44454139065569925,0.429753515681718,0.44438862554882025,1165488000,NVDA
2006-04-19,0.4445413649082184,0.44941943472125395,0.43295493366687315,0.4390531888034213,517476000,NVDA
2006-04-20,0.4439312517642975,0.4518588988134133,0.4332604299154714,0.44057799794225283,552684000,NVDA
2006-04-21,0.4279240071773529,0.447132577319729,0.42274133544788345,0.4453031857928356,770016000,NVDA
2006-04-24,0.44103533029556274,0.44530329366547833,0.42304604119992945,0.43066818516504757,676848000,NVDA
2006-04-25,0.44072994589805603,0.44179739363276627,0.42838156722428045,0.4360046128198122,719766000,NVDA
2006-04-26,0.43768110871315,0.4491147733802619,0.4329548777679978,0.4424073123982954,330528000,NVDA
2006-04-27,0.44469398260116577,0.4488100792403661,0.42655193378317313,0.43600436650062785,462966000,NVDA
2006-04-28,0.44545596837997437,0.45109690858346957,0.441187106034618,0.44499862726726513,284736000,NVDA
2006-05-01,0.47106730937957764,0.47975692518980323,0.4485045614214445,0.4485045614214445,902472000,NVDA
2006-05-02,0.4704572260379791,0.4802142343302005,0.46237774363473616,0.4745733225000093,539700000,NVDA
2006-05-03,0.4735066890716553,0.4786893590605766,0.4646643649379166,0.4651216785910522,378114000,NVDA
2006-05-04,0.4704572260379791,0.47564076958572243,0.46176761031147057,0.4642071077245272,511128000,NVDA
2006-05-05,0.47686028480529785,0.47853786602317466,0.4663412999169418,0.4728969514730406,338184000,NVDA
2006-05-08,0.4747260808944702,0.4860070320769102,0.4703053812527013,0.4756407629265598,503622000,NVDA
2006-05-09,0.46024394035339355,0.4765557324671757,0.4596338612604014,0.4741162338955999,561648000,NVDA
2006-05-10,0.450029581785202,0.4600912252588986,0.4454560876535124,0.4547557865087373,753264000,NVDA
2006-05-11,0.4340222477912903,0.4588717568354377,0.4305162298967431,0.4546028677855038,1201110000,NVDA
2006-05-12,0.4013979434967041,0.425790089358532,0.3924037492917709,0.42365612143471965,1568172000,NVDA
2006-05-15,0.407191663980484,0.4106976829741905,0.39713002135559033,0.40063604034929684,553380000,NVDA
2006-05-16,0.39651986956596375,0.40963018848378924,0.3939285605227447,0.409478350242584,497532000,NVDA
2006-05-17,0.38051271438598633,0.39743455371680536,0.3734997508109881,0.3951478208823708,841074000,NVDA
2006-05-18,0.3632862865924835,0.3872201636358251,0.36282894545891503,0.38356140730727034,686730000,NVDA
2006-05-19,0.37090837955474854,0.37959796895484715,0.3629807345005896,0.3666395175932637,932808000,NVDA
2006-05-22,0.36587756872177124,0.3696890895645278,0.3558159289713719,0.36892624564792226,734886000,NVDA
2006-05-23,0.36191436648368835,0.3821894945122407,0.3603895774550167,0.37349990079984985,532314000,NVDA
2006-05-24,0.36663955450057983,0.3774640393911065,0.3568834164980958,0.36511566565530007,579522000,NVDA
2006-05-25,0.3646584153175354,0.3789879953235129,0.36267625802098863,0.37349984602580044,423666000,NVDA
2006-05-26,0.3654203414916992,0.3684690193675753,0.361608792201565,0.36603042054301593,294642000,NVDA
2006-05-30,0.35017502307891846,0.3661821515023081,0.35002318486086353,0.3660303132842532,448788000,NVDA
2006-05-31,0.350327730178833,0.3582554018468237,0.348193762792079,0.3549012223018994,598422000,NVDA
2006-06-01,0.36862167716026306,0.36862167716026306,0.3488029990599738,0.35429117414896255,537126000,NVDA
2006-06-02,0.3632862865924835,0.3763966052080824,0.359627503003922,0.37456721341380156,673710000,NVDA
2006-06-05,0.3480410873889923,0.368011605597323,0.3469736400006683,0.3613041716199322,581052000,NVDA
2006-06-06,0.33874139189720154,0.35276732025781143,0.32928988370048845,0.3524618173480592,824130000,NVDA
2006-06-07,0.33264410495758057,0.3430103239954633,0.33005184143781463,0.3424002176813332,565380000,NVDA
2006-06-08,0.32654574513435364,0.3331013674150908,0.31343545467305123,0.32883247790621845,730572000,NVDA
2006-06-09,0.32547837495803833,0.3364547003149487,0.32273430043381357,0.33081471300318566,433824000,NVDA
2006-06-12,0.3074900805950165,0.32410642426305414,0.3056606880805085,0.3198384596229322,463230000,NVDA
2006-06-13,0.3027636706829071,0.31358725430004364,0.29986683209773585,0.3073371356636758,532548000,NVDA
2006-06-14,0.3116060197353363,0.31252070181307157,0.30139161553394006,0.3045930573260158,480492000,NVDA
2006-06-15,0.33889415860176086,0.33996160600046277,0.3204475291742524,0.323039765128202,837336000,NVDA
2006-06-16,0.33020463585853577,0.33752217765622555,0.327003192580787,0.3366074951540195,503448000,NVDA
2006-06-19,0.3202956020832062,0.33553988508604893,0.31953273096705015,0.33386325875054146,388044000,NVDA
2006-06-20,0.31526482105255127,0.32242962270777914,0.31023401437501336,0.3114532998822386,535818000,NVDA
2006-06-21,0.3187708258628845,0.3238016318974201,0.3138927576172912,0.3138927576172912,441174000,NVDA
2006-06-22,0.30947110056877136,0.32319149419004695,0.3073371060725616,0.3222768121859615,532338000,NVDA
2006-06-23,0.30962395668029785,0.3160268149360498,0.30596520000558913,0.3088620121590019,335202000,NVDA
2006-06-26,0.3067270517349243,0.3125207293239546,0.30520319027791326,0.3091665494503125,281736000,NVDA
2006-06-27,0.296970933675766,0.3088619377072362,0.2928548095564102,0.3085564348561112,608514000,NVDA
2006-06-28,0.31343549489974976,0.31831353710439075,0.29148281930840697,0.29925772808659173,833376000,NVDA
2006-06-29,0.32761314511299133,0.32761314511299133,0.303831111362724,0.30489763164085476,687666000,NVDA
2006-06-30,0.3245636820793152,0.3359973482785394,0.322125110581049,0.3308147023444615,468240000,NVDA
2006-07-03,0.3292897939682007,0.3323384433930844,0.3270030342995321,0.3320338674066022,174696000,NVDA
2006-07-05,0.3145020604133606,0.3270031749358522,0.3145020604133606,0.32410636246834956,459708000,NVDA
2006-07-06,0.3047458529472351,0.31755156802581513,0.30154443780759327,0.3145019911212534,470634000,NVDA
2006-07-07,0.2952934801578522,0.307490018422211,0.2919401988229907,0.30687991209387017,541230000,NVDA
2006-07-10,0.2824876606464386,0.2981902124363851,0.2798963248401644,0.29605621768651597,449922000,NVDA
2006-07-11,0.29194018244743347,0.2930067303567044,0.2774569388897175,0.2815730369092051,600582000,NVDA
2006-07-12,0.2779141962528229,0.29422682693185903,0.27760959298781923,0.29087264721652833,461034000,NVDA
2006-07-13,0.270749568939209,0.280506611495975,0.26937751762687495,0.27364640945434443,540582000,NVDA
2006-07-14,0.26937738060951233,0.2773050264708183,0.26175523763376857,0.2757802380435923,572148000,NVDA
2006-07-17,0.2715112864971161,0.27456086235024396,0.2667859841145927,0.26815800701853276,502806000,NVDA
2006-07-18,0.28629910945892334,0.2891959473815007,0.27074932662901224,0.2808109636413055,979332000,NVDA
2006-07-19,0.29880043864250183,0.30245919582431696,0.28294511542762824,0.28508001061565236,1055550000,NVDA
2006-07-20,0.2928549349308014,0.3094712767373312,0.2923975936684141,0.30413586492960515,505602000,NVDA
2006-07-21,0.27090221643447876,0.28416530200133505,0.2687673214427948,0.2829450894059809,633918000,NVDA
2006-07-24,0.2981902062892914,0.3050504037739526,0.2794389780232161,0.2809637662131585,983178000,NVDA
2006-07-25,0.30870917439460754,0.31191058885615136,0.2974282501577437,0.3018489771827275,574104000,NVDA
2006-07-26,0.30870917439460754,0.31236795714494375,0.29956221751876694,0.30870917439460754,495318000,NVDA
2006-07-27,0.3131299614906311,0.3254783362719415,0.3074899748492324,0.31267262033428805,694338000,NVDA
2006-07-28,0.34560149908065796,0.3462116051095184,0.31938086969894686,0.32121026094557553,815298000,NVDA
2006-07-31,0.3375219702720642,0.3454496408270546,0.3366072883318676,0.3419426967297068,594762000,NVDA
2006-08-01,0.3239544630050659,0.3340160771258365,0.3178561813245113,0.33340597090570806,600966000,NVDA
2006-08-02,0.3488028943538666,0.35048044731704137,0.3303571992181649,0.33111911613785383,756774000,NVDA
2006-08-03,0.3707556426525116,0.38020807600146916,0.3427056173610381,0.3475836858830108,890568000,NVDA
2006-08-04,0.36572501063346863,0.38112299545360456,0.3562734716556267,0.3805128889870725,818232000,NVDA
2006-08-07,0.36145690083503723,0.36603036676711903,0.35444393685642794,0.3593220061092372,436146000,NVDA
2006-08-08,0.37106120586395264,0.3788360871442997,0.36343813556578813,0.36435284511995153,619806000,NVDA
2006-08-09,0.37090837955474854,0.3887449266865323,0.3681643058652445,0.37837868353732396,584706000,NVDA
2006-08-10,0.3683170676231384,0.37045106258265753,0.36054218712041924,0.36679227925196334,1072140000,NVDA
2006-08-11,0.3567306697368622,0.3660303666792807,0.34026619783732015,0.34148548344016844,1603272000,NVDA
2006-08-14,0.3549012541770935,0.3648101290770178,0.3529190975570624,0.3611513459539541,809412000,NVDA
2006-08-15,0.38904958963394165,0.3910317466804217,0.3605422442286386,0.36404826304750154,902172000,NVDA
2006-08-16,0.41694775223731995,0.41862530592779273,0.38112286656173466,0.391184481343355,1029246000,NVDA
2006-08-17,0.41039296984672546,0.4225886046135473,0.40627684565841155,0.41176502032949786,814224000,NVDA
2006-08-18,0.4171004593372345,0.4192344270607859,0.39651983694526427,0.41085036713528905,665898000,NVDA
2006-08-21,0.40170347690582275,0.4116123541619818,0.4007887945375559,0.4108504368885402,500220000,NVDA
2006-08-22,0.40109339356422424,0.4122224840147408,0.40017871114364933,0.40048331451038666,473928000,NVDA
2006-08-23,0.400788813829422,0.4082581931696154,0.3919464567703979,0.4041420677942664,485412000,NVDA
2006-08-24,0.4049047529697418,0.40703872017679804,0.39545229395002895,0.40185514967114716,260802000,NVDA
2006-08-25,0.4036845862865448,0.4108503138726804,0.39789183594205824,0.4018551948377535,238314000,NVDA
2006-08-28,0.41755786538124084,0.4294488995591988,0.4096302184891687,0.4103930625920645,764562000,NVDA
2006-08-29,0.436461865901947,0.4384430961329277,0.4184725767279404,0.4215212544112078,727962000,NVDA
2006-08-30,0.44545596837997437,0.4500294612870835,0.4378338254948625,0.43890037321106623,681564000,NVDA
2006-08-31,0.44377943873405457,0.446370775425725,0.43417516422799496,0.44438861821068787,511278000,NVDA
2006-09-01,0.425180047750473,0.4407298672738089,0.4235034207212304,0.43722382084886713,605742000,NVDA
2006-09-05,0.43447965383529663,0.4361562805078196,0.42030191550520163,0.4265520079138847,549354000,NVDA
2006-09-06,0.4126797616481781,0.42746670718257573,0.4116123142884912,0.42685752780296177,493572000,NVDA
2006-09-07,0.4209119975566864,0.4302107945915862,0.40155068715154607,0.4059713878464895,742836000,NVDA
2006-09-08,0.42228400707244873,0.4294488083397458,0.41298431136288577,0.4276194167578721,447978000,NVDA
2006-09-11,0.42883872985839844,0.43371769835815777,0.408106269080042,0.4128315729295734,598266000,NVDA
2006-09-12,0.44012054800987244,0.44286464914186646,0.4257900452205351,0.42685749249191934,498432000,NVDA
2006-09-13,0.44362661242485046,0.4494193637100544,0.4398150638592044,0.44118711448361325,476286000,NVDA
2006-09-14,0.44194990396499634,0.44972481111070034,0.43615622655441183,0.4414925628999556,428814000,NVDA
2006-09-15,0.45063966512680054,0.4527736607309279,0.4413399661837754,0.44347396178790277,649764000,NVDA
2006-09-18,0.46771320700645447,0.4684760509836654,0.4504867921079805,0.451858815414763,793896000,NVDA
2006-09-19,0.45551759004592896,0.4680187281955274,0.4517060689732146,0.46466454821633213,708054000,NVDA
2006-09-20,0.47213485836982727,0.4727440649904336,0.46054842885565234,0.46146311110676314,511884000,NVDA
2006-09-21,0.4683232605457306,0.47640274298070284,0.4639025063047089,0.47167744001685513,539106000,NVDA
2006-09-22,0.45445019006729126,0.469848141444292,0.44926754475505354,0.4669513295172871,653334000,NVDA
2006-09-25,0.4707629084587097,0.4727441661399031,0.448810257134946,0.46131049925461204,684486000,NVDA
2006-09-26,0.46085309982299805,0.4715248486527631,0.4549075825379079,0.47030556291234793,516120000,NVDA
2006-09-27,0.4594809412956238,0.4741160741119466,0.45506024098240677,0.4594809412956238,578142000,NVDA
2006-09-28,0.4507913887500763,0.45262078050275273,0.4395104894453172,0.44149261901244835,647346000,NVDA
2006-09-29,0.45109686255455017,0.4573469542037833,0.4486573649089517,0.453840936210812,373890000,NVDA
2006-10-02,0.4396631717681885,0.4518587790400343,0.43600438872462466,0.44896196759218565,647442000,NVDA
2006-10-03,0.4314309358596802,0.4347842161485621,0.4218266641713013,0.4314309358596802,907692000,NVDA
2006-10-04,0.473811537027359,0.47396430211058466,0.4308208965229409,0.4320402094079516,1460382000,NVDA
2006-10-05,0.4603956639766693,0.47670832434862376,0.4591763784147355,0.4719820934957838,662682000,NVDA
2006-10-06,0.4715246856212616,0.4764027537366612,0.4597864202073182,0.4611584705710273,593610000,NVDA
2006-10-09,0.5018625855445862,0.5081126525543227,0.46908541710202334,0.4704574681354244,932304000,NVDA
2006-10-10,0.49042871594429016,0.5012522455971594,0.48478774901301847,0.4992701162623701,624648000,NVDA
2006-10-11,0.49317285418510437,0.5018624724246498,0.48036713829315375,0.48783654405328297,481944000,NVDA
2006-10-12,0.49515414237976074,0.5053685225440198,0.48798933950352164,0.49591698649192617,414720000,NVDA
2006-10-13,0.514819860458374,0.5177166715370007,0.48539781616485844,0.49347729829790055,584190000,NVDA
2006-10-16,0.51390540599823,0.5248817040701362,0.5047584182449447,0.5164976149932274,478968000,NVDA
2006-10-17,0.4942392408847809,0.5090271369955924,0.48936122732906034,0.5055211192724196,526506000,NVDA
2006-10-18,0.4811290204524994,0.5068931580041599,0.4776230024326065,0.5015568488659468,822750000,NVDA
2006-10-19,0.4902760982513428,0.4939348824275498,0.4754882509640658,0.4792997457227216,473040000,NVDA
2006-10-20,0.4846348464488983,0.4943918518801639,0.4776228131874417,0.49408724872784954,359478000,NVDA
2006-10-23,0.481433629989624,0.4953067924444205,0.4802143444235662,0.48356852465049377,280248000,NVDA
2006-10-24,0.49545958638191223,0.5009477892692052,0.48097634414030266,0.4823483948621259,519288000,NVDA
2006-10-25,0.5000330805778503,0.5076552518389988,0.49180083030370336,0.500184918830862,389436000,NVDA
2006-10-26,0.5158873200416565,0.5175639190752921,0.5012521893772125,0.5012521893772125,366690000,NVDA
2006-10-27,0.49363020062446594,0.5273211156483492,0.4878365223358478,0.5158874509895413,566988000,NVDA
2006-10-30,0.49957576394081116,0.5084171663395414,0.49164811705613254,0.4969835006098678,479592000,NVDA
2006-10-31,0.5315898656845093,0.5315898656845093,0.5079596973374905,0.5105519053569897,996174000,NVDA
2006-11-01,0.4905805289745331,0.5294549813112837,0.48326296319726114,0.5245769130731199,1176540000,NVDA
2006-11-02,0.48722735047340393,0.5035390854759464,0.4805189894373569,0.49286739176609623,862944000,NVDA
2006-11-03,0.49698352813720703,0.4975936617007004,0.4847878899501467,0.49271559179395025,548070000,NVDA
2006-11-06,0.5120760798454285,0.5189362810190395,0.492105555488641,0.49835567749820636,739602000,NVDA
2006-11-07,0.5198508501052856,0.5253389983663583,0.5129905966289261,0.515887463101253,553254000,NVDA
2006-11-08,0.5274736881256104,0.5338765161886185,0.5149725806845392,0.5161918658241945,648324000,NVDA
2006-11-09,0.5379929542541504,0.5518651924326803,0.5334194876158692,0.5382975576219123,1207758000,NVDA
2006-11-10,0.5250342488288879,0.5360105968143001,0.5117711684948482,0.5334192612271874,1317192000,NVDA
2006-11-13,0.5488163828849792,0.5503411439230282,0.5259490017947677,0.5261017668546101,852282000,NVDA
2006-11-14,0.5543045997619629,0.5553720471142666,0.5350959994218885,0.5468342674562965,628530000,NVDA
2006-11-15,0.5451576709747314,0.5602501193874537,0.5421089663003137,0.5526279488013028,491892000,NVDA
2006-11-16,0.5521706938743591,0.5541518968821342,0.5427182308820918,0.5474444623782254,457182000,NVDA
2006-11-17,0.5536943674087524,0.5552191828854315,0.5450048055838262,0.5483589852804884,361608000,NVDA
2006-11-20,0.5588780641555786,0.5619267142851384,0.5427181685163943,0.546834265995406,608634000,NVDA
2006-11-21,0.5501884818077087,0.5614694366637296,0.5463769873994792,0.5605547543337787,387384000,NVDA
2006-11-22,0.5596399903297424,0.5602501238135484,0.5492737728266648,0.5521706392844031,240258000,NVDA
2006-11-24,0.5637560486793518,0.5649762609241084,0.5518650173835931,0.5568958508979538,144336000,NVDA
2006-11-27,0.5382972359657288,0.5678719863382716,0.5344856889245904,0.5604026386286115,585294000,NVDA
2006-11-28,0.5483591556549072,0.553237225503787,0.5280831052836418,0.5364681209704765,480966000,NVDA
2006-11-29,0.5564383268356323,0.5631466845239758,0.5512556565562694,0.553389678017187,579792000,NVDA
2006-11-30,0.5639088153839111,0.5684822805848831,0.5497310514528955,0.5564384841982879,583632000,NVDA
2006-12-01,0.5418036580085754,0.5584208727912019,0.5369255872707718,0.5576589553573301,785010000,NVDA
2006-12-04,0.5637560486793518,0.5707690115163687,0.5468341838692323,0.5488163677118941,621570000,NVDA
2006-12-05,0.5579632520675659,0.5611646665308385,0.5517131336640387,0.5578104870245466,663354000,NVDA
2006-12-06,0.5572014451026917,0.5597927815192614,0.5495784017805542,0.5597927815192614,478242000,NVDA
2006-12-07,0.5437857508659363,0.5602502539094831,0.5389076804635545,0.5572015485030389,486894000,NVDA
2006-12-08,0.5419561862945557,0.5494265184354017,0.5320473375454509,0.5398222184772673,564858000,NVDA
2006-12-11,0.5512559413909912,0.5578106651334614,0.5408887963158665,0.5421090088495966,515484000,NVDA
2006-12-12,0.5456148386001587,0.5489690180150778,0.5382973278148755,0.5471396539487569,568116000,NVDA
2006-12-13,0.5520179271697998,0.5564386284608193,0.5500357973274598,0.5500357973274598,491952000,NVDA
2006-12-14,0.5617747902870178,0.5687868807865984,0.5559811673890009,0.5564384811946261,715380000,NVDA
2006-12-15,0.5716838240623474,0.5716838240623474,0.5619267580789881,0.5654337037175481,746094000,NVDA
2006-12-18,0.5815927982330322,0.5884529984043247,0.5719884961852129,0.5722939718828641,688356000,NVDA
2006-12-19,0.5899778008460999,0.5930265063113112,0.5733605868857783,0.5741234311224284,545622000,NVDA
2006-12-20,0.5832701325416565,0.5939409517914712,0.582812764206373,0.5869289156639049,306594000,NVDA
2006-12-21,0.5782392621040344,0.5881481636306308,0.571683667889182,0.5864715099747588,367920000,NVDA
2006-12-22,0.5645188689231873,0.5793058387349123,0.5617747681177049,0.577324581815433,370170000,NVDA
2006-12-26,0.5643661618232727,0.5725984105650066,0.5620794290905694,0.5675676312650645,228192000,NVDA
2006-12-27,0.5718367099761963,0.573817913329318,0.5668058742512366,0.5668058742512366,264954000,NVDA
2006-12-28,0.5677204728126526,0.573055911153413,0.5651282638720035,0.5724457775931807,213912000,NVDA
2006-12-29,0.5642132759094238,0.5796112496809696,0.5636041239806154,0.5677202202098505,386094000,NVDA
2007-01-03,0.5500355958938599,0.5719882374145017,0.5303696322091183,0.5651280403468011,1154820000,NVDA
2007-01-04,0.5474445819854736,0.5500359191035378,0.534028728686162,0.5480546611428718,797298000,NVDA
2007-01-05,0.5131434798240662,0.5366209485693787,0.5094846953011813,0.5344860533340582,1243344000,NVDA
2007-01-08,0.5169548392295837,0.5268636870141916,0.5061303279207224,0.5149727098406134,657270000,NVDA
2007-01-09,0.5068932175636292,0.521222821440021,0.5062831386258407,0.5177168030081742,764166000,NVDA
2007-01-10,0.5318945050239563,0.5366207352860308,0.4939347329114324,0.5015568478011412,1108746000,NVDA
2007-01-11,0.5299125909805298,0.5360108741859037,0.5212229708470941,0.5318947211163727,924504000,NVDA
2007-01-12,0.5370782613754272,0.5392122295489514,0.519546312483166,0.5219858108588932,698190000,NVDA
2007-01-16,0.5379929542541504,0.5414989733647045,0.531894671616305,0.5411943699969426,711864000,NVDA
2007-01-17,0.5267109274864197,0.5337238899058181,0.5247296706018356,0.5305224208491405,707934000,NVDA
2007-01-18,0.4831114113330841,0.5221377795297757,0.47655581323370033,0.5221377795297757,1501638000,NVDA
2007-01-19,0.4860069751739502,0.4960685853888958,0.4745732602915204,0.47792743930979675,942606000,NVDA
2007-01-22,0.4860069751739502,0.4985080824821759,0.48417755680396446,0.49058043931892487,730644000,NVDA
2007-01-23,0.4861598610877991,0.4939347965555523,0.4747261965999417,0.48372036311431515,630354000,NVDA
2007-01-24,0.5012522339820862,0.5078078829005673,0.49012317447399256,0.49240990702880116,685722000,NVDA
2007-01-25,0.48372042179107666,0.5076552555211109,0.4812818503620045,0.5058258362691319,616284000,NVDA
2007-01-26,0.4797569513320923,0.4925626643417953,0.47106733504836346,0.4878364342534308,829584000,NVDA
2007-01-29,0.46009111404418945,0.4779276087242235,0.4559749621426345,0.4776230599345591,1258284000,NVDA
2007-01-30,0.4689333736896515,0.47198202330118233,0.4590235995920392,0.46313969637164043,636174000,NVDA
2007-01-31,0.46725597977638245,0.47167760791129826,0.4608530941178499,0.46664677307388125,467976000,NVDA
2007-02-01,0.4732014238834381,0.47564092207861025,0.46192052344634676,0.4628352057844941,650898000,NVDA
2007-02-02,0.48554980754852295,0.48783654056573716,0.47182940944523794,0.4757936688245784,586590000,NVDA
2007-02-05,0.493477463722229,0.497593615946427,0.4870746329557212,0.48783655018972955,579906000,NVDA
2007-02-06,0.5110092759132385,0.5174121049873052,0.4971361161194119,0.5046063923191696,775386000,NVDA
2007-02-07,0.5309798121452332,0.5321990975300939,0.5120758183194551,0.5151253947817243,761058000,NVDA
2007-02-08,0.5241198539733887,0.531590133909413,0.5183271008281856,0.5229005680313715,726276000,NVDA
2007-02-09,0.49774637818336487,0.5311327497831247,0.4957642482488305,0.5267111214461054,937956000,NVDA
2007-02-12,0.5087224841117859,0.5195460663124843,0.496068611126251,0.5014049192921745,789360000,NVDA
2007-02-13,0.5183271169662476,0.5224432157692573,0.5117714648427153,0.5169550658585671,849732000,NVDA
2007-02-14,0.5114666819572449,0.5259489948058891,0.5102464696949676,0.5229003450904152,1081848000,NVDA
2007-02-15,0.5145153403282166,0.5171066762739606,0.5062830918298447,0.5111611604406916,488682000,NVDA
2007-02-16,0.49881264567375183,0.5129903506739732,0.4972887574675837,0.512381198839423,915060000,NVDA
2007-02-20,0.5032346844673157,0.5059787322752213,0.4960689528995651,0.49957589953674136,625578000,NVDA
2007-02-21,0.4957641065120697,0.5044537232786497,0.49073327288299673,0.49911828637148803,655332000,NVDA
2007-02-22,0.49896541237831116,0.5116184127980851,0.49774612721204164,0.5035388766717149,655452000,NVDA
2007-02-23,0.49774637818336487,0.5039964990317828,0.49759366760061013,0.5036918956666094,403050000,NVDA
2007-02-26,0.4901231527328491,0.5029288653757357,0.48936123570173834,0.4991182443401393,494070000,NVDA
2007-02-27,0.4753365218639374,0.496221729680969,0.47457362301675976,0.4847880060595366,714630000,NVDA
2007-02-28,0.47259220480918884,0.4828056563721859,0.46817057747399804,0.47396425538214615,780048000,NVDA
2007-03-01,0.4667985439300537,0.475488161529111,0.4562795618469907,0.46237784327376474,837228000,NVDA
2007-03-02,0.4538410007953644,0.46832336999432483,0.4529262912731061,0.46268245682368236,682728000,NVDA
2007-03-05,0.43844297528266907,0.454755605815587,0.4369190866512294,0.44591327896896105,663558000,NVDA
2007-03-06,0.4643600285053253,0.4693908632195243,0.4462179743836296,0.4480473663469738,805974000,NVDA
2007-03-07,0.4512488842010498,0.46420734067322333,0.44926765365622406,0.4620733722709331,811656000,NVDA
2007-03-08,0.4698481261730194,0.47503079857681413,0.46039566445746805,0.46070119460843445,770622000,NVDA
2007-03-09,0.46512192487716675,0.48173918963305745,0.4597865415787986,0.4764028794944152,555306000,NVDA
2007-03-12,0.46237778663635254,0.46908521933605024,0.4591763174014777,0.4597864507814863,428010000,NVDA
2007-03-13,0.4428648054599762,0.46039580257105456,0.4425592752173541,0.45765175499050315,617070000,NVDA
2007-03-14,0.44072994589805603,0.4466754373246739,0.42746685736325074,0.44408412739531544,971610000,NVDA
2007-03-15,0.43630900979042053,0.4436265761760062,0.4296015495503437,0.43966318970052204,655752000,NVDA
2007-03-16,0.43219295144081116,0.437376523738018,0.4291442739284778,0.4366136796747372,525648000,NVDA
2007-03-19,0.4343268871307373,0.44133982308242603,0.4329548365971531,0.43447962493451364,461508000,NVDA
2007-03-20,0.43219295144081116,0.4428646993643808,0.4305163246500705,0.4329548959238287,656490000,NVDA
2007-03-21,0.45688968896865845,0.4640544639391304,0.4411871342416058,0.4497248867381793,1268376000,NVDA
2007-03-22,0.4669513702392578,0.4696954173251176,0.45521310106757873,0.45734706913870066,810954000,NVDA
2007-03-23,0.4617678225040436,0.4716776549108711,0.45841456834520156,0.4634454036839082,524640000,NVDA
2007-03-26,0.46268248558044434,0.4664939799434632,0.45429837016216046,0.4620732789145543,447336000,NVDA
2007-03-27,0.4539928138256073,0.46253053838609126,0.453535472719874,0.4616158561746247,469020000,NVDA
2007-03-28,0.4453032910823822,0.4539928824447303,0.44454134656438316,0.4501822602744306,459504000,NVDA
2007-03-29,0.4375283718109131,0.4526208210474312,0.43036356923286256,0.45201164163544294,719016000,NVDA
2007-03-30,0.43874862790107727,0.4466753485066988,0.43646189459322754,0.4434739327797137,581244000,NVDA
2007-04-02,0.43829119205474854,0.4413398420201417,0.4311254634717964,0.4376810858735952,400830000,NVDA
2007-04-03,0.43661361932754517,0.4431692141802456,0.43249749499169127,0.4382911727266916,473724000,NVDA
2007-04-04,0.435698926448822,0.43951047490251693,0.43447964093411856,0.43600442932762906,361692000,NVDA
2007-04-05,0.47106730937957764,0.4715246776664319,0.43752824047694955,0.43752824047694955,1332900000,NVDA
2007-04-09,0.46253058314323425,0.4764028739661005,0.46161590084325776,0.4710674362096302,640950000,NVDA
2007-04-10,0.45780444145202637,0.4672559775387585,0.45688973182232645,0.46192053937564165,794220000,NVDA
2007-04-11,0.4495721459388733,0.46329257175843663,0.4480473573499377,0.4587191055719184,810150000,NVDA
2007-04-12,0.46237778663635254,0.46374983709129813,0.44423663649211165,0.44713257561693664,743640000,NVDA
2007-04-13,0.46618926525115967,0.467104001871773,0.45521297100383606,0.4608529563375591,638694000,NVDA
2007-04-16,0.46374985575675964,0.46847603165181817,0.457804339892698,0.46496914120575533,671838000,NVDA
2007-04-17,0.4681706726551056,0.4863127003682015,0.4658839394086108,0.4754882408518976,1059108000,NVDA
2007-04-18,0.47396406531333923,0.4780801608615668,0.46496897602216986,0.4674084183736526,683802000,NVDA
2007-04-19,0.4805189073085785,0.48326300836151137,0.46878064050220186,0.47015269102866825,568056000,NVDA
2007-04-20,0.4861598610877991,0.48783651504195147,0.47975703078260407,0.4875319117303445,590052000,NVDA
2007-04-23,0.478232204914093,0.4847878001560637,0.4768601543006681,0.483873117920451,595272000,NVDA
2007-04-24,0.49622172117233276,0.5006424235995368,0.48311139766504524,0.4863128140545354,1028088000,NVDA
2007-04-25,0.5047584176063538,0.50750251938087,0.4931729128164648,0.4954596461218875,509640000,NVDA
2007-04-26,0.5110092759132385,0.5148198969563483,0.5001847656099063,0.5047582305256688,500070000,NVDA
2007-04-27,0.504149317741394,0.5149729063401134,0.4960689043616374,0.5093319916222365,554058000,NVDA
2007-04-30,0.5014050006866455,0.5174121286230307,0.5012522356331282,0.5110092992564785,563388000,NVDA
2007-05-01,0.5067405104637146,0.5139053124507547,0.5026243585460063,0.510552004550538,544554000,NVDA
2007-05-02,0.5007951259613037,0.5114668760554917,0.49820378907575785,0.5093319808363836,659658000,NVDA
2007-05-03,0.5102466344833374,0.5136008153976968,0.504606592524208,0.5055213294862886,500250000,NVDA
2007-05-04,0.51390540599823,0.5164976149932274,0.5081125990759343,0.5129906690588857,405246000,NVDA
2007-05-07,0.5036916136741638,0.5271681402582221,0.503081534965012,0.5213753911208333,557100000,NVDA
2007-05-08,0.507502555847168,0.5087227685593281,0.49088621478338285,0.5006423554379644,737100000,NVDA
2007-05-09,0.5097891688346863,0.5126860352358764,0.49805090087238296,0.5038436523145188,417870000,NVDA
2007-05-10,0.500337541103363,0.5186314011483844,0.4959168411418364,0.51192396868123,802584000,NVDA
2007-05-11,0.5357062816619873,0.5408889011032645,0.5192417780897711,0.5273212647544866,1530630000,NVDA
2007-05-14,0.5303698778152466,0.5386021290127161,0.5253390970145889,0.5335713482120584,731568000,NVDA
2007-05-15,0.5256445407867432,0.5350960772525529,0.5244243826980093,0.5318946615702269,621360000,NVDA
2007-05-16,0.5323522686958313,0.5323522686958313,0.516040525089344,0.5261021451103128,523104000,NVDA
2007-05-17,0.5235096216201782,0.5335712911861947,0.5204609711796878,0.5308271895736413,443664000,NVDA
2007-05-18,0.5338767170906067,0.5354006060086522,0.5230522589432175,0.5274738866181633,604266000,NVDA
2007-05-21,0.5355534553527832,0.5488165413039706,0.5297607029282604,0.5323520396128493,645768000,NVDA
2007-05-22,0.5384501218795776,0.5433281905599823,0.5273210616760119,0.536010678639315,401736000,NVDA
2007-05-23,0.5241198539733887,0.5419563542578021,0.5225950377854824,0.5387549381195778,448248000,NVDA
2007-05-24,0.5052156448364258,0.5280829714978199,0.5030816772307379,0.5265591372938146,607800000,NVDA
2007-05-25,0.5131434798240662,0.5157348167292908,0.5073507269063277,0.508874616193892,308976000,NVDA
2007-05-29,0.5186315774917603,0.5203082317286262,0.50948464435914,0.5110094603347087,316242000,NVDA
2007-05-30,0.5198508501052856,0.5198508501052856,0.5061303976725815,0.5125332827438455,331650000,NVDA
2007-05-31,0.5280831456184387,0.5312846160226349,0.5212229453580617,0.523662443889009,481572000,NVDA
2007-06-01,0.5317419767379761,0.5419563588912515,0.5308272941935247,0.5340287103591195,429084000,NVDA
2007-06-04,0.5346387028694153,0.5376873531059068,0.5247297990605908,0.5268637669941098,322002000,NVDA
2007-06-05,0.5504930019378662,0.5514076841295639,0.5352487167296403,0.5361633989213379,698586000,NVDA
2007-06-06,0.5546091198921204,0.5634514470214921,0.5443956146186312,0.5466823472189779,950736000,NVDA
2007-06-07,0.5486637353897095,0.5602501662173293,0.5485118971374524,0.552017915984094,791862000,NVDA
2007-06-08,0.5572014451026917,0.5579634168628006,0.5373827646175225,0.5440902532911548,533268000,NVDA
2007-06-11,0.5591827034950256,0.5625368839977857,0.5541518689010237,0.5572014460672713,434634000,NVDA
2007-06-12,0.5533900856971741,0.5640617819432716,0.553085482286883,0.5562868984766605,526770000,NVDA
2007-06-13,0.5666528940200806,0.5668056590848345,0.5523224187379793,0.5594880925391006,587232000,NVDA
2007-06-14,0.5767146348953247,0.5788486028321332,0.5632987855775675,0.5640616296380622,508548000,NVDA
2007-06-15,0.6029359698295593,0.6075094345388606,0.583117295635921,0.5832700606755635,1081998000,NVDA
2007-06-18,0.6032404899597168,0.6111681330089713,0.5983624226831848,0.6090332391480923,685662000,NVDA
2007-06-19,0.6070523858070374,0.6084243822028145,0.5953131888293967,0.5994292870567752,491952000,NVDA
2007-06-20,0.6076614260673523,0.6128450254031839,0.6035453285983822,0.6097963207610478,822792000,NVDA
2007-06-21,0.6552252769470215,0.6605616395138237,0.6146741771668185,0.6194004064722973,1297326000,NVDA
2007-06-22,0.6649824380874634,0.6687939860101827,0.6456211310977215,0.6555309049047783,882618000,NVDA
2007-06-25,0.6474505662918091,0.6622384099403402,0.640438529869742,0.6463840458781024,819702000,NVDA
2007-06-26,0.6174183487892151,0.6476032383294876,0.6158935333999022,0.645773819694319,868482000,NVDA
2007-06-27,0.6340358257293701,0.6347977975900622,0.6143699077363675,0.6174186129795011,613140000,NVDA
2007-06-28,0.6401329636573792,0.6469932159880305,0.6296139827770548,0.6358650285628226,597534000,NVDA
2007-06-29,0.6297667622566223,0.644554605410282,0.6294621589772044,0.6444018948705201,516570000,NVDA
2007-07-02,0.655988335609436,0.6562928843746036,0.6367797373206145,0.6387609944144542,563850000,NVDA
2007-07-03,0.657055139541626,0.6622386860672124,0.6501949384838616,0.655531250138026,238770000,NVDA
2007-07-05,0.6640679240226746,0.6662018919961119,0.6540062549417146,0.6572077248420292,373290000,NVDA
2007-07-06,0.6672693490982056,0.669860685529344,0.6619339656669487,0.6631532513380193,282720000,NVDA
2007-07-09,0.6866304278373718,0.6898318966958135,0.6695558545656841,0.6697086196027467,536784000,NVDA
2007-07-10,0.6933380961418152,0.6974541935823869,0.6758061500000184,0.6831237171388275,552654000,NVDA
2007-07-11,0.690289318561554,0.6979114882087937,0.6806850195219817,0.6931852577994384,582612000,NVDA
2007-07-12,0.7035524845123291,0.7043144017076863,0.6902894007116467,0.6951674699223939,438732000,NVDA
2007-07-13,0.6992835402488708,0.7099552320184694,0.6985215686225117,0.7015702729280624,372630000,NVDA
2007-07-16,0.7119367718696594,0.7148335845845952,0.6997411320033483,0.6998938971253488,541710000,NVDA
2007-07-17,0.7088877558708191,0.7291638003938837,0.7082776770105496,0.7148332714981749,643812000,NVDA
2007-07-18,0.6959293484687805,0.700808289346573,0.6822088981076816,0.6986733949249949,550656000,NVDA
2007-07-19,0.6951674818992615,0.7093452482187356,0.6902894126044713,0.7058392296193807,407376000,NVDA
2007-07-20,0.6875453591346741,0.7021804391988183,0.6841911788090597,0.6997409411547103,505650000,NVDA
2007-07-23,0.6944054961204529,0.708583261039918,0.6835809843874183,0.6851058000140843,360474000,NVDA
2007-07-24,0.6761116981506348,0.6974542683878433,0.6718428351750708,0.6916615163583963,457560000,NVDA
2007-07-25,0.6729100346565247,0.6858675847411495,0.6573602221789885,0.6762632871956125,437196000,NVDA
2007-07-26,0.6762633919715881,0.6857158527843878,0.6567502451428027,0.665744410772922,710268000,NVDA
2007-07-27,0.6745867729187012,0.70568634726009,0.6742821696459741,0.6745867729187012,615480000,NVDA
2007-07-30,0.6934908628463745,0.6945573833481351,0.6768735989279296,0.6770263640054234,538158000,NVDA
2007-07-31,0.6976068019866943,0.7306876303987356,0.6966921199297714,0.7209314942982336,711492000,NVDA
2007-08-01,0.6924232244491577,0.7044669646819639,0.6601043146345079,0.687545156637882,705828000,NVDA
2007-08-02,0.6893746256828308,0.7009601270945667,0.6800749300696287,0.7003509750603393,468606000,NVDA
2007-08-03,0.6485180258750916,0.6921187682053717,0.6482134225796891,0.6870879342903431,623412000,NVDA
2007-08-06,0.6540061235427856,0.658884192016416,0.6357122627365557,0.6540061235427856,524724000,NVDA
2007-08-07,0.6643723845481873,0.6751968408559874,0.6453165524092218,0.6540061143621995,565764000,NVDA
2007-08-08,0.6950145959854126,0.7157480088540987,0.6712325879725514,0.6764161320097419,660744000,NVDA
2007-08-09,0.7032469511032104,0.7226083164580065,0.6837338020301983,0.6997409325804667,1251834000,NVDA
2007-08-10,0.6706233024597168,0.675196767097469,0.6309859546925427,0.645621085149349,1141014000,NVDA
2007-08-13,0.6633058786392212,0.6805323483218778,0.64943271673114,0.6759588827091241,700410000,NVDA
2007-08-14,0.6890695691108704,0.6997413225451489,0.6658976235229643,0.6678797542466622,1092174000,NVDA
2007-08-15,0.6599517464637756,0.6951674778550126,0.6590370641788117,0.6854104670019565,695142000,NVDA
2007-08-16,0.6489755511283875,0.6581224844433433,0.6174185984797759,0.6533962526811489,780030000,NVDA
2007-08-17,0.6872398853302002,0.6878499643413098,0.6462313991797602,0.6669647626342643,728712000,NVDA
2007-08-20,0.6844959259033203,0.6951676766125482,0.67611183566083,0.6876973965960586,519684000,NVDA
2007-08-21,0.7215408086776733,0.7270289563598252,0.678398307628608,0.6886118135447434,715338000,NVDA
2007-08-22,0.7380053400993347,0.7422742024924444,0.7248950219350377,0.7398347045706357,566154000,NVDA
2007-08-23,0.7317551374435425,0.7502017632159701,0.7285537227220534,0.7415121466633506,667986000,NVDA
2007-08-24,0.7355667352676392,0.736938785919863,0.7242849089358959,0.7296212733080252,361644000,NVDA
2007-08-27,0.7521831393241882,0.7599580755396723,0.7322126202688602,0.7355668008199483,635946000,NVDA
2007-08-28,0.7062965035438538,0.7576711974092075,0.7046189229092245,0.7546224931028105,560022000,NVDA
2007-08-29,0.7463902831077576,0.7473049653229364,0.7195595684491718,0.7210834572610252,538560000,NVDA
2007-08-30,0.7421215176582336,0.7605681475184239,0.7389201022273127,0.7392255778856821,465660000,NVDA
2007-08-31,0.7799293398857117,0.7828252792133344,0.7535550673647707,0.7576712190178548,720834000,NVDA
2007-09-04,0.8040160536766052,0.8073702338746874,0.7712398217088109,0.7834354577851608,683268000,NVDA
2007-09-05,0.7979176640510559,0.8232244873400392,0.7973085120359586,0.8005099267255241,656274000,NVDA
2007-09-06,0.8014245629310608,0.8151449575459576,0.7980703833798537,0.807827446463347,425496000,NVDA
2007-09-07,0.7721543312072754,0.7872467757218183,0.7572137248930799,0.7791663665033243,602304000,NVDA
2007-09-10,0.7742883563041687,0.8026438833647598,0.7678855270117796,0.7889234881496366,872112000,NVDA
2007-09-11,0.7907528877258301,0.7966984034888821,0.7754317845025848,0.7836640329037332,405424000,NVDA
2007-09-12,0.759653627872467,0.803101620528491,0.751878744583716,0.7992141243640861,554452000,NVDA
2007-09-13,0.7598821520805359,0.7749746020153271,0.7543940033369808,0.7740599196447379,452864000,NVDA
2007-09-14,0.7374721169471741,0.7532505919220445,0.7351853838140052,0.7523359095727806,487308000,NVDA
2007-09-17,0.735871434211731,0.7463904178857586,0.7278678952336797,0.7386155358727887,374828000,NVDA
2007-09-18,0.8003573417663574,0.8117910071733019,0.7425029348351991,0.7436463286359022,844740000,NVDA
2007-09-19,0.7857223749160767,0.823224791986461,0.77794743769561,0.807675026585578,521360000,NVDA
2007-09-20,0.7811484336853027,0.7946401699263308,0.7724588731944687,0.7861792662978883,324172000,NVDA
2007-09-21,0.7886950373649597,0.8003574153157778,0.7811488120509088,0.7889237488581282,457532000,NVDA
2007-09-24,0.8088182210922241,0.8209379114616677,0.7877802556539412,0.7934971154221763,456360000,NVDA
2007-09-25,0.8191084861755371,0.822538558166316,0.801729305734226,0.8040160385680823,360748000,NVDA
2007-09-26,0.8385456800460815,0.8403750443688623,0.821166500899635,0.8232245221327616,518032000,NVDA
2007-09-27,0.8410610556602478,0.850665354495456,0.8321427820646977,0.8465492030575069,378280000,NVDA
2007-09-28,0.8287128806114197,0.8490648215150655,0.8268834614232168,0.8460920630392511,404292000,NVDA
2007-10-01,0.8636998534202576,0.867816005470179,0.8348870071508648,0.8358016894330648,398200000,NVDA
2007-10-02,0.8554676175117493,0.8632425533347371,0.8428906132604728,0.8616417911652872,284960000,NVDA
2007-10-03,0.8191084861755371,0.840375106982403,0.8056167460997807,0.840375106982403,467196000,NVDA
2007-10-04,0.822767436504364,0.8275695600735249,0.794640556970644,0.8181939699089664,378976000,NVDA
2007-10-05,0.8444915413856506,0.8490650085837725,0.8268836436048549,0.8358019209972014,344840000,NVDA
2007-10-08,0.8582115769386292,0.8595836274168694,0.8403750297615176,0.8504366969219425,252484000,NVDA
2007-10-09,0.8431191444396973,0.8620990309775678,0.8305420875444788,0.8582115909059567,403008000,NVDA
2007-10-10,0.84403395652771,0.848836079498921,0.8236820163563626,0.848836079498921,389136000,NVDA
2007-10-11,0.8065314888954163,0.8467780552175996,0.797384556873106,0.8362590724879397,529104000,NVDA
2007-10-12,0.8261972069740295,0.8261972069740295,0.802872514061494,0.815449569858254,409952000,NVDA
2007-10-15,0.8321428298950195,0.8428905229207547,0.8250539747044366,0.8289414149392731,355900000,NVDA
2007-10-16,0.8396889567375183,0.854552745205912,0.8282552942695244,0.8312280519632032,276360000,NVDA
2007-10-17,0.9041751623153687,0.906690552461611,0.8714748723341392,0.8723895547036802,717944000,NVDA
2007-10-18,0.9034889340400696,0.9071477172167147,0.8785635315766822,0.9012022013696672,340620000,NVDA
2007-10-19,0.8550101518630981,0.9018881973445338,0.8547814404394775,0.9014308290172981,505768000,NVDA
2007-10-22,0.8954854607582092,0.897314879848265,0.8426618909280931,0.8495220898457692,537656000,NVDA
2007-10-23,0.8998302817344666,0.9071478491520217,0.8753622440545387,0.9071478491520217,294292000,NVDA
2007-10-24,0.8694166541099548,0.8803929497917155,0.8266547014880697,0.8803929497917155,565500000,NVDA
2007-10-25,0.7934970259666443,0.8506653991240105,0.7681142543276513,0.8426618072547759,806192000,NVDA
2007-10-26,0.7866368889808655,0.8241393525430712,0.7752032243631231,0.8186511499105442,616580000,NVDA
2007-10-29,0.7681141495704651,0.7717729323682645,0.7445608000521334,0.7596532450180549,813896000,NVDA
2007-10-30,0.796241044998169,0.8124768294617022,0.7614826345213018,0.7742883474801465,525212000,NVDA
2007-10-31,0.8090470433235168,0.8095043572747769,0.7761180399517918,0.8010434494562156,455188000,NVDA
2007-11-01,0.8090470433235168,0.8252828335137266,0.785493630192896,0.7964699828234786,587236000,NVDA
2007-11-02,0.840146541595459,0.8460920585152979,0.8088182492901569,0.8202519147052251,491844000,NVDA
2007-11-05,0.840146541595459,0.8602698254379892,0.8277981393311717,0.8330576308741048,436636000,NVDA
2007-11-06,0.8666723966598511,0.8735325938539923,0.8442623864469893,0.8481498805916701,554620000,NVDA
2007-11-07,0.8255113363265991,0.8696453410625907,0.8186511376586233,0.8662152689886091,546768000,NVDA
2007-11-08,0.773831307888031,0.8323717463058525,0.750277894719284,0.8175079524653855,996824000,NVDA
2007-11-09,0.762854814529419,0.7957838118806199,0.7466190273076552,0.7900669523749206,871056000,NVDA
2007-11-12,0.6867064833641052,0.7681142321804675,0.6867064833641052,0.7626260846535239,715732000,NVDA
2007-11-13,0.747305154800415,0.747991180265742,0.6867066930300758,0.6979117029370492,726696000,NVDA
2007-11-14,0.7356428503990173,0.7736026363782645,0.7317554090059649,0.7662851220878236,666720000,NVDA
2007-11-15,0.7258098125457764,0.7377008469447909,0.7088879433194818,0.7308406473730563,496436000,NVDA
2007-11-16,0.7420456409454346,0.7441037172814124,0.7258098507927802,0.7317553683055902,423592000,NVDA
2007-11-19,0.69196617603302,0.7351854526527317,0.6880787347946362,0.7315266683930696,568412000,NVDA
2007-11-20,0.6867064833641052,0.7061437384003731,0.6656685209041457,0.705000344800589,622628000,NVDA
2007-11-21,0.6793888211250305,0.6956246590231648,0.6702418916973492,0.6722999671745775,648452000,NVDA
2007-11-23,0.6910512447357178,0.6940240024686379,0.675501430861981,0.6841910471643643,141976000,NVDA
2007-11-26,0.6750439405441284,0.7047715125004725,0.6736719448938305,0.6905937516074464,385896000,NVDA
2007-11-27,0.7040855288505554,0.7061436042271104,0.6793887878918875,0.6846482775075298,458856000,NVDA
2007-11-28,0.7511922121047974,0.761253822189455,0.722836691157136,0.7262668164814468,574548000,NVDA
2007-11-29,0.7573665976524353,0.7797766107310657,0.7468476163722625,0.7500490312349217,489084000,NVDA
2007-11-30,0.721236526966095,0.7820637105078179,0.7189497932022723,0.7820637105078179,652656000,NVDA
2007-12-03,0.7317551374435425,0.7452468760783957,0.7205501313983252,0.7317551374435425,490688000,NVDA
2007-12-04,0.7310693264007568,0.7374721577196138,0.71689155838326,0.734956767490066,371712000,NVDA
2007-12-05,0.7690292000770569,0.7832069697660109,0.749591992339004,0.7589675834526514,666704000,NVDA
2007-12-06,0.784578800201416,0.7870941900203029,0.7603394207030131,0.7671996193618057,371152000,NVDA
2007-12-07,0.7747458815574646,0.7886949364957931,0.7667422888007085,0.7877802542001678,320292000,NVDA
2007-12-10,0.783206582069397,0.7923535116582948,0.7749743345353887,0.7772610669326131,336360000,NVDA
2007-12-11,0.7841213941574097,0.8145350000560727,0.7822920297442617,0.7998998666708487,582436000,NVDA
2007-12-12,0.8111050128936768,0.8252827803498534,0.7953265376711603,0.8172791869981355,617504000,NVDA
2007-12-13,0.7889236807823181,0.8065315201557249,0.7655989814133802,0.8012720285870427,500364000,NVDA
2007-12-14,0.8019580245018005,0.8106476426525313,0.7800053766999747,0.785264868075413,354016000,NVDA
2007-12-17,0.7610254287719727,0.801043280634583,0.7591960097924182,0.7934970568289478,507408000,NVDA
2007-12-18,0.7804627418518066,0.7889236485021857,0.7649129247354224,0.7726878060336069,396896000,NVDA
2007-12-19,0.7877801656723022,0.7950977322550141,0.7745171375761473,0.7777185525110802,253536000,NVDA
2007-12-20,0.8042445182800293,0.8060739368560085,0.7836639273102586,0.8003570787710725,279940000,NVDA
2007-12-21,0.8040160536766052,0.8209378660611237,0.7966984866627533,0.8138490104989633,433408000,NVDA
2007-12-24,0.8181934952735901,0.8220809341725662,0.8040157352443901,0.8099612492734092,104008000,NVDA
2007-12-26,0.8291700482368469,0.8291700482368469,0.8117908688750385,0.8197944605564008,215340000,NVDA
2007-12-27,0.8035586476325989,0.8323715459542528,0.8015006263039169,0.8277980258949347,241368000,NVDA
2007-12-28,0.7955551147460938,0.8117909011474367,0.7886948618779094,0.8021866016519885,262064000,NVDA
2007-12-31,0.7779473662376404,0.8035587999195372,0.7777187092733439,0.7891523752884728,276236000,NVDA
2008-01-02,0.7548514008522034,0.7832068825525795,0.7445610738567318,0.7802341238436664,483964000,NVDA
2008-01-03,0.7489056587219238,0.774288374097191,0.7461615578078385,0.7591959281097328,475308000,NVDA
2008-01-04,0.68602055311203,0.7301545599114689,0.681447087119551,0.7264957762134827,736092000,NVDA
2008-01-07,0.6151318550109863,0.6963109686230692,0.6025547946502351,0.690594108135449,1006800000,NVDA
2008-01-08,0.6281662583351135,0.6697848279626231,0.6041555304100051,0.6185619562610652,1106956000,NVDA
2008-01-09,0.6606380343437195,0.6608667458958609,0.6272517087747669,0.6366273013315146,741036000,NVDA
2008-01-10,0.6469173431396484,0.6572076682850762,0.6341116282004545,0.6425725343431334,554432000,NVDA
2008-01-11,0.618561863899231,0.6448593212943562,0.6139883977887758,0.631596291382043,572612000,NVDA
2008-01-14,0.659723162651062,0.6606378450374161,0.61764722767857,0.6277088429685057,539188000,NVDA
2008-01-15,0.6112441420555115,0.6421150550166991,0.6004964512989514,0.6345688330599643,725692000,NVDA
2008-01-16,0.5421848893165588,0.579916008722475,0.5296078313412494,0.572827153220762,1464472000,NVDA
2008-01-17,0.5328093767166138,0.5652810130384295,0.5314373257627296,0.5506459300770573,1133900000,NVDA
2008-01-18,0.5680250525474548,0.5709978111142983,0.5149728213053514,0.5344100259500751,920428000,NVDA
2008-01-22,0.5396693348884583,0.5529324154665985,0.5106278389783933,0.5138292534213924,709092000,NVDA
2008-01-23,0.549502432346344,0.5657382185705707,0.5126859967820985,0.5177167761372061,929880000,NVDA
2008-01-24,0.5915783047676086,0.5918070162076182,0.5549905806071439,0.5602500714072117,597092000,NVDA
2008-01-25,0.5705405473709106,0.6279376530357574,0.5677964997810574,0.6142172515264035,688012000,NVDA
2008-01-28,0.5636801719665527,0.5741991541018802,0.5515604822697641,0.5684823491709489,577608000,NVDA
2008-01-29,0.581059455871582,0.5833462436738841,0.5588781484854675,0.5737419420802989,414484000,NVDA
2008-01-30,0.5760288238525391,0.58471839075721,0.5595643181678577,0.5716840131401856,530476000,NVDA
2008-01-31,0.5623081922531128,0.5728271746951638,0.544928956461886,0.5634515314646328,588708000,NVDA
2008-02-01,0.6142169237136841,0.6174183381199058,0.5563625349212484,0.561164656530581,593104000,NVDA
2008-02-04,0.595008373260498,0.6309101231669474,0.591806958612026,0.6274799971007243,565128000,NVDA
2008-02-05,0.5577348470687866,0.5833463404052924,0.557506190058649,0.5831176288751238,494928000,NVDA
2008-02-06,0.5559051036834717,0.5792297929672537,0.5456147819488639,0.5636799819380678,557380000,NVDA
2008-02-07,0.5613934397697449,0.5771719129918359,0.528235785762164,0.5398981616098024,664128000,NVDA
2008-02-08,0.5714552402496338,0.5757999955610762,0.5488165631530724,0.5561340773470951,393932000,NVDA
2008-02-11,0.5732844471931458,0.5856328478103634,0.5693970069225437,0.5762572052565491,503732000,NVDA
2008-02-12,0.5945512056350708,0.6027834564527885,0.5787727294444469,0.5819741996935758,609688000,NVDA
2008-02-13,0.6178755760192871,0.6197049943982301,0.5927215230987656,0.5991243511250828,742312000,NVDA
2008-02-14,0.5170307755470276,0.6002679500409193,0.5156587794428527,0.5998105816595195,2184296000,NVDA
2008-02-15,0.5092560052871704,0.5289219231175651,0.5010237542744442,0.5149728659560167,817364000,NVDA
2008-02-19,0.5017096400260925,0.5195461880067856,0.4973648314892557,0.5186314513000767,558608000,NVDA
2008-02-20,0.49805089831352234,0.5053684654576732,0.4850165261355143,0.4870746021173093,759016000,NVDA
2008-02-21,0.4868459403514862,0.5055971739972096,0.4838731818032611,0.5030817838871802,644272000,NVDA
2008-02-22,0.5103992223739624,0.5113139044984308,0.48707452833999115,0.4907332568378647,723052000,NVDA
2008-02-25,0.5101704597473145,0.5158873178614527,0.4966787225755478,0.5099418028691488,671784000,NVDA
2008-02-26,0.5145153403282166,0.522290220485565,0.49942289383453603,0.5071977739918844,565420000,NVDA
2008-02-27,0.5225192904472351,0.5266353902607152,0.5087988305221977,0.5120003020660651,537816000,NVDA
2008-02-28,0.5028531551361084,0.5188603443461732,0.5028531551361084,0.5179456618393196,503608000,NVDA
2008-02-29,0.4891326129436493,0.5012523025951177,0.4870745915266162,0.4946208154424365,540576000,NVDA
2008-03-03,0.4834159314632416,0.49187683978248753,0.47701304508649733,0.48844671234494136,449028000,NVDA
2008-03-04,0.4786137044429779,0.4811291491483869,0.4598624702354826,0.4802144122445906,778888000,NVDA
2008-03-05,0.48410171270370483,0.49553537419344784,0.4781561978250388,0.4831869761685266,644656000,NVDA
2008-03-06,0.4536881744861603,0.48135767719494454,0.45300214925205773,0.47815626244913645,1075284000,NVDA
2008-03-07,0.44705671072006226,0.4646645755670018,0.43447965271796,0.44545597590851793,767500000,NVDA
2008-03-10,0.42144522070884705,0.4470566469183481,0.4207591954960922,0.44156847247631126,776100000,NVDA
2008-03-11,0.4353943169116974,0.43973909799375566,0.4171004286577595,0.4344796075059988,857940000,NVDA
2008-03-12,0.4235033690929413,0.44339796866072073,0.4198445852676004,0.43951052788380135,743320000,NVDA
2008-03-13,0.4504868686199188,0.4568897269190646,0.4143564519847383,0.41687184210439626,1220528000,NVDA
2008-03-14,0.4189298450946808,0.4532308637558818,0.4157284028745663,0.4527735226558668,1154972000,NVDA
2008-03-17,0.40841084718704224,0.42258861154144234,0.395833790248783,0.4006359397572093,800952000,NVDA
2008-03-18,0.4337935745716095,0.4344795997987132,0.406124099405114,0.41801510338823505,1075256000,NVDA
2008-03-19,0.4038374423980713,0.4296775308814983,0.4038374423980713,0.4237320414072635,880476000,NVDA
2008-03-20,0.4235033690929413,0.42441805141927225,0.4013220364493259,0.4086395768399992,633460000,NVDA
2008-03-24,0.45803314447402954,0.4605485348736287,0.43127834172002166,0.43287904965795065,887440000,NVDA
2008-03-25,0.4646645784378052,0.4733541415598439,0.4557463038641251,0.4600911126851507,735388000,NVDA
2008-03-26,0.4498008191585541,0.4616918527608779,0.44477001192834453,0.4584904374125649,721652000,NVDA
2008-03-27,0.4433979392051697,0.4555176291539737,0.4360803720406042,0.442940598072386,601308000,NVDA
2008-03-28,0.450029581785202,0.46169193321198293,0.4468281386190206,0.45140160549069736,561788000,NVDA
2008-03-31,0.45254483819007874,0.46329250396367033,0.4468280062934895,0.45483157094871446,569992000,NVDA
2008-04-01,0.480214387178421,0.48135778098847337,0.45940513232363417,0.4660366746698919,676872000,NVDA
2008-04-02,0.46557924151420593,0.48158637098940665,0.4619204581587295,0.48158637098940665,616536000,NVDA
2008-04-03,0.45688968896865845,0.46237786445206874,0.4433979480911146,0.4616918391091415,841984000,NVDA
2008-04-04,0.4294489026069641,0.4500295283456391,0.428305536024816,0.44774276792133333,1535528000,NVDA
2008-04-07,0.43973907828330994,0.4463706189523673,0.43630897950069464,0.43996776243948504,729496000,NVDA
2008-04-08,0.43722376227378845,0.45140152898095365,0.4344796880678884,0.4344796880678884,639476000,NVDA
2008-04-09,0.4459134340286255,0.45048690067343,0.4381385243764509,0.44225464980877727,675232000,NVDA
2008-04-10,0.454602986574173,0.4690094379645579,0.44111124478921404,0.45071551845612823,1092184000,NVDA
2008-04-11,0.4237320125102997,0.44865741699325673,0.42098791127547436,0.4459133430184374,1106280000,NVDA
2008-04-14,0.40955424308776855,0.4230459831635249,0.4070388260665242,0.4221312736739789,780004000,NVDA
2008-04-15,0.41435644030570984,0.4159571480203765,0.40269409061597977,0.41161233878341424,439916000,NVDA
2008-04-16,0.43082094192504883,0.4363091180763277,0.42258871858814634,0.43013494375864825,646836000,NVDA
2008-04-17,0.4248754382133484,0.42647614598364375,0.41069767072213587,0.4109263549436108,596968000,NVDA
2008-04-18,0.4349369704723358,0.44179719595038874,0.4289914817060299,0.43790972848549103,573540000,NVDA
2008-04-21,0.4543742537498474,0.45734701194444694,0.43150689770062384,0.43150689770062384,679892000,NVDA
2008-04-22,0.4459134340286255,0.4509442418859082,0.4363091322665268,0.44614209100485885,587668000,NVDA
2008-04-23,0.46740880608558655,0.4724396421686709,0.44614217665260114,0.4520876953362372,1020496000,NVDA
2008-04-24,0.4562036693096161,0.47243948450114504,0.44934347031488686,0.4701527515029019,655764000,NVDA
2008-04-25,0.46077728271484375,0.4619206222520861,0.4461421440939299,0.4605485711913717,552208000,NVDA
2008-04-28,0.45254483819007874,0.46557923672230606,0.45071544653116924,0.45871903844639894,535700000,NVDA
2008-04-29,0.4619205594062805,0.4676374198747829,0.44751413426888,0.44751413426888,573408000,NVDA
2008-04-30,0.46992403268814087,0.4749548119099062,0.4642071736852163,0.4674085885572502,1068320000,NVDA
2008-05-01,0.49164798855781555,0.49279132757194766,0.47335407365166127,0.47564080619993,1014624000,NVDA
2008-05-02,0.5149725675582886,0.5149725675582886,0.4975933931616847,0.5051396143407363,1131016000,NVDA
2008-05-05,0.502167284488678,0.5138296114514825,0.5010238902366178,0.511542877467401,943392000,NVDA
2008-05-06,0.5152015089988708,0.5163448483896955,0.49302014690463375,0.500795083746336,729036000,NVDA
2008-05-07,0.5033103823661804,0.5234336644683298,0.49896557352821425,0.5165734658125997,715632000,NVDA
2008-05-08,0.5019382834434509,0.5087984814392148,0.480443007294059,0.5071977740255373,1360000000,NVDA
2008-05-09,0.5152015089988708,0.5357821087139174,0.502395791605504,0.5033104740221682,2030352000,NVDA
2008-05-12,0.5005664229393005,0.5218331047703287,0.49553564187822113,0.5218331047703287,1006652000,NVDA
2008-05-13,0.4902760982513428,0.5030818156080563,0.4866173140751357,0.5030818156080563,854108000,NVDA
2008-05-14,0.504682183265686,0.51771654880968,0.49027576776548526,0.4964499380484305,751148000,NVDA
2008-05-15,0.5437857508659363,0.5460724843708717,0.5012524422501022,0.5035391757550378,1165464000,NVDA
2008-05-16,0.5581919550895691,0.5593353486466746,0.5403554081427644,0.5529324646708964,1091556000,NVDA
2008-05-19,0.5465297102928162,0.5787726279443723,0.5426422152806305,0.5584206887041638,1158532000,NVDA
2008-05-20,0.5323522686958313,0.5378404201145374,0.5261780915347811,0.5316662429534872,771404000,NVDA
2008-05-21,0.528006911277771,0.5543043558126964,0.5268635180493009,0.5337237683801421,1066660000,NVDA
2008-05-22,0.5408127903938293,0.5451575987906863,0.5270923944753406,0.5355532998397413,693108000,NVDA
2008-05-23,0.5284646153450012,0.5442430920941512,0.5206896782019258,0.5398982822965539,802672000,NVDA
2008-05-27,0.5341813564300537,0.5348673818155049,0.519317563945309,0.5293792332519137,832856000,NVDA
2008-05-28,0.5392124056816101,0.5501887071771918,0.5330382292753404,0.5488167103802738,751736000,NVDA
2008-05-29,0.5378400087356567,0.5403553981869359,0.5280070533097415,0.5394407160701075,693460000,NVDA
2008-05-30,0.564823567867279,0.5666529323675077,0.5515604844205773,0.5531611919882805,830244000,NVDA
2008-06-02,0.5671102404594421,0.5714550488355764,0.5586493351353957,0.5648235078172672,734660000,NVDA
2008-06-03,0.5479016304016113,0.5698543286997773,0.5412701440515462,0.5689395920473496,840696000,NVDA
2008-06-04,0.5543045997619629,0.5554479389736264,0.5328092664785476,0.5357820247568922,831724000,NVDA
2008-06-05,0.568253755569458,0.5796874768425849,0.5618509239957296,0.5735132477278878,827860000,NVDA
2008-06-06,0.5501884818077087,0.5620795156571224,0.546987066392872,0.5613934902796549,784876000,NVDA
2008-06-09,0.5417274236679077,0.5545331362736328,0.5307511297315731,0.5469869137474019,637916000,NVDA
2008-06-10,0.5097134709358215,0.5277786843075611,0.5062833429766153,0.52709265871572,1225208000,NVDA
2008-06-11,0.48593103885650635,0.5220614390597856,0.4852450137685965,0.5097130965173967,999428000,NVDA
2008-06-12,0.48890402913093567,0.5065118693945204,0.48478787664125383,0.4969076226253034,825992000,NVDA
2008-06-13,0.4873031973838806,0.49530673432241984,0.47289677637450367,0.4895899300120356,705748000,NVDA
2008-06-16,0.4806715250015259,0.48661703911336124,0.4767840860484008,0.4820435751073327,630496000,NVDA
2008-06-17,0.4690094292163849,0.4877606077677404,0.46786603541592714,0.4875319508156557,687912000,NVDA
2008-06-18,0.45528891682624817,0.4802142917605587,0.447742666383379,0.46420716324054184,1065272000,NVDA
2008-06-19,0.4541456401348114,0.4642072827217082,0.4431693151582014,0.45780445147369525,784928000,NVDA
2008-06-20,0.4518589377403259,0.4568897730071389,0.4438553708740482,0.4440840551170896,741008000,NVDA
2008-06-23,0.4424830973148346,0.45574617701807923,0.43859565795905525,0.4552888360221049,776616000,NVDA
2008-06-24,0.45711830258369446,0.4676373114115682,0.43996780693608484,0.43996780693608484,1078928000,NVDA
2008-06-25,0.45963388681411743,0.46763748162283153,0.4523163447930237,0.46420735398480284,900976000,NVDA
2008-06-26,0.43608036637306213,0.449343449871461,0.43608036637306213,0.44591335053015296,845532000,NVDA
2008-06-27,0.44088244438171387,0.4433978610587056,0.4278480744645794,0.4379096866525424,584140000,NVDA
2008-06-30,0.42807674407958984,0.4397390911866941,0.42510398626209245,0.43585165123766023,653940000,NVDA
2008-07-01,0.428762823343277,0.42922016446668176,0.41527108301279436,0.4230459911507012,881464000,NVDA
2008-07-02,0.412298321723938,0.42944884543285633,0.4116122964139803,0.42670477145303154,763196000,NVDA
2008-07-03,0.28561317920684814,0.3002482850109625,0.28355513065720916,0.29681818592156134,2987520000,NVDA
2008-07-07,0.27669504284858704,0.2917874957661441,0.2689201321219607,0.2899581034034076,2202692000,NVDA
2008-07-08,0.27509424090385437,0.28538456704584964,0.26983474935661506,0.2785243677911919,1805288000,NVDA
2008-07-09,0.27029213309288025,0.27989640714145414,0.27029213309288025,0.275780281903491,1413168000,NVDA
2008-07-10,0.26960620284080505,0.2748656965424495,0.26457536618530697,0.2716642525562217,1056992000,NVDA
2008-07-11,0.2668621242046356,0.2734936418821505,0.25885852796691644,0.26411802160426584,807760000,NVDA
2008-07-14,0.2547423839569092,0.27097820510864856,0.25291299143473867,0.2689201555587177,882316000,NVDA
2008-07-15,0.2574862837791443,0.26274577291969514,0.24468057345954183,0.25245545148644577,1122484000,NVDA
2008-07-16,0.258858323097229,0.26571851964871085,0.2513121014385994,0.25840098211246315,1034392000,NVDA
2008-07-17,0.2597731649875641,0.26297458077582025,0.24971152188445142,0.26297458077582025,862080000,NVDA
2008-07-18,0.2643465995788574,0.2659473072785369,0.2506261738758674,0.257943741520131,899720000,NVDA
2008-07-21,0.26594725251197815,0.2723501092521633,0.2636605199090551,0.26846266927919465,571636000,NVDA
2008-07-22,0.26023051142692566,0.2645752939781592,0.2551997034044414,0.2634319272794122,555924000,NVDA
2008-07-23,0.2680054306983948,0.2707495054192617,0.26091654601447634,0.262059912753172,594876000,NVDA
2008-07-24,0.25222688913345337,0.2677766782728661,0.2515408638128898,0.26526126118413523,705628000,NVDA
2008-07-25,0.2643465995788574,0.2652612819043861,0.24948280733895226,0.25474229886076355,1039600000,NVDA
2008-07-28,0.2636604607105255,0.27235004810259866,0.2597730216103866,0.26091638765513314,734808000,NVDA
2008-07-29,0.2664046883583069,0.2730362316220635,0.26114519604843445,0.2641179549418417,764636000,NVDA
2008-07-30,0.26251712441444397,0.27212142208667967,0.25657160940401236,0.27166405380895425,588492000,NVDA
2008-07-31,0.2616024315357208,0.26731926217033036,0.25885833102310923,0.261831088405106,487236000,NVDA
2008-08-01,0.24788205325603485,0.25565696060823634,0.2446806384557188,0.2547422511938579,881060000,NVDA
2008-08-04,0.2419365793466568,0.24925414688818587,0.24125055398213743,0.24788209615914714,522052000,NVDA
2008-08-05,0.25588569045066833,0.25588569045066833,0.2437659985207641,0.2465100730260227,685844000,NVDA
2008-08-06,0.2627458870410919,0.2650326200728153,0.2483394362292251,0.2565716860474324,814864000,NVDA
2008-08-07,0.2586297392845154,0.2721214793358214,0.25565698115388824,0.26045913100028634,819232000,NVDA
2008-08-08,0.25154080986976624,0.2629744718938463,0.2506261005518395,0.2606877394890303,853764000,NVDA
2008-08-11,0.2568003833293915,0.26297455737739606,0.25245557399189983,0.2533702836071657,1196436000,NVDA
2008-08-12,0.2531416118144989,0.25954447039562417,0.2494828276938528,0.2588584449655017,1410868000,NVDA
2008-08-13,0.2803536653518677,0.28446978937152,0.26663327012636123,0.2732648108413573,2095260000,NVDA
2008-08-14,0.2972756028175354,0.30848061238942964,0.2782957108978054,0.2782957108978054,1635304000,NVDA
2008-08-15,0.29636088013648987,0.30596518053906485,0.2943028040816491,0.3025350537809969,777652000,NVDA
2008-08-18,0.30230632424354553,0.3050503977310509,0.2952174427458223,0.29841885727124506,893968000,NVDA
2008-08-19,0.3068799376487732,0.3087093299457276,0.29613226812667154,0.29613226812667154,1014140000,NVDA
2008-08-20,0.32197239995002747,0.3228870824966972,0.3091666807365611,0.31145341436325047,1143692000,NVDA
2008-08-21,0.31145331263542175,0.31877087965875367,0.3050504551200094,0.31625546258698256,1021560000,NVDA
2008-08-22,0.31122469902038574,0.31739890100395696,0.30459318306915817,0.31374011666258234,459264000,NVDA
2008-08-25,0.3066510856151581,0.3167127241135076,0.305736403597126,0.309395186189253,471600000,NVDA
2008-08-26,0.2993335723876953,0.3084805023626893,0.29613213054044646,0.30825184546931544,613112000,NVDA
2008-08-27,0.3016202449798584,0.3052790271472249,0.2897292165659155,0.2924733168214384,454620000,NVDA
2008-08-28,0.3004770576953888,0.3052792087390623,0.29750429882359153,0.3020777656232758,365192000,NVDA
2008-08-29,0.2890433371067047,0.2972755594638511,0.28812862756035024,0.2963608771775039,516004000,NVDA
2008-09-02,0.28172582387924194,0.2963609340914115,0.2778383825257014,0.29384551643087864,693928000,NVDA
2008-09-03,0.26663318276405334,0.27898155077707015,0.2641177668928852,0.2778381848829016,714856000,NVDA
2008-09-04,0.2629745304584503,0.26640462982955976,0.26137382287060057,0.2636605557846735,716128000,NVDA
2008-09-05,0.2668621242046356,0.2675481225947086,0.26045926357047194,0.2606879206138231,791100000,NVDA
2008-09-08,0.25588569045066833,0.26937743326320746,0.2515409080890098,0.26937743326320746,1314840000,NVDA
2008-09-09,0.2471960335969925,0.270520728920742,0.2462813514219452,0.25497094112491037,1098296000,NVDA
2008-09-10,0.24742473661899567,0.2551996447391879,0.24582402906072276,0.25016881061317864,644284000,NVDA
2008-09-11,0.23553365468978882,0.24056448776518263,0.2277587618232716,0.23324692229551908,1066976000,NVDA
2008-09-12,0.23301835358142853,0.2350764026109944,0.2197552815941909,0.23347569478133084,1209200000,NVDA
2008-09-15,0.2126663625240326,0.2282161652071456,0.20992227488701154,0.2247860522533685,863984000,NVDA
2008-09-16,0.2192978858947754,0.2208986070561255,0.2012326801552685,0.2051201341499735,1240840000,NVDA
2008-09-17,0.22867345809936523,0.2337042639277911,0.21220896300997083,0.21426702489614513,1392580000,NVDA
2008-09-18,0.24902544915676117,0.2611451390717536,0.2309602427521478,0.23141758388365555,1611060000,NVDA
2008-09-19,0.26091644167900085,0.2629744900816737,0.24925409470384838,0.26091644167900085,1107344000,NVDA
2008-09-22,0.2554282546043396,0.2664045758185456,0.2540562042300635,0.25885835328002893,700072000,NVDA
2008-09-23,0.24811086058616638,0.2627459731410198,0.24719615071772852,0.2533703537346291,821468000,NVDA
2008-09-24,0.2572576701641083,0.26228847657533394,0.24353727417349091,0.24490929741655046,866036000,NVDA
2008-09-25,0.26228851079940796,0.2684627116088142,0.25291289474513035,0.2572577037317498,588328000,NVDA
2008-09-26,0.26731935143470764,0.2691487433006605,0.2510835361068868,0.2558856590875042,646852000,NVDA
2008-09-29,0.23096027970314026,0.26343191413538014,0.2286735464197437,0.26023049844262935,975240000,NVDA
2008-09-30,0.24490948021411896,0.24719621458601362,0.2321037568274993,0.23461917554059303,659044000,NVDA
2008-10-01,0.23804908990859985,0.24559531285388672,0.23370428166252438,0.24125050460781125,557208000,NVDA
2008-10-02,0.21335239708423615,0.23964984000250414,0.21220901696343833,0.23964984000250414,787728000,NVDA
2008-10-03,0.20649214088916779,0.2229566366865769,0.20512010411605064,0.21678245076254846,915828000,NVDA
2008-10-06,0.17950868606567383,0.19711653524166892,0.16716031368510476,0.19665919417424105,1677440000,NVDA
2008-10-07,0.1655595749616623,0.18636886390148447,0.1641875382762894,0.18591152288302681,1059984000,NVDA
2008-10-08,0.16898971796035767,0.1788226743216903,0.15801338158421657,0.15961410270094645,1219456000,NVDA
2008-10-09,0.15824206173419952,0.17767931871497775,0.1564126835855406,0.17516390161181644,909636000,NVDA
2008-10-10,0.15572665631771088,0.1676176754706191,0.14360696660282432,0.1445216624807408,1200252000,NVDA
2008-10-13,0.18408219516277313,0.184310865751024,0.1669316829638822,0.1689897455181495,916536000,NVDA
2008-10-14,0.1799660325050354,0.19208572108365832,0.17493521246315338,0.1909423547509581,1209012000,NVDA
2008-10-15,0.16052880883216858,0.179737381685077,0.16052880883216858,0.17882268579255708,854064000,NVDA
2008-10-16,0.17607858777046204,0.176993283609244,0.15778471188483023,0.16533093551727832,1019820000,NVDA
2008-10-17,0.1749352663755417,0.18499690956015108,0.16784639565411863,0.17104782509831143,839416000,NVDA
2008-10-20,0.1783653348684311,0.1822527890877699,0.1740205395079953,0.18088075203447535,595764000,NVDA
2008-10-21,0.16464489698410034,0.17676458420204091,0.16373020129463306,0.17493519282310638,659116000,NVDA
2008-10-22,0.1584707349538803,0.1692183870566683,0.1541259400029661,0.1623581751768022,600996000,NVDA
2008-10-23,0.14955247938632965,0.16190085412070693,0.14314962144183863,0.15801339978655024,832192000,NVDA
2008-10-24,0.15115316212177277,0.15892805517637207,0.1365180580884089,0.13720408327528552,798336000,NVDA
2008-10-27,0.15938541293144226,0.1687610134303499,0.14543632018477307,0.15023846932592164,698936000,NVDA
2008-10-28,0.18339617550373077,0.18362484609913332,0.16487362556603716,0.16784638419628567,849920000,NVDA
2008-10-29,0.18934164941310883,0.20123266758156444,0.1813380713664548,0.18225276716864403,977284000,NVDA
2008-10-30,0.19734521210193634,0.20123266581970398,0.18522552349654592,0.2000892994844785,657176000,NVDA
2008-10-31,0.20031794905662537,0.20420540236746185,0.19071366466808856,0.19117101933230485,608672000,NVDA
2008-11-03,0.1930004358291626,0.2083215679999391,0.18979900705720973,0.20466278447199115,723924000,NVDA
2008-11-04,0.20534881949424744,0.20534881949424744,0.1943724956517501,0.19963198699919754,619560000,NVDA
2008-11-05,0.1946011632680893,0.20351942455083213,0.1946011632680893,0.19780259214266413,787620000,NVDA
2008-11-06,0.17424924671649933,0.19002770898779142,0.1737918918850094,0.183167509185491,797936000,NVDA
2008-11-07,0.19940334558486938,0.20740692642541192,0.18522558977677336,0.19848864946337824,1132068000,NVDA
2008-11-10,0.1865975707769394,0.20809288906369658,0.18225277573482954,0.20694950903471782,576396000,NVDA
2008-11-11,0.1783653348684311,0.18522554739491115,0.17653595667403954,0.1838535103416166,576484000,NVDA
2008-11-12,0.16784636676311493,0.1769932986692223,0.16578830435824005,0.17287717385947252,646092000,NVDA
2008-11-13,0.1815667748451233,0.18179544541248416,0.15687002645006667,0.1600714552831292,797228000,NVDA
2008-11-14,0.16395890712738037,0.17516390106948673,0.16327288180500527,0.17424921881299088,741024000,NVDA
2008-11-17,0.16052880883216858,0.16670298225417224,0.15892808761275787,0.1623581869872051,388224000,NVDA
2008-11-18,0.15526928007602692,0.16464489366665594,0.1500097901900643,0.16373019799561897,564488000,NVDA
2008-11-19,0.14246362447738647,0.15778474556485542,0.14177759904436346,0.15389729082773398,500220000,NVDA
2008-11-20,0.13491733372211456,0.14840907118332605,0.133316626500615,0.1413201898681132,847036000,NVDA
2008-11-21,0.14589367806911469,0.14589367806911469,0.13148724395893524,0.1392621509650643,599064000,NVDA
2008-11-24,0.15549808740615845,0.1573274803578812,0.14635113627755664,0.1548120616417594,600308000,NVDA
2008-11-25,0.15984275937080383,0.16281551716513948,0.15526929422874977,0.16235816247293333,528256000,NVDA
2008-11-26,0.17402054369449615,0.17447789847659959,0.1561840206825536,0.15709870298675258,600792000,NVDA
2008-11-28,0.17081911861896515,0.17379187706513272,0.16853238554652986,0.17127647341145474,175248000,NVDA
2008-12-01,0.15618406236171722,0.16555966752175505,0.15595537809463703,0.16395895943223918,547112000,NVDA
2008-12-02,0.16487367451190948,0.1669317377415177,0.15709876292005212,0.15915682614966034,479988000,NVDA
2008-12-03,0.1733345240354538,0.17356319460104075,0.15709869579872712,0.15847074645225545,584632000,NVDA
2008-12-04,0.1619008630514145,0.17836534997545397,0.15801340850281964,0.16990442910851564,466292000,NVDA
2008-12-05,0.1683036983013153,0.16898972360712333,0.15412594647797195,0.15687002044119822,438484000,NVDA
2008-12-08,0.16281551122665405,0.1749351988630479,0.15892805781969718,0.17150510013161574,707992000,NVDA
2008-12-09,0.17859403789043427,0.18499689632059038,0.15892810778066616,0.16075749979785506,829760000,NVDA
2008-12-10,0.19551579654216766,0.20008926100350516,0.17905130267335387,0.18202406002522295,961124000,NVDA
2008-12-11,0.18728357553482056,0.20123265497697426,0.1849968429875824,0.19437245733525976,582700000,NVDA
2008-12-12,0.19665922224521637,0.1978025887069906,0.17813666103046763,0.1817954446121479,679268000,NVDA
2008-12-15,0.19025635719299316,0.1989459474158456,0.18408217036201818,0.1978025809986283,476996000,NVDA
2008-12-16,0.20306208729743958,0.20351942844684656,0.19025637155399786,0.19208574978162962,521940000,NVDA
2008-12-17,0.21312369406223297,0.21609645212779036,0.1966592098706884,0.1994032837542779,674180000,NVDA
2008-12-18,0.19345782697200775,0.21243773261059742,0.19094240941592608,0.21175170716257413,550808000,NVDA
2008-12-19,0.1948298066854477,0.20351939618681708,0.1941437814400758,0.19597317300773304,593120000,NVDA
2008-12-22,0.18339617550373077,0.19825995502496818,0.176307305266221,0.19780261383416306,522464000,NVDA
2008-12-23,0.18088074028491974,0.18842696403286166,0.178136652726576,0.18453951006604202,377452000,NVDA
2008-12-24,0.17653590440750122,0.18156672362012422,0.1728771218419574,0.17722191591604103,146616000,NVDA
2008-12-26,0.1717338263988495,0.17882271031551467,0.16693168934208014,0.17653597708562402,226156000,NVDA
2008-12-29,0.17722193896770477,0.17722193896770477,0.16281551822449858,0.17402051062143659,460168000,NVDA
2008-12-30,0.18339617550373077,0.1861402635385767,0.17539260925460567,0.17950873449187205,409860000,NVDA
2008-12-31,0.1845395565032959,0.18911303691806583,0.1779080269393872,0.18110945641472306,441580000,NVDA
2009-01-02,0.1991746425628662,0.20054667970691448,0.18385352250264783,0.1845395342596697,497124000,NVDA
2009-01-05,0.2028333991765976,0.20740686479505438,0.19551584600906513,0.19688788296860163,705736000,NVDA
2009-01-06,0.20969358086585999,0.21563909659926558,0.20420541983579416,0.2087788850891821,657904000,NVDA
2009-01-07,0.19711653888225555,0.2048914462121368,0.19002765679618785,0.2048914462121368,870096000,NVDA
2009-01-08,0.19208575785160065,0.19460117516902914,0.18019473753740722,0.19460117516902914,1014496000,NVDA
2009-01-09,0.18133802711963654,0.19208567632040963,0.18088068614513497,0.19208567632040963,761352000,NVDA
2009-01-12,0.17402054369449615,0.1822527934723182,0.17150514009794116,0.18133809753811533,645532000,NVDA
2009-01-13,0.1749352663755417,0.1815668095049458,0.1648736368209383,0.16807506626513113,1824424000,NVDA
2009-01-14,0.16716031730175018,0.17081908681033764,0.16464491411647142,0.16876102470238166,974908000,NVDA
2009-01-15,0.17310580611228943,0.17584987940862715,0.16464488846024886,0.1680749868956708,998204000,NVDA
2009-01-16,0.1827101707458496,0.18431087860524717,0.17219118665264654,0.17790801990764576,831324000,NVDA
2009-01-20,0.16487367451190948,0.18293888862179886,0.16350162327216458,0.1822528630019264,705788000,NVDA
2009-01-21,0.17287716269493103,0.17402052910935495,0.1619008396644602,0.16807502648035108,648472000,NVDA
2009-01-22,0.1696757674217224,0.17424924761004754,0.1635015793899876,0.1673890341425626,547656000,NVDA
2009-01-23,0.17630727589130402,0.18156676685929368,0.16464492753880544,0.16487359809610871,633616000,NVDA
2009-01-26,0.18225279450416565,0.1875122859331066,0.17424922888708405,0.1772219736525691,581748000,NVDA
2009-01-27,0.1930004358291626,0.19437248646714464,0.1845395159582869,0.18522554127727794,725300000,NVDA
2009-01-28,0.2010040134191513,0.20420544217270994,0.19345778947362044,0.19986064698073772,723752000,NVDA
2009-01-29,0.18934164941310883,0.19665920220062044,0.18842695361091963,0.19437246951014842,413128000,NVDA
2009-01-30,0.18179543316364288,0.1930004265094005,0.1795087003841006,0.1879696198464085,506760000,NVDA
2009-02-02,0.19162842631340027,0.19368648893563278,0.17813668397098772,0.17905137998420273,577992000,NVDA
2009-02-03,0.1939152032136917,0.19551592500490544,0.18682631773690328,0.19208581077516407,396948000,NVDA
2009-02-04,0.19940334558486938,0.20923631866839423,0.19437253736167814,0.19437253736167814,779232000,NVDA
2009-02-05,0.21403837203979492,0.2163251046286387,0.1920857146528925,0.19414377670885213,919192000,NVDA
2009-02-06,0.2257007360458374,0.2270727729758722,0.21106563002545844,0.21472441334555437,1157880000,NVDA
2009-02-09,0.22272798418998718,0.22798747513615744,0.21655381101839843,0.22478604645718436,716128000,NVDA
2009-02-10,0.21312369406223297,0.2254720674283933,0.20900756960684622,0.2224993093628359,1129664000,NVDA
2009-02-11,0.18636886775493622,0.20329070386775253,0.17973734107018396,0.19620182252508617,1983400000,NVDA
2009-02-12,0.19025635719299316,0.19139972361021043,0.17973737525059197,0.1822527786424694,1024020000,NVDA
2009-02-13,0.19002768397331238,0.19231443056973316,0.18453952212791047,0.18591157281176365,764304000,NVDA
2009-02-17,0.17905135452747345,0.18728360384597872,0.17836532920759696,0.18293880862343498,779576000,NVDA
2009-02-18,0.18385349214076996,0.18979899453646507,0.1788226719367185,0.1790513424846294,646252000,NVDA
2009-02-19,0.1696757674217224,0.18911302755459186,0.1696757674217224,0.1875123060811767,743988000,NVDA
2009-02-20,0.17402054369449615,0.17676463149710483,0.16578830754667803,0.16738901520903013,770056000,NVDA
2009-02-23,0.16601698100566864,0.1779080010967899,0.16487361447556106,0.176993305146703,679548000,NVDA
2009-02-24,0.18088074028491974,0.18110941084061438,0.1667029750118144,0.16693165919751177,659524000,NVDA
2009-02-25,0.18293878436088562,0.18842694530201193,0.17424919506826886,0.1804233676082851,702360000,NVDA
2009-02-26,0.18888427317142487,0.19528712942706636,0.18659754074155296,0.18934162783539948,1117556000,NVDA
2009-02-27,0.18934164941310883,0.19368644425100603,0.1827101218847396,0.18408215877302242,755444000,NVDA
2009-03-02,0.1733345240354538,0.18865564274982605,0.17264849870868962,0.1847682022448379,700064000,NVDA
2009-03-03,0.180194690823555,0.18705490198445224,0.17081907662732929,0.17653592153307712,1041372000,NVDA
2009-03-04,0.19345782697200775,0.1989459896661771,0.18339618400769253,0.184996905509745,1108668000,NVDA
2009-03-05,0.18888427317142487,0.19848855755488712,0.18796959110347644,0.19071366456732256,955252000,NVDA
2009-03-06,0.1918570101261139,0.19871722030713052,0.18636885015929996,0.18888425283534,974756000,NVDA
2009-03-09,0.1897990107536316,0.20489147265534466,0.18934166961873275,0.19048503608598327,682768000,NVDA
2009-03-10,0.20694956183433533,0.21060834614853688,0.19482986946105638,0.19665926161815714,1254800000,NVDA
2009-03-11,0.2126663625240326,0.2709780919181993,0.20351941736396556,0.20694951668773953,864916000,NVDA
2009-03-12,0.2252434343099594,0.22753016746965365,0.20923628856209492,0.21198036290172612,1604604000,NVDA
2009-03-13,0.22410012781620026,0.2273015578241457,0.21838327975414934,0.22204206469466325,1195156000,NVDA
2009-03-16,0.21541047096252441,0.22661548023387887,0.21358109254210342,0.2263868096350769,699344000,NVDA
2009-03-17,0.2261580526828766,0.22661539370585507,0.21335234047947813,0.21609641387734915,1005384000,NVDA
2009-03-18,0.23324699699878693,0.23987853942208917,0.22249934312551012,0.2227280137121746,1359560000,NVDA
2009-03-19,0.2305028885602951,0.23484766995345258,0.22890218106071103,0.23484766995345258,822648000,NVDA
2009-03-20,0.21792586147785187,0.23416169006419996,0.21198034486454082,0.23393300586368523,1093672000,NVDA
2009-03-23,0.23370440304279327,0.23416177160308582,0.2197553298242798,0.2247861386473475,816048000,NVDA
2009-03-24,0.22364266216754913,0.23004553264365643,0.22249929584717323,0.22798745691097783,1114868000,NVDA
2009-03-25,0.2273014932870865,0.2378204629294222,0.21861188833558465,0.2305029223860594,1243852000,NVDA
2009-03-26,0.24147917330265045,0.24193651433610228,0.2284447902892689,0.23096019323325467,1333664000,NVDA
2009-03-27,0.23919248580932617,0.24490931795142168,0.23553370233438267,0.23896380161963998,731892000,NVDA
2009-03-30,0.2238713651895523,0.2330183243397944,0.2206699363019694,0.23004556602346665,780052000,NVDA
2009-03-31,0.2254720777273178,0.23096023937518298,0.2238713565304388,0.22730146948660726,805272000,NVDA
2009-04-01,0.23118889331817627,0.233246941740592,0.21426704220385742,0.22272796094601618,887920000,NVDA
2009-04-02,0.2419365793466568,0.2462813884819407,0.23644843095051812,0.2398785305131068,1002860000,NVDA
2009-04-03,0.258858323097229,0.2595443482043768,0.23804904932040163,0.24216517270329033,1003208000,NVDA
2009-04-06,0.2595444619655609,0.2618311951516884,0.2510835546288911,0.2545136544080824,887288000,NVDA
2009-04-07,0.2506261169910431,0.25725765775598947,0.24902540965467754,0.2545135841422196,607804000,NVDA
2009-04-08,0.26091644167900085,0.2616024668998926,0.25131214310652117,0.25337021876919646,731652000,NVDA
2009-04-09,0.2753230035305023,0.276237686120962,0.26549004301298673,0.2675480924715292,904412000,NVDA
2009-04-13,0.2664046883583069,0.27212154915948245,0.260459197831505,0.2718928649138309,767628000,NVDA
2009-04-14,0.2680054306983948,0.27440828988709315,0.26160257150969635,0.26274593824839204,711960000,NVDA
2009-04-15,0.26045915484428406,0.26160252136381085,0.249482803544817,0.25862976296103957,1045368000,NVDA
2009-04-16,0.26709067821502686,0.2702921209271292,0.25519967148724004,0.26526128627382684,1038772000,NVDA
2009-04-17,0.26892000436782837,0.2714354210791098,0.260687756276364,0.26709061287416935,695764000,NVDA
2009-04-20,0.2526841163635254,0.26091636197960344,0.2513120663408477,0.2586296301151367,590660000,NVDA
2009-04-21,0.2519981563091278,0.2625171365011241,0.2455952999861736,0.24925408281643346,932184000,NVDA
2009-04-22,0.2595444619655609,0.2700634455257514,0.24559537862617917,0.24971150381321067,916404000,NVDA
2009-04-23,0.2554282546043396,0.26434652751713245,0.24742469102773124,0.26205979506667293,753952000,NVDA
2009-04-24,0.2613738775253296,0.26320326969112534,0.25176957546990497,0.25794377743696717,759508000,NVDA
2009-04-27,0.2519981563091278,0.26526120999381847,0.25039744904338956,0.25794367159329984,787024000,NVDA
2009-04-28,0.2526841163635254,0.2579436051037978,0.24650991852146983,0.24879667764593072,634392000,NVDA
2009-04-29,0.24879683554172516,0.2549710100421491,0.24582407677929544,0.2538276433842924,859668000,NVDA
2009-04-30,0.26251712441444397,0.2698346624780522,0.25154080368903164,0.2535988518987965,1110276000,NVDA
2009-05-01,0.2668621242046356,0.27303630053542866,0.2616026305672862,0.2618312876106374,840548000,NVDA
2009-05-04,0.28126832842826843,0.28332637646935444,0.26777659232115664,0.2714353746830847,927704000,NVDA
2009-05-05,0.2698346674442291,0.276923548759442,0.2641178364674447,0.27509415739487086,837076000,NVDA
2009-05-06,0.2643465995788574,0.2753229237852443,0.2590871080570461,0.27280750650002766,935088000,NVDA
2009-05-07,0.245366632938385,0.2702920620392857,0.2419365340184452,0.2702920620392857,1289196000,NVDA
2009-05-08,0.21152302622795105,0.2401072049630744,0.2083215970101768,0.2401072049630744,2930564000,NVDA
2009-05-11,0.2156391143798828,0.22089860530695318,0.20626349893336582,0.20809289063756492,1038596000,NVDA
2009-05-12,0.20534881949424744,0.22044126818518223,0.20123269464580998,0.22044126818518223,1201384000,NVDA
2009-05-13,0.19208575785160065,0.20512015834735528,0.1904850501314229,0.20397679179579847,1305608000,NVDA
2009-05-14,0.1948298066854477,0.19894593089767565,0.190485011934763,0.19185704879550508,1017864000,NVDA
2009-05-15,0.199860617518425,0.20672081513761525,0.1939151020111259,0.196201834550856,780308000,NVDA
2009-05-18,0.21198032796382904,0.21335237853751257,0.20443410432857975,0.20489145906314177,938320000,NVDA
2009-05-19,0.21609647572040558,0.2186118793266522,0.20992228836325044,0.21335240153722818,859768000,NVDA
2009-05-20,0.222499281167984,0.2343902982933951,0.21906918243315404,0.21998387815510884,1309436000,NVDA
2009-05-21,0.22112730145454407,0.2241000599104178,0.2149531139608074,0.21975526433260403,965600000,NVDA
2009-05-22,0.22455741465091705,0.22775884388233533,0.21701118957900298,0.2211273148236843,718260000,NVDA
2009-05-26,0.2366771101951599,0.23850650225288245,0.22021262256567328,0.22249935582282374,865540000,NVDA
2009-05-27,0.2371344268321991,0.2442233100991032,0.23324698614970663,0.23553371916999724,814152000,NVDA
2009-05-28,0.24033576250076294,0.24239381039947747,0.23004546848719876,0.24079310344936664,995288000,NVDA
2009-05-29,0.23850654065608978,0.2410219585479804,0.23027428870082509,0.2405646172749135,834232000,NVDA
2009-06-01,0.2501687705516815,0.25154082095905883,0.24033581532548223,0.24125049742373258,1022764000,NVDA
2009-06-02,0.24811086058616638,0.2556570875156983,0.24353739302402788,0.25016891008512193,907984000,NVDA
2009-06-03,0.24033576250076294,0.2458239356639946,0.23439024838892755,0.24490922650679145,735688000,NVDA
2009-06-04,0.24902544915676117,0.24948279028826892,0.24079319974959473,0.24102188394535193,673180000,NVDA
2009-06-05,0.24765343964099884,0.253598957118255,0.2446807081623819,0.253598957118255,559992000,NVDA
2009-06-08,0.2462814301252365,0.24971153026781484,0.24010722806058532,0.24582408889156196,473948000,NVDA
2009-06-09,0.2597731649875641,0.2625172395574996,0.24788212975115714,0.24971152188445142,725032000,NVDA
2009-06-10,0.2680054306983948,0.26960613868056604,0.2554283693127291,0.26114520300620747,833320000,NVDA
2009-06-11,0.2645752727985382,0.27898172476150834,0.2629745650004338,0.2686913980365282,835156000,NVDA
2009-06-12,0.26320314407348633,0.26411782608983236,0.2547422127522886,0.26068772763853576,595000000,NVDA
2009-06-15,0.258858323097229,0.261831080388204,0.25428485872957446,0.25840098211246315,445164000,NVDA
2009-06-16,0.2517695426940918,0.2620598688795781,0.24811078609881612,0.2588584261912021,594912000,NVDA
2009-06-17,0.25794366002082825,0.2604590765112796,0.24582397310683543,0.25565692766950887,799016000,NVDA
2009-06-18,0.25291284918785095,0.261831122494982,0.25016877557796535,0.2570289732326805,566376000,NVDA
2009-06-19,0.25565698742866516,0.2620598449610108,0.25222688809990923,0.2554283032360789,747564000,NVDA
2009-06-22,0.24125058948993683,0.2565717249325051,0.24033590704262475,0.2565717249325051,574864000,NVDA
2009-06-23,0.2401071935892105,0.24399466166736555,0.23073157697485008,0.2435373204993499,589764000,NVDA
2009-06-24,0.24811086058616638,0.2538276950388395,0.24308002445980048,0.24308002445980048,515096000,NVDA
2009-06-25,0.26114529371261597,0.26160266237496765,0.2433087609416058,0.24582417954444905,870444000,NVDA
2009-06-26,0.2645752727985382,0.26548998244031946,0.25771507315522496,0.2600018063696627,513956000,NVDA
2009-06-29,0.2645752727985382,0.2693774234528616,0.26183119839321495,0.2652612982148716,510056000,NVDA
2009-06-30,0.2581724524497986,0.2673194139175604,0.2533703283467396,0.26366062933045564,589844000,NVDA
2009-07-01,0.2593157887458801,0.26274591593062374,0.2549710064118899,0.25977315721051997,696420000,NVDA
2009-07-02,0.24925419688224792,0.2540563208770514,0.24582409663166824,0.25085490488051576,552312000,NVDA
2009-07-06,0.24125058948993683,0.24925418357397208,0.2371344639570082,0.249025499332138,752456000,NVDA
2009-07-07,0.23073159158229828,0.2435373359175204,0.2300455934168492,0.24216528506660112,1072996000,NVDA
2009-07-08,0.23118889331817627,0.23278960067561102,0.2220419493485447,0.23210357544813823,1205860000,NVDA
2009-07-09,0.23621973395347595,0.24010717446194332,0.23439034216713642,0.23507636749451458,714564000,NVDA
2009-07-10,0.2371344268321991,0.23873516175440884,0.2311889373354482,0.236219744528086,520008000,NVDA
2009-07-13,0.23987847566604614,0.24193652402903323,0.22753010370811783,0.24193652402903323,556012000,NVDA
2009-07-14,0.24490948021411896,0.24582419031889122,0.23896395994318329,0.24170806299747605,452568000,NVDA
2009-07-15,0.2549709975719452,0.2600018051684641,0.2515408977661355,0.25382763097000866,1022808000,NVDA
2009-07-16,0.2682340145111084,0.26914872400852385,0.2563430091247542,0.25771503248086863,952076000,NVDA
2009-07-17,0.2760089635848999,0.27692364595823415,0.26548997999150664,0.26823405437151926,850356000,NVDA
2009-07-20,0.2794390320777893,0.28241179034819197,0.2746368820055998,0.2782956656091734,782756000,NVDA
2009-07-21,0.2737222909927368,0.2798964665297091,0.2673194311817961,0.27875309967989886,941296000,NVDA
2009-07-22,0.28058239817619324,0.283097815307832,0.26640463217605753,0.2682340239754305,600908000,NVDA
2009-07-23,0.2972756028175354,0.2981903124972881,0.27806702666286437,0.2810397854170409,1046120000,NVDA
2009-07-24,0.29636088013648987,0.29727556243196956,0.28629923858617506,0.2881286304371421,650592000,NVDA
2009-07-27,0.29773300886154175,0.30207779179364513,0.29087278080767026,0.29361688293322474,677484000,NVDA
2009-07-28,0.2981902062892914,0.30139162087813265,0.2931593729925385,0.2956747896409149,563180000,NVDA
2009-07-29,0.29224470257759094,0.2965895108475094,0.2892719447634368,0.29476011932649127,373972000,NVDA
2009-07-30,0.2945314049720764,0.30116294514848185,0.2920159884810261,0.2972754783423132,468444000,NVDA
2009-07-31,0.2956748604774475,0.2997909854063684,0.28767129482788234,0.2945314939560811,541560000,NVDA
2009-08-03,0.303678423166275,0.3071085499569402,0.2970469083110074,0.3027637408621029,471900000,NVDA
2009-08-04,0.30573657155036926,0.3109960641933003,0.2979616610860321,0.2984190023462838,695380000,NVDA
2009-08-05,0.30642250180244446,0.30870923465276073,0.3002483012985859,0.30390708476309425,610768000,NVDA
2009-08-06,0.30001959204673767,0.3130539615683711,0.2981902006335257,0.30756581458873633,957588000,NVDA
2009-08-07,0.3135114312171936,0.3254024383571393,0.30916662179874527,0.31625550559410265,1401872000,NVDA
2009-08-10,0.30322110652923584,0.3203716328291289,0.30139171451297964,0.31579816641849345,693312000,NVDA
2009-08-11,0.29613223671913147,0.30573653844451415,0.2945315288515715,0.3011630718171934,481884000,NVDA
2009-08-12,0.30710846185684204,0.3103098762630637,0.29613211379551035,0.29636079793595477,634940000,NVDA
2009-08-13,0.31625550985336304,0.3173988764641412,0.30390713410095244,0.3093953101886939,564028000,NVDA
2009-08-14,0.3068799376487732,0.3162555561331555,0.3027638117956294,0.31579821487392046,427148000,NVDA
2009-08-17,0.29407408833503723,0.29841886925979944,0.290872646421,0.2975041871472186,465032000,NVDA
2009-08-18,0.30482175946235657,0.3082518859130253,0.29384543660023205,0.29407412078361167,636200000,NVDA
2009-08-19,0.3013916611671448,0.3032210528596016,0.2972755366741182,0.30024829476685994,552996000,NVDA
2009-08-20,0.31328272819519043,0.31465477893131827,0.2993336456645878,0.30001967103265176,819840000,NVDA
2009-08-21,0.31854212284088135,0.3189994638605667,0.3093951934071733,0.3157980494627689,607324000,NVDA
2009-08-24,0.30962395668029785,0.32014294004760524,0.3077945647129388,0.3167128403313106,461456000,NVDA
2009-08-25,0.31236812472343445,0.3155695409024662,0.30596526510535577,0.3112247306480487,444088000,NVDA
2009-08-26,0.31602686643600464,0.3167128919430606,0.3105387168995843,0.31168208365800637,434308000,NVDA
2009-08-27,0.3203716576099396,0.3217436812832504,0.3139687986877855,0.317398898761081,551072000,NVDA
2009-08-28,0.3368360996246338,0.3436962985462742,0.32860385001466236,0.3290611911574369,883992000,NVDA
2009-08-31,0.3320339620113373,0.3345493792815773,0.3276891528409235,0.33294864433142,431796000,NVDA
2009-09-01,0.3208288848400116,0.34118082106628433,0.31899949333225636,0.3318052066265404,736856000,NVDA
2009-09-02,0.3254024088382721,0.32860385137092213,0.3194568921776416,0.3212862840162977,404656000,NVDA
2009-09-03,0.3331772983074188,0.33363463942595895,0.3244877080151326,0.3254023902522129,534020000,NVDA
2009-09-04,0.3455256223678589,0.34781235489164336,0.33180519996515007,0.33180519996515007,513048000,NVDA
2009-09-08,0.3551298975944519,0.3551298975944519,0.3452969421772459,0.3480410157853028,549712000,NVDA
2009-09-09,0.3649628758430481,0.3656489011029793,0.3494130880779571,0.3544438945507796,571684000,NVDA
2009-09-10,0.3766252100467682,0.37708257837707626,0.36199010497698453,0.3661062291297363,607952000,NVDA
2009-09-11,0.3731951415538788,0.37708260911840186,0.37045106764833713,0.3757105585356284,712732000,NVDA
2009-09-14,0.36702093482017517,0.3706797178656356,0.3638194928403966,0.36770696004869935,490516000,NVDA
2009-09-15,0.3745671510696411,0.3791406161641174,0.3670209282117547,0.37045102703261196,546136000,NVDA
2009-09-16,0.3645055890083313,0.374338546504176,0.35901744063205,0.3736525211421388,707064000,NVDA
2009-09-17,0.34849849343299866,0.363590943902064,0.3423242918029196,0.363590943902064,923096000,NVDA
2009-09-18,0.3480410873889923,0.3544439452984086,0.3452970132163876,0.3519285553318576,604740000,NVDA
2009-09-21,0.34644028544425964,0.3523858005835276,0.3409521385926281,0.3439248689022616,588776000,NVDA
2009-09-22,0.34712645411491394,0.3510138953468557,0.34438237955472045,0.3489558462417135,361388000,NVDA
2009-09-23,0.3416382372379303,0.352157220275136,0.34118089607544494,0.34918446182896845,478936000,NVDA
2009-09-24,0.3370647430419922,0.34735506827158213,0.33592137660092736,0.34735506827158213,552876000,NVDA
2009-09-25,0.33157655596733093,0.33683604642863346,0.32906113918931573,0.33523531179171306,377556000,NVDA
2009-09-28,0.3391227722167969,0.34758367726166517,0.3327199155779768,0.3327199155779768,467708000,NVDA
2009-09-29,0.3329486548900604,0.34529703016282526,0.3322626294982386,0.3411809050719037,470928000,NVDA
2009-09-30,0.343696266412735,0.34781239083288773,0.3322625753523085,0.3398087989125878,875956000,NVDA
2009-10-01,0.31922826170921326,0.3425529618814047,0.31899957748791347,0.3425529618814047,999960000,NVDA
2009-10-02,0.3167128264904022,0.3235730256231888,0.31419740923771056,0.31602680112512194,612476000,NVDA
2009-10-05,0.31511208415031433,0.32128625723868554,0.3096239090917582,0.32014289084232034,754276000,NVDA
2009-10-06,0.3203716576099396,0.3258598068232075,0.3167128732944195,0.3189996066766165,761272000,NVDA
2009-10-07,0.3178561329841614,0.3215149160680087,0.3144260340655557,0.31808481714940295,459608000,NVDA
2009-10-08,0.31991443037986755,0.32060042883095713,0.3084807321347272,0.3196857460561564,1241524000,NVDA
2009-10-09,0.32403039932250977,0.32448774048681633,0.3176275412421923,0.31808488240649885,618540000,NVDA
2009-10-12,0.3203716576099396,0.32654583228986905,0.31831358120995495,0.3185422654521795,499008000,NVDA
2009-10-13,0.31922826170921326,0.32585977700679103,0.31625550313236434,0.3222010202860621,602124000,NVDA
2009-10-14,0.3187708258628845,0.3315765387326129,0.31717009130916723,0.3315765387326129,1101948000,NVDA
2009-10-15,0.30939528346061707,0.3212862897334665,0.30733720738300346,0.3183135313502522,1092196000,NVDA
2009-10-16,0.30230632424354553,0.3064224481048041,0.2968181500085337,0.3055077387689683,1018832000,NVDA
2009-10-19,0.31328272819519043,0.3157981454580887,0.3023064040861926,0.3048217940890826,695588000,NVDA
2009-10-20,0.3135114312171936,0.32082897197562094,0.31099601380335457,0.31854223878486176,660180000,NVDA
2009-10-21,0.3059650957584381,0.3171700734432837,0.3043643612948887,0.3123679518326356,503956000,NVDA
2009-10-22,0.30802327394485474,0.30962398182377826,0.299104997602261,0.3043644897130196,379328000,NVDA
2009-10-23,0.3007056415081024,0.31213930468863726,0.2988762499472162,0.31213930468863726,429528000,NVDA
2009-10-26,0.2968181371688843,0.3075658010250303,0.29521742997541567,0.3029923363236915,481652000,NVDA
2009-10-27,0.28675657510757446,0.2997909747979214,0.28378384406522167,0.29544619307447717,591836000,NVDA
2009-10-28,0.2748655378818512,0.2867565424782349,0.2734934873568821,0.28035368546171935,773632000,NVDA
2009-10-29,0.2869853377342224,0.2883573887902637,0.2766950365939567,0.27921042718334627,637100000,NVDA
2009-10-30,0.2734934985637665,0.28675655422859664,0.27212147524258035,0.2856131878309389,604144000,NVDA
2009-11-02,0.2760089635848999,0.2819544807916022,0.26823405437151926,0.2730362049815488,593136000,NVDA
2009-11-03,0.2746368646621704,0.27600891524186666,0.2643465670944639,0.26709064099385127,876472000,NVDA
2009-11-04,0.27395081520080566,0.2796676739384541,0.27280744890527653,0.2766949161180778,916840000,NVDA
2009-11-05,0.28058239817619324,0.2833264722452493,0.2762375892451815,0.2771522987748714,955156000,NVDA
2009-11-06,0.3009343445301056,0.3071085454017155,0.2945314867158482,0.29819027039828316,1641112000,NVDA
2009-11-09,0.3077945411205292,0.312139350117479,0.30482178280893346,0.30505046700982824,818124000,NVDA
2009-11-10,0.30024832487106323,0.3089379158364855,0.29636088417232404,0.3089379158364855,781472000,NVDA
2009-11-11,0.30870917439460754,0.3160267126352795,0.3048217074998751,0.30527907578866753,871512000,NVDA
2009-11-12,0.3077945411205292,0.31671281605531637,0.3068798588369646,0.311453324774802,505864000,NVDA
2009-11-13,0.3100813329219818,0.3116820681119423,0.3061938915892472,0.3075659425349241,388524000,NVDA
2009-11-16,0.3144262135028839,0.31808499867473344,0.31122476966251095,0.3128255052127067,402820000,NVDA
2009-11-17,0.313968688249588,0.3146547134749408,0.30802317264320056,0.3146547134749408,350124000,NVDA
2009-11-18,0.3091665506362915,0.31213930855202543,0.3039070600561474,0.31099594221982035,455516000,NVDA
2009-11-19,0.2968181371688843,0.30253496804555774,0.2913299904312777,0.30253496804555774,833840000,NVDA
2009-11-20,0.2949889004230499,0.29636095145646446,0.28927206655051296,0.28995809206722023,426748000,NVDA
2009-11-23,0.2972756028175354,0.30482182819044146,0.2959035791879233,0.2993336791519705,390924000,NVDA
2009-11-24,0.2954462468624115,0.29796163722234625,0.29064409586433554,0.2959035880860349,418504000,NVDA
2009-11-25,0.2988762855529785,0.3029924102403343,0.29681820957929733,0.2988762855529785,441760000,NVDA
2009-11-27,0.29247337579727173,0.2959034745483419,0.28652786039141603,0.2881285676899151,279932000,NVDA
2009-11-30,0.2986476719379425,0.29887635618684344,0.2904154206176915,0.29361686380223934,509836000,NVDA
2009-12-01,0.30459314584732056,0.30802324552569016,0.2986476288341429,0.30024833656538025,461936000,NVDA
2009-12-02,0.3137401044368744,0.3144261298816509,0.3034498045452608,0.305279196644661,602292000,NVDA
2009-12-03,0.31625550985336304,0.3231157095180322,0.3157981686610538,0.3173988764641412,660036000,NVDA
2009-12-04,0.32608842849731445,0.3274604791673757,0.3171701536619301,0.32220098794548346,824564000,NVDA
2009-12-07,0.3679357171058655,0.37616796756901844,0.34529704196219996,0.3624475683037703,2732184000,NVDA
2009-12-08,0.3500991463661194,0.36359088688422664,0.3480410703921675,0.36199015204003965,1075512000,NVDA
2009-12-09,0.3587886691093445,0.36153274262968327,0.3503277371366314,0.3537578631120566,671588000,NVDA
2009-12-10,0.35238584876060486,0.3635908553995997,0.3512424824051975,0.3613041226887849,417012000,NVDA
2009-12-11,0.3478124141693115,0.35581597936660475,0.3468977046479026,0.35535863823590363,416744000,NVDA
2009-12-14,0.35833147168159485,0.3594748383783193,0.3489558538644496,0.3528432951813102,405488000,NVDA
2009-12-15,0.3578740060329437,0.36381949443283695,0.3549012482029957,0.355815930338363,446152000,NVDA
2009-12-16,0.3866869807243347,0.39080310626972753,0.3686217706251142,0.3706798470278167,1683400000,NVDA
2009-12-17,0.38485753536224365,0.39972132757142537,0.37914070268948474,0.38783029380408,1016132000,NVDA
2009-12-18,0.38462892174720764,0.38943104537737194,0.38005542783369967,0.3880590217373299,812828000,NVDA
2009-12-21,0.3983492851257324,0.39994999285545463,0.38645827837064145,0.3869156195419894,427792000,NVDA
2009-12-22,0.4088681638240814,0.41298428783378704,0.3978918422182004,0.3983491832726117,793044000,NVDA
2009-12-23,0.41458502411842346,0.4157283904643318,0.4074961418697901,0.4127556325129693,442196000,NVDA
2009-12-24,0.41367024183273315,0.4164143149468151,0.4120695347878518,0.41572828985329524,136812000,NVDA
2009-12-28,0.4070388674736023,0.4166431681608261,0.40292274250193616,0.4129843843504543,465760000,NVDA
2009-12-29,0.412069708108902,0.41321307465901513,0.40475214038017093,0.40566684997626673,475848000,NVDA
2009-12-30,0.42693349719047546,0.4294489146457198,0.41298441359322996,0.4159571722421523,704008000,NVDA
2009-12-31,0.42716217041015625,0.433336344515738,0.42670482922826314,0.4278481958130008,700340000,NVDA
2010-01-04,0.4228174090385437,0.4257901679483887,0.41412781655592484,0.42327475027236305,800204000,NVDA
2010-01-05,0.428991436958313,0.43356490195995784,0.4212165300995157,0.4212165300995157,728648000,NVDA
2010-01-06,0.4317355751991272,0.4326502574325127,0.4246466924803695,0.4287628170506157,649168000,NVDA
2010-01-07,0.42327481508255005,0.43127841056992555,0.4200733986956134,0.4294490180945259,547792000,NVDA
2010-01-08,0.4241892993450165,0.42716205712897637,0.41732910165587933,0.41984449111922817,478168000,NVDA
2010-01-11,0.41824379563331604,0.4283054355519423,0.41229827989685497,0.4264760439976463,556612000,NVDA
2010-01-12,0.40406614542007446,0.41367044697213573,0.3953765535329772,0.41206973913346245,627432000,NVDA
2010-01-13,0.40955424308776855,0.41092629369208467,0.39103169622952916,0.406810169139142,508868000,NVDA
2010-01-14,0.4031514823436737,0.40749626486552165,0.3962912821975903,0.4045235332768953,608524000,NVDA
2010-01-15,0.39126038551330566,0.4036087601933179,0.3860008941084861,0.4001786606588713,818192000,NVDA
2010-01-19,0.3985779285430908,0.40109331835803436,0.3871442368696881,0.38828760331102774,545328000,NVDA
2010-01-20,0.3969772756099701,0.3985780107660675,0.38828768341120456,0.39354717557835306,719728000,NVDA
2010-01-21,0.38988828659057617,0.40383736623474314,0.386229503558007,0.3967484843316414,608632000,NVDA
2010-01-22,0.37639662623405457,0.3924037576231773,0.3741098931784656,0.38531487424684824,1067916000,NVDA
2010-01-25,0.3827994763851166,0.39011701656081416,0.37982671802186224,0.38257079218024787,643676000,NVDA
2010-01-26,0.3706797659397125,0.3834854809996158,0.3704510817472118,0.38097006392213284,714636000,NVDA
2010-01-27,0.3807412087917328,0.3821132588107279,0.36633479263226004,0.3704509154292514,812504000,NVDA
2010-01-28,0.3679357171058655,0.3850862434474358,0.3626762252688517,0.3837141926169069,687764000,NVDA
2010-01-29,0.3519284725189209,0.3761678477364677,0.34644029820513594,0.3720517238161294,774700000,NVDA
2010-02-01,0.37891197204589844,0.37959799733456423,0.3503277849248619,0.35330054300241015,949832000,NVDA
2010-02-02,0.3827994763851166,0.38760162660729724,0.3763966185088783,0.37753998501320624,849812000,NVDA
2010-02-03,0.3860008716583252,0.38760160648930636,0.37753996541745266,0.3793693571814266,562296000,NVDA
2010-02-04,0.36359086632728577,0.3825707538494876,0.3594747418721087,0.3825707538494876,783480000,NVDA
2010-02-05,0.37090837955474854,0.3718230889579186,0.35673061551563884,0.36313349955782,604856000,NVDA
2010-02-08,0.3702223598957062,0.3791406335959744,0.3629048208601039,0.36976501881723167,445160000,NVDA
2010-02-09,0.36724966764450073,0.37799733483990383,0.36359091110266867,0.37616794293898365,930144000,NVDA
2010-02-10,0.37433862686157227,0.3777687271480725,0.3670210850357078,0.3695365028164802,535828000,NVDA
2010-02-11,0.3914891481399536,0.39560527385780436,0.37754006300168547,0.38028413772691483,695980000,NVDA
2010-02-12,0.39674851298332214,0.40475207759255216,0.3844001398016503,0.3887449483740922,780212000,NVDA
2010-02-16,0.40406614542007446,0.4056668805187586,0.39720594560289413,0.4020080963789247,457024000,NVDA
2010-02-17,0.40795353055000305,0.4093255538774772,0.39629118233644367,0.40909689695290086,876560000,NVDA
2010-02-18,0.3811987638473511,0.3876016216415595,0.3706797812382938,0.3855435456041314,1515508000,NVDA
2010-02-19,0.3791407346725464,0.3837142011965561,0.37731134261094035,0.3795980758729452,510548000,NVDA
2010-02-22,0.3798268139362335,0.38645835769194675,0.3773113960875122,0.38074149646666966,458084000,NVDA
2010-02-23,0.3706797659397125,0.38257077148961915,0.36679229822723763,0.38097006392213284,489764000,NVDA
2010-02-24,0.37845471501350403,0.38211349919251375,0.3727378817713083,0.3738812484197474,445868000,NVDA
2010-02-25,0.37502455711364746,0.3759392666470505,0.3603894499192606,0.36976506589160224,576972000,NVDA
2010-02-26,0.37045106291770935,0.3759392379187145,0.36816433014895844,0.3731951367882095,393396000,NVDA
2010-03-01,0.3853148818016052,0.3871442737339464,0.3677070423803401,0.37067980086289337,555868000,NVDA
2010-03-02,0.3850862383842468,0.39354714570123545,0.38234216401927884,0.38874502237754394,538648000,NVDA
2010-03-03,0.38028401136398315,0.3894309422486958,0.3770825964583355,0.38737289370363714,399300000,NVDA
2010-03-04,0.3809700608253479,0.38485750124621676,0.37616791090191776,0.38188474306790315,557396000,NVDA
2010-03-05,0.3926324248313904,0.39537649892727456,0.37822600175298976,0.37822600175298976,632832000,NVDA
2010-03-08,0.3869156539440155,0.39400453814023734,0.3853149188119573,0.3928611714802023,439312000,NVDA
2010-03-09,0.40132200717926025,0.4052094476726526,0.39057434069869607,0.3908030248936042,830832000,NVDA
2010-03-10,0.40223658084869385,0.40658138855895226,0.3999498485569787,0.40017853269014986,418520000,NVDA
2010-03-11,0.39308980107307434,0.4004073689955568,0.3914890933125349,0.3990353181950889,540660000,NVDA
2010-03-12,0.39446184039115906,0.3985779654127368,0.39240376425036577,0.39743459886563237,520352000,NVDA
2010-03-15,0.39240366220474243,0.3978918365596346,0.38874490656148264,0.39400439676242033,358904000,NVDA
2010-03-16,0.40612417459487915,0.4084109076019218,0.3919464081432088,0.39217509234791614,664988000,NVDA
2010-03-17,0.41389912366867065,0.419387300139973,0.4084109744573805,0.4084109744573805,651168000,NVDA
2010-03-18,0.399263858795166,0.4145849600091617,0.3956050761500328,0.4145849600091617,740964000,NVDA
2010-03-19,0.39446184039115906,0.4063528470290436,0.38943100577589246,0.40520948048193917,584612000,NVDA
2010-03-22,0.4008646309375763,0.402465338381707,0.38943094013377527,0.38943094013377527,435336000,NVDA
2010-03-23,0.40909674763679504,0.4111547955068426,0.401093158477733,0.40383725865112363,493612000,NVDA
2010-03-24,0.39537644386291504,0.4068101343134004,0.39469041861948545,0.4056667679943522,436252000,NVDA
2010-03-25,0.39651986956596375,0.40360875270971625,0.39560518727774097,0.4010933355270925,495184000,NVDA
2010-03-26,0.39651986956596375,0.4040660938538277,0.39331845429717655,0.3999499690368103,344676000,NVDA
2010-03-29,0.40155065059661865,0.4024653327633519,0.3935470589676856,0.3990352337480965,394456000,NVDA
2010-03-30,0.4031514823436737,0.40818229033213244,0.3962912821975903,0.4061242411923123,324104000,NVDA
2010-03-31,0.3978919982910156,0.40338017487669003,0.395833921848883,0.4015507826814652,389840000,NVDA
2010-04-01,0.3937757611274719,0.4042947428254417,0.38965963666913567,0.399721277262847,339664000,NVDA
2010-04-05,0.39972123503685,0.40040726025076945,0.39583376791130714,0.39629113622725487,413636000,NVDA
2010-04-06,0.38988828659057617,0.39560511804146387,0.3830280615895083,0.3946904086533202,809260000,NVDA
2010-04-07,0.39240366220474243,0.3990352028094036,0.384171414302405,0.3873728561577592,817468000,NVDA
2010-04-08,0.3860008716583252,0.3928610975882292,0.3839428229613584,0.38988833937927225,1037600000,NVDA
2010-04-09,0.38851624727249146,0.3898882977640259,0.3830280725663572,0.38508614830365884,817572000,NVDA
2010-04-12,0.3956052362918854,0.3972059441246012,0.3882876680394516,0.3889736934706186,546460000,NVDA
2010-04-13,0.4038374423980713,0.40520946584904494,0.3956051926521981,0.39720590030833797,648696000,NVDA
2010-04-14,0.4088681638240814,0.4145849951542276,0.40246530728231733,0.4125269467793758,900720000,NVDA
2010-04-15,0.41184115409851074,0.4143565722080129,0.4061243195405671,0.41024044587429004,957596000,NVDA
2010-04-16,0.39011698961257935,0.3967485312355973,0.3814273993279387,0.3951478236921122,1917736000,NVDA
2010-04-19,0.38828757405281067,0.3894309404079955,0.37525320305570486,0.38714420769762586,1094492000,NVDA
2010-04-20,0.3896596133708954,0.39514778807386713,0.3846288070048405,0.3910316638616392,678188000,NVDA
2010-04-21,0.3795980215072632,0.39217507990702577,0.3750245556382611,0.39171773877212696,895908000,NVDA
2010-04-22,0.3811987638473511,0.38234213033703085,0.3681643640569953,0.3734238553615239,656932000,NVDA
2010-04-23,0.37593942880630493,0.38097023800000746,0.3693078840536809,0.3800555280720497,752916000,NVDA
2010-04-26,0.3795980215072632,0.3841714873762653,0.3757105809706128,0.37639660630296445,491092000,NVDA
2010-04-27,0.36885038018226624,0.3807413859256829,0.3677070137211683,0.37685394540995143,606704000,NVDA
2010-04-28,0.36953645944595337,0.3747959513866446,0.3619902069892996,0.36862174978756623,672164000,NVDA
2010-04-29,0.3807412087917328,0.3811985769713938,0.36519142670309546,0.3706795995190819,987128000,NVDA
2010-04-30,0.35924604535102844,0.3768539089567257,0.359017388436931,0.37616788369442516,1068048000,NVDA
2010-05-03,0.35535869002342224,0.36313359941842976,0.34987051387517976,0.36107552314033486,1078972000,NVDA
2010-05-04,0.3372933864593506,0.3505564410243548,0.33226255291882967,0.3498704157906471,1311376000,NVDA
2010-05-05,0.33157655596733093,0.3400374611824682,0.32746043181239837,0.3304331896609609,1330840000,NVDA
2010-05-06,0.32471632957458496,0.33615001985270593,0.29819022046854987,0.3292898220418351,1002888000,NVDA
2010-05-07,0.31922826170921326,0.3276891689971603,0.3077945685844076,0.3276891689971603,1153712000,NVDA
2010-05-10,0.3329486548900604,0.3425529558555473,0.3292898982336928,0.33843683076462566,979156000,NVDA
2010-05-11,0.3292897939682007,0.33592130704933765,0.32677437741466564,0.3297471349979342,829124000,NVDA
2010-05-12,0.33569273352622986,0.33752209809944544,0.32951853268160153,0.3315766087164801,901236000,NVDA
2010-05-13,0.3350067436695099,0.34964185262562575,0.33180530080722975,0.3343207182518777,1252000000,NVDA
2010-05-14,0.29636088013648987,0.3132827206829253,0.2881286304371421,0.3123680383874456,2493068000,NVDA
2010-05-17,0.297046959400177,0.3007057437661564,0.2876713414998627,0.2968182751547986,856060000,NVDA
2010-05-18,0.2872139811515808,0.30139172192103014,0.2856132460605051,0.29956232985980846,674112000,NVDA
2010-05-19,0.29178735613822937,0.29224469719505997,0.2837837922336861,0.2858418406194249,826520000,NVDA
2010-05-20,0.28492724895477295,0.29178744876498147,0.27463692197944933,0.2833265138577156,1129136000,NVDA
2010-05-21,0.2911014258861542,0.2991049924016227,0.2766950007063086,0.2766950007063086,1069600000,NVDA
2010-05-24,0.2826404273509979,0.29361677738754566,0.2817257451446214,0.29018667822362637,664564000,NVDA
2010-05-25,0.2901866137981415,0.29155863680309796,0.27097801912876196,0.27372211965867266,966652000,NVDA
2010-05-26,0.29155880212783813,0.30756596434231415,0.29064411960587466,0.30184913043000644,995028000,NVDA
2010-05-27,0.30870917439460754,0.30870917439460754,0.29819019443239125,0.29887621960557936,713560000,NVDA
2010-05-28,0.3004770576953888,0.30825196761085955,0.2959035908957045,0.30825196761085955,545116000,NVDA
2010-06-01,0.28767117857933044,0.299790864260225,0.28744249446346565,0.2963607660822358,527492000,NVDA
2010-06-02,0.2908727526664734,0.29133012114982637,0.2862992859130401,0.28812867806641584,649088000,NVDA
2010-06-03,0.29041531682014465,0.2911013420616416,0.2840124599995116,0.2849271694081753,586360000,NVDA
2010-06-04,0.27669504284858704,0.2869853442214627,0.2750943074936831,0.28195453566894874,671456000,NVDA
2010-06-07,0.2629745304584503,0.27966771344319086,0.2618311640014138,0.27783832165993116,577248000,NVDA
2010-06-08,0.25565698742866516,0.26183116076842455,0.2490254457037333,0.26183116076842455,967636000,NVDA
2010-06-09,0.24948270618915558,0.26388915142537445,0.2485680242344738,0.2570289277252713,697152000,NVDA
2010-06-10,0.2595444619655609,0.26068782855862466,0.25382762900024214,0.2545136544080824,611768000,NVDA
2010-06-11,0.2654899060726166,0.26663327235094814,0.2561142916862966,0.25680031690529603,442104000,NVDA
2010-06-14,0.2597731649875641,0.2698347808306649,0.2590871395300773,0.26937743961234434,375080000,NVDA
2010-06-15,0.2725788354873657,0.2739508589048814,0.26228850992595903,0.262745878325138,528632000,NVDA
2010-06-16,0.2691486179828644,0.2732647409497559,0.2654898359545175,0.270749324897768,366480000,NVDA
2010-06-17,0.2794390320777893,0.2801250574109602,0.2689200496625204,0.27852434980689933,859068000,NVDA
2010-06-18,0.28126832842826843,0.2846984266700769,0.2789815962670628,0.2810396443081488,932832000,NVDA
2010-06-21,0.2746368646621704,0.2878999203125487,0.2721214749460675,0.2872139222827057,579836000,NVDA
2010-06-22,0.2643465995788574,0.2814970976325843,0.2629745488305559,0.27806699802183893,818164000,NVDA
2010-06-23,0.26731935143470764,0.270063425603633,0.2593157586136629,0.2668620102832214,614060000,NVDA
2010-06-24,0.25405627489089966,0.2670906752917861,0.2531415925603151,0.26571862453590056,725028000,NVDA
2010-06-25,0.2533702552318573,0.2561143292503232,0.24925413057415532,0.25588564505711503,507220000,NVDA
2010-06-28,0.25382760167121887,0.2574863852790942,0.24925413579137823,0.25519965233917385,372008000,NVDA
2010-06-29,0.23964981734752655,0.24856809148864778,0.23804910986373706,0.24833940730810436,660808000,NVDA
2010-06-30,0.2334756851196289,0.24262261777919986,0.2334756851196289,0.240107200393814,623072000,NVDA
2010-07-01,0.2373630404472351,0.23896374763339184,0.22707273128622782,0.23416162607492158,737008000,NVDA
2010-07-02,0.23439039289951324,0.23873520273997817,0.2263868259544601,0.23827786150940622,737096000,NVDA
2010-07-06,0.23187492787837982,0.24102185858616473,0.22981685211312597,0.23347563530024143,712020000,NVDA
2010-07-07,0.24307993054389954,0.24445198118644498,0.23233229137731493,0.23278963250482793,608412000,NVDA
2010-07-08,0.2357623428106308,0.2449092725420226,0.2327895851959283,0.24468061565473834,783272000,NVDA
2010-07-09,0.2366771101951599,0.2382778452831738,0.23370435150886215,0.23690579442487925,571516000,NVDA
2010-07-12,0.24102182686328888,0.24399458440405053,0.23644836211134795,0.23667701899294488,565396000,NVDA
2010-07-13,0.24971149861812592,0.2513122063631115,0.24353732459603325,0.24490934812315981,723316000,NVDA
2010-07-14,0.25222688913345337,0.26251718716188743,0.2485681055971187,0.26068779539372006,1355664000,NVDA
2010-07-15,0.2451380491256714,0.2526842744515915,0.24216529039000456,0.25245559021807434,953088000,NVDA
2010-07-16,0.22981694340705872,0.24582410576447225,0.22890226087692747,0.24513808023686653,1288604000,NVDA
2010-07-19,0.23919248580932617,0.2401071680480591,0.2314175777400727,0.2330183125478642,798440000,NVDA
2010-07-20,0.2451380491256714,0.24651007274674067,0.23096028088787743,0.2330183572094981,1160988000,NVDA
2010-07-21,0.2371344268321991,0.2476534096295391,0.23484769381190848,0.24742475268351477,624940000,NVDA
2010-07-22,0.24102182686328888,0.24353724338085647,0.23827775346412436,0.23964977653370653,462612000,NVDA
2010-07-23,0.2369057685136795,0.24102189337835775,0.2346190355066369,0.2407932091736504,817604000,NVDA
2010-07-26,0.24125058948993683,0.242165299197261,0.23256099720042359,0.23621978150969614,683548000,NVDA
2010-07-27,0.23919248580932617,0.2423939009048973,0.23621972764343532,0.24193655978553083,683472000,NVDA
2010-07-28,0.23164622485637665,0.23942113168130982,0.2309601996571176,0.23530500774575713,1320808000,NVDA
2010-07-29,0.20877893269062042,0.21952658666453997,0.20740689552778094,0.2149531203684052,2664476000,NVDA
2010-07-30,0.21015101671218872,0.2138097876016143,0.20397682805815165,0.2071782576976516,984288000,NVDA
2010-08-02,0.20992223918437958,0.21472438832493768,0.20900754346093992,0.21380969260149799,917020000,NVDA
2010-08-03,0.2044340819120407,0.20855020592174633,0.2028333745916002,0.2083215353945407,955444000,NVDA
2010-08-04,0.21312369406223297,0.21380971934813162,0.2053487998853927,0.2062634957232567,855496000,NVDA
2010-08-05,0.2158677875995636,0.21632512871625634,0.20992227130254063,0.21380972531444048,800504000,NVDA
2010-08-06,0.21838322281837463,0.22066995599500608,0.2131237310601204,0.21495312305342748,739904000,NVDA
2010-08-09,0.22044122219085693,0.22089857687303768,0.2151817319407846,0.22066989271694684,466456000,NVDA
2010-08-10,0.21129430830478668,0.2172398105889028,0.21037961250030682,0.21678246950166385,772560000,NVDA
2010-08-11,0.20306208729743958,0.20694952795741048,0.20237606194332525,0.20694952795741048,796148000,NVDA
2010-08-12,0.20489148795604706,0.20946495416658234,0.1978026044257138,0.19940331214739937,1343584000,NVDA
2010-08-13,0.21472445130348206,0.21769720986906896,0.21106566733660437,0.21152302214746646,1797392000,NVDA
2010-08-16,0.2092362642288208,0.21609646291009205,0.2064921765783104,0.21175166768595294,814008000,NVDA
2010-08-17,0.21198032796382904,0.2158677818725948,0.20923625407646704,0.2112943163069898,481224000,NVDA
2010-08-18,0.21312369406223297,0.21495308573796099,0.2099222654447102,0.21129431601650747,352920000,NVDA
2010-08-19,0.22592946887016296,0.22661549433927494,0.21426711767529621,0.21541048437047874,1615100000,NVDA
2010-08-20,0.22798746824264526,0.23347564320923045,0.22410002801215037,0.22432869856159082,1305308000,NVDA
2010-08-23,0.22455741465091705,0.23439037294098633,0.22387138923346847,0.2286735398955984,748620000,NVDA
2010-08-24,0.2222706824541092,0.22455741568277202,0.21678251997931733,0.21723986117304783,641332000,NVDA
2010-08-25,0.22684408724308014,0.22867347878068603,0.2186118389538551,0.2197552188873599,757532000,NVDA
2010-08-26,0.22410012781620026,0.23233238030234815,0.22410012781620026,0.22981696224824275,657596000,NVDA
2010-08-27,0.23141755163669586,0.23324694316781638,0.21975521810830645,0.2254720496055563,1060416000,NVDA
2010-08-30,0.22044122219085693,0.23050286163882186,0.22044122219085693,0.22867347017010078,602804000,NVDA
2010-08-31,0.21335239708423615,0.2241000502757029,0.21266637173775818,0.21723983770093458,931488000,NVDA
2010-09-01,0.21495309472084045,0.2192978899097614,0.21380972828322986,0.21655381591149717,851440000,NVDA
2010-09-02,0.218840554356575,0.2195265660585997,0.21358106315770217,0.215639125523783,596292000,NVDA
2010-09-03,0.22638675570487976,0.2270727673378629,0.2213559355796597,0.22410002300159848,566484000,NVDA
2010-09-07,0.22844484448432922,0.2337043221367577,0.22524341560067507,0.2257007567426241,899820000,NVDA
2010-09-08,0.23599106073379517,0.23759179565879773,0.2263867874838192,0.2289022047145308,1224156000,NVDA
2010-09-09,0.23278962075710297,0.23919247799918428,0.22981686268827897,0.23896379381696511,697748000,NVDA
2010-09-10,0.2302742451429367,0.23507639575181857,0.22821619617342156,0.23439037034197688,609292000,NVDA
2010-09-13,0.24330861866474152,0.24628137693156701,0.234390343864265,0.234390343864265,1015792000,NVDA
2010-09-14,0.24102182686328888,0.24422324128564746,0.23896375136891534,0.2412504837448858,698536000,NVDA
2010-09-15,0.24147917330265045,0.24170785744937678,0.23553365808777443,0.23873509984193877,555572000,NVDA
2010-09-16,0.2417079657316208,0.24376601493413552,0.2382778655540876,0.2382778655540876,365280000,NVDA
2010-09-17,0.24125058948993683,0.24422334833371925,0.24056459128445884,0.2439946913518973,416884000,NVDA
2010-09-20,0.24490948021411896,0.24582419031889122,0.23896395994318329,0.24125069431507792,443168000,NVDA
2010-09-21,0.2581724524497986,0.26228857829528784,0.24353736862140807,0.24353736862140807,1779624000,NVDA
2010-09-22,0.26045915484428406,0.26274588788333764,0.25565700455826823,0.25725771223360416,999996000,NVDA
2010-09-23,0.26571863889694214,0.2739508893571585,0.26114517247682417,0.2634319056868832,1240872000,NVDA
2010-09-24,0.2803536653518677,0.2812683747229027,0.26960602787722143,0.2716640762570465,1086976000,NVDA
2010-09-27,0.2744081914424896,0.2826404126517611,0.27074940828725547,0.2824117557420612,999504000,NVDA
2010-09-28,0.2737222909927368,0.27760973283008855,0.26892013931952724,0.27463697356857864,723192000,NVDA
2010-09-29,0.2716640830039978,0.27966767434431966,0.2686913251793073,0.27120674193712296,974904000,NVDA
2010-09-30,0.26709067821502686,0.27829568681737155,0.26480394510352906,0.2750942441052692,787632000,NVDA
2010-10-01,0.2595444619655609,0.2714354963414318,0.2574864130020501,0.27097812789619846,999120000,NVDA
2010-10-04,0.25702908635139465,0.26137389646753684,0.25176959371607216,0.25702908635139465,749500000,NVDA
2010-10-05,0.258858323097229,0.2629744464801177,0.25817229799008123,0.2625171054953518,753588000,NVDA
2010-10-06,0.24650992453098297,0.2600016592162401,0.24399453577474486,0.25885829325613324,1057604000,NVDA
2010-10-07,0.24468064308166504,0.24788205794250723,0.23736307666830475,0.24765337376958826,761488000,NVDA
2010-10-08,0.2483394294977188,0.2503975055264883,0.24033586410363225,0.2437659635582408,706932000,NVDA
2010-10-11,0.2471960335969925,0.25154084207847704,0.2460526672481814,0.24948276629461466,442680000,NVDA
2010-10-12,0.2519981563091278,0.2531415225360839,0.2430798833828698,0.2451379589473914,605208000,NVDA
2010-10-13,0.2593157887458801,0.2629745729029327,0.25337029856568355,0.25611437305346746,968732000,NVDA
2010-10-14,0.2551996111869812,0.26000173323044395,0.25405621764139197,0.2595443921682098,599172000,NVDA
2010-10-15,0.2581724524497986,0.26228857829528784,0.25519972064029195,0.259315819225767,639940000,NVDA
2010-10-18,0.2597731649875641,0.26091653166337153,0.25382764736936064,0.2584011140725904,448156000,NVDA
2010-10-19,0.2581724524497986,0.2600018447433509,0.25199827731157176,0.2540563266043093,866136000,NVDA
2010-10-20,0.2581724524497986,0.26526133736480867,0.25382766960512415,0.25840113670899795,763532000,NVDA
2010-10-21,0.2535988986492157,0.25885838947263506,0.24971145839190742,0.25840104837059963,1014428000,NVDA
2010-10-22,0.2698346674442291,0.2718927429518717,0.2524554903708042,0.2551995910476611,1322676000,NVDA
2010-10-25,0.2723501920700073,0.27440826839447174,0.26937743333023284,0.27189285086235226,673136000,NVDA
2010-10-26,0.27143529057502747,0.2755514126417586,0.26686182766976824,0.2691485591223979,675248000,NVDA
2010-10-27,0.2753230035305023,0.276237686120962,0.26823411804438224,0.2689201436172352,496796000,NVDA
2010-10-28,0.27555155754089355,0.27989633868160274,0.2730361407162702,0.27898165652355983,704448000,NVDA
2010-10-29,0.2748655378818512,0.27783829584594816,0.2721214640919171,0.27509419479601,554664000,NVDA
2010-11-01,0.2753230035305023,0.28103983787091646,0.27303626979433665,0.27669505467620825,473920000,NVDA
2010-11-02,0.2810397446155548,0.2856132105703064,0.2748655710286417,0.27646627866080326,581036000,NVDA
2010-11-03,0.28309786319732666,0.2849272553061639,0.27555163778588015,0.2828691789612177,671748000,NVDA
2010-11-04,0.28355512022972107,0.288814610758724,0.28309777915328677,0.28584185287189595,700016000,NVDA
2010-11-05,0.28835731744766235,0.2908727074147182,0.2842411925579253,0.28561321601449907,735116000,NVDA
2010-11-08,0.2895006239414215,0.29201601338700894,0.2858418409623824,0.2881285735092813,605156000,NVDA
2010-11-09,0.28789985179901123,0.291787318429688,0.28629914467696715,0.289500586181054,633964000,NVDA
2010-11-10,0.2913300395011902,0.2913300395011902,0.2858418645791879,0.2899579889556885,521016000,NVDA
2010-11-11,0.28835731744766235,0.2931594404356824,0.2805824088203795,0.284469849504017,1089980000,NVDA
2010-11-12,0.30322110652923584,0.3128254077995784,0.29796161470500304,0.29933366553219776,2142560000,NVDA
2010-11-15,0.2995622456073761,0.3089378602467217,0.29887624762986553,0.30459307917580725,733548000,NVDA
2010-11-16,0.2906440496444702,0.29864761519514965,0.2901867084935758,0.29453149031708437,739356000,NVDA
2010-11-17,0.2954462468624115,0.2988763469296052,0.28767133702076525,0.29041541162251777,551764000,NVDA
2010-11-18,0.30459314584732056,0.3075659043539094,0.2993336542218187,0.2993336542218187,993120000,NVDA
2010-11-19,0.3144262135028839,0.31556958046158456,0.30344988524735395,0.30390722657883046,716484000,NVDA
2010-11-22,0.31465473771095276,0.31648410210612865,0.30962390384420496,0.3123680049569782,462668000,NVDA
2010-11-23,0.3073371350765228,0.31419733253456983,0.30505040259050714,0.3109959179581485,457832000,NVDA
2010-11-24,0.31488338112831116,0.31602674745627146,0.3103099158164699,0.3105385999860633,397784000,NVDA
2010-11-26,0.3109961748123169,0.31648432640746116,0.3109961748123169,0.3146549607157624,143104000,NVDA
2010-11-29,0.3144262135028839,0.31556958046158456,0.3082520373779041,0.3096240613723337,468192000,NVDA
2010-11-30,0.31122469902038574,0.3128254342072449,0.30550786552449566,0.309623991093539,720936000,NVDA
2010-12-01,0.32494521141052246,0.32700326110174105,0.3169416424290865,0.31739898377602177,626536000,NVDA
2010-12-02,0.3288325369358063,0.3308906131559382,0.3247164117555522,0.32494509597779236,529316000,NVDA
2010-12-03,0.3382081985473633,0.3382081985473633,0.3265458468733163,0.3272318723706155,606044000,NVDA
2010-12-06,0.33180519938468933,0.3400374473599127,0.33043317622882,0.3393514221519771,438424000,NVDA
2010-12-07,0.3425530195236206,0.3505565869757572,0.3388942349272096,0.33958026044653844,1026812000,NVDA
2010-12-08,0.3455256223678589,0.34918437804991287,0.33958010690201845,0.34209552358218215,613252000,NVDA
2010-12-09,0.33980879187583923,0.3420955518485742,0.3324912526471016,0.33729340224783794,942408000,NVDA
2010-12-10,0.34186699986457825,0.3450684159963059,0.338894240736537,0.3398089232713121,451900000,NVDA
2010-12-13,0.3331772983074188,0.3439249372631386,0.33226258881033266,0.34323893921533133,609108000,NVDA
2010-12-14,0.3336346745491028,0.34575436539634036,0.3331773333824164,0.3395801914960521,755160000,NVDA
2010-12-15,0.3263169825077057,0.33843666772460107,0.3258596142934863,0.3343205446165994,624176000,NVDA
2010-12-16,0.32677438855171204,0.3315765376775808,0.32585967920106956,0.32974714623629736,631872000,NVDA
2010-12-17,0.3286038339138031,0.33043322565527256,0.3231156586893948,0.32700309910251363,593156000,NVDA
2010-12-20,0.32723185420036316,0.33134797969558855,0.3270031699606238,0.3297472717974486,344088000,NVDA
2010-12-21,0.34003746509552,0.34003746509552,0.3302045092955828,0.33043319346348965,466952000,NVDA
2010-12-22,0.343696266412735,0.3441536075127509,0.3361500428524557,0.33935145781257187,477988000,NVDA
2010-12-23,0.3411808907985687,0.3436963080433462,0.339808840072325,0.3436963080433462,273784000,NVDA
2010-12-27,0.343010276556015,0.3455256937558815,0.33409200151467644,0.34026620241252914,255500000,NVDA
2010-12-28,0.3416382372379303,0.34529702105783017,0.3395801883767419,0.3430102879853949,194260000,NVDA
2010-12-29,0.3416382372379303,0.3441536545216125,0.3384368218405243,0.3414095802866919,177660000,NVDA
2010-12-30,0.34278157353401184,0.34483964947364554,0.34003749954117296,0.34118086597652303,174488000,NVDA
2010-12-31,0.3521571755409241,0.3526145439053188,0.3425529033087197,0.34301024441310946,391252000,NVDA
2011-01-03,0.3617614805698395,0.3651915797952671,0.3544439137475895,0.3549012821189842,817448000,NVDA
2011-01-04,0.3606182634830475,0.36404836412878144,0.35261469530966816,0.36244765594610895,651384000,NVDA
2011-01-05,0.38828757405281067,0.3887449424028879,0.36359085532881835,0.36724961130940714,1428216000,NVDA
2011-01-06,0.4420259892940521,0.44225467354256937,0.39720597560566584,0.3983493423282262,3493312000,NVDA
2011-01-07,0.4543742537498474,0.45574630438120295,0.42716211613467503,0.43699507296603973,2579984000,NVDA
2011-01-10,0.47175341844558716,0.47266810066196024,0.4427118900656708,0.44614198926707777,1750348000,NVDA
2011-01-11,0.4644359350204468,0.48272985523091677,0.45437431979470355,0.47815638880830436,2711088000,NVDA
2011-01-12,0.5339527726173401,0.5344100865902731,0.4630639819303337,0.46466468987565007,3431896000,NVDA
2011-01-13,0.5348672270774841,0.5451575503622248,0.5117711911690671,0.5282356866166513,2695192000,NVDA
2011-01-14,0.5394408702850342,0.5483591461436705,0.5225190554660986,0.5257204710502182,1595352000,NVDA
2011-01-18,0.5268638730049133,0.5357821499233859,0.5138294976348523,0.5321233654552926,1813348000,NVDA
2011-01-19,0.5124571919441223,0.5396693231581298,0.5113138530336176,0.5270923225425799,1197896000,NVDA
2011-01-20,0.5129147171974182,0.51588747560254,0.4982795821198906,0.5074265688033535,1111408000,NVDA
2011-01-21,0.5081125497817993,0.5257204436156345,0.5071978674512148,0.5184028759309234,739244000,NVDA
2011-01-24,0.5655096173286438,0.5728271846819987,0.5254917628675096,0.5314372250070937,2056900000,NVDA
2011-01-25,0.5481302738189697,0.5689395214598243,0.5444714912232154,0.5629940065567233,1086856000,NVDA
2011-01-26,0.5611647963523865,0.5716837787537762,0.5499597886187311,0.5538472291548944,1074660000,NVDA
2011-01-27,0.5595642328262329,0.570540531928619,0.5488165907201383,0.5691685354308416,657396000,NVDA
2011-01-28,0.5433281660079956,0.570311643333646,0.530522452575484,0.5609360560527026,1094796000,NVDA
2011-01-31,0.546986997127533,0.5545332208040746,0.5353246762274276,0.5442429504851607,750160000,NVDA
2011-02-01,0.5595642328262329,0.5636803313596207,0.5481305652112358,0.5517893497520404,654104000,NVDA
2011-02-02,0.5849467515945435,0.598438489704754,0.5563625680756232,0.5563625680756232,1606616000,NVDA
2011-02-03,0.5739706754684448,0.5858617119274302,0.5613936134814388,0.5858617119274302,1030776000,NVDA
2011-02-04,0.5870048999786377,0.5915783659718632,0.579687387101486,0.5819741200980988,872900000,NVDA
2011-02-07,0.5625366568565369,0.5815165392465431,0.5604785815554533,0.5790011502252155,934236000,NVDA
2011-02-08,0.5458437204360962,0.5668816863678102,0.5433282759094673,0.5632229025727274,1076584000,NVDA
2011-02-09,0.5325807929039001,0.5533901080168072,0.5227478324101165,0.5479019034472292,1277520000,NVDA
2011-02-10,0.5218328833580017,0.5307511567095896,0.5168020499114638,0.5206894898165139,1042352000,NVDA
2011-02-11,0.53669673204422,0.5536186002296364,0.511542668495107,0.5200035753278069,1359276000,NVDA
2011-02-14,0.5284646153450012,0.5602502258263249,0.5264065389377144,0.5430996981389837,1287828000,NVDA
2011-02-15,0.5156586170196533,0.5312083738091807,0.5133718303529635,0.5293790098998228,886980000,NVDA
2011-02-16,0.5346387028694153,0.542184927278966,0.5206895932990258,0.5225190124249864,1318364000,NVDA
2011-02-17,0.5872336030006409,0.5947798272329851,0.5170307974257887,0.519546241849913,3470096000,NVDA
2011-02-18,0.5860899090766907,0.5934074726207736,0.5769429819065802,0.5840318341074199,1394412000,NVDA
2011-02-22,0.5307514071464539,0.5684825394990396,0.5289219875208563,0.5668818314016608,1396648000,NVDA
2011-02-23,0.5055973529815674,0.5357822630676266,0.4980511254600526,0.5307514810666422,1491604000,NVDA
2011-02-24,0.5179455280303955,0.5268637483182712,0.5044537873497443,0.5081125164319427,1246120000,NVDA
2011-02-25,0.5286931991577148,0.537382763030263,0.5245770469128102,0.5318946145570738,775652000,NVDA
2011-02-28,0.51817387342453,0.5376111189574507,0.5062828474966273,0.5373824076373119,903696000,NVDA
2011-03-01,0.4950781762599945,0.5257204432111305,0.4950781762599945,0.5190889009094646,988448000,NVDA
2011-03-02,0.47449758648872375,0.5037678031779765,0.46306392087261367,0.4943921592087535,1718140000,NVDA
2011-03-03,0.4772414565086365,0.4882178041408228,0.46283503772389056,0.4854737036027767,1593704000,NVDA
2011-03-04,0.4747260808944702,0.4825009599472314,0.46946659105995536,0.47769883838876115,959760000,NVDA
2011-03-07,0.4680945873260498,0.4797569615855679,0.4562035834257608,0.47815625424014485,1019140000,NVDA
2011-03-08,0.44705671072006226,0.47564087149755374,0.437223726700598,0.4731254817051381,1947184000,NVDA
2011-03-09,0.43768110871315,0.45002948290963496,0.4337936409183265,0.44568467398012834,1318976000,NVDA
2011-03-10,0.4097829759120941,0.4308209150285547,0.4093256074830335,0.4276194995851835,1722736000,NVDA
2011-03-11,0.41275566816329956,0.4241893598699322,0.40383742079893353,0.41321303654916963,1486832000,NVDA
2011-03-14,0.41618582606315613,0.42647612483916514,0.4093255996191418,0.41595714185301924,1003360000,NVDA
2011-03-15,0.4038374423980713,0.410697641432963,0.3889736505624648,0.3958338495973565,1256280000,NVDA
2011-03-16,0.4008646309375763,0.41961586095740644,0.3956051402554289,0.40017860567294766,1476520000,NVDA
2011-03-17,0.40841084718704224,0.41229828727195683,0.3933184006691341,0.411612262019324,1238516000,NVDA
2011-03-18,0.40292268991470337,0.416185772681275,0.40246534881309864,0.4148137221164559,886960000,NVDA
2011-03-21,0.40612417459487915,0.4157284477724566,0.40200804973020093,0.4116123229077783,751832000,NVDA
2011-03-22,0.39903524518013,0.4088682014242357,0.39720585353424914,0.4049807612142417,718332000,NVDA
2011-03-23,0.4072674512863159,0.408410817537698,0.38965958920703075,0.3983491781695348,782396000,NVDA
2011-03-24,0.43973907828330994,0.44476991163914725,0.41504236159647945,0.4159570437011761,1780592000,NVDA
2011-03-25,0.42601874470710754,0.4447699759027191,0.42533271939946227,0.4436266094766455,1196392000,NVDA
2011-03-28,0.44179731607437134,0.44911485737791645,0.4321930141497056,0.43608045541158785,1204284000,NVDA
2011-03-29,0.43836718797683716,0.44339799559729776,0.4324216707144682,0.4417972877989708,715764000,NVDA
2011-03-30,0.42190268635749817,0.4436266791234421,0.41641451029472987,0.4417972871025193,1176320000,NVDA
2011-03-31,0.42213132977485657,0.4271621644859387,0.4143564480104721,0.4225886982104162,655112000,NVDA
2011-04-01,0.41618582606315613,0.42807683253009815,0.41046896614980943,0.4276194913698328,850072000,NVDA
2011-04-04,0.40132200717926025,0.4173291648026524,0.39834924894548734,0.4161857983481249,924328000,NVDA
2011-04-05,0.4020080268383026,0.41046893303056187,0.40109331733156806,0.4072675179070063,821076000,NVDA
2011-04-06,0.399263858795166,0.4054380306563285,0.3958337330278538,0.4049806896406868,856984000,NVDA
2011-04-07,0.41389912366867065,0.41641454129218575,0.39857801546547444,0.4001787233804331,1021208000,NVDA
2011-04-08,0.40132200717926025,0.4171004806077443,0.4001786407247327,0.4171004806077443,746552000,NVDA
2011-04-11,0.3960624635219574,0.40498073704078985,0.3917176824748359,0.4029226613395195,546208000,NVDA
2011-04-12,0.3972059488296509,0.39995002332681273,0.38485757270240595,0.392175141041519,840756000,NVDA
2011-04-13,0.40612417459487915,0.4086395645466214,0.39629121721259436,0.4013220243760866,749588000,NVDA
2011-04-14,0.42327481508255005,0.42350349936448134,0.40017879300816567,0.402465526787411,1254704000,NVDA
2011-04-15,0.4278481900691986,0.43310768174038605,0.41801520486044913,0.42007328104135344,969720000,NVDA
2011-04-18,0.41367024183273315,0.4205304382479367,0.4070387022753713,0.4177863651338547,743584000,NVDA
2011-04-19,0.412069708108902,0.4154998077592414,0.40086469956178805,0.41389907278107596,659860000,NVDA
2011-04-20,0.42464667558670044,0.4333362654981887,0.4177864773292105,0.42716209251844867,650516000,NVDA
2011-04-21,0.4235033690929413,0.43196430328154106,0.4225886867666103,0.4292202017825311,421300000,NVDA
2011-04-25,0.43013492226600647,0.4372237786246834,0.42510408756370827,0.4253327717810888,619612000,NVDA
2011-04-26,0.44133976101875305,0.4456845689241088,0.4294487580198853,0.4337935386652407,676000000,NVDA
2011-04-27,0.44133976101875305,0.4436265206731511,0.43219283144116244,0.4436265206731511,450004000,NVDA
2011-04-28,0.44614195823669434,0.4550602318960654,0.43630900242456877,0.441339808784725,684000000,NVDA
2011-04-29,0.45734691619873047,0.4674085278555822,0.4484286434819751,0.44911466865403327,836000000,NVDA
2011-05-02,0.4511728584766388,0.4671799893334641,0.44888612549709234,0.4669513323915139,613824000,NVDA
2011-05-03,0.4296775758266449,0.44728544366602524,0.4241894269286631,0.4459134200715351,808000000,NVDA
2011-05-04,0.42647606134414673,0.4358516764037556,0.4184724968210674,0.4310495267859063,639356000,NVDA
2011-05-05,0.4267047941684723,0.43173560127596483,0.41732917803995767,0.4230460104939282,544000000,NVDA
2011-05-06,0.44179731607437134,0.4459134415763692,0.4321930141497056,0.4356231141913685,841080000,NVDA
2011-05-09,0.451630175113678,0.4539169079691392,0.4420258753127363,0.4431692417404669,706328000,NVDA
2011-05-10,0.4523161053657532,0.455746203928092,0.4477426133559678,0.45528886290511356,690976000,NVDA
2011-05-11,0.4543742537498474,0.45917637643957937,0.44820008042876,0.45460293794174206,616000000,NVDA
2011-05-12,0.4687807857990265,0.46923815428961096,0.4516302852024841,0.4527736519089202,1224000000,NVDA
2011-05-13,0.41755786538124084,0.4401965399031137,0.4143564498779503,0.43905317332907995,2025192000,NVDA
2011-05-16,0.4047521948814392,0.41732925588623676,0.4045235378966324,0.41641454616697215,728188000,NVDA
2011-05-17,0.4031514823436737,0.4036088235680768,0.39148913119132706,0.4033801665858814,1420364000,NVDA
2011-05-18,0.4125269949436188,0.4159570941421848,0.4033800637474427,0.4047520870708659,658844000,NVDA
2011-05-19,0.40658146142959595,0.4159570764099975,0.40040728858738217,0.4157283922358398,650884000,NVDA
2011-05-20,0.41367024183273315,0.41458492378409467,0.40383728818560866,0.40566667934832906,575820000,NVDA
2011-05-23,0.4132130742073059,0.41618583268635206,0.4024654068399844,0.4077248984167571,588000000,NVDA
2011-05-24,0.4148137867450714,0.4315069440045002,0.4141277613557781,0.41527112791793064,720372000,NVDA
2011-05-25,0.41984447836875916,0.422588579169079,0.40863947279412416,0.4127555967346023,545312000,NVDA
2011-05-26,0.4303634762763977,0.4340222593192159,0.41870112917991725,0.41984449547329755,706436000,NVDA
2011-05-27,0.4459134340286255,0.446599432217337,0.4317356656217223,0.4321930068342004,658824000,NVDA
2011-05-31,0.45826172828674316,0.4584904397556602,0.44362664767679466,0.4546029717642602,1200716000,NVDA
2011-06-01,0.43768110871315,0.45688968170990213,0.43676639918377697,0.456203656377874,762208000,NVDA
2011-06-02,0.43562301993370056,0.4415685362901302,0.43036352888916757,0.4383671211812872,607592000,NVDA
2011-06-03,0.42213132977485657,0.4344797050747728,0.42007328085487516,0.43059226419258056,549300000,NVDA
2011-06-06,0.4132130742073059,0.42533276507725803,0.41275570577975357,0.42144532426312475,435988000,NVDA
2011-06-07,0.41298428177833557,0.41870111302465773,0.4111548903275121,0.41641438052612884,433956000,NVDA
2011-06-08,0.40177932381629944,0.4134416718455375,0.3985779088427856,0.4109262821549209,569288000,NVDA
2011-06-09,0.3972059488296509,0.4024654408508842,0.38279952364453734,0.40155075843850063,741632000,NVDA
2011-06-10,0.3914891481399536,0.40040742507196575,0.38828770491050824,0.39789200733883107,493548000,NVDA
2011-06-13,0.388744980096817,0.3965198611619487,0.3860008787702935,0.3914890541633337,574760000,NVDA
2011-06-14,0.3919464945793152,0.4006360873743978,0.3903457865733822,0.39217517883445435,534576000,NVDA
2011-06-15,0.3834855258464813,0.38897367450825,0.3754819325530537,0.3866869413558448,935916000,NVDA
2011-06-16,0.3702223598957062,0.38965961470090504,0.36473421243400533,0.3837140989007262,1024908000,NVDA
2011-06-17,0.3615327477455139,0.37479582901149866,0.35009908519897714,0.3745671448565672,1467884000,NVDA
2011-06-20,0.35718807578086853,0.36587766741750827,0.3544439741250801,0.35833144238411035,745960000,NVDA
2011-06-21,0.3649628758430481,0.36770697688277304,0.35512991981071085,0.3585600188503631,704276000,NVDA
2011-06-22,0.3599320650100708,0.36724960408735136,0.35924603975844993,0.3624474818460127,651720000,NVDA
2011-06-23,0.3706797659397125,0.37319515575718926,0.35215719140734725,0.3553586338023262,744024000,NVDA
2011-06-24,0.3599320650100708,0.3720517535886937,0.3576453323446704,0.3688503387611346,529052000,NVDA
2011-06-27,0.35238584876060486,0.3622188048691091,0.33980879159111954,0.35993207215829437,1142152000,NVDA
2011-06-28,0.35444387793540955,0.35856000204204025,0.3498704127635982,0.3523858295120955,692200000,NVDA
2011-06-29,0.3599320650100708,0.3635908481787129,0.34438227743334726,0.356730622922508,960544000,NVDA
2011-06-30,0.3645055890083313,0.3683930297131979,0.3553586568745238,0.3608468052508051,652300000,NVDA
2011-07-01,0.3693077862262726,0.37067983712475194,0.3571880941564099,0.36450563534160635,540804000,NVDA
2011-07-05,0.3631335496902466,0.372280481424709,0.35993210722718066,0.36885038202428555,535296000,NVDA
2011-07-06,0.35833147168159485,0.36359096393852974,0.3539866618780346,0.3629049384684926,529580000,NVDA
2011-07-07,0.3597034513950348,0.3619901845089758,0.3533005932239981,0.36016081982583015,986136000,NVDA
2011-07-08,0.3528432250022888,0.35718803394168497,0.3498704667300719,0.35467261680519213,619516000,NVDA
2011-07-11,0.340494841337204,0.34758372415440664,0.3395801590911161,0.3462117007852748,714388000,NVDA
2011-07-12,0.33592137694358826,0.34209557753964154,0.33020454473243244,0.3388941351453905,867604000,NVDA
2011-07-13,0.3352353572845459,0.3427815813826424,0.3320339420962658,0.3404948484595833,634368000,NVDA
2011-07-14,0.32197239995002747,0.3386655608768626,0.32037169186334796,0.33660751151684826,1088996000,NVDA
2011-07-15,0.3224295675754547,0.32585966616817225,0.31579805453353427,0.3238016179165419,827736000,NVDA
2011-07-18,0.31556937098503113,0.32174354301156416,0.31145324721400897,0.3199141788999991,818200000,NVDA
2011-07-19,0.32517364621162415,0.32585964407565826,0.3164840309872079,0.3164840309872079,602224000,NVDA
2011-07-20,0.32105761766433716,0.32814647334885744,0.3201429081418139,0.3263171088238242,662956000,NVDA
2011-07-21,0.33614999055862427,0.3384367229629686,0.31671273786169685,0.32151488681482016,1143420000,NVDA
2011-07-22,0.343010276556015,0.34415364305413476,0.3347780268655498,0.3391228359144094,737192000,NVDA
2011-07-25,0.3375219702720642,0.33912270455740373,0.33271984919603664,0.3377506543871118,566920000,NVDA
2011-07-26,0.3292897939682007,0.3361499911942047,0.3244876450059976,0.3279177436189996,698276000,NVDA
2011-07-27,0.3169414699077606,0.3263170850865763,0.31602676045177597,0.3247163503536044,652212000,NVDA
2011-07-28,0.31625550985336304,0.32288702529187246,0.31076733376562155,0.3157981686610538,648176000,NVDA
2011-07-29,0.31625550985336304,0.3192282684933884,0.31145335918409056,0.31305406698717797,677656000,NVDA
2011-08-01,0.3331772983074188,0.3340919805444991,0.32082892454679973,0.3235729985180465,1019620000,NVDA
2011-08-02,0.32974734902381897,0.3517000052996279,0.32974734902381897,0.330890715970267,1356432000,NVDA
2011-08-03,0.3386654555797577,0.3398088220376094,0.3272317910012404,0.3304332334392292,765236000,NVDA
2011-08-04,0.30642250180244446,0.33249127265205347,0.30642250180244446,0.33249127265205347,979732000,NVDA
2011-08-05,0.29613223671913147,0.31739888924818654,0.2881286701213202,0.3135114480669662,1270588000,NVDA
2011-08-08,0.27280741930007935,0.29178733045815686,0.27097802797375864,0.28172569179339285,1084180000,NVDA
2011-08-09,0.2956748604774475,0.29613220163399245,0.2744082377280299,0.27806699424039766,1329832000,NVDA
2011-08-10,0.28218308091163635,0.295217479296049,0.2805823734507449,0.2869852305543152,1140052000,NVDA
2011-08-11,0.3066510856151581,0.3107672092163011,0.28218302814280766,0.28218302814280766,1078792000,NVDA
2011-08-12,0.2945314049720764,0.3398087382509826,0.28972925612916217,0.3393513972326098,3195784000,NVDA
2011-08-15,0.30573657155036926,0.30642259707075403,0.295903611784892,0.29750431982578035,864152000,NVDA
2011-08-16,0.297046959400177,0.30642257730049133,0.2915587828512079,0.3023064517037677,716868000,NVDA
2011-08-17,0.29293087124824524,0.30299251591084303,0.28904342939997574,0.2979616799495361,553328000,NVDA
2011-08-18,0.27303627133369446,0.28241189060883926,0.2698348277290032,0.27966781556197284,802564000,NVDA
2011-08-19,0.2682340145111084,0.2833264622484079,0.2664046227762833,0.26846269870046374,761332000,NVDA
2011-08-22,0.27303627133369446,0.2789817899852521,0.2700635120079156,0.27578034638056087,611876000,NVDA
2011-08-23,0.3025350272655487,0.3027637114493796,0.27921033091500747,0.2796676992826692,938312000,NVDA
2011-08-24,0.2981902062892914,0.3027636712790655,0.29041529945067435,0.3018489891851113,687500000,NVDA
2011-08-25,0.2853846549987793,0.29750434953585486,0.28492731369285546,0.29224485636768804,690968000,NVDA
2011-08-26,0.297504186630249,0.3004769443809742,0.279210299070402,0.2842411324608611,732660000,NVDA
2011-08-29,0.30550771951675415,0.3066510856694965,0.29887620673484816,0.3059650877858506,601528000,NVDA
2011-08-30,0.3128252625465393,0.31534065154842117,0.30139157456890414,0.3034496498540774,684760000,NVDA
2011-08-31,0.304364413022995,0.3183134937246345,0.3018490233499156,0.3151120787734409,705808000,NVDA
2011-09-01,0.303678423166275,0.31511211552847396,0.30344976622023595,0.3084805734131984,762312000,NVDA
2011-09-02,0.2954462468624115,0.3009343960659165,0.29315948622427024,0.2968182705332817,471356000,NVDA
2011-09-06,0.3013916611671448,0.30207768645931676,0.2830977987625869,0.28584187267126954,696248000,NVDA
2011-09-07,0.32585981488227844,0.33477809164941835,0.31694156537515145,0.32585981488227844,1606620000,NVDA
2011-09-08,0.3242590129375458,0.33043321324053443,0.31899952210092825,0.3226583054464026,880164000,NVDA
2011-09-09,0.31739887595176697,0.33020459287581466,0.31465480154233105,0.32151500119592585,869828000,NVDA
2011-09-12,0.32494521141052246,0.32768928675215375,0.31305417283008774,0.31305417283008774,916480000,NVDA
2011-09-13,0.3322625756263733,0.3338633103677565,0.322658303478098,0.3276891101024322,853836000,NVDA
2011-09-14,0.349413126707077,0.3537579356603095,0.340723536060619,0.3409522202592128,1547192000,NVDA
2011-09-15,0.35444387793540955,0.35901737036722353,0.3512424632191427,0.3571879788464985,752908000,NVDA
2011-09-16,0.3535291850566864,0.3681642895175326,0.35169979359158043,0.3551298923661535,1391588000,NVDA
2011-09-19,0.34621161222457886,0.3500990516660572,0.33729333993648225,0.3475836352427481,968204000,NVDA
2011-09-20,0.3372933864593506,0.35192849149177013,0.335692679087368,0.3505564410243548,792436000,NVDA
2011-09-21,0.3308906853199005,0.3450684286905693,0.3306620010477866,0.3391229374757808,715252000,NVDA
2011-09-22,0.30893778800964355,0.3183134004567457,0.3029923009480638,0.3178560594920083,1314632000,NVDA
2011-09-23,0.3153407573699951,0.32425903207853213,0.3052791434660117,0.30710853524673776,1011440000,NVDA
2011-09-26,0.31602686643600464,0.3201429922183268,0.30184912408357395,0.3192283097155947,972124000,NVDA
2011-09-27,0.31648412346839905,0.326774448815873,0.3139687336252443,0.32403037477788293,781388000,NVDA
2011-09-28,0.3068799376487732,0.32517383335830274,0.30184912927715934,0.3171702386516256,1236532000,NVDA
2011-09-29,0.2993335723876953,0.3176274595976849,0.29155866555294946,0.31236796941006306,866416000,NVDA
2011-09-30,0.2860705554485321,0.29613216881755733,0.28561318708266314,0.2945314613170313,677784000,NVDA
2011-10-03,0.2700635492801666,0.29133020879349986,0.2700635492801666,0.2824119295853259,949896000,NVDA
2011-10-04,0.2949889004230499,0.2949889004230499,0.2622885779601214,0.2634319447346288,1361548000,NVDA
2011-10-05,0.30550771951675415,0.3082518200913353,0.28835722722561863,0.2943027148638793,856708000,NVDA
2011-10-06,0.3176274299621582,0.31854211197031457,0.3066510823042874,0.30710845056836467,773192000,NVDA
2011-10-07,0.32357296347618103,0.32837511285081056,0.3123679846153827,0.3189994982660588,806976000,NVDA
2011-10-10,0.33797943592071533,0.33797943592071533,0.32837513648034095,0.32906116176322553,534376000,NVDA
2011-10-11,0.33432063460350037,0.3407234914660297,0.3331772682801917,0.33523531675814594,816080000,NVDA
2011-10-12,0.3340918719768524,0.34095209556565614,0.3338632151218904,0.34072341145069707,612064000,NVDA
2011-10-13,0.3535291850566864,0.3542152102636014,0.3315765419954181,0.33249122409797016,854832000,NVDA
2011-10-14,0.3594748377799988,0.363362279090389,0.35078524544735384,0.35970349476295566,702452000,NVDA
2011-10-17,0.3416382372379303,0.35535866293255053,0.3398088453279804,0.35535866293255053,611780000,NVDA
2011-10-18,0.3539866507053375,0.3549013603898539,0.3377508332202883,0.3398088823054302,590916000,NVDA
2011-10-19,0.34689781069755554,0.36061823963308975,0.34598312815652693,0.3544440370710942,557568000,NVDA
2011-10-20,0.32951846718788147,0.33889408143218636,0.31648407000433515,0.33752203101497036,990308000,NVDA
2011-10-21,0.3311191499233246,0.33912274041633306,0.32563100318183297,0.3336345664148415,628428000,NVDA
2011-10-24,0.343467652797699,0.34872714467844956,0.3318053024212525,0.33249132784222174,535256000,NVDA
2011-10-25,0.3304332196712494,0.34140954266128287,0.3297471943731212,0.33866544146877037,577996000,NVDA
2011-10-26,0.33432063460350037,0.338665415728072,0.32471633567970465,0.33683605141878087,503116000,NVDA
2011-10-27,0.3487270772457123,0.35215717642727606,0.3388941208065617,0.34666902864077603,577732000,NVDA
2011-10-28,0.3567306697368622,0.3599321122445555,0.34483966376830444,0.34575434605049843,490156000,NVDA
2011-10-31,0.33843687176704407,0.3473551484211792,0.33843687176704407,0.345297071996373,519984000,NVDA
2011-11-01,0.32151490449905396,0.32700305166734384,0.31831346260088317,0.3260883695592962,790824000,NVDA
2011-11-02,0.31602686643600464,0.3263171945218169,0.30939535014116226,0.32471645925201503,961608000,NVDA
2011-11-03,0.3350067436695099,0.3356927690871421,0.3109960176124446,0.319456925069881,749372000,NVDA
2011-11-04,0.33889415860176086,0.3400375251231295,0.32677446802325166,0.332033959473549,654840000,NVDA
2011-11-07,0.3370647430419922,0.34209557719068256,0.32928986214675365,0.33637871772535205,613536000,NVDA
2011-11-08,0.3448396325111389,0.34689768108953206,0.3359213583980909,0.34140953337381386,549728000,NVDA
2011-11-09,0.327460378408432,0.34118077184727763,0.32608832816054806,0.33683599149564264,532244000,NVDA
2011-11-10,0.3308906853199005,0.3388942532036669,0.32265843316402015,0.33546415268205276,990484000,NVDA
2011-11-11,0.3425530195236206,0.34529709434092176,0.3217437059840455,0.34026628596586733,1751560000,NVDA
2011-11-14,0.33592137694358826,0.34598301799122627,0.33500669469380584,0.34255291866453275,500292000,NVDA
2011-11-15,0.34026622772216797,0.34278161784912625,0.33180529319873564,0.3327200028212738,505660000,NVDA
2011-11-16,0.3334059417247772,0.34278155694491197,0.33226257534476106,0.33386331008478753,512420000,NVDA
2011-11-17,0.32151490449905396,0.3336345923606963,0.3155693890167382,0.3327199102526487,657504000,NVDA
2011-11-18,0.31854212284088135,0.323344271697578,0.3151120243032408,0.323344271697578,501352000,NVDA
2011-11-21,0.3345494270324707,0.3377508428697129,0.30870930705181876,0.31351145806769426,1330788000,NVDA
2011-11-22,0.3448396325111389,0.34666902416971324,0.3363786994977333,0.3382080911563076,1287480000,NVDA
2011-11-23,0.33020463585853577,0.34369637995616464,0.3299759516029774,0.3411809621850773,825340000,NVDA
2011-11-25,0.32105761766433716,0.3334059645083445,0.3201429081418139,0.3258597404325593,406620000,NVDA
2011-11-28,0.3391227722167969,0.3441535784115832,0.33157654929461616,0.33157654929461616,690616000,NVDA
2011-11-29,0.34095221757888794,0.3452969992379578,0.33546404219584475,0.33866545739094817,623440000,NVDA
2011-11-30,0.35741671919822693,0.3583314288021559,0.3482697867189917,0.351242545226745,730324000,NVDA
2011-12-01,0.3617614805698395,0.362676162792618,0.3528432062277243,0.3544439137475895,529760000,NVDA
2011-12-02,0.3594748377799988,0.3670210634178223,0.35604473769553463,0.3656490124800318,546464000,NVDA
2011-12-05,0.3539866507053375,0.3658776857839709,0.35101389193567917,0.3654203445717184,644696000,NVDA
2011-12-06,0.34895581007003784,0.3567306917280012,0.3452970261956969,0.3560446936040701,573832000,NVDA
2011-12-07,0.34689781069755554,0.34941322857540674,0.3395802685892816,0.3466691536923059,510016000,NVDA
2011-12-08,0.33592137694358826,0.34918443312547104,0.3347780105013571,0.3434676009143152,491488000,NVDA
2011-12-09,0.34072351455688477,0.343467588466791,0.3288324821806156,0.33340594778379445,555840000,NVDA
2011-12-12,0.3322625756263733,0.3347779925685428,0.32608840262105376,0.33340594200735857,573208000,NVDA
2011-12-13,0.32311567664146423,0.34072354246388087,0.32105762785547115,0.3366074176318873,516596000,NVDA
2011-12-14,0.31053856015205383,0.3222009061052753,0.3071084616081652,0.32037151476320136,636020000,NVDA
2011-12-15,0.3077945411205292,0.3178561825397757,0.3071085430378594,0.3157981337717518,435148000,NVDA
2011-12-16,0.30893778800964355,0.316255352485429,0.3075657651154313,0.3103098381638525,619116000,NVDA
2011-12-19,0.3009343445301056,0.3139687443612754,0.2997909780368456,0.3103099606788405,463276000,NVDA
2011-12-20,0.3178561329841614,0.3189994992903633,0.30779449313358287,0.30779449313358287,445208000,NVDA
2011-12-21,0.3137401044368744,0.31945693770999306,0.3075659299539085,0.3160268377461219,548424000,NVDA
2011-12-22,0.32723185420036316,0.3281465366392968,0.3146548207349596,0.3146548207349596,576560000,NVDA
2011-12-23,0.32403039932250977,0.32928989086205657,0.3212862978166533,0.3288325224377414,248948000,NVDA
2011-12-27,0.32151490449905396,0.32654571061332,0.3206001951310043,0.3226582707641145,195712000,NVDA
2011-12-28,0.3135114312171936,0.3222010227940804,0.31328274699411374,0.3215149973848507,233960000,NVDA
2011-12-29,0.31945693492889404,0.3201429603676982,0.3121393938550088,0.31671286043368846,211112000,NVDA
2011-12-30,0.3169414699077606,0.3217435923266625,0.316484101549766,0.3183134932017306,186956000,NVDA
2012-01-03,0.32105761766433716,0.32928986706701313,0.3203715923374464,0.32700310689070833,468044000,NVDA
2012-01-04,0.32471632957458496,0.3260883800407603,0.31831347283243827,0.3212862306691495,347372000,NVDA
2012-01-05,0.3363787531852722,0.3379794881795121,0.32174364484085427,0.32311569561877157,563548000,NVDA
2012-01-06,0.3324912190437317,0.33637865881048734,0.32860377927697604,0.3361500019183261,533252000,NVDA
2012-01-09,0.3324912190437317,0.3388940754442712,0.33020448656211054,0.3327199031958944,508244000,NVDA
2012-01-10,0.3311191499233246,0.3377506901009602,0.32883241757103643,0.33752200596173143,546328000,NVDA
2012-01-11,0.3244877755641937,0.3311192913135321,0.32311572466294575,0.32814653253416914,484272000,NVDA
2012-01-12,0.3224295675754547,0.3254023251411433,0.3153406862465049,0.3251736682576291,652364000,NVDA
2012-01-13,0.313968688249588,0.32082888598311077,0.3123679808970999,0.320142860757758,504300000,NVDA
2012-01-17,0.3091665506362915,0.31877084963481706,0.3087092095554102,0.31877084963481706,627176000,NVDA
2012-01-18,0.31968551874160767,0.3222009354737384,0.3135113462518352,0.3151120535995536,632676000,NVDA
2012-01-19,0.32814642786979675,0.32860379619767327,0.318999497472312,0.3224295963713688,608312000,NVDA
2012-01-20,0.32517364621162415,0.3315765019359318,0.32403028009156915,0.32768903531974597,546272000,NVDA
2012-01-23,0.3340918719768524,0.33432055609181144,0.3212861612590811,0.3254022845083645,562792000,NVDA
2012-01-24,0.3416382372379303,0.3430102879853949,0.33157662262321846,0.3318052795744569,730920000,NVDA
2012-01-25,0.3395800292491913,0.34049471114554114,0.32288685293084307,0.332491149142495,1274152000,NVDA
2012-01-26,0.3363787531852722,0.34849847145018725,0.33454938849472793,0.3446110033327579,799672000,NVDA
2012-01-27,0.34095221757888794,0.34278158211322884,0.33157660167036007,0.3343206757318783,449996000,NVDA
2012-01-30,0.33843687176704407,0.340037579701885,0.3299759363428617,0.3350067716523796,399076000,NVDA
2012-01-31,0.33775076270103455,0.33958015442809575,0.331805246403087,0.33935147023971096,357900000,NVDA
2012-02-01,0.3414095938205719,0.3452970347458129,0.3368361274944037,0.34163825078087456,428020000,NVDA
2012-02-02,0.35421523451805115,0.35558725776582684,0.33980878596637837,0.3432389122358269,696236000,NVDA
2012-02-03,0.3617614805698395,0.3647342386838779,0.3587887224558011,0.35947474775288774,495232000,NVDA
2012-02-06,0.35901737213134766,0.36038939533363124,0.35581593013934704,0.3599320542662034,278868000,NVDA
2012-02-07,0.3599320650100708,0.3619901135049297,0.3535292080949489,0.35947472392899144,410296000,NVDA
2012-02-08,0.37296661734580994,0.3800554751859444,0.35810282161001045,0.3599322139513408,847612000,NVDA
2012-02-09,0.37273773550987244,0.37959793270858166,0.37205171033800144,0.3775398844529691,561944000,NVDA
2012-02-10,0.36359086632728577,0.3704510646659126,0.3615327904696947,0.3690790140941852,440268000,NVDA
2012-02-13,0.3693077862262726,0.3741099371109388,0.3617615608046591,0.3727378862124595,610668000,NVDA
2012-02-14,0.3713656961917877,0.3745671380022348,0.3661062060646257,0.36930764787507275,453756000,NVDA
2012-02-15,0.369765043258667,0.3864582254364332,0.3688503610412576,0.37479587723443447,1110856000,NVDA
2012-02-16,0.376167893409729,0.37914065144980635,0.34301024112887213,0.34438229168890927,1888588000,NVDA
2012-02-17,0.36244750022888184,0.37891197080282074,0.359017401056811,0.3763965810993051,1020360000,NVDA
2012-02-21,0.36427682638168335,0.37319507172089583,0.3615327257296178,0.3622187508926342,518176000,NVDA
2012-02-22,0.3617614805698395,0.37136575294903584,0.36130413945845025,0.3624475058669261,492432000,NVDA
2012-02-23,0.36381959915161133,0.3658776754385714,0.3567307151520999,0.36244757555364865,323968000,NVDA
2012-02-24,0.3610755205154419,0.36542033000871654,0.359474812706345,0.36496296155468,366668000,NVDA
2012-02-27,0.3537578880786896,0.3581026691875275,0.3487270544663467,0.3565019617926926,745268000,NVDA
2012-02-28,0.3505565822124481,0.35787415130584016,0.34689779766575213,0.3537580255058106,699884000,NVDA
2012-02-29,0.34644028544425964,0.3576452905513414,0.3462116285604419,0.3516997754120735,689196000,NVDA
2012-03-01,0.3487270772457123,0.3528432017155898,0.3464403444580031,0.34781239503463063,449944000,NVDA
2012-03-02,0.35169994831085205,0.3567307566080372,0.34758382251860465,0.34758382251860465,684076000,NVDA
2012-03-05,0.33980879187583923,0.3498704321678571,0.33729340224783794,0.34918440690203706,514848000,NVDA
2012-03-06,0.3366073966026306,0.3386654452600489,0.3306618802989689,0.33592137129682265,471400000,NVDA
2012-03-07,0.3386654555797577,0.3400375062331824,0.3338633328127844,0.3384367986441913,441984000,NVDA
2012-03-08,0.33980879187583923,0.34323891820493957,0.33775074333838323,0.33958013496056866,430852000,NVDA
2012-03-09,0.33889415860176086,0.34323896773896656,0.3370647667155694,0.34072355048795233,367836000,NVDA
2012-03-12,0.3336346745491028,0.34255294996952684,0.33271999221572995,0.3402662168760861,299948000,NVDA
2012-03-13,0.3382081985473633,0.3400375907868235,0.333406047326282,0.335006782573318,553288000,NVDA
2012-03-14,0.3286038339138031,0.33889413179206196,0.3274604674828855,0.3382081064815102,735708000,NVDA
2012-03-15,0.3334059417247772,0.3352353333848041,0.3283751351047069,0.3295185014847231,382380000,NVDA
2012-03-16,0.3338633179664612,0.3352353412988678,0.3318052420778432,0.3336346337810574,428340000,NVDA
2012-03-19,0.3347780704498291,0.33729348797717423,0.3331773625960691,0.3356927801234142,405400000,NVDA
2012-03-20,0.3292897939682007,0.3329485494660691,0.32631703638493215,0.3329485494660691,449616000,NVDA
2012-03-21,0.3306618630886078,0.33363462108571185,0.3256310565412032,0.3292898398084089,467840000,NVDA
2012-03-22,0.33020463585853577,0.33294871062516773,0.3272318768363454,0.32814655933855147,425372000,NVDA
2012-03-23,0.3327198922634125,0.33363457432200583,0.3270030339872022,0.32928979365368666,315456000,NVDA
2012-03-26,0.3366073966026306,0.33820810414284547,0.33271995621639294,0.33592137129682265,288600000,NVDA
2012-03-27,0.33889415860176086,0.34301028353068963,0.3372934509238464,0.3379794762886692,419968000,NVDA
2012-03-28,0.3466690480709076,0.3512425139026599,0.3407235315856269,0.34323894869709337,892448000,NVDA
2012-03-29,0.34826982021331787,0.35101389476899386,0.3418669614100661,0.3462117711115638,372700000,NVDA
2012-03-30,0.3521571755409241,0.3542152514006854,0.34621168666384755,0.35124249333214463,527240000,NVDA
2012-04-02,0.3505565822124481,0.3542153667591441,0.3455257739057515,0.35124260772245536,407776000,NVDA
2012-04-03,0.3448396325111389,0.3535292224443634,0.3430102408525646,0.353071881344721,430476000,NVDA
2012-04-04,0.3350067436695099,0.34392499231869766,0.33294866741661333,0.3395802101070442,495896000,NVDA
2012-04-05,0.3345494270324707,0.3395802350309994,0.3334060330791559,0.33546410948310784,369424000,NVDA
2012-04-09,0.33020463585853577,0.3313480026163002,0.32380177656305204,0.3292899533563297,365504000,NVDA
2012-04-10,0.323801726102829,0.33340599991934844,0.3222010183434107,0.32883253360100495,470360000,NVDA
2012-04-11,0.32791781425476074,0.3350066971526261,0.32700310473825844,0.32814647118888146,372960000,NVDA
2012-04-12,0.33569273352622986,0.33752209809944544,0.32700311550341904,0.3283751661933381,384868000,NVDA
2012-04-13,0.323801726102829,0.3345493937589439,0.32357304188290803,0.33272000177960454,311324000,NVDA
2012-04-16,0.31991443037986755,0.3270032900346278,0.3146549362747087,0.32608860725982713,463468000,NVDA
2012-04-17,0.3206002712249756,0.3247163962081498,0.31945690468853877,0.3208289554362663,460696000,NVDA
2012-04-18,0.31717005372047424,0.3201428110622089,0.31328261439358973,0.31854210395819743,400764000,NVDA
2012-04-19,0.31236812472343445,0.3249451596925116,0.3107673893739034,0.31305412300464475,667188000,NVDA
2012-04-20,0.3061937987804413,0.31511207270414465,0.30550777351554037,0.31419736326427544,509592000,NVDA
2012-04-23,0.3025350272655487,0.30390707784852355,0.2952174877630283,0.3009343197587482,706244000,NVDA
2012-04-24,0.2931594252586365,0.30596516767708554,0.29155871767883274,0.30344975058024654,730440000,NVDA
2012-04-25,0.2991049587726593,0.30139169180569125,0.2920160754662571,0.29750425110153855,727112000,NVDA
2012-04-26,0.2993335723876953,0.3018489890348193,0.29681815574057135,0.29887623134094593,539208000,NVDA
2012-04-27,0.2968181371688843,0.30070560397302215,0.2936167227819471,0.29887621264048664,475356000,NVDA
2012-04-30,0.2972756028175354,0.2988763379420998,0.2931594774086765,0.2952175537431116,262268000,NVDA
2012-05-01,0.3025350272655487,0.30573646953915495,0.29567482887068486,0.29567482887068486,408680000,NVDA
2012-05-02,0.29384541511535645,0.302535004548355,0.2922447077287522,0.3013916382350658,684008000,NVDA
2012-05-03,0.28881457448005676,0.29636079670333615,0.28698518314411026,0.29453140536738964,419536000,NVDA
2012-05-04,0.2803536653518677,0.2885859133911724,0.2803536653518677,0.28698520606686373,545092000,NVDA
2012-05-07,0.28515592217445374,0.2901867574632811,0.2828691887740822,0.28538460641849583,604440000,NVDA
2012-05-08,0.28492724895477295,0.28675661376281986,0.2776096806825419,0.2826404884246926,462312000,NVDA
2012-05-09,0.2860705554485321,0.2883572882378565,0.277152281214164,0.27989635510935224,520608000,NVDA
2012-05-10,0.2840125262737274,0.28927201800583363,0.2794390599432019,0.288814676824783,597092000,NVDA
2012-05-11,0.3020777404308319,0.31282540832177425,0.3009343738262644,0.30756591648876186,1435140000,NVDA
2012-05-14,0.30024832487106323,0.30482179093075834,0.2933881257815206,0.2995622995101074,437472000,NVDA
2012-05-15,0.2972756028175354,0.30687990452487657,0.2959035791879233,0.30024836157171186,599940000,NVDA
2012-05-16,0.2913300395011902,0.3011629957172736,0.29041533005085424,0.29773289661352387,470484000,NVDA
2012-05-17,0.2892720103263855,0.2952175273022339,0.2892720103263855,0.2924734530287688,335364000,NVDA
2012-05-18,0.27623748779296875,0.29132995777986653,0.2748654648923394,0.28995790761924034,567288000,NVDA
2012-05-21,0.2810397446155548,0.28241179530598326,0.2748655710286417,0.27669496286254375,416260000,NVDA
2012-05-22,0.2776097357273102,0.2812685205888937,0.2734936095730328,0.2808111792961998,410140000,NVDA
2012-05-23,0.2844697833061218,0.2849271516118885,0.27052070422027513,0.27463682815216445,496000000,NVDA
2012-05-24,0.27692365646362305,0.28652795804803133,0.27486560741554183,0.2860706168440145,520420000,NVDA
2012-05-25,0.28355512022972107,0.28584185287189595,0.27669492230319637,0.27669492230319637,391752000,NVDA
2012-05-29,0.2908727526664734,0.2927021448198491,0.28698531137805755,0.28812867806641584,310000000,NVDA
2012-05-30,0.28744271397590637,0.28972944784088434,0.28241190492495843,0.28767139826641136,379792000,NVDA
2012-05-31,0.28424108028411865,0.288585860403781,0.2805822979917736,0.28744249434492275,358192000,NVDA
2012-06-01,0.27395081520080566,0.2810396971370874,0.27349347413459457,0.278295623479818,440984000,NVDA
2012-06-04,0.2682340145111084,0.27692360480652306,0.2659472816575785,0.27532289726105336,432856000,NVDA
2012-06-05,0.2760089635848999,0.2766949889949056,0.2668620308115179,0.2668620308115179,365224000,NVDA
2012-06-06,0.2833264470100403,0.28401247228120335,0.2760089077243108,0.27806695627779565,368968000,NVDA
2012-06-07,0.27189287543296814,0.2890434039799984,0.2716641911784691,0.2874426687185326,526780000,NVDA
2012-06-08,0.27715229988098145,0.278066982154315,0.27235014979596284,0.2728074909326296,370308000,NVDA
2012-06-11,0.2803536653518677,0.29110133008651606,0.27966766739859406,0.2860705239558308,839080000,NVDA
2012-06-12,0.2860705554485321,0.2888146293437203,0.2830977973704094,0.2835551384762733,496128000,NVDA
2012-06-13,0.27852433919906616,0.28652790417455487,0.27715228858498003,0.2858418788675118,494276000,NVDA
2012-06-14,0.27509424090385437,0.2803537324510937,0.27235016665399303,0.27806699936620777,589884000,NVDA
2012-06-15,0.2810397446155548,0.28126842881729536,0.2746368868269011,0.2771523040060175,385288000,NVDA
2012-06-18,0.28355512022972107,0.28584185287189595,0.27669492230319637,0.27898165494537125,304424000,NVDA
2012-06-19,0.3027636706829071,0.30710847877063835,0.29384539761440714,0.2952174480126384,960476000,NVDA
2012-06-20,0.30756592750549316,0.3132827607331023,0.30390714333581886,0.30573653542065604,972720000,NVDA
2012-06-21,0.29361680150032043,0.30733719928276176,0.29293077615919694,0.30733719928276176,516376000,NVDA
2012-06-22,0.2972756028175354,0.3007057300415939,0.2931594774086765,0.2972756028175354,865360000,NVDA
2012-06-25,0.28789985179901123,0.29841883104672723,0.2867564856746942,0.2975041490512731,494616000,NVDA
2012-06-26,0.2911014258861542,0.2931594749432702,0.2853845926608195,0.2895007180350627,437152000,NVDA
2012-06-27,0.3004770576953888,0.3025351068512418,0.2913301240960202,0.2913301240960202,506064000,NVDA
2012-06-28,0.3027636706829071,0.30459306212721493,0.2952174480126384,0.2977328646560618,545896000,NVDA
2012-06-29,0.31602686643600464,0.3167128919430606,0.30962400713683835,0.3098526913925283,616508000,NVDA
2012-07-02,0.30756592750549316,0.3178562273151896,0.3050505099813407,0.3176275703420919,581684000,NVDA
2012-07-03,0.31556937098503113,0.3162553961568682,0.30733712344298675,0.30756580758693264,219284000,NVDA
2012-07-05,0.31236812472343445,0.3148835153612408,0.30756597319487167,0.3135114915388051,280076000,NVDA
2012-07-06,0.30642250180244446,0.310995967503077,0.3029924025269701,0.31008125800694697,382760000,NVDA
2012-07-09,0.30230632424354553,0.30596510706688673,0.2997909076449983,0.3045930566931335,306336000,NVDA
2012-07-10,0.2931594252586365,0.30802321638540364,0.2908726923560579,0.2991049417093433,512028000,NVDA
2012-07-11,0.28835731744766235,0.29773293373761855,0.2869852667310807,0.29407415000007275,485216000,NVDA
2012-07-12,0.28355512022972107,0.28561316870367714,0.2810397034193273,0.28515582762724284,472160000,NVDA
2012-07-13,0.2872139811515808,0.288586004752489,0.2819544891980725,0.28378388125929416,324260000,NVDA
2012-07-16,0.28812873363494873,0.29041546745268504,0.2826405561163712,0.28538465850566863,334460000,NVDA
2012-07-17,0.2828691899776459,0.2906440999279976,0.2780670389124283,0.2890433919929292,447476000,NVDA
2012-07-18,0.2986476719379425,0.30276379759806804,0.28081114558407394,0.2821831692974404,616008000,NVDA
2012-07-19,0.3016202449798584,0.30550768399518763,0.2986474878763727,0.3007055630680149,403036000,NVDA
2012-07-20,0.29293087124824524,0.3018491490578216,0.28972942770377574,0.29979107236637353,451000000,NVDA
2012-07-23,0.2968181371688843,0.29887621264048664,0.2819543768895333,0.2851557912764705,451584000,NVDA
2012-07-24,0.29361680150032043,0.2991049497092941,0.2901867020547101,0.29727555788630045,351164000,NVDA
2012-07-25,0.2993335723876953,0.3023063300815687,0.2913300086595756,0.29270203179982374,415044000,NVDA
2012-07-26,0.3007056415081024,0.3082518646592561,0.29841888161199215,0.3048217384450923,338440000,NVDA
2012-07-27,0.3082517981529236,0.30916648010601944,0.29956218329852596,0.3018489427012604,376516000,NVDA
2012-07-30,0.30482175946235657,0.312139326210443,0.30230636974520636,0.3082518859130253,363552000,NVDA
2012-07-31,0.30962395668029785,0.3139687660102767,0.30436446499664416,0.3048218061734816,387788000,NVDA
2012-08-01,0.3061937987804413,0.3144260474392438,0.30482174825063946,0.311453289464676,335912000,NVDA
2012-08-02,0.3073371350765228,0.31191060004855414,0.2995622282680686,0.3045930615453043,367912000,NVDA
2012-08-03,0.3137401044368744,0.31694154742582764,0.3048218281748025,0.3121393965724034,326548000,NVDA
2012-08-06,0.3203716576099396,0.32197236552547503,0.3162555320699825,0.3167128732944195,360324000,NVDA
2012-08-07,0.32357296347618103,0.3270030623837727,0.32174357194013153,0.32425898870969994,407340000,NVDA
2012-08-08,0.3254024088382721,0.32883250831324945,0.32242965050795686,0.3233443600572886,517064000,NVDA
2012-08-09,0.3363787531852722,0.33706477857423084,0.325402428741961,0.3258597699145971,822300000,NVDA
2012-08-10,0.33432063460350037,0.3480410304832046,0.3299758262189253,0.3452969567592645,1278744000,NVDA
2012-08-13,0.3386654555797577,0.33889413977533067,0.3334059644216384,0.3347780150750631,447244000,NVDA
2012-08-14,0.3336346745491028,0.3402662168760861,0.3322626237890348,0.33980884844939097,388828000,NVDA
2012-08-15,0.3311191499233246,0.33752200596173143,0.3295184427287229,0.3347779325909856,594404000,NVDA
2012-08-16,0.33797943592071533,0.33912280230552133,0.332948602019565,0.334091968404371,371008000,NVDA
2012-08-17,0.3350067436695099,0.33797950230590923,0.33203398503311055,0.33797950230590923,309864000,NVDA
2012-08-20,0.3350067436695099,0.3354640848612613,0.329975908780214,0.3338633770601263,314392000,NVDA
2012-08-21,0.3340918719768524,0.3382079952261358,0.33066177381244904,0.3361499472314926,340248000,NVDA
2012-08-22,0.3347780704498291,0.33615012133020117,0.3308906293021231,0.3320339959490961,313556000,NVDA
2012-08-23,0.32723185420036316,0.33432073851214084,0.32585980328195074,0.33409205427240146,379040000,NVDA
2012-08-24,0.3338633179664612,0.33546402548427157,0.32654575115360435,0.32723177644981033,347724000,NVDA
2012-08-27,0.32814642786979675,0.3345493118600395,0.32791777096586133,0.33363460246428933,340944000,NVDA
2012-08-28,0.32677438855171204,0.32997580312895686,0.3249449971104286,0.32563102230841007,310764000,NVDA
2012-08-29,0.327460378408432,0.3295184265202594,0.32585964403256784,0.32654566915650984,250412000,NVDA
2012-08-30,0.3212861120700836,0.32791765052863786,0.31968540529043016,0.32677428464888636,307488000,NVDA
2012-08-31,0.3208288848400116,0.32585969104133655,0.3176274701464418,0.3235729584716432,485064000,NVDA
2012-09-04,0.303678423166275,0.31671282319077915,0.30070569204771164,0.31556945668056,694452000,NVDA
2012-09-05,0.30459314584732056,0.30916661208514673,0.3013917031248368,0.3048218028032064,480256000,NVDA
2012-09-06,0.313968688249588,0.32220093643381637,0.30665112219249496,0.3068798063542801,657296000,NVDA
2012-09-07,0.30642250180244446,0.3084805504637268,0.2961321767160154,0.3059651606843824,781064000,NVDA
2012-09-10,0.303678423166275,0.3100812810755036,0.3029924250681499,0.30573649924067414,371108000,NVDA
2012-09-11,0.3073371350765228,0.31213928420115633,0.3023063290592886,0.3034496953022965,382808000,NVDA
2012-09-12,0.3107672333717346,0.31236796791771226,0.3068797936029349,0.30985255128260575,322608000,NVDA
2012-09-13,0.3128252625465393,0.3146546537133608,0.3068797480693687,0.313511287641597,433836000,NVDA
2012-09-14,0.31648412346839905,0.32197229880438555,0.312596682976246,0.312596682976246,339468000,NVDA
2012-09-17,0.3077945411205292,0.3171701571970986,0.30436444166715115,0.3171701571970986,493348000,NVDA
2012-09-18,0.3098526895046234,0.31351147401328683,0.3041358557473453,0.30436451274162823,359952000,NVDA
2012-09-19,0.3135114312171936,0.3178562133756321,0.3068798886079861,0.31053867261720475,451936000,NVDA
2012-09-20,0.31122469902038574,0.31442614213409165,0.30870930863820156,0.3128254342072449,320596000,NVDA
2012-09-21,0.31259670853614807,0.314426100464393,0.310538659654378,0.31168202620203,340136000,NVDA
2012-09-24,0.31236812472343445,0.3128254659975797,0.3071086319207264,0.30756597319487167,357832000,NVDA
2012-09-25,0.3066510856151581,0.3178560902660474,0.306193744606142,0.31648403997899993,481544000,NVDA
2012-09-26,0.3013916611671448,0.3057364698442304,0.2977329050422364,0.30550778566017134,436812000,NVDA
2012-09-27,0.303678423166275,0.30413579157836895,0.29956229827748465,0.30207771550396983,558888000,NVDA
2012-09-28,0.30505043268203735,0.30939524119005923,0.2984188914624263,0.3023063588801312,485508000,NVDA
2012-10-01,0.30001959204673767,0.308251839776191,0.29887622582098033,0.306422448362979,504236000,NVDA
2012-10-02,0.30116304755210876,0.30207772989987125,0.29773294785798565,0.30207772989987125,295492000,NVDA
2012-10-03,0.2981902062892914,0.3027636712790655,0.29658949899487075,0.3018489891851113,430872000,NVDA
2012-10-04,0.31145331263542175,0.3132827043912547,0.29727554697272074,0.2988762817965785,502608000,NVDA
2012-10-05,0.30413588881492615,0.3155695575726233,0.30299252193915643,0.3123681412244747,483068000,NVDA
2012-10-08,0.30116304755210876,0.30436446302928666,0.29887631442269336,0.30299243950764293,240596000,NVDA
2012-10-09,0.2947601079940796,0.301620305489147,0.29384539863873627,0.3007056233938053,366360000,NVDA
2012-10-10,0.2897293269634247,0.29476016117548515,0.2885859605079576,0.293388110524922,326568000,NVDA
2012-10-11,0.2913300395011902,0.2933880880594382,0.28904330676535706,0.29247340586910675,320516000,NVDA
2012-10-12,0.28881457448005676,0.29155864785397656,0.28698518314411026,0.2892719154990434,260696000,NVDA
2012-10-15,0.29247337579727173,0.29270203269134204,0.28584183518920164,0.28927193394027184,249580000,NVDA
2012-10-16,0.3009343445301056,0.30184905408071805,0.29224475372932823,0.2949888278611507,367696000,NVDA
2012-10-17,0.2986476719379425,0.300019722911322,0.2943028620289161,0.297275620964563,391752000,NVDA
2012-10-18,0.29407408833503723,0.297961528203509,0.29293072206431015,0.297961528203509,254772000,NVDA
2012-10-19,0.27692365646362305,0.29178745004425233,0.27532294861955864,0.28972937373616015,709412000,NVDA
2012-10-22,0.2737222909927368,0.27966780951575665,0.27143555729311625,0.27806707411800946,480840000,NVDA
2012-10-23,0.28195440769195557,0.28378379922434493,0.2705207174295226,0.271206742661669,573948000,NVDA
2012-10-24,0.2782957851886749,0.28492732991212594,0.2755517099369104,0.2837839629522225,332916000,NVDA
2012-10-25,0.27852433919906616,0.2835551460173722,0.27738097277399637,0.28058238786018946,307356000,NVDA
2012-10-26,0.27555155754089355,0.28058236393013675,0.27555155754089355,0.27898165652355983,389376000,NVDA
2012-10-31,0.27395081520080566,0.27898164870913605,0.2732648172314904,0.2766949161180778,347112000,NVDA
2012-11-01,0.2869853377342224,0.2872140219969008,0.27509430127523704,0.27532298553791545,473220000,NVDA
2012-11-02,0.28561317920684814,0.29041532883601157,0.2837838148338377,0.28995798774275894,256700000,NVDA
2012-11-05,0.29773300886154175,0.2988763756605179,0.2849272898090033,0.2849272898090033,444840000,NVDA
2012-11-06,0.297504186630249,0.2984188687412404,0.2924733804997921,0.2984188687412404,350804000,NVDA
2012-11-07,0.28835731744766235,0.29704690837932773,0.2869852667310807,0.29521751651055483,324620000,NVDA
2012-11-08,0.2899578809738159,0.2991048085107836,0.2892718559565445,0.2915585878407864,839024000,NVDA
2012-11-09,0.27875304222106934,0.2949888590457239,0.27783835983376926,0.29155875920333296,846280000,NVDA
2012-11-12,0.2725788354873657,0.28035371663330927,0.2698347341323202,0.279210350155376,643624000,NVDA
2012-11-13,0.2705206871032715,0.2773809113956789,0.27029203022485776,0.2712067122585122,492120000,NVDA
2012-11-14,0.2638891935348511,0.2748655150425395,0.2636605093796902,0.27212144148061784,619300000,NVDA
2012-11-15,0.265032559633255,0.2723500982140343,0.2632031681730597,0.26548990068330336,466688000,NVDA
2012-11-16,0.26023051142692566,0.2659473449206605,0.2549710191606871,0.26503266246566787,624552000,NVDA
2012-11-19,0.2675478458404541,0.26846255484773274,0.26183101676992987,0.2650324574054182,404092000,NVDA
2012-11-20,0.26444098353385925,0.2676630527005818,0.261679178607097,0.2665123097930559,336976000,NVDA
2012-11-21,0.2720359265804291,0.27272635046347454,0.2642108573590882,0.2644410169440224,422312000,NVDA
2012-11-23,0.2738771140575409,0.27709918355023405,0.2718057601529143,0.27318666275599873,276932000,NVDA
2012-11-26,0.2787102460861206,0.2794006974565061,0.2738771413651835,0.27433743313348025,364600000,NVDA
2012-11-27,0.27986088395118713,0.2840035631792922,0.27525791312793046,0.2775593985395588,451404000,NVDA
2012-11-28,0.28216245770454407,0.2835433603582135,0.27525799930795475,0.2787102285062494,398332000,NVDA
2012-11-29,0.27709928154945374,0.2840037421349587,0.2761786977790748,0.2826228664793902,488688000,NVDA
2012-11-30,0.2754882276058197,0.27894045766514475,0.2738771923986451,0.2768691031680183,460504000,NVDA
2012-12-03,0.27042490243911743,0.2789404241785455,0.2697344784588459,0.2789404241785455,391380000,NVDA
2012-12-04,0.2784801125526428,0.2789404043186797,0.2692741400525033,0.27088520238745295,528068000,NVDA
2012-12-05,0.27525797486305237,0.2780197524892465,0.27134545427295437,0.27617858569570136,633024000,NVDA
2012-12-06,0.2757182717323303,0.2775594659962821,0.2736469453328077,0.2745675287468451,412896000,NVDA
2012-12-07,0.27525797486305237,0.27732932865960525,0.272035905538472,0.27594842612857,338288000,NVDA
2012-12-10,0.2844640016555786,0.2865353560570966,0.2745676037884621,0.2752580552556348,513644000,NVDA
2012-12-11,0.29113826155662537,0.29482065023466475,0.2846940950879955,0.2853845463946126,816724000,NVDA
2012-12-12,0.28814631700515747,0.2936698998845796,0.28699557400142917,0.29205886516653545,399404000,NVDA
2012-12-13,0.2883763909339905,0.293899944737069,0.28561461403245125,0.28768593984963836,377556000,NVDA
2012-12-14,0.28975731134414673,0.2927492482240751,0.2874558256574131,0.2895271792369975,338660000,NVDA
2012-12-17,0.2886066734790802,0.2906780278121026,0.2842338600580609,0.2890669927325631,445232000,NVDA
2012-12-18,0.28906697034835815,0.2922890402579329,0.2876860675666082,0.2886066511305206,416436000,NVDA
2012-12-19,0.29113826155662537,0.294590490653833,0.28998751852422283,0.29113826155662537,458544000,NVDA
2012-12-20,0.29090797901153564,0.29251901293681515,0.28768588372511283,0.2922888534749764,334332000,NVDA
2012-12-21,0.28423377871513367,0.2869955562662391,0.2810116820422809,0.2869955562662391,462172000,NVDA
2012-12-24,0.2819322943687439,0.2849242314968414,0.2810116835561654,0.2840036206842628,127376000,NVDA
2012-12-26,0.2817021310329437,0.28584481104436205,0.28055138810954283,0.28124183935075847,196740000,NVDA
2012-12-27,0.27986088395118713,0.28262268839383736,0.27663881534925555,0.28216236936281547,299804000,NVDA
2012-12-28,0.2784801125526428,0.28285292548381374,0.27686905021769315,0.27732936941961045,220600000,NVDA
2012-12-31,0.28216245770454407,0.28331320077064226,0.2768690341133165,0.2775594854401512,326460000,NVDA
2013-01-02,0.2927493751049042,0.2929795347476807,0.2879162695295661,0.28906701287167785,478836000,NVDA
2013-01-03,0.29297947883605957,0.2962015486047249,0.28952724946854097,0.29274931923720626,298888000,NVDA
2013-01-04,0.3026457130908966,0.3035662965235304,0.29251915815253765,0.2934397415851714,524968000,NVDA
2013-01-07,0.29390010237693787,0.3033362082406542,0.29182877544874836,0.30241562459165533,610732000,NVDA
2013-01-08,0.28745579719543457,0.29551102373730026,0.28538447125681277,0.2945904130922355,466424000,NVDA
2013-01-09,0.28101176023483276,0.2911383173211386,0.2791705929790347,0.28975741444340675,695020000,NVDA
2013-01-10,0.28147196769714355,0.28492419608452596,0.2798609058343338,0.283543293755224,506368000,NVDA
2013-01-11,0.28101176023483276,0.28285295492651413,0.2782499819152524,0.282622822737481,513172000,NVDA
2013-01-14,0.2807815372943878,0.2828528635056289,0.27755944076638855,0.2828528635056289,305684000,NVDA
2013-01-15,0.2757182717323303,0.27940066026023386,0.27410723703982637,0.27940066026023386,375888000,NVDA
2013-01-16,0.27824991941452026,0.2805514054031894,0.275257982142075,0.275257982142075,337376000,NVDA
2013-01-17,0.2819322943687439,0.2830830373075602,0.2784800655522951,0.27917051680276,580736000,NVDA
2013-01-18,0.28009119629859924,0.28193239111972485,0.2766389662974457,0.28193239111972485,397088000,NVDA
2013-01-22,0.2787102460861206,0.28239263510425605,0.27732937078123027,0.27986098922480285,308224000,NVDA
2013-01-23,0.2791704535484314,0.2798608772065846,0.2761785170982457,0.2796307451324901,421808000,NVDA
2013-01-24,0.28055140376091003,0.2817021467485084,0.27686901522624435,0.27824991778571323,396980000,NVDA
2013-01-25,0.2856146991252899,0.28584483126472415,0.2796308245259621,0.28101169967019957,393920000,NVDA
2013-01-28,0.2902177572250366,0.292058952066008,0.2863052078995153,0.2869956593943653,422492000,NVDA
2013-01-29,0.2840035557746887,0.2897572691537475,0.28285281309887694,0.28906684549695605,388872000,NVDA
2013-01-30,0.2835434377193451,0.2881464112395993,0.28262285398964876,0.2842338892345605,287592000,NVDA
2013-01-31,0.28216245770454407,0.2867654574048158,0.28032129074748996,0.2835433603582135,470544000,NVDA
2013-02-01,0.2846941649913788,0.2856147761048731,0.2821625187241253,0.284464005354034,288816000,NVDA
2013-02-04,0.27986088395118713,0.28883669351805985,0.27963075187154646,0.28308297998898896,511744000,NVDA
2013-02-05,0.2863050699234009,0.28791613178027653,0.2803212238688353,0.28124180712773084,367296000,NVDA
2013-02-06,0.2840035557746887,0.2863050411263122,0.27778955081247914,0.27940058507144166,530688000,NVDA
2013-02-07,0.2828529179096222,0.2853845637088536,0.280091139951475,0.2830830775044177,440000000,NVDA
2013-02-08,0.2846941649913788,0.2869956516212875,0.28285297020027483,0.2846941649913788,307232000,NVDA
2013-02-11,0.2879161536693573,0.2909080906420409,0.2842337654820737,0.2869955429045992,408308000,NVDA
2013-02-12,0.2860749363899231,0.2892970052157483,0.28492419360414667,0.2853844852312828,277804000,NVDA
2013-02-13,0.2846941649913788,0.29159862488110494,0.28377358131376923,0.28630520014513794,856396000,NVDA
2013-02-14,0.29297947883605957,0.2932096384349129,0.2773293668827991,0.2807815962503177,882096000,NVDA
2013-02-15,0.29297947883605957,0.2943603815574191,0.28653531186284875,0.2922890274753798,733860000,NVDA
2013-02-19,0.28906697034835815,0.2934397834307641,0.287225775784652,0.2932096512577267,433552000,NVDA
2013-02-20,0.2849242687225342,0.29459050518432095,0.2840036577896768,0.2899875328276721,713012000,NVDA
2013-02-21,0.2828529179096222,0.28768604991328955,0.2821624665611155,0.2844639527655514,580408000,NVDA
2013-02-22,0.28814631700515747,0.28837647658025406,0.28308305327592853,0.28469408799397267,370148000,NVDA
2013-02-25,0.2830830216407776,0.2911382217666892,0.2826227299779004,0.28883673601642873,644444000,NVDA
2013-02-26,0.28644075989723206,0.2880616787301765,0.28273577890404167,0.28366203795444106,487504000,NVDA
2013-02-27,0.29176652431488037,0.29385058550791604,0.2857459398961427,0.28644062696048794,476980000,NVDA
2013-02-28,0.2931559681892395,0.2975556079698403,0.28968255964533446,0.2908403624933028,591392000,NVDA
2013-03-01,0.2943137288093567,0.2952399599131577,0.288524715400117,0.29107186473766644,389396000,NVDA
2013-03-04,0.2931559681892395,0.2959346895035241,0.2899141036524097,0.2922297093483464,353680000,NVDA
2013-03-05,0.2963978052139282,0.29686092083241994,0.2933875122874361,0.29477688674710856,366168000,NVDA
2013-03-06,0.2961663007736206,0.3010290568237277,0.2947769261283323,0.2982503351373521,342928000,NVDA
2013-03-07,0.2954714298248291,0.30079732584962376,0.29385051214880914,0.29778703439176735,314824000,NVDA
2013-03-08,0.29686087369918823,0.2982502479382668,0.29477683994476334,0.29616621418384187,246464000,NVDA
2013-03-11,0.29408228397369385,0.2952400871545271,0.29153510593417864,0.29385073990005034,299748000,NVDA
2013-03-12,0.29500848054885864,0.2959347118555128,0.29084038446051624,0.29361910598467805,310856000,NVDA
2013-03-13,0.29500848054885864,0.3001028079438552,0.29222973142049746,0.29500848054885864,485840000,NVDA
2013-03-14,0.2952400743961334,0.29778725232557585,0.293387583866012,0.2968609932584131,383304000,NVDA
2013-03-15,0.29269281029701233,0.29523995963213734,0.2915349800120731,0.29523995963213734,355776000,NVDA
2013-03-18,0.2906087338924408,0.2933874546618066,0.2885247002164644,0.29084030545830125,298312000,NVDA
2013-03-19,0.28875625133514404,0.29222965928399,0.28667221760751355,0.29084031266696714,355480000,NVDA
2013-03-20,0.29222971200942993,0.29315597085875766,0.28898787504727685,0.29153502477348353,340588000,NVDA
2013-03-21,0.28759849071502686,0.2910718991714749,0.28713537510833975,0.29060878356478786,339032000,NVDA
2013-03-22,0.2889878749847412,0.29014567784300216,0.28736695650401545,0.28852475936227634,232476000,NVDA
2013-03-25,0.28736692667007446,0.2908403348842539,0.28528286517904994,0.2906087632949641,362076000,NVDA
2013-03-26,0.28945088386535645,0.2896824553932902,0.28690370747483485,0.2880615099061288,232540000,NVDA
2013-03-27,0.2929244041442871,0.29454532265247213,0.28759850538522375,0.2882931926327882,254944000,NVDA
2013-03-28,0.29709237813949585,0.2973239496617448,0.2901455637222677,0.29222959700576145,349276000,NVDA
2013-04-01,0.28736692667007446,0.29639777698526326,0.28528286517904994,0.29639777698526326,442828000,NVDA
2013-04-02,0.2843565344810486,0.2882930568914918,0.2825040452278444,0.2875983699710171,371524000,NVDA
2013-04-03,0.28088322281837463,0.28551443372118734,0.27879916134959226,0.28389348782184737,353156000,NVDA
2013-04-04,0.2836618721485138,0.2845881030533095,0.2790306624161605,0.2799568933209562,294676000,NVDA
2013-04-05,0.2885248363018036,0.2885248363018036,0.27879926761558327,0.2794939550366283,551352000,NVDA
2013-04-08,0.2878301441669464,0.2887563756437009,0.2825042441650972,0.2887563756437009,326660000,NVDA
2013-04-09,0.29246121644973755,0.29454525007471416,0.28597751641042296,0.28806155003539957,380584000,NVDA
2013-04-10,0.29709237813949585,0.29755549357980704,0.2919980530876992,0.29269274005025936,384688000,NVDA
2013-04-11,0.29570314288139343,0.2975556331155316,0.284819800711606,0.29292442133228597,969220000,NVDA
2013-04-12,0.3031129539012909,0.30635478950450334,0.2945451942564555,0.29709237051911236,770548000,NVDA
2013-04-15,0.29686087369918823,0.30311303017084884,0.2950084115193407,0.3021867714767322,430420000,NVDA
2013-04-16,0.30010277032852173,0.3021868043093773,0.29801870874347025,0.2996396547332423,468844000,NVDA
2013-04-17,0.2961663007736206,0.3005659411433653,0.29431381044796984,0.29778721945698966,532948000,NVDA
2013-04-18,0.29037731885910034,0.2987135132651481,0.29037731885910034,0.29686102255222563,402548000,NVDA
2013-04-19,0.2910718619823456,0.2919981206815719,0.2864406512987934,0.2901456308873124,303028000,NVDA
2013-04-22,0.29153501987457275,0.29408219716217465,0.28852475457638505,0.2908403602544969,245568000,NVDA
2013-04-23,0.2991763949394226,0.30218665865993505,0.29361892766209724,0.294082043034162,376948000,NVDA
2013-04-24,0.3093651533126831,0.3119123301691205,0.2998711605978083,0.30010273216809985,556556000,NVDA
2013-04-25,0.31191229820251465,0.3126069852380013,0.3082073190827124,0.3109860672246589,353224000,NVDA
2013-04-26,0.31052297353744507,0.31191234782947536,0.30890205526620573,0.3114492322668633,324332000,NVDA
2013-04-29,0.3142279386520386,0.3153857413068903,0.3095967280326317,0.31098610226013085,269712000,NVDA
2013-04-30,0.31885915994644165,0.31885915994644165,0.3128385748979742,0.3149226363089946,276712000,NVDA
2013-05-01,0.3160804212093353,0.32094320329044634,0.31492261858089865,0.31885914199674503,341316000,NVDA
2013-05-02,0.3197854161262512,0.3207116472321146,0.31399637509992806,0.3158488649158483,323480000,NVDA
2013-05-03,0.3211747705936432,0.3234903760187935,0.32001696788106804,0.3218694577420271,293864000,NVDA
2013-05-06,0.3202485144138336,0.32302723518580984,0.3183960246977855,0.3211747454697617,217116000,NVDA
2013-05-07,0.3160804212093353,0.32094320329044634,0.3130701288545615,0.3202485161925459,448068000,NVDA
2013-05-08,0.321869432926178,0.3237219226443117,0.31538573271480586,0.31654353533811547,334032000,NVDA
2013-05-09,0.32210099697113037,0.3234903435241441,0.3156172969111593,0.3160804124288305,566800000,NVDA
2013-05-10,0.3366893529891968,0.3380787273023211,0.3288162778884831,0.3288162778884831,861136000,NVDA
2013-05-13,0.32974258065223694,0.3357631666739246,0.32835320615363267,0.3343737921753203,289812000,NVDA
2013-05-14,0.33460530638694763,0.33738402730322975,0.3304372112104278,0.3336790476787247,454140000,NVDA
2013-05-15,0.3403942883014679,0.3415520908764719,0.3329843297380896,0.3329843297380896,313172000,NVDA
2013-05-16,0.3387734591960907,0.34340467071249364,0.3376156287127919,0.3399312620751914,308368000,NVDA
2013-05-17,0.3443309962749481,0.3466466026673175,0.3378472928554728,0.34039447092876135,312116000,NVDA
2013-05-20,0.343636155128479,0.3450255293841179,0.3417836653223582,0.34294146800065956,236380000,NVDA
2013-05-21,0.3472437262535095,0.3486401585263562,0.34165805265096766,0.34561457376480337,357784000,NVDA
2013-05-22,0.3351413607597351,0.3486401021516393,0.3337449287126899,0.3486401021516393,480404000,NVDA
2013-05-23,0.3404942750930786,0.3416579590869652,0.33025383930022767,0.33118477539757096,393884000,NVDA
2013-05-24,0.3383995592594147,0.34142514258444195,0.3346757601294719,0.33863230710918957,283304000,NVDA
2013-05-28,0.33816683292388916,0.34189063229074085,0.33490852928620224,0.34095969632123346,279300000,NVDA
2013-05-29,0.33607229590415955,0.33816691622371936,0.3346758638615077,0.33607229590415955,335052000,NVDA
2013-05-30,0.3404942750930786,0.3439853270747384,0.33467582737923074,0.33560679122098896,284504000,NVDA
2013-05-31,0.33677056431770325,0.3435199221702261,0.33677056431770325,0.3386324647494268,577508000,NVDA
2013-06-03,0.33630499243736267,0.3397960442661281,0.32932286103541825,0.33723592849393463,444468000,NVDA
2013-06-04,0.33677056431770325,0.34445088625829895,0.33467591592785595,0.33839971679130304,363676000,NVDA
2013-06-05,0.3295555114746094,0.33886498026524176,0.32862454794890283,0.33630489299446115,464520000,NVDA
2013-06-06,0.3316502273082733,0.33421034306801556,0.32932285943374895,0.32955560731896677,341044000,NVDA
2013-06-07,0.33630499243736267,0.33839961243685646,0.33258119272224745,0.3339775968071054,274584000,NVDA
2013-06-10,0.33607229590415955,0.33816691622371936,0.33351217974077046,0.33537407988283363,224148000,NVDA
2013-06-11,0.32978835701942444,0.33630499265284464,0.32978835701942444,0.33165022913376135,296336000,NVDA
2013-06-12,0.3269954025745392,0.33421025211996586,0.3251335032327124,0.3314174169794286,312588000,NVDA
2013-06-13,0.3344431519508362,0.3360723042112544,0.32559914686574193,0.3258318670489911,236256000,NVDA
2013-06-14,0.3339775800704956,0.336072227709434,0.33165021230128333,0.33560675970447407,236012000,NVDA
2013-06-17,0.3372359573841095,0.34026154144378323,0.33467584139259726,0.33653774140965925,255336000,NVDA
2013-06-18,0.3351413607597351,0.3425889336070008,0.3323484966656447,0.338865133311159,486772000,NVDA
2013-06-19,0.3453817367553711,0.36027690876245816,0.3370032007673586,0.3381668847798929,1159588000,NVDA
2013-06-20,0.33607229590415955,0.3430544006285829,0.3337449276626851,0.3425889325291716,628696000,NVDA
2013-06-21,0.33560675382614136,0.3390978054188121,0.33002105463122106,0.3379341215545885,714228000,NVDA
2013-06-24,0.3286246657371521,0.33490858161868414,0.3237372095169127,0.3307193136124679,580772000,NVDA
2013-06-25,0.3309520184993744,0.33281389048733473,0.3274609391609192,0.3321157023640555,457360000,NVDA
2013-06-26,0.3290901482105255,0.335141315946027,0.3276937163502054,0.3346758201629774,579752000,NVDA
2013-06-27,0.32606449723243713,0.3304864843059638,0.32257344604457655,0.33002101636313075,808036000,NVDA
2013-06-28,0.32676273584365845,0.3300210394154946,0.32187525274149364,0.3260645200084334,431536000,NVDA
2013-07-01,0.3281592130661011,0.3297883929603172,0.32606459283699,0.3290901769691412,199524000,NVDA
2013-07-02,0.3279264569282532,0.33281391284154405,0.3249008731279796,0.32629727721274254,256392000,NVDA
2013-07-03,0.32885730266571045,0.3328138214358541,0.32513350397357166,0.32513350397357166,140388000,NVDA
2013-07-05,0.3314174711704254,0.33211568700582844,0.32769367187788295,0.32978831938409203,184684000,NVDA
2013-07-08,0.32978835701942444,0.33397759702109614,0.32792645716067387,0.33234844504884453,262084000,NVDA
2013-07-09,0.3314174711704254,0.333512090932224,0.3295555715241542,0.33048650747508457,157364000,NVDA
2013-07-10,0.33583953976631165,0.33677050368677725,0.33048658739299075,0.3314175513134563,208468000,NVDA
2013-07-11,0.3404942750930786,0.34095974314175026,0.33700319536700396,0.33770141131221887,239832000,NVDA
2013-07-12,0.3407270014286041,0.3439853333172666,0.3386323812993618,0.3397960653143665,216360000,NVDA
2013-07-15,0.3400287926197052,0.34142522456483654,0.3346758404892564,0.34142522456483654,201332000,NVDA
2013-07-16,0.3418906629085541,0.34375256275872124,0.3397960429173745,0.3414251948821157,162560000,NVDA
2013-07-17,0.3400287926197052,0.3430543766712124,0.33909785648589497,0.34189069263174166,166100000,NVDA
2013-07-18,0.3386323153972626,0.34072693511886565,0.334210300354175,0.3395632513303284,344488000,NVDA
2013-07-19,0.3314174711704254,0.33816682617569677,0.32792641973782083,0.3365376743893634,480532000,NVDA
2013-07-22,0.3311847746372223,0.3370031945932971,0.32978837049441323,0.33397761066725523,292384000,NVDA
2013-07-23,0.33071932196617126,0.33537405814744964,0.32909016985160705,0.33537405814744964,246792000,NVDA
2013-07-24,0.33071932196617126,0.33467584217137464,0.33025385389692663,0.3337449060328854,284252000,NVDA
2013-07-25,0.33188295364379883,0.33630496896491474,0.32815915418858665,0.33048652191199135,243320000,NVDA
2013-07-26,0.33048656582832336,0.3325812137043795,0.3279264776390309,0.3279264776390309,227360000,NVDA
2013-07-29,0.32978835701942444,0.33397759702109614,0.3288573932178423,0.32978835701942444,179540000,NVDA
2013-07-30,0.33537402749061584,0.3397960431052596,0.33071929173483094,0.33095203962038566,266076000,NVDA
2013-07-31,0.33607229590415955,0.3393306003444566,0.33351217974077046,0.3337449276626851,270160000,NVDA
2013-08-01,0.3407270014286041,0.34142521738649007,0.33327942928145693,0.3372359493835899,277648000,NVDA
2013-08-02,0.34351974725723267,0.3442179630316651,0.33770132871097625,0.3400286961294788,209628000,NVDA
2013-08-05,0.3451489508152008,0.34631263460594053,0.3407269357637439,0.34258883537780943,185188000,NVDA
2013-08-06,0.3400287926197052,0.3460799607227197,0.33933057664713956,0.345381744750154,206608000,NVDA
2013-08-07,0.3397960364818573,0.34328708823064735,0.3379341366669533,0.3381668568035581,244380000,NVDA
2013-08-08,0.342123419046402,0.3437525710504402,0.337701403327539,0.3416579510087359,345696000,NVDA
2013-08-09,0.3372359573841095,0.3423561616227179,0.32839195311137703,0.32862467327324973,906224000,NVDA
2013-08-12,0.3344431519508362,0.3393306087320908,0.3051182725412153,0.3235044987499883,257568000,NVDA
2013-08-13,0.33560675382614136,0.3370031578165626,0.3328138903564753,0.33490853795872483,197468000,NVDA
2013-08-14,0.34980374574661255,0.35189836583007267,0.33467582613778735,0.33490857403346724,828508000,NVDA
2013-08-15,0.3521311581134796,0.35492399449161444,0.3446835574458958,0.34607998950717234,723616000,NVDA
2013-08-16,0.3535275459289551,0.358415002042896,0.35073468215594333,0.35143289809919626,660456000,NVDA
2013-08-19,0.34794187545776367,0.35259661181260993,0.3477091275422545,0.3514329277238984,393432000,NVDA
2013-08-20,0.34969618916511536,0.3520352918711586,0.3473570864590721,0.34782490142342,234192000,NVDA
2013-08-21,0.3480587601661682,0.3520352284734625,0.3466552876415708,0.3475909174017699,261540000,NVDA
2013-08-22,0.3499300479888916,0.35320478003779926,0.3478248391994806,0.3478248391994806,129016000,NVDA
2013-08-23,0.3499300479888916,0.35320478003779926,0.3492283117257546,0.35039786286955,245120000,NVDA
2013-08-26,0.35063180327415466,0.35156746104493963,0.349228358444431,0.35016398833091344,300152000,NVDA
2013-08-27,0.3461875319480896,0.3496961859751482,0.34501798060573674,0.34735708329044246,277464000,NVDA
2013-08-28,0.3461875319480896,0.3494622645529562,0.34478405918354477,0.34688926833036204,318824000,NVDA
2013-08-29,0.34548574686050415,0.34876050688801064,0.3440822742938157,0.34501793196637454,276216000,NVDA
2013-08-30,0.3450179398059845,0.3466553059147927,0.3433805736971763,0.3457196761052738,378120000,NVDA
2013-09-03,0.34525173902511597,0.350163863894299,0.34314655858649046,0.3459534751327553,284680000,NVDA
2013-09-04,0.34852659702301025,0.3506317780583522,0.344784021977624,0.3452518368872221,222080000,NVDA
2013-09-05,0.3494621813297272,0.3508656537600398,0.34688918571988314,0.34712307920207064,174904000,NVDA
2013-09-06,0.3480587601661682,0.351567413593363,0.3454857364991725,0.349696126188666,226756000,NVDA
2013-09-09,0.3539066016674042,0.3539066016674042,0.34993013239618803,0.3508657623831899,246408000,NVDA
2013-09-10,0.3613917827606201,0.3616257042367706,0.35484228815581687,0.35647968272025016,292132000,NVDA
2013-09-11,0.367473304271698,0.36840896188962596,0.3583507888894644,0.36092381248339395,396164000,NVDA
2013-09-12,0.3672395348548889,0.3719177408721997,0.3656021404413843,0.3656021404413843,303808000,NVDA
2013-09-13,0.36957859992980957,0.3712159662909467,0.36583602434637785,0.3684090485455252,159696000,NVDA
2013-09-16,0.3698124587535858,0.37519240019302025,0.3684090139547998,0.37261940411976163,231412000,NVDA
2013-09-17,0.37098202109336853,0.3740228600745571,0.3695785762527219,0.371215942508961,168608000,NVDA
2013-09-18,0.37425678968429565,0.3751924195985452,0.3693446629237272,0.3712159506365296,268168000,NVDA
2013-09-19,0.3726194202899933,0.3765958892189031,0.3709820261272336,0.3758941528469065,227572000,NVDA
2013-09-20,0.3693448305130005,0.3758943265374744,0.3686430938167504,0.37355522280618486,356036000,NVDA
2013-09-23,0.36583593487739563,0.3721515052311318,0.3637307261699518,0.3691106667988002,271244000,NVDA
2013-09-24,0.3672395348548889,0.36864297992949774,0.363964773912187,0.36606998335056123,229732000,NVDA
2013-09-25,0.367707222700119,0.3705141397628099,0.3649002777531304,0.3665376716003063,233156000,NVDA
2013-09-26,0.36653777956962585,0.36934469745913745,0.36443257023926273,0.36864296101568306,148816000,NVDA
2013-09-27,0.3644326329231262,0.36677173621410525,0.3623274511149694,0.3637308963589703,151920000,NVDA
2013-09-30,0.36396485567092896,0.36653788071216076,0.3585849119656439,0.3606901218769191,226640000,NVDA
2013-10-01,0.3637308180332184,0.3660699487048001,0.3616256366783911,0.36443255444626244,226976000,NVDA
2013-10-02,0.36349692940711975,0.36490037436790684,0.3599882751786943,0.3599882751786943,162036000,NVDA
2013-10-03,0.3597542345523834,0.3670054620424367,0.35811686869845727,0.3637307024502886,436768000,NVDA
2013-10-04,0.3646664023399353,0.3677072409270395,0.35835080378045003,0.35928646143725856,246228000,NVDA
2013-10-07,0.3646664023399353,0.3672394260407848,0.3613916423675542,0.36326292979687214,169952000,NVDA
2013-10-08,0.361625611782074,0.3688768410771394,0.3588186942074464,0.3637307929919689,290712000,NVDA
2013-10-09,0.35601165890693665,0.36419854391707257,0.35414039958560983,0.3639646225597588,275860000,NVDA
2013-10-10,0.359988272190094,0.36092390215618453,0.35601177512344706,0.3585847993566533,223484000,NVDA
2013-10-11,0.3569474518299103,0.3588187397452487,0.3532048759992335,0.3543744274607817,213704000,NVDA
2013-10-14,0.36232736706733704,0.36232736706733704,0.3560117673392495,0.3560117673392495,166628000,NVDA
2013-10-15,0.36045607924461365,0.36443254833949,0.36022215781608385,0.36232736701993906,208820000,NVDA
2013-10-16,0.3649003207683563,0.36630379340729496,0.36209340337478,0.3625612182929926,210072000,NVDA
2013-10-17,0.3656020164489746,0.36653767406569676,0.36209336312593676,0.36209336312593676,213324000,NVDA
2013-10-18,0.3698124587535858,0.3709820100280584,0.36349688744829406,0.36490033224708,255068000,NVDA
2013-10-21,0.3707480728626251,0.3744906197698175,0.3695785217258215,0.3742567262730359,195008000,NVDA
2013-10-22,0.36887669563293457,0.37098187601277904,0.3656019365168199,0.37074798257295843,179452000,NVDA
2013-10-23,0.36256131529808044,0.3681751794715514,0.3613917637474792,0.3681751794715514,252216000,NVDA
2013-10-24,0.359988272190094,0.365836029188922,0.35928653577337366,0.3634969263893908,236436000,NVDA
2013-10-25,0.3564794659614563,0.36209329913245347,0.3553099150604741,0.36185940568283287,330492000,NVDA
2013-10-28,0.35577788949012756,0.35764917734824964,0.35086576234809536,0.3560117830447019,394024000,NVDA
2013-10-29,0.3562457263469696,0.3569474628223703,0.3520353353788727,0.35531009630264015,387952000,NVDA
2013-10-30,0.35601165890693665,0.35905249713053644,0.3529708206833369,0.35741513128222757,204032000,NVDA
2013-10-31,0.35530999302864075,0.3590525400024613,0.3546082567572059,0.35647954418626576,293368000,NVDA
2013-11-01,0.3569474518299103,0.35858481829921646,0.3543744274607817,0.3571813453916361,206136000,NVDA
2013-11-04,0.3466554284095764,0.35811705098993385,0.3459536918623203,0.35811705098993385,410264000,NVDA
2013-11-05,0.3461875319480896,0.34782489825052293,0.3408075901964057,0.3445501656456563,422368000,NVDA
2013-11-06,0.34852659702301025,0.3487605184199596,0.342678840942282,0.34618749459071896,198044000,NVDA
2013-11-07,0.34033966064453125,0.3482925959410693,0.3396379244985322,0.3473569663359333,553076000,NVDA
2013-11-08,0.36396485567092896,0.3651344074379773,0.3494623914520788,0.35086586472626224,734532000,NVDA
2013-11-11,0.3670055866241455,0.3679412166056226,0.3618595659574108,0.36256127450136594,297624000,NVDA
2013-11-12,0.367707222700119,0.3707480611364915,0.3634968331639338,0.36864285242625006,316032000,NVDA
2013-11-13,0.377765417098999,0.377765417098999,0.3660699045725878,0.3667716130167314,332792000,NVDA
2013-11-14,0.379402756690979,0.3817418590323597,0.37636191807032426,0.3765958394581821,307980000,NVDA
2013-11-15,0.37823325395584106,0.38127409296589765,0.3744906785766479,0.3808062780145743,450332000,NVDA
2013-11-18,0.36911067366600037,0.3733210632749235,0.3681750439237056,0.3700463312925934,316948000,NVDA
2013-11-19,0.36311376094818115,0.37063942182201187,0.36264341240018905,0.3673469539507481,206716000,NVDA
2013-11-20,0.3577047288417816,0.36428969347166396,0.3569991919108437,0.3633489682186392,204776000,NVDA
2013-11-21,0.3605267107486725,0.3612322474099773,0.35652870704836126,0.3581749405678645,213568000,NVDA
2013-11-22,0.35699906945228577,0.3609970733090999,0.35629353276336256,0.3609970733090999,158668000,NVDA
2013-11-25,0.36475998163223267,0.36523033016313716,0.3569991327486948,0.3569991327486948,248208000,NVDA
2013-11-26,0.367817223072052,0.37181522691963187,0.3664061496974647,0.3687579199649015,753176000,NVDA
2013-11-27,0.36922842264175415,0.3704043081773674,0.36523038939241104,0.3675821604636375,181272000,NVDA
2013-11-29,0.3668765723705292,0.3701690682322677,0.36452480162728107,0.36922837114909596,116964000,NVDA
2013-12-02,0.37040427327156067,0.3729912043849315,0.3647600064113226,0.36546554327326736,373872000,NVDA
2013-12-03,0.3701690137386322,0.3753429030050513,0.3678172433415949,0.37040420199246177,290560000,NVDA
2013-12-04,0.37534299492836,0.37604853182732345,0.36828768200936796,0.36922840721975975,493176000,NVDA
2013-12-05,0.36922842264175415,0.37604854753418193,0.36875804599925077,0.37604854753418193,271812000,NVDA
2013-12-06,0.3638192415237427,0.37369667164532355,0.3628785165379211,0.37369667164532355,281000000,NVDA
2013-12-09,0.3577047288417816,0.3649952304026018,0.3569991919108437,0.3638193448628129,385220000,NVDA
2013-12-10,0.3659360110759735,0.36758224560005504,0.3572344617041177,0.35770481042023683,524268000,NVDA
2013-12-11,0.36240819096565247,0.36711173208606424,0.3617026541905274,0.36664138358108633,414156000,NVDA
2013-12-12,0.35535287857055664,0.3631137270106953,0.35464734179685015,0.3612323049592501,258724000,NVDA
2013-12-13,0.35323619842529297,0.35864527524074286,0.35276585001423444,0.3560583449622657,184588000,NVDA
2013-12-16,0.35370659828186035,0.3567639054513826,0.35323624980239116,0.35347143805978326,237620000,NVDA
2013-12-17,0.35535287857055664,0.356293575578621,0.3504141491899275,0.35347145651911144,274104000,NVDA
2013-12-18,0.36029160022735596,0.3609971370408372,0.3515900542886021,0.3560584354171046,426232000,NVDA
2013-12-19,0.361702561378479,0.36217290976276656,0.35746936984927236,0.35982113980601943,258544000,NVDA
2013-12-20,0.36899322271347046,0.36922841102732407,0.3614675330940153,0.36240825831410806,382080000,NVDA
2013-12-23,0.3711097240447998,0.3741670312780868,0.3680524448468283,0.3711097240447998,168568000,NVDA
2013-12-24,0.37205052375793457,0.37322640923488093,0.3682876790175778,0.37322640923488093,79600000,NVDA
2013-12-26,0.36852285265922546,0.3746374681101023,0.3675821274939182,0.37346158267995827,168920000,NVDA
2013-12-27,0.37063947319984436,0.37134501013729315,0.36828770209856365,0.3704043129109101,210976000,NVDA
2013-12-30,0.3755781352519989,0.3758133235333771,0.3704042453795393,0.37087459390697786,248180000,NVDA
2013-12-31,0.37675389647483826,0.3786353180001166,0.37393177820457496,0.3762835481023458,235776000,NVDA
2014-01-02,0.372991144657135,0.37581329165299815,0.36969867720904864,0.3744022181550666,260092000,NVDA
2014-01-03,0.36852285265922546,0.37440227980994545,0.3673469672290815,0.37369674294479505,259332000,NVDA
2014-01-06,0.3734614849090576,0.3762836035955185,0.3687579163845392,0.37228557175144344,409492000,NVDA
2014-01-07,0.37957608699798584,0.38098716041937175,0.374637386093763,0.37722431665255196,333288000,NVDA
2014-01-08,0.38474997878074646,0.3866314005399241,0.3795760619341799,0.3809871352623912,308192000,NVDA
2014-01-09,0.37040427327156067,0.37957616837088265,0.3692283878467594,0.37887063150893785,292172000,NVDA
2014-01-10,0.3699339032173157,0.3741670964285472,0.36664143518375814,0.3715801652694149,218492000,NVDA
2014-01-13,0.3612322211265564,0.3722855345650475,0.36052668451658676,0.3699337645553553,243332000,NVDA
2014-01-14,0.37252071499824524,0.37322625159347633,0.36146737375534665,0.363113635155989,241828000,NVDA
2014-01-15,0.37651893496513367,0.3779300089674978,0.37252092933886916,0.37416716365141034,175044000,NVDA
2014-01-16,0.377694696187973,0.3784002329567114,0.37487257714833605,0.3765188109185146,220652000,NVDA
2014-01-17,0.3760485053062439,0.3821631206189281,0.37369673449910684,0.37769473926417596,340400000,NVDA
2014-01-21,0.37745949625968933,0.379811266551282,0.37346149237104453,0.37651877132186434,246076000,NVDA
2014-01-22,0.3769892156124115,0.3786354495055496,0.3725208344335299,0.37816510096969846,337940000,NVDA
2014-01-23,0.3755781352519989,0.3798113280695814,0.37275601605204983,0.3758133235333771,185028000,NVDA
2014-01-24,0.3659360110759735,0.37393205139131513,0.3659360110759735,0.37252097720762867,246696000,NVDA
2014-01-27,0.36358410120010376,0.37110976190221795,0.36146749072945644,0.36593587192172183,233812000,NVDA
2014-01-28,0.36711180210113525,0.3673469904161373,0.36146753485898414,0.36287860867835237,167996000,NVDA
2014-01-29,0.36358410120010376,0.36781729410608,0.3633489129138146,0.3657006836354327,162944000,NVDA
2014-01-30,0.3696986734867096,0.3704042102285716,0.36452475606993145,0.36570064129459645,202896000,NVDA
2014-01-31,0.36922842264175415,0.37134500539172893,0.36428969217804946,0.36452485246397853,335348000,NVDA
2014-02-03,0.36428964138031006,0.37228565069336145,0.3628785677202099,0.3718153021517676,431728000,NVDA
2014-02-04,0.36640629172325134,0.36711182868402403,0.3621730979939392,0.36405452054422505,280692000,NVDA
2014-02-05,0.36311376094818115,0.3649951831754686,0.36029161358959044,0.36381929778782884,214676000,NVDA
2014-02-06,0.367817223072052,0.3687579199649015,0.36311368253717846,0.36358403098360326,168380000,NVDA
2014-02-07,0.37322646379470825,0.3736968124471801,0.36546561290528407,0.36875808150791234,157248000,NVDA
2014-02-10,0.3744021952152252,0.3793409241200715,0.37252077334503075,0.37275596159204777,324372000,NVDA
2014-02-11,0.38216307759284973,0.3831037745956678,0.3746374174643563,0.37651881146999244,235384000,NVDA
2014-02-12,0.39580342173576355,0.39862556930961424,0.38333903006899356,0.38333903006899356,744528000,NVDA
2014-02-13,0.4082677960395813,0.41061959492954586,0.3986255523567307,0.4056808649206643,902836000,NVDA
2014-02-14,0.42120251059532166,0.4221432076042811,0.4042697401515201,0.4045049284214182,817536000,NVDA
2014-02-18,0.42096734046936035,0.4228487626036861,0.41743968448074376,0.42143771702943006,428988000,NVDA
2014-02-19,0.42661169171333313,0.430374536730308,0.4190860016793835,0.42096742418787086,450340000,NVDA
2014-02-20,0.4416629672050476,0.4426036642786054,0.4268468060669418,0.427552314854451,398088000,NVDA
2014-02-21,0.4383704662322998,0.44660169168826325,0.4355483470094279,0.4409574252072013,451052000,NVDA
2014-02-24,0.4447203576564789,0.4480128260630659,0.4334318504926718,0.43742985585362,403112000,NVDA
2014-02-25,0.44271230697631836,0.44601966994677006,0.4379875268715967,0.44412975227249923,242184000,NVDA
2014-02-26,0.4420034885406494,0.4483819342609563,0.44058604364195764,0.4417672383368998,360884000,NVDA
2014-02-27,0.4370424747467041,0.446492032634664,0.4358612800107091,0.44200350390264465,388848000,NVDA
2014-02-28,0.43420764803886414,0.4389324273639772,0.4278291734204365,0.43468012033899417,321692000,NVDA
2014-03-03,0.4320814311504364,0.4320814311504364,0.42074195643147333,0.4245217907250953,375948000,NVDA
2014-03-04,0.4365698993206024,0.43940476038471493,0.43349878810035664,0.4342075104068591,260344000,NVDA
2014-03-05,0.440349817276001,0.4405860674925397,0.4342076214269435,0.43609751051163537,241472000,NVDA
2014-03-06,0.43420764803886414,0.4434209564580721,0.4334989255077159,0.4410585667955156,290144000,NVDA
2014-03-07,0.43373510241508484,0.43680621428901656,0.4304277684966373,0.4360974918316626,268452000,NVDA
2014-03-10,0.4273567497730255,0.434207697471534,0.4254668321954401,0.43231777989394854,300888000,NVDA
2014-03-11,0.4316089451313019,0.435388779304307,0.4280653611548228,0.4294827778482732,297220000,NVDA
2014-03-12,0.4327901601791382,0.4353887998157405,0.42782913111358956,0.4294827980814713,239428000,NVDA
2014-03-13,0.41908830404281616,0.4353888083180038,0.4169621366181027,0.43373511315592533,385172000,NVDA
2014-03-14,0.4209780991077423,0.4247579326887623,0.414835904740957,0.414835904740957,460048000,NVDA
2014-03-17,0.4209780991077423,0.42523040484591534,0.42050562695058924,0.42215929358157384,299656000,NVDA
2014-03-18,0.4309002161026001,0.43373507760797525,0.4207419365599292,0.4226318536174799,293904000,NVDA
2014-03-19,0.4384600520133972,0.4467284463535788,0.4330265486067244,0.4342077719369625,366168000,NVDA
2014-03-20,0.43869611620903015,0.44247595040895854,0.43420758773827967,0.43609747667634163,191800000,NVDA
2014-03-21,0.43798744678497314,0.446019588391458,0.43562505716457856,0.44247600396086617,566116000,NVDA
2014-03-24,0.4358613193035126,0.4417672935159098,0.4294828446245984,0.43822370898847146,306096000,NVDA
2014-03-25,0.4358613193035126,0.44105857097804085,0.43255395684742626,0.4405860986734304,304424000,NVDA
2014-03-26,0.4259391725063324,0.448145647875514,0.4221593385229268,0.43987728567847734,557756000,NVDA
2014-03-27,0.4202694892883301,0.428537852264361,0.4155446822829805,0.4249942681317763,540728000,NVDA
2014-03-28,0.42286810278892517,0.4254667424300805,0.41837957413082444,0.4195607688473671,398820000,NVDA
2014-03-31,0.4231043756008148,0.4273566824399233,0.4207419860415218,0.4235768478802925,273404000,NVDA
2014-04-01,0.4405860900878906,0.445783341661142,0.431372753598944,0.4365700333341012,656272000,NVDA
2014-04-02,0.43775108456611633,0.44153088985143085,0.4358611678425107,0.4405859455705764,239948000,NVDA
2014-04-03,0.4424760043621063,0.4531067576635218,0.4384599194742692,0.43869616970128517,599548000,NVDA
2014-04-04,0.4287740886211395,0.4474369813470499,0.426884171512428,0.4448383418023338,368032000,NVDA
2014-04-07,0.4301914870738983,0.4384598494319369,0.4266479032061675,0.4290102924513214,428576000,NVDA
2014-04-08,0.4455471336841583,0.4467283285409738,0.4294828498371798,0.43019157238365047,470692000,NVDA
2014-04-09,0.44507455825805664,0.4514530319402034,0.44153097428437604,0.4476731977701833,421968000,NVDA
2014-04-10,0.43420764803886414,0.44932693061446344,0.43279020297656773,0.44318473438896017,372748000,NVDA
2014-04-11,0.4280655086040497,0.4375150691296072,0.4223957553915681,0.43090037112933455,353112000,NVDA
2014-04-14,0.4327901601791382,0.43444382714701996,0.42806538132124555,0.43090024300360047,290184000,NVDA
2014-04-15,0.4358613193035126,0.43822370898847146,0.42901037231998795,0.4332626793852952,304636000,NVDA
2014-04-16,0.4368063807487488,0.4384600483381581,0.4313728773876205,0.43798757590717174,235136000,NVDA
2014-04-17,0.4384600520133972,0.44247613811522984,0.4342077719369625,0.43515271680685597,153532000,NVDA
2014-04-21,0.4420034885406494,0.4431846832355915,0.4358612648621891,0.43869612649766965,117004000,NVDA
2014-04-22,0.4457833468914032,0.4486182370208976,0.44034984502574726,0.4427122346923884,255120000,NVDA
2014-04-23,0.450980544090271,0.45216173870725535,0.44578326524601913,0.44649198764858994,261580000,NVDA
2014-04-24,0.4549965560436249,0.4597213340534939,0.4540516117064104,0.4540516117064104,391492000,NVDA
2014-04-25,0.4424760043621063,0.4583040373626273,0.44153103161594814,0.45405173040967994,313600000,NVDA
2014-04-28,0.4405860900878906,0.44838198152872055,0.4351525882859845,0.44601959188979673,226788000,NVDA
2014-04-29,0.44153106212615967,0.4431847575057319,0.436570060473166,0.4422397846942752,171300000,NVDA
2014-04-30,0.4363337457180023,0.4412947747994169,0.43538880120816315,0.44082230254449734,305740000,NVDA
2014-05-01,0.43869611620903015,0.443893367112505,0.43515253220731065,0.44294842264347406,198104000,NVDA
2014-05-02,0.43538880348205566,0.44082230484676727,0.4327901638235708,0.44082230484676727,156376000,NVDA
2014-05-05,0.4401136338710785,0.4434209682216358,0.43444388163338565,0.43491635394605,239260000,NVDA
2014-05-06,0.4311363995075226,0.44814559406675547,0.42995520504977175,0.4443657886990911,416188000,NVDA
2014-05-07,0.4316089451313019,0.43515252910778096,0.4268841664959964,0.4311364729001517,293900000,NVDA
2014-05-08,0.4370424747467041,0.44389339295071345,0.42782913890880087,0.4299553063307342,432728000,NVDA
2014-05-09,0.4264117479324341,0.42782919305979783,0.41837963397579275,0.42381313608147714,539532000,NVDA
2014-05-12,0.4389323890209198,0.43987733353863406,0.4271204135780693,0.4273566637884497,299856000,NVDA
2014-05-13,0.43184518814086914,0.44011357931615575,0.4304277713785741,0.43302638285706674,221104000,NVDA
2014-05-14,0.42759284377098083,0.4337350670175719,0.42735662174574335,0.4320814001933054,214320000,NVDA
2014-05-15,0.4252305030822754,0.4290103375365092,0.4209781963617384,0.42664794804308914,325896000,NVDA
2014-05-16,0.42428550124168396,0.42735661280069775,0.42192311206735034,0.42192311206735034,283960000,NVDA
2014-05-19,0.43798744678497314,0.4403498364053677,0.4268842212014999,0.42877413853019664,360076000,NVDA
2014-05-20,0.4328848719596863,0.4392926954627449,0.43074894022253696,0.43810606043285955,256200000,NVDA
2014-05-21,0.4328848719596863,0.43834339875548095,0.4302742635772942,0.43454615534320357,216712000,NVDA
2014-05-22,0.4347836375236511,0.43715690836867116,0.43193571816795107,0.43193571816795107,130364000,NVDA
2014-05-23,0.43881797790527344,0.4409539375971817,0.43454608681306317,0.43715669478374897,182656000,NVDA
2014-05-27,0.44664981961250305,0.44664981961250305,0.44000465814912953,0.4414286314239986,209680000,NVDA
2014-05-28,0.4504469633102417,0.45329488093924175,0.44403914157209096,0.44831103216139245,224676000,NVDA
2014-05-29,0.4497351050376892,0.4540069968447942,0.44878580832127074,0.4502097533958984,171884000,NVDA
2014-05-30,0.4509216845035553,0.4521083193986328,0.44736177981832287,0.4497350496084778,239128000,NVDA
2014-06-02,0.4494978189468384,0.45519365613195917,0.44570057529568285,0.4523457375393988,181500000,NVDA
2014-06-03,0.44759929180145264,0.4509218594803235,0.441666086732123,0.45044721099643026,243212000,NVDA
2014-06-04,0.44807377457618713,0.4513963410262878,0.44617515305115474,0.4464124913511368,161236000,NVDA
2014-06-05,0.4499724209308624,0.4513963659345045,0.4461751776712644,0.4487857859486893,188696000,NVDA
2014-06-06,0.4516338109970093,0.4556683652316947,0.45044717573435966,0.45210845944374584,161052000,NVDA
2014-06-09,0.4521082937717438,0.45638018481020026,0.4480737410154927,0.45115899722613384,247456000,NVDA
2014-06-10,0.45448169112205505,0.4566176513872221,0.44854851531594736,0.4504471372322246,217608000,NVDA
2014-06-11,0.46041491627693176,0.4616015514924242,0.4528204282644876,0.4528204282644876,266228000,NVDA
2014-06-12,0.4632628262042999,0.4653987582343606,0.45638032511216575,0.4604149074003475,337148000,NVDA
2014-06-13,0.46373745799064636,0.46824668853582335,0.4592282274454694,0.4680093501891669,227852000,NVDA
2014-06-16,0.4623134434223175,0.46539870019669094,0.45827888992888044,0.4616014850288253,198620000,NVDA
2014-06-17,0.46539875864982605,0.46729738061802745,0.46041490781136385,0.46278817819871193,157608000,NVDA
2014-06-18,0.4649240970611572,0.4670600573242357,0.4599402180722546,0.4642121103067977,215536000,NVDA
2014-06-19,0.45424431562423706,0.4587535172706168,0.45092172067651687,0.45638024729007803,474592000,NVDA
2014-06-20,0.4492604434490204,0.4570922401494692,0.44570053842987184,0.45543095679885526,353148000,NVDA
2014-06-23,0.44403916597366333,0.44427647595235265,0.438105963840758,0.4433271794543863,414200000,NVDA
2014-06-24,0.4371567666530609,0.44688718527992566,0.4352581449342079,0.4433272801664304,275780000,NVDA
2014-06-25,0.441665917634964,0.441903255931852,0.43430879822233576,0.438343351228178,215420000,NVDA
2014-06-26,0.4357328414916992,0.4419033556876498,0.43430889626375113,0.44166601733718475,256908000,NVDA
2014-06-27,0.43620750308036804,0.43881808338697054,0.4326475694047953,0.435258178003011,302820000,NVDA
2014-06-30,0.44000470638275146,0.44119134147801903,0.43454617928619826,0.43454617928619826,180512000,NVDA
2014-07-01,0.4449886381626129,0.44759924700015097,0.43810613681438326,0.43953011041515233,321180000,NVDA
2014-07-02,0.4433272182941437,0.44522583974801844,0.44071661025861497,0.4433272182941437,179284000,NVDA
2014-07-03,0.4473618268966675,0.44854846191662107,0.43929269178601665,0.43929269178601665,136892000,NVDA
2014-07-07,0.4438018202781677,0.4483110492970756,0.4430898337708029,0.44807371103075266,127496000,NVDA
2014-07-08,0.44024205207824707,0.44451394415094864,0.43597016000554556,0.4426153223084576,221940000,NVDA
2014-07-09,0.4535323977470398,0.45543101967770666,0.4407167209337491,0.4440393163853196,387668000,NVDA
2014-07-10,0.4511590600013733,0.4530576816483774,0.44142864174273366,0.44498854672151256,266308000,NVDA
2014-07-11,0.4521082937717438,0.45353226688176457,0.44997236239831845,0.4516336454989388,191188000,NVDA
2014-07-14,0.4578043222427368,0.45899095749647845,0.452345794417202,0.4540070781141171,272636000,NVDA
2014-07-15,0.45970284938812256,0.4608894843968491,0.45543095769838476,0.45851621437939594,395440000,NVDA
2014-07-16,0.4592282474040985,0.46516145170385126,0.4566176669354867,0.46160154609896853,319728000,NVDA
2014-07-17,0.45804154872894287,0.46278811716930796,0.454006995260824,0.454006995260824,324832000,NVDA
2014-07-18,0.43763136863708496,0.4521083258812532,0.43691938203150804,0.44854842114497656,567816000,NVDA
2014-07-21,0.44024205207824707,0.44332730903584333,0.43597016000554556,0.43597016000554556,243364000,NVDA
2014-07-22,0.438343346118927,0.44593780373992353,0.4373940495256552,0.4435645339651367,298816000,NVDA
2014-07-23,0.4290876090526581,0.4388180271722797,0.4286129607205908,0.43858071715205077,297352000,NVDA
2014-07-24,0.4297996163368225,0.4326475347576011,0.4267143595928078,0.43146089972464247,254576000,NVDA
2014-07-25,0.4222051799297333,0.4293249905009338,0.42149319321429074,0.4283756654498064,266132000,NVDA
2014-07-28,0.4205438792705536,0.42410378465017795,0.4134240685113048,0.42410378465017795,330352000,NVDA
2014-07-29,0.42196789383888245,0.42766375997602885,0.4205439202316919,0.4207812585967623,217972000,NVDA
2014-07-30,0.4290876090526581,0.43027424402863096,0.4233917724846319,0.42457840746060477,246184000,NVDA
2014-07-31,0.4153226613998413,0.4271890118374781,0.4146106747152609,0.4238664450315842,401880000,NVDA
2014-08-01,0.41983187198638916,0.42220514196337555,0.4138986687523135,0.41532264205514924,219884000,NVDA
2014-08-04,0.4188826084136963,0.4229171623075711,0.41674667643800195,0.4193572568203379,241724000,NVDA
2014-08-05,0.41912004351615906,0.42529055910179786,0.4141361633668646,0.4176960696758976,298136000,NVDA
2014-08-06,0.4186451733112335,0.4238663608080051,0.41318664753622464,0.4162718754036769,223456000,NVDA
2014-08-07,0.4143733084201813,0.42600231895349877,0.41152536206853785,0.4222051043039862,407696000,NVDA
2014-08-08,0.4509216845035553,0.45329495429371025,0.4324101744820251,0.4324101744820251,894348000,NVDA
2014-08-11,0.4485485553741455,0.45329509644292754,0.44736192010695003,0.4513964743570914,344624000,NVDA
2014-08-12,0.4485485553741455,0.4509218259085365,0.4435646759352778,0.44831124529567623,296152000,NVDA
2014-08-13,0.4511590600013733,0.45495630329538145,0.4464125200296681,0.44926043835436924,256596000,NVDA
2014-08-14,0.446175217628479,0.4528203797820782,0.4442765958286489,0.4528203797820782,255992000,NVDA
2014-08-15,0.45187103748321533,0.4544816174396968,0.44332725439092663,0.447599145937071,369796000,NVDA
2014-08-18,0.45804154872894287,0.458516225377107,0.4492604551120698,0.4537696569367419,284076000,NVDA
2014-08-19,0.46173641085624695,0.46412017937391037,0.4564920973839776,0.4581607580797518,248260000,NVDA
2014-08-20,0.4588758945465088,0.4622131877296221,0.4576840102132749,0.4600677788797427,221468000,NVDA
2014-08-21,0.4545850455760956,0.4600677184724445,0.45386993780346074,0.45768395011896756,272796000,NVDA
2014-08-22,0.4548236131668091,0.4586376554033867,0.45124795922630684,0.4541084766953543,251224000,NVDA
2014-08-25,0.45553866028785706,0.45982944985820867,0.4545851357073534,0.4567305447009122,153380000,NVDA
2014-08-26,0.46364346146583557,0.46459695756812247,0.4550618828781973,0.4567305152655814,269636000,NVDA
2014-08-27,0.4583991765975952,0.4643585986550933,0.4576840402673423,0.46078294542059445,182972000,NVDA
2014-08-28,0.4622131586074829,0.4631666546472886,0.4560153490984594,0.45744562157493013,179704000,NVDA
2014-08-29,0.46364346146583557,0.46459695756812247,0.4588758957041089,0.46388182128302524,207932000,NVDA
2014-09-02,0.4648352861404419,0.4648352861404419,0.4605444973973457,0.4648352861404419,192636000,NVDA
2014-09-03,0.46912604570388794,0.470794677773314,0.464120121078851,0.46721902544593297,259456000,NVDA
2014-09-04,0.4774693250656128,0.4803298702037012,0.46817261020035345,0.4684109984341155,491832000,NVDA
2014-09-05,0.4760390818119049,0.47913798695782744,0.4729401766659823,0.476992577972143,253792000,NVDA
2014-09-08,0.4717482626438141,0.4765157999792592,0.46984124202628325,0.47556230387887577,319288000,NVDA
2014-09-09,0.4657888114452362,0.4727017571934351,0.46531206342526854,0.4696028524385019,198588000,NVDA
2014-09-10,0.46745750308036804,0.4691261639872816,0.4631667135222983,0.4684110276581423,172376000,NVDA
2014-09-11,0.46268999576568604,0.4657889011172091,0.4576840695503974,0.4641202685177021,250720000,NVDA
2014-09-12,0.4557769000530243,0.4655503610321152,0.45530015209674735,0.4655503610321152,262536000,NVDA
2014-09-15,0.44957926869392395,0.45792246015079,0.4476722478204295,0.45720732377113366,294152000,NVDA
2014-09-16,0.4562538266181946,0.45863759560104,0.4469571105350367,0.44838738329145106,219936000,NVDA
2014-09-17,0.45649203658103943,0.46078282502466994,0.4529163842808071,0.45506179271100156,173584000,NVDA
2014-09-18,0.463405042886734,0.46388179090665854,0.45792236961569605,0.459352642092232,219604000,NVDA
2014-09-19,0.4548236131668091,0.46531221510901183,0.4541084766953543,0.4648354669336325,601316000,NVDA
2014-09-22,0.45029425621032715,0.4641201174514957,0.44981747983699566,0.4641201174514957,221464000,NVDA
2014-09-23,0.4483872950077057,0.4533931918360008,0.4462418862954973,0.4479105185715957,196144000,NVDA
2014-09-24,0.4510093927383423,0.45243966511615724,0.4476721284124544,0.44814887639947265,159592000,NVDA
2014-09-25,0.4412359893321991,0.4517245885139458,0.4402824932323876,0.45053270418079944,298440000,NVDA
2014-09-26,0.442189484834671,0.4455267493818019,0.4407592123620365,0.4426662328532951,241188000,NVDA
2014-09-29,0.44147440791130066,0.4445733130738445,0.4343231014208606,0.4386138909984778,208540000,NVDA
2014-09-30,0.4398057758808136,0.4429046810466499,0.4345614617155064,0.4395673876308393,277204000,NVDA
2014-10-01,0.435514897108078,0.44361969811267166,0.4343230129358283,0.44052082199823067,350976000,NVDA
2014-10-02,0.4336080253124237,0.43694529077143657,0.42359617210184536,0.4347999098930383,288996000,NVDA
2014-10-03,0.4345613420009613,0.4421894228975362,0.4345613420009613,0.43623000245756094,239140000,NVDA
2014-10-06,0.4319393038749695,0.439805746174838,0.4290787587355525,0.43623009316733086,199032000,NVDA
2014-10-07,0.42741018533706665,0.4343231324890515,0.42693343722028754,0.4300323426045037,301896000,NVDA
2014-10-08,0.4352766275405884,0.4374220366854203,0.4235961424189956,0.42693343606092266,260172000,NVDA
2014-10-09,0.4269333481788635,0.43384629388908114,0.4233576954236081,0.43336951745497077,306956000,NVDA
2014-10-10,0.4016653001308441,0.4250262619519465,0.4014269403674192,0.4235959897043663,691376000,NVDA
2014-10-13,0.40023520588874817,0.4123924392866977,0.39975845776695507,0.40428760754914195,397628000,NVDA
2014-10-14,0.4095318913459778,0.4207355992411526,0.4033340809783834,0.40571784982487874,376620000,NVDA
2014-10-15,0.4157297611236572,0.4178751705888008,0.4009503968364586,0.40357252607149346,404428000,NVDA
2014-10-16,0.4159678816795349,0.420735417310996,0.4073863061762034,0.40833983035254795,351116000,NVDA
2014-10-17,0.4152529537677765,0.425741554463716,0.41358432114383126,0.4209740164428621,290716000,NVDA
2014-10-20,0.41882848739624023,0.42264252808788405,0.4123923185937563,0.4152528349041092,200336000,NVDA
2014-10-21,0.43670693039894104,0.43718367854728,0.4207356543038111,0.4219275388830435,351092000,NVDA
2014-10-22,0.4264565110206604,0.43742185521143045,0.4264565110206604,0.43599158304158875,239512000,NVDA
2014-10-23,0.4359915852546692,0.43909048936055206,0.43074730129989,0.43384620540577284,214476000,NVDA
2014-10-24,0.4405207335948944,0.4431428611975812,0.4359915575992009,0.4386137136186421,210156000,NVDA
2014-10-27,0.44075921177864075,0.4424278440499976,0.43551492674719267,0.44028246376064767,145092000,NVDA
2014-10-28,0.45124778151512146,0.4517245295027471,0.43909055153848675,0.4395672995261124,192580000,NVDA
2014-10-29,0.4483872950077057,0.4519629477779574,0.44433486580134396,0.4493407910464013,168340000,NVDA
2014-10-30,0.4455268383026123,0.44910249178108586,0.4398058041037618,0.4471954993259809,170260000,NVDA
2014-10-31,0.4657888114452362,0.4660271996636011,0.4533931924255036,0.4557769609421041,256316000,NVDA
2014-11-03,0.4736553132534027,0.47818449105892347,0.47127154443473884,0.47651583015244614,308732000,NVDA
2014-11-04,0.4798528850078583,0.48152151666807247,0.4688875425263051,0.47675398140074526,360196000,NVDA
2014-11-05,0.4798528850078583,0.4829517886149713,0.4762772335573629,0.48271342890165597,335652000,NVDA
2014-11-06,0.4819985628128052,0.4827136991866796,0.4734169547430793,0.48080664991183597,394088000,NVDA
2014-11-07,0.4717482626438141,0.49320220907008117,0.4669807253083689,0.48748117563425264,450800000,NVDA
2014-11-10,0.4772309362888336,0.4803298410558694,0.47007960229434065,0.4712714865572957,293388000,NVDA
2014-11-11,0.47150978446006775,0.47699242828606464,0.4674573560088431,0.4743703004598828,212992000,NVDA
2014-11-12,0.46841105818748474,0.4710331870095418,0.461974859222509,0.46984130252221556,204584000,NVDA
2014-11-13,0.4660271406173706,0.47079467704651873,0.4622131001073486,0.4700795408987948,225328000,NVDA
2014-11-14,0.4717482626438141,0.4717482626438141,0.46197479973944594,0.46650397725817727,160248000,NVDA
2014-11-17,0.46960288286209106,0.4746088084379699,0.4665039779063929,0.46960288286209106,158732000,NVDA
2014-11-18,0.4808066189289093,0.4819985317530723,0.4686493866067521,0.46984127101414924,207772000,NVDA
2014-11-19,0.4790111184120178,0.48260193164875237,0.47398403695462965,0.4811656063540586,240300000,NVDA
2014-11-20,0.4869108498096466,0.48738964393191964,0.474223404846833,0.47565973013961194,220968000,NVDA
2014-11-21,0.4895440340042114,0.49193788998893007,0.48547448453759257,0.4912197274861116,198976000,NVDA
2014-11-24,0.49265629053115845,0.4948107220065535,0.4888261076901526,0.4907411705736274,136004000,NVDA
2014-11-25,0.4924167990684509,0.4960076128377319,0.4907411050008027,0.49169863631459476,190240000,NVDA
2014-11-26,0.500795304775238,0.5012740989484065,0.4893047582856115,0.4895441839092187,219264000,NVDA
2014-11-28,0.501992404460907,0.504865056495546,0.49792285212788084,0.5024711988247031,124832000,NVDA
2014-12-01,0.49265629053115845,0.5027104562804854,0.4919381276813413,0.49983786195527324,190060000,NVDA
2014-12-02,0.49337440729141235,0.4955288385655469,0.4876291050295845,0.4921774502955146,245952000,NVDA
2014-12-03,0.5060619711875916,0.5063013398122672,0.49433205246752204,0.4957683783637043,284424000,NVDA
2014-12-04,0.5015135407447815,0.5072587862916735,0.49816215226526567,0.5053437234673943,185332000,NVDA
2014-12-05,0.5043861865997314,0.5070194122231475,0.5015135353203293,0.5017529039022615,165680000,NVDA
2014-12-08,0.49792253971099854,0.5086949210077953,0.4938529899313737,0.5036678401754412,226944000,NVDA
2014-12-09,0.49624696373939514,0.49744392064457965,0.48738969952240724,0.4948106382827924,239448000,NVDA
2014-12-10,0.485235333442688,0.4967258829129584,0.4847565962193815,0.4948107627975495,204364000,NVDA
2014-12-11,0.4849957525730133,0.4914591588514339,0.4840382214714021,0.48810777145877665,135652000,NVDA
2014-12-12,0.4699145555496216,0.48284137094861257,0.46943576135652804,0.4785324229699408,323964000,NVDA
2014-12-15,0.4684782028198242,0.4840382997655164,0.4670418773980611,0.47542037577196006,254696000,NVDA
2014-12-16,0.46321168541908264,0.475420365632626,0.46297231687857554,0.46799942721051035,185308000,NVDA
2014-12-17,0.4821230471134186,0.4828412096260886,0.4572269274086164,0.47254762304319037,345596000,NVDA
2014-12-18,0.4840383529663086,0.49385314930369517,0.4794900076554971,0.4881079040592262,226156000,NVDA
2014-12-19,0.4888259768486023,0.4907410392194821,0.48284130706003114,0.48738965153342195,325528000,NVDA
2014-12-22,0.4974439740180969,0.4974439740180969,0.4866715890117943,0.4883472831996098,148976000,NVDA
2014-12-23,0.49433189630508423,0.5036679546068874,0.49385310213292277,0.5012740978941722,109280000,NVDA
2014-12-24,0.4924167990684509,0.4962469813976678,0.49193806194857925,0.4955288186438116,45644000,NVDA
2014-12-26,0.4928956925868988,0.49552891849896646,0.4912199981815776,0.49241689829649554,52636000,NVDA
2014-12-29,0.4921773374080658,0.49552872490941263,0.48906531842137585,0.4914591747900575,82944000,NVDA
2014-12-30,0.48762908577919006,0.491219899551076,0.48691092302481287,0.4888260427278349,112120000,NVDA
2014-12-31,0.47996869683265686,0.49098044776784017,0.4785323430303458,0.48834716575679266,166300000,NVDA
2015-01-02,0.4818837642669678,0.4854745774684231,0.47422340081988945,0.4818837642669678,113680000,NVDA
2015-01-05,0.4737446904182434,0.483320145842395,0.47159023078344875,0.4818838203945165,197952000,NVDA
2015-01-06,0.4593815207481384,0.47494158844594425,0.45890275514176404,0.47446282283956986,197764000,NVDA
2015-01-07,0.45818448066711426,0.46680237362718063,0.4567481556614318,0.4627327956234183,321808000,NVDA
2015-01-08,0.47542035579681396,0.4782930065196437,0.4632116758358519,0.46345107290842813,283780000,NVDA
2015-01-09,0.47733548283576965,0.4809262965106433,0.47063267820437815,0.4770961142821271,209540000,NVDA
2015-01-12,0.47135084867477417,0.4787718161629272,0.46704190073123447,0.4785324190683323,190732000,NVDA
2015-01-13,0.47063252329826355,0.48451689363539086,0.46728113635417023,0.47494146975282225,236720000,NVDA
2015-01-14,0.4725477397441864,0.4739840651242433,0.4644086386892555,0.465605566993629,155260000,NVDA
2015-01-15,0.46919628977775574,0.4787717149448061,0.4689568927337723,0.47589909310209455,188932000,NVDA
2015-01-16,0.4778142273426056,0.4782929929371408,0.4670418445119497,0.46847816983257595,181512000,NVDA
2015-01-20,0.47925060987472534,0.4837988978342812,0.473265939349031,0.4811656724814807,140308000,NVDA
2015-01-21,0.4859534204006195,0.4871503774199317,0.4732659727809804,0.47661738965359746,144780000,NVDA
2015-01-22,0.49433189630508423,0.49576822174752255,0.4818838185693467,0.48691090054383485,159712000,NVDA
2015-01-23,0.495768278837204,0.4967258102177444,0.4907411392097748,0.494810690382611,120416000,NVDA
2015-01-26,0.4936138391494751,0.4960076963741472,0.49050181904999557,0.4936138391494751,133240000,NVDA
2015-01-27,0.4699145555496216,0.48643218471169253,0.4689569957004588,0.48595339051859904,357948000,NVDA
2015-01-28,0.4622541069984436,0.47757480497089555,0.462014709945351,0.47565971415721164,272728000,NVDA
2015-01-29,0.4735051989555359,0.47613842354374847,0.46033896186641027,0.4624934494789649,235340000,NVDA
2015-01-30,0.45962098240852356,0.47565984749942586,0.45890284812196847,0.47015397056799874,298200000,NVDA
2015-02-02,0.46967506408691406,0.4715901548634392,0.45339683529197855,0.46249349507770887,259604000,NVDA
2015-02-03,0.4814050793647766,0.48188387359160756,0.4706327229275535,0.4730265799136031,183468000,NVDA
2015-02-04,0.48260197043418884,0.48810784645698096,0.4785323912845018,0.4799687452316517,181516000,NVDA
2015-02-05,0.49050173163414,0.4907411001917302,0.4826019984931848,0.48308073560836506,140448000,NVDA
2015-02-06,0.4883471727371216,0.4957681676891891,0.48619268480838845,0.49002286654590077,210524000,NVDA
2015-02-09,0.48786839842796326,0.4893046665300438,0.4823625233022089,0.48547454215911506,273944000,NVDA
2015-02-10,0.5015135407447815,0.5017529093293027,0.48619280985433005,0.488347298337185,226204000,NVDA
2015-02-11,0.49816206097602844,0.5027103486187219,0.4948106160366174,0.5027103486187219,320832000,NVDA
2015-02-12,0.5338307023048401,0.5386184170011477,0.5235371100003728,0.5266491302603789,676904000,NVDA
2015-02-13,0.5340697765350342,0.5347879390510311,0.5244943524204492,0.5326334515030404,310084000,NVDA
2015-02-17,0.5357456803321838,0.5383789629491001,0.5297610664485739,0.5331124547893197,203340000,NVDA
2015-02-18,0.5295215845108032,0.535985049004659,0.5285640532400993,0.5350274606599089,170948000,NVDA
2015-02-19,0.5309582352638245,0.5371822779478449,0.5285643770833613,0.5362247460904759,169432000,NVDA
2015-02-20,0.5347880721092224,0.5350274406494343,0.5266489710015784,0.5304791530151884,157752000,NVDA
2015-02-23,0.5304791331291199,0.5345486835303866,0.527845850989327,0.5345486835303866,125008000,NVDA
2015-02-24,0.5361261963844299,0.5361261963844299,0.527715467780095,0.5325216147807983,149356000,NVDA
2015-02-25,0.5320413112640381,0.5363668806572318,0.5296382362546508,0.5339637483540169,123820000,NVDA
2015-02-26,0.5334830284118652,0.5366070308376331,0.5291574601482731,0.5325218101178935,152864000,NVDA
2015-02-27,0.5301185846328735,0.5332425861681866,0.5281960912990983,0.5320410206728525,157492000,NVDA
2015-03-02,0.5430952310562134,0.5459789427281344,0.5279558593662335,0.5286767872842136,301512000,NVDA
2015-03-03,0.5330025553703308,0.5416536372777723,0.5313204085124714,0.5390102718288261,160344000,NVDA
2015-03-04,0.5390101075172424,0.540211616066376,0.5289171721529813,0.5310799562939972,226840000,NVDA
2015-03-05,0.549343466758728,0.5503046852906109,0.5375683821851379,0.5390102386298757,323056000,NVDA
2015-03-06,0.5418938994407654,0.5488627760975447,0.5414132615741021,0.5462194110654499,257392000,NVDA
2015-03-09,0.5433352589607239,0.5474205342883159,0.5409321861588448,0.5421337512066717,222388000,NVDA
2015-03-10,0.5527075529098511,0.5563121926693555,0.5447774027327467,0.5457386209040127,527212000,NVDA
2015-03-11,0.5498238205909729,0.5599166959017409,0.5483819648912068,0.5527074746967078,262120000,NVDA
2015-03-12,0.5447775721549988,0.5486225033296167,0.5344443446892605,0.5445372818609049,406972000,NVDA
2015-03-13,0.5454983115196228,0.5469401673727677,0.5346844499148389,0.5421340193914868,359288000,NVDA
2015-03-16,0.5519867539405823,0.5553511042668685,0.5462193862715209,0.5498240268733209,236956000,NVDA
2015-03-17,0.5587153434753418,0.5589556337277071,0.5469402617022422,0.5507851922091537,299900000,NVDA
2015-03-18,0.5495835542678833,0.5615989247172277,0.5445371158673004,0.5587152701856685,413844000,NVDA
2015-03-19,0.5579943656921387,0.5599168021273471,0.5474208507108765,0.5515060711060503,310756000,NVDA
2015-03-20,0.5640021562576294,0.5673665067577044,0.5572735698451226,0.5625603572362505,462084000,NVDA
2015-03-23,0.5457385778427124,0.5543896552891077,0.5454982876423072,0.547180433632745,426012000,NVDA
2015-03-24,0.5382890701293945,0.5479013657452014,0.5358859962254429,0.5440564360401184,330480000,NVDA
2015-03-25,0.5056074857711792,0.538049027019824,0.5039252817014594,0.538049027019824,542552000,NVDA
2015-03-26,0.5039252638816833,0.5060880485001333,0.49166959896478396,0.49527423999553405,311920000,NVDA
2015-03-27,0.5137777328491211,0.5157001692024029,0.49863836036215836,0.5068088008043146,318288000,NVDA
2015-03-30,0.5159407258033752,0.5185840911838207,0.5094523715705622,0.5161810161214624,253252000,NVDA
2015-03-31,0.5029640197753906,0.5149793937767148,0.5024834391916312,0.5144988131929553,357276000,NVDA
2015-04-01,0.5048865079879761,0.5065686545987758,0.4962354273511336,0.5048865079879761,330768000,NVDA
2015-04-02,0.5060877203941345,0.5092117214974953,0.5017622112553672,0.5077698660199768,192204000,NVDA
2015-04-06,0.5207467675209045,0.5224289139849891,0.498638458632106,0.5039251882924243,515864000,NVDA
2015-04-07,0.5253127217292786,0.5310800902664077,0.5178631491289023,0.5207468620443805,413964000,NVDA
2015-04-08,0.5291574597358704,0.5310799536161283,0.5207467280529062,0.5257931670626848,366432000,NVDA
2015-04-09,0.5414131283760071,0.5430952745547561,0.5248318995220136,0.5250721897493186,379432000,NVDA
2015-04-10,0.5469402074813843,0.5471804977099285,0.539971275209335,0.5418937689191111,258728000,NVDA
2015-04-13,0.5418938994407654,0.5488627760975447,0.5394907674012702,0.5457387731987866,236724000,NVDA
2015-04-14,0.5373279452323914,0.5418938036300416,0.5320411588091222,0.5397310195531845,220276000,NVDA
2015-04-15,0.5438162684440613,0.5479014892724332,0.5361264073001762,0.5387698292961571,243560000,NVDA
2015-04-16,0.5404518842697144,0.5452580323483034,0.5366069543480823,0.5406921744855024,155284000,NVDA
2015-04-17,0.5334830284118652,0.5387698149694291,0.5289171698982333,0.5291574601482731,293636000,NVDA
2015-04-20,0.5308396220207214,0.5392503530485981,0.5298783465085571,0.5358860606374475,231624000,NVDA
2015-04-21,0.5301185846328735,0.5373278057234894,0.527475163460657,0.5373278057234894,230456000,NVDA
2015-04-22,0.5361261963844299,0.5368471241639146,0.5250720468240542,0.5332425425602829,207420000,NVDA
2015-04-23,0.5339635014533997,0.5390099967453317,0.5202659859629004,0.5262736993553621,259380000,NVDA
2015-04-24,0.52939772605896,0.5339635265747324,0.523390012383854,0.5337232363617453,240960000,NVDA
2015-04-27,0.5334830284118652,0.5428550356891687,0.5265140955163976,0.5310799540300294,248456000,NVDA
2015-04-28,0.5361261963844299,0.5380486895609862,0.5274751203244058,0.5325216147807983,234484000,NVDA
2015-04-29,0.5320413112640381,0.5375683895150117,0.5298785265674412,0.5322816015768286,195156000,NVDA
2015-04-30,0.5334830284118652,0.5361263930437409,0.5281962418543014,0.5293978076921256,218844000,NVDA
2015-05-01,0.546699583530426,0.5483817286910168,0.5354050902762458,0.5378081629762002,256968000,NVDA
2015-05-04,0.5433352589607239,0.5498236070901951,0.541653113728786,0.5462189692404888,200720000,NVDA
2015-05-05,0.52939772605896,0.542134024048133,0.5269946520476783,0.5414130961153681,292928000,NVDA
2015-05-06,0.5310799479484558,0.5373279527284435,0.5241110151327918,0.5322814564787086,316484000,NVDA
2015-05-07,0.5404518842697144,0.54213403036784,0.5272349484066924,0.528917094504818,534564000,NVDA
2015-05-08,0.5005607604980469,0.524831847141511,0.49239032064705174,0.5048863279206689,1146552000,NVDA
2015-05-11,0.4957547187805176,0.5008012151870661,0.4897470613549496,0.49359193460628253,544144000,NVDA
2015-05-12,0.5005607604980469,0.5046459804235445,0.4919096829466043,0.49215003044372874,388800000,NVDA
2015-05-13,0.5034445524215698,0.5080104107758511,0.4986384038256349,0.504165480440341,308524000,NVDA
2015-05-14,0.511614978313446,0.5142584000680194,0.5036848276373439,0.504886393397388,293052000,NVDA
2015-05-15,0.5118554830551147,0.5161809950734491,0.5087314798720519,0.5137779201090796,215824000,NVDA
2015-05-18,0.5111343264579773,0.514258328245214,0.5082506148716662,0.5106536887623252,324972000,NVDA
2015-05-19,0.5079477429389954,0.5135004038458723,0.5069820177350897,0.5118104135185463,253808000,NVDA
2015-05-20,0.5079477429389954,0.5142246689692925,0.5074648803370425,0.5081891454604628,196824000,NVDA
2015-05-21,0.5043262839317322,0.510361805844216,0.5038434214574925,0.5081890110486414,239692000,NVDA
2015-05-22,0.5036020874977112,0.5074648151400124,0.5023950174864354,0.5055334800983671,212592000,NVDA
2015-05-26,0.500463604927063,0.5045677348961427,0.49660087743880904,0.5011878699285486,259732000,NVDA
2015-05-27,0.5272611379623413,0.5296753349927588,0.5021534427988023,0.5038433749641947,432332000,NVDA
2015-05-28,0.5345038175582886,0.536193750003505,0.5262955578075214,0.5272612252677868,327656000,NVDA
2015-05-29,0.534262478351593,0.5378837461461794,0.5335382132808729,0.534503880855495,335168000,NVDA
2015-06-01,0.5402978658676147,0.5456091230998513,0.5342624012282149,0.5376422660309993,372660000,NVDA
2015-06-02,0.5296755433082581,0.5398151978474235,0.5291926806886711,0.5369181372479419,224304000,NVDA
2015-06-03,0.5238814353942871,0.5352281591849607,0.5229157102367281,0.5311240287218882,250788000,NVDA
2015-06-04,0.5332967042922974,0.5349866366002066,0.5207428556518264,0.5207428556518264,323712000,NVDA
2015-06-05,0.5374009609222412,0.5398151587271797,0.5260541794359163,0.5316068401431763,313320000,NVDA
2015-06-08,0.5250883102416992,0.5393320890902824,0.5190528468259059,0.5357108225526052,342812000,NVDA
2015-06-09,0.5277439951896667,0.5316066643530595,0.5246055333251625,0.5255712006160106,256888000,NVDA
2015-06-10,0.5183287858963013,0.524847114275364,0.5154317254793772,0.5214672488282969,529460000,NVDA
2015-06-11,0.5238814353942871,0.5275027032785801,0.5183287747538914,0.5183287747538914,283052000,NVDA
2015-06-12,0.5096374750137329,0.5236397942480825,0.5084303477637225,0.5205013324688498,323728000,NVDA
2015-06-15,0.5086719989776611,0.5110861968262724,0.5031193381699534,0.5069820086805179,306548000,NVDA
2015-06-16,0.5149486064910889,0.5156728712346997,0.5026362209676799,0.5077060166139681,256892000,NVDA
2015-06-17,0.5209844708442688,0.5238815317316603,0.5135004736305419,0.5147075439609378,233544000,NVDA
2015-06-18,0.5296755433082581,0.5330554089683065,0.523881479668315,0.5253300099680558,299404000,NVDA
2015-06-19,0.5279853940010071,0.5340208576966567,0.5231570000208887,0.5296753261381488,355656000,NVDA
2015-06-22,0.5258127450942993,0.5318482680208073,0.5178458870643557,0.5289512078066415,514236000,NVDA
2015-06-23,0.5122931003570557,0.5308824119896258,0.5081889711051115,0.5267782827376816,414064000,NVDA
2015-06-24,0.5072231888771057,0.5142243760426137,0.5048089923606186,0.5115687195831884,253368000,NVDA
2015-06-25,0.5110861659049988,0.5142246286742148,0.5072234380691165,0.5072234380691165,350460000,NVDA
2015-06-26,0.5007050633430481,0.5074648515923993,0.49853232565487693,0.5069819890177976,421296000,NVDA
2015-06-29,0.48573705554008484,0.49998083908543195,0.4850127904819305,0.4949109836783516,391724000,NVDA
2015-06-30,0.4854954183101654,0.49080667427873,0.48211555431152964,0.488633879897182,315916000,NVDA
2015-07-01,0.4924967586994171,0.5045677464010676,0.48815122615042683,0.49756661382541706,302892000,NVDA
2015-07-02,0.4929797351360321,0.4961181984195167,0.4898412718525475,0.49225546995068775,145764000,NVDA
2015-07-06,0.4869440197944641,0.4956351410448963,0.4833227528495342,0.4888754120495603,214776000,NVDA
2015-07-07,0.4777700901031494,0.4859783781130735,0.4625606415013652,0.4840470433149753,594252000,NVDA
2015-07-08,0.47439026832580566,0.478011564568964,0.47052754082130177,0.4751145333303382,332492000,NVDA
2015-07-09,0.46859607100486755,0.4840469775256541,0.46569904042196897,0.48187418300385687,357588000,NVDA
2015-07-10,0.4768044054508209,0.4811499661483001,0.47342451211744796,0.474631610712331,216708000,NVDA
2015-07-13,0.47994285821914673,0.4825984578085411,0.4768043961775897,0.4816327904632159,212472000,NVDA
2015-07-14,0.4801843762397766,0.48115007259703224,0.47390747942539624,0.4806672388081579,249216000,NVDA
2015-07-15,0.4768044054508209,0.48211563351240627,0.4724588447533417,0.47897717140981017,265732000,NVDA
2015-07-16,0.4874269962310791,0.4874269962310791,0.47801160787810537,0.4797015405221242,282848000,NVDA
2015-07-17,0.48452994227409363,0.48621987494016783,0.478253016623524,0.48573706992644067,220372000,NVDA
2015-07-20,0.4755973219871521,0.4864612384662378,0.474390223353865,0.48452984611757655,188412000,NVDA
2015-07-21,0.4777700901031494,0.4845298482349982,0.4746316278869874,0.4746316278869874,149720000,NVDA
2015-07-22,0.46859607100486755,0.4743901609501625,0.4628020098390703,0.4743901609501625,356472000,NVDA
2015-07-23,0.47439026832580566,0.4813914295507767,0.4685961770690498,0.46956187333492794,169916000,NVDA
2015-07-24,0.46883758902549744,0.47825294735821966,0.4669062253527715,0.47777011363491395,188844000,NVDA
2015-07-27,0.4661819636821747,0.4714931922351876,0.46087073512916177,0.4647334337224878,192420000,NVDA
2015-07-28,0.47632160782814026,0.4794600413888272,0.46256065978111627,0.4673890545261765,198308000,NVDA
2015-07-29,0.48211565613746643,0.48597838333416526,0.47342453433464504,0.4753558979329945,232680000,NVDA
2015-07-30,0.4833228290081024,0.4881512240681666,0.48090860269856567,0.48090860269856567,190180000,NVDA
2015-07-31,0.48163285851478577,0.48549555722136073,0.4787358272899785,0.48525415474067085,218340000,NVDA
2015-08-03,0.4898413121700287,0.49032411729398134,0.479218822396197,0.4854957207002889,397132000,NVDA
2015-08-04,0.4917723536491394,0.4932208832726703,0.48621969513159985,0.48815108714930544,260100000,NVDA
2015-08-05,0.49684229493141174,0.5043262892271915,0.49587656997279217,0.5038434267478817,234628000,NVDA
2015-08-06,0.4937038719654083,0.4992565319034208,0.48549555451855864,0.4956352069181918,655676000,NVDA
2015-08-07,0.554783046245575,0.5641983746459588,0.5282268205818281,0.5422291982997309,1405248000,NVDA
2015-08-10,0.5740966200828552,0.5782007493764844,0.5475403945563159,0.5509203165266565,662304000,NVDA
2015-08-11,0.5711996555328369,0.5767523155143375,0.5656469955513362,0.5656469955513362,435008000,NVDA
2015-08-12,0.5726480484008789,0.5767521773940889,0.5620255935032181,0.5620255935032181,384048000,NVDA
2015-08-13,0.5678199529647827,0.5745797424038875,0.5663714225450442,0.5733726145344304,276884000,NVDA
2015-08-14,0.5683027505874634,0.5716826161407095,0.5639571598255598,0.567337025378806,214652000,NVDA
2015-08-17,0.564681351184845,0.5673369512641903,0.5576801609112866,0.5673369512641903,273880000,NVDA
2015-08-18,0.5595418810844421,0.5668149485826167,0.5551780059048159,0.5629359676900164,287084000,NVDA
2015-08-19,0.5573596954345703,0.5651176537669923,0.551298779649645,0.5588143198470465,249248000,NVDA
2015-08-20,0.5372377038002014,0.5537232978719563,0.5345708723229753,0.5510565241959239,426932000,NVDA
2015-08-21,0.5205097198486328,0.5423289226840371,0.5200248255540314,0.5333588117429356,382664000,NVDA
2015-08-24,0.5020847320556641,0.5292375478698874,0.4848717605121751,0.4914175172564361,682284000,NVDA
2015-08-25,0.49165967106819153,0.5260855337867316,0.49165967106819153,0.5241460151850056,622684000,NVDA
2015-08-26,0.5287524461746216,0.5292373404031275,0.5037815783310748,0.5076605587555356,614976000,NVDA
2015-08-27,0.5486322641372681,0.5488746823860127,0.5311768786011725,0.5343285470396676,463764000,NVDA
2015-08-28,0.5510563254356384,0.5544504103084128,0.5447529919283871,0.548631970840632,320944000,NVDA
2015-08-31,0.5449957251548767,0.5522688509462677,0.5428138452186657,0.5483898697912613,219352000,NVDA
2015-09-01,0.5226916670799255,0.5382075928937327,0.5188127434276845,0.5292374807958065,353408000,NVDA
2015-09-02,0.5384497046470642,0.5386921227870246,0.5280249732134555,0.5369950802049461,344044000,NVDA
2015-09-03,0.5399045348167419,0.5491171212597745,0.5389348040862122,0.5464502894993178,262556000,NVDA
2015-09-04,0.5272975564002991,0.5391769099196967,0.5270551383084235,0.5306916408912223,287972000,NVDA
2015-09-08,0.5498441457748413,0.5520260823560065,0.5379648481467967,0.5401467269267861,238448000,NVDA
2015-09-09,0.5389347076416016,0.5561476128820837,0.5377225010944688,0.5515413782860722,289392000,NVDA
2015-09-10,0.5474197864532471,0.5542080142704304,0.5333585523624408,0.5357829070540402,357076000,NVDA
2015-09-11,0.5491167306900024,0.5527532327932574,0.5391768388187106,0.5413587747613589,301584000,NVDA
2015-09-14,0.5500867962837219,0.5534808823974614,0.5471775465855487,0.5517838393405917,192460000,NVDA
2015-09-15,0.556147575378418,0.5590568246544004,0.5486320918170441,0.5503291346276387,327976000,NVDA
2015-09-16,0.5600264072418213,0.5631780738580452,0.5510563014114804,0.5551776982631954,173508000,NVDA
2015-09-17,0.5651176571846008,0.5748150762581862,0.5639054508998141,0.56972389078373,268712000,NVDA
2015-09-18,0.5646330714225769,0.5694817836069593,0.5539659161771772,0.5573600031460032,326412000,NVDA
2015-09-21,0.5704512596130371,0.5716634660181382,0.5624508823031547,0.5653601314344511,281840000,NVDA
2015-09-22,0.5549355149269104,0.5619661632606713,0.5520262651884729,0.5580871828764862,228356000,NVDA
2015-09-23,0.5576021671295166,0.5609962525505255,0.5532383512741027,0.5554202303012186,161632000,NVDA
2015-09-24,0.5682694315910339,0.5740878725748857,0.545480446219067,0.5542081365954385,382440000,NVDA
2015-09-25,0.5723907351493835,0.5835427789103756,0.5668147132688875,0.5752999262601781,369692000,NVDA
2015-09-28,0.5648751854896545,0.5760272290682749,0.5612386822103352,0.5723907257889556,395584000,NVDA
2015-09-29,0.5748152136802673,0.5757849442592257,0.5629358551347531,0.5709362335632432,380736000,NVDA
2015-09-30,0.5976040363311768,0.5983313485866133,0.5767545724784795,0.5801486578030627,556380000,NVDA
2015-10-01,0.5859671831130981,0.5993011068804734,0.5689966400981388,0.5976040641392142,489296000,NVDA
2015-10-02,0.6012406349182129,0.6012406349182129,0.5767546082688584,0.5828155248398775,386144000,NVDA
2015-10-05,0.6162715554237366,0.6237870375259638,0.6019678455958941,0.6051195124325772,482024000,NVDA
2015-10-06,0.6242721080780029,0.626938881616411,0.6073016206676787,0.6097259760120107,453216000,NVDA
2015-10-07,0.6308178901672363,0.637121225906916,0.6155444450292408,0.6257267610549689,310152000,NVDA
2015-10-08,0.6344541311264038,0.6361511733048872,0.6174835937392404,0.6281507985770856,460068000,NVDA
2015-10-09,0.632030189037323,0.6371213188926237,0.6201508282404198,0.6310604004733785,423248000,NVDA
2015-10-12,0.6388180255889893,0.6424545862846984,0.6281508772168614,0.6327571103631978,227588000,NVDA
2015-10-13,0.640030562877655,0.6439094858916301,0.6315452887318819,0.6337272262781438,298444000,NVDA
2015-10-14,0.6633042693138123,0.673729003070335,0.6400304464574171,0.6407577010393504,612148000,NVDA
2015-10-15,0.6650010347366333,0.6785774305535368,0.6577279717419886,0.664516140749857,526048000,NVDA
2015-10-16,0.6754260063171387,0.6817293413994652,0.6654861095330135,0.6671832101946444,448396000,NVDA
2015-10-19,0.6742140054702759,0.6807598185301699,0.6664561011420393,0.6776081500276596,294712000,NVDA
2015-10-20,0.6732441186904907,0.6763957864628848,0.6662134707519815,0.6713046575080289,264824000,NVDA
2015-10-21,0.6645163893699646,0.681486933841276,0.6633042406512641,0.6773654779146052,386280000,NVDA
2015-10-22,0.6885175108909607,0.6906994479058595,0.6713046063543693,0.6722743368717063,306884000,NVDA
2015-10-23,0.6931236982345581,0.6977299897464904,0.6841535911542332,0.6945783226910819,381776000,NVDA
2015-10-26,0.6899722218513489,0.6953058270654723,0.6836688859986197,0.6936087839976135,247436000,NVDA
2015-10-27,0.6894872784614563,0.6938510945587509,0.6860931350511322,0.6865780291958029,208268000,NVDA
2015-10-28,0.6950633525848389,0.6950633525848389,0.6836688306498225,0.6938511460338243,217036000,NVDA
2015-10-29,0.6710621118545532,0.6909418470166759,0.6698499631916309,0.683911257609118,327168000,NVDA
2015-10-30,0.687790036201477,0.692638803245997,0.6732439084714379,0.6783350936377731,301160000,NVDA
2015-11-02,0.6957906484603882,0.6965179608739367,0.6858508084772138,0.6899722069531933,190088000,NVDA
2015-11-03,0.6909418106079102,0.6955481024468976,0.6831839092909225,0.6916691228878126,376768000,NVDA
2015-11-04,0.6795473098754883,0.6940934390574162,0.6763956427726193,0.6890023111840953,442264000,NVDA
2015-11-05,0.6717894673347473,0.6848810321027825,0.6698500062289884,0.6829415131958343,478800000,NVDA
2015-11-06,0.7648844718933105,0.7743394706047442,0.7229431384927419,0.7382165757184566,1172272000,NVDA
2015-11-09,0.7614904642105103,0.7636724005483844,0.7508232584261272,0.7573690674397496,492568000,NVDA
2015-11-10,0.7469445466995239,0.7556722366935426,0.7309437913440207,0.7515507809676344,552260000,NVDA
2015-11-11,0.739671528339386,0.7527630352617019,0.7370046970765519,0.7474294305372229,619896000,NVDA
2015-11-12,0.7370045185089111,0.7447624766282739,0.7338528516354934,0.7379742488235377,291080000,NVDA
2015-11-13,0.7224583625793457,0.7408834690527885,0.7188218017879945,0.737731802300675,292940000,NVDA
2015-11-16,0.7370045185089111,0.7374894125668119,0.7260948935161307,0.7319133910062403,344280000,NVDA
2015-11-17,0.7370045185089111,0.7433078522557465,0.7338528516354934,0.7389440369393393,257048000,NVDA
2015-11-18,0.755134642124176,0.7561081128914343,0.7320157847841485,0.7400465414796878,350216000,NVDA
2015-11-19,0.7573249936103821,0.7648690162102112,0.7517277968360966,0.7578117290771069,254072000,NVDA
2015-11-20,0.7638955116271973,0.7682759562400181,0.7582983155245957,0.7629220988312385,239744000,NVDA
2015-11-23,0.7524576187133789,0.7702226159920865,0.7497807195956988,0.7702226159920865,242552000,NVDA
2015-11-24,0.7585418224334717,0.7651124322865533,0.7490509157476075,0.7524578900387343,195428000,NVDA
2015-11-25,0.7575684189796448,0.7660859134871049,0.7548915186581846,0.7570817414779345,138300000,NVDA
2015-11-27,0.7638955116271973,0.7663290726274297,0.7551346804222264,0.7590283896267325,86996000,NVDA
2015-11-30,0.7719261646270752,0.7753331959844606,0.7638954086072793,0.7646254826109574,327244000,NVDA
2015-12-01,0.7969920039176941,0.7977220780134759,0.7780101934687074,0.7787402675644892,409496000,NVDA
2015-12-02,0.7909079790115356,0.8064827558331095,0.7892044923295404,0.7982086610860856,294240000,NVDA
2015-12-03,0.7892047166824341,0.8055095721486276,0.7853110068649819,0.7972354750494667,246656000,NVDA
2015-12-04,0.8213275671005249,0.8227877152092299,0.7892045407916831,0.7892045407916831,458756000,NVDA
2015-12-07,0.8057528734207153,0.8210843141209591,0.8033193123257667,0.8210843141209591,333588000,NVDA
2015-12-08,0.8167036175727844,0.8201105904513118,0.7906645276859601,0.7957749870037513,314488000,NVDA
2015-12-09,0.7960184216499329,0.8213274987047697,0.7877443270838496,0.8164603774281722,372676000,NVDA
2015-12-10,0.8025892972946167,0.8069696843798088,0.795775290914601,0.7984521909099584,236596000,NVDA
2015-12-11,0.7906646728515625,0.8001555773448326,0.7889611860995395,0.7945583817221861,227320000,NVDA
2015-12-14,0.7926117181777954,0.7969921636303022,0.7831208110513792,0.7913949664547759,275892000,NVDA
2015-12-15,0.8023457527160645,0.8079429484173539,0.7972352923881915,0.801615678666273,307296000,NVDA
2015-12-16,0.8072130680084229,0.8098900261733841,0.7969921449007984,0.8040494323739636,236356000,NVDA
2015-12-17,0.7950451374053955,0.8167038479905216,0.7945584600115305,0.8084297520881005,254160000,NVDA
2015-12-18,0.7821475267410278,0.7974789723056356,0.7811741135983383,0.7894482123422367,395896000,NVDA
2015-12-21,0.8006423711776733,0.8013724453234267,0.7836074431583349,0.7906647878868346,284216000,NVDA
2015-12-22,0.8013722896575928,0.8094030456802385,0.7965051683117871,0.8030757763265585,130012000,NVDA
2015-12-23,0.8045362234115601,0.8076998592644454,0.8011292488071249,0.8025893973577928,122524000,NVDA
2015-12-24,0.8072130680084229,0.8091599519484566,0.8008857967395044,0.8021026064546106,52448000,NVDA
2015-12-28,0.8064830303192139,0.8064830303192139,0.7875012736732179,0.7986956682683339,142024000,NVDA
2015-12-29,0.8196238875389099,0.8220574478074907,0.8047791292861094,0.8069693509340282,203660000,NVDA
2015-12-30,0.8125669360160828,0.8259515529385996,0.8123235972784294,0.8188942073605204,180344000,NVDA
2015-12-31,0.8021023869514465,0.8150002646944018,0.8021023869514465,0.8113499525893884,148528000,NVDA
2016-01-04,0.787744402885437,0.7928548633114254,0.7797136462042163,0.7857975773957274,358076000,NVDA
2016-01-05,0.8003989458084106,0.8137835596704759,0.7909080409618917,0.8025891680085308,490272000,NVDA
2016-01-06,0.7673024535179138,0.7909079866515847,0.7582982266537256,0.787257616568716,449344000,NVDA
2016-01-07,0.7368831038475037,0.7531879590020822,0.7271488004795731,0.7480774395802998,645304000,NVDA
2016-01-08,0.7210646867752075,0.7471037786328105,0.719604538853711,0.7463737046720622,398472000,NVDA
2016-01-11,0.7222814559936523,0.7273919738459971,0.709383579067408,0.7217947786881554,409372000,NVDA
2016-01-12,0.7344494462013245,0.7451571619416244,0.7293389850666422,0.7351795203663756,469356000,NVDA
2016-01-13,0.712060809135437,0.7449139186902827,0.7113307348768242,0.7400467376259691,481672000,NVDA
2016-01-14,0.6977025866508484,0.7057333432637843,0.6770172904003972,0.6974591899512034,600236000,NVDA
2016-01-15,0.6597388982772827,0.6777472931009527,0.6483011692802187,0.66971653733354,841452000,NVDA
2016-01-19,0.665092945098877,0.6923488547761446,0.6624159870633404,0.6733670418871154,457140000,NVDA
2016-01-20,0.6687430739402771,0.6772605651275527,0.6436773937317736,0.6524382235750491,481180000,NVDA
2016-01-21,0.6765307188034058,0.6869950388014322,0.6621726888957701,0.6760440413276305,481456000,NVDA
2016-01-22,0.6923489570617676,0.6969727416056374,0.6879685112768321,0.6894286598718106,257996000,NVDA
2016-01-25,0.6916187405586243,0.7001362335975692,0.690158592263871,0.6921054759971003,270728000,NVDA
2016-01-26,0.6984328031539917,0.701353100222585,0.6860216566538381,0.6930790025558159,227944000,NVDA
2016-01-27,0.6901586055755615,0.6996495116538431,0.6770173867106644,0.6974592891694684,231700000,NVDA
2016-01-28,0.6826145648956299,0.698189344539304,0.669229949656707,0.695755783406834,276776000,NVDA
2016-01-29,0.7127906084060669,0.7142507564788362,0.6857781011424979,0.6884550005954645,310504000,NVDA
2016-02-01,0.7130340337753296,0.7166843460833948,0.705976689820224,0.71206062102789,289884000,NVDA
2016-02-02,0.682857871055603,0.7093837035414285,0.6779907490226444,0.7057333910270452,341908000,NVDA
2016-02-03,0.6862649917602539,0.692348924613971,0.67044687077782,0.6882118758025442,326772000,NVDA
2016-02-04,0.686508297920227,0.7020830780995063,0.6796942917025776,0.6872383140664662,348140000,NVDA
2016-02-05,0.6431906819343567,0.689428393464621,0.641243856573797,0.6818843726666223,600428000,NVDA
2016-02-08,0.6137446165084839,0.636620075654072,0.6047403896330811,0.6334564409185335,608852000,NVDA
2016-02-09,0.6203153133392334,0.6461110722430887,0.603523724577553,0.6064440210650356,425372000,NVDA
2016-02-10,0.6188552379608154,0.6422174385493742,0.6154482636713896,0.6242090961446841,335800000,NVDA
2016-02-11,0.6156913042068481,0.6220185722631558,0.603036768094233,0.603036768094233,340144000,NVDA
2016-02-12,0.62615567445755,0.6273724836630763,0.6023067478192743,0.6254256005383656,340816000,NVDA
2016-02-16,0.6568187475204468,0.6577922183903503,0.633213210328432,0.6351600360268908,485352000,NVDA
2016-02-17,0.6731235384941101,0.6794508079092442,0.6624158250128077,0.6650927823934651,771468000,NVDA
2016-02-18,0.7310425043106079,0.7539180271081961,0.7276355300707581,0.7283656042679657,1068660000,NVDA
2016-02-19,0.7407767176628113,0.7473473851545828,0.7215515666795757,0.7271487632698933,525628000,NVDA
2016-02-22,0.7670592665672302,0.7755767604090671,0.7500243369042366,0.7514844853366293,449668000,NVDA
2016-02-23,0.7690061330795288,0.7763068170555798,0.75732500390544,0.7609753749038048,369380000,NVDA
2016-02-24,0.7743600010871887,0.7755768108669063,0.7446705271061476,0.7658425647119006,336852000,NVDA
2016-02-25,0.7760633230209351,0.7799570322575142,0.7621920310074172,0.7772801325414098,349616000,NVDA
2016-02-26,0.7709529399871826,0.7816605979514729,0.7631655207291476,0.7797137721473028,361964000,NVDA
2016-02-29,0.7659458518028259,0.7820658823684128,0.7654574013202661,0.7720519486912688,323344000,NVDA
2016-03-01,0.7998956441879272,0.7998956441879272,0.7666785664635061,0.7678998091032815,348700000,NVDA
2016-03-02,0.8045361042022705,0.807467039549122,0.7940336635187807,0.7954991311922065,233812000,NVDA
2016-03-03,0.7974534034729004,0.8069788304214053,0.7867066753671974,0.8035594434023487,302004000,NVDA
2016-03-04,0.7950108051300049,0.8042920047932183,0.7889047082797432,0.8035592708419047,175304000,NVDA
2016-03-07,0.789881706237793,0.7959878033877387,0.7796234886479899,0.7906144402250688,239968000,NVDA
2016-03-08,0.7754712104797363,0.7864621598212909,0.7730287837629516,0.781821531589786,274940000,NVDA
2016-03-09,0.7749830484390259,0.7835315160125484,0.7649690544116693,0.7823103313157886,222788000,NVDA
2016-03-10,0.7737616300582886,0.7840198470525135,0.7581301084454187,0.7796234433841079,286084000,NVDA
2016-03-11,0.7869507670402527,0.7871950505230416,0.7759598737406009,0.7852410738210193,277400000,NVDA
2016-03-14,0.7889044880867004,0.792079648245481,0.7796232327819453,0.7832869015159379,190312000,NVDA
2016-03-15,0.7849971652030945,0.7898820215803967,0.7710753303509916,0.7847529398538539,226216000,NVDA
2016-03-16,0.8084442019462585,0.8111309127673791,0.775471403928271,0.7791350740334078,363644000,NVDA
2016-03-17,0.8016054034233093,0.8094211356807952,0.7906144516868907,0.8055132986680817,353680000,NVDA
2016-03-18,0.8257855176925659,0.8365321868140281,0.8060018146074426,0.8111309530091002,545512000,NVDA
2016-03-21,0.8282278180122375,0.8284720432498559,0.8096653606159845,0.8184581097228469,337780000,NVDA
2016-03-22,0.8267624974250793,0.8326243117966907,0.8165042786007105,0.8255413127873568,242012000,NVDA
2016-03-23,0.8409284353256226,0.8470344736961897,0.8267623238174935,0.8304259934254762,429008000,NVDA
2016-03-24,0.8421496748924255,0.8436151428316497,0.8306702730885972,0.8333569254891371,244956000,NVDA
2016-03-28,0.8506982922554016,0.8543619042728038,0.8397073397390689,0.8406842990615719,265388000,NVDA
2016-03-29,0.8643758296966553,0.8663297481884676,0.8450806371037602,0.8470345555955725,261812000,NVDA
2016-03-30,0.8734129071235657,0.8853808194285274,0.867062583931869,0.8675510927281784,376700000,NVDA
2016-03-31,0.8702377080917358,0.8792746836942178,0.8633989346299862,0.8773207650571644,379884000,NVDA
2016-04-01,0.8829382061958313,0.883426714889389,0.8582696526962054,0.8648641997829416,348292000,NVDA
2016-04-04,0.8743897676467896,0.8949062030596514,0.8709703811553321,0.8902655738314971,393940000,NVDA
2016-04-05,0.8731682896614075,0.8812283026719668,0.863154300575296,0.8665737441495024,339568000,NVDA
2016-04-06,0.8743897676467896,0.8748782763878801,0.8458133747463747,0.8621776314401141,453376000,NVDA
2016-04-07,0.8653528094291687,0.8765879866032205,0.8616891976122727,0.868772195986821,378104000,NVDA
2016-04-08,0.8709703087806702,0.8780533646615818,0.8624217850303211,0.8724357766501075,255936000,NVDA
2016-04-11,0.8763436675071716,0.8907540044366071,0.8734127317818445,0.8760993840420253,387524000,NVDA
2016-04-12,0.8753666877746582,0.8804957669414113,0.8582696407547097,0.8792745243405354,292764000,NVDA
2016-04-13,0.8973486423492432,0.8975928676070382,0.8792746339350456,0.8792746339350456,350716000,NVDA
2016-04-14,0.8997908234596252,0.9036987176755253,0.8912423012228412,0.8949059702477611,416564000,NVDA
2016-04-15,0.9068741798400879,0.9149341961447609,0.8966159613890323,0.8995468975842091,436972000,NVDA
2016-04-18,0.9029662609100342,0.9051644629994176,0.8941735107845623,0.9051644629994176,307320000,NVDA
2016-04-19,0.8868463039398193,0.9080954179099959,0.8812287147229596,0.9063857244394821,309152000,NVDA
2016-04-20,0.8902655243873596,0.895638887312691,0.8844037109801243,0.8853806701759875,200172000,NVDA
2016-04-21,0.8892884850502014,0.8946618474912938,0.8853805903868661,0.8905096693769654,178280000,NVDA
2016-04-22,0.8858692049980164,0.8983255661345085,0.8829382690919912,0.8922195273063659,223540000,NVDA
2016-04-25,0.8902655243873596,0.8951503785987316,0.8836709770252129,0.8861134041308989,191972000,NVDA
2016-04-26,0.8909981846809387,0.9058970295563328,0.8870902899885067,0.895638813267705,214536000,NVDA
2016-04-27,0.9112703800201416,0.9117588887184892,0.8870903349769832,0.8888000280731192,352396000,NVDA
2016-04-28,0.8841594457626343,0.9110262027119624,0.88196130208457,0.9056528396756854,381224000,NVDA
2016-04-29,0.8677952289581299,0.8824497925587956,0.8582697451480793,0.8804958740381973,321904000,NVDA
2016-05-02,0.8792745471000671,0.8846479098653133,0.8719472660013061,0.8760993861340653,256076000,NVDA
2016-05-03,0.8687722086906433,0.8729243293188022,0.8612007014548314,0.8692607174483341,224024000,NVDA
2016-05-04,0.84898841381073,0.8590023465895441,0.840195665360821,0.8582696126993808,525764000,NVDA
2016-05-05,0.8541173934936523,0.8641313833400972,0.847767072672015,0.8560713697175643,246884000,NVDA
2016-05-06,0.8629102110862732,0.8651084126798984,0.850942302274823,0.8526519952147377,183240000,NVDA
2016-05-09,0.8616892695426941,0.8687722685085032,0.8546062123448201,0.8651086563857833,333336000,NVDA
2016-05-10,0.8782974481582642,0.8797629157912079,0.8587580350044659,0.8670622739484213,269676000,NVDA
2016-05-11,0.8807399868965149,0.8905096947168296,0.8760993582122497,0.880984270354459,328176000,NVDA
2016-05-12,0.8687722086906433,0.8909983381045098,0.8531406854613287,0.8870904427391659,670540000,NVDA
2016-05-13,1.0009077787399292,1.0013962293117131,0.9525476782093398,0.9571882498016189,2110256000,NVDA
2016-05-16,1.0304607152938843,1.045359616310828,0.9901606479203583,0.9933358082729418,973032000,NVDA
2016-05-17,1.0326594114303589,1.0399866359788923,1.01263142363849,1.0258205209971574,628392000,NVDA
2016-05-18,1.0590373277664185,1.0710052955304892,1.025820251347408,1.025820251347408,541072000,NVDA
2016-05-19,1.0636783838272095,1.0712499511815663,1.053420221448391,1.0548855733903788,398880000,NVDA
2016-05-20,1.0827289819717407,1.08712538566881,1.0685628699239245,1.0702725630620997,391084000,NVDA
2016-05-23,1.0844385623931885,1.0915215594488337,1.077844015765078,1.0873694978865927,413636000,NVDA
2016-05-24,1.1107629537582397,1.114191336470253,1.084805982942699,1.0877445299721096,415788000,NVDA
2016-05-25,1.106110692024231,1.1188442046783014,1.0972950485330477,1.114191640174524,458076000,NVDA
2016-05-26,1.1178642511367798,1.1259451955609836,1.1048857681756803,1.1080691740629889,309964000,NVDA
2016-05-27,1.1239864826202393,1.1257006156954985,1.1154157004773841,1.1190889428671327,277416000,NVDA
2016-05-31,1.144066572189331,1.146515400902109,1.128149535856014,1.1288842311764795,412524000,NVDA
2016-06-01,1.1462703943252563,1.1572897718193045,1.1352509000646434,1.1386791664094449,387132000,NVDA
2016-06-02,1.1543513536453247,1.1641464338121157,1.1411278903302473,1.1523922441987136,329208000,NVDA
2016-06-03,1.1381891965866089,1.14455600955308,1.1181093198563852,1.1430868528068647,461076000,NVDA
2016-06-06,1.1323121786117554,1.1499433433648156,1.1264350847718865,1.141127702605012,322512000,NVDA
2016-06-07,1.1345161199569702,1.145535613393134,1.1340264010205137,1.1391688001529752,193400000,NVDA
2016-06-08,1.130842685699463,1.1389236297778143,1.1215373278476586,1.1347606696546835,234616000,NVDA
2016-06-09,1.1602281332015991,1.1619422660992171,1.12447608503237,1.1269249130384222,472168000,NVDA
2016-06-10,1.1313327550888062,1.1568000089893125,1.1298634814586568,1.1465152103448282,400024000,NVDA
2016-06-13,1.1457808017730713,1.1680646545105053,1.1325574525603577,1.1325574525603577,475588000,NVDA
2016-06-14,1.147984266281128,1.1533715240590416,1.1303531028293194,1.1430867273648777,298344000,NVDA
2016-06-15,1.1597384214401245,1.1697783594402886,1.1448009441642792,1.1575345696343593,301036000,NVDA
2016-06-16,1.164391279220581,1.1663502718769363,1.1399035790997276,1.1511679328319766,246456000,NVDA
2016-06-17,1.144066572189331,1.166105563538013,1.139413891048317,1.1658607040200513,471000000,NVDA
2016-06-20,1.1646355390548706,1.1795730109225446,1.1616969932000647,1.1624316880470185,293768000,NVDA
2016-06-21,1.1575345993041992,1.172716936417999,1.1558203495855517,1.169533529968882,212508000,NVDA
2016-06-22,1.1565550565719604,1.1675745495292795,1.154596064144705,1.1599833225112952,202620000,NVDA
2016-06-23,1.1874094009399414,1.1886338148234115,1.166839691410477,1.167574386447173,297880000,NVDA
2016-06-24,1.1198238134384155,1.1597388370613575,1.1092941527670817,1.1386793989521014,1017684000,NVDA
2016-06-27,1.107824444770813,1.1190887964053815,1.0914175778169395,1.1105180153842351,449088000,NVDA
2016-06-28,1.1239864826202393,1.1301083197367037,1.1085591681763467,1.1288840223733456,381920000,NVDA
2016-06-29,1.1423519849777222,1.15116762472166,1.1308427748396925,1.133781321421005,318932000,NVDA
2016-06-30,1.151167869567871,1.1582692613443535,1.1350059766996519,1.1443112204975976,430940000,NVDA
2016-07-01,1.142596960067749,1.1597384056830091,1.1386789754070559,1.1448009286101162,218488000,NVDA
2016-07-05,1.1594936847686768,1.1614526773330751,1.1271698987731467,1.1362302831709488,371084000,NVDA
2016-07-06,1.1668399572372437,1.1736966064868208,1.1455356645841237,1.1514127591504582,273104000,NVDA
2016-07-07,1.1972047090530396,1.2013676703519989,1.1692887443792848,1.1746760030309757,395400000,NVDA
2016-07-08,1.245200753211975,1.2510778479721927,1.2052857376263892,1.2099384181838004,481932000,NVDA
2016-07-11,1.273851752281189,1.2831569990930891,1.2616078405445788,1.2630771146236357,448776000,NVDA
2016-07-12,1.2929518222808838,1.3047058947261958,1.2718922721984631,1.2880542823647902,436760000,NVDA
2016-07-13,1.292461633682251,1.3027465464346337,1.2905026416039738,1.2954001801829318,324604000,NVDA
2016-07-14,1.305685043334961,1.3174392299423352,1.2885437158101007,1.2993183479446817,316892000,NVDA
2016-07-15,1.290502667427063,1.2963797605460257,1.2694432394394897,1.2890333941473222,428616000,NVDA
2016-07-18,1.2971144914627075,1.3083788434220893,1.2922169522093478,1.3064198510740548,252992000,NVDA
2016-07-19,1.3105827569961548,1.3157251554814406,1.2939310308201526,1.2963798587273598,382652000,NVDA
2016-07-20,1.3277239799499512,1.3348254869042453,1.309603098587033,1.3149903560823513,296460000,NVDA
2016-07-21,1.303236722946167,1.3289488387071642,1.2988289016471632,1.324785876908121,361308000,NVDA
2016-07-22,1.3387436866760254,1.3387436866760254,1.298338957039248,1.3078891764776273,315768000,NVDA
2016-07-25,1.3634759187698364,1.3666593244914218,1.3409472193196195,1.3468243119645538,312528000,NVDA
2016-07-26,1.3867393732070923,1.3938407631549927,1.3735160309501588,1.3754750229944215,514508000,NVDA
2016-07-27,1.3727816343307495,1.4011874338294532,1.36445582875811,1.398738605666972,446676000,NVDA
2016-07-28,1.3757200241088867,1.386004820975538,1.3715570634153145,1.3759648835438252,221916000,NVDA
2016-07-29,1.3982490301132202,1.4019221559670194,1.356130162238855,1.3808627220298368,409588000,NVDA
2016-08-01,1.3891884088516235,1.4092684031078064,1.380128024741217,1.4041260040019181,301120000,NVDA
2016-08-02,1.3722920417785645,1.3965348823401824,1.3590686954297846,1.3958001871171588,282748000,NVDA
2016-08-03,1.375964879989624,1.3786585673000682,1.362986395839095,1.3705776221352757,299828000,NVDA
2016-08-04,1.401431918144226,1.4077987295424865,1.3798827732090109,1.3825763433468363,272712000,NVDA
2016-08-05,1.4251854419708252,1.4259200203747266,1.41073768246176,1.4175942146310638,371588000,NVDA
2016-08-08,1.4384087324142456,1.4482038113580133,1.4232262783148197,1.4447755454043498,305064000,NVDA
2016-08-09,1.4420816898345947,1.4560397282484028,1.4384085648502118,1.4455099553888904,372344000,NVDA
2016-08-10,1.4327765703201294,1.4570194094479911,1.428123890071361,1.4548155574423882,375740000,NVDA
2016-08-11,1.4619169235229492,1.4680388772569146,1.4374292253536434,1.4403677724872712,681064000,NVDA
2016-08-12,1.5437060594558716,1.5520318657983643,1.4846907198351227,1.5157900930683221,1425744000,NVDA
2016-08-15,1.542236328125,1.5549699517289615,1.521421760062104,1.5454197340259903,573304000,NVDA
2016-08-16,1.5329313278198242,1.5424814302590464,1.528278647942663,1.5400327189780159,287652000,NVDA
2016-08-17,1.4974242448806763,1.5363598226269677,1.4854253126057522,1.5329315562627037,595212000,NVDA
2016-08-18,1.5206876993179321,1.5231364110469434,1.4893433484672878,1.495220443443426,331684000,NVDA
2016-08-19,1.5246057510375977,1.5361149652271546,1.5133413963549245,1.5199530701070834,291560000,NVDA
2016-08-22,1.5309723615646362,1.5331763303664685,1.5111373429474988,1.5292582284779659,244748000,NVDA
2016-08-23,1.5433615446090698,1.5534199858275477,1.5389456007881248,1.5465508178716842,339764000,NVDA
2016-08-24,1.5195642709732056,1.5494943934197658,1.5124497940789248,1.5487584614576184,298448000,NVDA
2016-08-25,1.5095056295394897,1.5207907369821518,1.490615424915817,1.5200548051188405,406032000,NVDA
2016-08-26,1.5217729806900024,1.5303594423263778,1.5014106665445799,1.5134318298172713,300024000,NVDA
2016-08-29,1.5207910537719727,1.5340387659247405,1.5183378300682153,1.5279056481744862,274652000,NVDA
2016-08-30,1.511959195137024,1.5269241980908221,1.507788563011351,1.5188283614788702,285544000,NVDA
2016-08-31,1.5048445463180542,1.5190736167802998,1.5004287206773352,1.5149031017883197,388544000,NVDA
2016-09-01,1.5492489337921143,1.554891429237812,1.5048444341911036,1.5060711043251083,428492000,NVDA
2016-09-02,1.534038782119751,1.5541557782152062,1.516620554392193,1.5524384865099297,323148000,NVDA
2016-09-06,1.548513412475586,1.548513412475586,1.531585803389794,1.5394363311476043,306812000,NVDA
2016-09-07,1.5256975889205933,1.5512117700483257,1.5168658199819198,1.5436065544471622,397988000,NVDA
2016-09-08,1.5367372035980225,1.5391905439423634,1.506807200079981,1.5242254252016365,315808000,NVDA
2016-09-09,1.4601949453353882,1.5283962233815236,1.4474378549121227,1.519809765204987,697760000,NVDA
2016-09-12,1.4903703927993774,1.4933143549972325,1.4062227443829536,1.4408141247351571,598260000,NVDA
2016-09-13,1.4687812328338623,1.503863227421179,1.4604400862913975,1.486690196081959,471768000,NVDA
2016-09-14,1.4817839860916138,1.4866905509337025,1.4599498134879254,1.4722161671022806,319048000,NVDA
2016-09-15,1.5379643440246582,1.539681635998101,1.4808027365296228,1.48423743745825,515212000,NVDA
2016-09-16,1.5416442155838013,1.5517026565606362,1.523980557706114,1.5433615075315112,902444000,NVDA
2016-09-19,1.5620064735412598,1.6010136826107153,1.550721362408992,1.5578358406738348,417128000,NVDA
2016-09-20,1.5477770566940308,1.5799150910709274,1.5391905991443025,1.5799150910709274,331112000,NVDA
2016-09-21,1.5912004709243774,1.5941444331522938,1.5521932638588123,1.5524385745475169,336212000,NVDA
2016-09-22,1.595125436782837,1.6054293030358977,1.5860483577528532,1.6005227390521541,308732000,NVDA
2016-09-23,1.5934079885482788,1.601749134802237,1.586293512415059,1.5970879989104938,276132000,NVDA
2016-09-26,1.5784430503845215,1.5848215948887743,1.5585714849589827,1.575253778132395,230040000,NVDA
2016-09-27,1.6324151754379272,1.6348685156636347,1.5715738118098084,1.5723097436885003,402752000,NVDA
2016-09-28,1.6383036375045776,1.6395303080210872,1.6174507066508719,1.6348690536437422,319788000,NVDA
2016-09-29,1.6535136699676514,1.658665661855126,1.6203943905865654,1.635604704639042,336684000,NVDA
2016-09-30,1.6809905767440796,1.697427561167242,1.6527777445106475,1.6625908730313927,429932000,NVDA
2016-10-03,1.679273247718811,1.7052781682113252,1.676329402608423,1.680990656423981,242596000,NVDA
2016-10-04,1.6755934953689575,1.7099394497256448,1.6630817139096998,1.681726730749514,281624000,NVDA
2016-10-05,1.6738759279251099,1.7069953233385307,1.6687240531670353,1.6898222904965663,305440000,NVDA
2016-10-06,1.6520417928695679,1.6640628342209414,1.6255462525932283,1.6537590844911927,360212000,NVDA
2016-10-07,1.6400208473205566,1.66749763381324,1.6353595931765967,1.6630816903639516,286260000,NVDA
2016-10-10,1.6461540460586548,1.6574391566350757,1.630698302820233,1.648607269932626,287876000,NVDA
2016-10-11,1.6223571300506592,1.6432100590832264,1.609845349234773,1.6407568352461925,388540000,NVDA
2016-10-12,1.6297171115875244,1.638303570890484,1.6022403248363195,1.615733349024075,419920000,NVDA
2016-10-13,1.6032216548919678,1.614261455729119,1.5627424631435733,1.6105815611106489,390116000,NVDA
2016-10-14,1.6189223527908325,1.6338873556532372,1.6093545353095293,1.6228475572531398,330636000,NVDA
2016-10-17,1.6096000671386719,1.6338875801635142,1.607392153947952,1.618677264554901,195328000,NVDA
2016-10-18,1.6341331005096436,1.643455609811821,1.6253013296319334,1.6319251870356526,269372000,NVDA
2016-10-19,1.630698323249817,1.638303539619695,1.614751958433169,1.623093223861671,199060000,NVDA
2016-10-20,1.6616097688674927,1.667007072270969,1.6265278816535855,1.649834036228364,312084000,NVDA
2016-10-21,1.6569485664367676,1.6598924117445835,1.6412475122136623,1.6557218959858333,279508000,NVDA
2016-10-24,1.7347173690795898,1.736679971269888,1.6679879587557522,1.668233386388538,339836000,NVDA
2016-10-25,1.7631756067276,1.7737247848727256,1.7234324688816887,1.7317736169364455,397460000,NVDA
2016-10-26,1.7702898979187012,1.7896708421578749,1.7467383218762078,1.748455613328938,333792000,NVDA
2016-10-27,1.733981728553772,1.7872180127720476,1.7268672500701079,1.7837834288846415,388664000,NVDA
2016-10-28,1.7310377359390259,1.7688182724711374,1.7278484630315387,1.742322846459232,290856000,NVDA
2016-10-31,1.7457575798034668,1.757288002000739,1.7356990218604615,1.7366803816783796,252388000,NVDA
2016-11-01,1.6939928531646729,1.7617035051617198,1.675347840158945,1.7521356880111558,473224000,NVDA
2016-11-02,1.6868788003921509,1.7300566467390686,1.68393483771231,1.7069958007165635,295848000,NVDA
2016-11-03,1.6672524213790894,1.6962011907276486,1.6348690681392424,1.6947292094911337,309664000,NVDA
2016-11-04,1.657684564590454,1.6861427118814036,1.6333970502062212,1.6562125833870094,328780000,NVDA
2016-11-07,1.7484556436538696,1.7594954414595827,1.7050325013416436,1.7062591715382136,487580000,NVDA
2016-11-08,1.7457575798034668,1.7607225858908424,1.7295659031891286,1.7550799716558583,429884000,NVDA
2016-11-09,1.716317892074585,1.739378851032464,1.6858972616719603,1.6984089253933108,456532000,NVDA
2016-11-10,1.6625908613204956,1.754098406962693,1.6378127295274032,1.7538530962986603,869280000,NVDA
2016-11-11,2.158154249191284,2.1777805054864787,1.9258282121825714,1.9506064601897126,2175344000,NVDA
2016-11-14,2.051927089691162,2.163551507851318,2.0514364683882085,2.1610981673731238,1348796000,NVDA
2016-11-15,2.114485740661621,2.1453969865554736,2.0590413254279,2.0678732102390343,626092000,NVDA
2016-11-16,2.2479443550109863,2.2707597653456815,2.1184109782563345,2.142698486397832,987984000,NVDA
2016-11-17,2.266589879989624,2.325468658380084,2.223902543391246,2.2646271604578883,832988000,NVDA
2016-11-18,2.2903859615325928,2.3141826113873902,2.252114698936137,2.2665890777144098,576060000,NVDA
2016-11-21,2.2810637950897217,2.314673810155233,2.266834607826805,2.308295265442337,436436000,NVDA
2016-11-22,2.2975001335144043,2.299708045799581,2.266343466024243,2.288913677981293,330368000,NVDA
2016-11-23,2.3088033199310303,2.340252209169042,2.279319854468907,2.3026607848469913,443236000,NVDA
2016-11-25,2.3134708404541016,2.3365662029050402,2.2950434751903024,2.319858934386086,195564000,NVDA
2016-11-28,2.3122427463531494,2.3277215109952407,2.299712116993026,2.3063460071617645,278736000,NVDA
2016-11-29,2.2911128997802734,2.32035080187136,2.27342291577493,2.3095400347940123,444568000,NVDA
2016-11-30,2.2653145790100098,2.3134709639672266,2.2628575656018355,2.2997118294696683,440500000,NVDA
2016-12-01,2.153277635574341,2.2645778322382206,2.082763025235029,2.2628579694083286,1035524000,NVDA
2016-12-02,2.1731789112091064,2.181778224719029,2.0913621838483203,2.119125782171951,478292000,NVDA
2016-12-05,2.257452964782715,2.2753887471093748,2.186692547454206,2.2110164262662697,602284000,NVDA
2016-12-06,2.2945520877838135,2.302905839085036,2.249835430876021,2.2655599875930004,498796000,NVDA
2016-12-07,2.335829257965088,2.341480201549373,2.262857644264248,2.2810392160776,480804000,NVDA
2016-12-08,2.296764373779297,2.3739128915604018,2.28619963368668,2.3387784762408588,381544000,NVDA
2016-12-09,2.2559781074523926,2.3161735298554946,2.2287058679346723,2.3144536673386544,382312000,NVDA
2016-12-12,2.201188802719116,2.2100339142639776,2.1508211774188353,2.20757689978255,601332000,NVDA
2016-12-13,2.24000883102417,2.2675268788300973,2.212491017532049,2.213473729638537,387796000,NVDA
2016-12-14,2.3697361946105957,2.385952114285239,2.2498364259050923,2.273668949413853,983980000,NVDA
2016-12-15,2.425262451171875,2.455483059448146,2.373420547073213,2.380791352846011,746548000,NVDA
2016-12-16,2.467031717300415,2.4741567308309524,2.4011850921577538,2.4527812216117733,1089528000,NVDA
2016-12-19,2.4970059394836426,2.517152936671192,2.432387837109991,2.4495866989845863,744656000,NVDA
2016-12-20,2.583982229232788,2.607568951672785,2.558184053861836,2.569486176358615,848056000,NVDA
2016-12-21,2.600198268890381,2.6031466386252524,2.5481107940972105,2.5955300363363123,576136000,NVDA
2016-12-22,2.6316473484039307,2.674889713311406,2.6173968558575456,2.6245221021307383,718612000,NVDA
2016-12-23,2.6972484588623047,2.6987227611526747,2.6110092729165464,2.613711848030521,647692000,NVDA
2016-12-27,2.8825032711029053,2.8834859830917265,2.7326286800600874,2.7532672720217817,1194272000,NVDA
2016-12-28,2.6842267513275146,2.9466298351086446,2.6704678460532594,2.9385218753129183,2295764000,NVDA
2016-12-29,2.7377874851226807,2.739261786997318,2.525752086728094,2.577348200379878,2175368000,NVDA
2016-12-30,2.62255597114563,2.7498264977442783,2.611745440447328,2.735821802828987,1212932000,NVDA
2017-01-03,2.506342887878418,2.6134662239394943,2.441724773035918,2.565064028015936,1501996000,NVDA
2017-01-04,2.5648179054260254,2.5920901480267675,2.49454886072996,2.5404940323751246,1199220000,NVDA
2017-01-05,2.4997081756591797,2.5999520264565144,2.4827551111789004,2.568257350151927,984296000,NVDA
2017-01-06,2.533123016357422,2.561377968368965,2.486440697603506,2.5269804826720637,822856000,NVDA
2017-01-09,2.635824203491211,2.6535144230501206,2.5429513709050635,2.5429513709050635,916248000,NVDA
2017-01-10,2.615922689437866,2.6827517750167607,2.5952841023977884,2.648845876350075,880920000,NVDA
2017-01-11,2.5837364196777344,2.6092887998087964,2.5589211905195324,2.604375006721751,525664000,NVDA
2017-01-12,2.5414769649505615,2.57243473075697,2.4967602962585236,2.5608870466474247,625616000,NVDA
2017-01-13,2.541231393814087,2.579805527622623,2.5321404893184205,2.545408036234708,457820000,NVDA
2017-01-17,2.4842300415039062,2.5355803694425796,2.4709624937796257,2.530666575695765,580612000,NVDA
2017-01-18,2.529437780380249,2.5363172314299356,2.435090654920114,2.4628542542193763,654424000,NVDA
2017-01-19,2.5837364196777344,2.615676894841562,2.5301748800289494,2.5323860986338063,644872000,NVDA
2017-01-20,2.5554821491241455,2.6240313501065113,2.5336152836902675,2.6063411279048365,492024000,NVDA
2017-01-23,2.582016706466675,2.6019181436902605,2.5478650107203733,2.5503220245630356,369904000,NVDA
2017-01-24,2.637052297592163,2.6431948316079734,2.5773482259780294,2.5920900733022596,428052000,NVDA
2017-01-25,2.6483540534973145,2.6854541102949043,2.6124825033330636,2.6793115771282086,522760000,NVDA
2017-01-26,2.694054126739502,2.701424934152856,2.6215738566192504,2.6510573205864087,458800000,NVDA
2017-01-27,2.746141195297241,2.749089564687412,2.6743980868683974,2.700933177066229,471996000,NVDA
2017-01-30,2.7031447887420654,2.7274686640139563,2.651303107577325,2.725257445228101,496004000,NVDA
2017-01-31,2.6825051307678223,2.703880625833307,2.6584268279986087,2.6768541889914177,362756000,NVDA
2017-02-01,2.7997024059295654,2.803879046942773,2.6992127746222843,2.7169027531117163,590004000,NVDA
2017-02-02,2.8350830078125,2.8436825554531358,2.7532665165065713,2.7837326886239073,483240000,NVDA
2017-02-03,2.8102684020996094,2.8476142674652927,2.7984751559160514,2.8365579380774926,372744000,NVDA
2017-02-06,2.8822567462921143,2.882748102162136,2.8009313748037066,2.8009313748037066,506768000,NVDA
2017-02-07,2.926973342895508,2.9709528554764972,2.896752731610534,2.916408371837332,746224000,NVDA
2017-02-08,2.9141969680786133,2.9313955936054192,2.859406692835975,2.9090373804205716,449580000,NVDA
2017-02-09,2.8594067096710205,2.9252533115153407,2.8402426607218634,2.9203392845852076,842568000,NVDA
2017-02-10,2.791595220565796,2.965547621911336,2.7665341960033856,2.9466291316755453,1651092000,NVDA
2017-02-13,2.662850856781006,2.8004403582335176,2.6584281847875246,2.7859443038998113,1180724000,NVDA
2017-02-14,2.6726796627044678,2.7063400165709175,2.6115012578239236,2.6532695732986764,850632000,NVDA
2017-02-15,2.678084373474121,2.6977400205433266,2.647618190810991,2.6756275933258173,373020000,NVDA
2017-02-16,2.635087251663208,2.688894592056141,2.5960215263926893,2.6876660850769816,647176000,NVDA
2017-02-17,2.6345956325531006,2.6390183044923634,2.574645992234992,2.6215738804814395,563740000,NVDA
2017-02-21,2.72894287109375,2.7328739526110786,2.6589193832207045,2.6591651783277963,551952000,NVDA
2017-02-22,2.724761486053467,2.75034612297505,2.7058188791348816,2.7409978722068167,433772000,NVDA
2017-02-23,2.4721121788024902,2.6172556352373433,2.452185863332219,2.595361181442254,1592888000,NVDA
2017-02-24,2.4959750175476074,2.5092593073768668,2.3542756132229297,2.387978431078259,1029904000,NVDA
2017-02-27,2.568546772003174,2.583553095169672,2.498435150591279,2.514179555034169,715400000,NVDA
2017-02-28,2.4964675903320312,2.5879819476913615,2.479247253956923,2.5781414873518855,625360000,NVDA
2017-03-01,2.5286941528320312,2.5675630745056224,2.4873651163996096,2.5532945965919693,504804000,NVDA
2017-03-02,2.435457229614258,2.529923644510873,2.4327512447502864,2.515901275052341,754332000,NVDA
2017-03-03,2.421435832977295,2.4297998953837587,2.367068371592642,2.424879900075746,864692000,NVDA
2017-03-06,2.4027392864227295,2.413317592845352,2.341237821345839,2.3852728459415076,883568000,NVDA
2017-03-07,2.4290623664855957,2.448496950626972,2.3899475620262574,2.4027398811900795,603400000,NVDA
2017-03-08,2.424633741378784,2.4920393882643728,2.4224197318084273,2.4772789334462084,638712000,NVDA
2017-03-09,2.4241421222686768,2.446528561212314,2.3960973712893794,2.4086438183846197,478060000,NVDA
2017-03-10,2.4384090900421143,2.46227167947832,2.420204809674872,2.4504635546856344,499740000,NVDA
2017-03-13,2.5055694580078125,2.515409681730081,2.4480040436582966,2.4487421249550625,774136000,NVDA
2017-03-14,2.5038468837738037,2.527709239322605,2.471619999684516,2.518361228224081,522016000,NVDA
2017-03-15,2.522789716720581,2.5336138921141043,2.4679302892590274,2.515409607798153,615036000,NVDA
2017-03-16,2.5537872314453125,2.554279442211624,2.5193465543745366,2.5333689305860028,523100000,NVDA
2017-03-17,2.609384536743164,2.6106145943346024,2.5537870128138374,2.5712534552370663,1119688000,NVDA
2017-03-20,2.692533254623413,2.6964695311360014,2.610859388042298,2.6268498955250146,748568000,NVDA
2017-03-21,2.6054468154907227,2.7050793137268805,2.597574732797136,2.675312546486109,913484000,NVDA
2017-03-22,2.6585845947265625,2.663258717844418,2.5904408862328694,2.5943769281717475,616764000,NVDA
2017-03-23,2.634476661682129,2.6706396000132964,2.6248825420117314,2.650713044670087,533940000,NVDA
2017-03-24,2.643824815750122,2.6885979200273225,2.6179943140187345,2.680725834149984,439500000,NVDA
2017-03-27,2.663013219833374,2.6669492626697946,2.548128488573153,2.5973296105520522,506644000,NVDA
2017-03-28,2.6492364406585693,2.6787571081412884,2.638904242231029,2.664242762366579,432444000,NVDA
2017-03-29,2.640626907348633,2.6689175244648866,2.638412897814142,2.6566171847505906,349992000,NVDA
2017-03-30,2.691303253173828,2.7060637038776627,2.642102141843388,2.647760216859272,525532000,NVDA
2017-03-31,2.6797420978546143,2.7033588286749244,2.6667039094396108,2.6817102369594736,440808000,NVDA
2017-04-03,2.6662111282348633,2.6974538314549887,2.6425944045457865,2.6802334992728953,445232000,NVDA
2017-04-04,2.4792466163635254,2.5687928117042675,2.4684224412270614,2.5437001604326093,1271280000,NVDA
2017-04-05,2.4607954025268555,2.5183607945259645,2.4477569879872045,2.4605492973203402,747048000,NVDA
2017-04-06,2.478755235671997,2.4908094709294026,2.420943705208998,2.4659629189797956,635120000,NVDA
2017-04-07,2.4681766033172607,2.502617505550727,2.453170278908304,2.485151066423069,429068000,NVDA
2017-04-10,2.4051990509033203,2.4755565440278815,2.4010169030886455,2.4689145162717248,756332000,NVDA
2017-04-11,2.413809299468994,2.4329977713229933,2.370266255793701,2.3751862504537433,618148000,NVDA
2017-04-12,2.393883466720581,2.428078272762027,2.3887173651985942,2.413810025883613,414092000,NVDA
2017-04-13,2.3491103649139404,2.3914233642336202,2.3491103649139404,2.3697750057227713,506892000,NVDA
2017-04-17,2.441115617752075,2.441361488415217,2.3567355276309656,2.3619016268698814,497292000,NVDA
2017-04-18,2.442591905593872,2.448742192220133,2.4010170002819105,2.4268475002838685,370116000,NVDA
2017-04-19,2.452185869216919,2.4841664161537507,2.44554360763795,2.4600579533162663,380828000,NVDA
2017-04-20,2.491054058074951,2.4957281799641517,2.4455428959547705,2.466699497055224,404016000,NVDA
2017-04-21,2.501387119293213,2.504093104362313,2.4689143600263215,2.480722486826468,341896000,NVDA
2017-04-24,2.532630205154419,2.5456683911279727,2.511965804165636,2.532876075865548,371820000,NVDA
2017-04-25,2.5766654014587402,2.59117975111838,2.5257422422861238,2.5471447260744773,388440000,NVDA
2017-04-26,2.558952808380127,2.5926553939114743,2.556984669727375,2.590195513857343,327004000,NVDA
2017-04-27,2.5988054275512695,2.607169488139887,2.5483742549051143,2.566332667903805,319700000,NVDA
2017-04-28,2.565840244293213,2.5988049741524346,2.560181935183158,2.591916842654333,348248000,NVDA
2017-05-01,2.623405933380127,2.6285722676432535,2.5695306930406367,2.5766649312045447,307732000,NVDA
2017-05-02,2.545668601989746,2.5978220540322865,2.5230360603899555,2.596591996546382,629972000,NVDA
2017-05-03,2.5646111965179443,2.574205316420226,2.5240202380669903,2.538780458625805,336904000,NVDA
2017-05-04,2.554769992828369,2.581830543228637,2.546897674883795,2.570760264744576,209788000,NVDA
2017-05-05,2.5550167560577393,2.5621509953665464,2.52771009087208,2.5432086269297973,228428000,NVDA
2017-05-08,2.5282020568847656,2.5683007994263565,2.516885670296576,2.566824871406738,365240000,NVDA
2017-05-09,2.5323832035064697,2.581338437781204,2.52549507228157,2.5338593656885906,847672000,NVDA
2017-05-10,2.9838039875030518,2.9968424043742012,2.8049579646742,2.811599991125646,2129096000,NVDA
2017-05-11,3.111973762512207,3.2086542052950953,2.949856051987478,2.953300118710733,1939792000,NVDA
2017-05-12,3.1461684703826904,3.1882355858148634,3.0942613656837508,3.115171870746878,962620000,NVDA
2017-05-15,3.3041043281555176,3.306564442825433,3.1828234433201725,3.18725169664791,1087540000,NVDA
2017-05-16,3.3656063079833984,3.381104845114287,3.2807344502247195,3.355028000953613,1120700000,NVDA
2017-05-17,3.141986608505249,3.317634713145954,3.1378044605022555,3.2989382170921804,1271368000,NVDA
2017-05-18,3.2735989093780518,3.282455179274553,3.1255033736479074,3.1857747607755424,1156032000,NVDA
2017-05-19,3.349202871322632,3.4038734765702734,3.3299941914250475,3.3745680800301447,1018372000,NVDA
2017-05-22,3.420619249343872,3.434902516485573,3.381955529993413,3.39279133872097,836608000,NVDA
2017-05-23,3.374567985534668,3.4425371044559427,3.34206102582695,3.440320763540692,681248000,NVDA
2017-05-24,3.412492513656616,3.4740587333872472,3.400425352340776,3.47134966377439,815996000,NVDA
2017-05-25,3.4048588275909424,3.4484477295896454,3.3600385728126874,3.447708870950609,608228000,NVDA
2017-05-26,3.493021011352539,3.5777360950326846,3.3765378300064604,3.3967314953888175,779140000,NVDA
2017-05-30,3.5676403045654297,3.6026097400799704,3.522820045977074,3.538827163758927,989652000,NVDA
2017-05-31,3.5548343658447266,3.6200944219490516,3.498193309851865,3.6124601753040957,887316000,NVDA
2017-06-01,3.555079936981201,3.5715797805110046,3.5097671932483245,3.570594557486202,503340000,NVDA
2017-06-02,3.537349224090576,3.5782290542240065,3.53143882495269,3.552124987078774,487456000,NVDA
2017-06-05,3.6449663639068604,3.65777214881115,3.509520869154588,3.5210953014884856,817376000,NVDA
2017-06-06,3.628467321395874,3.6863394920807755,3.6151690403630994,3.6402878851713822,758728000,NVDA
2017-06-07,3.672302484512329,3.6910186714007622,3.6373330512050077,3.652847673825219,612612000,NVDA
2017-06-08,3.9387614727020264,3.9402389552156487,3.738055419401065,3.779181618403672,1161744000,NVDA
2017-06-09,3.684123992919922,4.149564874852214,3.515432383652875,4.05696938059714,3692928000,NVDA
2017-06-12,3.6932356357574463,3.735839557597291,3.4996715450981277,3.592513401695967,1697532000,NVDA
2017-06-13,3.7284507751464844,3.811442022470796,3.5868482657887526,3.8023300593338893,1672504000,NVDA
2017-06-14,3.7363312244415283,3.7939572645243587,3.6570340337043596,3.73140604833155,1184640000,NVDA
2017-06-15,3.752338409423828,3.7826287930745965,3.60778070405063,3.6191090078591093,963824000,NVDA
2017-06-16,3.73386812210083,3.8097178458988243,3.6998836824988297,3.7619423979703273,924960000,NVDA
2017-06-19,3.8742403984069824,3.8794119399690397,3.774256791827417,3.7779506158822778,778176000,NVDA
2017-06-20,3.8685762882232666,3.9830895358047624,3.8643899697778985,3.9163517520903395,1095444000,NVDA
2017-06-21,3.9271860122680664,3.93088007009331,3.8343441862733734,3.8961567720194057,682652000,NVDA
2017-06-22,3.9000978469848633,3.948612164399356,3.8762101176298605,3.935313647144778,469132000,NVDA
2017-06-23,3.7882936000823975,3.9234929972504027,3.7732712360801353,3.9077320094161867,1088588000,NVDA
2017-06-26,3.7469208240509033,3.8565086391354506,3.6528476314064036,3.8210464772321058,1063960000,NVDA
2017-06-27,3.6097517013549805,3.7380557201093936,3.6040876656456367,3.729436484278531,999492000,NVDA
2017-06-28,3.737070322036743,3.7417493688115258,3.5893112715841275,3.677227937134784,994948000,NVDA
2017-06-29,3.612213611602783,3.71170446597166,3.5481846811678057,3.7087495013575937,1064424000,NVDA
2017-06-30,3.5600054264068604,3.642996670265678,3.5339013605165364,3.629452025797201,731060000,NVDA
2017-07-03,3.431209087371826,3.586848511692932,3.412739265058736,3.572072747785073,709072000,NVDA
2017-07-05,3.5228192806243896,3.5516321803145767,3.4755363265400723,3.494498640153089,820188000,NVDA
2017-07-06,3.5334086418151855,3.5801991038293846,3.441798163885764,3.4937601661978737,746284000,NVDA
2017-07-07,3.6141839027404785,3.632407595253228,3.5671473064511754,3.5900500456284203,654972000,NVDA
2017-07-10,3.7850918769836426,3.792479758989265,3.6614669200732775,3.6875709890259074,958492000,NVDA
2017-07-11,3.838778018951416,3.8464122660319835,3.7469211591746205,3.788786218427922,757956000,NVDA
2017-07-12,4.002051830291748,4.014118761027232,3.8555243445048655,3.8983743960142183,1145208000,NVDA
2017-07-13,3.9557526111602783,4.095384655956342,3.9094548823963935,4.014117266165911,1369132000,NVDA
2017-07-14,4.062139987945557,4.063617235487492,3.965111363227694,3.9720067508002272,941948000,NVDA
2017-07-17,4.044902324676514,4.124938635336989,3.9833360763879018,4.0961254883451055,930792000,NVDA
2017-07-18,4.08701229095459,4.101541923262024,3.972252479888091,3.9840732773099026,776640000,NVDA
2017-07-19,4.0658345222473145,4.122475349985745,4.0537675918855784,4.096124912992245,687044000,NVDA
2017-07-20,4.124936580657959,4.125182710251112,4.036527676280593,4.086273097449493,699596000,NVDA
2017-07-21,4.139713764190674,4.169265765479871,4.090214455601973,4.104497962034511,648332000,NVDA
2017-07-24,4.091691493988037,4.1564592866837495,4.081102283044865,4.146855064001216,652524000,NVDA
2017-07-25,4.071991920471191,4.086275430148389,4.028403002238622,4.068790355080689,496556000,NVDA
2017-07-26,4.119028091430664,4.184780891174555,4.084304544471581,4.129371175692267,640404000,NVDA
2017-07-27,3.9830899238586426,4.15547560596468,3.880151102822944,4.143900933405792,782856000,NVDA
2017-07-28,4.0483479499816895,4.072728401060417,3.9225069165797573,3.9473793919818627,513348000,NVDA
2017-07-31,4.002051830291748,4.097848887109207,3.955507954597738,4.061894224591559,559672000,NVDA
2017-08-01,4.050810813903809,4.05253466052684,3.9648646123518327,3.992692287919914,431384000,NVDA
2017-08-02,4.0483479499816895,4.085780315021009,3.971513713470661,4.0818403627303175,478444000,NVDA
2017-08-03,4.099818706512451,4.103512530131977,4.030864357431836,4.047856697622573,442420000,NVDA
2017-08-04,4.117795467376709,4.188227054368191,4.099818141346504,4.122474278668921,589096000,NVDA
2017-08-07,4.244375705718994,4.244867964964748,4.137250135926912,4.146854827775361,717412000,NVDA
2017-08-08,4.1938934326171875,4.298802007297087,4.15473719698966,4.282302390098745,755336000,NVDA
2017-08-09,4.238465309143066,4.240928014512272,4.129123633258059,4.147839818293603,530784000,NVDA
2017-08-10,4.0569682121276855,4.252009968811545,4.046871260992244,4.239696441922096,1328088000,NVDA
2017-08-11,3.840747117996216,3.915611619411367,3.7656364869707755,3.869806382252238,1497196000,NVDA
2017-08-14,4.1471028327941895,4.150796657659842,3.920539003340591,3.9321134419757606,1279020000,NVDA
2017-08-15,4.112131595611572,4.178376636947612,4.0779007869894395,4.152272803609251,764532000,NVDA
2017-08-16,4.067063808441162,4.150547764644958,4.034803455351529,4.127152773215954,596632000,NVDA
2017-08-17,3.976438522338867,4.0756832305013955,3.974222416676876,4.058691364812007,525444000,NVDA
2017-08-18,3.9771780967712402,4.047610156016509,3.9313728566700683,4.030617817555207,601204000,NVDA
2017-08-21,3.919306755065918,4.012887466283256,3.875471717017157,4.001559394825823,623672000,NVDA
2017-08-22,4.0065598487854,4.012475450989227,3.93655918287551,3.95578477250631,450456000,NVDA
2017-08-23,4.086667060852051,4.097758757496956,3.964658397758096,3.973285690816658,579520000,NVDA
2017-08-24,4.071630001068115,4.123145043839656,4.045256849134791,4.118707990683631,469700000,NVDA
2017-08-25,4.037618160247803,4.105893718517991,4.031209393272156,4.095787875288201,357200000,NVDA
2017-08-28,4.06620979309082,4.069414176529954,4.001138619297182,4.0565971129000955,389496000,NVDA
2017-08-29,4.059554576873779,4.0812452810059865,3.999413152953871,4.007547284535115,324096000,NVDA
2017-08-30,4.083710193634033,4.0948018921779195,4.048956079496078,4.079273138115142,384400000,NVDA
2017-08-31,4.176387786865234,4.180331209929679,4.096527828289391,4.103921981598593,612684000,NVDA
2017-09-01,4.201526641845703,4.237020252340178,4.180329108088711,4.188956399489597,445432000,NVDA
2017-09-05,4.0893778800964355,4.155188544389192,4.031454998962617,4.150258797446492,695364000,NVDA
2017-09-06,4.0869140625,4.135964258037105,4.0521604188662375,4.1221613391327265,397672000,NVDA
2017-09-07,4.105893611907959,4.138182381950914,4.065717056541833,4.103675084137066,352868000,NVDA
2017-09-08,4.0346598625183105,4.109097366445899,4.010504754981762,4.094308592257942,498856000,NVDA
2017-09-11,4.165541648864746,4.176140654139937,4.074836353686888,4.080259264569538,567444000,NVDA
2017-09-12,4.180575370788574,4.190188046060202,4.115504230293803,4.190188046060202,411488000,NVDA
2017-09-13,4.199309825897217,4.228147864053184,4.123146959764327,4.155435727449726,580960000,NVDA
2017-09-14,4.175401210784912,4.25328944439174,4.13596416618348,4.160365620097038,513712000,NVDA
2017-09-15,4.4393815994262695,4.4393815994262695,4.2555061888913635,4.26068228176844,1364792000,NVDA
2017-09-18,4.622764587402344,4.712730831553845,4.5564612246763705,4.563362682950798,1684460000,NVDA
2017-09-19,4.617834091186523,4.679454506728905,4.550544420646694,4.572481461586319,874280000,NVDA
2017-09-20,4.580615997314453,4.668856400388209,4.540439452354384,4.621532051339948,724920000,NVDA
2017-09-21,4.455403804779053,4.503221320582178,4.37776192818237,4.477094035298645,1075600000,NVDA
2017-09-22,4.412022590637207,4.4936083539713785,4.4021635665339405,4.444065476757586,491232000,NVDA
2017-09-25,4.214836120605469,4.382443710332978,4.194131753195312,4.381211038867278,874580000,NVDA
2017-09-26,4.238499164581299,4.404135087542824,4.198815783307401,4.349169772947171,1125620000,NVDA
2017-09-27,4.331423282623291,4.344733506207102,4.257971646840321,4.328712062666812,713720000,NVDA
2017-09-28,4.330190181732178,4.342514077203216,4.282865370040082,4.338570186186716,435244000,NVDA
2017-09-29,4.4063544273376465,4.430016370605665,4.368889096171666,4.413995395407725,619092000,NVDA
2017-10-02,4.412022590637207,4.485474224219115,4.362726529867753,4.456389374418309,503480000,NVDA
2017-10-03,4.421142578125,4.4509669370214695,4.377022140638346,4.418184541803863,390332000,NVDA
2017-10-04,4.4581146240234375,4.480298015342388,4.390824941005747,4.427304410538956,427848000,NVDA
2017-10-05,4.455650329589844,4.485967854391558,4.425825967601629,4.482517125076886,437364000,NVDA
2017-10-06,4.468714714050293,4.482024941530211,4.412024014315431,4.428045462545445,318800000,NVDA
2017-10-09,4.569524765014648,4.602553509236207,4.486706793186109,4.5054394576548615,563492000,NVDA
2017-10-10,4.6567792892456055,4.755865051096125,4.615616885018204,4.718399722418591,974876000,NVDA
2017-10-11,4.7063212394714355,4.707800257449538,4.627447175828024,4.673292502010669,529508000,NVDA
2017-10-12,4.7085418701171875,4.759316965494428,4.681428722328736,4.709774072231793,528292000,NVDA
2017-10-13,4.79628849029541,4.806394332746527,4.72382316858834,4.7706543646213495,628728000,NVDA
2017-10-16,4.878612518310547,4.881570554708424,4.763012625127096,4.826112073513968,576640000,NVDA
2017-10-17,4.874176979064941,4.902522326614614,4.839669681200413,4.857909185767853,478596000,NVDA
2017-10-18,4.869985580444336,4.8837884963035805,4.764984693336063,4.883049457348174,567316000,NVDA
2017-10-19,4.8754096031188965,4.8803388812461606,4.743541893149545,4.7925916189341695,570772000,NVDA
2017-10-20,4.8532257080078125,4.919529075749701,4.844352068036117,4.8924164033890305,451620000,NVDA
2017-10-23,4.846323013305664,4.901288323311275,4.826111334769268,4.874914696724625,428696000,NVDA
2017-10-24,4.897099494934082,4.898824859689682,4.829563452981556,4.855443924315561,407244000,NVDA
2017-10-25,4.773364543914795,4.910408782898703,4.711990933628069,4.857661524616627,828160000,NVDA
2017-10-26,4.823401927947998,4.834986319415834,4.777063421823301,4.800972184149839,322744000,NVDA
2017-10-27,4.975481033325195,4.975727379689853,4.849528462240865,4.875409404456083,572192000,NVDA
2017-10-30,5.024284362792969,5.07974238241726,4.959705886243587,4.975480985837473,504056000,NVDA
2017-10-31,5.097488880157471,5.124108859578023,5.050410870882183,5.0560801277536385,411908000,NVDA
2017-11-01,5.107102870941162,5.175378436777145,5.04301754471666,5.160096497047448,502576000,NVDA
2017-11-02,5.076045036315918,5.122137190452961,5.019600693993222,5.077524054664331,342308000,NVDA
2017-11-03,5.143827438354492,5.143827438354492,5.061256278961522,5.107101616765413,353640000,NVDA
2017-11-06,5.16699743270874,5.175624257465878,5.094778451134223,5.107102352179651,389944000,NVDA
2017-11-07,5.226152420043945,5.247596776474812,5.1775958604437,5.189673413754283,427700000,NVDA
2017-11-08,5.155412673950195,5.225413592819289,5.108088314347517,5.221716046667525,522988000,NVDA
2017-11-09,5.060763359069824,5.085657975283052,4.938755152001494,5.059531157134242,978564000,NVDA
2017-11-10,5.327455520629883,5.389815454407801,5.216292221737924,5.252032180919687,1253256000,NVDA
2017-11-13,5.240942478179932,5.352844858522917,5.225660539335314,5.327457546040661,582376000,NVDA
2017-11-14,5.279146194458008,5.294428131390029,5.206434055911553,5.250061339039426,529292000,NVDA
2017-11-15,5.175624847412109,5.225414560420066,5.121892181407678,5.224181888099002,501948000,NVDA
2017-11-16,5.215799808502197,5.279638769521863,5.206926639070606,5.2495680618630285,441768000,NVDA
2017-11-17,5.209637641906738,5.307983891199637,5.19460252376764,5.272737091154528,515664000,NVDA
2017-11-20,5.276682376861572,5.288759931879292,5.188441475086333,5.22516730305166,396100000,NVDA
2017-11-21,5.325237274169922,5.336822132770991,5.284568036161533,5.316364105545761,399176000,NVDA
2017-11-22,5.301312446594238,5.352369793529708,5.26875426113043,5.352369793529708,356640000,NVDA
2017-11-24,5.351383686065674,5.352370697085445,5.2931735585641,5.317592437010817,180752000,NVDA
2017-11-27,5.281827449798584,5.36124984326041,5.278620840230842,5.3600167852092,422896000,NVDA
2017-11-28,5.197225093841553,5.296379704108994,5.136301867507722,5.287006863868924,512752000,NVDA
2017-11-29,4.844757080078125,5.18267134328544,4.716743956250324,5.179958239990713,1396788000,NVDA
2017-11-30,4.950573444366455,4.999164222248602,4.850432736809754,4.913329061226639,823768000,NVDA
2017-12-01,4.8758344650268555,4.936264632828495,4.747328326065781,4.916038914273341,811548000,NVDA
2017-12-04,4.6040239334106445,4.940458627359775,4.550746995472226,4.934291927410137,1240844000,NVDA
2017-12-05,4.63066291809082,4.753002863192906,4.454059488742002,4.498950133747102,981488000,NVDA
2017-12-06,4.668153762817383,4.689859060043696,4.559132830419592,4.580345092739146,467032000,NVDA
2017-12-07,4.735490322113037,4.775201748430145,4.689366148024566,4.734750299206108,542600000,NVDA
2017-12-08,4.723158359527588,4.804307313562994,4.714772059635796,4.785314644824547,466876000,NVDA
2017-12-11,4.8013458251953125,4.804305916274212,4.721430422861921,4.73721600710563,372748000,NVDA
2017-12-12,4.707125663757324,4.781121844490045,4.683693798607918,4.757936496844971,455016000,NVDA
2017-12-13,4.5921854972839355,4.749303241559217,4.584785738024282,4.748070183575902,554280000,NVDA
2017-12-14,4.599337100982666,4.6701266548574125,4.553212934591881,4.585771114343831,438164000,NVDA
2017-12-15,4.724883079528809,4.745108798381988,4.5783712879096905,4.643241122326029,670036000,NVDA
2017-12-18,4.881263732910156,4.884223354769753,4.735738406280227,4.765336506689484,477704000,NVDA
2017-12-19,4.8371124267578125,4.877070378135126,4.808747385698268,4.8718906872578165,373100000,NVDA
2017-12-20,4.854132175445557,4.885456842305982,4.798635144234003,4.876330987930178,288820000,NVDA
2017-12-21,4.831685543060303,4.882495904153464,4.823299243634855,4.857583993827212,300904000,NVDA
2017-12-22,4.8163933753967285,4.825766216012639,4.717238761153306,4.7949345901227485,466276000,NVDA
2017-12-26,4.8699164390563965,4.877562715512984,4.731297392853621,4.7611424757385965,355080000,NVDA
2017-12-27,4.863257884979248,4.932320907369323,4.842046084286312,4.856598617794886,329488000,NVDA
2017-12-28,4.868928909301758,4.917766179430321,4.8627626799808406,4.886934562372595,240248000,NVDA
2017-12-29,4.772736072540283,4.895076043031667,4.772736072540283,4.895076043031667,279964000,NVDA
2018-01-02,4.917027473449707,4.9207275883956845,4.797401087137178,4.828972264987733,355616000,NVDA
2018-01-03,5.240635871887207,5.270974459812394,5.025554534443815,5.034187351222553,914704000,NVDA
2018-01-04,5.268261909484863,5.378269421100774,5.246063099038484,5.3217858543688354,583268000,NVDA
2018-01-05,5.312905788421631,5.3501501614380835,5.206351418828045,5.283060704235155,580124000,NVDA
2018-01-08,5.475696563720703,5.549692272506155,5.391341004070175,5.436232122974697,881216000,NVDA
2018-01-09,5.474215507507324,5.520586193303134,5.392820054684219,5.481121759840608,497000000,NVDA
2018-01-10,5.51713228225708,5.520585407932473,5.327702934494961,5.381966405173004,582664000,NVDA
2018-01-11,5.527000904083252,5.581017879622063,5.50554164801738,5.549692747751451,406032000,NVDA
2018-01-12,5.499867916107178,5.549445214940854,5.459416938847152,5.515160467737318,359916000,NVDA
2018-01-16,5.429078102111816,5.611601231975617,5.344723025023054,5.526259614577801,702348000,NVDA
2018-01-17,5.542787075042725,5.552652951882488,5.349904501814696,5.443632448832442,538408000,NVDA
2018-01-18,5.535879611968994,5.590143098878564,5.4924685401694004,5.523546680544163,408632000,NVDA
2018-01-19,5.6757307052612305,5.699902587922885,5.599021908382469,5.62590689433937,609380000,NVDA
2018-01-22,5.764034271240234,5.76576083484544,5.626155229898844,5.683625334380679,550944000,NVDA
2018-01-23,5.892787933349609,5.9154797795703535,5.798812997620069,5.817311693254807,475228000,NVDA
2018-01-24,5.816075801849365,5.931755986801722,5.7605788010729855,5.895991200695488,579972000,NVDA
2018-01-25,5.8296427726745605,5.913504816806049,5.8148437267846464,5.87034026648512,409884000,NVDA
2018-01-26,6.001806735992432,6.002053253470751,5.860474596136924,5.873300561807577,516356000,NVDA
2018-01-29,6.088627338409424,6.119705942006324,5.934716247754665,5.987253159086262,455116000,NVDA
2018-01-30,5.986761569976807,6.078023388684311,5.88045418520516,5.947050609360371,570832000,NVDA
2018-01-31,6.062730312347412,6.1483189276848345,6.029432103138454,6.061990289415672,478576000,NVDA
2018-02-01,5.932003021240234,6.089861222812814,5.871819831818923,5.883165750391174,519224000,NVDA
2018-02-02,5.759840965270996,5.869601950904901,5.70187782729948,5.845676578607228,718464000,NVDA
2018-02-05,5.270974159240723,5.752687189838002,5.056385869019509,5.599022589485811,1165204000,NVDA
2018-02-06,5.563997745513916,5.566957366578849,5.031720411614622,5.041586756070795,1114800000,NVDA
2018-02-07,5.6434197425842285,5.795604767983694,5.59162284473863,5.662658926393454,802932000,NVDA
2018-02-08,5.365196228027344,5.801771678249629,5.364949240065885,5.7687204549270295,1144000000,NVDA
2018-02-09,5.724323749542236,5.892294408157452,5.365197080618622,5.876508816965499,1674604000,NVDA
2018-02-12,5.624425411224365,5.8081820109742495,5.550429736553005,5.8052219205337,1093172000,NVDA
2018-02-13,5.737889766693115,5.784013952731397,5.555859609384392,5.5881712854567,625524000,NVDA
2018-02-14,5.954697608947754,5.983556157007501,5.68658578674114,5.697685192113863,744988000,NVDA
2018-02-15,6.0799946784973145,6.126118844517371,5.95716171785793,6.037817143806099,698900000,NVDA
2018-02-16,6.014386177062988,6.166324213744753,6.005259855390745,6.052864074029387,637656000,NVDA
2018-02-20,6.143635272979736,6.212451318077823,6.033134231764985,6.036834347947384,686240000,NVDA
2018-02-21,5.956915378570557,6.21491472726364,5.953215734733468,6.208008474526043,892292000,NVDA
2018-02-22,5.976412296295166,6.062300750253719,5.91100880255881,5.990727195536751,534364000,NVDA
2018-02-23,6.06970739364624,6.06970739364624,5.985546543870526,6.036141816174472,415300000,NVDA
2018-02-26,6.085749626159668,6.12030235551838,6.023554242568354,6.115859928993064,469312000,NVDA
2018-02-27,6.072916507720947,6.143256270978782,6.049963418372065,6.059094943366212,455436000,NVDA
2018-02-28,5.972712993621826,6.123264525219196,5.961112878425158,6.0837755525957204,523116000,NVDA
2018-03-01,5.731090545654297,6.024296428143929,5.630146648359294,5.970492540974299,1040120000,NVDA
2018-03-02,5.837954998016357,5.844372201676828,5.475396642821389,5.6237271608527415,913428000,NVDA
2018-03-05,5.8159894943237305,5.8554784572158525,5.664697046299793,5.787853502345341,620776000,NVDA
2018-03-06,5.976660251617432,5.995911392079758,5.858193360641316,5.901137596851519,636808000,NVDA
2018-03-07,5.968761920928955,6.020838145115512,5.872754311705002,5.873988135737481,581208000,NVDA
2018-03-08,5.9524736404418945,5.996158361625562,5.90829510712101,5.996158361625562,411912000,NVDA
2018-03-09,6.054898738861084,6.0677322060541785,5.983818503411695,5.999860572775875,505524000,NVDA
2018-03-12,6.164233684539795,6.2441987733819575,6.087970539305087,6.09611538013624,605060000,NVDA
2018-03-13,6.113636493682861,6.2812181181068985,6.0724199025570185,6.206929303380776,619772000,NVDA
2018-03-14,6.139060020446777,6.183731900336136,6.076864633466693,6.1565830567918445,505496000,NVDA
2018-03-15,6.153866767883301,6.234818995861095,6.111909688417402,6.152632943816161,401952000,NVDA
2018-03-16,6.182003498077393,6.201007497906318,6.132642056064475,6.170156714334644,399456000,NVDA
2018-03-19,5.948030471801758,6.154113456023978,5.849308070056217,6.125237453613692,713772000,NVDA
2018-03-20,6.159790992736816,6.198539475828768,5.9509927205505395,5.9509927205505395,554696000,NVDA
2018-03-21,6.134616374969482,6.219517691114243,6.1042589350562935,6.153373231955915,438688000,NVDA
2018-03-22,5.9690093994140625,6.117833735683708,5.931741883046754,6.071434225556255,551196000,NVDA
2018-03-23,5.749845504760742,5.985051645860791,5.7387392045262295,5.9825835268369465,735620000,NVDA
2018-03-26,6.0339202880859375,6.035154112432693,5.822160535960724,5.873989631946145,611424000,NVDA
2018-03-27,5.56597375869751,6.170155360278043,5.4260347744670705,6.114623867886442,1409000000,NVDA
2018-03-28,5.463056564331055,5.661488535439723,5.355695974165066,5.531668673764212,945904000,NVDA
2018-03-29,5.715785980224609,5.812286936723993,5.4470138036293445,5.531174636059601,916628000,NVDA
2018-04-02,5.45565128326416,5.791307887143642,5.368035189698574,5.645445511628275,922092000,NVDA
2018-04-03,5.561779499053955,5.685182639429229,5.4630570809028605,5.622247244965913,667432000,NVDA
2018-04-04,5.58374547958374,5.594111298273365,5.28165435960762,5.306581752753473,789168000,NVDA
2018-04-05,5.463795185089111,5.65506987524973,5.392468310217527,5.641989272341469,701240000,NVDA
2018-04-06,5.287825107574463,5.469227899635087,5.258701954889067,5.361373472253945,662988000,NVDA
2018-04-09,5.316452503204346,5.478357406083244,5.296460884442956,5.350758550318762,499524000,NVDA
2018-04-10,5.6249613761901855,5.651863073109065,5.489217655227911,5.546230121596091,761676000,NVDA
2018-04-11,5.58374547958374,5.651370442520072,5.551167057774741,5.610153838469719,460244000,NVDA
2018-04-12,5.790076732635498,5.8078469140743,5.632367490387289,5.676546037836725,593920000,NVDA
2018-04-13,5.713565826416016,5.861896373252153,5.665438672598812,5.853504861026074,503036000,NVDA
2018-04-16,5.713318824768066,5.746637730268352,5.619285500628079,5.720229370731476,350792000,NVDA
2018-04-17,5.862637042999268,5.883862494969339,5.709864064453389,5.765395578606497,447224000,NVDA
2018-04-18,5.833759784698486,5.904840019200666,5.744909844629974,5.812287664851153,391364000,NVDA
2018-04-19,5.652851581573486,5.753054977735514,5.597567208929984,5.7197360692602555,471996000,NVDA
2018-04-20,5.644708156585693,5.728375212527479,5.613610691761973,5.644214344284753,386200000,NVDA
2018-04-23,5.525498390197754,5.713564536155137,5.499583847186107,5.662475932895828,427508000,NVDA
2018-04-24,5.459354877471924,5.64692722765799,5.394198037519021,5.5511667455195965,414596000,NVDA
2018-04-25,5.347304821014404,5.468733650886996,5.190336109890054,5.429738026118685,588492000,NVDA
2018-04-26,5.558570384979248,5.566715224983749,5.4428182838610635,5.508715603710221,375824000,NVDA
2018-04-27,5.58596658706665,5.683948996221032,5.543762828458782,5.6642045119618345,400848000,NVDA
2018-04-30,5.5506720542907715,5.651862570896132,5.531421386783354,5.60225446595979,327844000,NVDA
2018-05-01,5.605957984924316,5.608672774903444,5.4840353406024684,5.542528778860917,253788000,NVDA
2018-05-02,5.585474014282227,5.646928453432952,5.559312321897096,5.602503710795487,268248000,NVDA
2018-05-03,5.750339984893799,5.776501675131052,5.572145804495262,5.617311497159467,443144000,NVDA
2018-05-04,5.900150775909424,5.903359377958248,5.704433582860858,5.721709946592055,400660000,NVDA
2018-05-07,6.137578010559082,6.194590478154697,5.994677070919185,6.004549547163417,687616000,NVDA
2018-05-08,6.180029392242432,6.182744182199865,6.088957533470975,6.137825164941623,506616000,NVDA
2018-05-09,6.312809467315674,6.315030915426905,6.172870475691632,6.200019311349808,596760000,NVDA
2018-05-10,6.420173168182373,6.429304693562391,6.34785862367767,6.365628803674077,994080000,NVDA
2018-05-11,6.28195858001709,6.411778894428217,6.183483326290647,6.238767679259878,1214456000,NVDA
2018-05-14,6.302445888519287,6.379696668096052,6.278752787315298,6.319969396741228,523140000,NVDA
2018-05-15,6.060574531555176,6.241730614738236,5.960371154923462,6.239015354185989,963528000,NVDA
2018-05-16,6.071680068969727,6.133628297596032,5.985297793663824,6.022071963639038,553828000,NVDA
2018-05-17,6.113636493682861,6.207175974011572,6.05736452065987,6.07340705582568,519784000,NVDA
2018-05-18,6.069953441619873,6.228649788472439,6.065017203183081,6.165467725314809,483716000,NVDA
2018-05-21,6.0279974937438965,6.170898469455609,5.935445123946759,6.167196525302346,640624000,NVDA
2018-05-22,5.989987850189209,6.066497656515398,5.929520111309346,6.041323595806813,518264000,NVDA
2018-05-23,6.113219261169434,6.114454319191835,5.933186238091584,5.933927178697701,442956000,NVDA
2018-05-24,6.116925239562988,6.15915556891217,6.056420568216453,6.1095167734599265,437372000,NVDA
2018-05-25,6.156189918518066,6.172489198399867,6.093956561352979,6.129518412442084,292112000,NVDA
2018-05-29,6.139150619506836,6.207064688405136,6.092475594627293,6.138162855583409,352684000,NVDA
2018-05-30,6.2478132247924805,6.2564567487014715,6.14804199393629,6.172737978406287,390996000,NVDA
2018-05-31,6.228057384490967,6.302392171326767,6.205337395971548,6.215956449360895,493868000,NVDA
2018-06-01,6.362155437469482,6.368329787255433,6.26411290518787,6.272756429644096,421968000,NVDA
2018-06-04,6.540705680847168,6.5626847221053835,6.36413005494326,6.396234500090947,642024000,NVDA
2018-06-05,6.546139240264893,6.583677096773673,6.499216919628917,6.543916418088703,391712000,NVDA
2018-06-06,6.54811429977417,6.551324885675663,6.439946382337691,6.456245664020402,371356000,NVDA
2018-06-07,6.49254846572876,6.556263706551306,6.402408069951201,6.544409598715337,369448000,NVDA
2018-06-08,6.477237224578857,6.519713896588702,6.401173755259388,6.41994268162536,360456000,NVDA
2018-06-11,6.436243534088135,6.506132672057842,6.423401658757259,6.464643753775056,265372000,NVDA
2018-06-12,6.484645366668701,6.4967462976121695,6.412533427392816,6.462666326623813,319160000,NVDA
2018-06-13,6.480201721191406,6.560957201601177,6.471064079513934,6.486128776463721,338208000,NVDA
2018-06-14,6.591579437255859,6.648133043170649,6.510329849227607,6.525147721117693,430016000,NVDA
2018-06-15,6.550832748413086,6.605657664376299,6.503663593663274,6.534533461803396,432260000,NVDA
2018-06-18,6.546633720397949,6.564167591402365,6.479707880615835,6.506873039510518,356268000,NVDA
2018-06-19,6.425128936767578,6.510823694363652,6.297945270102739,6.443650569300422,594932000,NVDA
2018-06-20,6.47797966003418,6.5308285712775636,6.4278467467428735,6.466125548958562,369780000,NVDA
2018-06-21,6.349560260772705,6.528111436405862,6.341904501110473,6.509836625133135,359516000,NVDA
2018-06-22,6.197432994842529,6.383640391929357,6.182121947314975,6.370304401232539,434160000,NVDA
2018-06-25,5.905280590057373,6.094944913252802,5.816869364654443,6.091240680979333,665816000,NVDA
2018-06-26,5.976158142089844,6.066545376346424,5.924790646805313,6.0183884672763535,478884000,NVDA
2018-06-27,5.821315765380859,6.085808556712581,5.815882356392251,6.019623653064523,453892000,NVDA
2018-06-28,5.948252201080322,5.960106311235396,5.803780999000029,5.811436758848651,338012000,NVDA
2018-06-29,5.8504557609558105,6.025796332521215,5.84922070282554,6.013201754227096,392300000,NVDA
2018-07-02,5.982332706451416,5.98603693927105,5.760563434065278,5.781061068269142,357572000,NVDA
2018-07-03,5.848974227905273,6.02283339951854,5.840577527851417,6.016906344835624,222732000,NVDA
2018-07-05,5.994433403015137,5.999372222900518,5.865273724519082,5.904046169080395,306216000,NVDA
2018-07-06,6.108034133911133,6.116430834087007,5.948745537945985,5.969984111615345,296352000,NVDA
2018-07-09,6.155450820922852,6.191754094508613,6.076918160362605,6.182122806021269,303880000,NVDA
2018-07-10,6.254234313964844,6.27621335831007,6.127544278022791,6.167798604991752,360016000,NVDA
2018-07-11,6.112974643707275,6.19619977926275,6.102355119236618,6.161625678746171,367508000,NVDA
2018-07-12,6.204348087310791,6.252258172985964,6.148288595545225,6.1581671773918085,345508000,NVDA
2018-07-13,6.15717887878418,6.222870128482694,6.115195848443232,6.222870128482694,246988000,NVDA
2018-07-16,6.129518032073975,6.182367394577086,6.117170279095699,6.129518032073975,197036000,NVDA
2018-07-17,6.265100002288818,6.280164698186903,6.054938026672778,6.080374950814118,362136000,NVDA
2018-07-18,6.215954303741455,6.271520139470533,6.165080934892665,6.257690504095585,277640000,NVDA
2018-07-19,6.224104881286621,6.257691683282383,6.18212232086535,6.1971865460788935,235752000,NVDA
2018-07-20,6.195952415466309,6.260408613393579,6.185086068664709,6.221636165334273,222352000,NVDA
2018-07-23,6.159402370452881,6.171256481420087,6.008016338916703,6.169527776530568,301584000,NVDA
2018-07-24,6.142115116119385,6.293747965843255,6.124580773514485,6.207312253221584,354620000,NVDA
2018-07-25,6.22015380859375,6.232748859308306,6.093710597044604,6.151499265351744,319112000,NVDA
2018-07-26,6.2935004234313965,6.330297340985421,6.183356965047485,6.2001503662000355,325124000,NVDA
2018-07-27,6.223857879638672,6.336965096782798,6.170020739729758,6.330050277990525,295420000,NVDA
2018-07-30,6.029006481170654,6.243860889699436,5.9941850983870015,6.2379338357993115,340340000,NVDA
2018-07-31,6.047036170959473,6.121617776607149,5.979863502534976,6.018635951492422,283988000,NVDA
2018-08-01,6.08679723739624,6.133472747683853,6.023081969868773,6.078401005943569,283556000,NVDA
2018-08-02,6.189284801483154,6.193235857991941,5.956896450995273,6.0156724203761,269668000,NVDA
2018-08-03,6.225833892822266,6.249542113978896,6.196940028203954,6.213732958992618,214288000,NVDA
2018-08-06,6.273495674133301,6.2769530829809215,6.166809646242912,6.213237842492863,207508000,NVDA
2018-08-07,6.345609664916992,6.364131773180749,6.2954772204199765,6.322148736014776,258132000,NVDA
2018-08-08,6.381911277770996,6.426858069963295,6.312022150661158,6.346843538121106,262100000,NVDA
2018-08-09,6.333507061004639,6.40240841888095,6.325851302236531,6.399691950486458,204280000,NVDA
2018-08-10,6.292264938354492,6.3246166777627195,6.240650626054386,6.251763793810978,256396000,NVDA
2018-08-13,6.325113296508789,6.445629493948097,6.299182716570176,6.300911421899417,375208000,NVDA
2018-08-14,6.456246376037598,6.4703233082922385,6.347337505917876,6.430315804827358,466220000,NVDA
2018-08-15,6.3982110023498535,6.510824098989789,6.319677881261507,6.476990475627023,591136000,NVDA
2018-08-16,6.357711315155029,6.470324917045041,6.29770028055519,6.467855270929541,801260000,NVDA
2018-08-17,6.046047687530518,6.247319316631019,6.01912888188141,6.24657837589318,1143188000,NVDA
2018-08-20,6.120630264282227,6.2530000783979345,5.895403556422801,6.005547500028259,854388000,NVDA
2018-08-21,6.25596284866333,6.26040802205969,6.117171883183038,6.136928575750965,673988000,NVDA
2018-08-22,6.490573883056641,6.495513174238628,6.219907226590649,6.223364636210694,749856000,NVDA
2018-08-23,6.589850425720215,6.655047551682693,6.438217601904657,6.452047238195284,720684000,NVDA
2018-08-24,6.722714424133301,6.73728500130712,6.593802051593406,6.598247224605702,531512000,NVDA
2018-08-27,6.813597202301025,6.8876846959952385,6.720987599664861,6.75235111377378,505776000,NVDA
2018-08-28,6.776058197021484,6.8303894562175875,6.656282980379223,6.807669000126902,475384000,NVDA
2018-08-29,6.881321430206299,6.906277884162088,6.74764347805968,6.768399284760206,420108000,NVDA
2018-08-30,6.864517688751221,6.9611316168136,6.827700645349097,6.85018609883308,346608000,NVDA
2018-08-31,6.935433387756348,6.948282284843679,6.834618819442107,6.844502803952818,306592000,NVDA
2018-09-04,7.010056018829346,7.047613935915722,6.893921553246576,6.922337302765203,391720000,NVDA
2018-09-05,6.87959098815918,7.027847484011077,6.798791332238802,6.992513128349579,393156000,NVDA
2018-09-06,6.738749027252197,6.865755358658088,6.705885660636989,6.863284361509608,322796000,NVDA
2018-09-07,6.717496871948242,6.84277350719621,6.602103750427109,6.646827698670961,295420000,NVDA
2018-09-10,6.788412570953369,6.8180640548919795,6.696246719446564,6.739982363697045,220140000,NVDA
2018-09-11,6.740724563598633,6.829678084094086,6.721450978773439,6.742206784512565,243112000,NVDA
2018-09-12,6.627060413360596,6.720462001123825,6.471885331108481,6.700941459984335,419092000,NVDA
2018-09-13,6.704648494720459,6.79508470247253,6.675491396456412,6.692787900291968,305536000,NVDA
2018-09-14,6.830418586730957,6.896392726322241,6.758020233854188,6.794837277185484,386936000,NVDA
2018-09-17,6.768645286560059,6.853893011025709,6.749372174860046,6.804968414447565,205528000,NVDA
2018-09-18,6.696740627288818,6.875142504579018,6.690069455793789,6.77259875164951,299520000,NVDA
2018-09-19,6.720462799072266,6.738253692019162,6.628296934180421,6.678209840706,224860000,NVDA
2018-09-20,6.579620361328125,6.640899485283004,6.525753757170222,6.598646520038957,430584000,NVDA
2018-09-21,6.509692192077637,6.636945940771882,6.476581870344785,6.591480634493998,435128000,NVDA
2018-09-24,6.565288543701172,6.568747845167265,6.391828611194954,6.478805535754361,293912000,NVDA
2018-09-25,6.632249355316162,6.657205805582055,6.5457663688896774,6.631261051042418,280388000,NVDA
2018-09-26,6.595433235168457,6.677468628208718,6.579619421984382,6.637192277821345,268548000,NVDA
2018-09-27,6.607293605804443,6.651770601900583,6.575912938783872,6.6305204082310745,214428000,NVDA
2018-09-28,6.94383430480957,6.966072798971072,6.711071933386092,6.738993765849072,709396000,NVDA
2018-10-01,7.149911403656006,7.216626418157375,6.982875730926572,7.021422424633364,622060000,NVDA
2018-10-02,7.0787482261657715,7.2339228320485205,7.056509731173536,7.122483870144587,383964000,NVDA
2018-10-03,7.084925651550293,7.156335701221132,6.981146162855355,7.148922712280652,320552000,NVDA
2018-10-04,6.901087760925293,7.073064954441898,6.824241331969578,7.04884985073549,391220000,NVDA
2018-10-05,6.668078422546387,6.9383992134025885,6.610752530205606,6.876378757707457,426636000,NVDA
2018-10-08,6.567016124725342,6.7001996604893135,6.4264196004584395,6.585053972584242,408612000,NVDA
2018-10-09,6.56133508682251,6.640899017646924,6.493631281096995,6.546509105683578,273500000,NVDA
2018-10-10,6.070850849151611,6.5012886200914295,6.068626811485249,6.455575903538959,684940000,NVDA
2018-10-11,5.8099212646484375,6.117059110065572,5.788424113329541,5.983875083899575,725436000,NVDA
2018-10-12,6.091855049133301,6.165983528734327,5.921607494025776,6.066404681163061,608236000,NVDA
2018-10-15,5.816097736358643,6.078511593331325,5.815109432141873,6.078511593331325,449760000,NVDA
2018-10-16,6.074312686920166,6.085431937308999,5.87935560331079,5.928527169064114,408712000,NVDA
2018-10-17,6.005866050720215,6.174384415634932,5.956941455350333,6.136331638373234,329668000,NVDA
2018-10-18,5.918641567230225,6.113351639433158,5.858350767531739,6.075052376213033,524020000,NVDA
2018-10-19,5.662652969360352,5.993264568527614,5.626330310891647,5.973744497573199,613608000,NVDA
2018-10-22,5.7133073806762695,5.814615882560843,5.610763616166255,5.7147900728623195,368844000,NVDA
2018-10-23,5.4622602462768555,5.539600601257539,5.3547740157676325,5.446692920678344,626436000,NVDA
2018-10-24,4.92730188369751,5.47041453216551,4.913464678805898,5.423960923945256,884288000,NVDA
2018-10-25,5.135602951049805,5.182797911912191,4.785717677734224,4.829947724838881,951720000,NVDA
2018-10-26,4.899626731872559,5.061472989970796,4.771879092966843,4.900120648375631,664784000,NVDA
2018-10-29,4.5865583419799805,5.043929239272605,4.3491009273157415,5.040469938771781,758016000,NVDA
2018-10-30,5.016007900238037,5.025891886240145,4.586558794146445,4.609538637436392,807192000,NVDA
2018-10-31,5.209481239318848,5.252969916939763,5.040962908096715,5.180324148777579,745772000,NVDA
2018-11-01,5.389366626739502,5.398756223719272,5.119539781804047,5.245804717629337,566528000,NVDA
2018-11-02,5.310543537139893,5.485486106246861,5.1941621159627385,5.379976973905602,452960000,NVDA
2018-11-05,5.2327094078063965,5.320675090197485,5.072345367733753,5.297447817908284,379332000,NVDA
2018-11-06,5.215165138244629,5.308813673785275,5.178100668658767,5.224801692967457,299012000,NVDA
2018-11-07,5.282622814178467,5.372070725926416,5.218131356184044,5.281634509766608,483812000,NVDA
2018-11-08,5.089890003204346,5.22430883483312,5.036517321039978,5.223567488669031,511352000,NVDA
2018-11-09,5.081984043121338,5.172173330012186,4.9675796408204,5.001184358105056,413240000,NVDA
2018-11-12,4.683418273925781,5.012794514344701,4.661673699808988,4.99080298204079,617116000,NVDA
2018-11-13,4.924829483032227,5.04590546261385,4.774843367875047,4.781021093692992,644712000,NVDA
2018-11-14,4.8724470138549805,5.111881088614247,4.764714287339788,5.097549495752821,526580000,NVDA
2018-11-15,5.000935077667236,5.072839515433807,4.830687059887577,4.866515799648799,840708000,NVDA
2018-11-16,4.0629658699035645,4.2169051953928856,3.993285009012846,4.035538427357766,1963520000,NVDA
2018-11-19,3.5754497051239014,3.9984743070933955,3.5737200549262553,3.9977334324038316,1697820000,NVDA
2018-11-20,3.6836769580841064,3.811671549744272,3.294009844501757,3.3125418454000717,1692032000,NVDA
2018-11-21,3.575697183609009,3.8373697318689537,3.5485169285988896,3.820567379554669,1025496000,NVDA
2018-11-23,3.5828628540039062,3.696278904893853,3.528255151980657,3.54110405076815,411968000,NVDA
2018-11-26,3.781773328781128,3.7921512303935647,3.6214092989740174,3.703691637153496,814832000,NVDA
2018-11-27,3.7985756397247314,3.8796224789173923,3.7199997967894065,3.7558282999320816,738060000,NVDA
2018-11-28,3.955233573913574,3.9604225251910212,3.7837502809066104,3.915945530644681,804524000,NVDA
2018-11-29,3.8921613693237305,3.994560522752154,3.8619858052927607,3.9574594349031225,549172000,NVDA
2018-11-30,4.042298316955566,4.052933809984979,3.8515979921217385,3.9018082849210147,729564000,NVDA
2018-12-03,4.205789566040039,4.3205560529829405,4.139007330833629,4.269109039647563,890804000,NVDA
2018-12-04,3.8859782218933105,4.1662156955217515,3.8708902028743837,4.161268757636926,812112000,NVDA
2018-12-06,3.9151644706726074,3.920111172643788,3.730153193644054,3.745735623295295,692308000,NVDA
2018-12-07,3.651003360748291,3.929509650956116,3.60178260931714,3.919368571213714,681676000,NVDA
2018-12-10,3.7561240196228027,3.7808582378512963,3.6025250386487686,3.6062352421479384,629472000,NVDA
2018-12-11,3.6653501987457275,3.8558028466201324,3.586448276281485,3.8476405869129007,671912000,NVDA
2018-12-12,3.6829113960266113,3.778879688485228,3.5819961652117036,3.671038932677915,654136000,NVDA
2018-12-13,3.682663917541504,3.7937202293347596,3.646799558352823,3.7296588879193635,471384000,NVDA
2018-12-14,3.622312068939209,3.724711218599533,3.5988145883619054,3.6411098175180965,471820000,NVDA
2018-12-17,3.551325798034668,3.664360700276235,3.4934478916569276,3.5923845381901693,662868000,NVDA
2018-12-18,3.6344316005706787,3.718280203883711,3.567896805524452,3.5951042522127103,564372000,NVDA
2018-12-19,3.4259228706359863,3.654218877998292,3.374475856483022,3.6007930418075422,745364000,NVDA
2018-12-20,3.341580629348755,3.507299299865116,3.281971339608043,3.4175144392087975,749588000,NVDA
2018-12-21,3.2048001289367676,3.4009417708842498,3.177345238453483,3.368045296197937,863740000,NVDA
2018-12-24,3.143212080001831,3.214941020052393,3.0793979566137915,3.128618945125404,463840000,NVDA
2018-12-26,3.292112112045288,3.2931014053280694,3.078409194686885,3.189218062380206,695100000,NVDA
2018-12-27,3.2443745136260986,3.2743028713249998,3.0962171365740745,3.239922458713434,637044000,NVDA
2018-12-28,3.3057150840759277,3.3982208288197224,3.2231032137878097,3.264903795478063,628728000,NVDA
2018-12-31,3.3020057678222656,3.3814020973837278,3.2713353170839845,3.349000501334056,465140000,NVDA
2019-01-02,3.3692824840545654,3.425181565714648,3.2166730234265524,3.2312661611270252,508752000,NVDA
2019-01-03,3.1657204627990723,3.3430641329189377,3.158300291681756,3.3091783624431126,705552000,NVDA
2019-01-04,3.3685405254364014,3.4066309111298634,3.2080160158102617,3.2386862301960746,585620000,NVDA
2019-01-07,3.546872854232788,3.5837267346364183,3.3744759128738573,3.42567572255454,709160000,NVDA
2019-01-08,3.4585719108581543,3.6304742032864246,3.386100885364728,3.6282479400314784,786016000,NVDA
2019-01-09,3.5265908241271973,3.5738329882410813,3.4593139422259735,3.509771426739684,617260000,NVDA
2019-01-10,3.5921361446380615,3.6007930487896354,3.4469468884540846,3.507298248069689,523156000,NVDA
2019-01-11,3.6811792850494385,3.703934678034914,3.5421734584487603,3.569875552926927,874764000,NVDA
2019-01-14,3.721001386642456,3.746230250626292,3.605493030231585,3.62899051315197,730168000,NVDA
2019-01-15,3.7069029808044434,3.792977619724947,3.688599641824776,3.75365026760115,617012000,NVDA
2019-01-16,3.681426763534546,3.7670067578894963,3.675985415077157,3.734110518255913,470104000,NVDA
2019-01-17,3.7526607513427734,3.792482747685247,3.6213225373083135,3.648530220867387,493436000,NVDA
2019-01-18,3.881526231765747,3.9074971859100516,3.7509300807763277,3.8023771065316745,651336000,NVDA
2019-01-22,3.6796958446502686,3.862975759495493,3.6495202754554987,3.851350737399705,661552000,NVDA
2019-01-23,3.6925570964813232,3.823400673370535,3.6613922382278936,3.7348525645319417,591020000,NVDA
2019-01-24,3.904033660888672,3.921594675016262,3.772200801083401,3.7769002971674324,708972000,NVDA
2019-01-25,3.961170196533203,3.979226097503505,3.7422733569135,3.8446725308771024,1154572000,NVDA
2019-01-28,3.413555383682251,3.5033402072453894,3.240169407308925,3.377443595663535,2511528000,NVDA
2019-01-29,3.2550108432769775,3.4157827988388343,3.240417705613786,3.3675510942287774,1153932000,NVDA
2019-01-30,3.398221969604492,3.412567667791771,3.25154848674544,3.3309450631952924,974228000,NVDA
2019-01-31,3.555530309677124,3.591147461293076,3.3732397014718236,3.395005804093513,842852000,NVDA
2019-02-01,3.5797698497772217,3.63072222905013,3.526591678512298,3.57408105945596,625048000,NVDA
2019-02-04,3.689836263656616,3.7269373511870465,3.573585827707394,3.5955991333519037,528592000,NVDA
2019-02-05,3.7088816165924072,3.7454880591567816,3.668070324166557,3.7017086512924178,542424000,NVDA
2019-02-06,3.784320592880249,3.848629364647908,3.7365837785660503,3.7420251267197253,702464000,NVDA
2019-02-07,3.646304130554199,3.7402938213718713,3.6035142528418165,3.7380677938201123,637120000,NVDA
2019-02-08,3.6648547649383545,3.6754902556945326,3.5649288473641456,3.5792745411478237,461604000,NVDA
2019-02-11,3.622312068939209,3.674995583440222,3.574080373450749,3.620827893385403,495180000,NVDA
2019-02-12,3.7390575408935547,3.7546402074135017,3.6463045732075137,3.6606505051856875,591060000,NVDA
2019-02-13,3.7813527584075928,3.8543184402777513,3.7548871599384235,3.7684910030988537,605372000,NVDA
2019-02-14,3.8221635818481445,3.850360557914145,3.737325448318641,3.7803630001780495,827264000,NVDA
2019-02-15,3.8916666507720947,4.053180194895898,3.8689112575551996,4.030425037561962,1516748000,NVDA
2019-02-19,3.874352216720581,3.954738290641775,3.8619853461631073,3.8810305343986,551892000,NVDA
2019-02-20,3.9215946197509766,3.988624062425429,3.8924085864337625,3.9035387234412444,540988000,NVDA
2019-02-21,3.8528339862823486,3.9586959007466107,3.8382408509623858,3.9342093622392773,448548000,NVDA
2019-02-22,3.9374234676361084,3.9562214468327714,3.890923401945743,3.9045272399248367,401740000,NVDA
2019-02-25,3.925057888031006,4.088055612606229,3.9164007472769002,4.020778959960253,656020000,NVDA
2019-02-26,3.8857309818267822,3.9762579212124023,3.852339857024358,3.9203588411644437,488464000,NVDA
2019-02-27,3.84393048286438,3.8978507417480444,3.7870418723199095,3.8713853768968467,500256000,NVDA
2019-02-28,3.8194172382354736,3.860023124012764,3.797133788232341,3.837739437883597,324944000,NVDA
2019-03-01,3.8736419677734375,3.915733096990201,3.811000076179193,3.8691850877408642,357188000,NVDA
2019-03-04,3.881812572479248,3.9347980865330774,3.825360491292353,3.912019238718915,409992000,NVDA
2019-03-05,3.8753747940063477,3.9135044323983146,3.811990055268509,3.866213574596318,362924000,NVDA
2019-03-06,3.7646994590759277,3.8748796707694346,3.761975980751839,3.8664615395285744,403524000,NVDA
2019-03-07,3.695619821548462,3.7508338899849236,3.6495669725600584,3.741177514158119,450104000,NVDA
2019-03-08,3.7297885417938232,3.7404352313278832,3.5851922406276207,3.606485619695741,422416000,NVDA
2019-03-11,3.9897642135620117,4.012542823829635,3.7062665245924724,3.7533099226479782,859728000,NVDA
2019-03-12,4.023932456970215,4.070232528479802,3.941482665201958,4.017494715873952,579576000,NVDA
2019-03-13,4.174966335296631,4.204182689776566,4.0538917335363385,4.061319788358291,768900000,NVDA
2019-03-14,4.09920072555542,4.1960109799780225,4.091525212913135,4.184126284773706,519384000,NVDA
2019-03-15,4.2044291496276855,4.247015421169146,4.138815868977897,4.142282198896993,661484000,NVDA
2019-03-18,4.183135509490967,4.289601889895603,4.156147252064004,4.235873307342881,486992000,NVDA
2019-03-19,4.35051155090332,4.394831471395088,4.260634409266724,4.277470670939343,854972000,NVDA
2019-03-20,4.3180766105651855,4.4327134555341265,4.2834128314654505,4.3794802501598085,719148000,NVDA
2019-03-21,4.5542826652526855,4.58052807605089,4.336150834187309,4.341102869772194,824312000,NVDA
2019-03-22,4.394832134246826,4.57557722980771,4.380966808806783,4.52704859076756,747644000,NVDA
2019-03-25,4.302725791931152,4.4183529552564105,4.236617573332683,4.3542258344685685,525212000,NVDA
2019-03-26,4.379233360290527,4.500060029751345,4.3230287371521126,4.444103339017081,703508000,NVDA
2019-03-27,4.3700714111328125,4.451035259026395,4.300744799971149,4.404735188965764,474372000,NVDA
2019-03-28,4.388641357421875,4.454254178638991,4.335655613518798,4.396068938841398,480264000,NVDA
2019-03-29,4.445835590362549,4.470100375577985,4.404982477837846,4.455244268976183,456896000,NVDA
2019-04-01,4.513182640075684,4.543389305207008,4.465891780679068,4.537446956234204,483824000,NVDA
2019-04-02,4.531009197235107,4.57532911810016,4.494365263005259,4.53719947856981,440920000,NVDA
2019-04-03,4.670159339904785,4.729087450049334,4.5755776003488435,4.580529637621952,783504000,NVDA
2019-04-04,4.661245822906494,4.703584653343044,4.5986039239933945,4.654808080315493,457376000,NVDA
2019-04-05,4.727848052978516,4.745180179212573,4.667930116677095,4.704326590039095,481744000,NVDA
2019-04-08,4.748646259307861,4.773653426197541,4.6733768262720625,4.69739368045108,424192000,NVDA
2019-04-09,4.68600606918335,4.726364278301993,4.643914694131738,4.715222429839735,439972000,NVDA
2019-04-10,4.756323337554932,4.782073368066904,4.680806884320184,4.685263529552577,444772000,NVDA
2019-04-11,4.74245548248291,4.790241725729068,4.693184006452142,4.758796821130248,374600000,NVDA
2019-04-12,4.704574108123779,4.78504304231926,4.69590828102607,4.7810813189665256,471708000,NVDA
2019-04-15,4.573101043701172,4.701851164141336,4.5334856946814615,4.696899127450819,440092000,NVDA
2019-04-16,4.660006523132324,4.6788238817913825,4.579538064717605,4.612220746124993,394964000,NVDA
2019-04-17,4.637227535247803,4.715715361796158,4.614943847719535,4.694917379370334,351004000,NVDA
2019-04-18,4.612715244293213,4.677833141029692,4.584984601333956,4.643912689874471,380988000,NVDA
2019-04-22,4.666444301605225,4.682042789821907,4.557749804332199,4.58919424088744,279936000,NVDA
2019-04-23,4.720916271209717,4.75211372644348,4.669911612521351,4.679567754074835,346856000,NVDA
2019-04-24,4.7332940101623535,4.773899654333321,4.67065214292048,4.731312913000156,318204000,NVDA
2019-04-25,4.627819061279297,4.715468110164845,4.548340918566325,4.693184421651426,499296000,NVDA
2019-04-26,4.4094390869140625,4.478766167098218,4.290840528627895,4.474309051800788,868988000,NVDA
2019-04-29,4.440140724182129,4.467871364756205,4.345311095108625,4.417361646387671,391920000,NVDA
2019-04-30,4.4814910888671875,4.506993182607988,4.388889978719763,4.407954802043703,362920000,NVDA
2019-05-01,4.468368053436279,4.575824789086137,4.468120121036333,4.533733423610305,354280000,NVDA
2019-05-02,4.5357160568237305,4.577312048162421,4.434944478578882,4.478026175966067,394684000,NVDA
2019-05-03,4.531256198883057,4.554034804968513,4.469852096431354,4.544131206921117,336824000,NVDA
2019-05-06,4.453017234802246,4.465149394147996,4.308173230879485,4.345312561647405,422176000,NVDA
2019-05-07,4.286136150360107,4.404734701033539,4.238102448089224,4.404734701033539,555220000,NVDA
2019-05-08,4.306191444396973,4.386164973810182,4.246768436734894,4.258653132717726,419168000,NVDA
2019-05-09,4.213839054107666,4.24701713403726,4.095240936579254,4.237360992832785,660248000,NVDA
2019-05-10,4.179916858673096,4.248501076052472,4.0605754656821444,4.1831357284892325,569500000,NVDA
2019-05-13,3.9231603145599365,4.0712229143600105,3.9073141318692968,4.048196374795633,656912000,NVDA
2019-05-14,4.01204776763916,4.047206466862857,3.9241510195799183,3.96277581335092,524880000,NVDA
2019-05-15,3.951138496398926,3.9875349633837307,3.897410142342941,3.9565854517668084,502320000,NVDA
2019-05-16,3.966242790222168,4.0088295502210025,3.9033536714913817,3.9456924990787705,781088000,NVDA
2019-05-17,3.875622034072876,4.053396150144705,3.836254388911451,3.924398594361472,1022068000,NVDA
2019-05-20,3.757270574569702,3.832044602329322,3.7325108720313556,3.7770782421499702,572064000,NVDA
2019-05-21,3.8392257690429688,3.8550719546521734,3.779307593697431,3.8179326268462255,361848000,NVDA
2019-05-22,3.7684130668640137,3.826598070897786,3.757518682528197,3.800600591263355,325868000,NVDA
2019-05-23,3.6475861072540283,3.7062662664840973,3.5879153992055115,3.7062662664840973,591844000,NVDA
2019-05-24,3.593858242034912,3.701562436246453,3.5871730401264275,3.6664037334430635,357584000,NVDA
2019-05-28,3.5487961769104004,3.644120765127175,3.5468153148622794,3.6114380761529805,428356000,NVDA
2019-05-29,3.474764108657837,3.536167747284733,3.4401005662304702,3.501256744741537,559800000,NVDA
2019-05-30,3.4482414722442627,3.5136814493654405,3.4100680734583735,3.4779868948997428,394300000,NVDA
2019-05-31,3.357764959335327,3.4665837474737495,3.356029815893333,3.3994086383387545,389720000,NVDA
2019-06-03,3.31612229347229,3.4075894322198153,3.286872590658536,3.3689203095444507,478644000,NVDA
2019-06-04,3.5446670055389404,3.549872437818626,3.3580141986120755,3.3800753501396454,641836000,NVDA
2019-06-05,3.502031087875366,3.6237395991365746,3.465840812619028,3.618286189030962,511616000,NVDA
2019-06-06,3.5640006065368652,3.588540596250872,3.5037660648392492,3.5062449089870698,408140000,NVDA
2019-06-07,3.6066362857818604,3.6408434419612337,3.5508634658859393,3.5699502850747518,348856000,NVDA
2019-06-10,3.679265022277832,3.7476795747385507,3.6626570467170203,3.6626570467170203,402780000,NVDA
2019-06-11,3.736771821975708,3.7766803600690517,3.69735924180774,3.739002687057581,383872000,NVDA
2019-06-12,3.6239874362945557,3.6995905336047556,3.6088668641116373,3.6933934227785716,358892000,NVDA
2019-06-13,3.6750502586364746,3.6933931379177904,3.6284488871211047,3.646048302277105,308080000,NVDA
2019-06-14,3.585317850112915,3.6063875513942576,3.540699839937277,3.5820955420182883,394428000,NVDA
2019-06-17,3.594984769821167,3.6319187368989416,3.560777388953374,3.5835822307333878,276040000,NVDA
2019-06-18,3.7895705699920654,3.8448474284513017,3.6453051842075,3.656211768501924,581920000,NVDA
2019-06-19,3.7955188751220703,3.8361708738693916,3.76949148764967,3.8247685704630303,331644000,NVDA
2019-06-20,3.8198115825653076,3.899876409205698,3.805434711202738,3.885995259421755,350168000,NVDA
2019-06-21,3.761807441711426,3.8540184995073092,3.7553625891879383,3.804938523304347,434428000,NVDA
2019-06-24,3.7841172218322754,3.8136149030253974,3.7360286803153007,3.7831257786243837,282948000,NVDA
2019-06-25,3.7548680305480957,3.8639348357073615,3.75214144315759,3.789075426226583,311868000,NVDA
2019-06-26,3.947716474533081,4.008694948974044,3.8691390588718604,3.882028763883153,584072000,NVDA
2019-06-27,4.0461249351501465,4.06521151620896,3.9972926952527104,4.033235228451945,445440000,NVDA
2019-06-28,4.070912837982178,4.099171095213199,4.024311700565911,4.089999418724976,397668000,NVDA
2019-07-01,4.119001388549805,4.311851028416398,4.081571454721185,4.277643639416192,709756000,NVDA
2019-07-02,4.021336555480957,4.123462755505762,4.008199107527468,4.102392817475487,400228000,NVDA
2019-07-03,4.034225940704346,4.050338189355726,3.9744873640486977,4.04463680121385,246636000,NVDA
2019-07-05,3.9717612266540527,3.9804369447260943,3.908551883224979,3.9759752144020695,396552000,NVDA
2019-07-08,3.896902322769165,3.9311097162544906,3.866909154209639,3.9122708755753623,329788000,NVDA
2019-07-09,3.8993797302246094,3.9273900019023364,3.8421197650291004,3.854761489564794,342860000,NVDA
2019-07-10,3.9675474166870117,4.024807158528224,3.9288782974941214,3.942759447031385,452076000,NVDA
2019-07-11,4.121726989746094,4.162378985890485,4.003240815109876,4.040422524666223,682560000,NVDA
2019-07-12,4.1546950340271,4.22558864483207,4.149489603741981,4.149489603741981,506392000,NVDA
2019-07-15,4.146265983581543,4.191875658774679,4.118008210960874,4.175763887001034,289840000,NVDA
2019-07-16,4.141558647155762,4.168577248486226,4.086033570443929,4.131395526533512,341444000,NVDA
2019-07-17,4.206751346588135,4.213691922837337,4.114044537783741,4.143294244202891,348204000,NVDA
2019-07-18,4.218400001525879,4.281113382454656,4.1606443085040645,4.217160815944709,442192000,NVDA
2019-07-19,4.175268650054932,4.2630177296338445,4.1693195198469475,4.256573114369994,344896000,NVDA
2019-07-22,4.246657371520996,4.259547073722081,4.189149433024533,4.196585963337443,315940000,NVDA
2019-07-23,4.354237079620361,4.356219965418641,4.270206029436413,4.285822791668884,428176000,NVDA
2019-07-24,4.4286017417907715,4.434303131051249,4.321518313945671,4.397369154134487,366236000,NVDA
2019-07-25,4.297719955444336,4.399846123889658,4.274419395927788,4.387204164980644,392700000,NVDA
2019-07-26,4.3396124839782715,4.386213612469726,4.324739894049131,4.324739894049131,274160000,NVDA
2019-07-29,4.33341646194458,4.349528713326907,4.245419617794768,4.332425018793409,248160000,NVDA
2019-07-30,4.349032402038574,4.36117840703827,4.2726856121064625,4.287062718608438,197772000,NVDA
2019-07-31,4.182209014892578,4.3185425722487985,4.1400696204793555,4.317550656604295,359416000,NVDA
2019-08-01,4.088016510009766,4.282849034536858,4.0359617263873595,4.192621089638232,421212000,NVDA
2019-08-02,3.9955570697784424,4.064715540943148,3.9482124731246495,3.9955570697784424,428348000,NVDA
2019-08-05,3.7377636432647705,3.8136144773001788,3.690914529185375,3.812375055230867,589156000,NVDA
2019-08-06,3.7764322757720947,3.857736514280389,3.728839700701017,3.81237480422896,361272000,NVDA
2019-08-07,3.8146066665649414,3.826504931641259,3.6983515486327754,3.7157029882060435,372560000,NVDA
2019-08-08,3.922928810119629,3.9241682321295746,3.8148537166454655,3.872113689689733,309300000,NVDA
2019-08-09,3.821794271469116,3.8854990968057885,3.771474872818401,3.88202880975371,341816000,NVDA
2019-08-12,3.7541236877441406,3.821794526165038,3.7323102845376672,3.769739980519211,279200000,NVDA
2019-08-13,3.868147134780884,3.914004799892423,3.713718899764649,3.752635754897479,351956000,NVDA
2019-08-14,3.7199161052703857,3.7913052062117063,3.6762895375376137,3.7801506444149013,419880000,NVDA
2019-08-15,3.687692165374756,3.7585855510051993,3.6534850128874288,3.738755269714888,477200000,NVDA
2019-08-16,3.9551525115966797,4.004232245127325,3.8887208723906017,3.9499470817313758,1007960000,NVDA
2019-08-19,4.233273029327393,4.249137537708656,4.052073914585831,4.068186165550668,815112000,NVDA
2019-08-20,4.161140441894531,4.228315555656023,4.140070503796948,4.2278195977279545,463188000,NVDA
2019-08-21,4.244427680969238,4.29945679431367,4.205510818927859,4.22707624393112,427244000,NVDA
2019-08-22,4.25062370300293,4.296481125564764,4.211458637790211,4.254093989328787,303488000,NVDA
2019-08-23,4.026542663574219,4.228563996129451,4.006712380628328,4.1742785788354055,568056000,NVDA
2019-08-26,4.10115385055542,4.129164364303277,4.062980690288697,4.1051200958053276,318208000,NVDA
2019-08-27,4.010678768157959,4.142054220023411,3.981429064319112,4.13932763285051,290968000,NVDA
2019-08-28,4.000257968902588,4.0528602686035375,3.94517437060847,3.9843782258174887,255612000,NVDA
2019-08-29,4.143673419952393,4.1759293506395405,4.088093380399166,4.091567103292539,357976000,NVDA
2019-08-30,4.156326770782471,4.239448592536736,4.138213722370114,4.189823581943815,290616000,NVDA
2019-09-03,4.073452949523926,4.1166264861590625,4.050625769048413,4.083626127603737,296140000,NVDA
2019-09-04,4.187342166900635,4.194786060258999,4.133995447646927,4.133995447646927,227728000,NVDA
2019-09-05,4.459782600402832,4.465985607967333,4.287584422300351,4.289321283348777,695676000,NVDA
2019-09-06,4.432736873626709,4.493279023714771,4.39477391760945,4.436458583586314,376976000,NVDA
2019-09-09,4.478641033172607,4.564988610694491,4.4622648419069675,4.463753715638196,417524000,NVDA
2019-09-10,4.545137405395508,4.571686297593129,4.436210658009127,4.445887387995308,352812000,NVDA
2019-09-11,4.573671340942383,4.621807473399679,4.5307457914876315,4.559776452935597,361512000,NVDA
2019-09-12,4.572182655334473,4.6746579318485,4.564242786613247,4.620070801973529,327840000,NVDA
2019-09-13,4.514370441436768,4.542656671511425,4.470700447290319,4.5056861348251465,324592000,NVDA
2019-09-16,4.471444606781006,4.505933843259826,4.429015500929482,4.439436668217253,231832000,NVDA
2019-09-17,4.492783546447754,4.497001705724106,4.431744940740635,4.478144219521308,223048000,NVDA
2019-09-18,4.465738773345947,4.501468905005792,4.379391665056959,4.485837149876852,258152000,NVDA
2019-09-19,4.390307903289795,4.4900538978931825,4.379638275420076,4.4716923888184725,245476000,NVDA
2019-09-20,4.284855365753174,4.412887601997053,4.274682658844729,4.389315980085497,350244000,NVDA
2019-09-23,4.338202476501465,4.383609336281327,4.281382023128284,4.285104207214673,249712000,NVDA
2019-09-24,4.280885219573975,4.3989922511248905,4.245403559873673,4.369465611551954,317268000,NVDA
2019-09-25,4.422317981719971,4.44191991255703,4.235728366773366,4.280390802297039,308432000,NVDA
2019-09-26,4.400233268737793,4.421324066519282,4.349367839482623,4.412639759567855,234564000,NVDA
2019-09-27,4.261779308319092,4.409164976470412,4.201236688798003,4.358547547226562,362056000,NVDA
2019-09-30,4.319097518920898,4.329270701213524,4.2563220367286165,4.287586020513187,186184000,NVDA
2019-10-01,4.317359924316406,4.491047010934916,4.312645789053364,4.34217243287037,366008000,NVDA
2019-10-02,4.293541431427002,4.307436326252415,4.221337197308351,4.295526281185101,293372000,NVDA
2019-10-03,4.498738765716553,4.504941774364291,4.267735259417239,4.298006339155952,450588000,NVDA
2019-10-04,4.515114784240723,4.5443934382819275,4.4359631285480425,4.500971432868056,265524000,NVDA
2019-10-07,4.573671340942383,4.673168866816315,4.571190043332724,4.579874348336966,480984000,NVDA
2019-10-08,4.3975043296813965,4.482114568803181,4.379391277573757,4.482114568803181,444436000,NVDA
2019-10-09,4.483850955963135,4.5332279835979445,4.445392018572494,4.4741742246574345,292412000,NVDA
2019-10-10,4.541413307189941,4.592278706692993,4.476405036998203,4.481615618121293,309124000,NVDA
2019-10-11,4.614860534667969,4.697981884026245,4.60642421652328,4.625281701814051,446404000,NVDA
2019-10-14,4.628259658813477,4.649101996183618,4.5751609174816155,4.606176435689826,200040000,NVDA
2019-10-15,4.87241268157959,4.944865345798221,4.704432656393893,4.718328018520987,664124000,NVDA
2019-10-16,4.81881856918335,4.943129094185844,4.807404976671537,4.838420492650064,428944000,NVDA
2019-10-17,4.820803642272949,4.908143152806004,4.766464021904346,4.863232748568946,263436000,NVDA
2019-10-18,4.726515293121338,4.853803060480866,4.652326250189994,4.82129867901973,307440000,NVDA
2019-10-21,4.863480567932129,4.876879481697929,4.768945154666601,4.787802639758155,261868000,NVDA
2019-10-22,4.853556156158447,5.025257908542597,4.845864274299775,4.920301321615547,328720000,NVDA
2019-10-23,4.8406524658203125,4.854795340324186,4.739914063673044,4.771674007625676,279916000,NVDA
2019-10-24,4.884572505950928,4.918068851684468,4.847849951665782,4.8818427463901735,232020000,NVDA
2019-10-25,5.075130462646484,5.095972796196652,4.957271420404589,4.964963301585127,423092000,NVDA
2019-10-28,5.130958080291748,5.18331189789191,5.089520930960523,5.118799580075106,330792000,NVDA
2019-10-29,5.034934997558594,5.123515402514696,5.015581534253515,5.117063932573511,211236000,NVDA
2019-10-30,5.036919116973877,5.067438654333333,4.968933070897511,5.061731622001463,205960000,NVDA
2019-10-31,4.987791061401367,5.036919627567306,4.908143428041418,5.0160772916046446,209732000,NVDA
2019-11-01,5.0267462730407715,5.059002197409222,4.927496255656585,4.952556747800937,283640000,NVDA
2019-11-04,5.223012447357178,5.235418937100487,5.0845595239398795,5.107634695669968,376716000,NVDA
2019-11-05,5.200929164886475,5.248816837915492,5.153041018598312,5.222763922024642,300868000,NVDA
2019-11-06,5.151801586151123,5.202418554291357,5.064461594469839,5.176862082382492,269012000,NVDA
2019-11-07,5.169417858123779,5.252787672770663,5.124755440517977,5.238148345811392,280340000,NVDA
2019-11-08,5.15552282333374,5.187034786552671,5.1150785661477896,5.152545549764464,189100000,NVDA
2019-11-11,5.16544771194458,5.188522882215064,5.068678991104581,5.154778084114315,243436000,NVDA
2019-11-12,5.200929164886475,5.256757179837685,5.168672768132822,5.2036584503713526,283504000,NVDA
2019-11-13,5.175123691558838,5.197206434162051,5.108874517231011,5.169664647905079,300188000,NVDA
2019-11-14,5.20539665222168,5.207629962698635,5.1242601371146135,5.184057865170301,518080000,NVDA
2019-11-15,5.066445350646973,5.254771232548324,4.978360949421832,5.203161382490007,1053628000,NVDA
2019-11-18,5.267178535461426,5.293727427889438,5.056024968744003,5.059002242127451,574588000,NVDA
2019-11-19,5.160732269287109,5.259733810842297,5.10267142478321,5.236162195523095,414564000,NVDA
2019-11-20,5.239884376525879,5.32350216574159,5.1252510770289295,5.137905552880523,472588000,NVDA
2019-11-21,5.215073585510254,5.290999519024441,5.193486809771108,5.235419948664998,288388000,NVDA
2019-11-22,5.23268985748291,5.2840512599401555,5.209117762671569,5.23765198031653,224100000,NVDA
2019-11-25,5.4887542724609375,5.493716868933194,5.347571573662198,5.360474040534517,506476000,NVDA
2019-11-26,5.3842926025390625,5.475850257245019,5.377841134297487,5.471135649951697,385244000,NVDA
2019-11-27,5.419055461883545,5.46399899846414,5.392735152261117,5.4297329618014505,215784000,NVDA
2019-11-29,5.381811141967773,5.416574004499139,5.3579734798842775,5.388267372785588,141556000,NVDA
2019-12-02,5.195828914642334,5.38826740849526,5.18068244169978,5.374858605082308,372036000,NVDA
2019-12-03,5.156346797943115,5.160319424647662,4.975330851085942,5.0125768312869035,465232000,NVDA
2019-12-04,5.200048923492432,5.262125719687644,5.171493654075639,5.239778035168698,273424000,NVDA
2019-12-05,5.183165550231934,5.237544802595156,5.152623486406264,5.221901514415001,184884000,NVDA
2019-12-06,5.26833438873291,5.301111409899657,5.242262242631657,5.252194759398877,232236000,NVDA
2019-12-09,5.26833438873291,5.322962283735688,5.236799642574766,5.245490357941851,211880000,NVDA
2019-12-10,5.313277721405029,5.3649256652269965,5.245737847541008,5.298378948189027,256388000,NVDA
2019-12-11,5.396707534790039,5.402170606689801,5.321222420910559,5.323705549299849,233796000,NVDA
2019-12-12,5.563819885253906,5.58194630130246,5.358966708905228,5.367905594712465,404348000,NVDA
2019-12-13,5.561834335327148,5.6857397939519965,5.507951421432157,5.566800594172574,454704000,NVDA
2019-12-16,5.590635776519775,5.662893253864731,5.581200077545262,5.609259003698203,320976000,NVDA
2019-12-17,5.668604850769043,5.691200706121203,5.599823654351449,5.609259353915085,321196000,NVDA
2019-12-18,5.698898792266846,5.759237451477673,5.694925691278481,5.703368234873497,343548000,NVDA
2019-12-19,5.84664249420166,5.860051298114847,5.7284482827938215,5.733414541547483,445360000,NVDA
2019-12-20,5.943728923797607,5.9690560776033506,5.893819128514462,5.912938697658913,603044000,NVDA
2019-12-23,5.93007230758667,6.004316104397407,5.919395280275833,5.9722845488565195,355060000,NVDA
2019-12-24,5.925106048583984,5.942239305321778,5.880410678591197,5.914677192066785,138864000,NVDA
2019-12-26,5.9392595291137695,5.967317982505401,5.909710630228528,5.928582028747246,182852000,NVDA
2019-12-27,5.881653785705566,5.967816430107553,5.855332994169132,5.954407626689118,254644000,NVDA
2019-12-30,5.768672466278076,5.865015772917134,5.73738589814169,5.859801344894404,258056000,NVDA
2019-12-31,5.842667579650879,5.8521032781469255,5.714292730118031,5.733412297868139,231004000,NVDA
2020-01-02,5.957136631011963,5.957136631011963,5.877927063300062,5.928333194899299,237536000,NVDA
2020-01-03,5.861786842346191,5.905489047506633,5.812870209888905,5.8377010190393435,205384000,NVDA
2020-01-06,5.8863701820373535,5.891584610374977,5.742600672952375,5.7686728146404915,262636000,NVDA
2020-01-07,5.957634449005127,6.003322975997539,5.869733680543367,5.9146772215510675,314856000,NVDA
2020-01-08,5.968808174133301,6.010027258014917,5.913435777645766,5.953413060374501,277108000,NVDA
2020-01-09,6.034361839294434,6.106619328463074,5.980727580351589,6.05497138322673,255112000,NVDA
2020-01-10,6.066640853881836,6.171674874881469,6.052487541574924,6.141381463186683,316296000,NVDA
2020-01-13,6.256843566894531,6.281922547417349,6.126978749107095,6.149575074900235,319840000,NVDA
2020-01-14,6.140140533447266,6.239463317637183,6.126979903415702,6.214135687983089,359088000,NVDA
2020-01-15,6.097679615020752,6.175151528370707,6.0718556439041,6.152803842842512,263104000,NVDA
2020-01-16,6.181111812591553,6.187071227811606,6.1277257200512425,6.1510665656595895,284192000,NVDA
2020-01-17,6.189802169799805,6.207680414425977,6.142375495222458,6.200231027429631,253792000,NVDA
2020-01-21,6.156527996063232,6.1900495201260926,6.122509656861109,6.153299881678846,217916000,NVDA
2020-01-22,6.21041202545166,6.296822835062308,6.182849907874976,6.201721310324639,239240000,NVDA
2020-01-23,6.278697490692139,6.287140036430798,6.1617450727543694,6.250390855793218,244516000,NVDA
2020-01-24,6.219598770141602,6.443571968511958,6.165467698754059,6.393910339538206,373512000,NVDA
2020-01-27,5.9643378257751465,6.015240772317174,5.766436808495874,5.91566936319543,470536000,NVDA
2020-01-28,6.157273292541504,6.1895530171885635,5.977001849970545,6.030139760177138,310976000,NVDA
2020-01-29,6.096934795379639,6.178876146984177,6.057205210302912,6.14287149171336,258848000,NVDA
2020-01-30,6.103639125823975,6.117047926796072,5.944474498630881,5.999350082914366,290504000,NVDA
2020-01-31,5.8707275390625,6.069869941674612,5.8290121077994055,6.057951111711317,370420000,NVDA
2020-02-03,5.967566967010498,5.986934708189254,5.846392841617823,5.852600426682379,255564000,NVDA
2020-02-04,6.136414527893066,6.155534568985658,6.059191272083939,6.1091010630333695,271544000,NVDA
2020-02-05,6.2265520095825195,6.267274284490505,6.143368843165741,6.257093597361398,208220000,NVDA
2020-02-06,6.3132100105285645,6.3132100105285645,6.179869362419789,6.260817558047638,218284000,NVDA
2020-02-07,6.247161865234375,6.295333529765175,6.221834231565014,6.273234011415952,189752000,NVDA
2020-02-10,6.5297346115112305,6.530479123908256,6.264790497583461,6.269756755214002,529608000,NVDA
2020-02-11,6.651899337768555,6.766369030137163,6.575917419556577,6.637746028928381,638556000,NVDA
2020-02-12,6.767363548278809,6.773819777194949,6.665805817101901,6.704541769773717,374644000,NVDA
2020-02-13,6.72366189956665,6.79070495481685,6.6821946441272795,6.7095085866977415,528016000,NVDA
2020-02-14,7.195694923400879,7.324317975721568,7.101586559371794,7.132873132572073,1041924000,NVDA
2020-02-18,7.364047050476074,7.3824221104221035,7.073279416105086,7.092647159324658,620164000,NVDA
2020-02-19,7.8142266273498535,7.831856698208014,7.486213061326256,7.486213061326256,694332000,NVDA
2020-02-20,7.665243148803711,7.854453011250892,7.358583618194485,7.766304072638066,810052000,NVDA
2020-02-21,7.301969528198242,7.578335650197736,7.21729687382683,7.553256665361849,768180000,NVDA
2020-02-24,6.785739421844482,6.999035609686193,6.654633241281441,6.709012487828229,856916000,NVDA
2020-02-25,6.506890296936035,6.9225565056275835,6.4053325514422745,6.860727875099218,1055496000,NVDA
2020-02-26,6.645942687988281,6.839622492892086,6.505649447654704,6.5071389462093325,747732000,NVDA
2020-02-27,6.275991439819336,6.633767803366144,6.183814297198913,6.333136140736128,906416000,NVDA
2020-02-28,6.710042476654053,6.7694234632079855,6.007410040360973,6.024056430486508,1133252000,NVDA
2020-03-02,6.868061065673828,6.896882208415457,6.484694089276187,6.879738703863825,890744000,NVDA
2020-03-03,6.606189727783203,6.983345447200676,6.520969308117952,6.92371612752799,652792000,NVDA
2020-03-04,7.068813800811768,7.07825514478719,6.638736722285123,6.713273723231877,597408000,NVDA
2020-03-05,6.790046215057373,7.03626563028122,6.745572430670839,6.869800285651486,540328000,NVDA
2020-03-06,6.609915733337402,6.668302976848197,6.410157130141035,6.610909484146133,515412000,NVDA
2020-03-09,6.09809684753418,6.444940981492417,5.917718051294053,5.96045217762715,614160000,NVDA
2020-03-10,6.486681938171387,6.486681938171387,6.111762534362907,6.373882922902069,580648000,NVDA
2020-03-11,6.123688220977783,6.375373996903059,6.026790637877311,6.347049964055862,499964000,NVDA
2020-03-12,5.3743462562561035,5.86653682839324,5.361674865625537,5.601683012584579,816540000,NVDA
2020-03-13,5.98380708694458,5.988279202422606,5.456335828036192,5.726903790319086,634836000,NVDA
2020-03-16,4.879670143127441,5.617583927857783,4.820040827756893,5.277447705392959,726972000,NVDA
2020-03-17,5.398197650909424,5.487393549135659,4.745504698988345,4.991724142434878,833632000,NVDA
2020-03-18,5.039177894592285,5.2160783085351,4.489097330012605,4.971598110265419,874268000,NVDA
2020-03-19,5.291361331939697,5.384780539879821,4.804885019488233,5.017811170475434,765512000,NVDA
2020-03-20,5.1119771003723145,5.722432568837711,5.096572776070153,5.44118067542152,804636000,NVDA
2020-03-23,5.2844038009643555,5.378568908515311,4.9323421367905205,5.110981742226345,643876000,NVDA
2020-03-24,6.1910200119018555,6.277482978063412,5.6660332856046995,5.689636410549801,1101644000,NVDA
2020-03-25,6.102568626403809,6.50506657225424,6.053871050370559,6.305805100753528,793432000,NVDA
2020-03-26,6.391274929046631,6.51500567196271,6.211392763360578,6.309284089634278,696108000,NVDA
2020-03-27,6.279222011566162,6.537367412044874,6.178597267605432,6.211393417266331,638828000,NVDA
2020-03-30,6.598735332489014,6.607928356954407,6.300588285202859,6.344564958091358,602252000,NVDA
2020-03-31,6.54929256439209,6.84247037341055,6.403945729901024,6.6387362963410945,949960000,NVDA
2020-04-01,6.039213180541992,6.497862621026077,5.994739866838938,6.351770816048918,656912000,NVDA
2020-04-02,6.347298622131348,6.36046665043996,6.020330892045501,6.0682825701850485,675764000,NVDA
2020-04-03,6.060084342956543,6.351274225977668,5.9229367585123605,6.309782161502397,663212000,NVDA
2020-04-06,6.668550968170166,6.705322589635028,6.284189783712524,6.341583273592423,727884000,NVDA
2020-04-07,6.43574857711792,6.913280697691347,6.39276565353662,6.889677100662203,784520000,NVDA
2020-04-08,6.63252592086792,6.657371589711409,6.474756468687239,6.544572565930502,542444000,NVDA
2020-04-09,6.533144950866699,6.780855306539691,6.470285572183776,6.757997609141432,525564000,NVDA
2020-04-13,6.704578399658203,6.713274312781902,6.385312806711786,6.473514482047425,398408000,NVDA
2020-04-14,7.054899215698242,7.088937428093513,6.804952670297664,6.832531266209441,530948000,NVDA
2020-04-15,6.977631092071533,7.060366901130108,6.841974372039707,6.887193120753073,366148000,NVDA
2020-04-16,7.321990013122559,7.4288260502279275,7.119498939335271,7.132666967595268,745620000,NVDA
2020-04-17,7.262857913970947,7.425347792957144,7.129188706028905,7.4039804904478155,539120000,NVDA
2020-04-20,7.131921768188477,7.292175829064376,7.087696772999364,7.13664267731135,449388000,NVDA
2020-04-21,6.696130275726318,7.075273479581441,6.6365009587876695,7.014153773290799,735160000,NVDA
2020-04-22,7.109560966491699,7.152295573797261,6.8424713294529536,6.88793839640193,483356000,NVDA
2020-04-23,7.056390285491943,7.28323037195008,7.031296300850552,7.1515491508620865,424160000,NVDA
2020-04-24,7.195028781890869,7.197016283498686,6.971667057923223,7.04620405491623,352328000,NVDA
2020-04-27,7.381123065948486,7.540631698077307,7.304598558829222,7.3291959080035864,479388000,NVDA
2020-04-28,7.239006519317627,7.558023795022882,7.233540652145725,7.5282088970585805,442904000,NVDA
2020-04-29,7.41541051864624,7.468083111373508,7.298387692997143,7.373421341248337,379160000,NVDA
2020-04-30,7.2618632316589355,7.4154088591523335,7.247949773360715,7.361493734355101,375916000,NVDA
2020-05-01,7.0258307456970215,7.177885523416327,6.9776302758674795,7.064838190964827,342096000,NVDA
2020-05-04,7.2372660636901855,7.250931203108053,6.9786235872010405,6.9786235872010405,317556000,NVDA
2020-05-05,7.2981390953063965,7.460380664354772,7.237267230059776,7.3411220220379825,368896000,NVDA
2020-05-06,7.398763179779053,7.50336340077888,7.339630972534059,7.377396350477383,323464000,NVDA
2020-05-07,7.574667930603027,7.6377755990900065,7.486466281013908,7.537647993872,373732000,NVDA
2020-05-08,7.764240741729736,7.77045203954479,7.612434291582904,7.646224187677115,339216000,NVDA
2020-05-11,8.015677452087402,8.062387051955826,7.730698470823319,7.759270817320762,469060000,NVDA
2020-05-12,7.754302024841309,8.122016340245983,7.744612362664973,8.073319236258097,493060000,NVDA
2020-05-13,7.731942176818848,8.02859789180375,7.547836208662022,7.868592632588932,625852000,NVDA
2020-05-14,7.980895519256592,7.986361386192228,7.640013841815122,7.79331117418389,602312000,NVDA
2020-05-15,8.438300132751465,8.447989319934127,7.8253597631626945,7.841012401949906,987660000,NVDA
2020-05-18,8.696197509765625,8.861420771854155,8.626878538742194,8.706384284090324,774460000,NVDA
2020-05-19,8.751106262207031,9.031363868480941,8.708619983245251,8.735950260536658,717320000,NVDA
2020-05-20,8.914590835571289,8.987139854918718,8.833842543023762,8.935461023510964,587536000,NVDA
2020-05-21,8.721047401428223,8.996584221867831,8.683530333281945,8.995590944598801,761068000,NVDA
2020-05-22,8.970494270324707,9.036832475277743,8.659427960573646,8.770735645480487,1038764000,NVDA
2020-05-26,8.663895606994629,9.12502993974498,8.618428561714282,9.100183808834776,770780000,NVDA
2020-05-27,8.472588539123535,8.579423621709141,7.947352618383713,8.571721934524938,1175892000,NVDA
2020-05-28,8.434577941894531,8.70638807846943,8.327492605210553,8.360288763154312,734896000,NVDA
2020-05-29,8.820673942565918,8.820673942565918,8.4325860729438,8.501656726855527,745256000,NVDA
2020-06-01,8.751851081848145,8.786138087525295,8.63582251257563,8.778684720302685,389876000,NVDA
2020-06-02,8.77073860168457,8.78266456448476,8.604521976069027,8.741918393719208,391320000,NVDA
2020-06-03,8.715328216552734,8.811480823540192,8.646257567101596,8.767752949429001,365440000,NVDA
2020-06-04,8.716325759887695,8.892063372207687,8.62783444992384,8.67804533176041,424280000,NVDA
2020-06-05,8.86894702911377,8.945505990790243,8.658160503689484,8.744165593384547,481748000,NVDA
2020-06-08,8.754605293273926,8.838869456825446,8.636037519288681,8.826441189640361,387736000,NVDA
2020-06-09,8.994223594665527,9.057608978908226,8.701161369707968,8.749632267006549,468488000,NVDA
2020-06-10,9.313140869140625,9.445628472077631,9.101111207559203,9.115280401254498,632180000,NVDA
2020-06-11,8.745903968811035,9.208241690060559,8.73571254486415,9.097628518391415,583652000,NVDA
2020-06-12,8.88137435913086,9.134666537472798,8.653436526345065,9.110058437847792,570908000,NVDA
2020-06-15,9.121240615844727,9.129692061605025,8.693701574447958,8.764793091830725,400004000,NVDA
2020-06-16,9.016593933105469,9.213709970031696,8.788159278394854,9.172198981222923,535716000,NVDA
2020-06-17,9.183137893676758,9.245777040629367,9.018336061726147,9.061587984964056,408304000,NVDA
2020-06-18,9.165238380432129,9.229369050917883,9.062330430075383,9.174186691720614,254408000,NVDA
2020-06-19,9.208242416381836,9.390940867747382,9.174437570476622,9.189600491316718,524160000,NVDA
2020-06-22,9.472221374511719,9.47669600474337,9.22017234709144,9.246769799517342,398468000,NVDA
2020-06-23,9.395914077758789,9.587312445139947,9.353657775615257,9.496335851720122,375108000,NVDA
2020-06-24,9.182640075683594,9.50180290042588,9.092160369035703,9.422011483078405,449372000,NVDA
2020-06-25,9.435681343078613,9.450595828120123,9.129693078827199,9.302200068122893,376072000,NVDA
2020-06-26,9.102601051330566,9.445626707798452,9.072773021964302,9.445626707798452,592084000,NVDA
2020-06-29,9.147344589233398,9.151819220834351,8.849061417670297,9.117268123933421,342248000,NVDA
2020-06-30,9.443388938903809,9.47172542178639,9.213462711530727,9.260690499073652,367892000,NVDA
2020-07-01,9.475454330444336,9.520943092607503,9.359124357158036,9.466257584270018,326648000,NVDA
2020-07-02,9.557233810424805,9.681766795044908,9.52342801780693,9.583830317693366,364056000,NVDA
2020-07-06,9.78293514251709,9.852037332291824,9.656910597586103,9.685993330757256,315892000,NVDA
2020-07-07,9.8152494430542,10.012364587676132,9.794369726464941,9.889323129713429,357800000,NVDA
2020-07-08,10.157526016235352,10.166475276441442,9.908460082794605,9.936548129608003,365480000,NVDA
2020-07-09,10.448850631713867,10.509501363844844,10.174927184561719,10.320837695475568,494548000,NVDA
2020-07-10,10.419269561767578,10.594261828840493,10.31934469038557,10.528142745112083,497676000,NVDA
2020-07-13,9.994710922241211,10.730474941461974,9.967616612733572,10.534354582752155,457076000,NVDA
2020-07-14,10.317609786987305,10.343212572839256,9.729494803197333,10.0173381601684,542676000,NVDA
2020-07-15,10.168713569641113,10.373285456655864,9.9981949595581,10.354643532436837,403984000,NVDA
2020-07-16,10.076744079589844,10.148331539727138,9.838863245920118,9.95767944646456,344964000,NVDA
2020-07-17,10.143111228942871,10.189842154212721,10.03001277488039,10.166974030828735,266284000,NVDA
2020-07-20,10.450589179992676,10.47097202569656,10.098615287459245,10.215443053252137,284852000,NVDA
2020-07-21,10.269384384155273,10.499560010526949,10.227873386769945,10.452828136180505,277036000,NVDA
2020-07-22,10.379003524780273,10.541815989518545,10.23259614351377,10.308161365872728,367292000,NVDA
2020-07-23,10.071773529052734,10.48663511726598,9.973837034694547,10.390190166748868,411660000,NVDA
2020-07-24,10.136147499084473,10.305422941550868,9.721037689522865,9.818476320868633,473292000,NVDA
2020-07-27,10.361851692199707,10.381985159654809,10.15926726913902,10.17368489136173,292132000,NVDA
2020-07-28,10.157032012939453,10.322579150159058,10.150818353408443,10.31487394684012,271636000,NVDA
2020-07-29,10.405599594116211,10.456058901678837,10.287778082878747,10.331277485949975,284508000,NVDA
2020-07-30,10.553250312805176,10.562198626174778,10.23632432247183,10.31561792819607,308880000,NVDA
2020-07-31,10.553995132446289,10.704877134724839,10.373285104214844,10.502789580184212,386080000,NVDA
2020-08-03,10.947235107421875,11.035228617970057,10.653923405594604,10.671074739324444,412720000,NVDA
2020-08-04,11.163488388061523,11.163488388061523,10.843580218303728,10.986756094966408,310336000,NVDA
2020-08-05,11.222148895263672,11.306662426415594,11.102338977036846,11.179644171241007,249924000,NVDA
2020-08-06,11.270620346069336,11.292991603889252,11.114767787246265,11.284788588104904,244316000,NVDA
2020-08-07,11.13539981842041,11.438902888927283,10.974327320204562,11.24775298021625,342516000,NVDA
2020-08-10,11.101094245910645,11.342951836490055,10.794359735838071,11.269375985990894,427796000,NVDA
2020-08-11,10.787898063659668,11.073006628875003,10.733957862179553,11.01036654783612,354512000,NVDA
2020-08-12,11.374771118164062,11.401367625316079,10.895529538580869,10.927843787475073,464412000,NVDA
2020-08-13,11.377503395080566,11.654658327351312,11.290753031765972,11.479913541646958,374460000,NVDA
2020-08-14,11.49781608581543,11.637760465479507,11.37502304020763,11.464010282975181,366436000,NVDA
2020-08-17,12.266387939453125,12.338721639164778,11.749613132917666,11.78341797703203,621300000,NVDA
2020-08-18,12.19057559967041,12.424479620147759,12.017074833283205,12.37874242255525,503448000,NVDA
2020-08-19,12.069024085998535,12.244513237961666,12.028755255290813,12.226119746907969,622624000,NVDA
2020-08-20,12.071508407592773,12.304169267650222,11.810759499849118,11.906459125153898,921388000,NVDA
2020-08-21,12.610904693603516,12.73543767305914,12.125448525163229,12.13191156434554,999868000,NVDA
2020-08-24,12.647446632385254,12.838596552750959,12.435913860335274,12.810010684230033,490564000,NVDA
2020-08-25,12.677022933959961,12.68820808728753,12.501781279435177,12.558455188322542,289076000,NVDA
2020-08-26,12.699892044067383,12.79484543135099,12.605187089337212,12.725991685415721,321244000,NVDA
2020-08-27,12.555971145629883,12.776452196578415,12.494574167929203,12.708343746936956,317604000,NVDA
2020-08-28,13.07249641418457,13.072744846722001,12.570138325242661,12.602452571208635,537160000,NVDA
2020-08-31,13.297952651977539,13.497304647431042,12.963129976781236,13.107299590624228,500840000,NVDA
2020-09-01,13.74600601196289,13.917818175661797,13.363591845452834,13.406855757117219,511316000,NVDA
2020-09-02,14.268654823303223,14.646841525282102,13.82457680383725,14.6239656123547,874012000,NVDA
2020-09-03,12.944876670837402,13.809160874427366,12.80886846988595,13.753713485703926,945128000,NVDA
2020-09-04,12.554008483886719,13.1035102928297,11.64123800223023,12.714382677983597,1463684000,NVDA
2020-09-08,11.848356246948242,12.481899758741234,11.640739220800251,11.670824672179428,795728000,NVDA
2020-09-09,12.646008491516113,12.739746817327525,12.165379994058032,12.332717152096508,736200000,NVDA
2020-09-10,12.244946479797363,12.994357950704119,12.100981305836067,12.918770116551691,698684000,NVDA
2020-09-11,12.098493576049805,12.583845521051666,11.83120166985141,12.417751873748696,636928000,NVDA
2020-09-14,12.802406311035156,13.24275397953798,12.562714722288677,13.010024379273764,1201744000,NVDA
2020-09-15,12.920513153076172,13.226593101975535,12.758148950978882,13.207944646680321,727556000,NVDA
2020-09-16,12.446596145629883,13.021708500069288,12.44585062487237,12.88694376690276,556384000,NVDA
2020-09-17,12.39587116241455,12.521436376153515,11.969447587657047,12.066418385960583,792512000,NVDA
2020-09-18,12.123109817504883,12.563954399639542,11.923698214828766,12.525414964806158,698460000,NVDA
2020-09-21,12.449329376220703,12.454550866081808,11.839904206718712,11.860293152414322,721044000,NVDA
2020-09-22,12.569175720214844,12.579370193536365,12.089543202829288,12.506766345855947,646452000,NVDA
2020-09-23,12.057967185974121,12.657944498012013,12.013709239052593,12.507265827431572,647012000,NVDA
2020-09-24,12.28099536895752,12.50129383353209,11.948808124243987,12.006742465999842,731240000,NVDA
2020-09-25,12.80389404296875,12.813591501629551,12.179302394354629,12.379957458878538,588016000,NVDA
2020-09-28,12.964269638061523,12.980929083477617,12.680816250113036,12.969491127871112,573808000,NVDA
2020-09-29,13.153985023498535,13.369807555834509,12.863072628599586,12.867299142520546,621460000,NVDA
2020-09-30,13.457080841064453,13.548581635739456,13.078894186765016,13.086104679681076,689184000,NVDA
2020-10-01,13.540627479553223,13.688072700094674,13.387711312976796,13.683349171791244,525004000,NVDA
2020-10-02,12.991372108459473,13.446140634224474,12.98018265968585,13.153239241621401,552496000,NVDA
2020-10-05,13.568473815917969,13.570214312585838,13.151001225511452,13.164179678210838,479820000,NVDA
2020-10-06,13.661962509155273,14.06526258648005,13.590850658447438,13.754955294119164,784420000,NVDA
2020-10-07,13.888230323791504,14.042638475157641,13.788275536042313,13.923786729329015,418084000,NVDA
2020-10-08,13.76365852355957,14.00807546805278,13.683347172141852,13.998626515827448,378900000,NVDA
2020-10-09,13.688070297241211,13.749237132534198,13.586624482486123,13.692297759480711,346892000,NVDA
2020-10-12,14.148807525634766,14.269151250700197,13.837009167737346,13.913591020870141,434744000,NVDA
2020-10-13,14.17093563079834,14.270641893386932,13.942681134228518,14.218924012166369,344604000,NVDA
2020-10-14,14.018767356872559,14.264923856549403,13.884251150985698,14.212957463317636,276100000,NVDA
2020-10-15,13.894197463989258,13.929752918930133,13.693044417342875,13.7358113145266,267224000,NVDA
2020-10-16,13.736557006835938,14.04487533293222,13.717660049634887,13.960585020449875,242392000,NVDA
2020-10-19,13.424509048461914,13.907622529912283,13.334002276993704,13.827559686516892,298068000,NVDA
2020-10-20,13.571457862854004,13.724871025768707,13.433709170027877,13.509794010029397,229212000,NVDA
2020-10-21,13.451363563537598,13.716666494155783,13.404370150058263,13.55106984318131,219596000,NVDA
2020-10-22,13.288500785827637,13.537889759866344,13.159951596832498,13.449124433979557,290480000,NVDA
2020-10-23,13.51650619506836,13.519490174370686,13.21912885025494,13.37701701892779,233484000,NVDA
2020-10-26,13.069944381713867,13.618452225556153,12.96775208441768,13.354144270624808,336896000,NVDA
2020-10-27,13.324057579040527,13.369061984732776,13.11992056172702,13.23379931227968,250520000,NVDA
2020-10-28,12.558484077453613,13.188049707227659,12.540582096891148,13.126385854290977,376520000,NVDA
2020-10-29,12.953330993652344,13.121165154152697,12.68081757068752,12.768837386000987,320080000,NVDA
2020-10-30,12.465989112854004,12.86630429338477,12.233258625540165,12.780274436354883,416820000,NVDA
2020-11-02,12.51248550415039,12.767095978819652,12.327743402774802,12.589067357205305,299652000,NVDA
2020-11-03,12.948854446411133,13.033890278158362,12.534365826303068,12.63954209787184,272900000,NVDA
2020-11-04,13.719401359558105,13.752471747994806,13.264632773822745,13.316599172080933,410228000,NVDA
2020-11-05,14.083166122436523,14.261194749998864,13.915083461408287,14.085653088319836,319028000,NVDA
2020-11-06,14.482985496520996,14.509589961526343,13.819604883139405,14.03318896935885,383348000,NVDA
2020-11-09,13.55678939819336,14.611783787458327,13.536898411202461,14.473538060697685,582976000,NVDA
2020-11-10,12.70071029663086,13.53267065698492,12.559729099798012,13.53267065698492,644068000,NVDA
2020-11-11,13.345192909240723,13.362100862954051,12.877991414086402,12.982919181366613,404744000,NVDA
2020-11-12,13.383732795715332,13.69130466553018,13.243746581825867,13.40586224042425,365812000,NVDA
2020-11-13,13.224847793579102,13.594580483530914,12.988387818739444,13.553305579639913,346312000,NVDA
2020-11-16,13.441915512084961,13.575436751077367,13.084614759446428,13.101024751247351,413776000,NVDA
2020-11-17,13.349418640136719,13.522474277402354,13.231561881843696,13.478961861207623,312028000,NVDA
2020-11-18,13.35588264465332,13.531922248694801,13.113455665930692,13.392184564746637,510924000,NVDA
2020-11-19,13.367321968078613,13.414315378972356,13.028918190667222,13.141056448609183,565936000,NVDA
2020-11-20,13.016735076904297,13.421277740192645,12.994107670676497,13.38099780808852,341088000,NVDA
2020-11-23,13.068703651428223,13.309887218980153,12.944878906259452,13.09978409118747,361356000,NVDA
2020-11-24,12.887441635131836,13.090582761074899,12.815086285194447,13.07118878802459,346500000,NVDA
2020-11-25,13.162935256958008,13.197496680970419,12.949351195798258,12.961783178468291,259916000,NVDA
2020-11-27,13.189292907714844,13.334750064003929,13.099035582696706,13.302426146106399,167276000,NVDA
2020-11-30,13.328781127929688,13.339722070023917,12.901860540365371,13.193022390006243,286952000,NVDA
2020-12-01,13.317343711853027,13.455340904435158,13.156470608275669,13.419038982985601,296948000,NVDA
2020-12-02,13.471007347106934,13.599307099572938,13.162440495333444,13.278059756096301,283360000,NVDA
2020-12-03,13.327247619628906,13.589892631736793,13.260592045398973,13.517764495771466,199520000,NVDA
2020-12-04,13.488665580749512,13.490406591655205,13.320035154421149,13.379478105518432,202244000,NVDA
2020-12-07,13.536916732788086,13.66077804492372,13.430715060040114,13.531445119380862,223244000,NVDA
2020-12-08,13.281487464904785,13.528960600931136,13.213338494435172,13.515281090764754,271920000,NVDA
2020-12-09,12.864385604858398,13.34515509436293,12.802206372644868,13.232237965404359,401300000,NVDA
2020-12-10,12.905669212341309,13.001674315581136,12.783548952495202,12.802949596356608,207764000,NVDA
2020-12-11,12.946462631225586,12.953178094559908,12.757188653902821,12.900698238186449,209264000,NVDA
2020-12-14,13.240443229675293,13.320032555199028,13.010380305933886,13.02082636932964,270156000,NVDA
2020-12-15,13.291932106018066,13.394900342976547,13.11907389477602,13.370774767503343,193016000,NVDA
2020-12-16,13.174534797668457,13.368285100210734,13.144688085865043,13.353610324590434,223116000,NVDA
2020-12-17,13.272778511047363,13.310832168465264,13.110863557414445,13.29814698347281,231384000,NVDA
2020-12-18,13.203883171081543,13.336199985751847,13.003417409299962,13.31033340523875,342064000,NVDA
2020-12-21,13.263824462890625,13.301380961244586,12.900946562414616,13.007646335173467,302332000,NVDA
2020-12-22,13.210101127624512,13.268798334208665,12.987002216302992,13.250891065643227,185580000,NVDA
2020-12-23,12.942481994628906,13.20686801104678,12.938254232061905,13.187965472083052,179144000,NVDA
2020-12-24,12.927059173583984,13.065097114844084,12.872342106360044,12.970335856618536,97884000,NVDA
2020-12-28,12.833793640136719,12.995460029586082,12.697746203513814,12.995460029586082,212564000,NVDA
2020-12-29,12.876822471618652,13.005409659646398,12.776340989904284,12.858666619881392,170372000,NVDA
2020-12-30,13.078279495239258,13.145930325904152,12.830557889802595,12.923577188979584,225396000,NVDA
2020-12-31,12.987998008728027,13.083505026218697,12.848716190436818,13.069079778670659,192424000,NVDA
2021-01-04,13.046194076538086,13.582428145882906,12.895969067346883,13.036991863735198,560640000,NVDA
2021-01-05,13.335954666137695,13.374505491666145,13.01983542997663,13.03251966866756,322760000,NVDA
2021-01-06,12.549756050109863,13.177019845757139,12.521402721219765,13.15463528918827,580424000,NVDA
2021-01-07,13.2755126953125,13.309090007060597,12.8203612761621,12.900944926798237,461480000,NVDA
2021-01-08,13.20860767364502,13.352117237676298,12.975062715626606,13.293918144958322,292528000,NVDA
2021-01-11,13.551589012145996,13.889346986989683,13.293918478633943,13.349879401554206,518344000,NVDA
2021-01-12,13.415543556213379,13.683909741204818,13.276511249736272,13.68191920101054,291476000,NVDA
2021-01-13,13.462300300598145,13.555071983938621,13.316303971194731,13.42076462097778,210028000,NVDA
2021-01-14,13.132501602172852,13.529951129095025,13.112853322479959,13.505328397210821,283120000,NVDA
2021-01-15,12.793502807617188,13.256862241952655,12.78255958026351,13.160111360544299,277780000,NVDA
2021-01-19,12.958401679992676,13.026798268994698,12.778081329831359,12.949447095978456,226188000,NVDA
2021-01-20,13.29715347290039,13.36157087660753,12.989739333786316,13.04445641294081,258572000,NVDA
2021-01-21,13.796327590942383,13.927401511527409,13.184981367786673,13.349631654463508,337780000,NVDA
2021-01-22,13.642121315002441,13.770708473479296,13.557308952457124,13.669480325264736,246820000,NVDA
2021-01-25,13.583179473876953,13.757530121044729,13.168568335027265,13.711019979858465,251112000,NVDA
2021-01-26,13.36629581451416,13.574719948658196,13.31879041384867,13.510799710027586,163980000,NVDA
2021-01-27,12.851452827453613,13.164835741319445,12.728088683861888,13.162099460401164,371272000,NVDA
2021-01-28,12.984016418457031,13.271285077100378,12.893981023989753,12.929547927045675,228316000,NVDA
2021-01-29,12.923080444335938,13.266310008842897,12.84523212819906,13.00789280284213,271552000,NVDA
2021-02-01,13.169065475463867,13.202641846107586,12.83653046690739,12.986258366188409,217204000,NVDA
2021-02-02,13.48717212677002,13.502343114382933,13.217313559304229,13.329983047797578,220440000,NVDA
2021-02-03,13.46105670928955,13.860247226982565,13.44712862336559,13.566014514279491,245408000,NVDA
2021-02-04,13.594122886657715,13.603325102728808,13.26929860641241,13.461556515268784,201340000,NVDA
2021-02-05,13.521245002746582,13.666745108660233,13.476227305081746,13.654558033830845,169152000,NVDA
2021-02-08,14.364648818969727,14.399469042846064,13.65680015778094,13.65680015778094,434624000,NVDA
2021-02-09,14.190046310424805,14.50840365374763,14.149504952867572,14.267147945822208,287560000,NVDA
2021-02-10,14.688477516174316,14.828505098313626,14.267897609078004,14.389022648859505,485352000,NVDA
2021-02-11,15.172476768493652,15.193867006521918,14.848399244695507,14.90336584704324,450828000,NVDA
2021-02-12,14.884464263916016,15.212770519830906,14.699169476852274,14.972758655967848,374756000,NVDA
2021-02-16,15.251569747924805,15.29360353659292,14.873271342590193,14.98693515502818,321960000,NVDA
2021-02-17,14.829496383666992,15.145366956291253,14.704142665462815,15.09313568691804,274756000,NVDA
2021-02-18,14.75289535522461,14.796917793200864,14.500198268904695,14.653408193835052,233868000,NVDA
2021-02-19,14.849893569946289,15.099107664393724,14.770552807333134,14.947390182953654,271724000,NVDA
2021-02-22,14.282073020935059,15.055582861112889,14.251480563869782,14.698922288674808,325884000,NVDA
2021-02-23,14.069421768188477,14.165675493727912,13.320783156539449,14.003013813415862,391780000,NVDA
2021-02-24,14.42458724975586,14.43229798344174,13.68540047372523,14.050268938182565,448320000,NVDA
2021-02-25,13.239204406738281,14.300977418786859,13.148423242582279,13.973416830192615,824436000,NVDA
2021-02-26,13.644111633300781,13.783392485059872,13.292425585049788,13.681915758221361,500932000,NVDA
2021-03-01,13.770709991455078,13.853532772184092,13.483690829892343,13.80378919793109,353184000,NVDA
2021-03-02,13.337444305419922,13.849054792199592,13.32724682102197,13.828659823403687,264116000,NVDA
2021-03-03,12.739032745361328,13.382462935621067,12.733063022967233,13.357343042088633,377592000,NVDA
2021-03-04,12.306761741638184,12.908408604705867,12.021732172384384,12.73505231080037,573344000,NVDA
2021-03-05,12.397543907165527,12.485589720652124,11.61930825304677,12.485589720652124,542840000,NVDA
2021-03-08,11.533748626708984,12.407241654699087,11.50713535777031,12.386100946731473,543112000,NVDA
2021-03-09,12.46029281616211,12.556330138602013,12.001500032074086,12.072160122978335,521824000,NVDA
2021-03-10,12.40854263305664,12.917841248683985,12.397844294613398,12.779009616841924,384376000,NVDA
2021-03-11,12.9312744140625,12.983772381108242,12.673514929162938,12.887982786943063,299916000,NVDA
2021-03-12,12.794431686401367,12.827024973497226,12.529705783542862,12.587676296414587,243964000,NVDA
2021-03-15,13.128076553344727,13.143502391712138,12.706107314755066,12.803140232452149,221988000,NVDA
2021-03-16,13.22760009765625,13.447790141533767,13.0539352931175,13.292537069306986,272128000,NVDA
2021-03-17,13.277359962463379,13.388823115161827,12.92729410030536,12.977303509185077,243864000,NVDA
2021-03-18,12.66157341003418,13.120863512138007,12.656099908286295,13.07359132528923,293896000,NVDA
2021-03-19,12.784235000610352,12.859622603426773,12.552102306453984,12.688943665971406,299208000,NVDA
2021-03-22,13.123101234436035,13.330353977872695,12.844939742774393,12.850911525294125,297804000,NVDA
2021-03-23,13.008153915405273,13.280592270827778,12.958890509627805,13.190774466332162,222048000,NVDA
2021-03-24,12.582453727722168,13.096232071229919,12.576234227742477,13.088270010291474,245840000,NVDA
2021-03-25,12.475220680236816,12.653861664457352,12.21323193641956,12.439642442353005,295144000,NVDA
2021-03-26,12.777765274047852,12.794684062208672,12.314245906312358,12.494378894229927,363968000,NVDA
2021-03-29,12.886241912841797,12.999944962976231,12.639180750258788,12.758854634186175,273520000,NVDA
2021-03-30,12.810110092163086,12.913114819439107,12.644158664289982,12.78050268700151,200204000,NVDA
2021-03-31,13.284327507019043,13.405991674241122,12.92032872070121,12.953170680778484,314776000,NVDA
2021-04-01,13.74560832977295,13.803578856697488,13.446546506677153,13.507255208263642,308276000,NVDA
2021-04-05,13.920514106750488,13.946886947789313,13.667232519024436,13.801088900176397,255672000,NVDA
2021-04-06,13.795119285583496,13.986946213948366,13.707541356464933,13.932707577763324,191744000,NVDA
2021-04-07,14.075767517089844,14.175288050539208,13.645836193052718,13.814275196569815,251284000,NVDA
2021-04-08,14.248437881469727,14.402198005906836,14.180762736178757,14.184495575099847,244416000,NVDA
2021-04-09,14.331040382385254,14.339002443747564,14.10711843994296,14.14593123495432,195172000,NVDA
2021-04-12,15.136161804199219,15.27897489097886,14.071535139765954,14.22131467228572,869324000,NVDA
2021-04-13,15.604412078857422,15.624814088647074,15.05331389396944,15.15855755137292,676212000,NVDA
2021-04-14,15.203839302062988,15.645214960249273,15.15457589300585,15.55017231465496,385500000,NVDA
2021-04-15,16.05997085571289,16.13660177459163,15.556642200301264,15.587493880373994,598480000,NVDA
2021-04-16,15.836297035217285,16.08833436820493,15.789272566562536,15.976123314232588,335208000,NVDA
2021-04-19,15.288183212280273,15.731798779412195,15.160049939654558,15.46209667219749,404420000,NVDA
2021-04-20,15.098594665527344,15.422784036919696,14.891341936905754,15.249866208010582,334132000,NVDA
2021-04-21,15.286941528320312,15.28893180639827,15.029928007995823,15.04634851396947,216776000,NVDA
2021-04-22,14.779134750366211,15.364567873838729,14.712703881625139,15.301371562848711,277788000,NVDA
2021-04-23,15.192146301269531,15.261562107775354,14.82889448109433,14.862731103886027,227500000,NVDA
2021-04-26,15.403878211975098,15.404873825568805,15.052568979496371,15.112282067435485,197796000,NVDA
2021-04-27,15.308091163635254,15.5954581161047,15.280971367813056,15.503898671043746,164572000,NVDA
2021-04-28,15.20358943939209,15.457866642599491,15.142633030660882,15.290919638482547,209416000,NVDA
2021-04-29,15.251364707946777,15.362579224304522,14.999327318267557,15.326254033700826,173196000,NVDA
2021-04-30,14.9376220703125,15.291419872387051,14.92518212012407,15.101832829586288,201912000,NVDA
2021-05-03,14.76569652557373,15.173732875176336,14.716682734121033,15.05256605994809,203912000,NVDA
2021-05-04,14.282523155212402,14.567402449672667,13.94315656113804,14.567153783566326,405324000,NVDA
2021-05-05,14.389256477355957,14.74255683476457,14.318596405874235,14.638556530492483,292024000,NVDA
2021-05-06,14.453450202941895,14.501469334711977,14.149911470541818,14.425833080432389,193380000,NVDA
2021-05-07,14.741316795349121,14.899057484920897,14.601489557572949,14.737336239196171,229328000,NVDA
2021-05-10,14.197434425354004,14.735097113534144,14.181759916939434,14.716436713295641,268904000,NVDA
2021-05-11,14.237735748291016,14.286003538327344,13.684150057428777,13.758790686102426,285584000,NVDA
2021-05-12,13.692612648010254,14.191959832815755,13.64359884835176,13.942410098916847,303408000,NVDA
2021-05-13,13.599808692932129,14.013319554436475,13.39454620795062,13.966543750646617,285404000,NVDA
2021-05-14,14.174792289733887,14.25938527455248,13.68266022181972,13.823483068810868,258616000,NVDA
2021-05-17,14.097661972045898,14.101393861667164,13.787156796805611,14.089202579320993,216980000,NVDA
2021-05-18,13.948629379272461,14.335269089608653,13.936935429096572,14.19867642444646,186256000,NVDA
2021-05-19,13.998394012451172,14.01207824429046,13.478396049880688,13.501534341461353,344000000,NVDA
2021-05-20,14.542524337768555,14.613433100183471,14.20216208835548,14.234008437809646,321592000,NVDA
2021-05-21,14.919957160949707,15.149104894905113,14.79829298748573,15.09113341773736,672992000,NVDA
2021-05-24,15.537235260009766,15.669597751616458,15.10332242541384,15.139647605689639,554816000,NVDA
2021-05-25,15.572815895080566,15.742747872729003,15.408357419560648,15.690499512719473,435408000,NVDA
2021-05-26,15.6248140335083,15.718115073854618,15.511609264757215,15.658900271738665,370440000,NVDA
2021-05-27,15.413829803466797,15.67457520145046,15.385964013483283,15.624565789324397,581476000,NVDA
2021-05-28,16.166702270507812,16.1995451708995,15.426764176967593,15.426764176967593,644536000,NVDA
2021-06-01,16.18660545349121,16.309763471301338,15.827085633895027,16.19207990245723,472804000,NVDA
2021-06-02,16.69790267944336,16.837730875688383,16.157752372791514,16.17442249509747,594168000,NVDA
2021-06-03,16.88848304748535,17.1763491798281,16.503585882792244,16.62077215706791,580008000,NVDA
2021-06-04,17.494064331054688,17.576416441699127,17.01362639992551,17.03054328195721,617120000,NVDA
2021-06-07,17.53462791442871,17.727201823180256,17.11042052747879,17.487108000858615,575756000,NVDA
2021-06-08,17.373403549194336,17.537115086364118,17.168388755751412,17.44331669923782,323848000,NVDA
2021-06-09,17.279081344604492,17.4948438746544,17.17704981871262,17.435864226348606,381656000,NVDA
2021-06-10,17.345529556274414,17.412225327997316,17.09766651507908,17.270872745755277,287772000,NVDA
2021-06-11,17.74395179748535,17.857432176144524,17.364191530157925,17.39977791669959,416308000,NVDA
2021-06-14,17.936567306518555,17.957222713161077,17.582191993695638,17.82433244551483,321376000,NVDA
2021-06-15,17.70736312866211,17.934075092596363,17.6471398856024,17.833287216730746,243032000,NVDA
2021-06-16,17.729019165039062,17.872860848959444,17.50429881095447,17.709609271497378,307124000,NVDA
2021-06-17,18.572153091430664,18.749092002999713,17.675263510096187,17.693429785161566,809656000,NVDA
2021-06-18,18.553743362426758,19.286635432932194,18.499242623103743,18.698331232193887,968856000,NVDA
2021-06-21,18.34320831298828,18.451961071599868,17.74146545273779,18.351171250009127,672384000,NVDA
2021-06-22,18.800609588623047,18.877259967462265,18.30214384565627,18.387254606653663,580144000,NVDA
2021-06-23,18.970333099365234,19.065398486357704,18.82151504268745,18.921059344157953,332356000,NVDA
2021-06-24,19.11790657043457,19.331428697030866,19.001190887629537,19.14005621589849,320924000,NVDA
2021-06-25,18.944202423095703,19.257268837868793,18.80832557277072,19.192564762102357,278364000,NVDA
2021-06-28,19.89385223388672,19.987174655201073,19.23088938832883,19.27294637389471,495436000,NVDA
2021-06-29,19.935409545898438,20.007079760054115,19.567344985249843,19.791816597228845,367632000,NVDA
2021-06-30,19.911273956298828,20.070544083019442,19.77315668561849,19.90803865725093,326568000,NVDA
2021-07-01,20.11981964111328,20.36270632131494,19.927699060494447,20.03321652568688,480136000,NVDA
2021-07-02,20.39356231689453,20.411730494811923,20.195221786226497,20.3470264154675,342764000,NVDA
2021-07-06,20.604095458984375,20.746940344072726,20.257434361701367,20.642917142581126,446708000,NVDA
2021-07-07,20.278837203979492,20.779792073320536,20.239269348710295,20.758390496324644,418428000,NVDA
2021-07-08,19.811979293823242,20.041178597383794,19.610900891917264,19.765940834345816,503300000,NVDA
2021-07-09,19.958799362182617,19.98866321487128,19.66414989718795,19.871450108778415,296624000,NVDA
2021-07-12,20.418949127197266,20.43910519307565,20.09567932268978,20.147690934282892,321984000,NVDA
2021-07-13,20.15764617919922,20.36793303880323,20.02226675099357,20.307459143346122,290708000,NVDA
2021-07-14,19.751001358032227,20.324623131817976,19.66265721401625,20.26489732613754,380100000,NVDA
2021-07-15,18.87974739074707,19.756481081917247,18.77248888227508,19.72139214020743,550564000,NVDA
2021-07-16,18.078170776367188,19.06962851714903,17.990572779108614,18.94370627742423,688224000,NVDA
2021-07-19,18.694101333618164,18.955154278049445,17.78401966527489,17.833544044539046,749060000,NVDA
2021-07-20,18.52711296081543,18.752082041477266,18.081156267494258,18.644574810811843,434687000,NVDA
2021-07-21,19.32147216796875,19.437939116174313,18.65651959928261,18.79588046130681,371017000,NVDA
2021-07-22,19.50463104248047,19.79629393162419,19.188080660166136,19.552412447205178,323826000,NVDA
2021-07-23,19.468799591064453,19.610152148792288,19.162203768763973,19.566352203135214,195672000,NVDA
2021-07-26,19.206005096435547,19.35332891748849,18.827737126381447,19.222927760778727,203943000,NVDA
2021-07-27,19.120399475097656,19.532510931072274,18.65552833545474,19.177138728974995,248863000,NVDA
2021-07-28,19.41404914855957,19.556396591410255,18.90836665974405,19.23088833780953,202191000,NVDA
2021-07-29,19.572322845458984,19.762451684848866,19.23984467559429,19.429973514984173,190781000,NVDA
2021-07-30,19.410072326660156,19.540473498582248,19.17514858058389,19.329440463856944,183497000,NVDA
2021-08-02,19.659923553466797,19.869961658246222,19.27269777815783,19.610152354563404,217444000,NVDA
2021-08-03,19.724634170532227,20.129777635823057,19.132346454505303,19.649975448775,301811000,NVDA
2021-08-04,20.18153190612793,20.225331848038415,19.737565032108463,19.898826814854456,231309000,NVDA
2021-08-05,20.542877197265625,20.63844002549978,20.249222567431012,20.4065028973456,211435000,NVDA
2021-08-06,20.27311134338379,20.476181384713264,20.117822711619997,20.430391658316715,178497000,NVDA
2021-08-09,20.20244026184082,20.41446817532741,20.051133065996048,20.352750666567054,146443000,NVDA
2021-08-10,19.845077514648438,20.336823982919242,19.744536419810593,20.229316742427432,179238000,NVDA
2021-08-11,19.609155654907227,19.957559744802627,19.341383413828332,19.951586593338543,185925000,NVDA
2021-08-12,19.81422233581543,19.937655472039182,19.5305222530475,19.779382108012353,151652000,NVDA
2021-08-13,20.095930099487305,20.121812495694318,19.76046713192301,19.814221709491452,183063000,NVDA
2021-08-16,19.85901641845703,20.194479383665566,19.36428140546601,20.04317217239467,210876000,NVDA
2021-08-17,19.369251251220703,19.679828476703086,19.179122427157687,19.595215178743565,204585000,NVDA
2021-08-18,18.95316505432129,19.544455857793075,18.91334657124047,19.41106621785206,285913000,NVDA
2021-08-19,19.707706451416016,20.4015281044792,18.676430196540903,19.405092071189426,766555000,NVDA
2021-08-20,20.7210636138916,20.76983992496617,19.84209132480141,19.899825465212288,675741000,NVDA
2021-08-23,21.857851028442383,21.89667271123658,20.85444903468081,20.875353163773784,575807000,NVDA
2021-08-24,21.6936092376709,21.85885253592805,21.436786460048275,21.65379265057936,297299000,NVDA
2021-08-25,22.1116886138916,22.367516438446174,21.62292877853246,21.63785975782843,347701000,NVDA
2021-08-26,21.96735382080078,22.238112654688,21.69062183507276,22.098751769400412,237940000,NVDA
2021-08-27,22.532764434814453,22.61837265798481,22.06590352409162,22.082826190221216,304722000,NVDA
2021-08-30,22.584522247314453,22.937902675579686,22.448147955070617,22.725874798350432,262580000,NVDA
2021-08-31,22.286834716796875,22.595474734179547,22.022997435726552,22.595474734179547,259850000,NVDA
2021-09-01,22.342586517333984,22.59746436340298,22.25895525818187,22.386394181216367,201767000,NVDA
2021-09-02,22.297788619995117,22.493925233851396,22.197231693882596,22.41925336542852,187834000,NVDA
2021-09-03,22.742826461791992,22.885199011095356,22.102646574319134,22.227098408861508,280532000,NVDA
2021-09-07,22.5626220703125,22.798582279426377,22.42323471429615,22.73287172125641,198107000,NVDA
2021-09-08,22.24103355407715,22.51084499897377,21.88061968348647,22.414270268595097,254434000,NVDA
2021-09-09,22.079748153686523,22.43916513590544,22.033950346554978,22.21415637158111,196856000,NVDA
2021-09-10,22.379432678222656,22.526782500549718,22.172344593777844,22.250001675952277,248376000,NVDA
2021-09-13,22.054859161376953,22.863298640935614,21.76214779147206,22.584525817265025,297500000,NVDA
2021-09-14,22.14446449279785,22.311727046467276,21.989148450540036,22.177318823418137,199755000,NVDA
2021-09-15,22.243024826049805,22.268911777280785,21.869669360408633,22.211165569828992,166538000,NVDA
2021-09-16,22.14446449279785,22.179310858145648,21.830845305683194,22.085723205642353,156033000,NVDA
2021-09-17,21.80396270751953,22.223116047519348,21.734269978657856,22.202208228860844,294503000,NVDA
2021-09-20,21.020414352416992,21.33901075751113,20.57139190308022,21.053268680937446,349440000,NVDA
2021-09-21,21.152830123901367,21.331044106280054,20.8581286447772,21.32307976600177,204688000,NVDA
2021-09-22,21.844783782958984,21.863699567380518,21.103049939355934,21.272304527219312,268726000,NVDA
2021-09-23,22.383407592773438,22.436174664784662,21.794002797589656,22.04290644543416,248555000,NVDA
2021-09-24,21.984167098999023,22.051869687132683,21.765132553304515,21.973215656561944,217655000,NVDA
2021-09-27,21.565017700195312,21.703408104868426,21.23148763384745,21.61479768356571,245215000,NVDA
2021-09-28,20.608230590820312,21.325074477409554,20.560440745183087,21.12097351503002,343069000,NVDA
2021-09-29,20.427026748657227,20.924834092595493,20.37724487487281,20.84817209585024,218394000,NVDA
2021-09-30,20.625150680541992,20.97361615381417,20.597273594598942,20.67692268286252,221009000,NVDA
2021-10-01,20.651039123535156,20.7675247129361,20.114401382383377,20.659003463241838,240978000,NVDA
2021-10-04,19.645469665527344,20.451917043098803,19.469245817551954,20.414083578048384,345635000,NVDA
2021-10-05,20.361318588256836,20.557455206159453,19.76693642818016,19.862516117895748,279282000,NVDA
2021-10-06,20.609230041503906,20.629140897098562,19.99194794243445,20.031773451593356,297202000,NVDA
2021-10-07,20.982580184936523,21.22849675315436,20.880031234621082,20.99950393304236,256919000,NVDA
2021-10-08,20.73965072631836,21.113006266424186,20.683896542065902,21.00846717095083,151258000,NVDA
2021-10-11,20.6042423248291,20.97062850101373,20.42104923673679,20.484769645064205,163388000,NVDA
2021-10-12,20.58034896850586,20.964655885876756,20.437976429822484,20.736660050850766,162134000,NVDA
2021-10-13,20.8471736907959,20.8979506288575,20.622164953970238,20.826265874944212,180652000,NVDA
2021-10-14,21.650634765625,21.659594172572046,21.029370725954077,21.194643109467265,243589000,NVDA
2021-10-15,21.766128540039062,21.834826198844418,21.56700673526924,21.71435652898172,226994000,NVDA
2021-10-18,22.12455177307129,22.193249435993522,21.54908541210571,21.653626407282953,189494000,NVDA
2021-10-19,22.192258834838867,22.280867367976793,21.940367986419837,22.178318386889497,161473000,NVDA
2021-10-20,22.006071090698242,22.334623846905142,21.88560143025834,22.207184914348492,146276000,NVDA
2021-10-21,22.592483520507812,22.611401198544574,21.98615503847255,22.00009358061166,187590000,NVDA
2021-10-22,22.6263370513916,23.028564678129815,22.462061631178194,22.722911788353617,249384000,NVDA
2021-10-25,23.064411163330078,23.252581526641404,22.67014782202449,22.87225673076628,230235000,NVDA
2021-10-26,24.608610153198242,25.14823509331115,23.819088343329533,23.883803837264775,485898000,NVDA
2021-10-27,24.34377670288086,24.979974473581777,24.175517185619338,24.366676556372838,245990000,NVDA
2021-10-28,24.831626892089844,24.840588199418896,24.41546066539416,24.768903437739628,234204000,NVDA
2021-10-29,25.454885482788086,25.59626299550814,24.89037239888094,24.8913674668693,292503000,NVDA
2021-11-01,25.7137393951416,25.78044501501722,25.116370221539132,25.53652048764444,265740000,NVDA
2021-11-02,26.28522491455078,26.56101063434502,25.68686059809661,25.708765384211045,294112000,NVDA
2021-11-03,26.481353759765625,26.66653887512765,26.119946733214228,26.553038504323563,239910000,NVDA
2021-11-04,29.67031478881836,31.227455386633288,26.999079939655886,27.109593234066324,1153631000,NVDA
2021-11-05,29.62152671813965,31.26229841246148,29.28102556401493,30.054618542304095,851260000,NVDA
2021-11-08,30.668920516967773,30.963622039955503,29.775852740634846,30.016792110265666,503101000,NVDA
2021-11-09,30.522558212280273,32.16831102221569,29.832598362114123,32.14043393327905,646746000,NVDA
2021-11-10,29.32981300354004,30.714713791904344,28.65179963773985,29.22726595064239,636206000,NVDA
2021-11-11,30.256731033325195,30.455854738894605,29.646420236957336,30.334390000111334,332172000,NVDA
2021-11-12,30.256731033325195,30.5454602165024,29.500063610739595,29.878398271524592,413054000,NVDA
2021-11-15,29.89333152770996,30.509616521619076,29.118743398652445,30.418020909460683,384909000,NVDA
2021-11-16,30.0705509185791,30.25673114722093,29.575730654228828,29.62849963276353,264484000,NVDA
2021-11-17,29.13268280029297,30.37521109867771,28.6737039612457,30.28460865268217,428508000,NVDA
2021-11-18,31.536094665527344,32.61633569675382,31.183646972782004,32.22506137050019,781711000,NVDA
2021-11-19,32.84035110473633,32.94290005570085,31.765087317217567,32.10160442864808,533867000,NVDA
2021-11-22,31.81586265563965,34.49506179185787,31.76010847564054,33.37001612006789,754335000,NVDA
2021-11-23,31.60678482055664,32.21809257052514,30.744581358909567,31.39670967652622,532163000,NVDA
2021-11-24,32.53071594238281,32.71092196803006,30.792372310199486,31.323035910804574,435162000,NVDA
2021-11-26,31.364850997924805,32.56655680344716,31.212522066253175,32.45703857581968,283069000,NVDA
2021-11-29,33.22964096069336,33.26548239676256,31.89551689877383,32.22407162500823,454964000,NVDA
2021-11-30,32.532711029052734,33.206744258077826,31.72427335918427,33.02354920307182,622066000,NVDA
2021-12-01,31.300979614257812,33.1470772684117,31.24621379716434,33.07737601000796,484368000,NVDA
2021-12-02,31.98903465270996,32.33953513403898,30.892728782523843,31.080924085668652,472890000,NVDA
2021-12-03,30.562145233154297,31.99202385703251,30.001543883661746,31.863572220980746,544325000,NVDA
2021-12-06,29.90894317626953,30.11207202986678,27.918465014907625,29.752611029224973,658938000,NVDA
2021-12-07,32.28874588012695,32.31065524359192,30.520318769347558,30.82501579680724,593053000,NVDA
2021-12-08,31.690309524536133,32.15233195161621,31.287035565153957,31.862572270378273,475551000,NVDA
2021-12-09,30.36001205444336,32.067702562935565,30.29827610494739,31.598708004869856,488507000,NVDA
2021-12-10,30.06925392150879,31.171534691574287,29.733690792322534,31.017194834238797,488825000,NVDA
2021-12-13,28.040935516357422,30.164842841094565,27.99612729686803,30.12003462160517,598344000,NVDA
2021-12-14,28.216190338134766,28.555736152702433,27.13382466783278,27.580909846868153,667035000,NVDA
2021-12-15,30.329139709472656,30.36996527334218,27.71931388041696,28.27891810418674,698297000,NVDA
2021-12-16,28.265974044799805,31.027152355261656,27.97322876019045,31.01918703981043,707366000,NVDA
2021-12-17,27.68247413635254,28.79869516682683,27.64164857062036,27.865689688111814,713758000,NVDA
2021-12-20,27.60082244873047,28.02400974051841,27.02927023764738,27.188587940382853,461847000,NVDA
2021-12-21,28.95104217529297,28.995850397906604,27.284177433595826,28.25303061151138,524385000,NVDA
2021-12-22,29.274656295776367,29.428996155845503,28.327710555903725,28.767827479708327,395184000,NVDA
2021-12-23,29.513633728027344,29.93084800774143,29.30552513261703,29.628143214986842,343022000,NVDA
2021-12-27,30.813064575195312,30.954459350604544,29.51362818577578,29.53354337086814,403686000,NVDA
2021-12-28,30.192724227905273,31.19642609485194,29.884044529382255,31.17850318637374,420591000,NVDA
2021-12-29,29.87309455871582,30.41776338511472,29.240801560831677,30.14393618740853,343139000,NVDA
2021-12-30,29.459863662719727,30.32715053513794,29.41406024985419,29.699835409860693,308864000,NVDA
2021-12-31,29.285608291625977,29.901970626455444,29.20594944000827,29.54748750226571,266530000,NVDA
2022-01-03,29.992582321166992,30.58006706522169,29.658014384020838,29.687887165643172,391547000,NVDA
2022-01-04,29.16512680053711,30.33810404913154,28.22813864702251,30.147918368019972,527154000,NVDA
2022-01-05,27.48631477355957,29.290589869699456,27.415618321755158,28.825579893631648,498064000,NVDA
2022-01-06,28.057865142822266,28.316756884231587,26.94961135088401,27.522158750832368,454186000,NVDA
2022-01-07,27.13083267211914,28.30082422135425,26.941642201747857,28.021022122800325,409939000,NVDA
2022-01-10,27.283184051513672,27.351890124020873,25.53466996334042,26.467675485447426,594681000,NVDA
2022-01-11,27.698402404785156,27.945346157388915,26.724573342620975,27.206509077115893,404089000,NVDA
2022-01-12,27.87963104248047,28.47308885587238,27.490297267388375,27.947340025615873,383413000,NVDA
2022-01-13,26.461698532104492,28.35857536952985,26.385025255824416,28.258006149078067,540171000,NVDA
2022-01-14,26.827133178710938,27.08104705883841,26.098253685229988,26.18787012536713,395832000,NVDA
2022-01-18,25.79256248474121,26.524429421318242,25.660130107362825,26.14804076534196,424270000,NVDA
2022-01-19,24.960128784179688,26.42983583830402,24.94519334293258,25.96781525631739,488315000,NVDA
2022-01-20,24.047042846679688,25.46995155552905,23.975349297157585,25.19612432099179,435181000,NVDA
2022-01-21,23.27435302734375,24.717175090048293,23.16382617931283,23.406785447324438,718958000,NVDA
2022-01-24,23.27235984802246,23.28032516492924,20.798950422051416,22.234802301835362,913982000,NVDA
2022-01-25,22.22882652282715,22.84518895116685,21.906208409712576,22.44988020196596,664616000,NVDA
2022-01-26,22.67491340637207,23.954434796117226,22.204925605698346,23.140918549293506,755959000,NVDA
2022-01-27,21.850444793701172,23.89270120895478,21.582590638157097,23.46752162349448,573353000,NVDA
2022-01-28,22.742624282836914,22.760547192328307,21.205206336859245,21.91815335328116,543774000,NVDA
2022-01-31,24.381607055664062,24.404509712140047,22.953720720505,23.083165646073763,564680000,NVDA
2022-02-01,24.532960891723633,25.03779935981821,23.788148758594023,24.996973791149287,518925000,NVDA
2022-02-02,25.13438606262207,25.706933518845947,24.448322405650178,25.6840327601272,543419000,NVDA
2022-02-03,23.845901489257812,24.970087889771477,23.678618459668993,24.35372741378853,410178000,NVDA
2022-02-04,24.21531867980957,24.529971431012495,23.531247360390374,23.869797957184883,354829000,NVDA
2022-02-07,24.622577667236328,25.074640699200273,24.098819192519745,24.26809450688,376868000,NVDA
2022-02-08,25.00094985961914,25.122429444681234,23.877758918497463,24.255142733355473,410359000,NVDA
2022-02-09,26.591148376464844,26.61106356618626,25.244913078299707,25.512765352949764,524282000,NVDA
2022-02-10,25.713897705078125,26.81020337847118,25.49085371083087,25.884170067648316,513200000,NVDA
2022-02-11,23.84689712524414,26.040506046365,23.671648776457072,25.805512129420663,605472000,NVDA
2022-02-14,24.163543701171875,24.76895144242699,23.653725456398867,23.831963183959466,440424000,NVDA
2022-02-15,26.382043838500977,26.431829912184345,24.67833795995591,24.8426335224846,699869000,NVDA
2022-02-16,26.397968292236328,26.468666627443376,25.44305741633514,26.147043804726454,732676000,NVDA
2022-02-17,24.402517318725586,25.675068597680315,24.06197633665846,25.5207287378447,810595000,NVDA
2022-02-18,23.541208267211914,24.879478312587725,23.00151913502133,24.562833238351214,761255000,NVDA
2022-02-22,23.290279388427734,23.96140567068865,22.901942706800956,22.936793337243518,633422000,NVDA
2022-02-23,22.29155158996582,24.052015226751326,22.205919711751882,23.700519613094333,566511000,NVDA
2022-02-24,23.64675521850586,23.698533574396834,20.800939822460943,20.92540691455172,735801000,NVDA
2022-02-25,24.05400848388672,24.11375214772827,23.281317813989904,23.619868407786754,528866000,NVDA
2022-02-28,24.281036376953125,24.559843299003468,23.605927486955995,23.889712256178317,477319000,NVDA
2022-03-01,23.376911163330078,24.273075765282154,23.033382665393212,24.18744196343962,412056000,NVDA
2022-03-02,24.120853424072266,24.309080821194527,23.319150331128935,23.658754033910338,389642000,NVDA
2022-03-03,23.61692237854004,24.226416539633046,23.372924502534758,24.162677458354135,365095000,NVDA
2022-03-04,22.84210777282715,23.583061545150027,22.389965840443992,23.288273750720784,431415000,NVDA
2022-03-07,21.264585494995117,22.938705239521745,21.24267619990399,22.723588025963124,450821000,NVDA
2022-03-08,21.425926208496094,22.281408900955046,20.56546292122889,21.22176551078603,557467000,NVDA
2022-03-09,22.919780731201172,23.12493674511866,22.155920628050094,22.295346860854217,492742000,NVDA
2022-03-10,22.565248489379883,22.6947154875098,21.792424138907304,22.438767569291258,428066000,NVDA
2022-03-11,22.0095272064209,23.050249252253458,21.955747421099613,22.927751696595113,367209000,NVDA
2022-03-14,21.242679595947266,22.17086340274915,21.072380103418656,21.779472607816942,385354000,NVDA
2022-03-15,22.87895393371582,22.943688372057732,21.234713636338597,21.429910411009644,491996000,NVDA
2022-03-16,24.395721435546875,24.496307806427332,23.077142064193676,23.40379845485764,671422000,NVDA
2022-03-17,24.66461753845215,24.740304734658185,23.808137465094195,24.021262124146144,471941000,NVDA
2022-03-18,26.34470558166504,26.460231824316143,24.523194587296928,24.69747741085638,730719000,NVDA
2022-03-21,26.624553680419922,27.040843612026414,25.860693482717917,26.39848370359878,591727000,NVDA
2022-03-22,26.415420532226562,27.12649837424718,25.965271190591476,26.617588642474022,547007000,NVDA
2022-03-23,25.52906608581543,26.503061308641655,25.47030759151567,26.01905072507215,502120000,NVDA
2022-03-24,28.03476333618164,28.20406749144338,25.800945365640167,26.058885884967737,877379000,NVDA
2022-03-25,27.57863426208496,28.241908164028267,27.15935821789396,27.77184031036565,579016000,NVDA
2022-03-28,28.103477478027344,28.134350707606135,27.094623991150144,27.64237355173041,425494000,NVDA
2022-03-29,28.53868865966797,28.827500474518697,27.86545546506131,28.5775285613948,488984000,NVDA
2022-03-30,27.576641082763672,28.37934117490672,27.390406364194966,28.188127761519787,463487000,NVDA
2022-03-31,27.17429542541504,28.13235706761943,27.158362081398682,27.668265181187795,523440000,NVDA
2022-04-01,26.602645874023438,27.383436717189806,26.159467926180007,27.262931780225625,517235000,NVDA
2022-04-04,27.247997283935547,27.44518668797612,26.504055527761597,26.61858452561167,397120000,NVDA
2022-04-05,25.824844360351562,27.2071627020829,25.714298707379786,27.14242826487716,436615000,NVDA
2022-04-06,24.307083129882812,25.19642705051053,23.904737678545857,24.831926142575206,703833000,NVDA
2022-04-07,24.108898162841797,24.620793903525843,23.3818870718976,24.340944116539315,557992000,NVDA
2022-04-08,23.024356842041016,23.825066344638063,22.967590974113833,23.819090390264524,524781000,NVDA
2022-04-11,21.827280044555664,22.22863019589857,21.57133213415732,22.12306512210957,575207000,NVDA
2022-04-12,21.415971755981445,22.63197418552907,21.194880405154606,22.44474404870181,662258000,NVDA
2022-04-13,22.11210060119629,22.40788557213503,21.367163699580935,21.639046758749878,516943000,NVDA
2022-04-14,21.170978546142578,22.683761433038065,21.076368118078577,22.412873619780424,569097000,NVDA
2022-04-18,21.693830490112305,21.9975803526132,20.992711899311292,21.113216864867486,525701000,NVDA
2022-04-19,22.107128143310547,22.281410987109858,21.226746193463015,21.631084290617952,512781000,NVDA
2022-04-20,21.394052505493164,22.57718853031626,21.11320743083029,22.42481503770449,468974000,NVDA
2022-04-21,20.100374221801758,22.300330524281193,19.918122835592186,21.620126067181815,656209000,NVDA
2022-04-22,19.43511390686035,20.402139745562092,19.420175917853527,20.219888301607384,624713000,NVDA
2022-04-25,19.820526123046875,19.863349361314793,19.017825948530263,19.12339100546342,641566000,NVDA
2022-04-26,18.71108627319336,19.706992498806468,18.593569308178367,19.637279366940014,653143000,NVDA
2022-04-27,18.33961296081543,19.088533303599878,18.215124690050864,18.52186245193841,499460000,NVDA
2022-04-28,19.701019287109375,19.95497647373352,18.41430844686625,18.8893550683818,570327000,NVDA
2022-04-29,18.471073150634766,20.045600227897243,18.441195280836077,19.3225724947239,500435000,NVDA
2022-05-02,19.453039169311523,19.493869793767686,18.315713949725147,18.46509951842047,572049000,NVDA
2022-05-03,19.52175521850586,19.743843804731753,19.054675285256874,19.320582473628384,475751000,NVDA
2022-05-04,20.250755310058594,20.316485100829365,18.67423569064355,19.841438581021603,648855000,NVDA
2022-05-05,18.766855239868164,19.843429158431288,18.424263663115507,19.785667939358376,626331000,NVDA
2022-05-06,18.598548889160156,19.432122333318322,17.916353624000763,18.65929999241693,633297000,NVDA
2022-05-09,16.8806095123291,18.18026540474069,16.758111965299616,17.96017138288135,644455000,NVDA
2022-05-10,17.522972106933594,18.12350429350738,16.955305773137006,17.616587170071877,761474000,NVDA
2022-05-11,16.561918258666992,17.68032194709463,16.500173704044624,17.275983917823066,670167000,NVDA
2022-05-12,16.10878562927246,16.719277132650767,15.503275671521447,16.15260613492584,708728000,NVDA
2022-05-13,17.633512496948242,17.85460376912535,16.525070059013913,16.71927144143108,670437000,NVDA
2022-05-16,17.19332504272461,17.715180072849822,17.035972816221634,17.437322904145635,521446000,NVDA
2022-05-17,18.102588653564453,18.295794716695035,17.561812268275418,18.00000966759252,585830000,NVDA
2022-05-18,16.868663787841797,18.04383374535337,16.794967300527965,17.632524260224322,545161000,NVDA
2022-05-19,17.053897857666016,17.61459275966754,16.665493158414193,16.867663129735934,621310000,NVDA
2022-05-20,16.62566566467285,17.338734422666207,15.690509202041842,17.261054586257725,739105000,NVDA
2022-05-23,16.828824996948242,16.845755601223512,16.112768519957527,16.207378932516523,639889000,NVDA
2022-05-24,16.087867736816406,16.529054964044875,15.715399228807048,16.44241123290059,588550000,NVDA
2022-05-25,16.905508041381836,17.040950964789868,15.934499121271301,15.954417701062567,781132000,NVDA
2022-05-26,17.777923583984375,18.01793623253497,15.9564104502552,15.970353077975645,996575000,NVDA
2022-05-27,18.733997344970703,18.803710493636046,18.025907407236858,18.111555803971783,738379000,NVDA
2022-05-31,18.59556007385254,19.12139838703036,18.27487779966752,18.902297823512807,664100000,NVDA
2022-06-01,18.2450008392334,18.97499986864279,18.047811461986903,18.64734816521392,544514000,NVDA
2022-06-02,19.511795043945312,19.53868493920684,18.123502575652576,18.21711762991746,648656000,NVDA
2022-06-03,18.643367767333984,19.25286391841899,18.446178338920216,19.003887309829665,598779000,NVDA
2022-06-06,18.70909309387207,19.25783800037351,18.488001796850387,19.060648619208788,422406000,NVDA
2022-06-07,18.84851837158203,18.92221482614315,18.11353884530264,18.39637655675563,388914000,NVDA
2022-06-08,18.57558822631836,19.105521994199414,18.463026152906487,18.726000947489727,363252000,NVDA
2022-06-09,17.977916717529297,18.859480331996103,17.970943930182248,18.40923586335072,395574000,NVDA
2022-06-10,16.90808868408203,17.628280755740548,16.803494968741788,17.531657297722646,465248000,NVDA
2022-06-13,15.5862398147583,16.248657445936082,15.545398661343508,15.937868732069086,604153000,NVDA
2022-06-14,15.774504661560059,16.003611048891642,15.352150439310131,15.669911913017133,469680000,NVDA
2022-06-15,16.46282196044922,16.80249737716836,15.86415501064633,16.03249841468416,563936000,NVDA
2022-06-16,15.540416717529297,15.880093072433525,15.34119356434389,15.79841077215222,545749000,NVDA
2022-06-17,15.818336486816406,15.932889702329279,15.268479912389294,15.587237016415061,630334000,NVDA
2022-06-21,16.501670837402344,16.94195389912008,16.343287871553795,16.411024604098987,483089000,NVDA
2022-06-22,16.29647445678711,16.597301831379568,16.11717309578013,16.162994005831898,437135000,NVDA
2022-06-23,16.161996841430664,16.520597628121397,15.791440668578582,16.454853928901507,463680000,NVDA
2022-06-24,17.059499740600586,17.07344531824859,16.246668257795235,16.435931025834183,472153000,NVDA
2022-06-27,16.803495407104492,17.26270573709096,16.561438970901577,17.244775982546706,427968000,NVDA
2022-06-28,15.919939994812012,17.135201879170452,15.883083017438073,16.83437454206532,461149000,NVDA
2022-06-29,15.481648445129395,15.758568817578366,15.111093222281093,15.752592549454855,482352000,NVDA
2022-06-30,15.100135803222656,15.506551472546047,14.804289165625038,15.301351073584014,686070000,NVDA
2022-07-01,14.466604232788086,15.004507273555733,14.336113363533372,14.84114455708728,577610000,NVDA
2022-07-05,14.905892372131348,14.912865159719473,14.000422705433717,14.11995661407491,651397000,NVDA
2022-07-06,15.071247100830078,15.259513302763182,14.731570721690755,14.951713200390376,529066000,NVDA
2022-07-07,15.796422004699707,15.883084070808904,15.329243303503638,15.395983525090703,492903000,NVDA
2022-07-08,15.776498794555664,15.974726402731946,15.329241976596508,15.37008313178978,467972000,NVDA
2022-07-11,15.093162536621094,15.466706345467303,14.97960489954158,15.465709825855997,437321000,NVDA
2022-07-12,15.023433685302734,15.371078433295626,14.819229812840817,15.208711284952944,458483000,NVDA
2022-07-13,15.105113983154297,15.315295058565692,14.408828966444313,14.533343560416391,521918000,NVDA
2022-07-14,15.312307357788086,15.412914988487683,14.67080807841094,15.049332580525368,456235000,NVDA
2022-07-15,15.700793266296387,15.720715108541247,15.385023849466009,15.598193546303452,385935000,NVDA
2022-07-18,16.038476943969727,16.83138547101321,15.939862350377403,16.23869663998441,670517000,NVDA
2022-07-19,16.926015853881836,17.043557657032984,16.109200448917402,16.42198027766924,702366000,NVDA
2022-07-20,17.737850189208984,17.863362252554914,16.73575812116985,16.881191075573774,760538000,NVDA
2022-07-21,17.979907989501953,18.073542834559365,17.476869827222348,17.815549700814543,557049000,NVDA
2022-07-22,17.251745223999023,17.897227654554197,17.070450876572462,17.823515612161977,536671000,NVDA
2022-07-25,16.9578914642334,17.05750351772412,16.58434768859962,16.95290981659082,480748000,NVDA
2022-07-26,16.46880340576172,16.853304250961923,16.414016666430314,16.823420056796863,397865000,NVDA
2022-07-27,17.72092056274414,17.86635353894504,16.84732523587989,16.965862630194085,569776000,NVDA
2022-07-28,17.914165496826172,18.069559869258693,17.372279182649145,17.90520156953599,474646000,NVDA
2022-07-29,18.09246826171875,18.173153093615777,17.623296613411778,17.743827026455214,435460000,NVDA
2022-08-01,18.3693904876709,18.77281848869698,17.920141583548578,18.111395452950937,476469000,NVDA
2022-08-02,18.45406150817871,18.864462341148062,18.021746740904135,18.05163093309131,489527000,NVDA
2022-08-03,18.819637298583984,18.89434683025482,18.066572363125083,18.1133907416265,418146000,NVDA
2022-08-04,19.140384674072266,19.199155581116848,18.68715160109545,18.77580669644715,409652000,NVDA
2022-08-05,18.915264129638672,19.154331957599457,18.593518416599398,18.736958353398986,386068000,NVDA
2022-08-08,17.723907470703125,18.16817666184887,17.175048359813875,17.434038984708703,981859000,NVDA
2022-08-09,17.019651412963867,17.379249624350564,16.65905763199982,17.18500716001782,668263000,NVDA
2022-08-10,18.02672576904297,18.04764413055042,17.24975398460474,17.629275000459376,597422000,NVDA
2022-08-11,17.872325897216797,18.634356491462075,17.80658220790549,18.06059303930121,509327000,NVDA
2022-08-12,18.636350631713867,18.645316458949107,17.883285741988434,18.089482668919175,478094000,NVDA
2022-08-15,18.958097457885742,19.0895848654129,18.54072573092658,18.62838336929725,457666000,NVDA
2022-08-16,18.805686950683594,19.067666130006987,18.42915457848667,18.846528100303107,451240000,NVDA
2022-08-17,18.263803482055664,18.61543340601533,18.074542628314358,18.451075096193428,446799000,NVDA
2022-08-18,18.70009994506836,18.79174174116326,18.112390926823224,18.229932730472253,415447000,NVDA
2022-08-19,17.779691696166992,18.448085673185464,17.700997988903634,18.33452802598433,441588000,NVDA
2022-08-22,16.967857360839844,17.48982283565492,16.9001206145131,17.422086089328175,409593000,NVDA
2022-08-23,17.114282608032227,17.397180176245477,16.904101521089547,16.923028743581053,369986000,NVDA
2022-08-24,17.15512466430664,17.338410181530257,16.829394785860185,16.945939135983163,522661000,NVDA
2022-08-25,17.843441009521484,17.877309377171127,16.767634901441976,16.7785918674599,770691000,NVDA
2022-08-26,16.196857452392578,17.8543951679038,16.173946054363714,17.787655912695254,769127000,NVDA
2022-08-29,15.739643096923828,16.27455758661338,15.705775676424397,15.957793515595643,496132000,NVDA
2022-08-30,15.407936096191406,15.9767179755962,15.123046421676525,15.898025221954772,530181000,NVDA
2022-08-31,15.035386085510254,15.479654254742409,14.900910096286847,15.324259904969264,573710000,NVDA
2022-09-01,13.882880210876465,14.32415979672276,13.218470483091595,14.153823343963365,1178865000,NVDA
2022-09-02,13.59400749206543,14.11597195898287,13.538224239518152,14.045248511057261,743157000,NVDA
2022-09-06,13.412712097167969,13.72549288368182,13.299154469269991,13.67767894562563,535751000,NVDA
2022-09-07,13.66480541229248,13.788361151575964,13.298125457424504,13.51434705091727,512657000,NVDA
2022-09-08,13.939813613891602,13.957749643269011,13.321041981068236,13.410718326942437,624873000,NVDA
2022-09-09,14.335393905639648,14.42208173015694,14.075330432087778,14.10621842165144,486612000,NVDA
2022-09-12,14.452967643737793,14.49481679850031,14.147068757337559,14.317455823482035,484159000,NVDA
2022-09-13,13.083894729614258,13.872057540165086,13.052009933725518,13.75248813020251,714956000,NVDA
2022-09-14,13.080906867980957,13.242325437341442,12.866677974239867,13.20645432739914,588507000,NVDA
2022-09-15,12.882621765136719,13.185531175680374,12.74412043844494,12.968313711994472,523625000,NVDA
2022-09-16,13.150654792785645,13.164604509794684,12.57173868615092,12.696290273876313,670751000,NVDA
2022-09-19,13.333995819091797,13.414705581325622,12.96333052263512,12.965323203760738,569685000,NVDA
2022-09-20,13.128734588623047,13.434633475375263,13.010161983326146,13.167595196842449,524818000,NVDA
2022-09-21,13.213430404663086,13.98066875064519,13.06297204241683,13.165603203916465,807679000,NVDA
2022-09-22,12.515941619873047,13.10183266935545,12.38341928920965,13.023115583255532,759162000,NVDA
2022-09-23,12.471101760864258,12.565761238087397,12.21303103372741,12.375446418238019,663309000,NVDA
2022-09-26,12.184134483337402,12.613589074579467,12.170184766010799,12.446191516406993,547343000,NVDA
2022-09-27,12.3684720993042,12.690313385658438,12.214028382542947,12.462134764959494,553854000,NVDA
2022-09-28,12.690313339233398,12.77700114543241,12.309683684312093,12.365482557221197,542414000,NVDA
2022-09-29,12.176166534423828,12.455161894796301,11.903149218445288,12.403348375701784,532763000,NVDA
2022-09-30,12.095455169677734,12.587683536419725,12.031684619918396,12.043641657389104,565638000,NVDA
2022-10-03,12.467118263244629,12.632523169207891,12.061577674019702,12.30271017308679,547478000,NVDA
2022-10-04,13.119767189025879,13.172577516081788,12.832800195456576,12.832800195456576,584182000,NVDA
2022-10-05,13.16161823272705,13.273216946351093,12.575728074524495,12.86468779072066,507131000,NVDA
2022-10-06,13.082900047302246,13.607013197671234,13.055996476257599,13.172577350446693,644157000,NVDA
2022-10-07,12.032679557800293,12.624548544092065,11.978873372705873,12.460140492344351,672478000,NVDA
2022-10-10,11.628135681152344,12.080506544532378,11.36707548368734,11.993818750562575,698699000,NVDA
2022-10-11,11.544439315795898,11.803505925509853,11.242525784323794,11.51952842526829,667482000,NVDA
2022-10-12,11.458747863769531,11.692904543242312,11.304304136894011,11.537464950855002,492590000,NVDA
2022-10-13,11.917095184326172,12.03467190597719,10.774209577256476,10.931642766403442,850103000,NVDA
2022-10-14,11.186726570129395,12.067555297007958,11.163809311742797,12.013749105457423,713432000,NVDA
2022-10-17,11.845355987548828,11.905141179135784,11.475687466268546,11.476683331813856,580774000,NVDA
2022-10-18,11.924073219299316,12.447189613338601,11.576325138914761,12.29972073933894,659362000,NVDA
2022-10-19,12.007769584655762,12.305697731615245,11.791548012253855,11.836386661619711,523131000,NVDA
2022-10-20,12.150257110595703,12.723194242073287,12.061575677964084,12.069547352328092,652398000,NVDA
2022-10-21,12.421282768249512,12.453168520670618,11.844360180299446,12.054602792053803,609494000,NVDA
2022-10-24,12.553804397583008,12.664406275262714,12.02072372059677,12.46313123131559,517457000,NVDA
2022-10-25,13.213430404663086,13.252291014913888,12.618571815177777,12.64846488467942,505482000,NVDA
2022-10-26,12.849739074707031,13.339973788252896,12.662413746395243,12.822836454280946,532953000,NVDA
2022-10-27,13.128734588623047,13.788360510627266,13.07492839668743,13.581106467465899,583113000,NVDA
2022-10-28,13.78437328338623,13.800316631997058,13.014146482029867,13.056992449696667,521040000,NVDA
2022-10-31,13.448583602905273,13.788360930226967,13.24930122851385,13.728575742782882,486341000,NVDA
2022-11-01,13.49441909790039,13.875048766316969,13.470505022876246,13.761457385078938,432817000,NVDA
2022-11-02,13.171582221984863,14.159027598253079,13.16361149639749,13.800319289979248,672628000,NVDA
2022-11-03,13.372854232788086,13.731563409125444,12.909523130440983,12.996210927988326,500065000,NVDA
2022-11-04,14.105218887329102,14.177956971752689,13.647864854214127,13.935828645472183,612576000,NVDA
2022-11-07,14.249699592590332,14.360301478064772,13.903945167549931,14.1769615012651,410061000,NVDA
2022-11-08,14.549619674682617,14.837582527688992,14.165003709961418,14.747905225291545,595292000,NVDA
2022-11-09,13.726584434509277,14.160024473634925,13.70964521718475,14.111199503066569,454414000,NVDA
2022-11-10,15.693502426147461,15.716419686091069,14.49481769622729,14.746910406367014,700819000,NVDA
2022-11-11,16.2684326171875,16.33021048888852,15.426464425019901,15.750298418180774,655487000,NVDA
2022-11-14,16.23654556274414,16.480667518589406,15.864883468839679,16.159822116780518,527852000,NVDA
2022-11-15,16.606216430664062,16.93702431634431,16.323234794348377,16.66201530534491,545876000,NVDA
2022-11-16,15.852928161621094,16.303306431643236,15.816061182952085,16.1040250035794,649547000,NVDA
2022-11-17,15.62076473236084,16.207652616827055,15.479273906047151,15.658628528149201,710894000,NVDA
2022-11-18,15.35372543334961,15.944598642065296,15.065761621009438,15.90872657967121,492072000,NVDA
2022-11-21,15.262055397033691,15.421481294578124,15.025905097362354,15.092665143329405,404739000,NVDA
2022-11-22,15.98047161102295,16.000400326908423,15.067756948943385,15.273018351397763,472866000,NVDA
2022-11-23,16.459741592407227,16.467714217291594,15.990432410924427,16.040252289045704,427241000,NVDA
2022-11-25,16.211637496948242,16.427858142364496,16.11398946353445,16.259465648152826,167934000,NVDA
2022-11-28,15.770227432250977,16.298326980170884,15.66859402589587,15.968513016431979,303741000,NVDA
2022-11-29,15.582900047302246,15.874849224323373,15.46432743853725,15.770225383983295,298384000,NVDA
2022-11-30,16.866605758666992,16.873582401297774,15.545024337202593,15.644690524714274,565298000,NVDA
2022-12-01,17.077899932861328,17.207465887298017,16.579566121809616,16.942353455622023,470977000,NVDA
2022-12-02,16.819761276245117,16.876572437618908,16.390197799139116,16.60348535757367,371389000,NVDA
2022-12-05,16.554655075073242,16.938372459706628,16.41711441283726,16.62342540619123,352255000,NVDA
2022-12-06,15.933725357055664,16.51777206016381,15.766284980034621,16.474916083420236,352694000,NVDA
2022-12-07,16.066282272338867,16.1320623176005,15.614790838365689,15.719441428825348,372388000,NVDA
2022-12-08,17.111787796020508,17.121754700808335,15.905818930591325,16.218773657752436,515456000,NVDA
2022-12-09,16.944345474243164,17.524406752700667,16.91843304409184,17.1028160194911,465338000,NVDA
2022-12-12,17.4765682220459,17.47955848372448,16.741028482869503,16.9802285062354,457328000,NVDA
2022-12-13,18.011781692504883,18.727389611689624,17.651984541709513,18.469251865722775,656589000,NVDA
2022-12-14,17.61510467529297,18.191179623464766,17.36195136904166,17.927061390913362,496888000,NVDA
2022-12-15,16.895511627197266,17.26228539533921,16.64435244524807,17.088865417042985,478542000,NVDA
2022-12-16,16.51578140258789,16.984216489206464,16.355318584988897,16.807806241482627,478232000,NVDA
2022-12-19,16.199832916259766,16.553649415100338,16.09119690622741,16.516773965424804,354039000,NVDA
2022-12-20,16.031404495239258,16.255655184218554,15.799181990346474,16.01047455766742,403260000,NVDA
2022-12-21,16.446012496948242,16.571593975514052,16.04834193364069,16.060302979691098,325025000,NVDA
2022-12-22,15.287885665893555,16.084223899243984,14.832408745526728,16.040369896727526,565045000,NVDA
2022-12-23,15.155328750610352,15.287884971363319,14.833405142358366,15.145361845900647,349326000,NVDA
2022-12-27,14.073945045471191,15.049682826445732,14.009161111934528,15.023769443130346,464902000,NVDA
2022-12-28,13.989227294921875,14.2144740150627,13.837733387289415,13.880590316474528,351066000,NVDA
2022-12-29,14.554338455200195,14.634071797044276,14.179591938632296,14.354008980352377,354923000,NVDA
2022-12-30,14.565301895141602,14.580251302126825,14.185570989377842,14.28623425846336,310490000,NVDA
2023-01-03,14.267295837402344,14.946027159316774,14.049025776580411,14.801509905519016,401277000,NVDA
2023-01-04,14.69985294342041,14.803506485615852,14.193546280154266,14.518460195074866,431324000,NVDA
2023-01-05,14.2174654006958,14.515468836750369,14.100854699285643,14.442712138646769,389168000,NVDA
2023-01-06,14.809484481811523,14.95998131637067,13.987233879252056,14.425767217118333,405044000,NVDA
2023-01-09,15.575922966003418,16.002496236779955,15.090545335630782,15.233069416455065,504231000,NVDA
2023-01-10,15.855987548828125,15.908810437445068,15.42044347056914,15.455326689560788,384101000,NVDA
2023-01-11,15.94767951965332,15.97458997371224,15.511139335336974,15.787216717511937,353285000,NVDA
2023-01-12,16.455982208251953,16.581561807242853,15.440377637088012,16.046352430023713,551409000,NVDA
2023-01-13,16.842687606811523,16.865611678653806,16.11113426118995,16.22375667699758,447287000,NVDA
2023-01-17,17.643009185791016,17.66892351620741,16.842685620041838,16.842685620041838,511102000,NVDA
2023-01-18,17.319095611572266,17.81344118394388,17.224410962438323,17.60812825910423,439624000,NVDA
2023-01-19,16.70913314819336,17.139694698743703,16.675247952454153,16.979229999863364,452932000,NVDA
2023-01-20,17.779556274414062,17.796499823469546,16.768935260471654,16.954314377855656,564967000,NVDA
2023-01-23,19.129045486450195,19.180872256618034,17.75862728937308,18.00380595113542,655163000,NVDA
2023-01-24,19.200801849365234,19.430036855773828,18.75728504510627,18.764261688305943,496204000,NVDA
2023-01-25,19.258609771728516,19.30545403532492,18.518085645970668,18.849976169985318,449537000,NVDA
2023-01-26,19.73601531982422,20.09880270917431,19.213761238604867,19.63535204186898,489535000,NVDA
2023-01-27,20.297136306762695,20.559260383334514,19.340336282657464,19.397145547454056,542142000,NVDA
2023-01-30,19.098148345947266,20.07288815679004,19.086187298640233,19.883522650362398,488611000,NVDA
2023-01-31,19.471900939941406,19.621400741085875,18.886857003407727,19.10612325168674,498017000,NVDA
2023-02-01,20.873212814331055,21.1213817226709,19.545650683627567,19.62538402504865,660477000,NVDA
2023-02-02,21.636659622192383,21.875859651889073,20.631022997012753,20.9300225588854,564276000,NVDA
2023-02-03,21.029691696166992,21.672542905902933,20.719727178290317,20.930024532480385,429366000,NVDA
2023-02-06,21.018722534179688,21.498118619101376,20.71673086922874,20.736664676346177,452197000,NVDA
2023-02-07,22.0991153717041,22.184829243176587,21.07952350178786,21.31075078020512,664150000,NVDA
2023-02-08,22.131004333496094,22.801761973525313,21.93466031131526,22.312397048764478,559651000,NVDA
2023-02-09,22.2625675201416,22.943292158985646,22.046291560362647,22.530672149758068,523876000,NVDA
2023-02-10,21.19413948059082,22.00443010232316,20.74165374341449,21.6177244226343,550737000,NVDA
2023-02-13,21.71539306640625,21.97452686206653,20.892145442768115,21.46622617453973,474919000,NVDA
2023-02-14,22.894451141357422,22.972190328812037,21.294798266195475,21.50609168201181,675474000,NVDA
2023-02-15,22.68814468383789,22.778841054015846,22.032338260019806,22.473860964718224,420575000,NVDA
2023-02-16,21.92868423461914,22.474856585066412,21.853933394359046,22.059246323523663,412026000,NVDA
2023-02-17,21.31673240661621,21.667558774123847,20.905108479188826,21.558922723947695,465888000,NVDA
2023-02-21,20.58617401123047,21.422377090666945,20.54929664883601,20.93002371650124,410015000,NVDA
2023-02-22,20.684843063354492,21.03367717070481,20.3529525061691,20.6380006960692,513184000,NVDA
2023-02-23,23.58514404296875,23.80839853574855,22.94827344265805,23.361891451181727,1117995000,NVDA
2023-02-24,23.208402633666992,23.39577778263142,22.870533495406775,23.147606985640458,589716000,NVDA
2023-02-27,23.42268943786621,23.800426245398345,23.37584707016334,23.591126919718125,452994000,NVDA
2023-02-28,23.13863754272461,23.745609343959064,23.128670637340598,23.294117844928124,455963000,NVDA
2023-03-01,22.622364044189453,23.1785051990992,22.43299664359423,23.114717384744207,460026000,NVDA
2023-03-02,23.236312866210938,23.30209292749656,22.357251874394603,22.41306693029748,389415000,NVDA
2023-03-03,23.810396194458008,23.820363101858387,23.05292834096797,23.242295779588783,412393000,NVDA
2023-03-06,23.47551727294922,24.167203158646693,23.408739183345446,23.81139425887619,437429000,NVDA
2023-03-07,23.214336395263672,24.04868872239175,23.167484181656345,23.52534976258205,515154000,NVDA
2023-03-08,24.104516983032227,24.12345789128584,23.349911350313405,23.412711812029624,513573000,NVDA
2023-03-09,23.361873626708984,24.37665338080257,23.309039864365545,24.098534615353046,501257000,NVDA
2023-03-10,22.89236068725586,23.55226740158579,22.65411633700963,23.334956536006658,474866000,NVDA
2023-03-13,22.89335823059082,23.224308845911295,22.22647555282617,22.680036313439018,421890000,NVDA
2023-03-14,23.98688507080078,24.142391757741457,23.385791805819586,23.421679134384615,474910000,NVDA
2023-03-15,24.151365280151367,24.20918048237132,23.286110812358,23.68584148519149,524486000,NVDA
2023-03-16,25.460208892822266,25.50705920298414,23.818417432422567,23.95099804919533,583253000,NVDA
2023-03-17,25.643632888793945,26.31550083175522,25.586812067911023,25.89981997420156,848547000,NVDA
2023-03-20,25.81807518005371,25.941683502515943,25.050510315188035,25.533976817306044,432747000,NVDA
2023-03-21,26.116132736206055,26.30852307379936,25.300721156644958,26.097193730071265,547408000,NVDA
2023-03-22,26.384281158447266,27.501735683439474,26.1540109224766,26.341415997809847,797295000,NVDA
2023-03-23,27.104995727539062,27.412022096248382,26.605580921982124,27.02923590014394,564889000,NVDA
2023-03-24,26.694293975830078,27.081067169624458,26.27163535426083,26.945497674200514,454920000,NVDA
2023-03-27,26.447080612182617,26.91459699343309,26.281605317466703,26.752112468073136,361026000,NVDA
2023-03-28,26.32646942138672,26.429144288402682,25.76824114038316,26.363353050608648,356104000,NVDA
2023-03-29,26.89864730834961,26.99234984404029,26.51287227864152,26.74015174035028,393694000,NVDA
2023-03-30,27.29638671875,27.412020935167096,27.01627538766958,27.142874491555478,364516000,NVDA
2023-03-31,27.68914031982422,27.745959234891043,27.019265008815836,27.054154149877146,433933000,NVDA
2023-04-03,27.87654685974121,27.911436002639256,27.249536675681906,27.421989811329777,398716000,NVDA
2023-04-04,27.36616325378418,27.911433934646436,27.22062515381667,27.877541083680732,368592000,NVDA
2023-04-05,26.79598045349121,26.912609078932793,26.311517528579387,26.744144875078504,515015000,NVDA
2023-04-06,26.951478958129883,26.994342213196017,26.343407862395736,26.49991083942992,397654000,NVDA
2023-04-10,27.49176597595215,27.533632944199486,26.58464452796212,26.738156744869016,395279000,NVDA
2023-04-11,27.08306121826172,27.70209719607117,27.04019606215801,27.636305978654594,314378000,NVDA
2023-04-12,26.411197662353516,27.381119656216434,26.364345440236946,27.2834300542219,446259000,NVDA
2023-04-13,26.379295349121094,26.801953999694348,26.24572032443633,26.649438069211914,353615000,NVDA
2023-04-14,26.673362731933594,26.79796735162646,26.137064342301827,26.420166433717664,395660000,NVDA
2023-04-17,26.916589736938477,26.920576795384022,26.34938931944914,26.480971754729268,321471000,NVDA
2023-04-18,27.579490661621094,28.02109026862938,27.270471706452536,27.445915621619545,604812000,NVDA
2023-04-19,27.842653274536133,27.911435269103396,27.145864822992923,27.274456503625604,358660000,NVDA
2023-04-20,27.01827049255371,27.94134215983428,26.914599351934957,27.583476516154896,427713000,NVDA
2023-04-21,27.033218383789062,27.097017022999495,26.63747478782608,26.86674681011275,345103000,NVDA
2023-04-24,26.956464767456055,27.279439347819814,26.586637967974482,26.927557165010345,339282000,NVDA
2023-04-25,26.158000946044922,27.160819562060055,26.14205270882257,26.99235347251706,378527000,NVDA
2023-04-26,26.870737075805664,27.243554654828017,26.620531540784825,26.916593006788613,406337000,NVDA
2023-04-27,27.13988494873047,27.408035115051412,26.54078605798617,27.276452656846956,377161000,NVDA
2023-04-28,27.661231994628906,27.670202402547503,26.98537507177856,27.138889210344786,292216000,NVDA
2023-05-01,28.818559646606445,28.966092248398787,27.69213458998084,27.751944282030347,570329000,NVDA
2023-05-02,28.120769500732422,28.744790786364405,27.994172302997715,28.58928408497182,402730000,NVDA
2023-05-03,27.71406364440918,28.277277108700098,27.385107494737166,27.75194355869358,383387000,NVDA
2023-05-04,27.47481918334961,27.770878726472898,27.153837196427407,27.563536466695737,321850000,NVDA
2023-05-05,28.58928680419922,28.664048441913906,27.643289040070506,27.73798787503542,361494000,NVDA
2023-05-08,29.058795928955078,29.127577928802488,28.260330759673817,28.431785713240817,344979000,NVDA
2023-05-09,28.480628967285156,28.881357865661336,28.360013303057926,28.80759252115136,314869000,NVDA
2023-05-10,28.79364013671875,29.02091963653205,28.37098141522854,28.913259525124563,369350000,NVDA
2023-05-11,28.487607955932617,28.858432976365187,28.15665923092003,28.80460292458763,322149000,NVDA
2023-05-12,28.25035858154297,28.68896736052221,27.957287902221466,28.43875993883251,274222000,NVDA
2023-05-15,28.86142349243164,28.87737363124707,28.062958288462617,28.417831289934213,293926000,NVDA
2023-05-16,29.1205997467041,29.775523171518977,28.740806219257955,28.749776627024,449405000,NVDA
2023-05-17,30.08254623413086,30.103479719693794,29.336912970483333,29.49042519794485,432535000,NVDA
2023-05-18,31.577800750732422,31.727325914629347,30.22409635534029,30.313811833941568,748725000,NVDA
2023-05-19,31.165109634399414,31.48011008821705,30.818210809592202,31.436248639784157,473908000,NVDA
2023-05-22,31.077390670776367,31.420302459294863,30.582959233506156,30.803258976791746,372000000,NVDA
2023-05-23,30.59093475341797,31.18903735658012,30.534115833189922,30.901948183114918,356253000,NVDA
2023-05-24,30.441408157348633,30.510190153140588,29.71172312962193,30.114444604983657,721419000,NVDA
2023-05-25,37.859867095947266,39.3551225285011,36.51912017458201,38.40114883242656,1543911000,NVDA
2023-05-26,38.82281494140625,39.04610546738504,37.431230509295986,37.77015525878446,714397000,NVDA
2023-05-30,39.984130859375,41.8053518099001,39.82264450499864,40.4666011461992,923401000,NVDA
2023-05-31,37.71433639526367,40.16755116297335,37.70237331513915,39.36310437329028,1002580000,NVDA
2023-06-01,39.644203186035156,39.92331629567859,38.218726142988906,38.367253104154614,635873000,NVDA
2023-06-02,39.20261001586914,40.37190020075976,38.934459847678006,39.970174994520356,482731000,NVDA
2023-06-05,39.0471076965332,39.43985871743566,38.58457457981163,38.78593534052818,396094000,NVDA
2023-06-06,38.53173828125,39.03613834073106,38.02733822176895,38.70718409484521,388729000,NVDA
2023-06-07,37.360328674316406,39.37813750275476,37.2416933197928,38.79592485025507,511998000,NVDA
2023-06-08,38.39216613769531,38.74508306628558,37.39024395636986,37.60857182578051,417772000,NVDA
2023-06-09,38.651371002197266,39.58948978920315,38.44899302917782,38.917552324899084,427717000,NVDA
2023-06-12,39.3611946105957,39.40904807873509,38.49983979013749,39.080059763680346,388701000,NVDA
2023-06-13,40.896484375,40.975245031840466,39.618409221786045,40.06304374400525,613208000,NVDA
2023-06-14,42.86543273925781,42.868421916484955,40.427910831503084,40.699081687742314,740465000,NVDA
2023-06-15,42.522491455078125,43.15654702262012,42.018039182120376,42.47164881165265,568622000,NVDA
2023-06-16,42.56136703491211,43.5872177031006,42.53045985415552,43.31704703395712,655709000,NVDA
2023-06-20,43.67395782470703,43.85540396507537,42.543428689005886,42.86643864335991,451153000,NVDA
2023-06-21,42.91328811645508,43.481547516431846,41.95124449603973,43.367894115226505,551603000,NVDA
2023-06-22,42.893348693847656,43.293118838626924,42.10476872123709,42.12370778383283,417737000,NVDA
2023-06-23,42.0798454284668,42.678007983073286,41.88643880055925,42.33406622553571,358140000,NVDA
2023-06-26,40.50767517089844,42.63315169907878,39.97730148068593,42.33107741154621,594322000,NVDA
2023-06-27,41.74786376953125,41.81166711553178,40.32423568672819,40.6741595987626,462175000,NVDA
2023-06-28,40.99119567871094,41.716968869927854,40.39402940114142,40.535593222698935,582639000,NVDA
2023-06-29,40.69709014892578,41.4727094781301,40.47576930987673,41.430838173608656,380514000,NVDA
2023-06-30,42.17255783081055,42.41980006839875,41.37401012697036,41.552463254955796,501148000,NVDA
2023-07-03,42.28322219848633,42.76673879586181,42.07286928017555,42.38690406882019,198209000,NVDA
2023-07-05,42.18751907348633,43.04488443654503,41.95622669958026,42.00607294813804,323618000,NVDA
2023-07-06,41.97417068481445,42.04993834721711,41.219487041278335,41.7159643183622,303582000,NVDA
2023-07-07,42.372955322265625,43.08178227500966,42.050945526720156,42.19250935690469,355881000,NVDA
2023-07-10,42.050933837890625,42.680003559932054,41.521556604913506,42.52647545344216,353908000,NVDA
2023-07-11,42.275245666503906,42.62716617688633,41.93828245284964,42.351013330555574,298244000,NVDA
2023-07-12,43.76765823364258,43.80055819523486,42.6461007867457,42.901317931873066,481277000,NVDA
2023-07-13,45.836326599121094,46.01377957380759,44.355869605103436,44.3817910271789,478204000,NVDA
2023-07-14,45.329872131347656,47.94085779132301,44.92212322629915,46.44046184420574,772075000,NVDA
2023-07-17,46.3188362121582,46.35372896631426,45.12350743190866,46.14736542203415,510488000,NVDA
2023-07-18,47.34867858886719,47.74944898576326,45.594065463977465,46.5581057196224,569164000,NVDA
2023-07-19,46.932952880859375,47.67168668562745,46.598978830711765,47.31876976791527,427502000,NVDA
2023-07-20,45.38071823120117,46.942924858819666,44.92411943835553,46.36469771901338,537865000,NVDA
2023-07-21,44.17341613769531,45.72565485492813,43.965056025974754,45.6478906079313,963769000,NVDA
2023-07-24,44.47549819946289,44.970979149441135,43.9052497727291,44.59413357267698,382516000,NVDA
2023-07-25,45.53923034667969,46.04168599596265,44.78554306973034,44.803489544215395,348081000,NVDA
2023-07-26,45.31292724609375,45.912090061766605,44.49344377208364,45.88018648344698,364237000,NVDA
2023-07-27,45.759552001953125,47.24997638304764,45.61000946610031,46.37665740516835,455976000,NVDA
2023-07-28,46.60695266723633,46.883105518604516,46.23908226392985,46.525202843607126,331194000,NVDA
2023-07-31,46.58601379394531,46.985787745643954,46.36369657868276,46.610938817532,251055000,NVDA
2023-08-01,46.36469268798828,46.75649169459333,45.88616190163857,46.31783562150429,237858000,NVDA
2023-08-02,44.133544921875,45.69973706046443,43.25424373168055,45.69076572472491,530142000,NVDA
2023-08-03,44.3787841796875,44.97993964791756,43.665971916513115,43.665971916513115,324176000,NVDA
2023-08-04,44.54328536987305,45.50233976816819,44.25716479958756,44.84735241415571,362666000,NVDA
2023-08-07,45.27803039550781,45.400655128648054,44.42664342016852,44.97296695444659,322154000,NVDA
2023-08-08,44.527339935302734,45.10357050648728,43.92119857113271,44.71576081749796,353843000,NVDA
2023-08-09,42.423797607421875,44.176418044924525,42.005080711454916,44.13853230621531,586449000,NVDA
2023-08-10,42.25830078125,43.440672654633964,41.70699146291927,42.03099778159967,492705000,NVDA
2023-08-11,40.72999572753906,41.88943931090986,40.51465701705144,41.62325415005366,533085000,NVDA
2023-08-14,43.61912155151367,43.665978621737146,40.187655955736346,40.36211972462702,690286000,NVDA
2023-08-15,43.8055534362793,45.1294930156629,43.57625763398883,44.42365913256692,676512000,NVDA
2023-08-16,43.35293960571289,44.53830062758481,43.27318256792619,44.38377612065419,527451000,NVDA
2023-08-17,43.21137237548828,43.927173858554056,42.86941961752367,43.83545631480397,452395000,NVDA
2023-08-18,43.166507720947266,43.44465333013322,41.5325230130091,42.504538056513674,583768000,NVDA
2023-08-21,46.82329177856445,46.92099149712555,44.086691857163586,44.35785896625514,692573000,NVDA
2023-08-22,45.528263092041016,48.03955639191804,45.19428904679984,47.98771355577138,755293000,NVDA
2023-08-23,46.971832275390625,47.05557488119282,45.06966956482349,45.72565711329878,779046000,NVDA
2023-08-24,47.01869201660156,50.112198303952155,47.01470644607622,50.062352051208165,1156044000,NVDA
2023-08-25,45.877193450927734,47.65872425455991,44.88623165435981,46.8681514444708,925341000,NVDA
2023-08-28,46.69169235229492,46.836249134555814,44.750651224061855,46.33977183033874,685192000,NVDA
2023-08-29,48.63472366333008,48.930815739681876,46.24904457849089,46.52320461271005,701397000,NVDA
2023-08-30,49.11326217651367,49.77423173710802,48.27682864513261,48.893934114542816,735206000,NVDA
2023-08-31,49.203983306884766,49.5917929853516,48.80819868484659,49.22890833319217,528570000,NVDA
2023-09-01,48.36056137084961,49.64761127691253,47.99468381251343,49.60972935191137,463830000,NVDA
2023-09-05,48.39945602416992,48.701530322132584,47.7135613998585,48.075449679419506,382653000,NVDA
2023-09-06,46.920867919921875,48.40443608798967,46.441301191181296,48.296759777568035,468670000,NVDA
2023-09-07,46.103309631347656,46.206003567946354,45.01755163903208,45.38944205496558,433330000,NVDA
2023-09-08,45.43629837036133,46.46721981309031,45.13619596961709,45.805199355822154,473069000,NVDA
2023-09-11,45.043479919433594,46.025543800241316,44.180057385036044,46.01058907259866,473966000,NVDA
2023-09-12,44.736385345458984,45.53699557699163,44.39839411760551,44.60477844461375,349256000,NVDA
2023-09-13,45.34955596923828,45.79323054977972,44.37047790444444,44.46718918081737,398355000,NVDA
2023-09-14,45.44527816772461,45.8500674873585,44.99661733815953,45.81317890696642,370097000,NVDA
2023-09-15,43.7692756652832,45.46321387121769,43.67754676368698,45.20598272428771,506831000,NVDA
2023-09-18,43.8350830078125,44.11026214230338,41.87493751856223,42.62071131068282,500271000,NVDA
2023-09-19,43.39040756225586,43.83507862136541,42.873948499445426,43.702475243933286,373064000,NVDA
2023-09-20,42.113224029541016,43.7722706240914,42.09727282869751,43.470171462670386,367108000,NVDA
2023-09-21,40.894859313964844,41.97463457715853,40.85797073876032,41.45917578549763,450736000,NVDA
2023-09-22,41.48609924316406,41.98959657847822,41.10822617218465,41.448210386933276,479236000,NVDA
2023-09-25,42.09627914428711,42.409343350786685,41.054388777119094,41.46715750384496,419091000,NVDA
2023-09-26,41.78620147705078,42.692495155477644,41.53096324756663,41.87593363739022,402282000,NVDA
2023-09-27,42.3415412902832,42.744341431006085,41.50504268914909,42.20395553022343,444935000,NVDA
2023-09-28,42.96068572998047,43.316621065957406,41.989587183586075,42.333557219921154,424663000,NVDA
2023-09-29,43.369468688964844,44.01254845640997,43.17803909015806,43.696491084144924,397830000,NVDA
2023-10-02,44.64864730834961,45.040474760812266,43.73038848028064,43.89888394531724,433298000,NVDA
2023-10-03,43.387413024902344,44.995612589410996,43.117220102153354,44.67456903988094,470850000,NVDA
2023-10-04,43.90986251831055,44.0115599865903,43.16309221624776,43.611753042966086,361821000,NVDA
2023-10-05,44.554935455322266,44.76630599321606,43.75731831894087,43.91883469559828,393483000,NVDA
2023-10-06,45.62574005126953,45.65266008201276,43.89490910599022,44.06141166404006,434436000,NVDA
2023-10-09,45.138187408447266,45.46919952767431,44.235883483851424,44.708471059532506,409675000,NVDA
2023-10-10,45.66162872314453,46.121254553965194,44.95374378600032,45.17508286360557,368582000,NVDA
2023-10-11,46.6666259765625,46.71946955859621,45.91287659330196,46.05844175921358,378137000,NVDA
2023-10-12,46.805206298828125,47.46723049196412,46.1920397832419,46.63770730152995,481325000,NVDA
2023-10-13,45.32562255859375,46.975696805222135,45.14516179262674,46.82015931103437,474115000,NVDA
2023-10-16,45.95774459838867,46.08735476029038,44.77826474104746,44.928816083518186,375099000,NVDA
2023-10-17,43.807167053222656,44.620739164515385,42.35350830716708,43.86898271179327,812333000,NVDA
2023-10-18,42.07035446166992,43.09031094806606,41.70046078038666,42.46417874850183,627294000,NVDA
2023-10-19,41.97563934326172,43.168077212016314,41.757289685675055,42.68352429308483,501233000,NVDA
2023-10-20,41.263763427734375,42.34353877331354,40.95568161669413,41.76526400722088,477266000,NVDA
2023-10-23,42.84703826904297,43.11922801460042,40.823083912534464,41.106238683892464,478530000,NVDA
2023-10-24,43.53297805786133,43.566877207845934,42.563876171456435,42.94872451539136,401463000,NVDA
2023-10-25,41.65459060668945,43.52002136864502,41.431258603349754,43.26876906154992,398379000,NVDA
2023-10-26,40.2059211730957,42.13017450154096,39.7612500826686,41.7283746394427,541001000,NVDA
2023-10-27,40.3794059753418,41.08330504631517,39.895849517473295,41.00753113322634,416784000,NVDA
2023-10-30,41.03843688964844,41.64163496442114,40.36046137678986,40.96465972958588,388028000,NVDA
2023-10-31,40.658573150634766,40.757281200093225,39.11318915725788,40.32955772912268,517969000,NVDA
2023-11-01,42.198974609375,42.2548076213784,40.74730869060931,40.762263418347544,437593000,NVDA
2023-11-02,43.3764533996582,43.75332619208585,42.76627622905822,43.19898202777144,409172000,NVDA
2023-11-03,44.87098693847656,45.174078747791896,43.59280293696078,43.888919424366684,424610000,NVDA
2023-11-06,45.61476516723633,45.798219181155844,44.765301009531704,45.15015318659169,400733000,NVDA
2023-11-07,45.81816101074219,46.080374555632474,45.02353336587058,45.582863690228386,343165000,NVDA
2023-11-08,46.43531799316406,46.72744479735544,45.83111967900613,45.96272659241924,346719000,NVDA
2023-11-09,46.81019592285156,48.08638320008785,46.610790709948866,47.32565472798377,540496000,NVDA
2023-11-10,48.191070556640625,48.32766364227746,47.14220498356334,47.35855787314543,421245000,NVDA
2023-11-13,48.4752197265625,48.96974494304787,47.9557712363459,48.176113818422,384136000,NVDA
2023-11-14,49.50813674926758,49.6856081153753,48.89397370012533,49.532067353089744,416954000,NVDA
2023-11-15,48.74242401123047,49.811230458479834,48.05647298035821,49.78630718435211,475497000,NVDA
2023-11-16,49.33266830444336,49.377536290551284,48.18609481694431,48.53405466377334,339756000,NVDA
2023-11-17,49.151206970214844,49.56895804695832,48.861073108178935,49.37653194691317,325205000,NVDA
2023-11-20,50.25889587402344,50.39748190834169,49.0345518906684,49.16516232495467,414120000,NVDA
2023-11-21,49.79527282714844,50.366564552562664,49.075422737368264,49.97673006124724,565747000,NVDA
2023-11-22,48.5709342956543,50.18511275994757,47.54798851961098,49.70355312493224,899420000,NVDA
2023-11-24,47.63373947143555,48.77533048753054,47.60282974083701,48.32567320692598,294645000,NVDA
2023-11-27,48.098350524902344,48.38549115302334,47.51010721393193,47.65766532815117,395662000,NVDA
2023-11-28,47.6786003112793,48.17910819028839,47.33163699319086,48.09236545909725,401491000,NVDA
2023-11-29,47.99665832519531,48.61680790876067,47.71749326678707,48.234948902912635,382005000,NVDA
2023-11-30,46.6307258605957,47.966735677933855,46.28376258247159,47.880989431191615,526247000,NVDA
2023-12-01,46.62574768066406,47.05945375436282,46.04946966832762,46.38646445632827,369317000,NVDA
2023-12-04,45.37448501586914,45.93979802137365,44.87597384591377,45.93979802137365,437543000,NVDA
2023-12-05,46.431427001953125,46.46532533448676,45.14016755025648,45.33460369954444,371718000,NVDA
2023-12-06,45.37149429321289,47.25005219470193,45.280757679582,47.07854839373765,380590000,NVDA
2023-12-07,46.46133804321289,46.49424361639184,45.47220434901942,45.56792757808214,350823000,NVDA
2023-12-08,47.36870574951172,47.60302719608969,46.41546736033398,46.46033928594401,359224000,NVDA
2023-12-11,46.49224090576172,47.393627560593224,45.69754725900702,47.353746056504626,509728000,NVDA
2023-12-12,47.5192756652832,47.528248529944456,45.91293129624922,45.91293129624922,372387000,NVDA
2023-12-13,47.94902801513672,48.45356620387965,47.47041566072205,47.49135487990882,447792000,NVDA
2023-12-14,48.210262298583984,48.52933716331639,47.28494671232897,48.25014760759364,391232000,NVDA
2023-12-15,48.74870681762695,49.261221291787095,47.980931668648175,48.05471911639448,479948000,NVDA
2023-12-18,49.93227767944336,50.28724783914224,49.00795855556237,49.25723605827901,412587000,NVDA
2023-12-19,49.460636138916016,49.556359352120325,48.75368563402241,49.281156065075976,464444000,NVDA
2023-12-20,47.97195053100586,49.85449435490147,47.95898761649741,49.51148681248871,397894000,NVDA
2023-12-21,48.848419189453125,48.953115280045736,48.27906644393615,48.66993565248791,300425000,NVDA
2023-12-22,48.688880920410156,49.24028032151343,48.326927237730985,49.05282392386867,252507000,NVDA
2023-12-26,49.13657760620117,49.456649028909844,48.81849930781512,48.82647560877794,244200000,NVDA
2023-12-27,49.27418899536133,49.53642943515857,48.94314771611391,49.36791910846013,233648000,NVDA
2023-12-28,49.378875732421875,49.73982902864742,49.26919303504833,49.49952822100173,246587000,NVDA
2023-12-29,49.378875732421875,49.85250521620105,48.610104092310245,49.66903507790819,389293000,NVDA
2024-01-02,48.02878952026367,49.15253129584884,47.457447488056715,49.10167999879026,411254000,NVDA
2024-01-03,47.43152618408203,48.04474670855863,47.183245244517686,47.34776930861543,320896000,NVDA
2024-01-04,47.859291076660156,48.3598392451417,47.37070546015492,47.62895584693761,306535000,NVDA
2024-01-05,48.955108642578125,49.4038088927802,48.16639428593929,48.3219454810566,415039000,NVDA
2024-01-08,52.101985931396484,52.1239255155236,49.336004592518634,49.36891016503661,642510000,NVDA
2024-01-09,52.986427307128906,54.16800408255062,51.54061697774943,52.24956456447165,773100000,NVDA
2024-01-10,54.19292449951172,54.442201988108685,53.334412767924995,53.46104844034716,533796000,NVDA
2024-01-11,54.66355514526367,55.18604277919064,53.40520527561887,54.840045537318446,596759000,NVDA
2024-01-12,54.5518798828125,54.8111305781565,54.172980872190166,54.46213984268147,352994000,NVDA
2024-01-16,56.219051361083984,56.67074127144449,54.74133601464206,54.858995015384636,449580000,NVDA
2024-01-17,55.89100646972656,56.3077977062965,54.581801354818275,56.18415552246115,474394000,NVDA
2024-01-18,56.94195556640625,57.43353079531085,55.94484563035105,57.094513264905174,491650000,NVDA
2024-01-19,59.31906509399414,59.32803795704181,57.05961145486245,57.82140334356974,543501000,NVDA
2024-01-22,59.481597900390625,60.15664330232137,58.89928603895681,59.87545679775879,452955000,NVDA
2024-01-23,59.69995880126953,59.73685061790294,58.41567931351442,59.397833118705194,294654000,NVDA
2024-01-24,61.184661865234375,62.66736391279241,59.76477747230483,60.12972084943654,560271000,NVDA
2024-01-25,61.438926696777344,62.53774309008504,60.674141236503075,62.16980621821151,482777000,NVDA
2024-01-26,60.854618072509766,61.60444749366959,60.39794531790314,60.78382411519858,390309000,NVDA
2024-01-29,62.28447341918945,62.30840232360706,60.73097744998884,61.055035142050976,348733000,NVDA
2024-01-30,62.59257888793945,63.309502714007664,62.08006442941247,62.71821799882993,410735000,NVDA
2024-01-31,61.34918975830078,62.089045984947674,60.524580091271865,61.26243938962684,453795000,NVDA
2024-02-01,62.8448486328125,63.0083761236307,61.47182934048774,61.92052577068121,369146000,NVDA
2024-02-02,65.96878814697266,66.40751128682628,63.50592191536747,63.78910149469645,476578000,NVDA
2024-02-05,69.13163757324219,69.2961616511714,67.010785504722,68.02783445051155,680078000,NVDA
2024-02-06,68.02584075927734,69.552414531284,66.10840153882174,69.42877233327619,683111000,NVDA
2024-02-07,69.89640808105469,70.01706057362387,67.40462981569888,68.12155362100862,495575000,NVDA
2024-02-08,69.4397201538086,70.58938759388047,69.25426071915464,69.87146734419171,414422000,NVDA
2024-02-09,71.92453002929688,71.97637408306973,70.00907672049794,70.32914813919767,436637000,NVDA
2024-02-12,72.03919982910156,74.39536957580593,71.0440830164451,72.39017991002451,613710000,NVDA
2024-02-13,71.91954803466797,73.23772604754565,69.4188005504822,70.19654512895808,602580000,NVDA
2024-02-14,73.68643188476562,74.02145939035373,71.7301040369102,72.99045103936953,504917000,NVDA
2024-02-15,72.44801330566406,73.76120847442633,72.19076331535655,73.65551962549853,420122000,NVDA
2024-02-16,72.40314483642578,74.18697602398943,72.29146900724291,73.8858468671519,495327000,NVDA
2024-02-20,69.25128173828125,71.74804279084927,67.53824458047887,71.73906612377016,704833000,NVDA
2024-02-21,67.27700805664062,68.68891622407938,66.05654635382845,67.8094614044966,673755000,NVDA
2024-02-22,78.31102752685547,78.34791554573746,74.00550573707999,74.80817959484354,865100000,NVDA
2024-02-23,78.58922576904297,82.15588435298636,77.34582786788651,80.556523512217,829388000,NVDA
2024-02-26,78.86344146728516,80.41295154394714,78.27813219075965,79.4696785553485,503973000,NVDA
2024-02-27,78.47354888916016,79.25030450092336,76.93900277777333,79.1515839793688,391705000,NVDA
2024-02-28,77.43856048583984,78.70488691297152,76.9021132659983,77.39568548362723,393110000,NVDA
2024-02-29,78.88335418701172,79.7588149945745,78.12355544458728,78.86540846143546,507289000,NVDA
2024-03-01,82.04119873046875,82.0621417492055,79.20541661950624,79.76878610572811,479135000,NVDA
2024-03-04,84.99066162109375,87.44155809825308,83.47705094561937,83.88685863778845,615616000,NVDA
2024-03-05,85.7195816040039,85.85220668028344,83.17982622827054,85.02755456111447,520639000,NVDA
2024-03-06,88.44781494140625,89.46890568732071,86.78256472628446,87.77174876379644,582520000,NVDA
2024-03-07,92.40550994873047,92.50323087612081,89.34722911034507,89.90164797406622,608119000,NVDA
2024-03-08,87.27914428710938,97.12307831319924,86.26004682578466,94.86750849310265,1142269000,NVDA
2024-03-11,85.53012084960938,88.54452056286361,83.92669117198699,86.18325727083518,678364000,NVDA
2024-03-12,91.65167999267578,91.69854344348778,85.90506455225947,87.79866748859284,668075000,NVDA
2024-03-13,90.62958526611328,91.24383116033475,88.18355678072699,90.79611026460987,635713000,NVDA
2024-03-14,87.6939468383789,90.3882676423802,86.35376650266996,89.32230691373881,602318000,NVDA
2024-03-15,87.5872573852539,89.29139794365639,86.01175546714047,86.68283850567245,642086000,NVDA
2024-03-18,88.20348358154297,92.14224887190903,86.83737638281593,90.13098583462606,668976000,NVDA
2024-03-19,89.1438217163086,90.28655945618765,84.76829741224358,86.45348714580204,672171000,NVDA
2024-03-20,90.11505126953125,90.15294523438696,87.97215934887909,89.54168157483528,479063000,NVDA
2024-03-21,91.1750259399414,92.38458214165158,90.1479556941056,92.0375720151123,480372000,NVDA
2024-03-22,94.02090454101562,94.50851255895188,90.5757265000991,90.88185279949899,586719000,NVDA
2024-03-25,94.73188781738281,96.4908723257128,93.2441331194467,93.67390745044557,552136000,NVDA
2024-03-26,92.29781341552734,96.1009718491892,92.23898306006764,95.57845969689596,513648000,NVDA
2024-03-27,89.99339294433594,92.97488937266765,88.8695984293379,92.84725495724012,586067000,NVDA
2024-03-28,90.09909057617188,91.04040671298513,88.93939536436407,89.74410000319172,435212000,NVDA
2024-04-01,90.10606384277344,91.96276900754945,88.95036271273993,90.04225044370871,452441000,NVDA
2024-04-02,89.19766235351562,89.83783523468522,87.37087059473389,88.19651163521841,433064000,NVDA
2024-04-03,88.7110595703125,90.11705439114243,88.14866772814298,88.23242853900666,370067000,NVDA
2024-04-04,85.66072845458984,90.37628546792168,85.63579802039281,90.14892934159323,434965000,NVDA
2024-04-05,87.75776672363281,88.22942139866663,85.68168582327746,86.61900791219938,399678000,NVDA
2024-04-08,86.88526153564453,88.57743512523471,86.4854007087341,88.44779987998065,283220000,NVDA
2024-04-09,85.11129760742188,87.38581757145292,82.78593537872872,87.19336556349879,501700000,NVDA
2024-04-10,86.7915267944336,87.15150043777531,83.47099303047223,83.68737890315158,431929000,NVDA
2024-04-11,90.35836029052734,90.48101167566662,86.67885677486333,87.1714479258609,431637000,NVDA
2024-04-12,87.93525695800781,89.91860764142923,87.28112393379013,89.44395551817271,426805000,NVDA
2024-04-15,85.7564697265625,90.35535577476978,85.68467584656017,88.84466403718538,443077000,NVDA
2024-04-16,87.16646575927734,87.86746232886081,85.81930894271287,86.18725549413733,370453000,NVDA
2024-04-17,83.79606628417969,88.5225868752461,83.71130127056159,88.08881854088399,495400000,NVDA
2024-04-18,84.43025207519531,85.94493790164843,82.16770633584548,84.72840551757585,447260000,NVDA
2024-04-19,75.98334503173828,84.08424741361141,75.3910397359179,82.91358934859076,875198000,NVDA
2024-04-22,79.29190063476562,79.84532288255929,76.18276995811692,77.8819196640173,596341000,NVDA
2024-04-23,82.18864440917969,82.53366130187051,80.03578647084935,80.53934787289336,438559000,NVDA
2024-04-24,79.45044708251953,83.84292061734187,78.9578484435489,83.71129217484813,512208000,NVDA
2024-04-25,82.39705657958984,83.08608614140688,78.00058847000186,78.64375119701494,424641000,NVDA
2024-04-26,87.48554992675781,88.07985603184983,83.1499127117647,83.57968703669025,551011000,NVDA
2024-04-29,87.50748443603516,87.74180926182623,85.0235621625501,87.34594249418755,388971000,NVDA
2024-04-30,86.15633392333984,88.5664614931565,86.05462655663052,86.99194868469957,363709000,NVDA
2024-05-01,82.80488586425781,85.75547203094351,81.02396098069623,84.83509991070004,559863000,NVDA
2024-05-02,85.57300567626953,85.99180970266082,82.96344197206183,84.20889135183461,377898000,NVDA
2024-05-03,88.53655242919922,89.02715032615576,86.79252471992756,87.53939567590184,398341000,NVDA
2024-05-06,91.87801361083984,91.9577879691123,88.80178624215971,89.13583280876144,376203000,NVDA
2024-05-07,90.29651641845703,91.52002490638361,88.75790456935259,90.83896831159944,437342000,NVDA
2024-05-08,90.1549301147461,90.93470430679172,89.1657463302182,89.22857072950318,325721000,NVDA
2024-05-09,88.49466705322266,90.81305333122494,87.9801353538175,90.27159797496299,378013000,NVDA
2024-05-10,89.62244415283203,91.14111635473476,88.97329419694542,90.04823199188911,335325000,NVDA
2024-05-13,90.1419677734375,90.73926364427145,88.2772820639822,90.22073791617511,289680000,NVDA
2024-05-14,91.09626007080078,91.39041950305226,88.68114159761363,89.34425178727211,296507000,NVDA
2024-05-15,94.36093139648438,94.5922739920117,91.33855134424653,92.2090701983953,417735000,NVDA
2024-05-16,94.09070587158203,95.54655367350442,93.8354294469824,94.64014168326462,323952000,NVDA
2024-05-17,92.21605682373047,94.47062985340762,91.54497378951851,94.10069011001252,359691000,NVDA
2024-05-20,94.51050567626953,94.92930964167746,93.17431942252952,93.48343554827802,318764000,NVDA
2024-05-21,95.11479187011719,95.1287520032466,92.915062881723,93.33287026664621,328946000,NVDA
2024-05-22,94.68002319335938,95.74698053068366,92.98386328100148,95.18757861855156,548648000,NVDA
2024-05-23,103.5038833618164,106.0177117858919,101.23135605250833,101.73791493789797,835065000,NVDA
2024-05-24,106.16627502441406,106.1722546778935,102.70713677897801,104.15201429523188,429494000,NVDA
2024-05-28,113.57714080810547,114.61219142145016,109.57056763172464,109.93054124400538,652728000,NVDA
2024-05-29,114.49851989746094,115.16362326202471,110.58568085733936,112.7285727659483,557442000,NVDA
2024-05-30,110.18582916259766,115.48970655822384,109.35121090850546,114.32403150789189,484553000,NVDA
2024-05-31,109.32128143310547,112.39651226649593,106.6359377048998,112.20006619281486,613263000,NVDA
2024-06-03,114.67301940917969,114.67301940917969,111.68453916444382,113.29794252397816,438392000,NVDA
2024-06-04,116.1059341430664,116.26847269779265,113.72073695926161,115.38699108204422,403324000,NVDA
2024-06-05,122.09186553955078,122.10083501982173,117.13400243711465,118.0344347915748,528402000,NVDA
2024-06-06,120.65397644042969,125.22992577254257,117.98358919974154,123.69530003662086,664696000,NVDA
2024-06-07,120.54428100585938,121.34599585382935,117.68643254910567,119.42945596831338,412386000,NVDA
2024-06-10,121.44371795654297,122.74999082651334,116.6773100476689,120.02775723865274,313434100,NVDA
2024-06-11,120.57613372802734,122.53072064853247,118.41211998717576,121.43375200225071,222551200,NVDA
2024-06-12,124.85427856445312,126.52963983604721,122.23154359875069,122.72018841720352,299595000,NVDA
2024-06-13,129.25210571289062,129.4415834964467,126.80887399420205,129.0327119863157,260704500,NVDA
2024-06-14,131.51583862304688,132.4731792100278,127.9656714477386,129.60114223243076,309320400,NVDA
2024-06-17,130.61831665039062,133.36072299109455,129.2221885999668,132.62277611443673,288504400,NVDA
2024-06-18,135.20559692382812,135.9535257947779,130.32910129390157,130.77785557314107,294335100,NVDA
2024-06-20,130.41885375976562,140.37129003031137,129.16233868973217,139.41394956266274,517768400,NVDA
2024-06-21,126.22049713134766,130.269291272292,123.9567687165166,126.76898143871918,649445800,NVDA
2024-06-24,117.78384399414062,124.11630717061917,117.71403760101381,122.89967494041525,476060900,NVDA
2024-06-25,125.74181365966797,126.15068514494095,118.9905115651875,120.86531742755339,414192600,NVDA
2024-06-26,126.05096435546875,127.76620840809865,122.26145451808375,125.7817056647018,362975900,NVDA
2024-06-27,123.64762115478516,126.0609445300648,122.58057607711103,123.75731801767638,252571700,NVDA
2024-06-28,123.19886016845703,127.35734339260638,122.41104074475835,124.23598924744037,315516700,NVDA
2024-07-01,123.95677185058594,124.49527404629498,118.50187501478464,123.12906191428952,284885500,NVDA
2024-07-02,122.33126068115234,123.06922274393042,120.69578993975959,120.79551228090267,218374000,NVDA
2024-07-03,127.9257583618164,127.9257583618164,121.02486950892705,121.32404411348101,215749000,NVDA
2024-07-05,125.48253631591797,128.49420118342798,125.3329490025218,127.02825159880693,214176700,NVDA
2024-07-08,127.8459701538086,130.40888035262702,126.6891774727848,127.13793174566909,237677300,NVDA
2024-07-09,131.01722717285156,133.45049207075732,128.29475452643044,129.99007251430768,285366600,NVDA
2024-07-10,134.53746032714844,134.72693809179796,132.0543307877707,133.65988550841513,248978600,NVDA
2024-07-11,127.04820251464844,135.7740328866088,126.69917051710233,135.37514352274295,374782700,NVDA
2024-07-12,128.88314819335938,131.55574087758131,126.86872155351702,127.90584321182462,252680500,NVDA
2024-07-15,128.08535766601562,131.0272091690287,126.82883461080432,130.19949911473634,208326200,NVDA
2024-07-16,126.01107025146484,128.68366239858466,124.2359867587292,128.0853283678797,214769500,NVDA
2024-07-17,117.66417694091797,121.51351843622722,116.39768730256174,121.01489915039261,390086200,NVDA
2024-07-18,120.755615234375,122.062002939552,116.23812571295703,121.51351868069985,320979500,NVDA
2024-07-19,117.60436248779297,121.26422676213605,117.04591123957188,120.0176783628371,217223800,NVDA
2024-07-22,123.19886016845703,123.72739542032818,119.52902173833405,120.01766653236042,258068900,NVDA
2024-07-23,122.25148010253906,124.34568731396223,121.76283530375956,122.44095787706307,173911000,NVDA
2024-07-24,113.93451690673828,119.61877422549412,113.12675602679064,118.8409292880146,327776900,NVDA
2024-07-25,111.9699478149414,116.30793416547407,106.00646529957123,112.72785127466838,460067000,NVDA
2024-07-26,112.747802734375,115.87913158113766,111.27189374853045,115.8691646723326,293399100,NVDA
2024-07-29,111.2818603515625,115.95891218291776,110.99266783046404,113.3760676606231,248152100,NVDA
2024-07-30,103.44357299804688,111.68075912626112,102.25685651841964,111.21205572310322,486833300,NVDA
2024-07-31,116.69685363769531,118.01320824039244,110.57380945153913,112.58823561538453,473174200,NVDA
2024-08-01,108.9084243774414,119.82819139029307,106.51505026446524,117.20544905631927,523462300,NVDA
2024-08-02,106.97378540039062,108.41978599115991,101.09008352011347,103.47348325737674,482027500,NVDA
2024-08-05,100.17261505126953,103.12444802394918,90.43957172286065,91.80578374541406,552842400,NVDA
2024-08-06,103.96212005615234,107.41256456659957,100.27234042123098,103.55324859386288,409012100,NVDA
2024-08-07,98.63687133789062,108.49956025923653,98.41747763354093,107.51228858966286,411440400,NVDA
2024-08-08,104.68013000488281,105.20866520993226,97.25069837056012,101.71833034514779,391910000,NVDA
2024-08-09,104.46074676513672,106.30563671378638,103.14439207443418,105.348288539487,290844200,NVDA
2024-08-12,108.71895599365234,110.76329830179426,105.96658275414626,106.02641463942724,325559900,NVDA
2024-08-13,115.81929016113281,115.90904559128121,111.27188458899278,112.1295103919247,312646700,NVDA
2024-08-14,117.75394439697266,118.27250515954668,113.75501518576698,118.20269875673235,339246400,NVDA
2024-08-15,122.52073669433594,122.89968462856436,117.14562117487446,118.4320598996148,318086700,NVDA
2024-08-16,124.23599243164062,124.6548308372553,120.84537951120186,121.60328301302395,302589900,NVDA
2024-08-19,129.64100646972656,129.64100646972656,123.07917523933753,123.93680096772643,318333600,NVDA
2024-08-20,126.89862060546875,129.52136317375601,125.54237540722741,128.04543898793298,300087400,NVDA
2024-08-21,128.14512634277344,128.99278501613637,126.31021145414125,126.96838480042898,257883600,NVDA
2024-08-22,123.3983154296875,130.38896089358747,122.76008326610211,129.6609808984014,376189100,NVDA
2024-08-23,129.0127410888672,129.24211690201355,124.87420736161047,125.51243939894613,323230300,NVDA
2024-08-26,126.11080169677734,130.8975427630235,124.0265765218376,129.21222218734667,331964700,NVDA
2024-08-27,127.94572448730469,128.84323320422493,123.53792378071748,124.70469880770285,303134600,NVDA
2024-08-28,125.26314544677734,127.97563574905244,122.30134548595971,127.76620894054898,448101100,NVDA
2024-08-29,117.2652816772461,124.08639756190335,116.38771446055243,121.02487540717718,453023300,NVDA
2024-08-30,119.04037475585938,121.41379989153823,116.89631023816276,119.19992897597831,333751600,NVDA
2024-09-03,107.70176696777344,115.8890948214911,106.99372848681783,115.68965014821475,477155100,NVDA
2024-09-04,105.91670989990234,112.95721192187169,103.83248489547353,105.11892359162538,372470300,NVDA
2024-09-05,106.91394805908203,109.3472126473878,104.47071656289586,104.70007717737126,306850700,NVDA
2024-09-06,102.5460433959961,107.85135225389573,100.6712300257278,107.74165540315337,413638100,NVDA
2024-09-09,106.17599487304688,106.25577578698045,103.4036727846321,104.59038154400555,273912000,NVDA
2024-09-10,107.80148315429688,109.09789628161208,104.660180275284,107.51228306871653,268283700,NVDA
2024-09-11,116.58717346191406,116.86639906475774,107.12337325723898,109.0879346022382,441422400,NVDA
2024-09-12,118.82118225097656,120.46676839354188,115.07124183313299,116.52733397843357,366052700,NVDA
2024-09-13,118.7812728881836,119.63897203588232,117.28528706438033,118.76132975848293,238358300,NVDA
2024-09-16,116.46748352050781,117.86373849865818,114.05396151496328,116.47745888999548,248772300,NVDA
2024-09-17,115.28067016601562,118.48208669803358,114.52270945275087,117.85376774830212,231925900,NVDA
2024-09-18,113.06661224365234,117.38501890816246,112.917012138231,115.57986510061662,310318900,NVDA
2024-09-19,117.55457305908203,119.3397837869768,116.93622949013678,117.03596036023049,293506400,NVDA
2024-09-20,115.6895751953125,118.30256661567998,115.08120699289479,116.74673611998301,382462400,NVDA
2024-09-23,115.94888305664062,116.67692526968904,114.55262802291854,116.23810791147417,206228500,NVDA
2024-09-24,120.54654693603516,121.47405850127808,115.07123304654733,116.20818172536411,354966800,NVDA
2024-09-25,123.17947387695312,124.60564732192762,121.28455699350084,121.69345582540069,284692900,NVDA
2024-09-26,123.70805358886719,127.32833649308198,121.47405025345233,126.46066959704271,302582900,NVDA
2024-09-27,121.07511901855469,123.69807805046355,118.9408465511356,123.63824105329503,271009200,NVDA
2024-09-30,121.11502838134766,121.1748653861715,117.83383152489164,117.99339940741461,226553700,NVDA
2024-10-01,116.68689727783203,122.11234177416986,115.48013626179672,121.44412897274735,302094500,NVDA
2024-10-02,118.53194427490234,119.06052472572213,114.83187351018621,116.12839762685847,221845900,NVDA
2024-10-03,122.521240234375,124.02720146176961,120.01795510176126,120.59640479294298,277118000,NVDA
2024-10-04,124.58570861816406,124.70539023390367,121.50398120040512,124.60565935860969,243678100,NVDA
2024-10-07,127.37820434570312,130.2903881845544,124.61561299835192,124.65550686574433,346250200,NVDA
2024-10-08,132.53436279296875,133.12278019873037,129.07364789501582,129.91139625758697,285722500,NVDA
2024-10-09,132.2949981689453,134.16000405397224,131.0284078789419,133.75109763690637,246191600,NVDA
2024-10-10,134.44923400878906,134.63872798675436,130.64943234270237,131.55700075403345,242311300,NVDA
2024-10-11,134.4392852783203,135.41665858843493,133.3023364675461,133.65139075503694,170209500,NVDA
2024-10-14,137.70054626464844,139.22645092545358,135.93527834055612,136.10482161198357,232347700,NVDA
2024-10-15,131.24783325195312,138.1991821543322,128.3954862474048,137.50104323972985,377831000,NVDA
2024-10-16,135.3568115234375,136.25439701653355,131.22789086287455,133.62146232310147,264879700,NVDA
2024-10-17,136.56356811523438,140.512977854023,136.50373111006368,138.96712260930138,306435900,NVDA
2024-10-18,137.6306915283203,138.52827690762766,136.91261713769273,138.2988966827743,176090200,NVDA
2024-10-21,143.325439453125,143.325439453125,137.63071268872676,137.76036967912168,264554500,NVDA
2024-10-22,143.2057342529297,144.03351491090646,141.40058044009385,142.52756130979012,226311600,NVDA
2024-10-23,139.18650817871094,142.0488226372904,137.09213731314802,141.6498992013604,285930000,NVDA
2024-10-24,140.0342559814453,140.9717429059513,138.08947737101022,140.44316244306268,172354900,NVDA
2024-10-25,141.16122436523438,143.74430494634163,140.4232143860229,140.55285615055817,205122100,NVDA
2024-10-28,140.14398193359375,142.75696611524302,139.6752384054106,142.6173413548028,173586700,NVDA
2024-10-29,140.87200927734375,141.8793009979601,138.52829188537018,139.91457158033694,157593600,NVDA
2024-10-30,138.96710205078125,139.95445814390004,136.44387391965424,139.1665637778278,179418100,NVDA
2024-10-31,132.40472412109375,137.24175143875112,131.756469630996,137.2317836775648,270039600,NVDA
2024-11-01,135.03765869140625,136.94255111570317,134.2098931927627,134.3395349599235,207127800,NVDA
2024-11-04,135.68592834472656,138.58814473225323,135.207217103038,136.84282779526694,187528200,NVDA
2024-11-05,139.5355987548828,139.99435925396384,136.9625011145287,137.08217511986183,160537400,NVDA
2024-11-06,145.22032165527344,146.09797148430005,141.58009580907174,142.577419626437,242043900,NVDA
2024-11-07,148.48159790039062,148.53145192465237,145.77884323892675,145.9982557303204,207323300,NVDA
2024-11-08,147.2349395751953,149.369212218998,145.8685954157921,148.37188826922187,175665800,NVDA
2024-11-11,144.87124633789062,148.45165026220712,143.18578193819803,148.28209182835423,182325600,NVDA
2024-11-12,147.8931427001953,149.2495037052901,145.61924560605905,146.3871892091523,198634700,NVDA
2024-11-13,145.8785858154297,148.93039482211316,145.50956558703103,148.67109606044525,191903300,NVDA
2024-11-14,146.3672637939453,148.60127501764129,145.16051028397845,147.24491377788954,194463300,NVDA
2024-11-15,141.6000213623047,144.85130651757171,139.70511232986095,144.48228638291062,250132900,NVDA
2024-11-18,139.77493286132812,141.1711953957962,136.7829612819808,139.1266784396513,221205300,NVDA
2024-11-19,146.61659240722656,146.73628163269873,140.61271302151263,140.9418317601378,227834900,NVDA
2024-11-20,145.4995880126953,147.16511715506326,142.34804073132528,147.0155246522584,309871700,NVDA
2024-11-21,146.27749633789062,152.48085228758558,140.3234713661803,148.95033233522298,400946600,NVDA
2024-11-22,141.5701446533203,146.7662096056562,140.72242834878378,145.53949007763015,236406200,NVDA
2024-11-25,135.65599060058594,141.66985203296244,135.45652887967213,141.61001503848368,344941900,NVDA
2024-11-26,136.5535888671875,138.9272246590056,135.30693397114106,137.33150030488406,190287700,NVDA
2024-11-27,134.97781372070312,136.85278753282546,131.44729379106425,134.64869500572706,226370900,NVDA
2024-11-29,137.88003540039062,138.97709782710584,135.68592576491588,136.41396798376013,141863200,NVDA
2024-12-02,138.259033203125,140.07415499884576,137.45120318506554,138.45849496272686,171682800,NVDA
2024-12-03,139.88465881347656,140.16390831614373,137.58084280749418,137.89001081273594,164414000,NVDA
2024-12-04,144.75160217285156,145.39985667412174,139.9145747718299,141.6200054773523,231224300,NVDA
2024-12-05,144.68177795410156,146.1579148411047,143.57467148409813,144.73165063129176,172621200,NVDA
2024-12-06,142.06861877441406,145.3201135010368,140.94156015213164,144.2229906612707,188505600,NVDA
2024-12-09,138.44805908203125,139.58508599383495,136.77244688316378,138.6076455444956,189308600,NVDA
2024-12-10,134.7178192138672,141.4502189353748,133.44114274667672,138.64753308216282,210020900,NVDA
2024-12-11,138.94676208496094,139.8045203384501,134.85746151474785,137.00184953896905,184905200,NVDA
2024-12-12,136.98190307617188,138.07904108019704,135.44592508954074,136.72258646567687,159211400,NVDA
2024-12-13,133.89996337890625,139.2360201486468,132.19441524956173,138.57773734651352,231514900,NVDA
2024-12-16,131.65582275390625,134.04955889819416,130.07994062496547,133.8301313094174,237951100,NVDA
2024-12-17,130.05001831054688,131.24688636654815,126.52922370948323,128.75340490862754,259410300,NVDA
2024-12-18,128.57388305664062,136.34356467427952,127.94552085179448,133.51097335742298,277444500,NVDA
2024-12-19,130.33924865722656,133.6805197239663,129.21220544602065,131.41643441707996,209719200,NVDA
2024-12-20,134.34878540039062,134.92727495716574,127.88568536239204,129.4715360054975,306528600,NVDA
2024-12-23,139.30581665039062,139.42549888718457,134.76767747092137,135.9246564899382,176053500,NVDA
2024-12-24,139.8544158935547,141.53002844762267,138.28850193430708,139.63498826590208,105157000,NVDA
2024-12-26,139.56515502929688,140.48276971800976,137.37089410442982,139.33575896662117,116205600,NVDA
2024-12-27,136.6527557373047,138.65752461945982,134.35876491420703,138.1887488761999,170582600,NVDA
2024-12-30,137.13153076171875,139.90428131004603,133.67057680049638,134.4784624698932,167734700,NVDA
2024-12-31,133.9398651123047,137.71002369221526,133.48107297196478,137.67011945974758,155659200,NVDA
2025-01-02,137.9493865966797,138.51790776015002,134.2789886408903,135.64541181631114,198247200,NVDA
2025-01-03,144.0933074951172,144.52217900012494,139.36566117903786,139.64492988439244,229322500,NVDA
2025-01-06,149.0403594970703,151.76325208073058,147.43457212276107,148.20255341856054,265377400,NVDA
2025-01-07,139.77459716796875,152.73073241075815,139.6449312609891,152.63098706400407,351782200,NVDA
2025-01-08,139.7446746826172,143.57465852876186,137.20132056545756,142.20823556727345,227349900,NVDA
2025-01-10,135.55563354492188,139.55517244006612,133.870037595658,137.09161147098868,207602500,NVDA
2025-01-13,132.88262939453125,133.14196124495902,129.1723272147668,129.65108668370792,204808900,NVDA
2025-01-14,131.4164581298828,136.02442280388445,129.71092511662002,135.6952813829554,195590500,NVDA
2025-01-15,135.88478088378906,136.094224818832,130.9476750631476,133.30152233922777,185217300,NVDA
2025-01-16,133.22174072265625,138.38822723428095,133.14194748607855,138.2785134363621,209235600,NVDA
2025-01-17,137.3509521484375,138.13888566634566,135.10681862678206,136.33360735729912,201188800,NVDA
2025-01-21,140.4628143310547,141.4602070208564,136.7325601923546,138.79717036536638,197749000,NVDA
2025-01-22,146.6865692138672,147.40467804215123,143.29542449743752,144.28284886721386,237651400,NVDA
2025-01-23,146.83615112304688,146.8461195709751,143.34527675360425,144.67181084027297,155915500,NVDA
2025-01-24,142.2481231689453,148.58157206293976,141.5100624088345,147.98313043457708,234657600,NVDA
2025-01-27,118.1112289428711,128.06520275177593,116.39571246675482,124.47459855123269,818830900,NVDA
2025-01-28,128.65370178222656,128.66367023130923,115.94691212705192,121.49241361825959,579666400,NVDA
2025-01-29,123.37747192382812,126.55915701971556,119.7369947161038,126.17017448185184,467120600,NVDA
2025-01-30,124.32499694824219,124.67408285834512,117.79207196266405,122.77903527699785,392925500,NVDA
2025-01-31,119.7569351196289,127.51664871512425,118.8792323275003,123.45726093608867,388161100,NVDA
2025-02-03,116.3558349609375,118.26085104341853,112.71535011762803,114.45081126895413,371235700,NVDA
2025-02-04,118.34063720703125,120.88398385074507,116.39571701060105,116.65504122535879,256550000,NVDA
2025-02-05,124.50453186035156,124.67408679210826,120.44514389878061,121.44253659311748,262230800,NVDA
2025-02-06,128.344482421875,128.43425932928383,124.88353622330139,127.08777312720079,251483600,NVDA
2025-02-07,129.50143432617188,130.03005111642076,124.6740584360869,128.88305586640928,228186300,NVDA
2025-02-10,133.22174072265625,134.64800487659767,129.621152724233,129.7508034170435,216989100,NVDA
2025-02-11,132.45375061035156,134.12936300336048,130.67839286199495,132.23432300379022,178902400,NVDA
2025-02-12,130.79806518554688,131.89520313508,128.74343886096966,129.68099034166102,160278600,NVDA
2025-02-13,134.937255859375,136.14410776005724,130.8280026783839,131.2169852346524,197430000,NVDA
2025-02-14,138.48797607421875,138.8869270481558,135.1467045962306,136.12414513567924,195479600,NVDA
2025-02-18,139.0365447998047,143.06602007700403,137.57037622357197,140.90167961185236,219176600,NVDA
2025-02-19,138.86695861816406,140.99140959133538,136.86220509831378,139.1462273109093,167536000,NVDA
2025-02-20,139.7446746826172,140.2932436442011,136.43332401924008,139.6648814501138,143903600,NVDA
2025-02-21,134.07948303222656,141.09116717483585,133.68053207054632,139.6748562571626,228217600,NVDA
2025-02-24,129.94032287597656,138.22865397806314,129.74084737496105,136.20394796569565,251381100,NVDA
2025-02-25,126.2998275756836,129.86051900489684,124.11554286315072,129.64109140603463,271428700,NVDA
2025-02-26,130.93771362304688,133.38132271635274,128.1549946612343,129.6510837247691,322553800,NVDA
2025-02-27,119.83673858642578,134.65798762212813,119.69710421233928,134.64801917362388,443175800,NVDA
2025-02-28,124.59429168701172,124.76384661623277,116.09650940652436,117.71228067710521,389091100,NVDA
2025-03-03,113.76260375976562,123.37746834229016,111.98724605192426,123.18796891235903,411381400,NVDA
2025-03-04,115.68756866455078,118.99891188150963,109.82290275774469,110.36149568941593,398163300,NVDA
2025-03-05,116.99415588378906,117.971596377653,114.2114295961939,117.27342459632162,284337900,NVDA
2025-03-06,110.28170776367188,115.04924353236196,109.93262184934352,113.2339891683523,321181900,NVDA
2025-03-07,112.39618682861328,113.18412798197828,107.27955736061682,110.9599388924034,341755500,NVDA
2025-03-10,106.70105743408203,111.55835424093472,105.18501650973491,109.61344182887889,366487400,NVDA
2025-03-11,108.4764175415039,111.94733940770921,104.4968157267925,106.71102843945867,354865700,NVDA
2025-03-12,115.4488525390625,116.46629097878981,112.59604629385464,113.83293253862912,323857500,NVDA
2025-03-13,115.28924560546875,117.46376184203,113.50374766538481,116.73559490158165,299033100,NVDA
2025-03-14,121.36392211914062,121.57339292473429,117.85278046649132,118.31162236591584,277593500,NVDA
2025-03-17,119.22930908203125,122.58085727393843,117.73308248243704,122.43123309193861,255501500,NVDA
2025-03-18,115.13961791992188,118.72058305537905,114.25185746421572,117.70315237486467,299686900,NVDA
2025-03-19,117.224365234375,120.1469948780257,115.38899756160431,116.97499413034406,273426200,NVDA
2025-03-20,118.23181915283203,119.89761619602571,116.17700382075364,116.25680439544837,248829700,NVDA
2025-03-21,117.4039077758789,117.6931791575635,115.1296446207881,116.64582513098318,266498500,NVDA
2025-03-24,121.10458374023438,121.91254366285413,119.03978374206928,119.57842622721644,228452500,NVDA
2025-03-25,120.38640594482422,120.98489511882921,118.62085412977636,120.24675872456315,167447200,NVDA
2025-03-26,113.47383117675781,118.54104631031402,112.42646947850851,118.43133002412056,293463300,NVDA
2025-03-27,111.14968872070312,114.1620883069464,110.3816290692769,111.06988814101668,236902100,NVDA
2025-03-28,109.39411926269531,112.58607411134861,108.79563010676111,111.20954068147716,229872500,NVDA
2025-03-31,108.10736083984375,110.68087252083329,103.38926370156523,104.86553641067388,299212700,NVDA
2025-04-01,109.87290954589844,109.92277920039626,106.20216660392524,108.2470050831867,222614000,NVDA
2025-04-02,110.14222717285156,111.69830803370559,106.52136148952614,107.02010369655069,220601200,NVDA
2025-04-03,101.5439224243164,105.36428217323731,101.34442096353821,103.24961996040646,338769400,NVDA
2025-04-04,94.07275390625,99.87811296890389,91.87829121020437,98.66118836013088,532273800,NVDA
2025-04-07,97.39436340332031,101.49402435717819,86.40209010889866,87.23997324185012,611041300,NVDA
2025-04-08,96.05775451660156,105.58372634261488,94.2223791915971,103.54885717389794,476243400,NVDA
2025-04-09,114.04238891601562,114.81044852614636,97.28464859296416,98.64122793388745,612918300,NVDA
2025-04-10,107.29939270019531,110.58111717003517,98.9005761841806,109.09486759895934,437812400,NVDA
2025-04-11,110.65094757080078,111.26939065397997,107.20962934859612,108.22706011361765,313417300,NVDA
2025-04-14,110.4314956665039,114.00249160148302,108.79562187923341,113.82294410726054,264705000,NVDA
2025-04-15,111.9177474975586,113.33418114021705,110.22202704858428,110.69084593782598,228966900,NVDA
2025-04-16,104.22714233398438,106.52135948725393,100.1973044637503,104.2869965726397,397016900,NVDA
2025-04-17,101.23468780517578,104.20719461222582,99.79831546993584,104.1872406628714,292517500,NVDA
2025-04-21,96.66622161865234,99.18985605733366,94.80092295909544,98.52153569265882,288501100,NVDA
2025-04-22,98.64122772216797,99.55891150664588,97.03527729423074,98.53150383378456,241004800,NVDA
2025-04-23,102.45161437988281,104.53636058197965,101.76334775853866,104.25705857766793,247526000,NVDA
2025-04-24,106.1622543334961,106.27197821529161,102.85060676252529,103.21967869312851,220815000,NVDA
2025-04-25,110.73075103759766,111.63845793071249,105.46403435389149,106.58121206849437,251064700,NVDA
2025-04-28,108.45648193359375,110.09235573735528,105.75329251827114,109.4140660423662,207708500,NVDA
2025-04-29,108.74574279785156,109.92277466025524,107.16972327513623,107.39914041879526,170444300,NVDA
2025-04-30,108.64599609375,108.64599609375,103.81817538074749,104.20719367744803,235044600,NVDA
2025-05-01,111.32923126220703,114.6508560442669,111.02001354244473,112.79553450528941,236121500,NVDA
2025-05-02,114.21196746826172,115.10970497913567,113.08481279973248,113.8927727544179,190194800,NVDA
2025-05-05,113.53368377685547,114.38154406705421,112.3766057315755,112.62597685282235,133163200,NVDA
2025-05-06,113.25439453125,114.4513729240336,110.54123539005728,111.19957883323038,158525600,NVDA
2025-05-07,116.76553344726562,117.38397657859393,111.99755874213628,112.76562607090563,206758800,NVDA
2025-05-08,117.07474517822266,118.38144728921775,115.55856464909375,117.95252869863282,198428100,NVDA
2025-05-09,116.35655975341797,117.9325869721132,114.92017974547274,117.05479580716789,132972200,NVDA
2025-05-12,122.69058990478516,122.69058990478516,119.97743092665668,121.66318211752383,225023300,NVDA
2025-05-13,129.6031494140625,130.88991289915035,124.15689275092413,124.66561195964681,330430100,NVDA
2025-05-14,134.99952697753906,135.09928149974084,131.34873063875938,132.86491109788813,281180800,NVDA
2025-05-15,134.49081420898438,135.9571173935552,132.32627503661865,133.9521641466833,226632600,NVDA
2025-05-16,135.05938720703125,136.0070096021913,133.1242801768634,135.87733175434735,226542500,NVDA
2025-05-19,135.2289581298828,135.52819125301625,132.05695004104146,132.05695004104146,193154600,NVDA
2025-05-20,134.0419464111328,134.24144022899694,132.28636428496227,133.9521612557517,161514200,NVDA
2025-05-21,131.46844482421875,137.0543482410567,130.26148202288624,132.72526966841644,270608700,NVDA
2025-05-22,132.49586486816406,133.91229099864714,131.21908595560456,131.8973680939745,187344000,NVDA
2025-05-23,130.959716796875,132.3462194682512,128.8350854296202,129.67296865108418,198821300,NVDA
2025-05-27,135.1591339111328,135.31873506532702,132.9746406768617,133.81252390577552,192953600,NVDA
2025-05-28,134.4708709716797,136.904735369061,134.45091702175245,135.68780317037033,304021100,NVDA
2025-05-29,138.83984375,143.12902933343943,137.56306504893934,141.89214330786072,369241900,NVDA
2025-05-30,134.79006958007812,139.26876471984463,132.58562239610197,138.37103486307464,333170900,NVDA
2025-06-02,137.03440856933594,137.7725372671851,135.05937854437917,135.14916370580715,197663100,NVDA
2025-06-03,140.86473083496094,141.64276735349586,137.60295298700936,138.4308667634816,225578800,NVDA
2025-06-04,141.56298828125,142.03180718032695,139.18897047063936,141.83231333868676,167120800,NVDA
2025-06-05,139.6378631591797,143.63777059715719,138.48077746536075,141.81237210270294,231397900,NVDA
2025-06-06,141.3634796142578,142.90958336053123,141.1540012092415,142.1514855332369,153986200,NVDA
2025-06-09,142.27120971679688,144.63524295526028,141.58294302195193,142.8297985646697,185114500,NVDA
2025-06-10,143.59786987304688,143.92702635161132,141.17397471532814,142.33106034435926,155881900,NVDA
2025-06-11,142.4805908203125,144.6353103750697,141.52293261104455,144.25623511410478,167694000,NVDA
2025-06-12,144.64527893066406,144.64527893066406,141.50299102868564,141.62269259555393,162365000,NVDA
2025-06-13,141.6226806640625,143.22874251056697,140.50542554352353,142.13142750185233,180820600,NVDA
2025-06-16,144.33602905273438,145.82237413621124,142.84966874779792,142.99931091676874,183133700,NVDA
2025-06-17,143.7674102783203,144.86472525299953,143.42824573031362,144.13651543605366,139108000,NVDA
2025-06-18,145.1240997314453,145.2936820241915,142.7698725249477,143.6576946584193,161494100,NVDA
2025-06-20,143.4980926513672,145.84233449814036,142.30101614416546,145.09416929186932,242956200,NVDA
2025-06-23,143.81729125976562,144.42579952474293,141.68252730453457,142.15137868352326,154308900,NVDA
2025-06-24,147.53819274902344,147.59805875973223,145.14406985038545,145.20392063963206,187566100,NVDA
2025-06-25,153.93251037597656,154.07216728635598,148.8948611020321,148.90484638085596,269146500,NVDA
2025-06-26,154.64077758789062,156.33661581991106,153.6232685600938,155.59842060814296,198145700,NVDA
2025-06-27,157.3640899658203,158.32174817747665,154.880175871103,155.65826650868465,263234500,NVDA
2025-06-30,157.60350036621094,158.27185945851633,155.57846775508057,158.01248577811177,194580300,NVDA
2025-07-01,152.92498779296875,156.81544119896878,151.1194180014287,155.9076636637482,213143600,NVDA
2025-07-02,156.86532592773438,157.2144758260153,152.5957971297394,152.60576718743292,171224100,NVDA
2025-07-03,158.9501953125,160.58618269349765,157.3840439934681,157.98256705200242,143716100,NVDA
2025-07-07,157.85289001464844,158.92026447090194,156.95508262544374,157.81297934590498,140139000,NVDA
2025-07-08,159.6085968017578,159.8280598400772,158.00253468758166,158.9402376292259,138133000,NVDA
2025-07-09,162.48155212402344,164.01777813022636,160.7657585360006,160.8256093227867,183656400,NVDA
2025-07-10,163.6985626220703,164.0975779997467,161.214648514871,163.91802564623063,167704100,NVDA
2025-07-11,164.51654052734375,167.47927598463818,163.07009082840767,163.31947923241253,193633300,NVDA
2025-07-14,163.66864013671875,165.08516454052796,161.62365204151925,164.96544774793,136975800,NVDA
2025-07-15,170.28240966796875,171.97824787505814,168.78607915204378,170.77121644956358,230627400,NVDA
2025-07-16,170.9507598876953,171.32983513615645,168.48680121561864,170.64152069930245,158831500,NVDA
2025-07-17,172.5767822265625,173.7339481189201,170.4120926228971,171.59918390717252,160841100,NVDA
2025-07-18,171.98822021484375,173.82371518980958,170.8410244393951,173.21520688358655,146456400,NVDA
2025-07-21,170.9607696533203,172.9558771895842,170.58169435056217,172.32741344479308,123126100,NVDA
2025-07-22,166.62139892578125,170.97073381366536,164.17739532245605,170.9208530826869,193114300,NVDA
2025-07-23,170.36221313476562,170.84103463039327,167.55908978070133,169.1152710575868,154082200,NVDA
2025-07-24,173.3149871826172,173.40476336343244,170.88095369299285,172.01816431437092,128984600,NVDA
2025-07-25,173.07557678222656,174.29259358308082,172.53690445106827,173.18530830431874,122316800,NVDA
2025-07-28,176.317626953125,176.56701539294556,173.54442872003753,173.59430945229414,140023500,NVDA
2025-07-29,175.0806427001953,178.9411858321479,174.5918511336965,177.52466141853475,154077500,NVDA
2025-07-30,178.8314666748047,179.44994513464422,175.60935707311754,176.07820855766118,174312200,NVDA
2025-07-31,177.4348907470703,182.8516158332291,175.4996339264178,182.4525851776258,221685400,NVDA
2025-08-01,173.29502868652344,176.1081221843386,170.47194991004753,173.6641186818972,204529000,NVDA
2025-08-04,179.55966186523438,179.75916955634796,174.09307197712414,174.7315057215643,148174600,NVDA
2025-08-05,177.8238983154297,179.81900550487381,175.4696712230272,179.18057181311008,156407600,NVDA
2025-08-06,178.9810791015625,179.4599006050506,175.81883576850015,175.898641889325,137192300,NVDA
2025-08-07,180.32777404785156,183.43016644757114,178.36259217804582,181.12581999654523,151878400,NVDA
2025-08-08,182.25306701660156,182.85160535497593,179.95869034811614,181.10588629308998,123396700,NVDA
2025-08-11,181.61460876464844,183.39025298215157,179.80903915640334,181.6046387082212,138323200,NVDA
2025-08-12,182.71192932128906,184.02869221788941,179.0209838780724,182.51242163652668,145485700,NVDA
2025-08-13,181.14576721191406,183.51994981646104,178.9112567337155,182.1732462738988,179871700,NVDA
2025-08-14,181.57470703125,182.57226061200618,179.02097229994772,179.31025614092474,129554000,NVDA
2025-08-15,180.008544921875,181.45499460438234,177.6044370814236,181.43505449173978,156602200,NVDA
2025-08-18,181.5647430419922,182.49247589603021,180.14821861780752,180.15820389652,132008000,NVDA
2025-08-19,175.2103271484375,182.0535459787435,175.06070018553257,181.98370991508045,185229200,NVDA
2025-08-20,174.97091674804688,175.5694550698242,168.38707131580557,174.74148365399904,215142700,NVDA
2025-08-21,174.5519256591797,176.46722675550242,173.38478976711397,174.42225404103465,140040900,NVDA
2025-08-22,177.5545654296875,178.15308843889832,170.78116816439123,172.1877223514448,172789400,NVDA
2025-08-25,179.37014770507812,181.46501678957617,176.1380831102634,177.91372767003432,163012800,NVDA
2025-08-26,181.32533264160156,181.94381103857447,178.37256711704984,179.61950918930867,168688200,NVDA
2025-08-27,181.15574645996094,182.04356858750407,178.6618623689453,181.53480649120215,235518900,NVDA
2025-08-28,179.72923278808594,184.01871637210735,175.9784366795831,180.3776517699909,281787800,NVDA
2025-08-29,173.75389099121094,177.714180280125,172.72641192849127,177.67428483075477,243257900,NVDA
2025-09-02,170.36221313476562,171.9583050821389,166.81092453439402,169.58412249632292,231164900,NVDA
2025-09-03,170.20260620117188,171.9882358353705,168.46687251736884,170.64153226145447,164424900,NVDA
2025-09-04,171.2400665283203,171.43957421789176,168.99557077235426,170.15273668191406,141670100,NVDA
2025-09-05,166.61141967773438,168.61649709218636,163.66863936987482,167.61894341349083,224441400,NVDA
2025-09-08,167.8982391357422,170.54176523233733,166.94059623139324,167.14010390134433,163769100,NVDA
2025-09-09,170.34225463867188,170.5617176578999,166.3320999523285,168.6763418810487,157548400,NVDA
2025-09-10,176.89620971679688,178.851406558282,175.04075911822534,176.20789518840485,226852000,NVDA
2025-09-11,176.7465362548828,179.84910351407555,176.05818301908454,179.25053151190707,151159300,NVDA
2025-09-12,177.39501953125,178.17315412234487,176.02828346447401,177.34513598621658,124911000,NVDA
2025-09-15,177.32516479492188,178.4225418052247,174.0929031464731,175.2501343169162,147061600,NVDA
2025-09-16,174.46202087402344,177.0757538913052,173.96321593348455,176.5769489507663,140737800,NVDA
2025-09-17,169.8829803466797,172.78602876073558,168.00748411706098,172.22736966160153,211843800,NVDA
2025-09-18,175.8187713623047,176.67671647107687,172.54661216194535,173.56416328312818,191763300,NVDA
2025-09-19,176.24774169921875,177.65437533147113,174.76129744715922,175.34989886544702,237182100,NVDA
2025-09-22,183.17115783691406,184.10891359634738,174.2924356467209,174.88102184557565,269637000,NVDA
2025-09-23,178.0035400390625,181.98400930831284,175.78885990523673,181.53508786527138,192559600,NVDA
2025-09-24,176.54702758789062,179.35030900890538,174.98077271717747,179.34033838980653,143564100,NVDA
2025-09-25,177.2653045654297,179.82915407834395,172.7162058826927,174.06297010669513,191586700,NVDA
2025-09-26,177.76409912109375,179.3403244887289,174.51188131329135,177.74414266212372,148573700,NVDA
2025-09-29,181.4153594970703,183.56021461148362,179.8890176259668,179.99874009736317,193063500,NVDA
2025-09-30,186.13406372070312,186.90222763381766,181.04624695721463,181.6448190078555,236981000,NVDA
2025-10-01,186.79248046875,187.6903232769056,183.46045188172369,184.79726069745416,173844900,NVDA
2025-10-02,188.43853759765625,190.59337868298996,187.6105195355423,189.146847340247,136805800,NVDA
2025-10-03,187.17156982421875,189.90502650703218,184.93693332773543,188.73782471792558,137596900,NVDA
2025-10-06,185.09654235839844,186.78250559975277,182.8918329061041,185.0566446584491,157678100,NVDA
2025-10-07,184.5977325439453,188.6081286768816,183.56022492696124,185.78489078203316,140088000,NVDA
2025-10-08,188.65802001953125,189.14685437964263,186.0941551173159,186.12409742063042,130168900,NVDA
2025-10-09,192.10975646972656,194.833227386451,190.60335569438294,191.7705575158363,182997200,NVDA
2025-10-10,182.72222900390625,195.15243956582322,181.6148814298513,193.04748211324375,268774400,NVDA
2025-10-13,187.86993408203125,189.65564939423433,185.51557372807815,187.52076447158947,153482800,NVDA
2025-10-14,179.59971618652344,184.35831986008523,179.2705030798172,184.32839277968645,205641400,NVDA
2025-10-15,179.4001922607422,184.42813951825556,176.86625456034105,184.35831474003746,214450500,NVDA
2025-10-16,181.37545776367188,182.84194556906473,179.34034021746592,181.79445210488134,179723300,NVDA
2025-10-17,182.7821044921875,183.66000615888444,179.32039659193174,179.74936158304564,173135200,NVDA
2025-10-20,182.20347595214844,184.75735492260156,181.2956472677441,182.69231029505525,128544700,NVDA
2025-10-21,180.72702026367188,182.35311411361405,179.37027013728058,182.35311411361405,124240200,NVDA
2025-10-22,179.84912109375,183.0015721983185,176.33752979723928,180.7070662621498,162249600,NVDA
2025-10-23,181.724609375,182.59252505160657,179.36026373857848,179.98876279946896,111363700,NVDA
2025-10-24,185.8148193359375,187.02193404421294,183.06142142022418,183.40060514170608,131296700,NVDA
2025-10-27,191.03233337402344,191.54110896467577,187.9796341631504,189.5359184602369,153452700,NVDA
2025-10-28,200.54953002929688,202.6644582837766,191.45133202040452,192.58860677151606,297986200,NVDA
2025-10-29,206.54513549804688,211.68283533037862,204.29054272961417,207.48289118740504,308829600,NVDA
2025-10-30,202.4050750732422,205.66726375798942,200.9286166610889,204.65966800141675,178864400,NVDA
2025-10-31,202.0060272216797,207.4729250244422,201.58703290468912,205.95655376605836,179802200,NVDA
2025-11-03,206.38555908203125,210.83489110171476,205.06870659183733,207.58268802254912,180267300,NVDA
2025-11-04,198.21511840820312,203.4824975937368,197.4569251230167,202.51481474882632,188919300,NVDA
2025-11-05,194.74343872070312,202.43500266122365,194.18476438007542,198.29492759193732,171350300,NVDA
2025-11-06,187.63046264648438,197.14765392942226,185.9345289438528,195.95052515240693,223029800,NVDA
2025-11-07,187.70028686523438,187.86989393508227,178.48238160939712,184.45805485831954,264942300,NVDA
2025-11-10,198.5742645263672,199.46213677715232,193.32682642239038,194.6436788693004,198897100,NVDA
2025-11-11,192.69833374023438,194.9529266552934,190.84277869998112,194.69355355890158,176483300,NVDA
2025-11-12,193.33680725097656,195.4218083488666,190.673190567689,195.25221648764446,154935300,NVDA
2025-11-13,186.41339111328125,190.9824463944715,183.41059072037282,190.59337913278358,207423100,NVDA
2025-11-14,189.71546936035156,190.55345800755302,180.14839424900484,182.42294356130517,186591900,NVDA
2025-11-17,186.15402221679688,188.54828000089623,183.87947275520656,185.52552307898492,173628900,NVDA
2025-11-18,180.92654418945312,184.3583249108488,179.22062444838815,182.94172058465782,213598900,NVDA
2025-11-19,186.07420349121094,187.41099710874653,182.39302051116815,184.3483273978252,247246400,NVDA
2025-11-20,180.208251953125,195.53154064523628,179.42014682895694,195.4816571057099,343504800,NVDA
2025-11-21,178.4524688720703,184.11888595894638,172.51667761994415,180.80682891210233,346926200,NVDA
2025-11-24,182.11370849609375,183.06143495137792,176.05820849098825,179.06102433247585,256618300,NVDA
2025-11-25,177.39501953125,177.73420328176402,169.14478047484366,174.49197074476177,320600300,NVDA
2025-11-26,179.8291473388672,182.4728225932506,177.81398638784032,181.1958831941039,183852000,NVDA
2025-11-28,176.57696533203125,178.86148547381688,176.0781603452176,178.58215589898685,121332800,NVDA
2025-12-01,179.48995971679688,179.86905632530258,173.26486886531237,174.34228931397226,188131000,NVDA
2025-12-02,181.0263214111328,185.21628046187368,179.56980408021653,181.32559224007645,182632200,NVDA
2025-12-03,179.16075134277344,182.013916155068,178.68190287158453,180.64719551618873,165138000,NVDA
2025-12-04,182.95188903808594,184.08922700452197,179.53987513877786,181.19598816136636,167364900,NVDA
2025-12-05,181.98414611816406,184.22889322931675,180.4876480440623,183.4606866221248,143971100,NVDA
2025-12-08,185.1168212890625,187.5610985176648,181.97416608957425,182.21361127014939,204378100,NVDA
2025-12-09,184.53817749023438,185.2864265695677,182.89203560496765,185.12679644575,144719700,NVDA
2025-12-10,183.35096740722656,185.0469957406681,181.61502392815055,184.53819180758595,162785400,NVDA
2025-12-11,180.50759887695312,180.89670300875093,176.20766331092784,179.85912243695617,182136600,NVDA
2025-12-12,174.61141967773438,182.39321360477518,174.21234434473615,180.6871989054384,204274900,NVDA
2025-12-15,175.87843322753906,178.0034654802094,174.6213802569945,177.52459033283526,164775600,NVDA
2025-12-16,177.3050994873047,178.0733061224419,174.4916756985292,175.84850127733236,148588100,NVDA
2025-12-17,170.54092407226562,175.71880987812392,169.91239000563186,175.68888113429998,222775500,NVDA
2025-12-18,173.73345947265625,175.7387615308714,171.41888356310693,174.1225483861358,176096000,NVDA
2025-12-19,180.56748962402344,181.02640724251643,175.9283357789888,176.25756723043006,324925900,NVDA
2025-12-22,183.26116943359375,183.73007341419415,181.9243013805983,183.49062822521734,129064400,NVDA
2025-12-23,188.76829528808594,188.88801027625055,182.47301321780614,182.54285710968043,174873600,NVDA
2025-12-24,188.169677734375,188.4689804086018,186.154389299292,187.50124372172942,65528500,NVDA
2025-12-26,190.085205078125,192.240166195598,187.5611125998212,189.47662851874142,139740300,NVDA
2025-12-29,187.7805938720703,188.31932652162573,185.47598909796272,187.2717899684254,120006100,NVDA
2025-12-30,187.1021728515625,188.5487999407664,186.49359631469858,187.8005508490403,97687300,NVDA
2025-12-31,186.06460571289062,190.11512498868174,186.05463453876877,189.12744593978846,120100500,NVDA
2026-01-02,188.4091339111328,192.47959571470966,187.8204997023152,189.39681300359115,148240500,NVDA
2026-01-05,187.68081665039062,193.17796293683364,185.7154145267434,191.31231822272787,183529700,NVDA
2026-01-06,186.80288696289062,191.72137039337454,186.3838692947835,190.07522846701318,176862600,NVDA
2026-01-07,188.66851806640625,190.9232365533545,186.12446806753155,188.12978540958392,153543200,NVDA
2026-01-08,184.60801696777344,189.10749810453436,183.28113525242415,188.66852284990722,172457000,NVDA
2026-01-09,184.42843627929688,185.9049768874807,183.2412119543349,184.64792389684447,131327500,NVDA
2026-01-12,184.5082550048828,186.6831584288149,182.59273912358015,182.79226917353867,137968500,NVDA
2026-01-13,185.37620544433594,187.6708389078061,182.97182817799478,184.56809890645206,160128900,NVDA
2026-01-14,182.71246337890625,184.029389177148,180.37792970729708,183.88971661277398,159586100,NVDA
2026-01-15,186.6133270263672,189.25713440169068,185.895006678512,186.06460797964908,206188600,NVDA
2026-01-16,185.7952423095703,189.99542077422674,185.64559857342888,188.63859508159712,187967200,NVDA
2026-01-20,177.65431213378906,181.95424822676716,177.19537928172147,181.4753578011745,223345300,NVDA
2026-01-21,182.89202880859375,184.947217101084,177.9835016341843,178.6319932794081,200381000,NVDA
2026-01-22,184.40847778320312,185.7353746560278,183.5005985718231,184.31869154642928,139636600,NVDA
2026-01-23,187.23187255859375,189.15737478680413,186.38386606278428,187.06227125943187,142748100,NVDA
2026-01-26,186.03468322753906,188.6784906596197,185.55580805974404,186.7230748442759,124799600,NVDA
2026-01-27,188.07989501953125,189.55643562401056,185.2664711415707,186.80288446054914,143711600,NVDA
2026-01-28,191.0728759765625,191.9009400606663,189.39679023846315,190.82345963399504,148552700,NVDA
2026-01-29,192.06057739257812,193.0283141326731,185.62563804704834,190.89331059974717,171764400,NVDA
2026-01-30,190.68380737304688,194.0359639826301,189.0276790286862,190.76362243793778,179489500,NVDA
2026-02-02,185.1766815185547,189.8557348322644,184.44839001538193,186.7629659025267,165794100,NVDA
2026-02-03,179.91897583007812,185.8351396091497,175.81857039871747,185.8052108647954,204019600,NVDA
2026-02-04,173.78335571289062,179.16077214377114,171.50867959294058,179.04105715530034,207014100,NVDA
2026-02-05,171.47874450683594,176.40721432559468,170.63072277473634,174.52161198787914,206312900,NVDA
2026-02-06,184.9771728515625,186.5634574188361,174.1924107166939,176.27752805781466,231346200,NVDA
2026-02-09,189.59632873535156,193.20788788877485,183.5205500126207,183.8298238555102,196387400,NVDA
2026-02-10,188.099853515625,192.03065816435006,187.68083581715956,190.9332352083219,136764800,NVDA
2026-02-11,189.6063232421875,192.80882083578368,188.329312674443,192.00071425091673,144192700,NVDA
2026-02-12,186.5035858154297,193.1580126884611,186.07458174632154,192.5793648877844,189932500,NVDA
2026-02-13,182.3832244873047,187.0622780376601,181.16607138035295,187.04232046551596,161888000,NVDA
2026-02-17,184.53817749023438,186.71308084037668,178.76168607280786,181.3256935584433,162276900,NVDA
2026-02-18,187.5411376953125,189.92555739322245,186.3239846890322,188.3093443160685,164749100,NVDA
2026-02-19,187.46133422851562,187.9900957055448,185.22657333636724,186.62329889395997,126554500,NVDA
2026-02-20,189.37686157226562,189.88566546751952,185.5059147845697,186.13444888465776,178422300,NVDA
2026-02-23,191.10281372070312,193.49720463285962,189.13741163084848,190.9531547742145,171584800,NVDA
2026-02-24,192.39979553222656,193.31764595479845,186.96250644177093,191.04296985904048,175123600,NVDA
2026-02-25,195.10345458984375,197.16862939564908,193.33758246616242,193.9960453222018,250637100,NVDA
2026-02-26,184.4583740234375,193.83642365132246,183.8897126034445,193.81648130196652,360807900,NVDA
2026-02-27,176.77635192871094,182.16373952566906,175.96824531148394,180.82687141264745,311636500,NVDA
2026-03-02,182.05398559570312,183.03170868955394,174.23229218389588,174.6014235260267,209095300,NVDA
2026-03-03,179.62966918945312,180.4776756968921,176.50697142699124,178.07331350693755,178099400,NVDA
2026-03-04,182.6126708984375,184.26879914121506,179.6396322236537,180.01874995283958,177731200,NVDA
2026-03-05,182.91197204589844,183.63029235671348,177.46472744924466,180.74703993972415,198779700,NVDA
2026-03-06,177.40489196777344,182.33334690173646,176.40722643712078,179.4201653790109,189021900,NVDA
2026-03-09,182.2235870361328,182.48298979408452,175.1501427003192,176.4171820751478,177213600,NVDA
2026-03-10,184.33863830566406,186.00473767957752,181.58507208744064,181.97416098047233,179118500,NVDA
2026-03-11,185.60574340820312,187.1921136401388,184.02934488988058,185.4860219488843,145280400,NVDA
2026-03-12,182.72235107421875,184.51824924312825,181.33552155955923,183.63027948516628,155762700,NVDA
2026-03-13,179.83892822265625,185.6656060713691,179.5296376335348,184.49827615888313,160988400,NVDA
2026-03-16,182.8021697998047,188.44926587891726,180.9962999229416,182.55273992235968,217307400,NVDA
2026-03-17,181.5150909423828,184.97717862722422,181.26566108165355,184.63795767039014,182497800,NVDA
2026-03-18,179.98858642578125,182.96180140975886,179.91875397930713,182.06384475172882,156683100,NVDA
2026-03-19,178.1527862548828,179.56954607641802,175.38909905828712,177.60403750119184,170968500,NVDA
2026-03-20,172.30613708496094,177.85345450506617,171.32837633709812,177.59405294207926,241323500,NVDA
2026-03-23,175.23944091796875,177.96321071223454,174.36144294367455,176.85574153065542,182836300,NVDA
2026-03-24,174.80044555664062,175.81812366395545,173.58322660302642,174.4312942297872,147667800,NVDA
2026-03-25,178.2725067138672,180.8067226806179,176.44669348987364,176.69612335614488,162602100,NVDA
2026-03-26,170.8494873046875,176.10745794358192,170.74970926821888,175.66847416549638,186152200,NVDA
2026-03-27,167.13795471191406,170.58008352629554,166.62910808502988,169.61229451028825,196212700,NVDA
2026-03-30,164.79331970214844,169.0635577295173,163.89537828689438,168.3950875250076,185627000,NVDA
2026-03-31,174.0022735595703,174.22177306603788,166.57925331681818,166.58922503111532,226181300,NVDA
2026-04-01,175.3491973876953,176.96549806235143,174.3514779146501,175.59862725595661,168132000,NVDA
2026-04-02,176.98544311523438,177.0852211444685,170.9791680862979,171.7873183615289,143143200,NVDA
2026-04-06,177.23487854003906,177.3845303646084,175.35916114415525,176.75597747742694,107564300,NVDA
2026-04-07,177.69383239746094,177.8235255680002,173.26395579650787,175.32922705160684,132534900,NVDA
2026-04-08,181.66476440429688,184.83750503722598,179.8888249511496,184.079243714486,147732700,NVDA
2026-04-09,183.49058532714844,183.6601958045732,180.20807985372045,181.42529878487736,116428500,NVDA
2026-04-10,188.1998291015625,189.56669990817062,183.87970195572368,183.88967366981893,160459500,NVDA
2026-04-13,188.87826538085938,189.2274732756209,185.3164148846483,185.605746824658,133648200,NVDA
2026-04-14,196.0618438720703,196.0618438720703,190.33494396561244,190.40477641072036,161307000,NVDA
2026-04-15,198.41647338867188,199.94298301571828,195.2936216855987,196.09178511161633,185338400,NVDA
2026-04-16,197.8976593017578,199.39423847906178,195.36344336942167,196.97974400923295,134012900,NVDA
2026-04-17,201.2200469970703,201.2400056483541,198.8155547450397,199.44410763257105,160324400,NVDA
2026-04-20,201.59918212890625,201.70893187328167,197.38880498867078,199.52392392325544,119381400,NVDA
2026-04-21,199.42417907714844,202.28762917830338,198.54618104306965,201.66904795828867,107945300,NVDA
2026-04-22,202.03819274902344,202.03819274902344,198.54617460274403,200.53164182940822,107501000,NVDA
2026-04-23,199.18470764160156,203.3651545152774,196.77022843278436,201.99828375930824,113561800,NVDA
2026-04-24,207.79502868652344,210.46890943516505,199.35431566144254,199.50398270942756,214134400,NVDA
2026-04-27,216.1160125732422,216.33551207209098,206.90706623150768,209.17187844164343,187172400,NVDA
2026-04-28,212.68385314941406,214.2402930542568,207.72518626919629,209.01225288404052,180275400,NVDA
2026-04-29,208.77279663085938,212.23488436877426,207.10660696252424,212.2149257168926,123711800,NVDA
2026-04-30,199.11488342285156,209.82040915320695,198.24685712515335,209.45124259423534,225239200,NVDA
2026-05-01,197.99742126464844,202.5370477944956,196.67045257290908,200.8209691272831,128647000,NVDA
2026-05-04,198.02734375,201.2699318245734,194.29588290907526,199.04502180842945,125368100,NVDA
2026-05-05,196.05186462402344,199.7833407086998,195.58293528206713,198.84548202478717,113406600,NVDA
2026-05-06,207.3560333251953,207.7950323152332,198.15705885791613,199.43413852494058,188362800,NVDA
2026-05-07,211.01766967773438,213.7115092245668,206.02907228582575,207.86487247229027,168307900,NVDA
2026-05-08,214.709228515625,217.30330524675068,212.40449895841255,212.5441790763045,136421400,NVDA
2026-05-11,218.93955993652344,221.79303819063418,213.40221390900197,213.55186573785767,160685800,NVDA
2026-05-12,220.27650451660156,223.23973257586303,214.42986778297353,218.05159434962442,159176600,NVDA
2026-05-13,225.3149871826172,227.32039781394542,221.0647077692387,224.41703053540263,150405400,NVDA
2026-05-14,235.202392578125,236.00055597235212,228.77707677625682,229.32582552778115,180782900,NVDA
2026-05-15,224.80616760253906,230.9720668751014,223.7286287034134,229.23602944473367,180977600,NVDA
2026-05-18,221.81300354003906,229.4754818886306,217.8719993892805,229.34577348371204,146280900,NVDA
2026-05-19,220.1068878173828,223.96805720569674,217.41304835521052,219.11914008419038,140948200,NVDA
2026-05-20,222.9603729248047,225.61431038954527,219.9971448577806,222.6710257508039,184201600,NVDA
2026-05-21,219.0093994140625,226.8814055684356,217.43300079554024,221.78305837384474,203381800,NVDA
2026-05-22,214.83892822265625,220.50596731800164,214.3101381389001,220.39621757095847,169275700,NVDA
2026-05-26,214.37001037597656,217.68243116855118,211.5165320236786,216.04617181279934,187202600,NVDA
2026-05-27,212.1151580810547,213.66161102691768,208.30386252985457,213.63168066177133,167601200,NVDA
2026-05-28,213.76138305664062,215.02849096688144,210.73829446983814,210.79815519844968,143996000,NVDA
2026-05-29,210.6584930419922,217.36316924965476,210.64852132770383,214.09065053210412,289410600,NVDA
2026-06-01,223.8483428955078,224.35717434911126,215.20808855445495,215.23801892090273,212850700,NVDA
2026-06-02,222.3118438720703,231.75026086454594,220.84519513709748,226.66188583823322,193362900,NVDA
2026-06-03,214.26025390625,222.31185725112735,214.02079575535723,221.2143597561905,160907000,NVDA
2026-06-04,218.4156036376953,221.35231998810906,210.73419644348996,213.67091279390368,169022200,NVDA
2026-06-05,204.87075805664062,214.62982678346356,204.10161444712602,214.2902104723603,219655500,NVDA
2026-06-08,208.40679931640625,210.23475572682116,205.76975069388217,209.94507132882276,138372800,NVDA
2026-06-09,207.95730590820312,211.16370951624515,199.11719156565087,210.3845825512031,180962500,NVDA
2026-06-10,200.19598388671875,206.98838641050182,199.696542748819,204.20149632565034,161746600,NVDA
2026-06-11,204.64100646972656,205.43013200106668,199.31696212361035,201.26479475008583,158643200,NVDA
2026-06-12,204.96066284179688,206.83856645475237,203.21261880599855,204.6310298517525,112001800,NVDA
2026-06-15,212.21253967285156,212.47225882321928,208.10713284720606,208.68648640498938,149936700,NVDA
2026-06-16,207.1781768798828,211.25361840198772,207.05830064217733,210.94395209283806,125694100,NVDA
2026-06-17,204.42124938964844,208.9761653200819,202.8530121596522,208.29691745433288,128363500,NVDA
2026-06-18,210.4545135498047,211.1537281092123,206.26919428756833,207.09826842291386,241272000,NVDA
2026-06-22,208.41677856445312,213.7508214450341,207.48782537372824,211.2036686200953,122041400,NVDA
2026-06-23,199.81640625,203.54224815949766,199.77645766483005,201.94403040148535,153496200,NVDA
2026-06-24,198.77757263183594,201.44458647582786,196.36027935647695,199.89631590195674,151810700,NVDA
2026-06-25,195.52122497558594,200.5755669254449,191.9152592982058,199.85637045714446,149550000,NVDA
2026-06-26,192.31480407714844,195.33143282930595,191.0062707295152,192.90414096411192,179304100,NVDA
2026-06-29,194.7520751953125,195.96071419295149,189.58785574691487,193.63333194293918,148835700,NVDA
2026-06-30,199.86634826660156,200.4057532237791,194.89191886651452,197.0195429632178,166476700,NVDA
2026-07-01,197.35916137695312,199.62662840490702,193.23377271109229,195.98069896251877,146147600,NVDA
2026-07-02,194.61224365234375,199.8363939026278,192.1350197738411,196.9196593659626,142068700,NVDA
2026-07-06,195.33143615722656,197.32920075051607,193.77318221313826,194.20269428466304,108999000,NVDA
2026-07-07,196.7098846435547,198.18824142626735,190.92636281467173,192.15498377986222,124154600,NVDA
2026-07-08,203.891845703125,204.93069180759116,194.84197470333905,194.9618356993413,147419100,NVDA
2026-07-09,202.5533447265625,204.36131918975943,198.73762239526957,204.23147485952867,132037400,NVDA
2026-07-10,210.72421264648438,210.7641612313501,201.69430829342895,201.7742207048944,148421000,NVDA
2026-07-13,203.30250549316406,210.33464515051216,202.77309911383117,208.3069001369788,121411000,NVDA
2026-07-14,211.5632781982422,212.31243993744155,203.57221964678251,207.96729575339148,124379600,NVDA
2026-07-15,212.26248168945312,213.57101502024952,205.80969553973085,211.7230919717581,124797200,NVDA
2026-07-16,207.16818237304688,210.84407715298516,205.61992700554663,209.93509060438328,122986100,NVDA
2026-07-17,202.58331298828125,206.41901728963356,197.74872640584337,202.41350482950477,144281900,NVDA
2026-07-20,203.05279541015625,207.50781723343968,202.05391309694542,205.63989694335598,88701500,NVDA
2026-07-21,207.0583038330078,208.4167843613107,203.78197113093626,207.30802440628602,108685600,NVDA
2026-07-22,211.82298278808594,214.15038042761168,204.72092886821054,205.57996827489498,137645600,NVDA
2026-07-23,208.5266571044922,210.63429930291466,205.72979894313582,209.22588688656515,110505300,NVDA
2026-07-24,206.6088104248047,211.6731509810223,204.5810805834776,207.21812923496972,114836800,NVDA
2026-07-27,196.2903594970703,208.51668459839084,195.22156333884286,207.96729627325774,154353700,NVDA
2026-07-28,196.789794921875,198.47790843456414,192.52457850774027,194.78204700134697,134111500,NVDA
2026-07-29,189.79762268066406,196.84974460884015,189.79762268066406,195.63110696844683,147680800,NVDA
2026-07-30,194.82199096679688,197.02952748682713,191.3059363552755,193.23377181769484,129010200,NVDA
2026-07-31,200.52561950683594,201.77422236802423,194.73209918257555,198.2182038580375,139961200,NVDA
2026-08-03,206.40904235839844,208.50670133078404,196.62999113475112,197.46904862701152,128406900,NVDA
2026-08-04,211.70310974121094,212.82185300096492,208.8163406042335,211.06382570110384,134922000,NVDA
2026-08-05,218.9749755859375,221.9716224388697,216.15812022814887,216.6176127852948,158187400,NVDA
2026-08-06,218.7452392578125,223.38005249670454,216.75745800384053,221.28239358061882,113940600,NVDA
2026-08-07,223.70968627929688,224.50877992471257,220.41337164588714,221.29237770419127,105669400,NVDA
2026-08-10,217.3068389892578,223.88946943306019,216.5277120448001,223.15029107269072,115846600,NVDA
2026-08-11,217.25689697265625,221.9516406634887,215.95834695389817,221.92167541427946,101273100,NVDA
2026-08-12,223.8395233154297,224.84840415873398,219.95387191061064,220.7929293559802,108783600,NVDA
2026-08-13,225.04818725585938,226.97602279610956,223.45996804263754,224.80845001468583,98867200,NVDA
2026-08-14,224.90834045410156,227.23573802273873,224.24907448357243,226.51654155338588,75680900,NVDA
2026-08-17,224.7584991455078,227.66525027466162,224.60867289832842,225.72741618855906,93678700,NVDA
2026-08-18,219.49440002441406,221.39227027986857,218.44557057093272,220.20359791537197,103128200,NVDA
2026-08-19,217.31683349609375,222.62089613745684,216.51772459764655,221.4222404106533,96797300,NVDA
2026-08-20,216.60763549804688,219.6142657707553,215.41896310784705,218.1159423024499,92457000,NVDA
2026-08-21,214.48001098632812,218.49552214328025,214.26025565862156,218.17587248780362,98869300,NVDA
2026-08-24,208.24697875976562,215.34903256074918,207.01835779182306,215.28910206110334,135187300,NVDA
2026-08-25,212.81187438964844,214.48998931653267,209.87515802586688,210.79412790131315,122309000,NVDA
2026-08-26,209.4256591796875,213.3612577394914,208.99613188036045,212.40232405945306,179900000,NVDA
2026-08-27,227.7251739501953,230.21239627098788,220.6530857022795,222.61090164325523,298909800,NVDA
2026-08-28,217.3068389892578,229.00374173344596,216.56766062888835,227.10587153371227,195116400,NVDA
2026-08-31,220.53323364257812,221.05265670783686,215.96834944345454,218.62536478578363,124702700,NVDA
2026-09-01,217.1969757080078,220.1636574397174,214.8595947199138,216.50774446342592,109756200,NVDA
2026-09-02,224.1591796875,227.6952163087265,218.23579974693772,218.5454508199983,157104700,NVDA
2026-09-03,228.1946563720703,230.14247379152744,224.49879494304554,225.76737972053164,134681600,NVDA
2026-09-04,230.10252380371094,234.49759976142684,229.37334400327853,230.83170360414334,135352400,NVDA
2026-09-08,225.47769165039062,233.44878317831424,224.59868561283858,232.84944771666764,122965600,NVDA
2026-09-09,223.4199981689453,225.92718720955042,223.21024142511232,225.0281992525124,82955500,NVDA
2026-09-10,218.36000061035156,220.99000549316406,217.1999969482422,220.52999877929688,105768000,NVDA
2026-09-11,218.2899932861328,222.0,218.14999389648438,221.24000549316406,89060100,NVDA
2026-09-14,210.9600067138672,212.77000427246094,208.92999267578125,211.24000549316406,132267200,NVDA
2026-09-15,212.1699981689453,213.94000244140625,211.16000366210938,213.3800048828125,88059700,NVDA
2026-09-16,213.89999389648438,216.75999450683594,212.5,214.13999938964844,96563600,NVDA
2026-09-17,219.33999633789062,219.91000366210938,217.14999389648438,218.3800048828125,94191300,NVDA
2026-09-18,222.27000427246094,222.72999572753906,218.02999877929688,219.35000610351562,190287400,NVDA
2026-09-21,227.3800048828125,228.5,221.55999755859375,222.94000244140625,109806100,NVDA
2026-09-22,228.8699951171875,229.97999572753906,226.5,226.85000610351562,95746700,NVDA
2026-09-23,225.50999450683594,228.9499969482422,224.02000427246094,228.02999877929688,89547300,NVDA
2026-09-24,224.5800018310547,224.94000244140625,221.08999633789062,222.0800018310547,77469900,NVDA
2026-09-25,225.07000732421875,226.94000244140625,223.1300048828125,225.1300048828125,89947700,NVDA
2026-09-28,228.86000061035156,233.2100067138672,228.0399932861328,229.75,141544300,NVDA
