Date,Close,High,Low,Open,Volume,Ticker
2005-09-30,9.84553050994873,9.964630127334452,9.726431649775094,9.766131522237002,47203900,ORCL
2005-10-03,9.829648971557617,9.980507546892568,9.821708847273692,9.861408711481394,29586900,ORCL
2005-10-04,9.718490600585938,9.885229443316128,9.639091620417094,9.829650081476736,41009900,ORCL
2005-10-05,9.662915229797363,9.726434743052558,9.55175570299461,9.70261511488494,34813500,ORCL
2005-10-06,9.551751136779785,9.750249710113101,9.448531787781025,9.678790102559192,45171900,ORCL
2005-10-07,9.512049674987793,9.607329640550732,9.408831100516311,9.583509270554078,39090400,ORCL
2005-10-10,9.535874366760254,9.58351361392058,9.408835364716477,9.50411461624931,29861900,ORCL
2005-10-11,9.591449737548828,9.694669072930507,9.51999013942214,9.535870386655565,45667300,ORCL
2005-10-12,9.52793025970459,9.726428806781769,9.52793025970459,9.575570244176333,38115600,ORCL
2005-10-13,9.591449737548828,9.70260919654722,9.504110649400577,9.51999013942214,27465200,ORCL
2005-10-14,9.774068832397461,9.805828569775027,9.575570284484701,9.639089759239836,32795600,ORCL
2005-10-17,9.829648971557617,9.996387795460421,9.69466988757859,9.750249243142214,39140000,ORCL
2005-10-18,9.821709632873535,9.90110936763981,9.782009765490399,9.789949890409423,25834800,ORCL
2005-10-19,9.678791046142578,9.996389248765647,9.496172704334246,9.782010405204172,58423300,ORCL
2005-10-20,9.639092445373535,9.853470543110062,9.615272067793414,9.758191304425818,47209000,ORCL
2005-10-21,9.73437213897705,9.829651382114006,9.670852643552413,9.694672265033624,35759000,ORCL
2005-10-24,10.179007530212402,10.202827906386004,9.774070979017626,9.82965034233196,57706100,ORCL
2005-10-25,10.29810619354248,10.361625676413624,10.083727370943402,10.10754698771709,51784400,ORCL
2005-10-26,10.051969528198242,10.306047507674942,9.980509907167393,10.202828896421613,43585600,ORCL
2005-10-27,9.885231018066406,10.107549258052027,9.877290891621028,10.004330643110661,29631200,ORCL
2005-10-28,10.091670036315918,10.139310039069255,9.909050909175644,9.97257116525081,33849500,ORCL
2005-10-31,10.06784725189209,10.147246221930745,9.980507400474075,10.044026879389767,41947800,ORCL
2005-11-01,10.1075439453125,10.210763263211737,9.98844514008124,9.98844514008124,24436100,ORCL
2005-11-02,9.909049034118652,10.051968258122367,9.766130567326949,9.988448771278941,50044000,ORCL
2005-11-03,9.686727523803711,9.853466309157893,9.329430342962397,9.845526186709657,111121100,ORCL
2005-11-04,10.01226806640625,10.036088441112765,9.66291090004256,9.670851024944731,44196600,ORCL
2005-11-07,10.01226806640625,10.036088441112765,9.885229096819454,9.996388573813896,29100600,ORCL
2005-11-08,10.020211219787598,10.044030844481298,9.916991836498605,9.964631843098223,25869100,ORCL
2005-11-09,9.932869911193848,10.020209020711093,9.909049534515649,9.972569781778796,23907100,ORCL
2005-11-10,10.083728790283203,10.091668916062703,9.829650823035776,9.91698993497406,31650400,ORCL
2005-11-11,10.171067237854004,10.345745437316326,10.044027514774179,10.083727380910876,30479200,ORCL
2005-11-14,10.179007530212402,10.274286763270704,10.123428166898067,10.147247785859635,23442500,ORCL
2005-11-15,10.059910774230957,10.163130154186792,10.004331399336351,10.107550022079995,27329000,ORCL
2005-11-16,9.91698932647705,10.028148808933198,9.85346983856269,10.020208683640895,31078200,ORCL
2005-11-17,10.01226806640625,10.028148316210594,9.829649736928227,9.885229096819454,42275000,ORCL
2005-11-18,10.020211219787598,10.179009979765963,9.98051134048995,10.163130482374235,33066200,ORCL
2005-11-21,9.877288818359375,10.044027652652826,9.797889842208003,9.948748426943993,41774600,ORCL
2005-11-22,9.837591171264648,9.916990159218818,9.774071678016478,9.789951172722477,46235900,ORCL
2005-11-23,10.036092758178711,10.059912385919349,9.797894209135404,9.805834337453053,34181400,ORCL
2005-11-25,10.01226806640625,10.139307793205035,10.004328698716067,10.059908058607293,7851700,ORCL
2005-11-28,9.956693649291992,10.00433366514285,9.901114261809626,9.99639353629898,23031900,ORCL
2005-11-29,10.1075439453125,10.163124044003927,9.980505017809358,9.98844514008124,28170600,ORCL
2005-11-30,10.004331588745117,10.171070473797942,9.972571837173732,10.091670716263375,34494400,ORCL
2005-12-01,10.210766792297363,10.258406785182432,10.059908203049973,10.067848328066152,30461000,ORCL
2005-12-02,10.131370544433594,10.282229174341222,10.107550162964861,10.274289047184977,28696700,ORCL
2005-12-05,9.932869911193848,10.115488255787737,9.861410295583351,10.099608761880988,44188500,ORCL
2005-12-06,9.940812110900879,10.028151238641408,9.861412353164246,9.956691608120881,31834600,ORCL
2005-12-07,9.932869911193848,9.988449275685545,9.813770299439005,9.940810036753247,40344700,ORCL
2005-12-08,9.877288818359375,9.940809059377239,9.710549984065922,9.924928809819779,74267000,ORCL
2005-12-09,9.92492961883545,9.988449107819033,9.869350255277823,9.869350255277823,44904200,ORCL
2005-12-12,10.194886207580566,10.210765698700193,9.92492804363966,9.932868167805433,47509200,ORCL
2005-12-13,10.186948776245117,10.210768397827023,10.00433041543031,10.083729406440701,40282800,ORCL
2005-12-14,10.171067237854004,10.2425260882457,10.067847888783376,10.179006605311772,36832500,ORCL
2005-12-15,10.186948776245117,10.202829028774465,10.03609016327689,10.091669532705376,39606200,ORCL
2005-12-16,10.075788497924805,10.107548243305661,9.519992575153767,9.956689642049604,203707200,ORCL
2005-12-19,9.782011032104492,10.020209510034222,9.750251285528,9.964630142828385,88450900,ORCL
2005-12-20,9.750249862670898,9.861409338073125,9.726430245517555,9.837589720919782,88569800,ORCL
2005-12-21,9.670851707458496,9.7820104350859,9.639091962820373,9.7820104350859,42154200,ORCL
2005-12-22,9.782011032104492,9.861410777151765,9.64703191985138,9.654972045798525,64662200,ORCL
2005-12-23,9.797887802124023,9.932866866409633,9.77406818995945,9.82964753741406,28028200,ORCL
2005-12-27,9.805829048156738,9.853468277941255,9.718489198198615,9.789948800087295,20909100,ORCL
2005-12-28,9.750249862670898,9.877288830438028,9.742310495094436,9.805829978978,21423600,ORCL
2005-12-29,9.75818920135498,9.81376855597272,9.71054921367412,9.742309710269305,21138100,ORCL
2005-12-30,9.694674491882324,9.84553313886476,9.65497460881991,9.694674491882324,22598000,ORCL
2006-01-03,10.004331588745117,10.163130346602044,9.70261357021085,9.710552940194543,56073800,ORCL
2006-01-04,10.020211219787598,10.14725022777029,9.95669171579625,9.972571970400196,56412300,ORCL
2006-01-05,10.155187606811523,10.258406962166644,10.004329014961431,10.02020850805575,52657100,ORCL
2006-01-06,10.417204856872559,10.441024473239809,10.123427064303309,10.16312692972336,95067600,ORCL
2006-01-09,10.226646423339844,10.393385252527361,10.155186816943486,10.329865770666588,48177800,ORCL
2006-01-10,10.020211219787598,10.171070609676207,10.012271092485625,10.171070609676207,43903600,ORCL
2006-01-11,10.004331588745117,10.067851091887889,9.901112206835062,10.036091340316503,60810100,ORCL
2006-01-12,9.940812110900879,10.115490366381938,9.90905160203646,10.107550239165832,43749300,ORCL
2006-01-13,9.932869911193848,9.956689530659997,9.821710424998404,9.916989660075048,33247500,ORCL
2006-01-17,9.877288818359375,9.956688551722722,9.84552907645643,9.893169067916835,22593700,ORCL
2006-01-18,9.797887802124023,9.837587660539523,9.710547962167558,9.821707414288596,44744000,ORCL
2006-01-19,9.940812110900879,10.004331614205302,9.885231977600352,9.901112232032563,41646400,ORCL
2006-01-20,9.75818920135498,9.948747637654588,9.73436958612051,9.909047774122524,53853200,ORCL
2006-01-23,9.766128540039062,9.92492722418363,9.694668942871044,9.774068663549254,36996200,ORCL
2006-01-24,9.686727523803711,9.837586821473176,9.678787401355477,9.805827088891986,48399500,ORCL
2006-01-25,9.932869911193848,9.972569781778796,9.797890805532255,9.845530044464553,92994900,ORCL
2006-01-26,9.877288818359375,10.004328543183128,9.85346920123516,9.972568801280183,63482400,ORCL
2006-01-27,9.853472709655762,9.948751969289662,9.837593211656236,9.885232462867062,61590500,ORCL
2006-01-30,10.01226806640625,10.04402780880295,9.750250002330485,9.861409479324927,62092100,ORCL
2006-01-31,9.980509757995605,9.996390010081601,9.85347077015602,9.972570389164703,53373600,ORCL
2006-02-01,9.988449096679688,10.04402846017533,9.837590499814926,9.853469993437093,54206000,ORCL
2006-02-02,9.837591171264648,9.988449778426032,9.813770793387517,9.956690031801948,41926000,ORCL
2006-02-03,9.694674491882324,9.829653639967166,9.67085486492979,9.766134129952215,63619900,ORCL
2006-02-06,9.726431846618652,9.758191593788515,9.57557323686483,9.70261222554428,61768000,ORCL
2006-02-07,9.821709632873535,9.837589882711587,9.694670663017087,9.710550155643148,51162700,ORCL
2006-02-08,9.980509757995605,10.028149757041499,9.877290391072918,9.877290391072918,54270900,ORCL
2006-02-09,10.075788497924805,10.163128365631207,9.893170151287887,9.97256989334606,107351900,ORCL
2006-02-10,10.075788497924805,10.163128365631207,9.97256989334606,9.98844938743046,59674100,ORCL
2006-02-13,9.91698932647705,10.09960842213986,9.845529713270388,10.036088934225498,37636000,ORCL
2006-02-14,9.84553050994873,9.916990128937746,9.80583139469891,9.909050003002948,47912300,ORCL
2006-02-15,9.853472709655762,9.924932343684247,9.805833458444935,9.821712956444463,37630400,ORCL
2006-02-16,9.877288818359375,9.91698868504105,9.813769334553486,9.86140932601389,29399100,ORCL
2006-02-17,9.84553050994873,9.877290256475838,9.782011016894513,9.829651015291219,35536000,ORCL
2006-02-21,9.797887802124023,9.82964753741406,9.726428208418486,9.805827925249487,41343600,ORCL
2006-02-22,9.909049034118652,9.916989159277083,9.750250317010085,9.813769803853512,40641000,ORCL
2006-02-23,9.84553050994873,9.956690001399654,9.84553050994873,9.877290256475838,39913300,ORCL
2006-02-24,9.893168449401855,9.916988065036882,9.829648969567167,9.837589093849486,31299300,ORCL
2006-02-27,9.893168449401855,9.932868313601519,9.81376872100253,9.877288200837219,38585600,ORCL
2006-02-28,9.861410140991211,9.988449119101881,9.83759052189847,9.861410140991211,43399200,ORCL
2006-03-01,10.171067237854004,10.186946729981504,9.91698854890632,9.91698854890632,72471500,ORCL
2006-03-02,10.163129806518555,10.258409056169434,10.067850556867677,10.123429929860981,63229200,ORCL
2006-03-03,10.155187606811523,10.26634708731981,10.012268382902585,10.028148633208916,52363900,ORCL
2006-03-06,10.139307022094727,10.290165597703018,10.107546524901474,10.1234267734981,48553100,ORCL
2006-03-07,10.226646423339844,10.25840616427023,10.099607459618298,10.115486951477516,36177700,ORCL
2006-03-08,10.210766792297363,10.282226403018967,10.1234276887554,10.17106768164047,38942500,ORCL
2006-03-09,10.194886207580566,10.321925165385247,10.179005959249023,10.242525438151363,48773800,ORCL
2006-03-10,10.242526054382324,10.321925786393212,10.194886820945364,10.226646562307325,38438000,ORCL
2006-03-13,10.242526054382324,10.282225920387768,10.202826945588845,10.258406303669288,24297100,ORCL
2006-03-14,10.290164947509766,10.306044437891101,10.21870534776405,10.250465085738604,44498300,ORCL
2006-03-15,10.512483596801758,10.576003075672132,10.242525432996713,10.274285172431899,76106900,ORCL
2006-03-16,10.718920707702637,10.750680442474025,10.53630242207011,10.591881768617087,81957200,ORCL
2006-03-17,10.798320770263672,10.893599977639832,10.655401580593518,10.750680787969678,70639000,ORCL
2006-03-20,10.89360523223877,11.012704109604103,10.774505597661241,10.845965226965319,123796300,ORCL
2006-03-21,10.814207077026367,11.036525367724229,10.496609518886567,10.591888786328507,144515800,ORCL
2006-03-22,11.10798168182373,11.115921807702989,10.758624472469238,10.774503967015674,83106300,ORCL
2006-03-23,10.957122802734375,11.107981404615089,10.901542680178693,11.04446191359036,51106100,ORCL
2006-03-24,10.94918155670166,10.980941298964277,10.893602197045078,10.94124143183301,35174400,ORCL
2006-03-27,10.988884925842285,11.068283928196223,10.933305548473305,10.980944798443224,36646600,ORCL
2006-03-28,10.790385246276855,10.996823995523,10.774504993006158,10.980943742252302,47533800,ORCL
2006-03-29,10.89360523223877,10.965064861542848,10.663346847376848,10.790385851823123,55889400,ORCL
2006-03-30,10.941242218017578,10.996822338879863,10.830083490717087,10.893602979806522,50501000,ORCL
2006-03-31,10.869784355163574,10.996824111027042,10.869784355163574,10.885664608601068,33305800,ORCL
2006-04-03,10.94918155670166,11.004760916358242,10.917421814439045,10.917421814439045,26912300,ORCL
2006-04-04,10.988884925842285,11.044464303211264,10.941244918660141,10.973004671044162,30831800,ORCL
2006-04-05,11.076221466064453,11.115921336566029,10.965062737314504,10.97300210564518,70984700,ORCL
2006-04-06,10.957122802734375,11.08416178478383,10.909482805859799,11.08416178478383,32788400,ORCL
2006-04-07,10.917420387268066,11.044459339711466,10.8936007729879,10.980939863489766,29517200,ORCL
2006-04-10,10.980940818786621,10.996821067829504,10.814201989896093,10.901541087996103,28928600,ORCL
2006-04-11,10.988884925842285,11.115923935378367,10.893605668690222,10.980944798443224,44219500,ORCL
2006-04-12,10.941242218017578,11.03652145165173,10.901542348033672,10.988882213440673,29217300,ORCL
2006-04-13,10.861842155456543,10.933301762881174,10.845961906156864,10.917421513581493,29693900,ORCL
2006-04-17,10.9094820022583,10.98094161370036,10.83802239081624,10.84596251591247,28970700,ORCL
2006-04-18,11.115923881530762,11.12386400889136,10.869785233837774,10.877725361198372,41113900,ORCL
2006-04-19,11.362062454223633,11.385882078935973,10.965065175360941,10.988884800073281,58050400,ORCL
2006-04-20,11.235018730163574,11.362058450694244,11.195319622035436,11.242958854673981,32815300,ORCL
2006-04-21,11.338242530822754,11.473221671671665,11.235023143278749,11.242963270908037,56187800,ORCL
2006-04-24,11.497040748596191,11.647900137503195,11.266782358822743,11.298542110611764,61354000,ORCL
2006-04-25,11.632019996643066,11.77493925969603,11.552620995000924,11.560561122328803,58690000,ORCL
2006-04-26,11.687596321105957,11.703475813373512,11.608196588132264,11.67171607162643,47345900,ORCL
2006-04-27,11.854338645935059,12.076656903642075,11.55262063186944,11.655840012250746,108692600,ORCL
2006-04-28,11.584378242492676,11.870215949586667,11.528798877638524,11.822576710343697,67677500,ORCL
2006-05-01,11.576438903808594,11.878156882634713,11.457340040393174,11.600258525049258,41422900,ORCL
2006-05-02,11.4573392868042,11.576438142386074,11.417639415872888,11.560558648340784,29045900,ORCL
2006-05-03,11.369997024536133,11.50497610294573,11.171498468899891,11.40969688710576,40839600,ORCL
2006-05-04,11.346176147460938,11.489095333925112,11.282656677301706,11.417635740693024,21837400,ORCL
2006-05-05,11.47321891784668,11.568498154892284,11.338239809395725,11.354120060842693,26398600,ORCL
2006-05-08,11.298542022705078,11.552620792252625,11.250902773998304,11.457341537626872,29683000,ORCL
2006-05-09,11.20326042175293,11.338239526840127,11.15562118302336,11.290600288110555,21975400,ORCL
2006-05-10,11.30648136138916,11.409700736005012,11.163562868023647,11.171502237446287,23581800,ORCL
2006-05-11,11.044462203979492,11.338240046996095,10.957123090827123,11.266780428411392,31474100,ORCL
2006-05-12,11.100041389465332,11.290600621649116,10.75068418535052,10.909482914493617,39924500,ORCL
2006-05-15,11.092101097106934,11.139740333276174,10.957121999274076,10.980941617358695,26079100,ORCL
2006-05-16,11.266775131225586,11.290595497695827,11.012697279903486,11.044457011318748,42273300,ORCL
2006-05-17,10.996825218200684,11.203263233187405,10.917425457443471,11.179443607845137,47984500,ORCL
2006-05-18,10.933300971984863,11.107979158373633,10.544243221618094,11.060339928344662,46897500,ORCL
2006-05-19,10.877720832824707,11.060339900033396,10.766562124900371,10.80626123075226,46390200,ORCL
2006-05-22,10.758623123168945,10.893602217339522,10.71892325596372,10.742742873402062,29426200,ORCL
2006-05-23,10.695104598999023,10.830083705291395,10.671284222209508,10.766564214943463,27182500,ORCL
2006-05-24,10.941242218017578,11.0127018325462,10.60776452169203,10.623644772570406,32985200,ORCL
2006-05-25,11.171499252319336,11.203258993159862,10.877721460241483,10.925361450108248,37154800,ORCL
2006-05-26,11.155621528625488,11.258840892020032,11.052402165230944,11.155621528625488,18672500,ORCL
2006-05-30,11.13180160522461,11.266779953603766,11.020642119087132,11.115921354114091,26323900,ORCL
2006-05-31,11.290603637695312,11.31442326412667,11.092104983938706,11.123864738251271,34272800,ORCL
2006-06-01,11.290603637695312,11.306483136245461,11.084164856057495,11.22708412907018,37626100,ORCL
2006-06-02,11.235018730163574,11.338238077163021,11.147679632184941,11.290598844524476,22929600,ORCL
2006-06-05,11.004759788513184,11.203258346614005,11.004759788513184,11.155619116708476,22489500,ORCL
2006-06-06,10.973002433776855,11.115921668971493,10.798324209885708,11.10004141741117,31295500,ORCL
2006-06-07,10.750686645507812,11.020644925433613,10.71892689241138,11.004764670279275,30404500,ORCL
2006-06-08,10.742745399475098,10.790385402765942,10.480727274405863,10.679225899895414,50882600,ORCL
2006-06-09,10.695104598999023,10.750683963750452,10.583945112284113,10.71098409297998,26740100,ORCL
2006-06-12,10.520421981811523,10.782439978140074,10.49660237047578,10.68716077558531,36625600,ORCL
2006-06-13,10.441024780273438,10.750682831001438,10.40132567089793,10.536304762968186,36410300,ORCL
2006-06-14,10.472790718078613,10.55219049822857,10.377511436226117,10.441030957461114,27433700,ORCL
2006-06-15,10.877720832824707,10.988880297960948,10.560123442738167,10.583943057691682,47881400,ORCL
2006-06-16,11.266775131225586,11.846391176068783,11.187376181293294,11.48909400834415,115901400,ORCL
2006-06-19,11.346176147460938,11.5605549271572,11.258837065294948,11.393816128686266,35603700,ORCL
2006-06-20,11.314417839050293,11.497036149482021,11.29853759090219,11.44939691946153,29998100,ORCL
2006-06-21,11.536739349365234,11.830517210166146,11.338240733374446,11.346180859744988,58342800,ORCL
2006-06-22,11.377945899963379,11.671723897402135,11.314426373879998,11.608204371318754,48936300,ORCL
2006-06-23,11.830513000488281,11.965492071909082,11.544675367768154,11.655834825765243,72620900,ORCL
2006-06-26,11.647894859313965,11.854333531001979,11.52879603337727,11.806693546300181,32602300,ORCL
2006-06-27,11.51291561126709,11.647894682458894,11.377936540075286,11.600254698480434,41863600,ORCL
2006-06-28,11.576438903808594,11.616138777351104,11.5049792828745,11.512919409025423,25331900,ORCL
2006-06-29,11.703476905822754,11.798756139957746,11.433518697167589,11.600257546206835,52383700,ORCL
2006-06-30,11.504980087280273,11.88609783983842,11.504980087280273,11.727299091777592,49491600,ORCL
2006-07-03,11.759058952331543,11.759058952331543,11.600259445560349,11.600259445560349,16969500,ORCL
2006-07-05,11.568492889404297,11.727292302746934,11.552613402397066,11.616132864849432,29529100,ORCL
2006-07-06,11.51291561126709,11.624075069075593,11.457336260968768,11.528795858330529,28736300,ORCL
2006-07-07,11.735234260559082,11.894032951776763,11.449396616367254,11.512916092854327,53231000,ORCL
2006-07-10,11.584378242492676,11.894035569208153,11.433518884728471,11.735236843044824,32810500,ORCL
2006-07-11,11.544676780700684,11.576436521556605,11.346178211048187,11.48909742350581,35140800,ORCL
2006-07-12,11.290603637695312,11.584381554389621,11.235023499739118,11.520862045764488,26652400,ORCL
2006-07-13,11.195322036743164,11.330301153685802,10.933303929080896,11.020643045897614,52970500,ORCL
2006-07-14,11.346176147460938,11.425575863765882,11.060338531744398,11.155617736983244,40051300,ORCL
2006-07-17,11.449399948120117,11.489099821780096,11.290601210692316,11.30648070582904,32459300,ORCL
2006-07-18,11.687596321105957,11.759055929339885,11.393818520642451,11.425578262389534,52405400,ORCL
2006-07-19,11.965496063232422,12.076655558308916,11.695537830341012,11.759058082679088,66918900,ORCL
2006-07-20,12.005195617675781,12.1004748578305,11.838456758102003,11.957556376204469,48545800,ORCL
2006-07-21,12.005195617675781,12.14017473053132,11.878156630802826,11.93373599825672,57164900,ORCL
2006-07-24,11.894036293029785,12.044895659974664,11.846397050887688,11.973436039549416,47729400,ORCL
2006-07-25,11.854338645935059,11.957558026316365,11.751119265553752,11.854338645935059,36945500,ORCL
2006-07-26,11.925795555114746,12.06077389859826,11.719356841437804,11.862275310188592,35836600,ORCL
2006-07-27,11.806694030761719,12.060771940365187,11.743174553360852,11.97343284824197,37199200,ORCL
2006-07-28,11.965496063232422,12.005195936989177,11.790817830242071,11.854337325368036,25837300,ORCL
2006-07-31,11.886096954345703,11.933736196608834,11.76699733426367,11.854337207099581,35173100,ORCL
2006-08-01,11.695538520812988,11.862277394665474,11.55262002694811,11.830517645227484,33903300,ORCL
2006-08-02,11.759058952331543,11.862277571635786,11.552620199298724,11.671719072164953,33423700,ORCL
2006-08-03,11.727296829223633,11.93373478326844,11.69553632852688,11.751116447534185,31820900,ORCL
2006-08-04,11.608195304870605,11.806693858149266,11.504975966300275,11.782874243775154,35927100,ORCL
2006-08-07,11.608195304870605,11.663774657480825,11.512916090162275,11.624075552594604,31683300,ORCL
2006-08-08,11.751114845275879,11.909913541047462,11.639955379629814,11.639955379629814,42021300,ORCL
2006-08-09,11.87021541595459,12.108413873097268,11.790816435048377,11.87021541595459,50604600,ORCL
2006-08-10,12.01313304901123,12.124292516197107,11.798754238841024,11.814634487244115,34394400,ORCL
2006-08-11,11.901976585388184,12.036955702029879,11.822577594971493,11.989316459222287,19315000,ORCL
2006-08-14,12.140174865722656,12.306913727153216,11.95755650936219,11.997255625293006,36319700,ORCL
2006-08-15,12.48159408569336,12.505413709310732,12.251335704826284,12.28309545538684,47767900,ORCL
2006-08-16,12.338669776916504,12.505408588383425,12.235450440559662,12.497468464691698,49609300,ORCL
2006-08-17,12.553050994873047,12.664209719152861,12.235452800844387,12.243392926067807,46413400,ORCL
2006-08-18,12.473649024963379,12.553048748565349,12.227510487566775,12.513348886764364,33126400,ORCL
2006-08-21,12.418072700500488,12.537171557729831,12.267213340317115,12.378372829020018,28275800,ORCL
2006-08-22,12.291032791137695,12.4260118979861,12.203693680852513,12.41013240393973,39584700,ORCL
2006-08-23,12.163995742797852,12.298974871094668,12.092536115203988,12.291034744203754,37833800,ORCL
2006-08-24,12.211636543273926,12.306915800541685,12.092536903780056,12.219576670682628,41883900,ORCL
2006-08-25,12.235451698303223,12.410130651417997,12.156052724859743,12.195751832975507,28897000,ORCL
2006-08-28,12.338669776916504,12.426008865889893,12.195750579312895,12.243390564251388,28113600,ORCL
2006-08-29,12.322793960571289,12.418073201642251,12.22751396228823,12.33073332941813,28281400,ORCL
2006-08-30,12.513351440429688,12.56893080396631,12.306912722705038,12.35455271803074,27305200,ORCL
2006-08-31,12.433952331542969,12.50541194955148,12.306913347177646,12.44983258319467,27549200,ORCL
2006-09-01,12.306912422180176,12.568930497043178,12.267212553246868,12.545110878568002,24599100,ORCL
2006-09-05,12.576870918273926,12.616570788141585,12.378372326147662,12.386312451563601,40291700,ORCL
2006-09-06,12.402193069458008,12.5530524371883,12.362493195991503,12.449833069060233,44824300,ORCL
2006-09-07,12.711851119995117,12.862710487086373,12.37043326972637,12.418073269126792,77357700,ORCL
2006-09-08,12.632453918457031,12.84683282313167,12.51335503177929,12.743612677432989,46528300,ORCL
2006-09-11,12.934171676635742,12.98181092460322,12.505413901655285,12.537173652704334,42647900,ORCL
2006-09-12,12.942108154296875,13.005627645916555,12.823009296812991,12.942108154296875,44246800,ORCL
2006-09-13,13.013569831848145,13.085029460536065,12.846831707859252,12.950050330172704,40822400,ORCL
2006-09-14,13.0770845413208,13.092964789526311,12.862707248241703,12.926226726639921,27724100,ORCL
2006-09-15,12.96592903137207,13.2120668815834,12.783310675228961,13.116788397693167,81171300,ORCL
2006-09-18,12.902406692504883,13.061206149874486,12.783307856689609,13.021505528320155,59339400,ORCL
2006-09-19,12.807125091552734,13.180303314733829,12.759485866150944,12.950044282181777,91193700,ORCL
2006-09-20,14.236316680908203,14.522155086209604,14.164857079582852,14.36335563561465,202996500,ORCL
2006-09-21,14.355417251586914,14.41099661170449,14.220438156548237,14.236318406417253,68071400,ORCL
2006-09-22,13.926665306091309,14.212502317816346,13.91872517876222,14.156922940937157,49688000,ORCL
2006-09-25,14.268074035644531,14.28395428177825,13.807557498732022,13.958416808155112,54215900,ORCL
2006-09-26,14.442757606506348,14.4824567181157,14.188679657588814,14.188679657588814,64678900,ORCL
2006-09-27,14.236316680908203,14.442755360912127,14.21249630899182,14.355415511642521,34076300,ORCL
2006-09-28,14.283957481384277,14.410996450063514,14.141038263014147,14.268077231693383,43520700,ORCL
2006-09-29,14.085460662841797,14.315719768848034,14.085460662841797,14.252200276574616,33614900,ORCL
2006-10-02,14.021934509277344,14.260132113537946,13.966355169244766,14.220433017635656,41128800,ORCL
2006-10-03,14.21249771118164,14.331596553666122,13.910780542592688,13.9504796519462,53435100,ORCL
2006-10-04,14.42688274383545,14.450703128351241,14.125165445425079,14.196623570123258,46304700,ORCL
2006-10-05,14.49833869934082,14.538037815689455,14.403058699910202,14.43481920452848,43868000,ORCL
2006-10-06,14.442757606506348,14.657134929390496,14.395116855266284,14.41099710567964,33143800,ORCL
2006-10-09,14.728597640991211,14.760358148500908,14.347480637420967,14.41894026489343,33338100,ORCL
2006-10-10,14.879450798034668,14.879450798034668,14.665072005302074,14.736531602879605,50293800,ORCL
2006-10-11,14.752427101135254,14.919166839333903,14.673027297918052,14.831826904352454,37734900,ORCL
2006-10-12,15.077950477600098,15.085890601752933,14.704773728959841,14.807992314099033,44746600,ORCL
2006-10-13,15.14146900177002,15.197048352911905,14.91121147355025,15.06206927967144,36476500,ORCL
2006-10-16,15.077950477600098,15.189109186892125,15.070010353447262,15.165290328857452,24339400,ORCL
2006-10-17,14.79211139678955,15.077949795668653,14.768292539832133,14.958850967610282,27320400,ORCL
2006-10-18,14.879450798034668,15.046190363856814,14.839751694679915,14.958850519167894,26886900,ORCL
2006-10-19,14.982675552368164,15.05413365775938,14.585678337582221,14.815935934657489,33306700,ORCL
2006-10-20,15.070013046264648,15.101773548551183,14.83181533681206,15.046194183973851,23512400,ORCL
2006-10-23,15.204987525939941,15.284387243074406,14.982670135271809,15.062068337982632,29547100,ORCL
2006-10-24,14.998555183410645,15.2049939291271,14.879456314765381,15.133534305055086,28817700,ORCL
2006-10-25,14.78416919708252,15.070006012122356,14.72858834402425,15.014426673487483,36102000,ORCL
2006-10-26,14.86357307434082,14.990612043952146,14.665074495020127,14.855632949437116,30011200,ORCL
2006-10-27,14.371302604675293,14.760359778075694,14.33954209365917,14.760359778075694,42152100,ORCL
2006-10-30,14.704768180847168,14.760347514523085,14.10927272387961,14.24425175470252,29734300,ORCL
2006-10-31,14.665079116821289,14.831818763500292,14.617439866809198,14.720660008663925,28280800,ORCL
2006-11-01,14.665079116821289,14.807998381282019,14.561860489391014,14.736538749051654,31828700,ORCL
2006-11-02,14.506277084350586,14.66507504510929,14.33159735876477,14.649196309130243,34605200,ORCL
2006-11-03,14.11722183227539,14.561858299168346,14.029881958369476,14.545978046744683,47245500,ORCL
2006-11-06,14.371302604675293,14.474521236628657,14.148983570835986,14.212503078443714,38100500,ORCL
2006-11-07,14.450698852539062,14.49039796722756,14.283959239114242,14.387179360382977,27343800,ORCL
2006-11-08,14.577742576599121,14.633321961003531,14.331603139344379,14.418943037365393,24934900,ORCL
2006-11-09,14.720659255981445,14.927096500286648,14.522160624251972,14.61743911940447,40625800,ORCL
2006-11-10,14.911214828491211,14.982674443015577,14.776235724881193,14.807994712211979,24006700,ORCL
2006-11-13,15.228814125061035,15.252632989848411,14.887396261815516,14.919156767431035,34351000,ORCL
2006-11-14,15.22087287902832,15.26057199370324,15.02237427680543,15.22087287902832,33725800,ORCL
2006-11-15,15.181171417236328,15.300270257271706,15.141470794275259,15.189110027404626,19244400,ORCL
2006-11-16,15.165284156799316,15.244683851589272,14.998544646298088,15.212923367904002,22138000,ORCL
2006-11-17,15.45113754272461,15.459077672178944,15.070020415465539,15.08590067437421,34515900,ORCL
2006-11-20,15.467008590698242,15.546408323532516,15.339969623932978,15.3479097486588,24461400,ORCL
2006-11-21,15.467008590698242,15.474948715424063,15.260569891098703,15.451128341246598,20572900,ORCL
2006-11-22,15.609932899475098,15.681392530896428,15.467013636632435,15.474953763948632,22510700,ORCL
2006-11-24,15.562294006347656,15.665512634972837,15.387614230240393,15.451133735799997,7998500,ORCL
2006-11-27,15.022377014160156,15.5225929165638,14.950917383184718,15.467013540121664,36667400,ORCL
2006-11-28,15.006492614746094,15.109712726278142,14.86357339227034,14.911214142711597,38242400,ORCL
2006-11-29,15.204987525939941,15.355846837053061,15.014429113471408,15.117649200073307,23085400,ORCL
2006-11-30,15.125597953796387,15.332036751038485,15.109719211258268,15.189117467222827,32049500,ORCL
2006-12-01,14.935035705566406,15.17323495759586,14.792116457233591,15.17323495759586,35175500,ORCL
2006-12-04,15.308208465576172,15.35584769274204,14.887391001410428,14.990609579340434,47472800,ORCL
2006-12-05,14.974736213684082,15.347913070011076,14.911216716555568,15.339972943566979,54935000,ORCL
2006-12-06,14.196619033813477,14.625376731547256,14.117220806313842,14.601556354642897,94937400,ORCL
2006-12-07,13.894903182983398,14.053702682272913,13.751983936507687,13.99018318544196,93141200,ORCL
2006-12-08,14.133102416992188,14.196621920562455,13.918725038957797,13.966364288029393,37639100,ORCL
2006-12-11,14.347476959228516,14.490396177533945,14.061638522617658,14.109279271668777,43930100,ORCL
2006-12-12,14.283957481384277,14.466575809557684,14.156918512705042,14.458635684712236,41589600,ORCL
2006-12-13,14.307777404785156,14.490395727200463,14.19661717487782,14.466575353415195,33991300,ORCL
2006-12-14,14.307777404785156,14.490395727200463,14.244257922448357,14.347476513336685,26996600,ORCL
2006-12-15,14.037821769714355,14.315720123198304,13.966362149834934,14.299839871130834,70448500,ORCL
2006-12-18,14.220441818237305,14.426880576419471,14.014003060055138,14.188682824745479,58188500,ORCL
2006-12-19,13.577299118041992,13.704338050129348,13.442320063396236,13.616998216410469,102097500,ORCL
2006-12-20,13.577299118041992,13.672577559895744,13.521719774556717,13.569358995483592,48725300,ORCL
2006-12-21,13.577299118041992,13.656698829202472,13.569358995483592,13.609058093852067,34704400,ORCL
2006-12-22,13.58523941040039,13.696398098760302,13.53759867445453,13.58523941040039,19736700,ORCL
2006-12-26,13.601122856140137,13.696402846637248,13.4899641292469,13.513784505477195,15053500,ORCL
2006-12-27,13.577299118041992,13.688457805012547,13.553478750366791,13.680517682454147,16546600,ORCL
2006-12-28,13.656704902648926,13.696404018672498,13.52966591406445,13.601124020022041,20485400,ORCL
2006-12-29,13.609060287475586,13.799618716322438,13.561421058869815,13.585241430384587,23592900,ORCL
2007-01-03,13.902840614318848,14.117219442474989,13.577303066862767,13.672581536427295,52241700,ORCL
2007-01-04,14.037821769714355,14.18868113550693,13.736103038129203,13.934601645699995,33559800,ORCL
2007-01-05,14.006057739257812,14.101337713249686,13.847259801836435,13.99017900561234,36154800,ORCL
2007-01-08,14.180742263793945,14.236321636522026,13.855204639737195,13.998122377713264,31018100,ORCL
2007-01-09,14.148979187011719,14.276018162866276,14.014000085863245,14.236319050820745,31417000,ORCL
2007-01-10,14.109278678894043,14.133097537994933,13.934598968560039,14.02193882372704,27822400,ORCL
2007-01-11,13.8075590133667,14.141036646637875,13.775800032039049,14.125157913185946,65380200,ORCL
2007-01-12,13.894903182983398,13.934602300593646,13.720224945304341,13.775804315728394,42526400,ORCL
2007-01-16,13.736103057861328,13.879022297825475,13.704344068104959,13.807562677843402,35736000,ORCL
2007-01-17,13.910778045654297,14.061635845658326,13.720219628998938,13.728159752329205,31417600,ORCL
2007-01-18,13.593186378479004,13.91078387260658,13.57730612516655,13.879023365981668,61438500,ORCL
2007-01-19,13.71228313446045,13.855202363379751,13.50584441651302,13.545543529246569,28871700,ORCL
2007-01-22,13.497903823852539,14.141038817303258,13.315285488521006,13.696402409497429,52768300,ORCL
2007-01-23,13.593186378479004,13.744044241674409,13.505846499684806,13.505846499684806,33062000,ORCL
2007-01-24,13.609060287475586,13.72816063062567,13.569361182708072,13.585241430384587,31268600,ORCL
2007-01-25,13.482025146484375,13.672583629205008,13.44232603049332,13.601124008881746,35851900,ORCL
2007-01-26,13.617002487182617,13.73610133406517,13.521724015446175,13.52966414049488,36013400,ORCL
2007-01-29,13.71228313446045,13.736101996330948,13.52172466737607,13.569363905541145,33492500,ORCL
2007-01-30,13.62493896484375,13.894897086536053,13.56935961880538,13.751977902766763,42647400,ORCL
2007-01-31,13.62493896484375,13.656699456536302,13.33910059730517,13.585239864651657,39756700,ORCL
2007-02-01,13.53760051727295,13.767859562418186,13.521721784219702,13.672579591979941,29262300,ORCL
2007-02-02,13.831377983093262,13.8472582293592,13.585240223665746,13.609059078641017,41177800,ORCL
2007-02-05,13.62493896484375,13.839317740497684,13.561419495882243,13.775798271536177,28521100,ORCL
2007-02-06,13.513792037963867,13.648771216323784,13.386752989439817,13.601130437308578,31442200,ORCL
2007-02-07,13.426443099975586,13.593182685609495,13.378803867404711,13.593182685609495,45225900,ORCL
2007-02-08,13.267646789550781,13.434386414780878,13.227947672051561,13.394687297281656,45789500,ORCL
2007-02-09,13.259708404541016,13.450266897762504,13.132669409060023,13.331168028802109,41419200,ORCL
2007-02-12,13.220009803771973,13.267649055793132,13.10885104424776,13.220009803771973,31935900,ORCL
2007-02-13,13.196186065673828,13.267644160125775,13.124726456797921,13.267644160125775,28212500,ORCL
2007-02-14,13.315288543701172,13.450267673487488,13.243828915318746,13.291468162765572,42296700,ORCL
2007-02-15,13.426443099975586,13.434383224474715,13.243824779767316,13.370863742905582,33887400,ORCL
2007-02-16,13.259708404541016,13.482025889420608,13.259708404541016,13.410566265159515,34121000,ORCL
2007-02-20,13.482025146484375,13.482025146484375,13.156487549200271,13.251767547772687,31925200,ORCL
2007-02-21,13.656704902648926,13.720224396941163,13.458206293682657,13.474085031437566,50679300,ORCL
2007-02-22,13.71228313446045,13.736101996330948,13.50584441651302,13.704343009028923,32971700,ORCL
2007-02-23,13.354986190795898,13.704344167186974,13.26764631809208,13.68846391498188,54223900,ORCL
2007-02-26,13.354986190795898,13.513785683998444,12.703910994629034,13.426445811294624,32784400,ORCL
2007-02-27,12.934171676635742,13.33910755599588,12.934171676635742,13.220008678864994,39847100,ORCL
2007-02-28,13.045323371887207,13.370860833394769,12.95004341305456,12.997684149682668,47578000,ORCL
2007-03-01,13.315288543701172,13.529667428848448,12.68009277245006,12.791252278512966,81590400,ORCL
2007-03-02,13.267646789550781,13.41056603562679,13.124729057899032,13.204127292897473,37306400,ORCL
2007-03-05,12.997696876525879,13.497912985524776,12.973876484887818,13.116795805866088,34056700,ORCL
2007-03-06,13.40262508392334,13.434385587506346,13.09296774610985,13.116788123797106,38263800,ORCL
2007-03-07,13.09296989440918,13.37880841586007,13.069149512813468,13.315288912695918,30652900,ORCL
2007-03-08,13.251765251159668,13.434383576148361,13.204124502917796,13.259705375866647,30462200,ORCL
2007-03-09,13.204121589660645,13.458200980953997,13.156482366353467,13.347040774005778,24208200,ORCL
2007-03-12,13.553488731384277,13.569368988195567,13.180311782866818,13.188251911272463,30612500,ORCL
2007-03-13,13.220009803771973,13.66464635629334,13.220009803771973,13.442328837244915,31390600,ORCL
2007-03-14,13.40262508392334,13.45026583929785,13.227946857489298,13.291466350231147,33735600,ORCL
2007-03-15,13.275588989257812,13.450268768153313,13.22000961030906,13.37880913395506,24015100,ORCL
2007-03-16,13.259708404541016,13.37880727350141,13.196188906800518,13.267647016637328,34226000,ORCL
2007-03-19,13.64082145690918,13.68052056363848,13.36292316653253,13.36292316653253,29509600,ORCL
2007-03-20,13.934602737426758,14.05370312283968,13.609065116659872,13.696404995449534,65763900,ORCL
2007-03-21,14.42688274383545,14.601561020344127,14.117225317253148,14.538041509393281,95212000,ORCL
2007-03-22,14.680960655212402,14.728599909389667,14.252204338767843,14.299843592945107,49522300,ORCL
2007-03-23,14.48245906829834,14.76035743793266,14.434819823751514,14.657137307919548,34168200,ORCL
2007-03-26,14.601555824279785,14.633316325665314,14.30777875858394,14.466576722239406,50457200,ORCL
2007-03-27,14.680960655212402,14.688900783312711,14.569801890657255,14.569801890657255,33079800,ORCL
2007-03-28,14.42688274383545,14.688900915810766,14.411002487491588,14.561861893909073,33674900,ORCL
2007-03-29,14.418947219848633,14.553926413023127,14.252209018269888,14.553926413023127,28826400,ORCL
2007-03-30,14.395119667053223,14.50627992723551,14.204561168143437,14.4348203008413,20829000,ORCL
2007-04-02,14.403058052062988,14.434818555252683,14.283959193949922,14.35541881170259,20713000,ORCL
2007-04-03,14.577742576599121,14.665080960195493,14.426883165769544,14.474522421769805,32084400,ORCL
2007-04-04,14.736539840698242,14.744479968692518,14.55392144010359,14.569801696092142,23413200,ORCL
2007-04-05,14.823873519897461,14.823873519897461,14.601554572529713,14.688894429428458,21896000,ORCL
2007-04-09,14.744475364685059,14.847695481955284,14.720656502564307,14.815934979895493,19737500,ORCL
2007-04-10,14.966792106628418,14.99061096520151,14.831813021826719,14.911212750726047,24388700,ORCL
2007-04-11,14.760360717773438,15.014438764379875,14.657140564824187,15.006498636120346,29857300,ORCL
2007-04-12,14.847697257995605,14.855635870036057,14.641258513185617,14.744477128378474,22695500,ORCL
2007-04-13,14.79211139678955,14.966791091404007,14.657132321143726,14.919151863065412,32228500,ORCL
2007-04-16,15.006492614746094,15.046193240113807,14.81593415625309,14.831814406400175,26629500,ORCL
2007-04-17,14.998555183410645,15.085895060481835,14.92709555933863,14.92709555933863,26270500,ORCL
2007-04-18,14.871511459350586,14.990610290124227,14.847692601850138,14.927090812750032,31580800,ORCL
2007-04-19,14.895333290100098,14.966792898447682,14.728593699147751,14.728593699147751,31511200,ORCL
2007-04-20,15.085891723632812,15.133530957668738,14.942972507101091,15.070011474146188,37574200,ORCL
2007-04-23,15.038251876831055,15.157350714279902,15.006491379151957,15.062070735666493,24752500,ORCL
2007-04-24,14.942973136901855,15.125591470422997,14.887393775780119,15.117652859769041,21191800,ORCL
2007-04-25,15.006492614746094,15.077952225983971,14.847694656547262,14.998552489672552,24759100,ORCL
2007-04-26,15.046196937561035,15.08589605826039,14.895337552939605,14.903277679964352,16645600,ORCL
2007-04-27,15.165284156799316,15.31614342545791,14.99060452537677,15.05412397832409,25063000,ORCL
2007-04-30,14.927099227905273,15.204997665991604,14.927099227905273,15.165298538161265,27161900,ORCL
2007-05-01,14.760360717773438,14.942979124468737,14.728600204735326,14.887399741076656,33335900,ORCL
2007-05-02,14.974736213684082,15.070014702164721,14.77623759585444,14.839757092982955,22342300,ORCL
2007-05-03,15.101770401000977,15.11765064883444,14.927090703680443,15.01443055234071,18260900,ORCL
2007-05-04,15.109716415405273,15.12559515500524,14.903277656361933,15.117656542417444,24433600,ORCL
2007-05-07,15.125597953796387,15.204997724185603,15.077958697332718,15.101779082776881,16307300,ORCL
2007-05-08,15.046196937561035,15.117656566359377,14.990616048387807,15.030316683511542,17168600,ORCL
2007-05-09,14.950918197631836,15.01443770480083,14.744479420726476,15.01443770480083,22497800,ORCL
2007-05-10,14.680960655212402,15.014438463302431,14.673020527112094,14.8397601883694,30821500,ORCL
2007-05-11,15.070013046264648,15.11765379969445,14.704776356514133,14.768295846663095,30915000,ORCL
2007-05-14,15.038251876831055,15.149410589860128,14.903272790542657,15.038251876831055,17521100,ORCL
2007-05-15,14.958853721618652,15.220871797355562,14.950913596363105,14.998552833472349,23631300,ORCL
2007-05-16,15.077950477600098,15.077950477600098,14.807992314099033,14.974731892460905,24453400,ORCL
2007-05-17,15.125597953796387,15.17323872468471,14.93503941351706,14.974740055923998,21129600,ORCL
2007-05-18,15.284394264221191,15.284394264221191,15.093835764216369,15.14147501061149,25941800,ORCL
2007-05-21,15.339977264404297,15.339977264404297,15.173239105385628,15.2446987490864,18449000,ORCL
2007-05-22,15.379667282104492,15.451125362010687,15.244688216639632,15.395546014070508,22231100,ORCL
2007-05-23,15.212930679321289,15.459068488484426,15.204990554583903,15.387608880271912,23079900,ORCL
2007-05-24,14.887395858764648,15.316153586420697,14.823876363677556,15.197053208011203,33424600,ORCL
2007-05-25,15.276456832885742,15.324096087686613,14.958859276838922,14.998558403435547,24639600,ORCL
2007-05-29,15.332029342651367,15.474948557408922,15.236750875762283,15.316150607785804,27015400,ORCL
2007-05-30,15.41937255859375,15.419372558593752,15.173234698678618,15.284393439074305,28823700,ORCL
2007-05-31,15.387614250183105,15.562294026516758,15.292335748932452,15.395554377691404,32588100,ORCL
2007-06-01,15.609932899475098,15.641693408739883,15.387613877894909,15.443194769108283,25854400,ORCL
2007-06-04,15.617864608764648,15.63374485483759,15.395545707014312,15.522584646750612,21916500,ORCL
2007-06-05,15.467008590698242,15.594047557463504,15.3479097486588,15.56228857298416,26304900,ORCL
2007-06-06,15.363792419433594,15.403491534895313,15.173233939253812,15.379672671387954,31111800,ORCL
2007-06-07,14.871511459350586,15.363788544818448,14.871511459350586,15.20498909417106,39857800,ORCL
2007-06-08,15.133535385131836,15.165295893396928,14.871517249642372,14.871517249642372,35495100,ORCL
2007-06-11,15.252625465393066,15.339965298324822,15.006487725995,15.030308093455528,24997700,ORCL
2007-06-12,14.958853721618652,15.379671273618436,14.935033345852007,15.252630783953713,33775600,ORCL
2007-06-13,15.324090003967285,15.324090003967287,14.86357335192003,14.98267371327584,29790400,ORCL
2007-06-14,15.594043731689453,15.633744345578586,15.47494491886919,15.522584141112581,41226700,ORCL
2007-06-15,15.76872730255127,15.840186910795527,15.681387444825187,15.808426411831881,40671500,ORCL
2007-06-18,15.713149070739746,15.832247921547326,15.578169969311407,15.816367670926569,36639100,ORCL
2007-06-19,15.784607887268066,15.832248641296134,15.586109288756816,15.713149785074208,24366900,ORCL
2007-06-20,15.506708145141602,15.848124398267672,15.49876802096325,15.848124398267672,34945000,ORCL
2007-06-21,15.625813484191895,15.665512607187058,15.45113370839446,15.538473596293178,27977300,ORCL
2007-06-22,15.395547866821289,15.601986551459504,15.39554786682129,15.562287445131469,39685600,ORCL
2007-06-25,15.467008590698242,15.609927806915149,15.252629766372882,15.443189730944718,28377000,ORCL
2007-06-26,15.212930679321289,15.62580807912161,15.101771961845795,15.578168845121247,49101000,ORCL
2007-06-27,15.633755683898926,15.69727519776525,15.300277857494555,15.339976985751758,76122400,ORCL
2007-06-28,15.76078987121582,15.927527975997467,15.570231388140707,15.578171514238528,46529500,ORCL
2007-06-29,15.649625778198242,15.895765083529506,15.514648210945644,15.840185728914005,31480800,ORCL
2007-07-02,15.816363334655762,15.87194268216653,15.657563900833306,15.784602842121815,23759900,ORCL
2007-07-03,15.935466766357422,15.935466766357422,15.800487662857037,15.85606702645883,18749800,ORCL
2007-07-05,16.268945693969727,16.27688582000307,15.848128100747669,15.927527846656913,36504600,ORCL
2007-07-06,16.197481155395508,16.26894075357123,16.078382329910546,16.237181773506315,26765700,ORCL
2007-07-09,16.00692367553711,16.070443153835914,15.935464073147976,16.070443153835914,27335100,ORCL
2007-07-10,15.657570838928223,15.998988712837127,15.64169210004879,15.887829968559553,29259100,ORCL
2007-07-11,15.864009857177734,15.879890110750326,15.65757110400706,15.697271737938538,29842800,ORCL
2007-07-12,16.27688980102539,16.28482992900074,15.856072104879209,15.919591614257447,36005900,ORCL
2007-07-13,16.197481155395508,16.276880877193392,16.078382329910546,16.276880877193392,23160700,ORCL
2007-07-16,16.038686752319336,16.253064079553504,16.014866376215956,16.110146366205413,19827000,ORCL
2007-07-17,16.181610107421875,16.253069746222515,16.046630957956733,16.07839147050128,21767500,ORCL
2007-07-18,16.205427169799805,16.213367296308256,16.00692855036137,16.038689056395175,30676900,ORCL
2007-07-19,16.356281280517578,16.451559739106077,16.292761803317315,16.324520784705552,29326400,ORCL
2007-07-20,16.364227294921875,16.626245421991722,16.181607407114623,16.586544787936084,43965400,ORCL
2007-07-23,16.49920082092285,16.602419405579493,16.38804059772667,16.523019678846172,29403500,ORCL
2007-07-24,16.388044357299805,16.658002581469788,16.300706000838343,16.499204605997203,39526500,ORCL
2007-07-25,16.340404510498047,16.46744349193751,16.19748527777262,16.4356845037897,31017700,ORCL
2007-07-26,15.887819290161133,16.24511566280619,15.673440557920122,16.046617173195617,41746500,ORCL
2007-07-27,15.578168869018555,16.054564238600868,15.562288619519427,15.879886037382283,32531300,ORCL
2007-07-30,15.546415328979492,15.617874969288726,15.355856792963074,15.530535072371968,21879400,ORCL
2007-07-31,15.181171417236328,15.736966508876062,15.173231292644115,15.713147649523336,35952300,ORCL
2007-08-01,15.713149070739746,15.73696793224683,14.950913699607932,15.03031343828767,54801800,ORCL
2007-08-02,15.951347351074219,16.046625829407393,15.617869648059898,15.689329264021831,31437400,ORCL
2007-08-03,15.609932899475098,16.030750560686887,15.609932899475098,15.95135080194936,35123900,ORCL
2007-08-06,15.94340705871582,15.95928730974662,15.66550872337321,15.736968338587712,29746300,ORCL
2007-08-07,15.625813484191895,15.943411011426596,15.482894218330165,15.768732750053628,34504100,ORCL
2007-08-08,16.038686752319336,16.046625363263065,15.721087795303854,15.848126772340422,26724900,ORCL
2007-08-09,15.951347351074219,16.118085445369328,15.776669131180663,15.832248495945699,33581200,ORCL
2007-08-10,15.871946334838867,16.07838504054714,15.61786839378991,15.681387879052151,36769100,ORCL
2007-08-13,15.657570838928223,15.848129335300198,15.601991466789435,15.824310469768895,22088400,ORCL
2007-08-14,15.363792419433594,15.729029127838794,15.339972041502053,15.721089001861614,22266300,ORCL
2007-08-15,15.228814125061035,15.649630223496825,15.189113493041635,15.284393495463931,27172500,ORCL
2007-08-16,15.197051048278809,15.46700924263984,14.935032978978278,15.17323218752131,42493800,ORCL
2007-08-17,15.363792419433594,15.522590395704654,15.093834193906192,15.332031915524873,36236800,ORCL
2007-08-20,15.173236846923828,15.411434614188703,15.046197835792633,15.284395603057508,23960800,ORCL
2007-08-21,15.300271987915039,15.355851351923311,15.054132640986857,15.054132640986857,23766700,ORCL
2007-08-22,15.339977264404297,15.419377036785678,15.141478590663198,15.395556650743854,23664200,ORCL
2007-08-23,15.379667282104492,15.633745166644545,15.260566948605648,15.387605890875674,31203800,ORCL
2007-08-24,15.832246780395508,15.856065640185784,15.324089398126427,15.324089398126427,26753000,ORCL
2007-08-27,15.76872730255127,15.895766269557962,15.681387444825187,15.840186910795527,18113200,ORCL
2007-08-28,15.37173843383789,15.768735798228954,15.347918046781514,15.721095024116199,21875400,ORCL
2007-08-29,15.98310661315918,15.99898686462843,15.379672201569038,15.411431190083404,30989600,ORCL
2007-08-30,16.0466251373291,16.21336473885697,15.729027699209404,15.848126549201286,30459800,ORCL
2007-08-31,16.102203369140625,16.26100130490398,15.998983272191838,16.22130219956909,24050700,ORCL
2007-09-04,16.451560974121094,16.578599938058407,16.03868509853678,16.070444082309155,36903900,ORCL
2007-09-05,16.45950698852539,16.554787002785243,16.24512809225906,16.268948474430132,30545000,ORCL
2007-09-06,16.30864143371582,16.467439363491884,16.141901865863655,16.451559116187155,26360100,ORCL
2007-09-07,16.00692367553711,16.197482110433526,15.856064346668514,16.054562905655256,29191800,ORCL
2007-09-10,16.01487159729004,16.24512925032704,15.864012194967799,16.149850743699506,25314200,ORCL
2007-09-11,16.245128631591797,16.292769397515606,15.998990732016784,16.06251023882403,20869100,ORCL
2007-09-12,16.30864143371582,16.372160908510992,16.118081494906566,16.157782113168384,30815500,ORCL
2007-09-13,16.237184524536133,16.43568310545015,16.149844664318287,16.43568310545015,24506800,ORCL
2007-09-14,15.935466766357422,16.21336509879046,15.887827528187897,16.18954472249366,35461300,ORCL
2007-09-17,15.89576244354248,16.062500479696933,15.784602238349265,15.848121706563854,23329200,ORCL
2007-09-18,16.45950698852539,16.45950698852539,15.919590441376602,15.943410823547678,28759700,ORCL
2007-09-19,16.54684066772461,16.77709821796438,16.36422234953033,16.626240397416346,46209900,ORCL
2007-09-20,16.705636978149414,16.920014239156636,16.380097996333948,16.530957302869368,56499400,ORCL
2007-09-21,17.45200538635254,17.60286482278754,16.705651362779157,17.12646763865194,95941900,ORCL
2007-09-24,17.301137924194336,17.56315600382386,17.11057794407826,17.46787601376582,37448700,ORCL
2007-09-25,17.42023468017578,17.45199366342493,17.070876777891865,17.166156756487073,30826800,ORCL
2007-09-26,17.285261154174805,17.48375978521193,17.07088226919286,17.475819658239523,32477400,ORCL
2007-09-27,17.17409896850586,17.372597577322924,17.094700736518394,17.34083858741278,21078400,ORCL
2007-09-28,17.18998146057129,17.33290071985019,17.118521830931837,17.197921587689493,20381400,ORCL
2007-10-01,17.44405746459961,17.4599377170098,17.158220493337293,17.182039357528357,23641200,ORCL
2007-10-02,17.348783493041992,17.45200213171669,17.237623211671604,17.45200213171669,24202300,ORCL
2007-10-03,17.126455307006836,17.37259309438623,17.03117684743847,17.301135006921857,25149500,ORCL
2007-10-04,17.27731704711914,17.301137422548997,17.078818461809075,17.189977184967024,18636800,ORCL
2007-10-05,17.610788345336914,17.721947028188676,17.317009879255654,17.35671049057662,31341400,ORCL
2007-10-08,17.872814178466797,17.904573167059954,17.491697228804057,17.507575965888567,23281300,ORCL
2007-10-09,17.92839241027832,18.007792148375064,17.753714198004715,17.89663342369405,24543300,ORCL
2007-10-10,18.19835090637207,18.22217128251473,17.888693588637857,17.936332826499104,32204900,ORCL
2007-10-11,17.833112716674805,18.261870400835363,17.777533353414896,18.222171288342302,35055400,ORCL
2007-10-12,17.81723403930664,17.983972129638268,17.555215958482606,17.785473537667816,39710600,ORCL
2007-10-15,17.523452758789062,17.92839000579221,17.32495419738108,17.904569633230672,34244900,ORCL
2007-10-16,17.26937484741211,17.515512639589424,17.237614350654347,17.467873408876617,31324300,ORCL
2007-10-17,17.062946319580078,17.428184677606914,16.78504786520798,17.428184677606914,42188200,ORCL
2007-10-18,17.015295028686523,17.13439384936487,16.761217140726405,17.062934254073127,32349900,ORCL
2007-10-19,16.475379943847656,17.047055232851257,16.411860467291703,17.015296251785166,40513300,ORCL
2007-10-22,16.832685470581055,16.94384422563851,16.284828793866744,16.35628842623924,31102900,ORCL
2007-10-23,17.031179428100586,17.062938414627745,16.76916135294938,16.99147880191159,30083700,ORCL
2007-10-24,16.816802978515625,16.9517820978818,16.55478486614885,16.880322475015927,31753500,ORCL
2007-10-25,16.673885345458984,17.031183494345722,16.49920709179458,16.93590348316779,40656800,ORCL
2007-10-26,16.951784133911133,16.951784133911133,16.665945608116417,16.927963751953428,31368700,ORCL
2007-10-29,17.285261154174805,17.324960274612483,16.91208275859341,17.06294214222045,29398500,ORCL
2007-10-30,17.17409896850586,17.261438841001112,17.05500010610046,17.189979220673035,25714700,ORCL
2007-10-31,17.602859497070312,17.65843887409278,17.17410170674079,17.18204183409035,31540300,ORCL
2007-11-01,17.27731704711914,17.6187348561603,17.269376921975855,17.467875507285925,34306900,ORCL
2007-11-02,17.491697311401367,17.54727667751995,17.213798966384307,17.317017572829656,30857000,ORCL
2007-11-05,17.523452758789062,17.634611468561904,17.277314966681836,17.332894321568258,26496300,ORCL
2007-11-06,18.126888275146484,18.17452750507818,17.73783128278604,17.88869061106419,34111500,ORCL
2007-11-07,17.547269821166992,18.015726458872305,17.523449453099015,17.864867156622232,38119400,ORCL
2007-11-08,16.15778350830078,17.507572842850745,15.736966004932734,17.38847400662926,94813800,ORCL
2007-11-09,15.37173843383789,15.935473964349315,15.33997791776272,15.82431518693574,77224300,ORCL
2007-11-12,15.435242652893066,15.816359381501966,15.133524106926908,15.284383379909986,55312900,ORCL
2007-11-13,16.292766571044922,16.300706697321434,15.435252620696465,15.721089594529792,48238200,ORCL
2007-11-14,16.02280616760254,16.61830192795789,15.871946817607121,16.53890219035904,47248500,ORCL
2007-11-15,16.213363647460938,16.372163113043285,15.65756703234666,15.816366497929009,54927000,ORCL
2007-11-16,16.51508140563965,16.721520112513144,16.03074589569029,16.213364227547,44728400,ORCL
2007-11-19,16.30071258544922,16.5786095333877,16.133972902261345,16.39599110633533,29048500,ORCL
2007-11-20,16.42774772644043,16.626246364700478,16.062509444541238,16.22924908818038,34611400,ORCL
2007-11-21,16.0466251373291,16.380102825960794,15.895767300737273,16.078385638353094,29401200,ORCL
2007-11-23,16.126022338867188,16.221302312527726,15.927523781962881,16.07044298524179,11207000,ORCL
2007-11-26,15.641698837280273,16.276894098779742,15.63375870720841,16.18161405234234,26680800,ORCL
2007-11-27,15.792547225952148,16.022806315674316,15.482889912321415,15.681388500940919,33108300,ORCL
2007-11-28,16.284822463989258,16.372162317256695,15.887825333753803,15.943404689678948,28537700,ORCL
2007-11-29,16.261003494262695,16.42774309085117,16.12602439775736,16.261003494262695,25080700,ORCL
2007-11-30,16.02280616760254,16.49920307877163,15.705208731631158,16.49920307877163,47957900,ORCL
2007-12-03,16.070446014404297,16.245124232213094,15.959287286200889,16.06250588890061,36709300,ORCL
2007-12-04,15.903709411621094,16.030748402730186,15.625811050660863,15.681390419968062,33425000,ORCL
2007-12-05,16.848560333251953,17.039118804246165,16.03074708453814,16.054565946897352,56410100,ORCL
2007-12-06,17.00735092163086,17.03117128595638,16.626234178962395,16.753273093185214,29484300,ORCL
2007-12-07,16.7850341796875,17.10263301968994,16.721514714571715,17.070872529920294,24556300,ORCL
2007-12-10,17.182035446166992,17.22173606815492,16.856497917985372,16.904138664370887,25332600,ORCL
2007-12-11,16.729459762573242,17.229677022756736,16.68182052831613,17.229677022756736,30365600,ORCL
2007-12-12,16.9676513671875,17.317007614583282,16.72151215245736,16.999410337667445,39807900,ORCL
2007-12-13,17.158226013183594,17.285265044485463,16.88032756430149,16.943847079952423,30334600,ORCL
2007-12-14,16.832685470581055,17.023243985432888,16.769165965630442,16.959724480482276,26260100,ORCL
2007-12-17,16.626235961914062,16.800914109096617,16.530956008817732,16.7929739868033,36971900,ORCL
2007-12-18,16.87238883972168,16.880328969141942,16.37217280164392,16.745349797847176,38884600,ORCL
2007-12-19,16.483325958251953,16.99148195229578,16.324526452901097,16.935902579750273,68576400,ORCL
2007-12-20,17.547269821166992,17.864867156622232,17.499630599454594,17.80928781222051,78506700,ORCL
2007-12-21,18.0316162109375,18.071316848649566,17.666379430533368,17.706078553820955,58166900,ORCL
2007-12-24,18.071317672729492,18.103076669922924,17.801359381674846,17.976037652300096,15394700,ORCL
2007-12-26,18.261865615844727,18.261865615844727,17.90456763933047,17.912507762633417,24286900,ORCL
2007-12-27,18.293624877929688,18.50800213498738,18.190404796361566,18.30156348627471,34093100,ORCL
2007-12-28,18.238054275512695,18.492133803729587,18.182474899298644,18.349214542365218,21955900,ORCL
2007-12-31,17.92839241027832,18.2301095977371,17.86487292268573,18.015732273627144,20004400,ORCL
2008-01-02,17.856929779052734,18.1189478103859,17.76958993046708,17.90456900808864,42775700,ORCL
2008-01-03,18.34920883178711,18.34920883178711,17.80929246329682,17.80929246329682,42045400,ORCL
2008-01-04,17.491697311401367,18.166591345040324,17.301138835670162,18.079252990178613,44738600,ORCL
2008-01-07,17.66637420654297,17.84899254274434,17.30113753414022,17.4361151191746,40045600,ORCL
2008-01-08,16.79297637939453,17.72194961814012,16.78503625596994,17.658430145167074,43551600,ORCL
2008-01-09,17.158226013183594,17.22174552883453,16.792987662372187,16.943847079952423,47973000,ORCL
2008-01-10,17.21380043029785,17.30907891905415,16.729463316776464,17.039120676870848,42107400,ORCL
2008-01-11,16.75328254699707,17.221739375450824,16.721522043307377,17.0947003895404,46251400,ORCL
2008-01-14,17.515514373779297,17.563155123632797,16.753280549211183,17.023238740685056,48826100,ORCL
2008-01-15,16.92001724243164,17.507572812610118,16.912077118107405,17.27731526490281,39579500,ORCL
2008-01-16,17.40435218811035,17.729889675181305,16.554778672367924,16.697697864628086,76869400,ORCL
2008-01-17,16.99942398071289,17.42818178447028,16.91208409155687,17.388481146479137,52783800,ORCL
2008-01-18,17.134397506713867,17.332896088355326,16.808859953975794,16.951779175065482,51486500,ORCL
2008-01-22,16.054563522338867,16.507141526328958,15.625807405958623,16.1022042687108,66962800,ORCL
2008-01-23,16.364227294921875,16.419806668175426,15.498773160025392,15.546412406467818,56349500,ORCL
2008-01-24,16.364227294921875,16.650064288000767,15.998989033731707,16.356287168110747,43764900,ORCL
2008-01-25,16.102203369140625,16.73739814104164,16.054562625430204,16.67387866385154,42303500,ORCL
2008-01-28,16.086322784423828,16.197481488573132,15.887824233057923,15.983102689636251,29189600,ORCL
2008-01-29,15.935466766357422,16.102206371586878,15.63374957205166,16.062505744425543,35571800,ORCL
2008-01-30,16.094261169433594,16.356279168352,15.729023086879199,15.895762639512876,42369000,ORCL
2008-01-31,16.316585540771484,16.45950478582279,15.784609192205094,15.84019007649946,52510400,ORCL
2008-02-01,16.419801712036133,16.49920144175712,16.054563561089147,16.49920144175712,41937100,ORCL
2008-02-04,16.038686752319336,16.419803683429038,15.99898612548037,16.419803683429038,26668700,ORCL
2008-02-05,15.292329788208008,15.78460538644506,15.252629166141226,15.705207171159257,55269500,ORCL
2008-02-06,15.625813484191895,15.951351138910521,15.403494457915372,15.514654728265867,50356200,ORCL
2008-02-07,15.244690895080566,15.562288306556429,15.109711805900336,15.292330128195967,59196500,ORCL
2008-02-08,15.2367525100708,15.395550476726738,15.038253915932811,15.21293213358157,38131800,ORCL
2008-02-11,15.435242652893066,15.538461198982587,15.220863925141837,15.252622895314282,44115100,ORCL
2008-02-12,15.411432266235352,15.792549241565233,15.324092391479832,15.52259100543384,36472700,ORCL
2008-02-13,15.609932899475098,15.82431179373909,15.451133382000043,15.641693408739883,33598000,ORCL
2008-02-14,15.157349586486816,15.657565272322637,15.08588998644973,15.60198591994352,36483300,ORCL
2008-02-15,15.157349586486816,15.260568167416064,15.038250757899599,15.101770234107699,25070700,ORCL
2008-02-19,15.101770401000977,15.40348753771786,15.077950029250779,15.332027936891057,34260000,ORCL
2008-02-20,15.427315711975098,15.482895093078218,15.07001752713424,15.10177803886434,36662000,ORCL
2008-02-21,14.998555183410645,15.562292049487171,14.93503568583822,15.47495217241598,55583400,ORCL
2008-02-22,15.006492614746094,15.1017726012046,14.434817239267083,15.030312989966722,61623500,ORCL
2008-02-25,15.062061309814453,15.18116158715412,14.776224581698886,14.966782905250243,56319700,ORCL
2008-02-26,15.252625465393066,15.36378566578535,14.982668872957985,15.006487725995,48428800,ORCL
2008-02-27,15.2367525100708,15.4431912297052,14.935033798903566,15.181173146020017,37850700,ORCL
2008-02-28,15.411432266235352,15.562291636879186,15.022375164616403,15.165294408971167,42274100,ORCL
2008-02-29,14.927099227905273,15.236758179795595,14.871519843172939,15.228818051344598,43803100,ORCL
2008-03-03,15.046196937561035,15.228815315857073,14.815937797116517,14.895337552939605,41836600,ORCL
2008-03-04,14.641254425048828,15.07001053345653,14.450695986376086,14.942971574341371,71509100,ORCL
2008-03-05,14.927099227905273,15.070018511173938,14.784181459061262,14.855639586270943,58178200,ORCL
2008-03-06,15.268515586853027,15.562294251203785,15.141476573734996,15.157356828980873,69112300,ORCL
2008-03-07,15.085891723632812,15.522587983547341,14.982673130817648,15.189110316447975,46510200,ORCL
2008-03-10,15.308208465576172,15.482886641466845,15.149409022458302,15.22086862041897,36576100,ORCL
2008-03-11,15.490836143493652,15.840194221206339,15.16529845099705,15.601994912319425,48217800,ORCL
2008-03-12,15.625813484191895,16.01487064435746,15.42731484036715,15.546413723777103,48200300,ORCL
2008-03-13,15.752847671508789,15.87194651845026,15.37173075552648,15.538468838359739,43684900,ORCL
2008-03-14,15.498764038085938,15.919579910430283,15.300265527908884,15.887820936302147,43595500,ORCL
2008-03-17,15.308208465576172,15.47494651786858,15.030310197331763,15.030310197331763,41039200,ORCL
2008-03-18,15.89576244354248,15.919581297608213,15.395545306231963,15.594043833705499,38445300,ORCL
2008-03-19,15.530529022216797,16.26894400813495,15.522588897006234,16.08632567156406,43142100,ORCL
2008-03-20,15.94340705871582,16.014866673930324,15.530529618459603,15.76872884064931,45441300,ORCL
2008-03-24,16.49126434326172,16.60242307661286,16.17366688052691,16.2133659954597,34487700,ORCL
2008-03-25,16.737403869628906,16.800923368559356,16.451565367229726,16.697704750706492,43212600,ORCL
2008-03-26,16.626235961914062,16.912072792356106,16.380096714091653,16.904134184486267,85438700,ORCL
2008-03-27,15.427315711975098,15.641694622879612,15.284396438038755,15.443195967840147,117082800,ORCL
2008-03-28,15.379667282104492,15.768724232109403,15.339966666130328,15.522584956340534,38130200,ORCL
2008-03-31,15.530529022216797,15.586108384266717,15.395549922485264,15.467009534956313,32073900,ORCL
2008-04-01,16.205427169799805,16.213367296308256,15.657570556110928,15.808429930922937,44724400,ORCL
2008-04-02,16.268945693969727,16.483324553597427,16.0863273384754,16.205426200127167,32243000,ORCL
2008-04-03,16.419801712036133,16.435681960865107,16.09426418316158,16.19748277170215,36848900,ORCL
2008-04-04,16.15778350830078,16.427741678095547,16.126023010948987,16.36422219781583,53991200,ORCL
2008-04-07,16.0625057220459,16.32452380324934,16.03868686020636,16.237185452464242,24030900,ORCL
2008-04-08,15.816363334655762,15.99898162345504,15.752843864011508,15.903703174700476,35278100,ORCL
2008-04-09,16.054563522338867,16.086324019920156,15.776666740621986,15.816365848174717,31565400,ORCL
2008-04-10,16.237184524536133,16.515081326276565,16.00692544375236,16.030745818654676,49075300,ORCL
2008-04-11,15.752847671508789,15.99104536539173,15.729027296350893,15.951346254552575,28955200,ORCL
2008-04-14,15.76872730255127,15.99898486234192,15.721086554105801,15.744906928328534,21577300,ORCL
2008-04-15,16.02280616760254,16.07044540439224,15.824307580817422,15.840187831221998,24994100,ORCL
2008-04-16,16.49126434326172,16.626243454227033,16.110147387979946,16.118085999427176,47112400,ORCL
2008-04-17,16.832685470581055,16.848564211000365,16.427748058611733,16.53890681366919,37481600,ORCL
2008-04-18,17.30907440185547,17.412294504565466,16.85649791231254,17.102637225283228,47169800,ORCL
2008-04-21,17.27731704711914,17.39641589542038,16.999418724800243,17.182037059823738,26095700,ORCL
2008-04-22,17.293201446533203,17.372599688167895,17.07088243245267,17.102642940646053,29861500,ORCL
2008-04-23,17.396411895751953,17.436110997917,17.221733726032596,17.301133444786366,25501200,ORCL
2008-04-24,17.475818634033203,17.69019750645103,17.102641774746974,17.404359009893927,35155700,ORCL
2008-04-25,17.1423397064209,17.451997046643243,16.872381481561973,17.436116794728203,28692400,ORCL
2008-04-28,17.078821182250977,17.30907879038731,16.975601053370617,17.134400552683047,24818500,ORCL
2008-04-29,17.27731704711914,17.372595519990522,16.935899238077983,16.999418724800243,25801300,ORCL
2008-04-30,16.55478858947754,17.134404314706888,16.51508794872064,17.062944675769067,41907200,ORCL
2008-05-01,17.324954986572266,17.348775360218877,16.642119419608456,16.681820042352808,35781100,ORCL
2008-05-02,17.078821182250977,17.52345766013181,16.904142944546713,17.515517533723767,36754700,ORCL
2008-05-05,17.110576629638672,17.213796737140818,16.943838552876056,17.070877520244892,30525500,ORCL
2008-05-06,17.07087516784668,17.285253963648778,16.872376619383346,16.99941556924598,32882300,ORCL
2008-05-07,16.665937423706055,17.070874631581386,16.60241795077014,17.015295282065424,37811800,ORCL
2008-05-08,16.75328254699707,16.89620178475234,16.673882802197014,16.792981662185014,26097900,ORCL
2008-05-09,16.673885345458984,16.75328510236986,16.43568758915076,16.546846340171346,21073100,ORCL
2008-05-12,17.078821182250977,17.174099670299025,16.737403318826235,16.777102436442213,24786200,ORCL
2008-05-13,17.20586585998535,17.245564990716158,16.920027272564305,17.110585826036747,20443900,ORCL
2008-05-14,17.293201446533203,17.57903844815174,17.150282188511746,17.253500811291474,26521200,ORCL
2008-05-15,17.36465835571289,17.396417344507473,17.102640261854976,17.166159753868282,21660300,ORCL
2008-05-16,17.21380043029785,17.444058040145805,16.999421558959767,17.388478669300586,33779900,ORCL
2008-05-19,17.809288024902344,18.06336589630078,17.36465174995508,17.499630808438447,41541600,ORCL
2008-05-20,17.59491539001465,17.81723436224375,17.507575523348912,17.65843488001952,25913800,ORCL
2008-05-21,17.475818634033203,18.03161385970901,17.420239262908048,17.658437000422783,30644300,ORCL
2008-05-22,17.714014053344727,17.84105303198378,17.5155154599182,17.52345558538615,24186400,ORCL
2008-05-23,17.45200538635254,17.706083480711555,17.380545733010955,17.698144865384624,19994200,ORCL
2008-05-27,17.991905212402344,18.06336479869391,17.48374950048317,17.507568352964707,29198000,ORCL
2008-05-28,18.095130920410156,18.22216988793364,17.976030563235938,18.095130920410156,26752100,ORCL
2008-05-29,18.095130920410156,18.261868997375743,17.848991595712455,18.134830029852264,32460500,ORCL
2008-05-30,18.13482666015625,18.214226378710872,18.007787716238322,18.111006290262765,25258000,ORCL
2008-06-02,18.007793426513672,18.079253044430327,17.745775332293995,18.079253044430327,31834700,ORCL
2008-06-03,18.19040870666504,18.71444480665301,18.023670635952456,18.055429619430324,50881500,ORCL
2008-06-04,18.19040870666504,18.380967150803947,18.031609246004003,18.031609246004003,35156400,ORCL
2008-06-05,18.404788970947266,18.42860783182199,18.031610663387145,18.14277090035723,31050400,ORCL
2008-06-06,17.833112716674805,18.309509638711845,17.833112716674805,18.261870400835363,41297500,ORCL
2008-06-09,17.904577255249023,17.999857271632262,17.666379485927656,17.97603688893033,26286600,ORCL
2008-06-10,17.8648738861084,17.99985299382485,17.563156682378516,17.714014527031395,28076900,ORCL
2008-06-11,17.523452758789062,18.087189460688133,17.5075725104147,17.91250975741785,28994300,ORCL
2008-06-12,17.356718063354492,17.674315520373394,17.25349794330827,17.57109540032717,35103700,ORCL
2008-06-13,17.96808624267578,17.991906611433045,17.42817151399023,17.539330206010256,31789500,ORCL
2008-06-16,18.214229583740234,18.261868817486278,17.72989257831298,17.85693154458506,32562000,ORCL
2008-06-17,17.888700485229492,18.277757692340877,17.864880099903413,18.277757692340877,27281700,ORCL
2008-06-18,17.81723403930664,17.999852380457682,17.642554309141236,17.74577442504335,23148400,ORCL
2008-06-19,18.023672103881836,18.261869799849396,17.68225429575072,17.729893532059428,41127200,ORCL
2008-06-20,17.547269821166992,18.007786336182978,17.39641051891692,17.976025845425678,52614700,ORCL
2008-06-23,17.531394958496094,17.79341302999767,17.33289637358811,17.714013293149673,32593700,ORCL
2008-06-24,17.65049171447754,17.817231293537414,17.3249541949677,17.420234170776748,28450200,ORCL
2008-06-25,17.904577255249023,18.142776538994873,17.61874023494828,17.79341849815565,61229800,ORCL
2008-06-26,17.00735092163086,17.642545492744965,17.00735092163086,17.213789535848772,70022700,ORCL
2008-06-27,16.904146194458008,17.237622481163015,16.650066643825134,16.983544444954696,40295600,ORCL
2008-06-30,16.673885345458984,16.951783737434848,16.673885345458984,16.737404848102805,36317800,ORCL
2008-07-01,16.92001724243164,16.94383761540434,16.395981152423165,16.507141378538567,47419800,ORCL
2008-07-02,16.53096580505371,16.99148257000362,16.51508555105645,16.888263947870183,32334200,ORCL
2008-07-03,16.45950698852539,16.824745276359636,16.427747993388405,16.705646394353156,21598100,ORCL
2008-07-07,16.745342254638672,16.935900731610303,16.364225300695413,16.49920441118667,34574700,ORCL
2008-07-08,17.134397506713867,17.15027775670694,16.65006048289303,16.745340468427486,38512800,ORCL
2008-07-09,16.76122283935547,17.158220052873702,16.7294623353504,17.05499992928142,41640900,ORCL
2008-07-10,16.904146194458008,17.00736482875843,16.618307646511372,16.80886617366761,31664300,ORCL
2008-07-11,16.64211654663086,16.872375575526096,16.4356794016937,16.729456387166795,36881300,ORCL
2008-07-14,16.237184524536133,16.82474014231074,16.086325179002763,16.753280532027777,38892700,ORCL
2008-07-15,16.07838249206543,16.237181937262733,15.86400369537619,16.07838249206543,51034800,ORCL
2008-07-16,16.229249954223633,16.316588329910093,15.951351542945158,16.054570174001704,37598100,ORCL
2008-07-17,16.56272315979004,16.70564238970726,16.173666097473212,16.2768846999556,37414500,ORCL
2008-07-18,16.816802978515625,16.87238234865036,16.395985367685967,16.58654385718687,35894400,ORCL
2008-07-21,16.745342254638672,17.007360349777684,16.6897628881583,16.83268212449306,21452900,ORCL
2008-07-22,17.1423397064209,17.166160084293455,16.792981736410965,16.800921862368483,32973700,ORCL
2008-07-23,17.07087516784668,17.14233476644738,16.78503677344388,17.102635662524207,32196800,ORCL
2008-07-24,16.63418197631836,16.98353839443147,16.55478223968392,16.824740435586605,30294300,ORCL
2008-07-25,16.63418197631836,16.658000837211883,16.388042641309198,16.650060712106036,22856500,ORCL
2008-07-28,16.451560974121094,16.753279649290143,16.42774211489779,16.459501098670163,20871700,ORCL
2008-07-29,17.015295028686523,17.126453726063158,16.546838354851182,16.562718601454606,31769100,ORCL
2008-07-30,16.92001724243164,17.03117746854704,16.65005907310317,16.999416971250106,31664400,ORCL
2008-07-31,17.094690322875977,17.3884672368864,16.657992740848766,16.72151219639885,37252500,ORCL
2008-08-01,17.07087516784668,17.22173448871746,16.88825686672211,17.134394642777995,25008100,ORCL
2008-08-04,16.87238883972168,17.142347182311216,16.785048930523644,17.06294740253344,26000600,ORCL
2008-08-05,17.634614944458008,17.64255507021024,16.920020285422826,17.007360154273215,42677200,ORCL
2008-08-06,18.15070343017578,18.190402524637314,17.491688466920035,17.531387561381568,42928500,ORCL
2008-08-07,18.063373565673828,18.277752428596383,17.833114450440515,17.96809356623351,38857800,ORCL
2008-08-08,18.674747467041016,18.75414720489002,17.976031591278616,18.063371454354925,47770000,ORCL
2008-08-11,18.325387954711914,18.674745862577605,18.19834899083783,18.587406007005207,33999200,ORCL
2008-08-12,18.182477951049805,18.269817850859273,18.00779966585554,18.245997465159054,29979400,ORCL
2008-08-13,18.269813537597656,18.38097228243956,17.920455535263265,18.09513529364262,26117000,ORCL
2008-08-14,18.412738800048828,18.57947697174338,18.063380683666445,18.087201071519154,32146100,ORCL
2008-08-15,18.309507369995117,18.619166163882852,18.19834865724889,18.523886185511884,26526700,ORCL
2008-08-18,18.079248428344727,18.444485036065423,17.904568733848947,18.301565836722972,23069400,ORCL
2008-08-19,17.912513732910156,18.079253348999348,17.82517537631503,18.007793729878863,22491600,ORCL
2008-08-20,17.991905212402344,18.222164215880394,17.86486628442255,18.00778545700569,21921000,ORCL
2008-08-21,17.706073760986328,17.82517412745892,17.594915034330917,17.777533375100255,22441800,ORCL
2008-08-22,18.023672103881836,18.118950576499252,17.77753276836814,17.880752880531695,18335600,ORCL
2008-08-25,17.634614944458008,18.03161214552468,17.618736207377687,17.896634551009182,20109600,ORCL
2008-08-26,17.58696937561035,17.769587658923133,17.475810683928415,17.594909498505288,16293400,ORCL
2008-08-27,17.737836837768555,17.920455205050743,17.57109720915382,17.626678094974924,21416200,ORCL
2008-08-28,17.976030349731445,18.047489957417657,17.68225330873162,17.69813355808943,18706100,ORCL
2008-08-29,17.412294387817383,17.809291518357956,17.229676071230447,17.78547114533293,35278800,ORCL
2008-09-02,17.110576629638672,17.761653230433897,17.070877520244892,17.706072357089074,43670400,ORCL
2008-09-03,16.824739456176758,17.126456620515103,16.68182024143925,17.086757511720876,40639000,ORCL
2008-09-04,15.824305534362793,16.58653928211937,15.81636541018735,16.546840175665988,80189500,ORCL
2008-09-05,15.935466766357422,16.133965358891867,15.641689697483926,15.657568433924384,47196900,ORCL
2008-09-08,15.292329788208008,16.395981336458576,15.038251864676127,16.17366391058012,93829900,ORCL
2008-09-09,15.22087287902832,15.76078931938245,15.101774020579416,15.403491229611586,62465800,ORCL
2008-09-10,15.212930679321289,15.40348912974668,15.10971208658318,15.363790020483702,52165600,ORCL
2008-09-11,15.363792419433594,15.403491534895313,14.998554196604212,15.109714445860552,49981500,ORCL
2008-09-12,15.570229530334473,15.617868766812988,15.117652997728511,15.26057070716406,39169200,ORCL
2008-09-15,15.09383487701416,15.474951854622091,15.022375254409642,15.12559386793603,41749400,ORCL
2008-09-16,15.05413818359375,15.125597824892584,14.609501593397955,14.76830113282306,61197300,ORCL
2008-09-17,14.371302604675293,14.942978173144846,14.347482221413202,14.839759541191484,50033700,ORCL
2008-09-18,14.887395858764648,15.046195353694493,14.164861034239875,14.585678635707009,76944900,ORCL
2008-09-19,15.935466766357422,16.673881772893413,11.909915552066723,16.665941647461146,76248200,ORCL
2008-09-22,15.681392669677734,16.483327362617505,15.56229378772963,15.864011056293128,39592900,ORCL
2008-09-23,15.633755683898926,16.31659007935575,15.594055041217056,15.736974326022453,42062600,ORCL
2008-09-24,15.840188980102539,16.27688529693354,15.697269744943553,15.80048835121163,32234300,ORCL
2008-09-25,16.25306510925293,16.530963457035465,16.046626379883737,16.149846501780413,40432400,ORCL
2008-09-26,16.37215805053711,16.554776319391863,15.864000826457467,15.871940948723777,39221800,ORCL
2008-09-29,14.903277397155762,16.300707924081212,14.291901257671311,16.14984854232253,59105400,ORCL
2008-09-30,16.126022338867188,16.20542206451367,15.16529005037377,15.173230174380798,51036400,ORCL
2008-10-01,15.76872730255127,16.030745361305566,15.52258797885485,16.030745361305566,35077900,ORCL
2008-10-02,15.474950790405273,15.871947993384651,15.371732183977258,15.752849135375667,43966500,ORCL
2008-10-03,15.467008590698242,16.308643638548038,15.467008590698242,15.61786793164097,53659800,ORCL
2008-10-06,14.53009033203125,15.324084372348224,13.696397195467807,14.998546936972142,79751400,ORCL
2008-10-07,13.323223114013672,14.688892581834972,13.323223114013672,14.5221545280997,64087300,ORCL
2008-10-08,13.40262508392334,13.998120896287231,12.71185078965876,12.95004850883465,75915900,ORCL
2008-10-09,12.870647430419922,13.942540084471512,12.703909347161945,13.6725818896904,58118900,ORCL
2008-10-10,13.243824005126953,13.521722288646409,12.132231628261033,12.46570926559962,96946200,ORCL
2008-10-13,14.974736213684082,14.982676340128181,13.52966651819216,13.910783500963252,54677400,ORCL
2008-10-14,14.045763969421387,15.435254427557027,13.791685956527349,15.355854669921536,59134200,ORCL
2008-10-15,12.66420841217041,14.077517995964909,12.656268287766432,13.815499948329185,55101100,ORCL
2008-10-16,13.489964485168457,13.489964485168457,12.156054426771249,12.830949202983417,70756900,ORCL
2008-10-17,13.513792037963867,14.283966458944036,12.87065515108283,13.029454718950353,52293900,ORCL
2008-10-20,14.418947219848633,14.418947219848633,13.577313052397413,13.783751907512823,42566000,ORCL
2008-10-21,14.045763969421387,14.617439498432976,13.966364211785896,14.212502097473946,46932000,ORCL
2008-10-22,13.63288688659668,13.894905035255956,13.188250349507339,13.696406391895156,46864400,ORCL
2008-10-23,13.458207130432129,13.871083111789691,12.711851890276355,13.482025995757505,62156400,ORCL
2008-10-24,12.862711906433105,13.267647781353135,12.291034879394248,12.473654013833015,54151300,ORCL
2008-10-27,12.521289825439453,13.31528408428395,12.156052436082506,12.695968017192651,62876600,ORCL
2008-10-28,13.990174293518066,14.03781350725652,12.362485760817423,13.021500689488652,47608000,ORCL
2008-10-29,13.728168487548828,14.585682665345178,13.315290898203456,13.78374787180212,58715900,ORCL
2008-10-30,14.545974731445312,14.776233795835392,14.125158739099676,14.395115396652637,71484400,ORCL
2008-10-31,14.522156715393066,14.784174778172858,14.141038294093761,14.180738918408256,55114800,ORCL
2008-11-03,14.553913116455078,14.617432589656776,14.323655594007814,14.379234943756337,28389100,ORCL
2008-11-04,15.006492614746094,15.085892351057513,14.545975961448667,14.688895183924421,38671300,ORCL
2008-11-05,14.148979187011719,14.895334305975277,14.06163932320269,14.807994442166251,37384600,ORCL
2008-11-06,13.378807067871094,13.958422665147548,13.220007568748438,13.839323798017686,54420800,ORCL
2008-11-07,13.918718338012695,14.021936913712283,13.474080512660192,13.561420355930093,35136500,ORCL
2008-11-10,13.942538261413574,14.164857191112217,13.783740323992093,14.156917067077572,24816800,ORCL
2008-11-11,13.728168487548828,13.910786897073828,13.331171154968578,13.799626614142603,35681000,ORCL
2008-11-12,13.0770845413208,13.529662528634907,13.021505187025337,13.354982827221939,44447600,ORCL
2008-11-13,14.069581985473633,14.093402365650586,12.410134117632708,12.965930115821568,62134400,ORCL
2008-11-14,13.418505668640137,14.125161746653164,13.227947185686663,13.70434415028245,51944100,ORCL
2008-11-17,13.02944564819336,13.489962257099734,12.942105795227437,13.18824510550888,41318500,ORCL
2008-11-18,13.513792037963867,13.521732167799735,12.640397443542334,13.11679463271998,55664200,ORCL
2008-11-19,12.703908920288086,13.73610091429191,12.6800893030819,13.4185034941695,65869100,ORCL
2008-11-20,12.227514266967773,13.307347207102982,12.163994771337716,12.719791493918892,67199300,ORCL
2008-11-21,13.00562858581543,13.092968461013475,11.989316646453085,12.259274126740147,73239000,ORCL
2008-11-24,13.212064743041992,13.489963052518139,12.95798680789487,13.156485384031553,75407900,ORCL
2008-11-25,12.688029289245605,13.378805036809663,12.481591334707717,13.37086491161651,73396600,ORCL
2008-11-26,12.815067291259766,12.902407147334298,12.418070905476823,12.426010272855633,52962900,ORCL
2008-11-28,12.77536678314209,12.823006011043732,12.505408634326539,12.78330690686299,19899100,ORCL
2008-12-01,12.283090591430664,12.735667804218679,12.21163099166351,12.473649019335152,51362300,ORCL
2008-12-02,12.5371675491333,12.719786596668566,12.11635086329995,12.394248360384989,41701000,ORCL
2008-12-03,12.807125091552734,12.823005338161222,12.402188646790172,12.640387045434633,72210200,ORCL
2008-12-04,12.25927448272705,12.695971599761787,12.068715988563142,12.560992477092649,48105900,ORCL
2008-12-05,12.957985877990723,13.021505357219153,12.044892796173082,12.092532026988444,57184100,ORCL
2008-12-08,13.5296630859375,13.751980512276866,12.98180661567113,13.10884557770045,49736700,ORCL
2008-12-09,13.450263977050781,14.029879457372905,13.18030579166876,13.291464509970549,44413400,ORCL
2008-12-10,13.8075590133667,13.966358463276322,13.410561903016431,13.609060458191566,36795000,ORCL
2008-12-11,13.069146156311035,13.728162914719745,13.021506919779041,13.728162914719745,36833500,ORCL
2008-12-12,13.370862007141113,13.450261727401074,12.759486129890224,12.791246623763689,33021700,ORCL
2008-12-15,13.061203956604004,13.212061749906457,12.80712456459352,13.0215033417163,37179300,ORCL
2008-12-16,13.71228313446045,13.815501736222126,13.10884723148121,13.188246971372388,57317700,ORCL
2008-12-17,13.29146671295166,13.529665953052108,13.243827470701254,13.47408507026506,38961500,ORCL
2008-12-18,13.188247680664062,13.474084639451505,12.973868825755362,13.362925906279953,45269900,ORCL
2008-12-19,14.11722183227539,14.41893905620384,13.188248267430327,13.84726359877004,90125800,ORCL
2008-12-22,13.910778045654297,14.125156832300455,13.632879786789687,14.125156832300455,32738500,ORCL
2008-12-23,13.736103057861328,14.101341283816838,13.561424828140812,13.91872292805118,26611800,ORCL
2008-12-24,13.751982688903809,13.855202808404963,13.640823958140219,13.775803065963489,8337100,ORCL
2008-12-26,13.839316368103027,13.863135220086814,13.704337320642258,13.815496001695793,9496000,ORCL
2008-12-29,13.672581672668457,13.815500892863344,13.513783717003903,13.751981407712725,21226900,ORCL
2008-12-30,14.1569185256958,14.180738900254003,13.696401885204997,13.775801619308371,24498300,ORCL
2008-12-31,14.077521324157715,14.28396006419551,14.037822207176086,14.141040819982864,23404500,ORCL
2009-01-02,14.617436408996582,14.673015773267245,13.990181636539539,14.00606037317109,27833600,ORCL
2009-01-05,14.363360404968262,14.490399401858005,14.180742036242295,14.442760156630428,28309400,ORCL
2009-01-06,14.601555824279785,14.847695166745456,14.315718883930323,14.426877609931555,29856600,ORCL
2009-01-07,14.013999938964844,14.490396850637742,13.879020839231258,14.339537500482784,38635700,ORCL
2009-01-08,13.990174293518066,14.029873385896227,13.744035074618917,13.894894351617864,35148700,ORCL
2009-01-09,13.783747673034668,14.06164459029374,13.696407776510608,14.06164459029374,32028400,ORCL
2009-01-12,13.53760051727295,13.871078142171179,13.37086246203571,13.823438914163933,34575200,ORCL
2009-01-13,13.609060287475586,13.75197948771667,13.426441982466988,13.49790158258753,32780400,ORCL
2009-01-14,12.989748001098633,13.434384411364944,12.846828776335595,13.394685299785891,39968400,ORCL
2009-01-15,13.124730110168457,13.243828986639077,12.600693084946034,12.965930598591376,45102600,ORCL
2009-01-16,13.426443099975586,13.545541938614722,13.029445961562532,13.291464012338192,38250300,ORCL
2009-01-20,12.783309936523438,13.482024330897449,12.743609308509846,13.418504840499812,34055200,ORCL
2009-01-21,13.410562515258789,13.434382888159858,12.902406675426844,13.021505511084474,56144800,ORCL
2009-01-22,13.220009803771973,13.442328837244915,13.029451281262816,13.045331536744708,36650800,ORCL
2009-01-23,13.323223114013672,13.513781538749871,13.013564348696576,13.04532484336448,34362500,ORCL
2009-01-26,13.466141700744629,13.78374061104946,13.323224008416066,13.354982990792244,27890000,ORCL
2009-01-27,13.720227241516113,13.83932612870346,13.482027952716901,13.513788463659935,27379200,ORCL
2009-01-28,14.1648588180542,14.29983791329893,13.847261392308944,14.061638708172001,32607600,ORCL
2009-01-29,13.966361045837402,14.188680013935773,13.70434296513264,14.02988053466207,27538600,ORCL
2009-01-30,13.36292552947998,14.101340554839114,13.331166541365413,13.990181824801951,33537000,ORCL
2009-02-02,13.418505668640137,13.5773051616468,13.108848323143768,13.180307943554345,25466300,ORCL
2009-02-03,13.53760051727295,13.54554064101145,13.100904312621726,13.37880258577421,31190700,ORCL
2009-02-04,13.664641380310059,13.998119051871218,13.537602411565231,13.61700214563674,26574100,ORCL
2009-02-05,13.990174293518066,14.053693749977102,13.291458758045378,13.386738699945582,35402800,ORCL
2009-02-06,14.268074035644531,14.347473751889506,13.879017091910137,14.045756647466948,29569000,ORCL
2009-02-09,14.331595420837402,14.363355917348889,14.148977109167841,14.252197208406344,23314600,ORCL
2009-02-10,13.958425521850586,14.363362964505201,13.688467226747509,14.14898405114254,44734500,ORCL
2009-02-11,14.133102416992188,14.299842060379405,13.95048403353072,14.014003537100988,28637900,ORCL
2009-02-12,13.934602737426758,13.982243497361651,13.450267126816494,13.934602737426758,42572500,ORCL
2009-02-13,14.069581985473633,14.260140483616299,13.83932436812703,13.90284386750792,27489800,ORCL
2009-02-17,13.466141700744629,13.767860362649449,13.34704286659224,13.61700103169704,41029500,ORCL
2009-02-18,13.688460350036621,13.90283915570119,13.497901916476051,13.553481270294908,41327900,ORCL
2009-02-19,13.36292552947998,13.791683227207523,13.339105152575968,13.76786285030351,32818200,ORCL
2009-02-20,13.148550987243652,13.299410394866099,12.973872709339764,13.21207049870185,46460000,ORCL
2009-02-23,12.592757225036621,13.243833474371042,12.560997463401707,13.116794427831383,32342400,ORCL
2009-02-24,13.053266525268555,13.100905758533615,12.505410042236633,12.521290291466293,37697900,ORCL
2009-02-25,12.8944673538208,13.156485414348033,12.711849026815994,13.005626072097822,33469700,ORCL
2009-02-26,12.5292329788208,12.99769061147054,12.5292329788208,12.99769061147054,36230900,ORCL
2009-02-27,12.338669776916504,12.568928063493502,12.235450440559662,12.306910039361465,52301300,ORCL
2009-03-02,12.068713188171387,12.457770212783327,12.02107395429056,12.076653312888848,47340600,ORCL
2009-03-03,11.917852401733398,12.267209495395711,11.886092665945915,12.2275096363584,39128500,ORCL
2009-03-04,11.878157615661621,12.291034357231759,11.790818494247901,12.22751485852866,71256500,ORCL
2009-03-05,11.536739349365234,12.1322351973376,11.52879998020682,11.862276958436187,67101400,ORCL
2009-03-06,11.48909854888916,11.798755863263043,11.227080471859555,11.592317906084464,52932400,ORCL
2009-03-09,10.996825218200684,11.671720155788028,10.957125337822077,11.362062754701826,60034700,ORCL
2009-03-10,11.981375694274902,12.060774680458731,11.11592167155027,11.25090078099606,58945900,ORCL
2009-03-11,12.179869651794434,12.275148853215647,11.69553276472187,12.132229672477935,46562000,ORCL
2009-03-12,12.410137176513672,12.449837062715092,11.973439942722738,12.187818873883002,27419900,ORCL
2009-03-13,12.3545503616333,12.46570906750512,12.132231435465878,12.426009205174374,30867300,ORCL
2009-03-16,11.830513000488281,12.545108218106384,11.774933650095665,12.338669549202585,39883700,ORCL
2009-03-17,12.227514266967773,12.386313763255034,11.6320184275269,11.854337419444217,52106400,ORCL
2009-03-18,12.568934440612793,12.775373218067633,11.965498363688912,12.029017871026978,58521300,ORCL
2009-03-19,13.791683197021484,14.363358611649524,13.775802945786898,13.942541040477701,112624400,ORCL
2009-03-20,13.577299118041992,14.061634478716213,13.497899406881514,13.894896448260381,75071700,ORCL
2009-03-23,14.490398406982422,14.490398406982422,13.704344099786606,13.767863593870384,46048300,ORCL
2009-03-24,14.220441818237305,14.466579696890346,14.053703694950386,14.212501691258256,32228100,ORCL
2009-03-25,14.363360404968262,14.561859026911524,14.053703039352552,14.315721159740685,34714200,ORCL
2009-03-26,14.831814765930176,14.831814765930176,14.43481758917369,14.490396951611752,34216000,ORCL
2009-03-27,14.299837112426758,14.6491950183925,14.23631763083516,14.6491950183925,34232800,ORCL
2009-03-30,14.021934509277344,14.053694997537923,13.696397076723587,14.021934509277344,33143900,ORCL
2009-03-31,14.347476959228516,14.601554896471962,14.148978381454079,14.2363182402905,34583400,ORCL
2009-04-01,14.752427101135254,14.831826904352454,14.077531045426976,14.180751243936923,37135900,ORCL
2009-04-02,14.942973136901855,15.324090054100065,14.80799403942449,15.030312998335448,46061500,ORCL
2009-04-03,15.316147804260254,15.44318674647463,14.982670202341602,14.990608811109308,40966900,ORCL
2009-04-06,15.212661743164062,15.212661743164064,14.878317478972784,15.12509491828843,29302100,ORCL
2009-04-07,14.75890827178955,15.013646454620808,14.615617664357133,14.95792266692139,29049200,ORCL
2009-04-08,14.782793045043945,14.934044451591056,14.591739355996951,14.878320648747318,25522400,ORCL
2009-04-09,15.212661743164062,15.284307051087868,14.957923545372504,14.989765060916735,25806100,ORCL
2009-04-13,15.172863006591797,15.308192909057281,15.013652339100593,15.021613100229144,21743200,ORCL
2009-04-14,15.021613121032715,15.133060740266894,14.814637886483569,14.9420070279969,30604400,ORCL
2009-04-15,14.798715591430664,14.918123965569036,14.41660818684393,14.87832168030953,28350500,ORCL
2009-04-16,15.268389701843262,15.355956550621416,14.790754691427633,14.973847631273008,30286800,ORCL
2009-04-17,15.172863006591797,15.483326617165517,14.910163962789376,15.316153670185832,32850100,ORCL
2009-04-20,14.98180866241455,15.188783887943535,14.114105474695293,14.137987757073207,84059500,ORCL
2009-04-21,15.547003746032715,15.80174190677243,14.838511528321273,14.949960612414303,66973800,ORCL
2009-04-22,15.403718948364258,15.722141769130387,15.19674373527633,15.539048836984835,40035100,ORCL
2009-04-23,15.666421890258789,15.690302658824328,15.236549835757224,15.443525100699441,36144600,ORCL
2009-04-24,15.753973960876465,16.064435807518347,15.642524911591668,15.722130941549741,42970200,ORCL
2009-04-27,15.73806095123291,16.14405055676846,15.539046528030752,15.59477032358983,29389700,ORCL
2009-04-28,15.714187622070312,15.865439094972727,15.531094612870788,15.57885767649666,25051800,ORCL
2009-04-29,15.602733612060547,15.76194426541598,15.451482200767057,15.483325242454024,28310800,ORCL
2009-04-30,15.39575481414795,15.873389699805749,15.156938130498771,15.722138323702898,49416900,ORCL
2009-05-01,15.39575481414795,15.475360881484155,15.220622680695849,15.403715572717514,20402200,ORCL
2009-05-04,15.101214408874512,15.47536250920017,15.093253649467625,15.443519471572625,38586500,ORCL
2009-05-05,15.133056640625,15.276347265599133,14.862396908642644,15.260425747633224,29366500,ORCL
2009-05-06,15.172863006591797,15.276351382903014,14.87832243663511,15.244508338388814,27110300,ORCL
2009-05-07,14.663383483886719,15.244505263829007,14.48029056993662,15.117136148180276,54151100,ORCL
2009-05-08,14.583781242370605,14.9499686849332,14.424570565119065,14.806678012554794,41125900,ORCL
2009-05-11,14.774836540222168,14.98977257168939,14.360887520577378,14.448452870969064,32102300,ORCL
2009-05-12,14.63154125213623,14.862398735946835,14.39272452672362,14.83851645606169,33700100,ORCL
2009-05-13,14.384764671325684,14.599700648728778,14.305158585062339,14.4484492366644,29146000,ORCL
2009-05-14,14.695225715637207,14.790753316182105,14.408645950721914,14.520093552724544,26242700,ORCL
2009-05-15,14.663383483886719,14.91812171518418,14.607659685585352,14.798713359058448,22884500,ORCL
2009-05-18,15.061416625976562,15.077338149542852,14.703189937535342,14.878323660044408,22953400,ORCL
2009-05-19,15.101214408874512,15.292268079560984,14.94200377581559,14.957925294629362,23414200,ORCL
2009-05-20,15.077337265014648,15.443523175396265,15.02957269711794,15.188784886720363,29082600,ORCL
2009-05-21,14.782793045043945,14.989768254434795,14.607660876340805,14.934044451591056,26281200,ORCL
2009-05-22,14.846473693847656,15.196739457267556,14.679302329390488,14.790749905695266,24378600,ORCL
2009-05-26,15.180822372436523,15.284310739236027,14.551937484681805,14.695226616746067,28315900,ORCL
2009-05-27,15.117130279541016,15.483317483642864,15.0534457464397,15.109169523108472,27633200,ORCL
2009-05-28,15.292275428771973,15.419646122134775,14.989774017731193,15.133064719199053,25588900,ORCL
2009-05-29,15.594772338867188,15.602733099027173,15.252467243786631,15.347994847346687,42625200,ORCL
2009-06-01,15.857470512390137,15.93707659142179,15.602732274176589,15.72214063354423,31616300,ORCL
2009-06-02,16.199771881103516,16.27141718399579,15.738058550441801,15.738058550441801,31008500,ORCL
2009-06-03,16.191818237304688,16.327148144631618,15.992803757021553,16.112212141519436,27013500,ORCL
2009-06-04,16.406753540039062,16.45451658812729,16.12813297586454,16.19181754610215,30251800,ORCL
2009-06-05,16.48635482788086,16.637606221431586,16.32714419320186,16.57392166388806,26652000,ORCL
2009-06-08,16.613727569580078,16.772938224462628,16.343067786083953,16.398791591210834,34885600,ORCL
2009-06-09,16.709251403808594,16.87642431498791,16.581882289747973,16.677409884473242,23790000,ORCL
2009-06-10,16.510242462158203,16.868469163521663,16.263464911418996,16.764980774967725,33270900,ORCL
2009-06-11,16.669450759887695,16.876425970124973,16.44655402924145,16.44655402924145,26073600,ORCL
2009-06-12,16.597808837890625,16.717217228709394,15.499247998293798,16.597808837890625,23154700,ORCL
2009-06-15,16.096294403076172,16.438599632579848,15.92116216586142,16.430638869293674,40579100,ORCL
2009-06-16,15.674378395080566,16.13609185504527,15.66641763493431,16.0644465320887,41410900,ORCL
2009-06-17,15.873390197753906,16.056483095519194,15.682336541169324,15.69825654044842,33324200,ORCL
2009-06-18,16.120168685913086,16.28734007680625,15.905232739027943,16.056484129616702,34591500,ORCL
2009-06-19,16.44654655456543,16.653521670736033,16.21569068699453,16.25549295156773,51092900,ORCL
2009-06-22,15.897269248962402,16.518194704963147,15.865427735463541,16.255495765570394,38852500,ORCL
2009-06-23,15.817667961120605,16.088326195816773,15.706218845041388,16.088326195816773,39341200,ORCL
2009-06-24,16.924192428588867,17.314260647172535,16.5420849718163,16.605769547945062,99417800,ORCL
2009-06-25,17.21872901916504,17.282413580482405,16.820700131341567,16.91622773249747,49521000,ORCL
2009-06-26,16.908262252807617,17.147080429854412,16.836616951529507,17.147080429854412,37033500,ORCL
2009-06-29,17.115243911743164,17.28241533276606,16.89234716535277,16.987874776194328,28022200,ORCL
2009-06-30,17.051555633544922,17.314254608245996,16.940108043780686,17.11524018746156,32109600,ORCL
2009-07-01,17.306289672851562,17.51326480272321,17.210763624208752,17.218722862963013,28169700,ORCL
2009-07-02,16.749055862426758,16.98787258113252,16.605765223859432,16.979911821394374,27417800,ORCL
2009-07-06,16.454517364501953,16.749059464723263,16.319187456566755,16.653531845679595,37209100,ORCL
2009-07-07,16.064449310302734,16.542084373162997,16.01668625952471,16.454517514769943,35542700,ORCL
2009-07-08,16.374910354614258,16.550044060028256,15.75398617973891,16.08832903183492,55776800,ORCL
2009-07-09,16.1758975982666,16.534124289692418,16.06444996909416,16.35103132223481,31907000,ORCL
2009-07-10,16.311222076416016,16.422669668442698,16.072405373970394,16.080366133166525,22410400,ORCL
2009-07-13,16.534666061401367,16.54264629550264,16.055864191917305,16.37506594559802,26523000,ORCL
2009-07-14,16.46284294128418,16.53466351506122,16.183542401122132,16.470823174156493,22065800,ORCL
2009-07-15,17.165096282958984,17.181056756206946,16.574572471455,16.614472132500396,32308800,ORCL
2009-07-16,17.268823623657227,17.37256510145241,17.029422789177143,17.212963530416765,24399500,ORCL
2009-07-17,17.348628997802734,17.348628997802734,17.077307168522868,17.308729355527255,21094800,ORCL
2009-07-20,17.165096282958984,17.420457766628328,17.029435304500332,17.3167177346656,28079300,ORCL
2009-07-21,17.50025749206543,17.55611762278785,17.10125481882025,17.532176914446353,36397100,ORCL
2009-07-22,17.356609344482422,17.54015013547119,17.260848071490045,17.42842991870825,26150500,ORCL
2009-07-23,17.71571922302246,17.87531937837415,17.228935476739842,17.27681537113791,33195600,ORCL
2009-07-24,17.819454193115234,17.939154656192592,17.484291983254252,17.508232684699312,24623700,ORCL
2009-07-27,17.54015350341797,17.80349515211991,17.356612677186877,17.78753620528501,23778600,ORCL
2009-07-28,17.747629165649414,17.811469498105673,17.332666243646937,17.44438796700058,26375300,ORCL
2009-07-29,17.5640869140625,17.77954858865053,17.42044579767048,17.65984664360821,21026500,ORCL
2009-07-30,17.667827606201172,17.931169156464453,17.484286848578723,17.747628398842004,28861800,ORCL
2009-07-31,17.659849166870117,17.89127133680615,17.611969295256127,17.68378986371395,24391100,ORCL
2009-08-03,17.79551124572754,17.859351586116542,17.556110349787225,17.811471711343234,24046200,ORCL
2009-08-04,17.46833038330078,17.779553393616727,17.300750050270082,17.747632460425812,28735000,ORCL
2009-08-05,17.109224319458008,17.436406184457233,16.901742876909374,17.42044572224423,36001800,ORCL
2009-08-06,16.92569351196289,17.508238600708747,16.829933717973493,17.093275434556062,28036000,ORCL
2009-08-07,17.101240158081055,17.428421947886147,17.053360304519433,17.101240158081055,25561400,ORCL
2009-08-10,16.95760726928711,17.085287955195835,16.782046706681072,16.92568633677301,19521600,ORCL
2009-08-11,16.981548309326172,17.08528829793037,16.78204704333252,16.821946687701704,25855600,ORCL
2009-08-12,17.46035385131836,17.635915976937014,16.957611223579015,16.997510876451877,34000100,ORCL
2009-08-13,17.54813003540039,17.580050966483384,17.372569480665234,17.50823039362042,25740300,ORCL
2009-08-14,17.524194717407227,17.619956017983295,17.28479374907841,17.468334592935452,24254700,ORCL
2009-08-17,17.07730484008789,17.356606864155687,17.053365666816145,17.276806068411517,19838400,ORCL
2009-08-18,17.220945358276367,17.524186544879147,17.00548367401797,17.117205392933542,16120100,ORCL
2009-08-19,17.380552291870117,17.4284321735239,16.917709377019577,17.01346914032714,22257400,ORCL
2009-08-20,17.508235931396484,17.596015475491452,17.244894254963086,17.33267379905805,21178600,ORCL
2009-08-21,17.643892288208008,17.66783146577836,17.348629747558224,17.66783146577836,29644200,ORCL
2009-08-24,17.811471939086914,17.947132854407375,17.588031505905306,17.659850557946683,22218700,ORCL
2009-08-25,17.739656448364258,17.99501788636058,17.715717264848497,17.947137997254828,30600400,ORCL
2009-08-26,17.71571922302246,17.763599117420526,17.55611754559637,17.691778514786225,18779300,ORCL
2009-08-27,17.68379020690918,17.72368984701624,17.380548984703896,17.68379020690918,20012300,ORCL
2009-08-28,17.68379020690918,18.042893056167532,17.635910334365967,17.79551041686791,23965200,ORCL
2009-08-31,17.46035385131836,17.70773656976752,17.34065337062558,17.556115149117097,26421900,ORCL
2009-09-01,17.508235931396484,17.80349702693508,17.292774144657997,17.372574975532356,34860200,ORCL
2009-09-02,17.37256622314453,17.580047670057944,17.3007456637486,17.420446088717323,21034500,ORCL
2009-09-03,17.20499038696289,17.236911323148664,16.933668517679862,17.212970621009337,28597100,ORCL
2009-09-04,17.53217315673828,17.635914681908552,17.18903220983606,17.212971390972214,17831800,ORCL
2009-09-08,17.46035385131836,17.651876446915836,17.372574310583225,17.651876446915836,24532500,ORCL
2009-09-09,17.97107696533203,18.01895684980857,17.46035261664395,17.532173204395804,31035100,ORCL
2009-09-10,18.162599563598633,18.19451898192839,17.9231970767915,18.010978140828204,23557100,ORCL
2009-09-11,18.242387771606445,18.31420831575239,18.09076645373466,18.210466853286846,22601200,ORCL
2009-09-14,18.130674362182617,18.29825621577049,18.03491460762428,18.17855576153564,24067800,ORCL
2009-09-15,18.082799911499023,18.258360528923774,18.03492001985124,18.138660038767156,24791100,ORCL
2009-09-16,17.659849166870117,18.042892706003077,17.5401487267983,18.034912473721796,86377100,ORCL
2009-09-17,17.173076629638672,17.364597743618067,17.013474940285253,17.093275784961964,92155400,ORCL
2009-09-18,17.252872467041016,17.452373759794582,17.21297129524586,17.332671766483184,70094400,ORCL
2009-09-21,17.21297264099121,17.412473949342196,17.157112518184807,17.20499240600827,25487400,ORCL
2009-09-22,17.085285186767578,17.32468605353646,17.03740531782852,17.228926315658345,34159300,ORCL
2009-09-23,16.861846923828125,17.13316877686729,16.79800657735267,17.13316877686729,40677800,ORCL
2009-09-24,16.89377212524414,17.037413321614245,16.805991055890342,16.885791889659767,28392800,ORCL
2009-09-25,16.646381378173828,16.917703144377743,16.622440685129916,16.83790235630481,35144400,ORCL
2009-09-28,16.89377212524414,17.029433086029872,16.622450203672678,16.65437114601017,28379500,ORCL
2009-09-29,16.853872299194336,17.061352333995533,16.83791182818677,16.853872299194336,23280900,ORCL
2009-09-30,16.63042640686035,16.917708729942916,16.47880501166967,16.893768028994725,44303900,ORCL
2009-10-01,16.247379302978516,16.558600708754245,16.039897858436877,16.542640246387933,45924800,ORCL
2009-10-02,16.231422424316406,16.470823324374063,16.151621616939256,16.15960184988435,41680500,ORCL
2009-10-05,16.271320343017578,16.502742507684705,16.08777957094798,16.32718044564105,34471700,ORCL
2009-10-06,16.391027450561523,16.438907336123613,16.199504864164936,16.33516580831928,37202700,ORCL
2009-10-07,16.414955139160156,16.71819775357371,16.33515437104748,16.375055516140343,41754000,ORCL
2009-10-08,16.59850311279297,16.805984591962094,16.430922796198896,16.47880266921524,46644500,ORCL
2009-10-09,16.590511322021484,16.82249124128614,16.52651712459365,16.590511322021484,39813300,ORCL
2009-10-12,16.57451057434082,16.734496813243815,16.478520051592504,16.582510038860157,32400900,ORCL
2009-10-13,16.72649383544922,16.78248854958144,16.51851237885702,16.598505481506564,27852300,ORCL
2009-10-14,16.95047378540039,17.198451024121976,16.894479072696306,16.934474860130226,41225400,ORCL
2009-10-15,17.054458618164062,17.054458618164062,16.790482533576757,16.838477769208716,30361300,ORCL
2009-10-16,17.446426391601562,17.62241149921485,16.942472505575626,16.9584714291298,65051600,ORCL
2009-10-19,17.934385299682617,17.990380013936214,17.494425522768744,17.614414414132387,51697400,ORCL
2009-10-20,17.750404357910156,17.87039326364984,17.518424484503942,17.782400687427938,35900300,ORCL
2009-10-21,17.622413635253906,17.9183861281748,17.59841524701376,17.6784083487394,31267500,ORCL
2009-10-22,17.750404357910156,17.806399078872563,17.462429763541536,17.558421803578316,27044900,ORCL
2009-10-23,17.638404846191406,17.97437453496367,17.55841329827404,17.806390453448024,31577900,ORCL
2009-10-26,17.59041976928711,17.902391258376987,17.478430316945484,17.702409221628734,28175900,ORCL
2009-10-27,17.494428634643555,17.782401719992084,17.438432384687918,17.494428634643555,28669700,ORCL
2009-10-28,17.038467407226562,17.198453632711264,16.694499616195383,17.03046946911988,30525600,ORCL
2009-10-29,17.158464431762695,17.174461839864243,16.958482335941415,17.13446603099691,32212000,ORCL
2009-10-30,16.878490447998047,17.28645413690957,16.83849311041314,17.054474156144373,37101800,ORCL
2009-11-02,16.870481491088867,16.97447145883199,16.63850164080885,16.846483102036657,27906900,ORCL
2009-11-03,16.710500717163086,16.846488581204643,16.51851811952948,16.79849331323176,20646000,ORCL
2009-11-04,16.718496322631836,16.958475658571313,16.518514305553126,16.654502138196317,32398300,ORCL
2009-11-05,17.054458618164062,17.214444771258623,16.8864745305817,16.942469226442487,22058800,ORCL
2009-11-06,17.13446044921875,17.26244882679107,16.886483158390106,16.934478418544273,22995100,ORCL
2009-11-09,17.46242332458496,17.494421168045825,17.198447218997437,17.286439762773664,22678100,ORCL
2009-11-10,17.43843650817871,17.50243071180398,17.27845176198662,17.31044810092817,22687100,ORCL
2009-11-11,17.5184268951416,17.638415817392463,17.39843797289074,17.462432166473995,19488200,ORCL
2009-11-12,17.63041877746582,17.702410913894788,17.55042564997119,17.60642038149483,24305100,ORCL
2009-11-13,17.870393753051758,17.886392681119656,17.55842228443652,17.6384138732925,24660700,ORCL
2009-11-16,18.262351989746094,18.310347231528763,17.838389697732378,17.886386465256273,33383000,ORCL
2009-11-17,18.23834800720215,18.23834800720215,18.07836340845802,18.166354403758024,26126600,ORCL
2009-11-18,18.23834800720215,18.25434692479879,18.030368181408857,18.126358635507184,14827600,ORCL
2009-11-19,17.910381317138672,18.166357945629315,17.78239300289335,18.150360550654444,17651800,ORCL
2009-11-20,17.870393753051758,17.910389547479745,17.742405379992082,17.81439903055587,24493900,ORCL
2009-11-23,18.078367233276367,18.17435770768328,17.958378377397185,18.062368312294854,22713600,ORCL
2009-11-24,17.710403442382812,18.158364170598073,17.670407657172102,18.158364170598073,24232600,ORCL
2009-11-25,18.078367233276367,18.17435770768328,17.75839644235152,17.870385837739946,24123500,ORCL
2009-11-27,17.67041015625,17.83839430878221,17.598416512095735,17.726404873760735,12569100,ORCL
2009-11-30,17.662410736083984,17.718405453731535,17.438430339752152,17.606416018436434,26291700,ORCL
2009-12-01,17.950387954711914,18.0543779419673,17.662413335017238,17.726407525422516,28447900,ORCL
2009-12-02,18.12636947631836,18.198363122819615,17.926387463979683,18.02237950122858,21160800,ORCL
2009-12-03,18.110370635986328,18.326351576525656,18.078374307244395,18.12636956322813,22492500,ORCL
2009-12-04,18.262351989746094,18.398339779581345,18.038371651858263,18.24635306723813,27814200,ORCL
2009-12-07,17.982383728027344,18.31035413437655,17.878393744004683,18.17436629327504,24138100,ORCL
2009-12-08,17.52642059326172,17.886388767314312,17.51042166869462,17.846391455896566,27902700,ORCL
2009-12-09,17.55841636657715,17.614411070200674,17.294440245393922,17.5904126861872,28550400,ORCL
2009-12-10,18.070371627807617,18.134365799644712,17.782397091669996,17.862390187901713,34877300,ORCL
2009-12-11,18.22236442565918,18.286358618804716,17.99038452191791,18.15837023251364,26741900,ORCL
2009-12-14,18.646320343017578,18.750311832359,18.326349463777632,18.36634525152956,32293900,ORCL
2009-12-15,18.526336669921875,18.76631451547978,18.446343546155262,18.486340870909533,24653700,ORCL
2009-12-16,18.49432945251465,18.76630347208567,18.46233161154098,18.678312460890147,30037100,ORCL
2009-12-17,18.30234718322754,18.550325896923407,18.214356163738493,18.454333890695786,35972600,ORCL
2009-12-18,19.470245361328125,19.790216218698642,19.18227082682396,19.206269213279775,88246400,ORCL
2009-12-21,19.542234420776367,19.65422381320776,19.374248806388238,19.51023657965823,26935500,ORCL
2009-12-22,19.566234588623047,19.702222384917064,19.390251009900734,19.60623189679264,23847200,ORCL
2009-12-23,19.7822208404541,19.79821976806085,19.486248308437844,19.566239894988154,19257800,ORCL
2009-12-24,19.958200454711914,19.966198390554336,19.73422010759189,19.774215889769152,7782700,ORCL
2009-12-28,19.974199295043945,19.990198219367105,19.774217318228658,19.862209876264632,15927500,ORCL
2009-12-29,20.006202697753906,20.086195815835758,19.926209579672054,20.006202697753906,16214100,ORCL
2009-12-30,19.942197799682617,20.03818826924149,19.75821479491061,19.934198339595877,18697400,ORCL
2009-12-31,19.622238159179688,19.9582080447574,19.58224083605028,19.950208580131516,17714100,ORCL
2010-01-04,19.87821388244629,20.15018956250488,19.726227114003716,19.726227114003716,26795000,ORCL
2010-01-05,19.85422134399414,19.87821974369017,19.478255569876453,19.77422820408295,28669900,ORCL
2010-01-06,19.566234588623047,19.934202195076807,19.502240421292996,19.814213322050627,24560700,ORCL
2010-01-07,19.502246856689453,19.686231483498656,19.262269031448653,19.566241045136454,30469700,ORCL
2010-01-08,19.742219924926758,19.798214631280455,19.398250699335396,19.422249084518974,23542400,ORCL
2010-01-11,19.750226974487305,19.838218035816375,19.49425020381745,19.750226974487305,19002400,ORCL
2010-01-12,19.646224975585938,19.68622227825126,19.44624303948258,19.646224975585938,26204600,ORCL
2010-01-13,19.838214874267578,19.990201629784405,19.63823286333447,19.702227045803397,24912300,ORCL
2010-01-14,20.31112289428711,20.50349325010512,20.078674425492206,20.142797877431544,44685200,ORCL
2010-01-15,20.230968475341797,20.551585739447113,20.03058249417301,20.415323211099388,42296200,ORCL
2010-01-19,20.303104400634766,20.439366907839972,20.13478093640547,20.295088779172875,22732200,ORCL
2010-01-20,20.08669662475586,20.14280447247032,19.64584793943579,20.078680999536054,39971500,ORCL
2010-01-21,19.902334213256836,20.471431155439266,19.709963868086657,20.190890495423904,41756100,ORCL
2010-01-22,19.357290267944336,20.078679673000977,19.325229298007464,19.990510859056513,33681500,ORCL
2010-01-25,19.2611026763916,19.453473050995314,19.092777643098454,19.429426180860908,26366600,ORCL
2010-01-26,19.140865325927734,19.34125127649945,18.996588725727822,19.180943433336164,28746000,ORCL
2010-01-27,19.12484359741211,19.27713588268372,18.86834971819244,19.15690456790251,28819300,ORCL
2010-01-28,18.812232971191406,19.381329880381305,18.667956367295695,19.301175192334675,41245700,ORCL
2010-01-29,18.483606338500977,19.100795656427426,18.41948287227641,18.95651747521615,49957800,ORCL
2010-02-01,18.61184310913086,18.740089971558906,18.32328843307936,18.724060260372795,29572800,ORCL
2010-02-02,19.04468536376953,19.116824445091765,18.627882122535247,18.70002120385748,32150600,ORCL
2010-02-03,19.03667449951172,19.108813598868437,18.85231970285531,19.03667449951172,23101100,ORCL
2010-02-04,18.52367401123047,19.060708311229988,18.515658391370994,18.92444583126524,33254900,ORCL
2010-02-05,18.87636375427246,18.972549723086544,18.491622936664346,18.716055844681133,45919600,ORCL
2010-02-08,18.531692504882812,18.956509721551157,18.515661262677824,18.868340947070532,32929200,ORCL
2010-02-09,18.844301223754883,19.012624744213806,18.63589958259813,18.812238727196622,34084100,ORCL
2010-02-10,18.52367401123047,18.92444583126524,18.371380291546767,18.84429116149365,40139200,ORCL
2010-02-11,18.71605110168457,18.844298008387117,18.299247890489433,18.48360262777138,28159000,ORCL
2010-02-12,18.764148712158203,18.836287809051996,18.41146885276902,18.523686075061672,33657700,ORCL
2010-02-16,19.084762573242188,19.116825067684644,18.78819214376887,18.98857814756258,21582200,ORCL
2010-02-17,19.381336212158203,19.46149092639094,19.188965815294043,19.196981439599718,26147200,ORCL
2010-02-18,19.653858184814453,19.693934771119157,19.285147169751358,19.32522528487983,31679100,ORCL
2010-02-19,19.493547439575195,19.66988807634969,19.381331782590454,19.565686513015002,25941000,ORCL
2010-02-22,19.88630485534668,20.022567387204223,19.58973445171916,19.70996573775258,37081800,ORCL
2010-02-23,19.621797561645508,19.950430492881708,19.54164285257777,19.886307031392302,25098300,ORCL
2010-02-24,19.854246139526367,19.90233835361782,19.605766387602024,19.742028934881077,24530400,ORCL
2010-02-25,19.934402465820312,19.958447810404454,19.405381952608547,19.59775388222594,29145200,ORCL
2010-02-26,19.758056640625,20.006534819182402,19.669887852066747,20.006534819182402,21048700,ORCL
2010-03-01,19.8301944732666,19.966456987598335,19.669886622115094,19.717978824578193,19744300,ORCL
2010-03-02,19.701950073242188,19.99852200506728,19.65385786469511,19.870275096392575,23535000,ORCL
2010-03-03,19.637832641601562,19.790126465668436,19.557677916891407,19.645848266955,20726400,ORCL
2010-03-04,19.846223831176758,19.926378513547732,19.461483190384172,19.613775405183276,20925500,ORCL
2010-03-05,19.9985294342041,20.038606034743864,19.910359078427447,19.926390330173078,19312900,ORCL
2010-03-08,19.79813575744629,20.014551457459188,19.782104511867935,20.014551457459188,16843600,ORCL
2010-03-09,19.94240951538086,20.118750133754506,19.685915738281196,19.717978224830407,21835800,ORCL
2010-03-10,19.934402465820312,20.05463377521315,19.782108658549895,19.870278998889198,23095900,ORCL
2010-03-11,20.15081787109375,20.238988209944917,19.878292759030153,19.878292759030153,24214600,ORCL
2010-03-12,20.07868003845215,20.190897257333884,19.822186158992384,20.134789412305075,35344700,ORCL
2010-03-15,20.26302719116211,20.34318034563812,19.942408457964355,19.9744709428135,22025300,ORCL
2010-03-16,20.20692253112793,20.367231934922124,19.95844433118833,20.34318506570586,25478300,ORCL
2010-03-17,20.415315628051758,20.59967182415595,20.150806292311035,20.222945341042426,30309400,ORCL
2010-03-18,20.343185424804688,20.51952607785583,20.255016627102922,20.383263540872587,29185800,ORCL
2010-03-19,20.19089698791504,20.623730021521823,19.998526580887127,20.479451834044863,45881000,ORCL
2010-03-22,20.487464904785156,20.599682108180396,20.166847599707122,20.19089447089694,24945500,ORCL
2010-03-23,20.83213233947754,20.840147964461227,20.47143838815635,20.575638455296033,25834200,ORCL
2010-03-24,20.647777557373047,20.840147970565525,20.599685336280967,20.824116720593448,28837000,ORCL
2010-03-25,20.87220573425293,21.040529234291842,20.615710379375287,20.80006665457231,54350900,ORCL
2010-03-26,20.5916690826416,20.840147334326282,20.335175206215595,20.599684707382927,58562200,ORCL
2010-03-29,20.495481491088867,20.71991437959597,20.367234563034515,20.559604955116043,28975300,ORCL
2010-03-30,20.471435546875,20.503496513535794,20.21494016946898,20.42334180364791,29819400,ORCL
2010-03-31,20.60770034790039,20.671825350637324,20.279067352994666,20.303114229021016,27196400,ORCL
2010-04-01,20.407302856445312,20.80006063383019,20.190887208870475,20.663798137078366,26562700,ORCL
2010-04-05,20.503496170043945,20.63174309218649,20.319141410567028,20.447388332709572,19390200,ORCL
2010-04-06,20.703876495361328,20.792046803447274,20.279057726829528,20.335167077590075,26937600,ORCL
2010-04-07,20.768001556396484,20.832125004865162,20.639754659459133,20.647770281620666,29833200,ORCL
2010-04-08,20.703876495361328,20.904262447321397,20.615706187275382,20.743953074223946,28266100,ORCL
2010-04-09,20.944337844848633,20.952353465933744,20.55959720570368,20.679828464333553,19663700,ORCL
2010-04-12,21.040712356567383,21.104958743370066,20.75963383989763,20.928280030846672,24773300,ORCL
2010-04-13,21.161176681518555,21.386038296453385,20.880098131095146,20.88812912187923,33933000,ORCL
2010-04-14,21.18526840209961,21.281638761027356,21.040715161340323,21.153145970293618,27920000,ORCL
2010-04-15,21.040712356567383,21.20132755769675,20.992526417649355,21.11298973318974,23828200,ORCL
2010-04-16,20.839942932128906,21.177236857528552,20.807818971731447,20.952373730010542,42289300,ORCL
2010-04-19,21.03268051147461,21.12101833238945,20.775694974713932,20.864032795628777,27078800,ORCL
2010-04-20,21.000564575195312,21.209365786508883,20.896164735416132,21.185272808826667,23703400,ORCL
2010-04-21,21.112993240356445,21.145115673216438,20.864037109855563,20.976469454252875,24276800,ORCL
2010-04-22,21.072839736938477,21.129055147134057,20.767669710838874,20.9925313516212,27275800,ORCL
2010-04-23,21.265581130981445,21.297705101116094,21.008595496925086,21.016626489458748,27478900,ORCL
2010-04-26,21.257545471191406,21.36997781022209,21.080868269507288,21.281638443502594,20080500,ORCL
2010-04-27,20.86403465270996,21.297698933409475,20.799788262801304,21.153144173176305,26235700,ORCL
2010-04-28,20.76767349243164,20.968443726405635,20.703427078830174,20.89616631963457,31820300,ORCL
2010-04-29,20.856002807617188,20.99252657204634,20.64720166603409,20.872064787374665,18620100,ORCL
2010-04-30,20.775697708129883,20.96040589550897,20.631142941744574,20.93631292385981,25567400,ORCL
2010-05-03,20.888118743896484,21.00054949550418,20.64719373533899,20.92024115931835,19357000,ORCL
2010-05-04,20.05292320251465,20.615080268070482,19.84412205050119,20.542802887306024,48382700,ORCL
2010-05-05,20.028831481933594,20.17338624143086,19.779875382019526,19.95655410218496,33663600,ORCL
2010-05-06,19.201656341552734,20.052921318430517,17.828389299563707,19.964583497160838,56242000,ORCL
2010-05-07,18.80011749267578,19.474705346817252,18.559193915520147,19.20968879924416,63592900,ORCL
2010-05-10,19.587142944335938,20.181422635126708,19.265910886037585,19.29803485774506,38947200,ORCL
2010-05-11,19.42652702331543,19.76382105604732,19.362280613831032,19.47471144748992,29469800,ORCL
2010-05-12,19.755783081054688,19.836091447465396,19.42652015735,19.442580605228393,27116300,ORCL
2010-05-13,19.466678619384766,19.715633241194272,19.434556183548903,19.61123341003386,22780300,ORCL
2010-05-14,19.097259521484375,19.37030708093889,18.90452033806146,19.354245099381593,28736600,ORCL
2010-05-17,19.06513023376465,19.185591998291446,18.735867362572662,19.185591998291446,22401200,ORCL
2010-05-18,18.816184997558594,19.233787416878027,18.719814619348266,19.113324061176314,29926200,ORCL
2010-05-19,18.62343978881836,18.872394349214552,18.48691602374534,18.647531226813495,29806500,ORCL
2010-05-20,17.948850631713867,18.49494565179446,17.940819642388615,18.430699268947013,40313300,ORCL
2010-05-21,17.7962646484375,17.956881369180643,17.30638502875002,17.362601953238322,63119700,ORCL
2010-05-24,17.892641067504883,18.205842094455843,17.547316072787112,17.699901856169284,32817400,ORCL
2010-05-25,17.828392028808594,17.828392028808594,17.370634746315552,17.48306708512755,41173900,ORCL
2010-05-26,17.595500946044922,18.165689134556477,17.46700813517713,17.924763965363024,43317600,ORCL
2010-05-27,18.133569717407227,18.157662699900342,17.88461502533376,17.94886144689322,29881400,ORCL
2010-05-28,18.125534057617188,18.350397241071867,17.892641413820485,18.053256660498008,35878200,ORCL
2010-06-01,17.828392028808594,18.342363183075335,17.788237075034715,18.005069230149072,32336200,ORCL
2010-06-02,18.181747436523438,18.205840410119553,17.58746787361376,17.90869986278724,28371600,ORCL
2010-06-03,18.342361450195312,18.43070080839719,18.101437877332554,18.23796011200132,28583600,ORCL
2010-06-04,17.77217674255371,18.43873371949935,17.69990088256419,18.101441267031564,35094700,ORCL
2010-06-07,17.426849365234375,17.90066703450259,17.418818375547072,17.77217273126041,25656900,ORCL
2010-06-08,17.475034713745117,17.491096693985682,17.105616826985873,17.386695354176762,29552600,ORCL
2010-06-09,17.298357009887695,17.74005073103238,17.250171070604686,17.48306518187513,22198300,ORCL
2010-06-10,17.828392028808594,17.86051446007283,17.45094312210845,17.571404919920358,25018200,ORCL
2010-06-11,18.221904754638672,18.270089176322145,17.659747551895933,17.691871520855013,30179600,ORCL
2010-06-14,18.221904754638672,18.535105793213976,18.197811777919362,18.486921371530503,22318600,ORCL
2010-06-15,18.6314640045166,18.663586420748953,18.197799897223746,18.30220119642572,24304500,ORCL
2010-06-16,18.61541175842285,18.647534191441498,18.37448661788573,18.519041395857013,20702000,ORCL
2010-06-17,18.527069091796875,18.61540844745714,18.406607308831312,18.55919305085685,22376600,ORCL
2010-06-18,18.6314640045166,18.679648394742202,18.446754367102525,18.679648394742202,29538900,ORCL
2010-06-21,18.543134689331055,19.000890472967047,18.454795316434645,18.767997851360565,19526100,ORCL
2010-06-22,18.382516860961914,18.864365590671305,18.374485870095352,18.663595414271963,19107800,ORCL
2010-06-23,18.213878631591797,18.478895319331652,18.173723659658148,18.446771341784732,23533600,ORCL
2010-06-24,17.844453811645508,18.229933737897973,17.780207412562593,18.061285982958463,30313500,ORCL
2010-06-25,18.197816848754883,18.67163480064503,18.117508435734326,18.583295393146862,62583800,ORCL
2010-06-28,18.029163360595703,18.350395352648164,17.980977412971612,18.34236436137748,24643100,ORCL
2010-06-29,17.46700096130371,17.748079444043405,17.33047721435897,17.683833064996147,34229000,ORCL
2010-06-30,17.234111785888672,17.635652152177837,17.177896379688978,17.378666562833562,35301600,ORCL
2010-07-01,17.306386947631836,17.410788287216967,17.05743238145572,17.234109568458972,38318200,ORCL
2010-07-02,17.53125,17.69186673786241,17.258202464686747,17.43487965093161,31784000,ORCL
2010-07-06,17.924762725830078,18.237963739192452,17.667777121865566,17.667777121865566,39642400,ORCL
2010-07-07,18.543134689331055,18.567227663326886,18.149625304595638,18.229933686160106,36663500,ORCL
2010-07-08,18.64752769470215,18.743898023692868,18.43872659168426,18.58328131929314,27335600,ORCL
2010-07-09,18.768003463745117,18.78406391945675,18.583293671384727,18.671633070698157,16258800,ORCL
2010-07-12,18.816282272338867,18.896762831475648,18.598986758220246,18.67946578231804,19312200,ORCL
2010-07-13,19.081878662109375,19.202600341842675,18.88067790927377,18.912870766546632,22207700,ORCL
2010-07-14,19.26697540283203,19.468176060445035,19.089917841707503,19.194543043288217,34781800,ORCL
2010-07-15,19.178442001342773,19.23477792629435,18.91285725868618,19.178442001342773,26060700,ORCL
2010-07-16,18.727754592895508,19.275020539947835,18.711658174443627,19.15429893659768,30343000,ORCL
2010-07-19,18.985292434692383,19.04967657782457,18.832379519113793,18.89676366224598,19688200,ORCL
2010-07-20,19.250873565673828,19.29111307185956,18.542648125549096,18.727752310065487,38192700,ORCL
2010-07-21,18.961145401000977,19.29111428459145,18.880664848531353,19.202587058409843,38740000,ORCL
2010-07-22,19.564746856689453,19.645227407574225,19.073818412866117,19.089913295012007,32726500,ORCL
2010-07-23,19.717662811279297,19.78204695497579,19.435981606967495,19.47622265617722,29755500,ORCL
2010-07-26,19.830333709716797,19.854478338062485,19.596941775864448,19.677422335311082,27093000,ORCL
2010-07-27,19.774009704589844,19.862538526877977,19.572808952145845,19.798154347497494,23800600,ORCL
2010-07-28,19.540599822998047,19.7900880988635,19.452071081384474,19.757895270990012,21200100,ORCL
2010-07-29,19.073820114135742,19.629132741189665,19.017482648964258,19.516460880924633,39976700,ORCL
2010-07-30,19.025537490844727,19.17845045096843,18.832385005180864,18.969201541072703,48321700,ORCL
2010-08-02,19.54865074157715,19.629129752347144,19.089912090979013,19.210633677211476,26652000,ORCL
2010-08-03,19.484262466430664,19.58888762247613,19.363542431410803,19.564743001456748,16366100,ORCL
2010-08-04,19.709619522094727,19.790100105567703,19.452082883012764,19.548659890188226,19989600,ORCL
2010-08-05,19.54865074157715,19.669370792770874,19.42792915534469,19.540602533492404,18723600,ORCL
2010-08-06,19.621082305908203,19.637178722702522,19.23477751307731,19.323306270407272,33734300,ORCL
2010-08-09,19.524517059326172,19.790101934807936,19.50842063413586,19.637188965579163,20551400,ORCL
2010-08-10,19.54865074157715,19.66132258468613,19.25087318259647,19.395737858044438,28063400,ORCL
2010-08-11,19.0416202545166,19.266965426980363,18.961139726133943,19.242820807954047,25666300,ORCL
2010-08-12,18.462177276611328,18.824337627647747,18.293167884762674,18.703617510635606,33737300,ORCL
2010-08-13,18.23682403564453,18.462169282184636,18.11610397090619,18.31730459048306,29793400,ORCL
2010-08-16,18.28511619567871,18.51046149695139,17.987340066001924,18.11610837100366,19511700,ORCL
2010-08-17,18.550697326660156,18.703610234073167,18.28511255854228,18.397785954286118,22483000,ORCL
2010-08-18,18.58289909362793,18.71166743489283,18.349505515685475,18.438034325944987,18984200,ORCL
2010-08-19,18.51045799255371,18.639226273177055,18.365593293092704,18.397786130768036,26754800,ORCL
2010-08-20,18.526554107666016,18.57484182834839,18.325353480610666,18.47021817769675,21985400,ORCL
2010-08-23,18.381694793701172,18.751903319080725,18.373646582057344,18.55875084474712,18250200,ORCL
2010-08-24,18.03563117980957,18.34145711283614,18.01148654245287,18.196592358775085,23293400,ORCL
2010-08-25,18.043672561645508,18.148296213839046,17.72980007002591,17.882711443613466,18685900,ORCL
2010-08-26,17.906856536865234,18.29316138812757,17.8585688142172,18.140250010568952,18884700,ORCL
2010-08-27,18.11610984802246,18.148301159377834,17.665420743771392,18.011484632278837,21375200,ORCL
2010-08-30,17.721755981445312,18.204637912786584,17.705659558891423,17.979292602150164,23318300,ORCL
2010-08-31,17.576889038085938,17.649321395430068,17.43202432339767,17.64127318516526,41712400,ORCL
2010-09-01,18.204635620117188,18.228778715868124,17.786137896657216,17.82637741293488,29085400,ORCL
2010-09-02,18.091964721679688,18.28511718968232,17.987341043818024,18.196589934580714,18057800,ORCL
2010-09-03,18.446077346801758,18.462173768688846,18.164396103934823,18.34145367461424,21256900,ORCL
2010-09-07,19.524517059326172,19.8705825257199,19.323316349566056,19.76595729702247,113824400,ORCL
2010-09-08,19.427936553955078,19.500368919262993,19.218687669181033,19.37160061094655,54705500,ORCL
2010-09-09,19.580854415893555,19.717670969738226,19.484277392869203,19.57280620272155,25963700,ORCL
2010-09-10,20.160301208496094,20.240781762300326,19.6210834935583,19.653276329095547,44266700,ORCL
2010-09-13,20.208595275878906,20.45808367056997,20.208595275878906,20.232738373244306,46816700,ORCL
2010-09-14,20.425893783569336,20.58685495281749,20.15226225191064,20.15226225191064,31261800,ORCL
2010-09-15,20.71561622619629,20.75585727233699,20.25687904546497,20.33735960270742,37563600,ORCL
2010-09-16,20.4097900390625,20.691469660469448,20.2890684469866,20.667326570085315,52951000,ORCL
2010-09-17,22.115970611572266,22.23669067017575,21.246784040572795,21.278976874887768,150976500,ORCL
2010-09-20,22.124025344848633,22.188409497427575,21.753816851279545,22.01135346159531,49729800,ORCL
2010-09-21,21.58479881286621,22.01939281931844,21.488223390347045,21.995248196169317,82733900,ORCL
2010-09-22,21.890626907348633,21.995250548774685,21.439936437257934,21.456032854412353,51969100,ORCL
2010-09-23,21.826250076293945,22.124026218085053,21.697480231014232,21.697480231014232,33123300,ORCL
2010-09-24,21.697471618652344,22.132065644490012,21.52041564611037,22.083777931076515,58136200,ORCL
2010-09-27,21.689435958862305,21.8262524955375,21.55261942218711,21.6170035844437,34142900,ORCL
2010-09-28,21.882577896118164,22.05158566492385,21.56065724003203,21.777952723490937,43256700,ORCL
2010-09-29,21.866483688354492,21.971107336511302,21.673331275191895,21.78600313244368,36626800,ORCL
2010-09-30,21.608951568603516,22.059640625067892,21.576758725622152,21.95501695545695,42880900,ORCL
2010-10-01,21.922826766967773,22.220604460444367,21.84234618480874,21.874539031688126,33690400,ORCL
2010-10-04,21.68900489807129,22.05989574960338,21.680941886313825,21.785759501298607,36791900,ORCL
2010-10-05,22.011512756347656,22.051827806118812,21.81800513103181,21.938947204621474,42520100,ORCL
2010-10-06,22.237266540527344,22.46302614595486,21.963130426030176,22.011506935099824,50631600,ORCL
2010-10-07,22.325965881347656,22.48722148048487,22.205023797529236,22.277587817530662,40611400,ORCL
2010-10-08,22.575910568237305,22.640413108346365,22.019575198632992,22.245334857945636,33162900,ORCL
2010-10-11,22.454975128173828,22.6565458177663,22.35822052051002,22.495288650947394,22649500,ORCL
2010-10-12,22.53559684753418,22.575910358028775,22.10020355245565,22.37433972983209,27552500,ORCL
2010-10-13,23.05967903137207,23.309626167357415,21.75350074867948,22.575909240083636,49145300,ORCL
2010-10-14,22.84198570251465,23.14031093733456,22.664604086427833,23.10805889557587,38136000,ORCL
2010-10-15,23.30156707763672,23.30963008826501,22.70491813190145,22.95486530993035,54775500,ORCL
2010-10-18,23.56764030456543,23.56764030456543,23.04355691600804,23.1644989998502,35810300,ORCL
2010-10-19,23.48701286315918,23.57570444656857,22.938741954239813,23.333820267276558,44673600,ORCL
2010-10-20,23.091928482055664,23.527321735803742,23.059677984293792,23.390253660126945,39081700,ORCL
2010-10-21,23.23706817626953,23.495078405407433,23.035497492522765,23.220942152482845,30191100,ORCL
2010-10-22,23.37413215637207,23.406384198224224,23.164498497919073,23.253190075150496,16499800,ORCL
2010-10-25,23.253189086914062,23.616016853020984,23.22900005655296,23.503136249197755,30650400,ORCL
2010-10-26,23.0838680267334,23.253188156764306,23.01130401427658,23.14837056725425,28045400,ORCL
2010-10-27,23.140308380126953,23.237061418986976,22.866172206920517,23.01936477475919,33890100,ORCL
2010-10-28,23.672449111938477,23.769202127928793,22.979045833274863,23.23705592639766,35130600,ORCL
2010-10-29,23.688573837280273,23.954646940830482,23.62407131332451,23.67244935968744,35074300,ORCL
2010-11-01,23.48701286315918,23.82565163688526,23.325757256251876,23.80146414167332,21100000,ORCL
2010-11-02,23.809520721435547,23.841771218960883,23.591824096158174,23.777268686048515,24201900,ORCL
2010-11-03,23.5434513092041,23.84177499446724,23.374131172332593,23.825648974220062,30003800,ORCL
2010-11-04,23.761144638061523,24.04334381964448,23.46282097531009,23.874025233411796,35709700,ORCL
2010-11-05,23.58376121520996,23.78533182388697,23.366064588751986,23.62407472180068,28312700,ORCL
2010-11-08,23.414445877075195,23.535387951418627,23.25318875270935,23.44669637923122,27179000,ORCL
2010-11-09,23.17256736755371,23.58377177796949,23.06775128075552,23.430577616160694,34625800,ORCL
2010-11-10,23.13224983215332,23.253191922985664,22.866176617177317,23.091934776634456,27841000,ORCL
2010-11-11,23.035493850708008,23.043556861326625,22.317902822133565,22.72910713651077,37211000,ORCL
2010-11-12,22.83391761779785,23.06774025500104,22.648473032481867,22.979048697736154,25818800,ORCL
2010-11-15,22.898422241210938,23.1967474369916,22.801669204320092,22.85810873215005,21636700,ORCL
2010-11-16,22.237266540527344,22.65653372009495,22.17276401581398,22.583968187559726,31206600,ORCL
2010-11-17,22.503345489501953,22.664602612081545,22.16470676237433,22.180832782204668,24642700,ORCL
2010-11-18,22.82585906982422,23.05161874249794,22.70491699219478,22.87423713116556,32649200,ORCL
2010-11-19,22.696855545043945,22.874238706454193,22.600102491422046,22.833923652560017,25890900,ORCL
2010-11-22,22.616220474243164,22.64847250808788,22.40658840569897,22.487215414587528,27618000,ORCL
2010-11-23,21.922821044921875,22.43077833027159,21.83412948007439,22.374338802772932,31294200,ORCL
2010-11-24,22.36627960205078,22.479158676269577,22.269526549252397,22.309840064941383,34983800,ORCL
2010-11-26,22.164709091186523,22.26952669323485,22.04376700547558,22.237274650185505,12887500,ORCL
2010-11-29,21.947006225585938,22.043760789589136,21.697059113881647,21.906692721003886,32610700,ORCL
2010-11-30,21.809938430786133,21.874440961644105,21.616430838212214,21.705122394840043,38931000,ORCL
2010-12-01,22.29372215270996,22.32597420728225,22.100214438864043,22.205032078361377,34781300,ORCL
2010-12-02,22.656539916992188,22.721042459347945,22.32596419518619,22.42271723978887,32129900,ORCL
2010-12-03,23.2289981842041,23.30156373157642,22.62428631467602,22.640412333616936,34454600,ORCL
2010-12-06,23.164499282836914,23.349943916184497,23.09193372407272,23.261253873809856,21150300,ORCL
2010-12-07,23.42251205444336,23.68052381283173,23.333822002301385,23.43057506606758,32190500,ORCL
2010-12-08,23.56764030456543,23.60795535775417,23.382195673483313,23.591829336478675,14874800,ORCL
2010-12-09,23.59183120727539,23.777275853062992,23.414449572764926,23.664396770907437,18260200,ORCL
2010-12-10,24.140098571777344,24.172349072211002,23.72083130110695,23.736957320254696,28562000,ORCL
2010-12-13,24.527122497558594,24.76900671906102,23.841781819485217,24.18042065230604,45575200,ORCL
2010-12-14,24.599685668945312,24.793193334819954,24.47874357000644,24.47874357000644,25351800,ORCL
2010-12-15,24.58355140686035,24.752871518919537,24.398106814778817,24.66417995841893,30537600,ORCL
2010-12-16,24.406171798706055,24.809313051260055,24.390045779517056,24.75287352196039,47435600,ORCL
2010-12-17,25.36564826965332,26.018738242023243,25.29308425502969,25.736539042119663,92487100,ORCL
2010-12-20,25.534969329833984,25.75266599517745,25.08345151634759,25.430153271258597,33568100,ORCL
2010-12-21,25.607534408569336,25.80104203932081,25.470466311220967,25.518842834443348,20002800,ORCL
2010-12-22,25.526906967163086,25.704288585353424,25.4462783996722,25.543032988233666,14019200,ORCL
2010-12-23,25.43014907836914,25.559154146666497,25.325331499213966,25.422086069367843,13049400,ORCL
2010-12-27,25.526906967163086,25.639786038933117,25.18826821399097,25.317273306831584,13822100,ORCL
2010-12-28,25.454341888427734,25.607536015752334,25.325336793163455,25.526907446746648,9736000,ORCL
2010-12-29,25.397899627685547,25.55109373858085,25.33339708697098,25.422088657151715,9769000,ORCL
2010-12-30,25.228578567504883,25.462399678027907,25.164074495237315,25.357583636316562,12989400,ORCL
2010-12-31,25.23664093017578,25.26082995813061,24.938317274708456,25.172138393491352,11716300,ORCL
2011-01-03,25.49464988708496,25.752660006218,25.41402134039048,25.47046086171813,20970400,ORCL
2011-01-04,25.381772994995117,25.599469641346957,25.10763681911395,25.47852757266099,22870800,ORCL
2011-01-05,25.027015686035156,25.349528457687732,24.978637616890616,25.25277385726086,36339600,ORCL
2011-01-06,25.13182830810547,25.156017339355216,25.010886227580702,25.147954328938635,21859400,ORCL
2011-01-07,25.01894760131836,25.26889475643354,24.938319040289045,25.188266195404225,27697900,ORCL
2011-01-10,25.027015686035156,25.172145279882162,24.833506485181406,24.873821542801856,29719600,ORCL
2011-01-11,24.9866886138916,25.075380160148214,24.881872590202256,25.059254144854016,26395300,ORCL
2011-01-12,24.946380615234375,25.180201737121664,24.946380615234375,25.172138727696336,33963700,ORCL
2011-01-13,25.139890670776367,25.30920927157604,24.914130998514853,24.970570532114746,43412400,ORCL
2011-01-14,25.236804962158203,25.309487083675805,24.986456288226645,25.05106244731648,37934100,ORCL
2011-01-18,25.46292495727539,25.479075340319568,25.22065072762645,25.244878612691,26975900,ORCL
2011-01-19,25.519451141357422,25.527527101777412,25.25295060882557,25.325632712273528,26939000,ORCL
2011-01-20,26.09282875061035,26.125129507593382,25.414462023018622,25.414462023018622,47750700,ORCL
2011-01-21,26.254343032836914,26.383555308937733,26.11705633727015,26.22204227430946,34482100,ORCL
2011-01-24,26.165517807006836,26.367412225021813,25.899015696508183,26.310882034430765,20170200,ORCL
2011-01-25,26.076683044433594,26.197817843472674,25.794030559012693,26.15743957712631,25926600,ORCL
2011-01-26,26.29473114013672,26.4320178710396,25.97169882640782,26.092836714222273,21485600,ORCL
2011-01-27,26.585458755493164,26.722748578575395,25.971701004728008,26.34318604020862,25635600,ORCL
2011-01-28,25.842483520507812,26.892333797395622,25.705195265191833,26.811577268659676,30820300,ORCL
2011-01-31,25.86670684814453,26.00399662779098,25.713268229164377,25.80210224881848,20820100,ORCL
2011-02-01,26.843881607055664,26.997320246746924,25.931318028336527,25.979770714205262,32573400,ORCL
2011-02-02,26.763118743896484,27.10230290708055,26.65005838305639,26.722740483691275,19358200,ORCL
2011-02-03,26.641984939575195,26.779271645436523,26.423938629680237,26.633907438839884,17600900,ORCL
2011-02-04,26.343183517456055,26.63391198022181,26.270501401764616,26.585456209539377,38691800,ORCL
2011-02-07,26.6339168548584,26.88426709487435,26.286658136405457,26.40779604495043,22785100,ORCL
2011-02-08,26.674297332763672,26.77928332345817,26.423950152746713,26.66622290917113,15418400,ORCL
2011-02-09,26.561222076416016,26.73081260308163,26.335101374195194,26.68235992727061,17112700,ORCL
2011-02-10,26.86002540588379,26.86002540588379,26.375480154179723,26.472388588387822,17237600,ORCL
2011-02-11,27.029619216918945,27.12652765184532,26.67428315441623,26.706586992946225,17402300,ORCL
2011-02-14,26.884260177612305,27.086154586130277,26.84388191204155,26.884260177612305,16438000,ORCL
2011-02-15,26.456241607666016,26.771199468794837,26.335106812460307,26.746970045222373,19332100,ORCL
2011-02-16,26.7388973236084,26.76312366805618,26.335108485935457,26.528925402846433,15829000,ORCL
2011-02-17,26.658130645751953,26.81157233504509,26.4562362803987,26.625829888599718,14568900,ORCL
2011-02-18,27.199216842651367,27.22344318753608,26.577381651740264,26.666215690536767,25539900,ORCL
2011-02-22,26.27050018310547,27.18306379763974,26.262425762031835,26.884260927286924,24887800,ORCL
2011-02-23,25.987850189208984,26.367412687547855,25.858637882639382,26.286653070526608,22154100,ORCL
2011-02-24,26.044370651245117,26.173582909544145,25.55174795377281,25.92323281129961,23416200,ORCL
2011-02-25,26.609678268432617,26.714664202180753,26.060525342053463,26.07667726114268,20850400,ORCL
2011-02-28,26.569303512573242,26.835802511007962,26.39163545984078,26.698515801652132,19406700,ORCL
2011-03-01,25.57598876953125,26.71467487492769,25.527534533237485,26.66621909830153,30423200,ORCL
2011-03-02,25.939388275146484,26.133208229426035,25.479069349479172,25.503297228847075,23091500,ORCL
2011-03-03,26.674297332763672,26.80350967490104,26.189751819914843,26.222055675615497,24169800,ORCL
2011-03-04,26.456241607666016,26.730818123062114,26.02015203199564,26.64198717217692,19148900,ORCL
2011-03-07,25.92324447631836,26.69852145563721,25.753653888612366,26.625839335096835,20474300,ORCL
2011-03-08,26.440088272094727,26.658131482536593,25.995918189844474,26.117056045124293,21891800,ORCL
2011-03-09,26.48046875,26.76311966179435,26.18166283677296,26.351256464513458,17217800,ORCL
2011-03-10,25.68096351623535,26.21396453537871,25.446766845560518,26.141282438192633,29054200,ORCL
2011-03-11,25.769798278808594,26.165512615090268,25.309479343526814,25.624434080228692,23705900,ORCL
2011-03-14,25.511377334594727,25.729423663345948,25.252952740666796,25.4548471472145,18656500,ORCL
2011-03-15,25.172191619873047,25.277176020810806,24.081961648551914,24.42114427206667,34600300,ORCL
2011-03-16,24.388835906982422,25.083351361216955,23.920441118638966,24.97029102827142,45026200,ORCL
2011-03-17,24.67149543762207,25.07528424373917,24.501904878412272,24.784557350760654,31529500,ORCL
2011-03-18,24.841089248657227,25.188347892296374,24.719952906542495,25.018755781070023,34862100,ORCL
2011-03-21,25.37409210205078,25.72135076917193,25.27718209760654,25.398319988244907,23199400,ORCL
2011-03-22,25.139894485473633,25.471002777520575,25.083364289863667,25.34986488369087,20051900,ORCL
2011-03-23,25.366008758544922,25.60828138865643,24.89761387741934,25.21256860463066,23159700,ORCL
2011-03-24,25.955537796020508,26.108979477504935,25.438688739925,25.664810972132628,38277500,ORCL
2011-03-25,26.359331130981445,27.538393632151397,26.310878448885973,27.247668297586795,64967600,ORCL
2011-03-28,26.29473114013672,26.56123018039827,26.16551883077805,26.512777489804055,31399500,ORCL
2011-03-29,26.779272079467773,26.779272079467773,26.133210640047018,26.165514482184044,29950300,ORCL
2011-03-30,26.690431594848633,26.997311859557563,26.650053342280845,26.868099602942728,25718200,ORCL
2011-03-31,26.99732208251953,27.15883823461451,26.609685165890195,26.65006343374785,38234200,ORCL
2011-04-01,27.473783493041992,27.53838808303914,27.14267688256545,27.215358971726804,43176800,ORCL
2011-04-04,27.570690155029297,27.804888325199844,27.46570423725231,27.530311903780643,26743000,ORCL
2011-04-05,27.39302635192871,27.780666249195395,27.384951932706457,27.691832234432763,30286100,ORCL
2011-04-06,27.118459701538086,27.619156995537775,27.045777587839396,27.619156995537775,24782200,ORCL
2011-04-07,27.23151397705078,27.514164866580504,26.89232982895147,27.134602460071754,22723600,ORCL
2011-04-08,27.086139678955078,27.40109428999787,26.90039729502375,27.360716046649756,16136500,ORCL
2011-04-11,27.328859329223633,27.38549082366028,27.134695087207987,27.134695087207987,15960300,ORCL
2011-04-12,27.021427154541016,27.207502471672402,26.762539488429137,27.15895987695727,16948600,ORCL
2011-04-13,27.264129638671875,27.482566651025444,27.094235213347076,27.15895557653484,24345500,ORCL
2011-04-14,27.345046997070312,27.40977048462718,26.859633185136786,26.964807309323827,17962100,ORCL
2011-04-15,27.65247344970703,27.749555581020946,27.24796096868286,27.4906678400603,25468400,ORCL
2011-04-18,27.207508087158203,27.3288599697158,26.924347522153706,27.23986673746253,20226500,ORCL
2011-04-19,27.2398738861084,27.37740975918971,27.086160226721862,27.134702844195125,20452400,ORCL
2011-04-20,27.59583282470703,27.80617788736755,27.369306897813505,27.652464306430414,24798400,ORCL
2011-04-21,28.113616943359375,28.14597868196425,27.58774949267855,27.5958414704224,21125800,ORCL
2011-04-25,28.178335189819336,28.202604946175164,27.95989812406283,28.073161101969607,12163000,ORCL
2011-04-26,28.291595458984375,28.542391147141654,28.089339278891398,28.162151627172246,30391000,ORCL
2011-04-27,28.51813507080078,28.550496815821052,28.178346006645565,28.356329431885307,21990200,ORCL
2011-04-28,28.55048179626465,28.599021302073997,28.081245998879304,28.340133650476652,22995700,ORCL
2011-04-29,29.09253692626953,29.165349296380622,28.485768204072215,28.550491682475545,94242100,ORCL
2011-05-02,29.424226760864258,29.4808582415953,28.987355778965384,28.995444667848002,30058600,ORCL
2011-05-03,29.238161087036133,29.529410561708378,29.01972398103195,29.488959931600622,24946200,ORCL
2011-05-04,28.51813507080078,29.262436689151755,28.2754281555205,29.221986050969353,38886400,ORCL
2011-05-05,28.048892974853516,28.61521104577835,27.967991715943626,28.35632331384446,23245400,ORCL
2011-05-06,28.21068572998047,28.768914655236674,28.178327092865747,28.412941871320534,23885400,ORCL
2011-05-09,28.477680206298828,28.679936453380233,28.162160954641504,28.226881348891137,16272500,ORCL
2011-05-10,28.817468643188477,28.849830382758217,28.501949397846886,28.712297618864845,17015600,ORCL
2011-05-11,28.299678802490234,28.88217747458703,28.08933377433516,28.744641694260274,20854300,ORCL
2011-05-12,28.90645408630371,28.92263495172374,28.162152794089458,28.23496514538733,23096900,ORCL
2011-05-13,28.46958351135254,29.06017128464027,28.42913288587514,28.938819408208072,20438800,ORCL
2011-05-16,27.65247344970703,28.388686041723606,27.52302957922671,28.38059715002466,31350300,ORCL
2011-05-17,27.458303451538086,27.741464012645018,27.272228098562966,27.53111581454444,27856100,ORCL
2011-05-18,27.43403434753418,27.692922069696113,27.14278488855573,27.50684671227879,30005900,ORCL
2011-05-19,27.911348342895508,27.967979817276237,27.498747160095355,27.547286660316615,22741400,ORCL
2011-05-20,27.725278854370117,27.992255419957697,27.539203530188583,27.87899244751542,16484100,ORCL
2011-05-23,26.82726287841797,27.296498754873564,26.665457297357943,27.247956154700127,29985800,ORCL
2011-05-24,26.730180740356445,27.037607949292383,26.633095540096374,26.916256078244437,21893400,ORCL
2011-05-25,26.689729690551758,27.005248870897574,26.64118709119674,26.697818580685237,23042300,ORCL
2011-05-26,27.021427154541016,27.175140741862315,26.70590491816927,26.811078996959854,20948100,ORCL
2011-05-27,27.264129638671875,27.385481476967904,27.021422875895887,27.03760065205488,16918600,ORCL
2011-05-31,27.684833526611328,27.6929224178246,26.95670987001195,27.434034692408183,30783300,ORCL
2011-06-01,26.600732803344727,27.749546387477565,26.560282185880833,27.69291490579126,31762600,ORCL
2011-06-02,26.47128677368164,26.60073059050862,25.95351150637372,26.592638615978416,38255500,ORCL
2011-06-03,26.155776977539062,26.503654851621867,26.05869176570722,26.082964611757745,23808200,ORCL
2011-06-06,26.042509078979492,26.35803136612792,25.945426960110314,26.010150430146375,21677600,ORCL
2011-06-07,25.75935173034668,26.13150242619413,25.751261296555327,26.082962909630943,28218700,ORCL
2011-06-08,25.282028198242188,25.767443448266945,25.193034965194762,25.686540649414063,36607500,ORCL
2011-06-09,25.589452743530273,25.832161099886665,25.306295309086245,25.37101722882949,21647100,ORCL
2011-06-10,25.225393295288086,25.60563439252484,25.176852239768834,25.41955906045743,23747000,ORCL
2011-06-13,25.589452743530273,25.767439180143416,25.17685146959975,25.28202401052292,26716600,ORCL
2011-06-14,25.953521728515625,26.05060385782695,25.751263949083018,25.880707816893196,23067400,ORCL
2011-06-15,25.20921516418457,25.880705753575587,25.12831236747996,25.670359099380597,34512600,ORCL
2011-06-16,24.917959213256836,25.298201795651753,24.79660582140207,25.209208588181948,29868500,ORCL
2011-06-17,25.225393295288086,25.735078235971073,25.225393295288086,25.36292757183625,42812400,ORCL
2011-06-20,25.81597900390625,25.880700920565143,25.2820228056973,25.362925587293972,23408300,ORCL
2011-06-21,26.414657592773438,26.46319709943778,25.686534130965267,25.961602651405656,26941600,ORCL
2011-06-22,26.05059814453125,26.35802842047572,26.0020555474291,26.35802842047572,25940800,ORCL
2011-06-23,26.260940551757812,26.333752896903263,25.346743336064634,25.807887159924423,54354600,ORCL
2011-06-24,25.193029403686523,25.65417324932746,25.03931581720101,25.47618836561635,75120900,ORCL
2011-06-27,25.54900360107422,25.751259804864574,24.966506289671244,25.063588403358885,29585600,ORCL
2011-06-28,26.16386604309082,26.18813580311792,25.379112425998887,25.638000153571788,32746800,ORCL
2011-06-29,26.236677169799805,26.438933390297066,26.05869070818301,26.212407410919333,27305700,ORCL
2011-06-30,26.625,26.649269750911046,26.301388918994075,26.398474095006247,22182400,ORCL
2011-07-01,26.73826789855957,26.85962284793111,26.27712402884302,26.608824059449393,25382300,ORCL
2011-07-05,26.74636459350586,26.81108498138768,26.527927497807646,26.70591087912148,21406400,ORCL
2011-07-06,26.86771011352539,26.90007184289282,26.59264158627099,26.69781566362295,22363900,ORCL
2011-07-07,27.579654693603516,27.61201642527656,27.021428710074154,27.078060197409688,29886000,ORCL
2011-07-08,27.458303451538086,27.458303451538086,27.03761014152194,27.296500943688425,23909600,ORCL
2011-07-11,26.858562469482422,27.280000762669825,26.664054390565262,27.239478503866263,21943300,ORCL
2011-07-12,26.42091941833496,27.12601983358256,26.356084410889057,27.00444994360174,35092400,ORCL
2011-07-13,26.493852615356445,26.98012893461705,26.412808107971237,26.63163198789104,36497800,ORCL
2011-07-14,25.97516632080078,26.826146210616937,25.821180484701827,26.58300954090525,32194500,ORCL
2011-07-15,26.007585525512695,26.145361838912592,25.80497111758307,26.056214096409988,25404600,ORCL
2011-07-18,25.52130699157715,25.886013492081958,25.28627511578241,25.796862670664108,25253300,ORCL
2011-07-19,26.45333480834961,26.47764754632208,25.84549162583551,25.861701148367256,26835500,ORCL
2011-07-20,25.999479293823242,26.42091449278184,25.983269772070965,26.291241410413775,23074700,ORCL
2011-07-21,26.315563201904297,26.542490374556966,25.983275659812517,26.08863293760077,24516200,ORCL
2011-07-22,26.380386352539062,26.477640369719126,26.015679923551996,26.234503780944237,21378100,ORCL
2011-07-25,26.10483741760254,26.291242286489876,25.967061115592433,26.13725646218736,20806100,ORCL
2011-07-26,26.056211471557617,26.35607989942315,25.804968518040425,26.137255989904993,33568300,ORCL
2011-07-27,24.889148712158203,25.804966539174615,24.816208960404,25.780652258039893,43084500,ORCL
2011-07-28,24.856735229492188,25.24575451550347,24.8243161827453,24.881049514552355,29323100,ORCL
2011-07-29,24.783788681030273,25.278168218635596,24.52444254517991,24.735161667014555,38200600,ORCL
2011-08-01,24.402881622314453,25.294383847640717,23.95712896382595,25.09987418688815,38566100,ORCL
2011-08-02,23.949026107788086,24.63791551059787,23.92471336439953,24.14353732984949,40691000,ORCL
2011-08-03,24.46771812438965,24.597391231285044,23.624841383744222,23.90850188476241,44046200,ORCL
2011-08-04,23.406017303466797,24.208371773342755,23.373599799839432,24.184057486253213,49433400,ORCL
2011-08-05,22.97647476196289,23.84366420297277,22.287585448040222,23.770722890567708,82201300,ORCL
2011-08-08,21.08811378479004,22.725239024960363,21.039485200433997,22.263276748532068,80848500,ORCL
2011-08-09,22.36863136291504,22.36863136291504,20.91791143301265,21.444708594316346,82425600,ORCL
2011-08-10,21.460914611816406,22.295686408203856,21.16104619712943,21.720260769110556,82821600,ORCL
2011-08-11,22.449674606323242,22.717125534238896,21.371766133714694,21.477124934361733,58279300,ORCL
2011-08-12,22.19842529296875,22.55502694327166,21.874242677159124,22.55502694327166,43238500,ORCL
2011-08-15,22.401050567626953,22.579352252820048,22.01203123855632,22.222750428259264,38334100,ORCL
2011-08-16,22.344318389892578,22.660396396081474,22.06876265009828,22.222750044883416,37615100,ORCL
2011-08-17,22.263267517089844,22.733332816839674,21.939084818266693,22.409150118016523,34073800,ORCL
2011-08-18,20.415422439575195,21.469016446444456,20.034506470367603,21.444702167827536,78449700,ORCL
2011-08-19,20.08314323425293,20.747718329768304,20.058828945700373,20.115560739830887,46790600,ORCL
2011-08-22,20.3100643157959,20.76392162428993,20.10744994280481,20.59372474714842,37825100,ORCL
2011-08-23,21.233991622924805,21.242094839317822,20.391114902120307,20.41542918877536,36867400,ORCL
2011-08-24,21.62300682067871,21.66352907823578,21.08000022195882,21.16104628289799,31588800,ORCL
2011-08-25,20.99085235595703,21.922878323428677,20.85307449670816,21.76078772455223,38264000,ORCL
2011-08-26,21.598695755004883,21.744578377254395,20.650460256208316,20.97464300241542,34449300,ORCL
2011-08-29,22.619871139526367,22.660393400564256,21.898564381440828,21.922877119733492,28945400,ORCL
2011-08-30,22.58745574951172,22.725233614064116,22.255166685499795,22.53882717673418,29944300,ORCL
2011-08-31,22.74954605102539,23.18719392523076,22.457780801555145,22.579350686051278,31444600,ORCL
2011-09-01,22.563138961791992,23.23581868572208,22.490197656537212,22.717126333532658,34199100,ORCL
2011-09-02,21.858034133911133,22.247054836042174,21.704048350680324,22.068753230033238,30297500,ORCL
2011-09-06,21.469024658203125,21.736475641988143,20.836867084790626,21.096214851762063,30907700,ORCL
2011-09-07,22.3929443359375,22.3929443359375,21.679742279431483,21.86614716915376,26106200,ORCL
2011-09-08,21.655424118041992,22.311895814358486,21.37176522610588,22.247059275369512,50386300,ORCL
2011-09-09,21.071895599365234,21.55817042236175,20.88549074006117,21.41228782088029,38961600,ORCL
2011-09-12,21.679737091064453,21.6959466112894,20.990847939753493,21.00705745997844,37358200,ORCL
2011-09-13,22.465890884399414,22.522624231986143,21.687852095975067,21.736479133795175,42359400,ORCL
2011-09-14,22.814380645751953,23.162877653674187,22.41725661569469,22.709021840155195,34972000,ORCL
2011-09-15,23.46274185180664,23.503264102619177,22.903525824809936,23.18718621797202,28846400,ORCL
2011-09-16,23.68967056274414,23.746402336122454,23.3411736167632,23.535684762381543,58059500,ORCL
2011-09-19,23.51947784423828,23.697777943982228,22.830588635960446,23.29254917979821,34514300,ORCL
2011-09-20,22.97647476196289,23.79503717664449,22.871114401455443,23.69778157816264,50913400,ORCL
2011-09-21,23.940914154052734,25.0917622653594,23.88418083325634,24.159736493824816,83318400,ORCL
2011-09-22,22.968366622924805,23.527582753867627,22.555033095343155,23.29254932715794,61371400,ORCL
2011-09-23,23.422218322753906,23.5681009006653,22.53881964169029,22.77385302739749,43991700,ORCL
2011-09-26,24.078691482543945,24.143529566265435,23.21960696895918,23.551894418906826,37762600,ORCL
2011-09-27,24.419082641601562,24.78378911770764,24.119214246425393,24.516338217171494,38514400,ORCL
2011-09-28,23.867979049682617,24.64601767251153,23.843664763034713,24.508239806490742,31357100,ORCL
2011-09-29,24.030067443847656,24.816212302329987,23.568106860851955,24.297518389046495,44358800,ORCL
2011-09-30,23.292552947998047,24.103010607479504,23.292552947998047,23.713991301926477,42188000,ORCL
2011-10-03,22.644184112548828,23.51137343348088,22.627974590742134,23.170981204665722,45214600,ORCL
2011-10-04,23.252031326293945,23.31686787901224,21.882357411066465,22.238959223929758,50300200,ORCL
2011-10-05,23.91659927368164,23.98143580714023,23.00888625943653,23.21960537963316,43277100,ORCL
2011-10-06,24.370464324951172,24.394778613978062,23.487065252705527,23.876084602182836,34994100,ORCL
2011-10-07,24.289247512817383,24.638441223826554,23.996899001476585,24.40293791215413,37977000,ORCL
2011-10-10,25.150053024291992,25.198778815485298,24.540994574617265,24.711531745962372,27708200,ORCL
2011-10-11,25.117570877075195,25.336832292135284,24.955154669864225,25.093207981318827,25382700,ORCL
2011-10-12,25.263744354248047,25.62105752053893,25.239381459262702,25.474884797373946,30322800,ORCL
2011-10-13,25.288105010986328,25.418037349534934,24.82522086129246,25.14193074289023,27161500,ORCL
2011-10-14,25.864683151245117,25.87280411665707,25.39367799976225,25.629179801045794,23613200,ORCL
2011-10-17,25.361188888549805,25.783469709067948,25.13380809974423,25.653537387203205,25074700,ORCL
2011-10-18,25.889049530029297,25.986499584996107,24.98764387893768,25.288111912996193,29754800,ORCL
2011-10-19,25.572336196899414,26.132670454162415,25.37743766152878,25.84844284257012,25586300,ORCL
2011-10-20,25.60481834411621,25.783474935667062,25.07696643700931,25.653542587463576,25102300,ORCL
2011-10-21,26.083946228027344,26.18951724244409,25.84032343138495,25.937773479391485,32837700,ORCL
2011-10-24,26.693012237548828,26.733615532045153,25.99462442001392,25.99462442001392,27941900,ORCL
2011-10-25,26.286964416503906,26.757971151058467,26.20575785432708,26.733606704139998,30540900,ORCL
2011-10-26,26.311330795288086,26.603676299288704,25.629183541373298,26.57931494841332,33683500,ORCL
2011-10-27,27.334543228149414,27.45635615779922,26.75796863651416,26.87165905201052,35578800,ORCL
2011-10-28,27.358909606933594,27.44823869206244,27.123409316304524,27.20461588578599,26333800,ORCL
2011-10-31,26.61179542541504,27.099040967857164,26.603672910936428,27.001592478935063,28859900,ORCL
2011-11-01,25.7347469329834,26.15702622850021,25.677901732562802,25.95400677047491,31480100,ORCL
2011-11-02,26.213871002197266,26.506219512647668,25.82407402087375,25.954006347981586,26470800,ORCL
2011-11-03,26.887901306152344,26.920385167494185,26.132668568027896,26.19763319288006,27467100,ORCL
2011-11-04,26.433130264282227,26.701117409971264,26.083936582352695,26.652391629528495,23837800,ORCL
2011-11-07,26.693012237548828,26.733615532045153,25.824088724429664,26.303215034285046,23980000,ORCL
2011-11-08,27.293935775756836,27.415745588942062,26.676754903426723,26.904138797468296,30171400,ORCL
2011-11-09,25.653545379638672,26.66864292853569,25.53173398355422,26.66864292853569,36933000,ORCL
2011-11-10,25.767229080200195,26.010851808745613,25.418035366747045,25.937766229314413,25303800,ORCL
2011-11-11,26.286964416503906,26.603674345958012,25.98649641905152,26.00273835105324,21664700,ORCL
2011-11-14,26.230113983154297,26.400649588485077,26.051458962354452,26.230113983154297,16781600,ORCL
2011-11-15,26.766094207763672,26.928510452034256,26.100190394303244,26.15703561512312,21397300,ORCL
2011-11-16,25.978376388549805,26.847301194941764,25.978376388549805,26.47374294111366,24295200,ORCL
2011-11-17,25.028244018554688,25.986496318111595,24.744016405292168,25.864684926403623,41500400,ORCL
2011-11-18,24.849584579467773,25.085086370051492,24.597840858798083,24.955154027195157,26601000,ORCL
2011-11-21,24.289247512817383,24.646562187909968,23.988779586308695,24.516629860406397,25360400,ORCL
2011-11-22,24.208040237426758,24.29736929644182,23.769519004539926,24.02126270395488,25437400,ORCL
2011-11-23,23.550260543823242,24.029386658110838,23.54213957845548,23.956299518716744,24399700,ORCL
2011-11-25,23.339122772216797,23.818248941546607,23.23355330813956,23.29039852332853,13641400,ORCL
2011-11-28,24.25676727294922,24.411060956938886,23.842607362886923,23.91569449695178,21067200,ORCL
2011-11-29,24.151199340820312,24.492272160046948,24.110596060711654,24.30549459328175,20155800,ORCL
2011-11-30,25.45863914489746,25.54796664895113,24.890184069682785,24.922667924913554,31879500,ORCL
2011-12-01,25.718509674072266,25.80783874747502,25.288107787304966,25.499248247855952,22197000,ORCL
2011-12-02,25.33683204650879,26.02709704817432,25.33683204650879,25.986493771223074,22391200,ORCL
2011-12-05,25.905288696289062,26.18139689770961,25.621061077661828,25.832201550101605,19992200,ORCL
2011-12-06,25.767229080200195,26.075819521867626,25.612935408282016,26.018974321801398,21049900,ORCL
2011-12-07,25.612947463989258,25.832207403316943,25.0282501620054,25.4099279116707,31366000,ORCL
2011-12-08,24.963275909423828,25.580455335125315,24.89018877026735,25.369314882997244,24494300,ORCL
2011-12-09,25.7347469329834,25.864679262206344,25.020117573341636,25.04448046591427,22621000,ORCL
2011-12-12,25.434284210205078,25.499250392074828,24.98764190346503,25.499250392074828,22536100,ORCL
2011-12-13,25.036352157592773,25.905274935225904,24.849574682738286,25.73473938398879,25309900,ORCL
2011-12-14,24.25676727294922,24.971395135130887,24.159317244557524,24.906428965841645,26644600,ORCL
2011-12-15,23.574626922607422,24.524758326177814,23.395968755955007,24.476032526772975,43170300,ORCL
2011-12-16,23.72079849243164,24.41918609328445,23.51777898510614,23.76140332324629,46100600,ORCL
2011-12-19,23.233551025390625,23.907575672965002,23.14422195377563,23.883212776456606,24849700,ORCL
2011-12-20,23.688310623168945,23.948175283795933,23.44468789106003,23.598981565235086,46428300,ORCL
2011-12-21,20.92725372314453,21.105910353633647,20.228866037650164,20.846045600589076,183503900,ORCL
2011-12-22,20.862281799316406,21.008456069946014,20.610536533714,21.000335105031514,44203700,ORCL
2011-12-23,21.162755966186523,21.178997900781255,20.911012175632706,20.951615463203403,32292800,ORCL
2011-12-27,20.81355857849121,21.276444342249608,20.75671336598997,21.162752368331255,21312400,ORCL
2011-12-28,20.716114044189453,20.919133584157304,20.569939727586014,20.85416739332424,25412300,ORCL
2011-12-29,20.951614379882812,20.984098247392673,20.707991569223083,20.846044908307878,19249800,ORCL
2011-12-30,20.829801559448242,21.016579138192753,20.80544020938693,20.89476774113833,19168800,ORCL
2012-01-03,21.000343322753906,21.650005280978597,20.975980418476873,21.382019529596374,37911800,ORCL
2012-01-04,21.122146606445312,21.300803188878977,20.74858996273677,21.073422365584438,45418500,ORCL
2012-01-05,21.59315299987793,21.844896732843754,21.04093974130842,21.122147846789073,50873400,ORCL
2012-01-06,21.869251251220703,22.047907775703578,21.406367240898796,21.65811087742357,55685000,ORCL
2012-01-09,21.999481201171875,22.072731538377308,21.69834075350794,21.893674468597638,38481100,ORCL
2012-01-10,21.95064926147461,22.46340168389326,21.85298316831124,22.121567253072346,48976300,ORCL
2012-01-11,21.88553237915039,22.056450326732335,21.771588115678533,21.966921804076357,30836000,ORCL
2012-01-12,22.113426208496094,22.18667654811395,21.66578662405313,21.991342826591143,31775700,ORCL
2012-01-13,22.251785278320312,22.276202572896473,21.85297878115519,22.007618542055706,31482600,ORCL
2012-01-17,22.51222801208496,22.691283497698127,22.365727363685963,22.528506206879094,35769400,ORCL
2012-01-18,23.065683364868164,23.155211919372412,22.471542990589295,22.552930892093467,35343800,ORCL
2012-01-19,23.244731903076172,23.44006560198236,22.99242606936912,23.17962067010744,36353100,ORCL
2012-01-20,23.36681365966797,23.56214889747974,23.00870267921938,23.106368745751126,37014000,ORCL
2012-01-23,23.10637855529785,23.529602496274638,23.016851548365114,23.383101781907687,27438400,ORCL
2012-01-24,23.204038619995117,23.391233226020635,22.99242671877633,23.057537953584088,23700900,ORCL
2012-01-25,23.204038619995117,23.309843794417365,22.756397522364278,23.000565817174085,39274500,ORCL
2012-01-26,23.024988174438477,23.472627818109135,22.911042324193055,23.24473766999292,34646400,ORCL
2012-01-27,23.13079071044922,23.30170713758796,22.894761489305864,22.984290028687752,24561500,ORCL
2012-01-30,23.277292251586914,23.350542595171984,22.805235344246757,22.94359693186583,23294900,ORCL
2012-01-31,22.959867477416992,23.391230324749333,22.829645023953287,23.383091227361092,32744000,ORCL
2012-02-01,23.50518226623535,23.554016866526673,22.87848708624276,23.179626026166225,38240800,ORCL
2012-02-02,23.448213577270508,23.80632627036141,23.36682411715328,23.49704818476574,27334400,ORCL
2012-02-03,23.69237518310547,23.781902166498032,23.42379112817901,23.70865182857496,26277200,ORCL
2012-02-06,23.602846145629883,23.659818284498055,23.448206374148867,23.627263441876682,16582600,ORCL
2012-02-07,23.562156677246094,23.602850626341652,23.399377776114566,23.529600276069928,20291700,ORCL
2012-02-08,23.38309669494629,23.59470861939879,23.098234429245828,23.537736476733592,29842600,ORCL
2012-02-09,23.513322830200195,23.521461930755482,23.073822266837656,23.480767980353754,31795300,ORCL
2012-02-10,23.195907592773438,23.30985190524115,23.016852022842052,23.236601546547668,30232000,ORCL
2012-02-13,23.138927459716797,23.33426116476923,23.073816224699318,23.26914992975175,20015200,ORCL
2012-02-14,22.984281539916992,23.155199456305176,22.81336517590269,23.049392757499664,30267900,ORCL
2012-02-15,22.77267837524414,23.073818841587375,22.723845331536268,22.870346015034357,34620600,ORCL
2012-02-16,23.562156677246094,23.602850626341652,22.894764424506555,22.91918172538868,36380600,ORCL
2012-02-17,23.431928634643555,23.627262338371875,23.309843711485858,23.627262338371875,34061000,ORCL
2012-02-21,23.391237258911133,23.586570997011957,23.187764421009287,23.4400703053427,20612200,ORCL
2012-02-22,23.236597061157227,23.66796002882175,23.1959031152382,23.37495865060626,25207600,ORCL
2012-02-23,23.448213577270508,23.505185733640115,23.049406930308407,23.285436209410882,25319100,ORCL
2012-02-24,23.806320190429688,24.04234940925231,23.472624886309344,23.65168041093812,24952400,ORCL
2012-02-27,23.81446075439453,23.912126845699557,23.40751508508302,23.602848820067603,30419400,ORCL
2012-02-28,23.920263290405273,23.920263290405273,23.602846200333005,23.798179913637043,29889400,ORCL
2012-02-29,23.806320190429688,23.96095996992125,23.61912556663036,23.928403573239052,33160700,ORCL
2012-03-01,24.278385162353516,24.39232948394495,23.790049916086733,23.92841154332274,32909600,ORCL
2012-03-02,24.384180068969727,24.62020926658241,24.221402757309463,24.294653090887586,28177200,ORCL
2012-03-05,24.612070083618164,24.758570750271282,24.35162514395675,24.612070083618164,33786600,ORCL
2012-03-06,24.36790657043457,24.742295832724807,24.180710386914956,24.36790657043457,28971600,ORCL
2012-03-07,24.595802307128906,24.64463691828556,24.27838509648539,24.45744068026828,23691100,ORCL
2012-03-08,24.473722457885742,24.774863061160893,24.294666847955355,24.74230664896891,30927300,ORCL
2012-03-09,24.522546768188477,24.65277081808562,24.335352122046682,24.457435519427218,30056300,ORCL
2012-03-12,24.180707931518555,24.351625898702665,23.76562476630216,24.18884703018202,40933900,ORCL
2012-03-13,24.522546768188477,24.60393621723371,24.343491222188668,24.408602470949926,32329200,ORCL
2012-03-14,24.28652000427246,24.546965009298223,24.16443660221347,24.41674250678534,30994400,ORCL
2012-03-15,24.465574264526367,24.522546412318867,24.205129273260887,24.384184816662255,35528500,ORCL
2012-03-16,24.205121994018555,24.546956330347797,24.074899537547807,24.506262394840988,38651200,ORCL
2012-03-19,24.221403121948242,24.32720829850153,23.95281907890985,24.083041551148202,32519400,ORCL
2012-03-20,24.498123168945312,24.53067800670541,24.050482118844467,24.172567029473687,46126400,ORCL
2012-03-21,23.93654441833496,25.352715177442512,23.87957227236002,25.124826593542743,94678000,ORCL
2012-03-22,23.301708221435547,23.87143277648023,23.244736076405985,23.87143277648023,59763200,ORCL
2012-03-23,23.236597061157227,23.513320240055293,23.21218131455562,23.350542904004655,36696300,ORCL
2012-03-26,23.733070373535156,23.757487671585157,23.31798562093198,23.423792360107512,30044300,ORCL
2012-03-27,23.88770866394043,24.026070239496704,23.60284641398641,23.741207989542684,31710000,ORCL
2012-03-28,23.895854949951172,24.050493217326654,23.71679782633243,23.91213160015528,29405300,ORCL
2012-03-29,23.847015380859375,24.074905512427737,23.68423804606013,23.773765036868635,34035400,ORCL
2012-03-30,23.733070373535156,24.001654442587274,23.6354042860841,23.977237144537273,32006100,ORCL
2012-04-02,24.03421401977539,24.156297421428395,23.602851011401786,23.700518664148994,28525300,ORCL
2012-04-03,23.920263290405273,24.172570695083888,23.700513833172202,24.099320358548077,29995400,ORCL
2012-04-04,23.733070373535156,23.993515343237274,23.54587574560857,23.757487671585157,31154000,ORCL
2012-04-05,24.05863380432129,24.115605964490996,23.70866018913602,23.7249383927202,43273500,ORCL
2012-04-09,23.659011840820312,23.854742877768935,23.65085618650595,23.732411174117544,21528500,ORCL
2012-04-10,23.12075424194336,23.61823677846048,22.900556212131466,23.55299309061239,41175000,ORCL
2012-04-11,22.949480056762695,23.283854027109022,22.867926643922434,23.234921668298536,30390100,ORCL
2012-04-12,23.406192779541016,23.422502532637964,22.965796779751255,23.096284137718886,29414300,ORCL
2012-04-13,23.29201316833496,23.463278783122448,23.23492514858309,23.406190763370574,16685800,ORCL
2012-04-16,23.357255935668945,23.463277872979994,23.08812559904123,23.308323571427128,21476800,ORCL
2012-04-17,23.879207611083984,24.009694956865985,23.406190593741268,23.42250034531512,24985300,ORCL
2012-04-18,23.756874084472656,23.936295349465816,23.732408679633114,23.756874084472656,21151400,ORCL
2012-04-19,23.659011840820312,24.026006951774477,23.381725816260094,23.64270053219159,26462100,ORCL
2012-04-20,23.552989959716797,24.083096602989293,23.552989959716797,23.748722552774588,35727900,ORCL
2012-04-23,23.22677230834961,23.373570980082416,23.047352573749542,23.3246386080155,23045500,ORCL
2012-04-24,23.39803695678711,23.528524313815378,23.25939394550307,23.267549599758837,20486900,ORCL
2012-04-25,23.54483413696289,23.64269887079414,23.32463615254473,23.389879826942863,26902800,ORCL
2012-04-26,23.66716766357422,23.830276084426245,23.43881400774296,23.52036899593498,20548300,ORCL
2012-04-27,23.846590042114258,24.009700036616998,23.699791358168227,23.699791358168227,16847800,ORCL
2012-04-30,23.977067947387695,23.993379251503367,23.81395957282573,23.83842497346766,18568500,ORCL
2012-05-01,24.11571502685547,24.28698063816373,23.887362952486907,24.017850296563754,19965400,ORCL
2012-05-02,24.229894638061523,24.295139875255764,23.80581148502346,23.993386875360688,22579000,ORCL
2012-05-03,23.960756301879883,24.319597209653974,23.928135249644903,24.254353549652464,19175800,ORCL
2012-05-04,23.169687271118164,23.773191789583297,23.169687271118164,23.73241506685505,33934300,ORCL
2012-05-07,22.77006721496582,23.202307588386986,22.71297918660554,23.112596940659625,33670500,ORCL
2012-05-08,22.778223037719727,22.851622376304622,22.45200461930471,22.598801740942378,24660200,ORCL
2012-05-09,22.655885696411133,22.761906072730753,22.354132762140047,22.525398361464642,25521100,ORCL
2012-05-10,22.03607177734375,22.631420483399218,21.807718145808074,22.59064377140764,52653300,ORCL
2012-05-11,22.019760131835938,22.272579164467363,21.832184770707194,21.995293171697995,25588900,ORCL
2012-05-14,21.987138748168945,22.272580410283805,21.74247535523159,21.79956337654818,22485200,ORCL
2012-05-15,22.068693161010742,22.45200110371977,21.970828428576176,22.03607210204318,26392900,ORCL
2012-05-16,21.79140281677246,22.35413036047875,21.758781764306416,22.15024372708837,29672800,ORCL
2012-05-17,21.408098220825195,21.791404562311417,21.408098220825195,21.77509481253773,29440600,ORCL
2012-05-18,20.88615608215332,21.44072820910878,20.657802395897477,21.44072820910878,68182500,ORCL
2012-05-21,21.416250228881836,21.57935858758292,20.820901686336597,20.829057337601366,30712700,ORCL
2012-05-22,21.49781036376953,21.60383074468379,21.261301086722014,21.473343404082332,22122800,ORCL
2012-05-23,21.7587833404541,21.897426323423748,21.236834018936225,21.30207768412596,33179600,ORCL
2012-05-24,21.302082061767578,21.73432084915155,21.122660778975437,21.709855441884987,34232000,ORCL
2012-05-25,21.318384170532227,21.473338434963104,21.236830768177338,21.351006775899332,18642900,ORCL
2012-05-29,21.57936668395996,21.840342955754124,21.33470327634719,21.538589967868504,24139900,ORCL
2012-05-30,21.342863082885742,21.481506122314254,21.187908731634508,21.359174394708464,21538300,ORCL
2012-05-31,21.5875186920166,21.79140534910017,21.342855325729023,21.383632034933036,32192300,ORCL
2012-06-01,21.204212188720703,21.432565803052196,21.122657215350046,21.187900882940223,30739700,ORCL
2012-06-04,21.36732292175293,21.481498955354343,21.07372562902724,21.236835581770798,28945200,ORCL
2012-06-05,21.783246994018555,21.970823877471318,21.261297714400737,21.261297714400737,28412000,ORCL
2012-06-06,22.451997756958008,22.48461881106298,21.921891239084516,22.011601860053567,27639000,ORCL
2012-06-07,22.166561126708984,22.6395781840292,22.166561126708984,22.63142252978706,32896100,ORCL
2012-06-08,22.150249481201172,22.23996012096775,21.856652155079257,22.052384742848513,22343200,ORCL
2012-06-11,21.864810943603516,22.362295027397057,21.83218987798693,22.329672406248278,20470800,ORCL
2012-06-12,22.044227600097656,22.14209233184157,21.79956265967414,22.019760639395745,26186900,ORCL
2012-06-13,22.03607177734375,22.329667525853214,21.84849641333151,21.921894183809986,19638800,ORCL
2012-06-14,21.946365356445312,22.305206401863906,21.62014693130666,22.093164036640744,34311700,ORCL
2012-06-15,22.590641021728516,22.639573381268853,22.011602137629804,22.109468412242144,40136400,ORCL
2012-06-18,22.117624282836914,22.3704432910751,21.766938999021416,22.3704432910751,38322000,ORCL
2012-06-19,22.802682876586914,23.446965456659935,22.4519991346644,23.153368174041166,81048700,ORCL
2012-06-20,23.23491668701172,23.30831598725734,22.78636679042742,22.86792174131492,29281700,ORCL
2012-06-21,22.680355072021484,23.357258823942004,22.63142270172887,23.234927120444464,32721900,ORCL
2012-06-22,22.83530616760254,22.94948220067038,22.664042118000776,22.76190684476413,22163000,ORCL
2012-06-25,22.525400161743164,22.631420546536162,22.21549154982789,22.460156489055503,24918800,ORCL
2012-06-26,22.69666290283203,22.79452918395327,22.443843880272176,22.533552952807227,20614200,ORCL
2012-06-27,22.97395133972168,23.21045908144767,22.639577306415738,22.639577306415738,19388200,ORCL
2012-06-28,22.97395133972168,23.047350669523663,22.615110344637767,22.85977529582168,27175800,ORCL
2012-06-29,24.221738815307617,24.229892913844573,23.47959140588767,23.495901158493545,35545300,ORCL
2012-07-02,24.30329132080078,24.30329132080078,23.773186270734048,24.08309489144081,24445300,ORCL
2012-07-03,24.441938400268555,24.450094055387623,24.148342593642916,24.16465234834889,14468000,ORCL
2012-07-05,24.238052368164062,24.409318019399915,24.22989671281643,24.327763021455805,19244600,ORCL
2012-07-06,23.79764747619629,24.0423108076572,23.601916499921252,23.95260174907168,25259400,ORCL
2012-07-09,23.732406616210938,23.94444892106468,23.667162949758378,23.838426990871955,21873200,ORCL
2012-07-10,23.691621780395508,24.140173223918556,23.528513437276352,23.944442278856805,23424100,ORCL
2012-07-11,23.88776969909668,23.961320946156967,23.62625484677187,23.68346102587399,27247300,ORCL
2012-07-12,23.55270767211914,24.08391000259598,23.381089105138887,24.067566490563394,23562000,ORCL
2012-07-13,24.17380142211914,24.239180133222685,23.49549670988808,23.593565555919113,22026800,ORCL
2012-07-16,24.124765396118164,24.312728977135205,23.928629282176303,24.051214158546056,16819600,ORCL
2012-07-17,24.451663970947266,24.557903803416004,24.002185478481042,24.280043861572725,23897100,ORCL
2012-07-18,24.92564582824707,25.138126930554343,24.369926262020467,24.38627132190965,24988700,ORCL
2012-07-19,25.2280330657959,25.42416918490664,24.974689214703794,25.007379347264575,26180000,ORCL
2012-07-20,24.615110397338867,25.195346299043734,24.598765328874965,25.0564163346036,25013000,ORCL
2012-07-23,24.231008529663086,24.353593422844053,23.789702602461308,24.13294123861891,23403200,ORCL
2012-07-24,23.961313247680664,24.247345610044032,23.757004640099826,24.181966917968204,23707500,ORCL
2012-07-25,23.91228485107422,24.157454610321718,23.797872504592227,23.944973424889938,22389100,ORCL
2012-07-26,24.51704216003418,24.811247164755088,24.27187236193446,24.34542361311469,26746600,ORCL
2012-07-27,25.14630699157715,25.203513159571287,24.54972615570804,24.762205762900216,23852100,ORCL
2012-07-30,24.991029739379883,25.334268275134978,24.843927287091837,25.080926028833918,20919700,ORCL
2012-07-31,24.680484771728516,25.08092952615624,24.655967173344727,24.974688158577738,20951600,ORCL
2012-08-01,24.778554916381836,24.942002473693638,24.5415576729063,24.794899983863303,17344400,ORCL
2012-08-02,24.451663970947266,24.843936279872505,24.3045614654124,24.410802856632735,22103400,ORCL
2012-08-03,25.10545539855957,25.228041879739333,24.827595409722004,24.950181890901764,17767200,ORCL
2012-08-06,25.334272384643555,25.538581032906812,25.154481335322355,25.268893679549365,18658400,ORCL
2012-08-07,25.742883682250977,25.906331186273572,25.456851329586893,25.514057488369524,21692700,ORCL
2012-08-08,25.465023040771484,25.99622507361555,25.39147182220452,25.612125477905412,22436100,ORCL
2012-08-09,25.63665008544922,25.78375100408435,25.45685747586523,25.46503000891462,14578500,ORCL
2012-08-10,25.83279037475586,25.840962909125235,25.399655405688303,25.489551724999874,13848800,ORCL
2012-08-13,25.628480911254883,25.783754383289462,25.497723482830235,25.702032159587684,14362100,ORCL
2012-08-14,25.62030029296875,25.849124941133375,25.530404004760644,25.7428851485928,13806800,ORCL
2012-08-15,25.783742904663086,25.898156772662535,25.60395191030796,25.60395191030796,16230100,ORCL
2012-08-16,26.176021575927734,26.32312404397404,25.775578393192422,25.85730060099486,20333700,ORCL
2012-08-17,26.31495475769043,26.39667697073346,26.07795597536201,26.225058452841537,20814500,ORCL
2012-08-20,26.184194564819336,26.2740908601187,26.069780672960743,26.233226640435525,11189200,ORCL
2012-08-21,25.947202682495117,26.372165116277298,25.92268507943984,26.167856433737967,19673100,ORCL
2012-08-22,25.906339645385742,26.02892453405447,25.759237155482698,25.939028221613405,18087900,ORCL
2012-08-23,25.816444396972656,25.94720182477534,25.58761811894221,25.791926794727843,14201700,ORCL
2012-08-24,26.11064910888672,26.151510220105042,25.53858419932133,25.612135446515495,14811400,ORCL
2012-08-27,26.01258087158203,26.208717015796182,25.947202156843982,26.208717015796182,14708300,ORCL
2012-08-28,25.808271408081055,26.151510039702206,25.79192634020589,25.922683765704285,15993500,ORCL
2012-08-29,25.734710693359375,26.06160413683828,25.710193100566872,25.86546807075094,15845300,ORCL
2012-08-30,25.47319984436035,25.644818343969312,25.46502731217643,25.57943964524907,17984700,ORCL
2012-08-31,25.865482330322266,25.95537866137016,25.44051984014356,25.710207274535477,21240300,ORCL
2012-09-04,25.800098419189453,25.988062020184948,25.514065971423758,25.849132063198834,16654700,ORCL
2012-09-05,26.208715438842773,26.24140557362062,25.832788241406046,25.865476817432473,22994600,ORCL
2012-09-06,26.666362762451172,26.797120158508918,26.282261547624323,26.29860661181932,22699700,ORCL
2012-09-07,26.641847610473633,26.674537743775478,26.37216180449017,26.674537743775478,19068700,ORCL
2012-09-10,26.404855728149414,26.764437893578805,26.39668163489923,26.633680459104195,18589900,ORCL
2012-09-11,26.413021087646484,26.527433428796165,26.282263680975063,26.388505048115118,21554800,ORCL
2012-09-12,26.363981246948242,26.560118881156093,26.347639301807696,26.560118881156093,20602100,ORCL
2012-09-13,26.65818977355957,26.797121266208872,26.225056465745734,26.413020035504612,27451700,ORCL
2012-09-14,26.927879333496094,26.968740437931867,26.64184536744081,26.68270958937902,23162900,ORCL
2012-09-17,27.050458908081055,27.074978061355605,26.76442809906135,26.813463288108448,25017900,ORCL
2012-09-18,26.98508071899414,27.189389322453362,26.919700469486283,27.05045785100011,25285000,ORCL
2012-09-19,26.788951873779297,27.03412477233971,26.60916236367201,26.976915476506814,20913400,ORCL
2012-09-20,26.363981246948242,26.870668836359382,26.30677508645052,26.64184107686657,38005700,ORCL
2012-09-21,26.535612106323242,27.20574432101762,26.38033551578231,26.993261550015195,62905800,ORCL
2012-09-24,26.331295013427734,26.511084472777814,26.21688268906804,26.355811049361378,18511200,ORCL
2012-09-25,25.579448699951172,26.339477315831,25.538587583318538,26.298616199198367,30757800,ORCL
2012-09-26,25.11362075805664,25.399653201152674,24.982863336998694,25.350619557943798,29234500,ORCL
2012-09-27,25.514066696166992,25.677514259176345,25.08910583809534,25.138139483497554,23400200,ORCL
2012-09-28,25.710203170776367,25.832789624002828,25.391482133391182,25.440515779430864,27014800,ORCL
2012-10-01,25.881820678710938,26.151508043054886,25.775580863136618,25.914509253214053,28412900,ORCL
2012-10-02,25.865482330322266,26.159685812271427,25.661173620669246,25.979896267679152,21859900,ORCL
2012-10-03,26.00440788269043,26.192371489431707,25.898168057630592,25.996235348647136,19700800,ORCL
2012-10-04,26.06978416442871,26.135162871924877,25.865475508659284,26.028923056775362,25156900,ORCL
2012-10-05,25.65299415588379,26.225059011887634,25.56309940786989,26.19236887897252,31239000,ORCL
2012-10-08,25.481380462646484,25.64482648193846,25.21986558477802,25.49772553220117,22261500,ORCL
2012-10-09,25.048242568969727,25.4159987975706,24.876624034790286,25.38330866224988,23311300,ORCL
2012-10-10,25.040048599243164,25.154685339903967,24.91722329684824,25.040048599243164,23103700,ORCL
2012-10-11,25.154693603515625,25.457664239973738,25.072811082891945,25.162882167939788,20436300,ORCL
2012-10-12,25.38396453857422,25.539544113375143,25.121936767420266,25.121936767420266,18639800,ORCL
2012-10-15,25.629615783691406,25.695122728013725,25.400342259467656,25.433094950724442,26143200,ORCL
2012-10-16,26.09635353088379,26.112729094987746,25.613239249121527,25.71149888098003,22024500,ORCL
2012-10-17,25.57229232788086,25.95714691598376,25.55591520459809,25.81794449169709,28326200,ORCL
2012-10-18,25.482221603393555,25.58048122074559,25.187439627720526,25.49859716507992,26013900,ORCL
2012-10-19,24.95816993713379,25.58867527063638,24.892662990913312,25.441284251188108,26239700,ORCL
2012-10-22,25.220191955566406,25.2938874484405,24.818961806478807,25.04823684673248,17338400,ORCL
2012-10-23,25.048240661621094,25.25295004815817,24.93360390493911,24.990922283280103,21384700,ORCL
2012-10-24,25.056425094604492,25.343018500880717,24.8680928648661,25.30207569323645,21642700,ORCL
2012-10-25,25.269329071044922,25.56410954775946,25.14650218045434,25.277517634538214,20696000,ORCL
2012-10-26,25.375774383544922,25.465847009906636,25.06461681527232,25.228383381065253,19815600,ORCL
2012-10-31,25.449474334716797,25.703313571256146,25.269330612303207,25.580488234982838,21844400,ORCL
2012-11-01,25.77700424194336,25.809758491759865,25.32664423962653,25.54773074046218,22886100,ORCL
2012-11-02,25.555917739868164,26.047220554431796,25.531353614315567,26.039031991978067,17251200,ORCL
2012-11-05,25.58867645263672,25.670560529646927,25.195634757158345,25.34302578341495,13590100,ORCL
2012-11-06,25.899826049804688,26.12910108206393,25.654175456662088,25.736059508312415,15018800,ORCL
2012-11-07,25.212018966674805,25.6705677402004,25.18745326812887,25.629624909290516,22295700,ORCL
2012-11-08,24.909042358398438,25.367591023186566,24.900853794158248,25.162881602608607,17902800,ORCL
2012-11-09,24.851720809936523,25.162878402446722,24.786213866154966,24.89266206412172,15537900,ORCL
2012-11-12,24.810773849487305,25.015483209835576,24.638818736462824,24.900846467819257,10964600,ORCL
2012-11-13,24.581504821777344,24.97454649006559,24.475055060485474,24.630634639861185,20901000,ORCL
2012-11-14,24.22121238708496,24.687949496771243,24.172082576014965,24.64700824784767,22562900,ORCL
2012-11-15,24.524185180664062,24.622444811784522,24.20483747500088,24.221214600790514,26295000,ORCL
2012-11-16,24.56513214111328,24.671580359862126,24.38498840099637,24.58969783550565,25491700,ORCL
2012-11-19,24.679763793945312,24.778024989278073,24.44230171142161,24.76983642618295,22551100,ORCL
2012-11-20,24.728893280029297,24.728893280029297,24.384981465397072,24.58150227921426,17448200,ORCL
2012-11-21,24.892658233642578,24.99910797703759,24.671571746722318,24.720703118354706,17423900,ORCL
2012-11-23,25.31846046447754,25.433097236894064,25.040055535629797,25.09737392183806,8211500,ORCL
2012-11-26,25.351205825805664,25.35939438743956,25.040048292759774,25.154685032017454,15644900,ORCL
2012-11-27,25.56410789489746,26.01446948705736,25.51497807892302,25.54773233077844,24696300,ORCL
2012-11-28,26.039039611816406,26.055416741516325,25.375781477060126,25.506795391041393,21603200,ORCL
2012-11-29,26.07179069519043,26.317441363528246,26.047225003633105,26.137297644201105,22205300,ORCL
2012-11-30,26.350194931030273,26.399326312862282,25.998094503611632,26.079978578189497,26610600,ORCL
2012-12-03,26.456649780273438,26.612227833876613,26.374764128152105,26.505778047928,22159300,ORCL
2012-12-04,26.513961791992188,26.58765729935085,26.21098963750797,26.38294790375651,17391100,ORCL
2012-12-05,26.202802658081055,26.30106229343596,25.637804288459733,26.1618614036513,30775300,ORCL
2012-12-06,26.22736930847168,26.292877820753656,26.12092109963126,26.194616614139587,25132600,ORCL
2012-12-07,26.137296676635742,26.342004518133358,26.014471347013654,26.32563051465234,18421100,ORCL
2012-12-10,26.26012420654297,26.391138110691774,26.13729886662958,26.13729886662958,20712600,ORCL
2012-12-11,26.48120880126953,26.612222695750056,26.21918101230848,26.350194906789003,25716300,ORCL
2012-12-12,26.30005645751953,26.66236198956593,26.20947968187036,26.522378843262516,20205300,ORCL
2012-12-13,26.0283260345459,26.35769239451675,25.8471724948467,26.291820378962722,20608200,ORCL
2012-12-14,26.316516876220703,26.44003120038628,25.888339435056253,25.97068179431668,21930800,ORCL
2012-12-17,26.61294937133789,26.73646369842738,26.184770349487426,26.349455071906807,24047300,ORCL
2012-12-18,27.074073791503906,27.131712989846008,26.63765867978419,26.752940217569122,37797600,ORCL
2012-12-19,28.070419311523438,28.284507368814786,27.85633125423209,27.88103287669991,60937600,ORCL
2012-12-20,27.946895599365234,28.20215713046636,27.938662774987996,28.07040995272718,28119900,ORCL
2012-12-21,27.79867935180664,27.930426528218977,27.33756580491369,27.592824192343585,45601600,ORCL
2012-12-24,27.675172805786133,27.69987442393332,27.518720847917983,27.55165843284822,6451900,ORCL
2012-12-26,27.675172805786133,27.872792033165606,27.452848819158486,27.724576042080507,13282100,ORCL
2012-12-27,27.39519691467285,27.683392796441915,27.17287303112263,27.61752079822307,21600200,ORCL
2012-12-28,27.189342498779297,27.57635109924517,27.17287371353611,27.205811284022484,16792100,ORCL
2012-12-31,27.436372756958008,27.55165113256789,26.91761692561338,27.098770453628998,25320000,ORCL
2013-01-02,28.564462661743164,28.60563620920504,27.938664318190963,28.062178678375272,33758400,ORCL
2013-01-03,28.251554489135742,28.61385832708576,28.111571390566755,28.515048760572025,21819500,ORCL
2013-01-04,28.49859046936035,28.613868862922644,28.325672879016917,28.366843285131928,21687300,ORCL
2013-01-07,28.350379943847656,28.424487945539642,28.169226352800308,28.35861277021288,14008300,ORCL
2013-01-08,28.35860824584961,28.41624744451408,28.045710636271256,28.119818626139967,17408900,ORCL
2013-01-09,28.375080108642578,28.655043307219074,28.30920807779574,28.40801769461654,18932700,ORCL
2013-01-10,28.74560546875,28.75383829050306,28.333895276908205,28.457409590900536,17843600,ORCL
2013-01-11,28.70444679260254,28.819725190789573,28.63857162729522,28.786787608135914,15105200,ORCL
2013-01-14,28.78677749633789,28.819715067421722,28.49034563878275,28.67973510196494,14589400,ORCL
2013-01-15,28.572690963745117,28.720906899770696,28.424475027719534,28.46564542303779,16263600,ORCL
2013-01-16,28.52328872680664,28.712675085520047,28.45741671299776,28.515055902993133,17608200,ORCL
2013-01-17,28.506816864013672,28.663268769501602,28.490348077062315,28.62209523157324,17827100,ORCL
2013-01-18,28.910297393798828,28.926766182517373,28.333902353050835,28.48211831041747,30088900,ORCL
2013-01-22,28.76207733154297,28.803247726913405,28.43270788637982,28.778546117911105,19309500,ORCL
2013-01-23,28.564462661743164,28.984408973489288,28.564462661743164,28.786786625414525,17235800,ORCL
2013-01-24,28.77031135559082,29.149087175675607,28.663268951377685,28.720908135523203,18662000,ORCL
2013-01-25,29.132614135742188,29.149082920393877,28.720903942748485,28.819713509559115,18061300,ORCL
2013-01-28,29.264373779296875,29.47022896377516,29.132626586874807,29.157328203859933,20119500,ORCL
2013-01-29,29.461990356445312,29.536098341858583,28.87736243879647,29.11615518525041,18284800,ORCL
2013-01-30,29.132614135742188,29.54432432873589,29.05850617535934,29.445511620825766,14249900,ORCL
2013-01-31,29.23967170715332,29.387887704880804,29.025583677714252,29.04205247091743,19077700,ORCL
2013-02-01,29.816064834594727,29.898408794893104,29.48669841670394,29.53610165178206,27725700,ORCL
2013-02-04,28.92676544189453,29.643140456758132,28.84442150041009,29.486691679587977,23595800,ORCL
2013-02-05,29.21497344970703,29.412595849784733,28.935010215239483,28.99264942753267,16662700,ORCL
2013-02-06,28.902063369750977,29.165557724741603,28.82795538609108,29.074984092357717,15603500,ORCL
2013-02-07,28.457416534423828,28.976169241126943,28.36683976754226,28.94323480497931,26869300,ORCL
2013-02-08,28.737382888793945,28.803254909593214,28.408013361495783,28.622101355469166,19255700,ORCL
2013-02-11,28.78677749633789,28.852652638505553,28.449175245477797,28.803246281879808,12648800,ORCL
2013-02-12,28.910297393798828,29.02557577372837,28.696206281558013,28.7291438589951,14666300,ORCL
2013-02-13,28.811485290527344,29.03380606609298,28.72090853102283,28.992635668436378,13176800,ORCL
2013-02-14,28.737382888793945,28.877362896180273,28.564462159357078,28.71267813253119,15886800,ORCL
2013-02-15,28.663270950317383,28.811486903056526,28.531523785782607,28.65503498566511,18406000,ORCL
2013-02-19,29.149084091186523,29.157316913293297,28.671498740403536,28.762075489076146,16446000,ORCL
2013-02-20,28.827951431274414,29.305536847364273,28.819718608041853,29.23142887387102,16263700,ORCL
2013-02-21,28.226852416992188,28.778545759606683,28.136275663645048,28.778545759606683,20923100,ORCL
2013-02-22,28.613874435424805,28.638576055684283,28.103354389754355,28.416252050045234,13754700,ORCL
2013-02-25,28.226852416992188,29.17378720422165,28.21861959446053,28.87735533548548,19992900,ORCL
2013-02-26,28.259794235229492,28.465649381547365,28.06217505378048,28.22685665795457,15839500,ORCL
2013-02-27,28.556228637695312,28.795021382103215,28.04570870983401,28.202157503876844,15671400,ORCL
2013-02-28,28.19392204284668,28.704441922966907,28.17745325431374,28.572694755803617,23816400,ORCL
2013-03-01,28.515060424804688,28.679745197092394,27.996304491483688,28.095114098416,20376000,ORCL
2013-03-04,28.86089324951172,28.885598005041576,28.325671709905958,28.4327141331668,14750500,ORCL
2013-03-05,29.198497772216797,29.379651334496444,28.99264259366293,29.0008785598215,15410100,ORCL
2013-03-06,29.527862548828125,29.585501738232736,29.21496184841722,29.231430636975716,21340800,ORCL
2013-03-07,29.5937442779541,29.75019625007479,29.445528273366747,29.5937442779541,15098100,ORCL
2013-03-08,29.404354095458984,29.717254858550056,29.371416511743952,29.593740490169118,14985000,ORCL
2013-03-11,29.54433250427246,29.62667330921683,29.346710174865464,29.396116542492305,14111600,ORCL
2013-03-12,29.173795700073242,29.51963088691137,28.951471733777005,29.51963088691137,18411100,ORCL
2013-03-13,29.297311782836914,29.519632621093074,29.10792224623208,29.4949310037537,21228800,ORCL
2013-03-14,29.890172958374023,29.914877717121488,29.330246590312285,29.478462578393387,21040700,ORCL
2013-03-15,29.923112869262695,29.9972208690654,29.72549048942176,29.733726456678262,56178100,ORCL
2013-03-18,29.676088333129883,29.988985996068617,29.643150745104347,29.725491574066904,20654800,ORCL
2013-03-19,29.38788604736328,29.832534015466962,29.157329237724753,29.791363605331647,20548800,ORCL
2013-03-20,29.45376968383789,29.700795356765738,29.149104791930277,29.6266873407772,41088100,ORCL
2013-03-21,26.596485137939453,27.123473827014855,26.497675544012907,26.991726654746007,132669500,ORCL
2013-03-22,26.332988739013672,26.76116780075781,26.053025627146354,26.678827002426292,64333500,ORCL
2013-03-25,25.731897354125977,26.514147661911554,25.65778936410206,26.39063329817145,39694400,ORCL
2013-03-26,25.970691680908203,26.17654687214983,25.86364610195429,25.86364610195429,29420300,ORCL
2013-03-27,26.308290481567383,26.440037660353273,25.764832976438033,25.86364257525232,35028500,ORCL
2013-03-28,26.62118911743164,26.67059234240685,26.176541246053198,26.25888204841205,23676700,ORCL
2013-04-01,26.687061309814453,26.728231711269586,26.382396569726126,26.64589090835932,18677600,ORCL
2013-04-02,26.958791732788086,27.123473339337924,26.785871020150275,26.884683753400537,22619600,ORCL
2013-04-03,26.678834915161133,27.123479755569683,26.51415012855376,27.115246929734784,25545200,ORCL
2013-04-04,26.65412712097168,26.76940551614247,26.53884872580089,26.645894296074058,18163800,ORCL
2013-04-05,26.374162673950195,26.448270658823667,26.077732305006588,26.16007468492714,24415300,ORCL
2013-04-08,26.645893096923828,26.645893096923828,26.267118776115314,26.407100351330378,14134400,ORCL
2013-04-09,27.20582389831543,27.23876148407369,26.72823832812379,26.761175913882056,30087400,ORCL
2013-04-10,27.773975372314453,27.955128902365246,27.296393076408076,27.296393076408076,35941000,ORCL
2013-04-11,27.68339729309082,27.930422823460333,27.633994071676945,27.683397293090824,23080700,ORCL
2013-04-12,27.551654815673828,27.72457240220428,27.189350852309943,27.699870787300092,18408200,ORCL
2013-04-15,27.008193969726562,27.584588994854,27.008193969726562,27.494012229906804,19617500,ORCL
2013-04-16,27.518712997436523,27.57635532517085,27.0987699032299,27.131707478763776,17310600,ORCL
2013-04-17,26.7529354095459,27.279924066021135,26.719997833241155,27.2552193132425,25277000,ORCL
2013-04-18,26.448272705078125,27.008199047198026,26.267120711677727,26.884687823586763,24892500,ORCL
2013-04-19,26.65412712097168,26.728235109453,26.07773357456738,26.143607167600738,30391400,ORCL
2013-04-22,26.77764320373535,26.89292160631765,26.481211230751793,26.752941586353685,18754900,ORCL
2013-04-23,26.728235244750977,27.172883177889705,26.654127255894522,26.942326386381048,23964900,ORCL
2013-04-24,26.769405364990234,27.03290287673653,26.711766167730296,26.75293971528797,22601800,ORCL
2013-04-25,26.571788787841797,26.827050358904096,26.52238241054236,26.810581566470947,25910200,ORCL
2013-04-26,26.645893096923828,26.785873101588617,26.489441161003718,26.514145916786156,22376200,ORCL
2013-04-29,26.547086715698242,26.76117473146556,26.464742754940872,26.670597945182912,31381300,ORCL
2013-04-30,26.991729736328125,27.06583772550886,26.530616151293078,26.530616151293078,50028100,ORCL
2013-05-01,27.304636001586914,27.683408849005048,26.94233194854801,26.96703356956617,32712000,ORCL
2013-05-02,27.741043090820312,27.815151081704638,27.156415130011077,27.263460703755275,22992700,ORCL
2013-05-03,27.48577880859375,27.95512827029492,27.403434869023297,27.938659482380828,23976800,ORCL
2013-05-06,27.59282112121582,27.59282112121582,27.23875317616015,27.53518193426954,17964500,ORCL
2013-05-07,27.386972427368164,27.82338755546977,27.329333226862435,27.60929640407634,17955000,ORCL
2013-05-08,27.551654815673828,27.642231591789944,27.24699004782009,27.24699004782009,21382700,ORCL
2013-05-09,27.74928092956543,27.996306535481835,27.403442568401662,27.41991136094289,18722100,ORCL
2013-05-10,28.012771606445312,28.02100443107167,27.708106837660708,27.85632280973983,17364100,ORCL
2013-05-13,27.815147399902344,27.996300940552153,27.708104981427795,27.955130537977297,12193400,ORCL
2013-05-14,27.724567413330078,28.20215282287613,27.625757830392967,27.708101767090564,23560400,ORCL
2013-05-15,27.988067626953125,28.07864125459348,27.757507722585864,27.782212476578977,18360500,ORCL
2013-05-16,28.300968170166016,28.498590517392046,28.070411382652853,28.070411382652853,25526300,ORCL
2013-05-17,28.844423294067383,28.844423294067383,28.358605002949787,28.482119352306952,26986800,ORCL
2013-05-20,28.737382888793945,28.844425315230335,28.457419732920687,28.66327490220689,18326400,ORCL
2013-05-21,28.902063369750977,29.08321691671971,28.737381753707194,28.737381753707194,19682900,ORCL
2013-05-22,28.095109939575195,28.943235291925976,27.930425191665314,28.8773601363219,33742400,ORCL
2013-05-23,28.185691833496094,28.333907819457757,27.881027036175286,27.955135029156118,20442500,ORCL
2013-05-24,28.037479400634766,28.111587403007068,27.51872338402865,27.741047391145557,22642500,ORCL
2013-05-28,28.432716369628906,28.63857154900033,28.210392398975674,28.547994767500782,21432200,ORCL
2013-05-29,28.32567596435547,28.45742316293429,28.095116011016795,28.32567596435547,16004800,ORCL
2013-05-30,28.276275634765625,28.646815691614513,28.276275634765625,28.39979003408247,17928400,ORCL
2013-05-31,27.815147399902344,28.375073670001417,27.790445786577504,28.09511053495188,24412100,ORCL
2013-06-03,28.317432403564453,28.32566836813626,27.773974962530566,27.872784549691236,19782700,ORCL
2013-06-04,28.128049850463867,28.613868169489145,27.963365088894175,28.276265821766533,20324900,ORCL
2013-06-05,28.095109939575195,28.498587414899387,27.99630034726939,28.078641150674176,22005600,ORCL
2013-06-06,27.461069107055664,27.97982483900738,27.279918754848367,27.97982483900738,29158700,ORCL
2013-06-07,27.839853286743164,28.021003693661086,27.436375786456814,27.658699738724742,20548900,ORCL
2013-06-10,28.037479400634766,28.070416988600517,27.84809298148361,27.97984019224534,16901500,ORCL
2013-06-11,27.64223289489746,28.119818412896514,27.576360871680773,27.716340884204186,15274500,ORCL
2013-06-12,27.601072311401367,27.88926840511171,27.584603514460515,27.85633395233184,13731100,ORCL
2013-06-13,28.2021541595459,28.259793347416082,27.51048076400354,27.559887128363762,15727400,ORCL
2013-06-14,27.806907653808594,28.259788251596436,27.749268476331935,28.119808289467297,17551400,ORCL
2013-06-17,28.218629837036133,28.515061813368845,27.9963058547866,28.02100747244735,19398200,ORCL
2013-06-18,28.32567596435547,28.482124781073765,28.169224006536194,28.21039441713564,16949300,ORCL
2013-06-19,28.070419311523438,28.482129771861945,28.062186484401344,28.350382550197683,19408400,ORCL
2013-06-20,27.345794677734375,28.012766428813265,27.19757873305018,27.89748805874778,35222400,ORCL
2013-06-21,24.817895889282227,25.39429092607231,24.6861487215388,25.287245370686946,140813500,ORCL
2013-06-24,24.84259796142578,25.06492188600854,24.727319587442153,24.801427562303072,78919200,ORCL
2013-06-25,24.6696834564209,25.13903457541158,24.612044258619502,25.114331388975117,64051500,ORCL
2013-06-26,24.817895889282227,24.89200386745667,24.587339131006292,24.859067860795875,52429800,ORCL
2013-06-27,25.07316017150879,25.64131930622552,24.94141298920778,24.95788020908268,43014900,ORCL
2013-06-28,25.28725242614746,25.369594821599193,24.908479605840274,24.933182795640963,39787100,ORCL
2013-07-01,24.793193817138672,25.509568832139735,24.760256240538574,25.43546085533961,33962900,ORCL
2013-07-02,24.784955978393555,24.990811091884282,24.661443224409094,24.776721585387943,33114500,ORCL
2013-07-03,25.27901268005371,25.361353482414366,24.7355552176127,24.743788041408656,18629700,ORCL
2013-07-05,25.6824893951416,25.69072378974914,25.147266310053116,25.517804644091214,22193800,ORCL
2013-07-08,26.061267852783203,26.061267852783203,25.731899848828306,25.81424224245466,28904300,ORCL
2013-07-09,25.954219818115234,26.020093408697242,25.715427070661534,25.93775102783216,28854300,ORCL
2013-07-10,25.813697814941406,25.98727777725877,25.664915440541407,25.921152452697893,28458600,ORCL
2013-07-11,26.334430694580078,26.45014959455971,26.094725457134533,26.094725457134533,33193000,ORCL
2013-07-12,25.83023452758789,26.45016015625,25.821968663352774,26.367503090451237,157674700,ORCL
2013-07-15,26.458431243896484,26.491494709334443,25.888100654066942,26.020351362713168,36543400,ORCL
2013-07-16,26.450157165527344,26.57414353848253,26.334438232424873,26.44189130222685,22531400,ORCL
2013-07-17,26.582408905029297,26.81384678063543,26.491485981582727,26.508017708855245,22357000,ORCL
2013-07-18,26.458431243896484,26.830387347309493,26.293118646365105,26.41710348865184,23615600,ORCL
2013-07-19,26.334430694580078,26.474945600811477,26.045131868079228,26.474945600811477,28512000,ORCL
2013-07-22,26.34270477294922,26.36750078693594,26.202188246332838,26.276579441397526,16760100,ORCL
2013-07-23,26.50802230834961,26.60720953609046,26.293114546174355,26.34270973659734,16771000,ORCL
2013-07-24,26.77251434326172,26.91303242387979,26.698123160135452,26.764250057627255,20003600,ORCL
2013-07-25,26.755992889404297,26.78905635084189,26.425366157791448,26.78905635084189,21050300,ORCL
2013-07-26,26.89651107788086,26.946103117031438,26.582414499804525,26.747728654218662,17308500,ORCL
2013-07-29,26.846912384033203,26.913039298416145,26.590675320456544,26.772521181904807,16119300,ORCL
2013-07-30,26.904773712158203,27.03702439693553,26.85518167605736,26.94610145994392,18340700,ORCL
2013-07-31,26.739458084106445,27.070086354255327,26.40883296706243,26.929571388960216,30540500,ORCL
2013-08-01,27.07008171081543,27.136208614744138,26.78078438888814,26.96262706848344,15797000,ORCL
2013-08-02,26.921308517456055,27.02876319645887,26.846917301701094,26.962636269963166,18998100,ORCL
2013-08-05,27.094884872436523,27.194075254501755,26.904774703135896,26.93783816382431,11151300,ORCL
2013-08-06,27.2767276763916,27.458573536561083,27.028758055409003,27.070085800055303,18620900,ORCL
2013-08-07,27.127944946289062,27.276727347706753,27.01222600143192,27.086617202140765,17416900,ORCL
2013-08-08,27.293251037597656,27.359374778139262,27.078341786353796,27.202328135387088,14204600,ORCL
2013-08-09,27.210601806640625,27.367651656669846,27.028759092597998,27.202337518636156,11646000,ORCL
2013-08-12,27.483373641967773,27.557764854641672,27.070089827802846,27.119685020620533,11746400,ORCL
2013-08-13,27.483373641967773,27.656952087171778,27.367654678498436,27.59909260543711,12738700,ORCL
2013-08-14,27.747875213623047,27.81400213781569,27.466842092014883,27.49163811203448,19684400,ORCL
2013-08-15,27.05355453491211,27.475105735596607,26.89650784132457,27.475105735596607,19574600,ORCL
2013-08-16,26.789051055908203,27.152739600521933,26.69812813147862,26.94609773703819,19504100,ORCL
2013-08-19,26.4997501373291,27.028752732065602,26.458419247718165,26.78078315992089,13385600,ORCL
2013-08-20,26.6154727935791,26.79731549033289,26.450158671262784,26.499753853889068,13870200,ORCL
2013-08-21,26.698129653930664,26.96263100202459,26.532815523095767,26.60720672431623,11955400,ORCL
2013-08-22,26.780790328979492,26.88824184204035,26.557616708375743,26.79731890552345,10271600,ORCL
2013-08-23,26.26004981994629,26.995694389513126,26.26004981994629,26.764256498801252,27128400,ORCL
2013-08-26,26.731197357177734,26.94610355422928,26.251788193461515,26.251788193461515,18888600,ORCL
2013-08-27,26.268314361572266,26.615472756713828,26.11953196700412,26.160859709249802,16061600,ORCL
2013-08-28,26.169126510620117,26.37576838235689,26.169126510620117,26.276581166792564,15919100,ORCL
2013-08-29,26.202190399169922,26.43362829034023,26.086469877032375,26.094735741224515,14012100,ORCL
2013-08-30,26.334430694580078,26.532805050801294,26.210444357114163,26.2352419399177,14044300,ORCL
2013-09-03,26.466693878173828,26.755991265430577,26.301379734124954,26.590677121381702,14647300,ORCL
2013-09-04,26.714658737182617,26.85517683806561,26.417093961764024,26.458421702104502,13040800,ORCL
2013-09-05,26.665063858032227,26.879973155196776,26.582408376417867,26.764254219694866,11437900,ORCL
2013-09-06,26.6154727935791,26.830378945417078,26.326173867801703,26.69812827818495,12625400,ORCL
2013-09-09,27.07008171081543,27.185800639586347,26.656798020573973,26.706393198520505,12400500,ORCL
2013-09-10,27.16100311279297,27.268457749133784,27.070080201512596,27.111407937611634,15918900,ORCL
2013-09-11,27.293251037597656,27.466829403761192,27.06181321604627,27.169264688564365,19692300,ORCL
2013-09-12,27.10314178466797,27.367643061206948,27.06181405141574,27.28498444159856,16250100,ORCL
2013-09-13,26.830379486083984,27.169272024764478,26.739456559322562,27.144476009503975,17638400,ORCL
2013-09-16,27.25193214416504,27.40071455001764,27.094882297373484,27.144477483692636,25316900,ORCL
2013-09-17,27.491640090942383,27.632158238413915,27.21887439177668,27.268469588491136,20282300,ORCL
2013-09-18,27.99584197998047,28.028905438659937,27.38418375993511,27.450307524189082,39152100,ORCL
2013-09-19,28.012374877929688,28.103297816538834,27.4833721294093,27.805732982219844,63316300,ORCL
2013-09-20,28.14462661743164,28.210753540021827,27.830530041338683,28.05370367542274,53470400,ORCL
2013-09-23,28.053699493408203,28.38432775086137,27.896652805325562,27.93798054923102,26293100,ORCL
2013-09-24,27.805728912353516,28.012370777817623,27.764401169881623,27.962778748093204,18958300,ORCL
2013-09-25,27.99584197998047,28.177687849612585,27.85532701025017,27.90491904516441,19653100,ORCL
2013-09-26,27.94624900817871,28.318201869985785,27.847058635465622,28.086763973198295,15621000,ORCL
2013-09-27,27.92144775390625,28.061965861539985,27.698274161620642,27.79746452692844,14068700,ORCL
2013-09-30,27.41724395751953,27.714808778252788,27.30979244689193,27.681748472808504,25132600,ORCL
2013-10-01,27.69001579284668,27.731343544005988,27.326327168297347,27.44204613278553,16300300,ORCL
2013-10-02,27.83877944946289,27.880107172757363,27.49161963696236,27.532950513360003,19451600,ORCL
2013-10-03,27.475107192993164,27.8305283443754,27.342856508981974,27.714809390003737,15480100,ORCL
2013-10-04,27.549758911132812,27.7820384706537,27.425326484327716,27.5248730586775,15054900,ORCL
2013-10-07,27.242826461791992,27.574652652514843,27.201348979083907,27.259418087781043,14150100,ORCL
2013-10-08,26.852933883666992,27.30919256875167,26.76997890984411,27.234534991028717,23780400,ORCL
2013-10-09,26.70361328125,26.927595515405777,26.545997559968313,26.91930128356127,19656000,ORCL
2013-10-10,27.367258071899414,27.37555230141634,26.828041381969157,26.94417958237786,21580700,ORCL
2013-10-11,27.591230392456055,27.690780109706903,27.325770808842833,27.44191214563549,14018800,ORCL
2013-10-14,27.607830047607422,27.66589915064157,27.284301283694642,27.383847865391935,12882400,ORCL
2013-10-15,27.168169021606445,27.591244459778952,27.126691533868662,27.491697856302387,20677000,ORCL
2013-10-16,27.392152786254883,27.541474282093574,27.284308780475907,27.300900409405724,16398300,ORCL
2013-10-17,27.267719268798828,27.417040776231865,26.977373651306753,27.06032863786738,22821900,ORCL
2013-10-18,27.2926025390625,27.36726327702946,27.002253818289105,27.168166920941154,17472700,ORCL
2013-10-21,27.334074020385742,27.70737762823427,27.234527446468977,27.566350414367705,16568800,ORCL
2013-10-22,27.2926025390625,27.49169573062158,27.25112189000257,27.450218246090873,19741200,ORCL
2013-10-23,27.12668800354004,27.284303702242926,26.911000032126555,27.259417845744856,24610300,ORCL
2013-10-24,27.433624267578125,27.58294573071121,27.15157296660774,27.159870361520106,26573600,ORCL
2013-10-25,27.499990463256836,27.78204176109384,27.38384908747661,27.5497621740623,19820600,ORCL
2013-10-28,27.491695404052734,27.75715509933098,27.450217920014733,27.574653536657927,17632800,ORCL
2013-10-29,27.964553833007812,27.981145464363706,27.574661571999748,27.574661571999748,15954700,ORCL
2013-10-30,27.815221786499023,28.163639584026686,27.723969430848232,28.055795603300396,14959100,ORCL
2013-10-31,27.790348052978516,28.130468604060624,27.740573156040785,27.790348052978516,16171500,ORCL
2013-11-01,27.815221786499023,28.055795603300396,27.732266825650434,27.95624901737631,15115800,ORCL
2013-11-04,27.964553833007812,28.006031329132487,27.757163187854335,27.956259599594922,12725000,ORCL
2013-11-05,27.790348052978516,27.947963813152565,27.715687289837064,27.831825551494816,11161500,ORCL
2013-11-06,28.263185501098633,28.48716768752394,27.88988185705646,27.92306510642217,25184600,ORCL
2013-11-07,28.205120086669922,28.586718010708434,28.155345206109974,28.35444156382051,17101200,ORCL
2013-11-08,28.495468139648438,28.495468139648438,28.006026180484387,28.138756042400257,14028300,ORCL
2013-11-11,28.512056350708008,28.72774432830147,28.437395614545526,28.462284636285784,11415100,ORCL
2013-11-12,28.785808563232422,28.91024099274433,28.429096569146775,28.586712245673308,16145000,ORCL
2013-11-13,29.034687042236328,29.034687042236328,28.694566549179893,28.702860781656014,14815800,ORCL
2013-11-14,28.52035903930664,28.67797477177795,28.254899298023517,28.34614851290918,25790900,ORCL
2013-11-15,28.96831512451172,28.976612519970924,28.46228476002073,28.50376224372928,21477700,ORCL
2013-11-18,28.97661018371582,29.142523269702355,28.88535782819678,28.935132703351414,15093200,ORCL
2013-11-19,28.83559226989746,29.026394437374442,28.727751419012122,29.026394437374442,14532900,ORCL
2013-11-20,28.82729148864746,29.00979621719616,28.76092498207368,28.901952226278365,12165500,ORCL
2013-11-21,28.98490333557129,29.076155687695213,28.794104401370713,28.90194837792888,11773000,ORCL
2013-11-22,28.893661499023438,29.009799735081906,28.76922586637246,28.885364102430923,13826300,ORCL
2013-11-25,28.85218048095703,29.00150197244168,28.70285898947238,28.968318715549636,14753800,ORCL
2013-11-26,28.97661018371582,29.167409125015215,28.711150511948926,28.777513847626196,28403700,ORCL
2013-11-27,29.275249481201172,29.366501825422834,29.051267317528513,29.08445056352339,16120200,ORCL
2013-11-29,29.275249481201172,29.383090283891757,29.06785894052595,29.117630644989756,11851500,ORCL
2013-12-02,29.101037979125977,29.358200187084783,29.001488255534127,29.341608566486144,20284400,ORCL
2013-12-03,29.09274673461914,29.12592998282891,28.901947804206053,29.026383402728328,16545300,ORCL
2013-12-04,29.09274673461914,29.183999084931646,28.885356180101166,28.951722676520706,20004000,ORCL
2013-12-05,28.910242080688477,29.175701737737942,28.885356226755317,29.175701737737942,20839500,ORCL
2013-12-06,29.43288230895996,29.457768175697538,29.117647617319097,29.159128281255537,15995300,ORCL
2013-12-09,29.53241539001465,29.656850995668172,29.366505468515154,29.432868804209168,16795000,ORCL
2013-12-10,28.86876106262207,29.424569327027488,28.843875211740514,29.383088689520434,25491700,ORCL
2013-12-11,28.66967010498047,29.08445119534144,28.55352874147539,28.993198849137453,17184000,ORCL
2013-12-12,27.873291015625,28.122162228332392,27.616128737136446,28.08068158319521,30946000,ORCL
2013-12-13,27.566356658935547,27.956251978180727,27.558062427783824,27.923068724515343,18221200,ORCL
2013-12-16,27.823516845703125,28.105568119252474,27.665898002981386,27.707378644452564,22756300,ORCL
2013-12-17,27.898178100585938,28.03090792804353,27.690787547400404,27.898178100585938,21782100,ORCL
2013-12-18,28.702852249145508,28.835582081015026,27.956248131577784,28.09727219345779,40179900,ORCL
2013-12-19,30.361982345581055,30.66062531365716,29.44946497826352,29.466056605882123,62855300,ORCL
2013-12-20,30.17116928100586,30.527881196852768,30.17116928100586,30.403448794633004,40783000,ORCL
2013-12-23,30.635725021362305,30.710385728207108,30.295604726742173,30.303898954379196,18002800,ORCL
2013-12-24,30.95926856994629,31.00904345326548,30.594262252527155,30.660625599089986,9670100,ORCL
2013-12-26,31.26620101928711,31.315975895039447,30.94267223821928,30.967561258359922,11516900,ORCL
2013-12-27,31.506778717041016,31.705875080029717,31.34086560863865,31.432117976486417,15373100,ORCL
2013-12-30,31.515071868896484,31.614618454720482,31.36575040789604,31.48188861877885,11683000,ORCL
2013-12-31,31.73905372619629,31.805420232349785,31.423822315554744,31.47359403064068,11746400,ORCL
2014-01-02,31.39064598083496,31.54826172089353,31.15007208980092,31.340871090249678,18162100,ORCL
2014-01-03,31.30740737915039,31.507137058384156,31.257477340288617,31.332375573176833,11693900,ORCL
2014-01-06,31.182586669921875,31.457211474051373,31.140974061317607,31.324059380468153,15329400,ORCL
2014-01-07,31.498825073242188,31.565402716135715,31.207555822074852,31.34070793326517,16792200,ORCL
2014-01-08,31.390649795532227,31.548766978979724,31.257497647734958,31.448903661781177,16111600,ORCL
2014-01-09,31.3323917388916,31.498829520430597,31.17427140199349,31.498829520430597,13623500,ORCL
2014-01-10,31.71520233154297,31.740167362764755,31.28245713431539,31.415609258493333,15402900,ORCL
2014-01-13,31.41560935974121,31.79010070226019,31.37399991603845,31.58205030914932,20848300,ORCL
2014-01-14,31.79840850830078,31.83169731968841,31.382307889742762,31.44056172237322,13486400,ORCL
2014-01-15,31.964855194091797,32.09800728922125,31.723516029608305,31.79009366447121,17010900,ORCL
2014-01-16,31.864994049072266,32.26445036119566,31.765127590093986,31.948212923624258,13463000,ORCL
2014-01-17,31.79840850830078,32.01478260772459,31.64861203165223,31.723510269976508,14051100,ORCL
2014-01-21,31.71520233154297,32.056404848161264,31.457218702061994,32.056404848161264,13540000,ORCL
2014-01-22,31.607017517089844,31.856677371096467,31.582052484068367,31.648626963658067,14006300,ORCL
2014-01-23,31.748498916625977,31.840038445013516,31.565413510655247,31.765140158443472,14174200,ORCL
2014-01-24,30.88299560546875,31.590365551822632,30.88299560546875,31.557076732686877,26815600,ORCL
2014-01-27,30.367027282714844,31.099362151831258,30.367027282714847,31.007819499542688,19073800,ORCL
2014-01-28,30.874679565429688,30.899647773348804,30.441937506397707,30.45857874554736,13899900,ORCL
2014-01-29,30.766494750976562,30.999510187521718,30.55012055310129,30.941256328385432,16553600,ORCL
2014-01-30,31.124338150024414,31.25749026637823,30.858033917316778,30.949573417950074,12975500,ORCL
2014-01-31,30.708234786987305,30.957894587166752,30.525149452043962,30.816418689820555,17039700,ORCL
2014-02-03,29.826101303100586,30.866353157736356,29.80945689247481,30.866353157736356,21272600,ORCL
2014-02-04,29.925962448120117,29.97589567641983,29.493217326645397,29.667982038396158,16228000,ORCL
2014-02-05,29.917652130126953,30.16731200838024,29.51819569000218,29.559805140611463,11458400,ORCL
2014-02-06,30.558433532714844,30.64997618598935,30.05079021880793,30.05911083519829,14762200,ORCL
2014-02-07,30.949575424194336,30.98286424908989,30.550119049238923,30.691594967746482,13114700,ORCL
2014-02-10,31.04112434387207,31.157632079824666,30.849718324150285,30.991194271091082,10976900,ORCL
2014-02-11,31.49051284790039,31.54044609337854,31.11602144330824,31.207564139386054,12066100,ORCL
2014-02-12,31.68191909790039,31.831715660860482,31.340716521068536,31.45722425346025,12343200,ORCL
2014-02-13,31.973175048828125,32.03143206524235,31.44056668100908,31.490499905965724,11683200,ORCL
2014-02-14,31.607017517089844,31.898289992261972,31.557084276449608,31.898289992261972,15641400,ORCL
2014-02-18,31.598691940307617,31.723520260428806,31.398962183678215,31.673590202219042,10560300,ORCL
2014-02-19,31.515470504760742,31.87331741041237,31.457216652640415,31.48218485683259,12491400,ORCL
2014-02-20,31.848369598388672,31.914944104832717,31.374014732055038,31.490522499281045,11786000,ORCL
2014-02-21,31.706872940063477,32.03143416162904,31.690231705251747,31.89828206095977,13243600,ORCL
2014-02-24,31.740154266357422,32.0064584048327,31.6569354135573,31.756798671836595,10388100,ORCL
2014-02-25,31.831697463989258,31.98149394131687,31.53210450933403,31.71518979820018,11766400,ORCL
2014-02-26,32.03976058959961,32.314388632745626,31.91492908369741,31.973182939892553,11482900,ORCL
2014-02-27,32.41423797607422,32.5390662536319,31.92323913198432,32.03974679420977,14055700,ORCL
2014-02-28,32.54738998413086,32.76376090292652,32.16457818763316,32.41423791688837,19257800,ORCL
2014-03-03,32.04807662963867,32.447536121614036,31.939892726217103,32.22284134785162,13293700,ORCL
2014-03-04,32.79705047607422,32.871948714052095,32.50578131426903,32.572355762140596,13682100,ORCL
2014-03-05,32.8719596862793,33.03840062340767,32.70551874915092,32.79706142330137,11929200,ORCL
2014-03-06,32.83866882324219,33.163226884445265,32.80538000296581,33.02175416016562,13081900,ORCL
2014-03-07,32.314388275146484,32.94686006737911,32.122979121655405,32.93021565513654,13821500,ORCL
2014-03-10,32.339351654052734,32.41424991801938,32.16459009632951,32.30606283126825,8670300,ORCL
2014-03-11,32.37263870239258,32.47250199067533,32.13962013027055,32.45585758019543,12841500,ORCL
2014-03-12,32.056400299072266,32.30606009965233,31.856670553850257,32.30606009965233,13226200,ORCL
2014-03-13,31.3323917388916,32.172913964213414,31.224204641213504,32.13962513806674,15361200,ORCL
2014-03-14,31.290771484375,31.623653315428605,31.207552613909805,31.36566973763224,14308300,ORCL
2014-03-17,31.80674171447754,32.023112703359786,31.45721544062563,31.45721544062563,14981300,ORCL
2014-03-18,32.32270812988281,32.40592701453141,31.756810825400862,31.931572387921094,29707200,ORCL
2014-03-19,32.08137130737305,32.42257383917878,31.12434136430681,31.457220102270078,45154900,ORCL
2014-03-20,31.93156623840332,32.19787042750919,31.63197323201014,32.03975330728893,18960200,ORCL
2014-03-21,31.207557678222656,32.3310284847999,31.20755767822266,32.20620015884517,33897900,ORCL
2014-03-24,31.773456573486328,31.90660869928199,31.10769594450803,31.1992386262295,22539000,ORCL
2014-03-25,31.95654296875,32.03976185958537,31.7068799470495,31.731848153977868,19750600,ORCL
2014-03-26,32.52243423461914,32.838668500345335,31.923248173922612,31.956536993871662,31357500,ORCL
2014-03-27,32.65559005737305,32.921894298088674,32.28941934544133,32.44753967090165,26283600,ORCL
2014-03-28,32.930213928222656,33.171553131188205,32.61397646139183,32.888604487096806,18405100,ORCL
2014-03-31,34.04536819458008,34.47811341853379,32.98015113536927,33.08001444102097,48340300,ORCL
2014-04-01,34.52802658081055,34.95244776397975,34.086957819349735,34.15353543413454,35431800,ORCL
2014-04-02,34.22844314575195,34.63622003819111,33.99542460404758,34.42816969624567,22754900,ORCL
2014-04-03,33.59597396850586,34.23676951022519,33.57100893915212,34.15355062931486,22497000,ORCL
2014-04-04,33.370601654052734,33.9966134481274,33.10350354330573,33.88810384561748,23836200,ORCL
2014-04-07,32.94491958618164,33.320524167265106,32.58600585327253,33.22036315791359,27311900,ORCL
2014-04-08,33.58762741088867,33.6794398173182,32.85310587102365,32.91987881970524,22197600,ORCL
2014-04-09,34.12183380126953,34.15521869342701,33.537555203674,33.77961398017335,20314000,ORCL
2014-04-10,33.212013244628906,34.263711660816696,32.95326055604637,34.130162605045854,26397800,ORCL
2014-04-11,32.53593063354492,33.287146322615214,32.52758520769381,32.97831143707423,18655800,ORCL
2014-04-14,33.02838134765625,33.17862442998859,32.61938876668754,32.61938876668754,16022000,ORCL
2014-04-15,33.16193771362305,33.37060835354068,32.752945042458805,33.13689825573254,14553400,ORCL
2014-04-16,33.49580764770508,33.512501678811155,32.978302235599294,33.337215944227786,13614800,ORCL
2014-04-17,33.454078674316406,33.5375456570441,32.87814566768691,33.35391447416962,14644100,ORCL
2014-04-21,33.58762741088867,33.75456137462327,33.43738429627853,33.58762741088867,8593600,ORCL
2014-04-22,33.7712516784668,33.904800745143476,33.50415354511344,33.61266315680727,10396100,ORCL
2014-04-23,33.212013244628906,33.67108792483738,33.178625184671034,33.62100583490057,10048500,ORCL
2014-04-24,33.17863082885742,33.27044641733046,32.56931295924499,33.186976253236246,13966400,ORCL
2014-04-25,32.928226470947266,33.228712691430985,32.744595295304734,33.228712691430985,11647800,ORCL
2014-04-28,33.49580764770508,33.62100810490936,33.09516045334183,33.17862742481135,20141200,ORCL
2014-04-29,33.47911834716797,33.896459631607236,33.44573028023811,33.595973397361156,14996300,ORCL
2014-04-30,34.12183380126953,34.16356730451302,33.40400608285751,33.46243362421084,16480900,ORCL
2014-05-01,34.19694519042969,34.380573186794436,33.92149841979069,33.988274552331504,13945500,ORCL
2014-05-02,34.06339645385742,34.39726756775386,34.06339645385742,34.355534076524464,10710100,ORCL
2014-05-05,34.39726638793945,34.4389998777374,34.03000722003185,34.33049344107497,13722700,ORCL
2014-05-06,34.23033142089844,34.46404470993552,34.19694653737432,34.22198599603276,12647500,ORCL
2014-05-07,34.272071838378906,34.45569986202029,33.79630296756788,34.347193406615474,12570400,ORCL
2014-05-08,34.11348342895508,34.439009195135,33.84638520111196,34.297114654620486,10212900,ORCL
2014-05-09,34.255374908447266,34.439002916573486,33.83803360551997,34.05504968205513,10262400,ORCL
2014-05-12,35.01494216918945,35.17353074619653,34.38058149303709,34.405624140820755,18751400,ORCL
2014-05-13,34.9648551940918,35.131792358493236,34.756184534605396,35.07336482856197,10319200,ORCL
2014-05-14,34.95650100708008,35.07335603765366,34.81460333848303,35.03996797632956,14015200,ORCL
2014-05-15,34.99824905395508,35.19857113712917,34.75619028472945,34.923127476749265,19267000,ORCL
2014-05-16,34.79792022705078,35.031633545595554,34.48908852304656,34.96485740199368,15497400,ORCL
2014-05-19,35.19021224975586,35.22360031220098,34.56420040718378,34.62262792443231,11929700,ORCL
2014-05-20,34.68940734863281,35.14013349826701,34.59759176020658,35.11509404108211,10580200,ORCL
2014-05-21,34.78957748413086,34.88139309663344,34.62264029631363,34.78122887350588,11151700,ORCL
2014-05-22,34.65601348876953,35.006578566990896,34.6476648817296,34.7227864247857,12276200,ORCL
2014-05-23,35.18187713623047,35.24865009662766,34.63098668069093,34.764535785547125,12044200,ORCL
2014-05-27,34.98154830932617,35.34880751410539,34.8313051837207,35.27368595130265,12680200,ORCL
2014-05-28,34.6977424621582,35.215244589251775,34.68939704026357,35.04831067887725,11308800,ORCL
2014-05-29,35.22359085083008,35.231936272169264,34.73112820625747,34.88137126284302,9629500,ORCL
2014-05-30,35.073360443115234,35.22360355388451,34.931462756694835,35.12344254139205,13496500,ORCL
2014-06-02,35.03163528442383,35.073368784215596,34.731148991424035,35.02328667402831,11284900,ORCL
2014-06-03,34.8980827331543,34.989895150017254,34.70610610579455,34.92312219374769,10968400,ORCL
2014-06-04,34.806270599365234,34.881392172690056,34.49743887972405,34.881392172690056,8936300,ORCL
2014-06-05,35.140140533447266,35.332120357170524,34.83965743488709,34.9314698576333,10647800,ORCL
2014-06-06,35.58251953125,35.58251953125,35.26533925704589,35.29872732465925,11447800,ORCL
2014-06-09,35.640953063964844,35.73276867334418,35.39889430906693,35.59921956444566,10307400,ORCL
2014-06-10,35.6075439453125,35.79117505553821,35.465649493999926,35.53242241695289,13457200,ORCL
2014-06-11,35.52408981323242,35.79118796953738,35.35715266952653,35.432274224991126,9622700,ORCL
2014-06-12,35.056663513183594,35.574165749698295,34.92311444621009,35.499044200521894,11060900,ORCL
2014-06-13,35.173526763916016,35.20691483447275,34.81461296558531,35.098405197194204,10324600,ORCL
2014-06-16,35.18187713623047,35.24865009662766,34.86469681817382,35.056673457400734,8150200,ORCL
2014-06-17,35.323768615722656,35.64094890638017,35.03997639441047,35.21525898238112,12792400,ORCL
2014-06-18,35.732765197753906,35.77449869321383,35.30707526550256,35.37385140548772,10307000,ORCL
2014-06-19,35.48234558105469,36.04992983831512,35.41557264823255,35.83291382656755,27255800,ORCL
2014-06-20,34.07173538208008,34.17189637874536,33.32886855402963,33.604312090874316,65103700,ORCL
2014-06-23,34.305450439453125,34.497430221816415,34.01331282987619,34.16355593881894,16956600,ORCL
2014-06-24,34.02165985107422,34.54751075705688,33.93819286843754,34.21363964244889,16459200,ORCL
2014-06-25,33.7712516784668,34.08843190584675,33.712824160799556,33.99661632549511,13889400,ORCL
2014-06-26,33.51250457763672,33.84637567645545,33.370606892991376,33.84637567645545,16642500,ORCL
2014-06-27,33.829689025878906,33.938198669101915,33.41234767324161,33.41234767324161,15320500,ORCL
2014-06-30,33.829689025878906,34.07174777458337,33.79630413755491,33.88811656052318,14098200,ORCL
2014-07-01,34.030006408691406,34.14686145096409,33.72952019481246,33.72952019481246,13147000,ORCL
2014-07-02,34.18024826049805,34.38891888091127,34.03000515907565,34.16355422877767,13400200,ORCL
2014-07-03,34.50577163696289,34.522465667579255,34.19694003071199,34.205285453989795,7863600,ORCL
2014-07-07,34.229515075683594,34.4136807693283,34.11231988639311,34.32996763888552,11959400,ORCL
2014-07-08,33.95328140258789,34.19604158101585,33.80260090931233,34.0621037195854,12350600,ORCL
2014-07-09,33.70216369628906,34.08723805433493,33.476146025115796,33.995155125092055,14711600,ORCL
2014-07-10,33.75236892700195,33.91979203185086,33.392410369242356,33.392410369242356,9566900,ORCL
2014-07-11,33.593326568603516,33.89468758895109,33.4677584123484,33.89468758895109,11942300,ORCL
2014-07-14,33.894676208496094,34.05372638546323,33.702137581996666,33.844448324192356,13586800,ORCL
2014-07-15,33.936546325683594,34.1625671159136,33.78586579886359,33.802608434435946,11813800,ORCL
2014-07-16,33.70216369628906,34.22117598959759,33.59334131930409,34.162578342503444,14722600,ORCL
2014-07-17,33.40915298461914,34.07884221039516,33.36729800675754,33.66028604511888,24447800,ORCL
2014-07-18,33.484493255615234,33.618431100904495,33.39241038822947,33.467750625787815,19123500,ORCL
2014-07-21,33.49287033081055,33.68540901945333,33.41753007670319,33.50961296431561,15864700,ORCL
2014-07-22,33.84446334838867,34.070484138095686,33.45101939667669,33.60169992314804,13728100,ORCL
2014-07-23,33.743995666503906,34.02861395687038,33.68539806495755,33.844448241536256,9191700,ORCL
2014-07-24,33.87793731689453,34.04535722971264,33.77748153720749,33.77748153720749,10797700,ORCL
2014-07-25,33.7607536315918,34.020256501091296,33.71052572459291,33.71052572459291,7483800,ORCL
2014-07-28,33.944915771484375,34.17093655988118,33.67703999116176,33.744010532908014,9658200,ORCL
2014-07-29,34.01189041137695,34.25465067112969,33.90306486459233,34.07885776786101,9450400,ORCL
2014-07-30,34.28813171386719,34.3467293410574,33.97003122150067,34.07885356152181,11406300,ORCL
2014-07-31,33.81098175048828,34.271393101021815,33.777496475783266,34.028632842739334,13689500,ORCL
2014-08-01,33.15802764892578,33.9281696396552,33.12454238150341,33.643551253226754,15074700,ORCL
2014-08-04,33.568206787109375,33.668662576774466,33.091052962856814,33.17476612091106,12356200,ORCL
2014-08-05,33.45100784301758,33.802596681125685,33.32544290988119,33.492862820729705,8806600,ORCL
2014-08-06,33.61842727661133,33.77747745188377,33.30032373273669,33.35892133380179,8184800,ORCL
2014-08-07,33.20825958251953,33.844467028653675,33.14129222643421,33.735641482517025,9180500,ORCL
2014-08-08,33.43427658081055,33.45939213064111,33.11617608738117,33.25848369865255,8862000,ORCL
2014-08-11,33.41753387451172,33.601699670666484,33.32545416976552,33.47613469510466,10292800,ORCL
2014-08-12,33.40078353881836,33.517978755118826,33.25847278093198,33.26684569257067,6704300,ORCL
2014-08-13,33.68540954589844,33.73563425386772,33.5012437677954,33.58495374329812,10629700,ORCL
2014-08-14,33.66868591308594,33.81936650869227,33.467777387833266,33.72728356767366,9707000,ORCL
2014-08-15,33.71889114379883,33.97839717352097,33.467758027507216,33.68540907006922,13418800,ORCL
2014-08-18,34.02025604248047,34.12908157617875,33.8193508038557,33.86120579579159,7633600,ORCL
2014-08-19,34.66482162475586,34.80713238207389,34.020244744347444,34.0872152638689,14378600,ORCL
2014-08-20,34.530879974365234,34.80712854695845,34.39694214340998,34.80712854695845,9627100,ORCL
2014-08-21,34.807132720947266,34.99966817645073,34.45554387669691,34.45554387669691,9569200,ORCL
2014-08-22,34.84899139404297,34.99129897450363,34.54763040797274,34.60622802267189,9260700,ORCL
2014-08-25,34.941062927246094,35.192195936319884,34.85734979533519,34.941062927246094,8856700,ORCL
2014-08-26,35.0247917175293,35.15872960734785,34.97456381134815,35.03316143856056,7320800,ORCL
2014-08-27,34.85737228393555,34.991310188074976,34.6732064682445,34.94945519178107,8440000,ORCL
2014-08-28,34.54762649536133,34.882469513815984,34.49739860559457,34.882469513815984,8737100,ORCL
2014-08-29,34.76527404785156,34.93269715254078,34.52251389904882,34.52251389904882,8970900,ORCL
2014-09-02,34.874107360839844,34.89084999439412,34.706684218627956,34.823879460177025,8538600,ORCL
2014-09-03,35.075008392333984,35.116863370750295,34.840614765208365,34.991295242171205,10041600,ORCL
2014-09-04,34.78201675415039,35.23405817980644,34.631336278931705,35.066635074749,12248100,ORCL
2014-09-05,34.54762649536133,34.95780975180106,34.53925358373513,34.83224481737936,15155600,ORCL
2014-09-08,34.02025604248047,34.472297619382985,33.71052527015742,34.32998681480351,19658500,ORCL
2014-09-09,34.078861236572266,34.24628443482092,33.84447067502329,33.91143803832361,14044100,ORCL
2014-09-10,34.078861236572266,34.16257443236254,33.96166595579778,34.070491513659185,9134500,ORCL
2014-09-11,34.053733825683594,34.06210354489797,33.65192024345296,33.69377522618585,12389100,ORCL
2014-09-12,33.90305709838867,34.103965508481735,33.81934712362622,34.103965508481735,11912300,ORCL
2014-09-15,34.036983489990234,34.12906634715885,33.66028234399581,33.90304565956219,14018100,ORCL
2014-09-16,34.48066329956055,34.59786173390994,33.90305681454153,34.16256284346181,13220100,ORCL
2014-09-17,34.43880081176758,34.59785419850598,34.12907014320193,34.48065578968237,14083300,ORCL
2014-09-18,34.78201675415039,34.96618248904659,34.489028715297465,34.61459364909295,26454500,ORCL
2014-09-19,33.31708526611328,34.03700270865715,32.8817862731023,33.97003535229553,86679100,ORCL
2014-09-22,33.13290786743164,33.26684571376466,32.8482895448077,33.21661782389098,24572600,ORCL
2014-09-23,32.50507354736328,33.141277517808426,32.47995800581285,33.06593727981741,34353300,ORCL
2014-09-24,32.998958587646484,33.116156968086315,32.28741455543033,32.45483761987217,18937000,ORCL
2014-09-25,32.44647979736328,32.9403763107888,32.354400102767706,32.9403763107888,13287800,ORCL
2014-09-26,32.60552215576172,32.65574684607498,32.24556363964447,32.45484169816242,16006400,ORCL
2014-09-29,32.17859649658203,32.33764988143645,32.03628893469133,32.28742199253557,16586000,ORCL
2014-09-30,32.04467010498047,32.28743353143183,31.927474848991874,32.1953506322033,21143300,ORCL
2014-10-01,31.88561248779297,32.15348820909784,31.768417258888398,32.07814796289769,17452400,ORCL
2014-10-02,32.03630447387695,32.27069501577852,31.743313103168358,31.935851840680797,14808100,ORCL
2014-10-03,32.5553092956543,32.747844815142,32.14512589993347,32.228835884639004,15289500,ORCL
2014-10-06,32.815616607666016,32.949969048913566,32.706454248147736,32.723248703705536,14168000,ORCL
2014-10-07,32.29499816894531,32.81561668278432,32.26980808715838,32.698055493610596,14309200,ORCL
2014-10-08,32.76523208618164,32.79042216702308,31.942323012141987,32.59729073973758,16005500,ORCL
2014-10-09,32.53010940551758,32.92476780446593,32.33697481490023,32.74003524441861,15004900,ORCL
2014-10-10,31.99271011352539,32.8324138246753,31.98431448582869,32.46294534492691,18234100,ORCL
2014-10-13,32.101863861083984,32.56370013739132,31.79117446839935,32.001100339740375,20723700,ORCL
2014-10-14,32.29499816894531,32.78202777159183,32.26140925775282,32.462939521692896,19508500,ORCL
2014-10-15,32.16065216064453,32.26981454224899,31.22018488163255,31.891947223783966,24561500,ORCL
2014-10-16,31.53926658630371,32.05988189197413,31.505677675430817,31.900339370150167,21419300,ORCL
2014-10-17,31.799575805664062,31.925532632378825,31.35453390351153,31.64842889489242,21122700,ORCL
2014-10-20,31.74078369140625,31.749182518098078,30.078171563160772,30.48962758428661,16654100,ORCL
2014-10-21,32.20261764526367,32.30338433935286,31.94231169356732,32.152237501432694,15381900,ORCL
2014-10-22,31.60642433166504,32.269790552798085,31.556044195466114,32.21940721338602,16810200,ORCL
2014-10-23,32.101863861083984,32.32858418651804,31.91712806927521,31.97591026020812,9659100,ORCL
2014-10-24,32.5217170715332,32.53011590056607,32.11865976475344,32.17743875512456,8975900,ORCL
2014-10-27,32.269805908203125,32.51332069308353,32.20262809035419,32.32858489721362,7525300,ORCL
2014-10-28,32.45453643798828,32.52171104172278,32.194227240883514,32.194227240883514,11631800,ORCL
2014-10-29,32.39577102661133,32.53012349356438,32.29500427398493,32.52172466257111,10923800,ORCL
2014-10-30,32.328575134277344,32.46292752618735,32.23620726423665,32.244606090538724,9644400,ORCL
2014-10-31,32.7904167175293,32.7904167175293,32.605684150035124,32.647668678864974,16142800,ORCL
2014-11-03,32.74004364013672,32.78202817804044,32.54690899999274,32.76523372223597,10318600,ORCL
2014-11-04,32.85759735107422,32.87439180469286,32.66446593928158,32.68965601810229,12671000,ORCL
2014-11-05,32.99196243286133,33.17669508710272,32.84081549552654,33.03394698140639,12280300,ORCL
2014-11-06,33.42860412597656,33.47058866867038,32.84081091861727,32.93317883447284,11603400,ORCL
2014-11-07,33.53776168823242,33.562954975212946,33.26066115716772,33.32783578161381,13728500,ORCL
2014-11-10,33.96600341796875,33.99959232298475,33.49576835738757,33.562946167419575,11058100,ORCL
2014-11-11,33.9827995300293,34.083563046783816,33.88203281006034,34.033179686799336,7061000,ORCL
2014-11-12,33.70569610595703,34.08356330061866,33.6301226670247,34.05837322204604,10965100,ORCL
2014-11-13,34.192718505859375,34.23470302911744,33.495763247563076,33.73087914037927,11868700,ORCL
2014-11-14,34.29349899291992,34.48663045816439,34.1171619859422,34.310293451186666,11476500,ORCL
2014-11-17,34.56220245361328,34.595791368722885,34.11716053966444,34.18433516666839,11987600,ORCL
2014-11-18,34.64615249633789,34.83088822469305,34.52019893872496,34.58737352880916,9328200,ORCL
2014-11-19,34.360652923583984,34.65455096138191,34.26828826358133,34.553787475697725,9202600,ORCL
2014-11-20,34.360652923583984,34.436226338650485,34.10034698529873,34.1843160228333,9062200,ORCL
2014-11-21,34.79730987548828,34.847693235733296,34.57058955920741,34.696546358212714,12641400,ORCL
2014-11-24,34.78891372680664,34.96525068018858,34.73013474234599,34.83929708629337,9542100,ORCL
2014-11-25,34.55380630493164,34.96525929756093,34.55380630493164,34.85609692670991,12404200,ORCL
2014-11-26,35.15837860107422,35.19196750406865,34.57898443888374,34.57898443888374,11590000,ORCL
2014-11-28,35.6118278503418,35.69579692505318,35.17518161476986,35.25075506329606,11890100,ORCL
2014-12-01,35.334716796875,35.58662714905065,35.27593461826056,35.27593461826056,10802400,ORCL
2014-12-02,35.41869354248047,35.5698404272706,35.14998868134571,35.183577589791206,9083200,ORCL
2014-12-03,35.317928314208984,35.38510292464027,34.96525119899772,35.21716159374036,10326000,ORCL
2014-12-04,35.1751823425293,35.36831378093319,34.839302833519675,35.36831378093319,9177100,ORCL
2014-12-05,35.20876693725586,35.28434037807917,34.92326762783609,35.28434037807917,8925300,ORCL
2014-12-08,34.738525390625,35.29272945272527,34.70493969232646,35.19196595140175,12766500,ORCL
2014-12-09,35.15837860107422,35.20876195556586,34.33546969699527,34.41104312712569,13897500,ORCL
2014-12-10,34.360652923583984,35.107991451780904,34.32706723049822,35.0156235885648,12547600,ORCL
2014-12-11,34.22632598876953,34.96526624068474,34.18434143878686,34.528619873790106,12395800,ORCL
2014-12-12,33.54615783691406,34.24311012550778,33.52096455194727,33.78967263789887,14108200,ORCL
2014-12-15,34.520225524902344,34.973666369244334,34.23472608993323,34.60419462798081,22343100,ORCL
2014-12-16,34.11716079711914,34.730144088026435,34.100366339437606,34.335482340548545,16424500,ORCL
2014-12-17,34.56220245361328,34.956864198112974,34.15914508194381,34.47823336905453,18151000,ORCL
2014-12-18,38.080543518066406,38.09733796851574,36.585872663429,36.804197316056374,54495600,ORCL
2014-12-19,38.62635040283203,38.75230717456156,37.76985268342706,37.87061617888242,41782200,ORCL
2014-12-22,38.33246994018555,38.668349452288545,38.13093967035177,38.26529211583597,21264400,ORCL
2014-12-23,38.6347541809082,39.04621027928709,38.17291792577458,38.23169691079807,14042400,ORCL
2014-12-24,38.81949996948242,39.22255734347549,38.75232534209121,38.928662342610316,10238200,ORCL
2014-12-26,38.71031951904297,39.0462021087912,38.685129445936674,38.78589294157563,6901500,ORCL
2014-12-29,38.29885482788086,38.701911888603334,38.29045600397529,38.643132934115435,9701400,ORCL
2014-12-30,38.07215118408203,38.34085600806101,38.030166655937975,38.24848812421558,9968400,ORCL
2014-12-31,37.761470794677734,38.256896032081244,37.761470794677734,38.16452812631221,13269200,ORCL
2015-01-02,37.224056243896484,37.946198535092606,36.92176248314649,37.80345048319096,15070200,ORCL
2015-01-05,36.7020263671875,37.257734825945576,36.69360795334821,37.18195625375542,18369400,ORCL
2015-01-06,36.3231315612793,37.198794301497486,36.19683608899774,37.097757281290455,19229500,ORCL
2015-01-07,36.331539154052734,36.64307171964643,36.21365892878025,36.48309623178107,13502200,ORCL
2015-01-08,36.55046844482422,36.99671824271821,36.525209991934844,36.73570566443715,17516900,ORCL
2015-01-09,36.53361892700195,37.131425710950246,36.42416030636509,37.030388713697576,15957500,ORCL
2015-01-12,36.43259811401367,36.853589536807576,36.08738527579906,36.424176486888385,16055700,ORCL
2015-01-13,36.14631271362305,37.00513533771512,35.84319846842482,36.76937802927835,12878200,ORCL
2015-01-14,36.255775451660156,36.34839084869816,35.75058391519695,35.75058391519695,12707400,ORCL
2015-01-15,35.89372253417969,36.744123627418574,35.84320241711152,36.60940652714581,13431000,ORCL
2015-01-16,36.63465881347656,36.72727740655771,35.573762228884476,35.77583945123503,17786700,ORCL
2015-01-20,36.96304702758789,37.07250248144962,36.39891686883701,36.67677274073884,16308400,ORCL
2015-01-21,36.61781692504883,36.98828803422977,36.38205966292637,36.786210839825955,15876600,ORCL
2015-01-22,37.089332580566406,38.16707248374204,36.3568086239652,37.00513560602693,17969100,ORCL
2015-01-23,37.207218170166016,37.50191407251553,36.97988243243676,37.03040255590196,14150300,ORCL
2015-01-26,36.96304702758789,37.22405964577615,36.65993269893483,37.19037956216813,12059500,ORCL
2015-01-27,36.54204559326172,36.937775225407925,35.85162012825661,36.2136696860346,14984100,ORCL
2015-01-28,35.94424819946289,37.03040689182319,35.92740815633601,36.99672680556942,15132500,ORCL
2015-01-29,36.087371826171875,36.22208890278099,35.63270048815043,36.05369175404248,12805100,ORCL
2015-01-30,35.27065658569336,35.80110661304771,35.21171805064391,35.43905377665291,22590000,ORCL
2015-02-02,35.93580627441406,35.96106471662524,34.992786959606775,35.54007354959781,16889500,ORCL
2015-02-03,36.23894119262695,36.32313818951222,35.8179497843815,36.154740983832134,12657100,ORCL
2015-02-04,35.71690368652344,36.33997228196278,35.632706703422265,36.17999672930695,12912000,ORCL
2015-02-05,36.339962005615234,36.40732214257505,35.78425372332927,35.78425372332927,9630300,ORCL
2015-02-06,36.188419342041016,36.60099231569205,36.104222349169895,36.42417349160766,9522100,ORCL
2015-02-09,36.54204559326172,36.735701203015964,35.89371861526254,35.89371861526254,12705700,ORCL
2015-02-10,37.038814544677734,37.097753067429544,36.67676178382602,36.870417388854605,12714800,ORCL
2015-02-11,36.50836181640625,37.04723010401384,36.281026155338985,37.013550033061286,12836900,ORCL
2015-02-12,36.95461654663086,37.097755261715,36.55046527589547,36.609403802133414,12519700,ORCL
2015-02-13,36.9882926940918,37.24088680998786,36.878834066170405,36.878834066170405,10155700,ORCL
2015-02-17,36.91252136230469,36.963041480134606,36.659927196973264,36.7693826344078,10118600,ORCL
2015-02-18,37.131439208984375,37.13986083543,36.75254952857569,36.80306643961183,8661100,ORCL
2015-02-19,37.139854431152344,37.35876850234873,37.04723582767774,37.15669446923035,8465700,ORCL
2015-02-20,36.85358428955078,37.12301850482375,36.592568488294816,37.09776005086353,14731200,ORCL
2015-02-23,36.862003326416016,36.94620352755478,36.45785199667772,36.59256910659048,10995500,ORCL
2015-02-24,36.946197509765625,37.013554447796295,36.525206208370555,36.87041894703816,10522500,ORCL
2015-02-25,36.81988525390625,37.12299939301523,36.52519273638783,36.90408541027405,11785400,ORCL
2015-02-26,36.95461654663086,37.17353382572219,36.80305941861649,36.87883798262368,8519300,ORCL
2015-02-27,36.89567565917969,37.139851373343966,36.77779861424758,36.853577173405164,9549500,ORCL
2015-03-02,37.0724983215332,37.08091994744499,36.609408465569835,36.887264306293375,11091000,ORCL
2015-03-03,36.525211334228516,36.946202694704475,36.34839252177763,36.90410420103871,10058700,ORCL
2015-03-04,36.71886444091797,36.76096293167882,36.05369736640607,36.37365167762466,14697600,ORCL
2015-03-05,36.87882995605469,36.95460850356889,36.42415867096945,36.760952929234385,10983500,ORCL
2015-03-06,35.6832160949707,36.71885409299225,35.61585595920928,36.71885409299225,15086600,ORCL
2015-03-09,35.94424819946289,36.028448415097294,35.52325675702028,35.57377688640092,11474200,ORCL
2015-03-10,35.21171188354492,35.82635879277306,35.17803180887,35.56534624381418,13960700,ORCL
2015-03-11,34.917015075683594,35.497981840617534,34.86649496972521,35.304326252306225,11108800,ORCL
2015-03-12,35.04330825805664,35.161185285766784,34.740194065711634,34.90859119611532,13716700,ORCL
2015-03-13,35.6832160949707,35.75899464174829,34.95068907215142,34.975950729015985,18405400,ORCL
2015-03-16,36.55046844482422,36.651505468290786,35.98634158423439,36.05369852924241,17423200,ORCL
2015-03-17,36.09578323364258,36.491515974597455,36.08736482319811,36.29786041529617,21509000,ORCL
2015-03-18,37.15669631958008,37.83870023020347,36.4999476494681,37.2998318325078,37900300,ORCL
2015-03-19,37.18195343017578,37.45980924440915,37.04723633561355,37.04723633561355,15729600,ORCL
2015-03-20,37.392452239990234,37.66188645180375,37.09775957454081,37.156698107630696,20724700,ORCL
2015-03-23,37.25773620605469,37.56926892019445,37.18195763105753,37.333514781051846,10749200,ORCL
2015-03-24,36.80305862426758,37.468225648206186,36.80305862426758,37.32509014812023,14913400,ORCL
2015-03-25,36.14631271362305,36.836738177948476,36.14631271362305,36.77779965381645,17491000,ORCL
2015-03-26,36.19683837890625,36.39891243210406,35.75058535526852,36.02001956747171,14065600,ORCL
2015-03-27,35.90212631225586,36.30627744832218,35.71688917042673,36.14630196068376,18030800,ORCL
2015-03-30,36.57572555541992,36.73570431627241,36.30629136145767,36.39890996786512,12730100,ORCL
2015-03-31,36.331539154052734,36.68517019414703,36.31469912187095,36.46625619959928,13264200,ORCL
2015-04-01,36.15473175048828,36.306288875704126,35.96949776226459,36.19683345008836,12050900,ORCL
2015-04-02,36.01108932495117,36.4251084393309,35.892799070319164,36.323717252955994,11183900,ORCL
2015-04-06,36.29836654663086,36.41665679965836,35.66466599983981,35.72381112635357,9766500,ORCL
2015-04-07,36.29836654663086,36.737732645852766,36.28146747860298,36.32371676025651,8075400,ORCL
2015-04-08,36.425113677978516,36.61944815613275,36.20542898220892,36.20542898220892,6947100,ORCL
2015-04-09,36.501155853271484,36.59409912529665,36.11248691859167,36.30682138593158,9399500,ORCL
2015-04-10,36.76308822631836,37.084164147534885,36.39976945991322,36.39976945991322,12542800,ORCL
2015-04-13,36.39976501464844,36.99966749229389,36.357515728282635,36.796881876509275,10943400,ORCL
2015-04-14,36.10404586791992,36.38287576196472,35.918159271890055,36.36597668749211,10510500,ORCL
2015-04-15,37.16865539550781,37.33763965024145,36.18853189147968,36.28992308895347,18188700,ORCL
2015-04-16,36.7208366394043,37.14330370582128,36.54340124506946,36.91517110317596,11960800,ORCL
2015-04-17,36.33218002319336,36.67015508011858,36.21388972022024,36.38287724868285,12473500,ORCL
2015-04-20,36.602542877197266,37.01656198089829,36.54339775140678,36.594094954870464,10426300,ORCL
2015-04-21,36.687049865722656,37.06727098791931,36.67015401421963,36.763094090161985,9312900,ORCL
2015-04-22,36.796897888183594,36.965885437675425,36.61946241164341,36.763099733651345,7343900,ORCL
2015-04-23,36.66169738769531,36.864483030291744,36.32372561425918,36.76308859740931,11311000,ORCL
2015-04-24,36.39976501464844,36.822232092962366,36.1209351958406,36.678591610288265,17767100,ORCL
2015-04-27,36.84758758544922,37.13486539389242,36.39132226206848,36.41666926120004,12916000,ORCL
2015-04-28,37.59958267211914,37.66717897460592,36.712402152579365,36.93208368932318,18287700,ORCL
2015-04-29,37.79390335083008,37.93754382936776,36.90672315655263,37.515076763219646,36608700,ORCL
2015-04-30,36.85602569580078,37.52352442930256,36.763082426178016,37.219347628052745,20196300,ORCL
2015-05-01,37.48971939086914,37.49817053555285,36.70393053998395,36.70393053998395,11942000,ORCL
2015-05-04,37.675621032714844,37.89530253524245,37.37989531331833,37.64182288673564,9168200,ORCL
2015-05-05,37.1094970703125,37.70095147250976,37.08415008354469,37.574213315503535,11410200,ORCL
2015-05-06,36.551856994628906,37.37989545849224,36.33217549124811,37.34609731238178,12732100,ORCL
2015-05-07,36.73774337768555,36.8898318111969,36.34907436900925,36.47581258148964,8787100,ORCL
2015-05-08,37.185550689697266,37.379888381454684,36.91517201834086,37.03346550733129,9582900,ORCL
2015-05-11,37.04190444946289,37.34608118677989,36.83911888352915,37.15174676530897,7429400,ORCL
2015-05-12,36.81377029418945,36.915161461159755,36.56873868610807,36.881366554281044,8515100,ORCL
2015-05-13,36.99966812133789,37.236248657802115,36.85602763622171,36.97431790445382,7451200,ORCL
2015-05-14,37.498172760009766,37.51507182721237,37.177096929495406,37.27004018752594,7293000,ORCL
2015-05-15,37.3038444519043,37.54887290868764,37.12640582870308,37.523525915302336,9369500,ORCL
2015-05-18,37.3798828125,37.52352005012263,37.07570604674911,37.126400025595906,6070900,ORCL
2015-05-19,37.447486877441406,37.56577716044703,37.312297522125206,37.531979015825854,8640000,ORCL
2015-05-20,37.42213439941406,37.684061923942934,37.25314692422795,37.362989266574125,9055700,ORCL
2015-05-21,37.41367721557617,37.55731767441432,37.13485066620532,37.36298323741828,8036400,ORCL
2015-05-22,37.117958068847656,37.4052358134297,37.07571200529666,37.34609067982469,7484300,ORCL
2015-05-26,36.610992431640625,37.03345943930876,36.4589040510267,36.9574152490018,10440400,ORCL
2015-05-27,37.29539489746094,37.38833817473215,36.678593321132546,36.78843566910472,11096800,ORCL
2015-05-28,37.05881118774414,37.38833498033856,36.87292464908353,37.244697726404745,7273200,ORCL
2015-05-29,36.74619674682617,37.041922483657096,36.63635437750234,36.99967641027679,10358700,ORCL
2015-06-01,36.99966812133789,37.227800734286134,36.87292670642174,37.04191418525392,9764300,ORCL
2015-06-02,36.92362976074219,37.1855573323764,36.450465389760296,36.763090180018175,8275900,ORCL
2015-06-03,37.151756286621094,37.25314748398905,36.83068040125984,36.957421815345825,9220900,ORCL
2015-06-04,36.98278045654297,37.270058292203096,36.76309569936043,36.95743345501001,13783100,ORCL
2015-06-05,37.016571044921875,37.19400646574087,36.74619233991148,37.03347011688108,12850700,ORCL
2015-06-08,36.41667175292969,37.084170709862306,36.39977590113176,37.01657763316364,9112200,ORCL
2015-06-09,36.39132308959961,36.644802756185626,36.18008949691646,36.62790368199071,7634200,ORCL
2015-06-10,37.126407623291016,37.219350901087125,36.38286784725851,36.56875117968254,15518400,ORCL
2015-06-11,37.41367721557617,37.5319674621679,37.202443711471666,37.32073395806339,12519300,ORCL
2015-06-12,37.464385986328125,37.50663205556159,37.09261606463773,37.16020913077758,11742300,ORCL
2015-06-15,36.940521240234375,37.168653842393795,36.678590499273284,37.09260964167399,16727800,ORCL
2015-06-16,37.717864990234375,37.9206506315787,36.974321936196404,37.101063364932656,18271600,ORCL
2015-06-17,37.94599914550781,38.224829010610534,37.48973385161348,37.903753075295796,27080800,ORCL
2015-06-18,36.11247253417969,36.315254844036396,34.616939300528,35.41117592327239,79138400,ORCL
2015-06-19,35.14081954956055,36.41666899275503,35.11547255061583,36.24768470223191,37430200,ORCL
2015-06-22,35.05630874633789,35.45342548551292,35.022510616954094,35.318236191144756,22368300,ORCL
2015-06-23,35.2421989440918,35.537927799622175,35.04786449665806,35.436533391525536,17394300,ORCL
2015-06-24,34.81129837036133,35.29291072667443,34.81129837036133,35.09857619896642,17768200,ORCL
2015-06-25,34.692996978759766,35.039419847532805,34.692996978759766,34.8450853819448,13587200,ORCL
2015-06-26,34.633853912353516,34.95492658429945,34.61695484175087,34.726793965915874,39687300,ORCL
2015-06-29,34.1522331237793,34.5578043085595,34.11843821102065,34.3296717258085,18195500,ORCL
2015-06-30,34.05084991455078,34.43107097485774,33.89031356605158,34.30432954703262,16691500,ORCL
2015-07-01,34.000160217285156,34.38882925107011,33.73822940416809,34.31278502940186,13948600,ORCL
2015-07-02,34.10154724121094,34.15224123397112,33.92411182021348,34.118446313187135,11644100,ORCL
2015-07-06,34.050662994384766,34.16939454744002,33.72838932524037,33.8640829909024,12434100,ORCL
2015-07-07,34.059139251708984,34.15242924473617,33.787751945734556,33.957369820766544,16437100,ORCL
2015-07-08,33.7283935546875,34.12699516294984,33.669027770715566,33.83864568286077,14598700,ORCL
2015-07-09,34.07611083984375,34.33053610555553,34.0506692838304,34.12699718706322,13348300,ORCL
2015-07-10,34.228755950927734,34.47470169951588,34.10154174022579,34.39837382013307,10470900,ORCL
2015-07-13,34.60191345214844,34.65279978461042,34.24571883049007,34.36445037104286,10717000,ORCL
2015-07-14,34.58495330810547,34.68672597881705,34.41533866063689,34.610398093379374,9298800,ORCL
2015-07-15,34.59341812133789,34.70366693823364,34.45772453230513,34.45772453230513,9326700,ORCL
2015-07-16,34.73760986328125,34.788496199785946,34.39837732549292,34.788496199785946,14861000,ORCL
2015-07-17,34.2626838684082,34.65280274503617,34.05914175636329,34.55951274514859,14574400,ORCL
2015-07-20,33.86408233642578,34.25420121326544,33.813195999588906,34.22875966244307,17488100,ORCL
2015-07-21,33.558773040771484,33.91497095218008,33.40611725519528,33.71990826546089,14679100,ORCL
2015-07-22,33.43155288696289,33.64357441435923,33.28737980122543,33.380669790910495,16797000,ORCL
2015-07-23,33.07536315917969,33.58421360601324,33.04143893333952,33.541809941309154,18083800,ORCL
2015-07-24,33.07536315917969,33.21953626621204,32.905745265171085,33.160170488587866,12030300,ORCL
2015-07-27,32.659812927246094,32.92272093296295,32.625891922632285,32.83791356863807,15756800,ORCL
2015-07-28,33.31282424926758,33.389152135182584,32.60043172579156,32.897263831101924,14289200,ORCL
2015-07-29,33.74533462524414,33.81317980667723,33.29584695308879,33.38913690835104,13016400,ORCL
2015-07-30,33.626625061035156,34.00826133026137,33.54181448494614,33.948895544595395,13634200,ORCL
2015-07-31,33.87256622314453,34.02522201850992,33.669027319452375,33.71991042777914,13706100,ORCL
2015-08-03,33.67749786376953,33.93192304377891,33.465476341229774,33.881039948892045,12444500,ORCL
2015-08-04,33.635101318359375,33.9234507793919,33.524849197472484,33.57573553831083,9697300,ORCL
2015-08-05,33.618133544921875,33.94040717892316,33.609654107139235,33.83863774957238,11982000,ORCL
2015-08-06,33.34675598144531,33.78776128434127,33.2025828506948,33.609663922169666,10613000,ORCL
2015-08-07,33.550289154052734,33.66053802387078,33.2704191725333,33.38067127754325,10655100,ORCL
2015-08-10,33.83015823364258,33.96585189717056,33.669023019200644,33.71990612102855,9525800,ORCL
2015-08-11,33.21952819824219,33.65205388467696,33.092317235025426,33.52483968626874,10600500,ORCL
2015-08-12,33.31282424926758,33.38067269683293,32.651318061465574,32.8548601689696,11062300,ORCL
2015-08-13,33.3382682800293,33.55028982108348,33.0668809662953,33.26194039584211,7785700,ORCL
2015-08-14,33.423072814941406,33.49940069276296,33.228013401662245,33.355227609762075,7185000,ORCL
2015-08-17,33.685977935791016,33.69445737255364,33.151682834385205,33.42307010346942,7631200,ORCL
2015-08-18,33.779266357421875,33.948880966379214,33.5078758656693,33.51635853723194,9950600,ORCL
2015-08-19,33.52484130859375,33.872556467852434,33.338264573142105,33.669017622779435,11112900,ORCL
2015-08-20,32.761573791503906,33.499407946755795,32.73612900325908,33.23650003617528,13071200,ORCL
2015-08-21,31.84562873840332,32.88029469644055,31.84562873840332,32.49865534837835,19411300,ORCL
2015-08-24,30.598949432373047,31.039951377458802,29.801746391597696,30.302117342759633,32522300,ORCL
2015-08-25,30.064647674560547,31.55727752804228,30.005281916678335,31.35373871107217,21393600,ORCL
2015-08-26,31.302860260009766,31.396150255907507,30.191866217796985,30.556543528019805,20554300,ORCL
2015-08-27,31.226526260375977,31.811704435691937,30.53957543572488,31.676010805103104,28218200,ORCL
2015-08-28,31.76931381225586,31.794758602620966,31.192614836934375,31.2604632976511,21559100,ORCL
2015-08-31,31.455514907836914,31.811709531999018,31.319821255509655,31.5148806785306,15352800,ORCL
2015-09-01,30.53958511352539,30.9975524750864,30.437815667131513,30.810975695896353,19948700,ORCL
2015-09-02,31.167160034179688,31.167160034179688,30.62438551992254,30.84488645314277,15049300,ORCL
2015-09-03,31.294382095336914,31.6081730836963,31.184129983408223,31.218054207877376,11787800,ORCL
2015-09-04,30.760089874267578,31.107805120908356,30.60743408450407,30.82793509461112,13147900,ORCL
2015-09-08,31.955900192260742,32.074631786909066,31.150217354755704,31.150217354755704,18949600,ORCL
2015-09-09,31.455514907836914,32.37992892531382,31.387666464077352,32.14246584253908,14710200,ORCL
2015-09-10,31.896520614624023,32.176387361784684,31.404629094801404,31.404629094801404,16930600,ORCL
2015-09-11,32.15941619873047,32.19334041162317,31.71841437188939,31.76081802040976,12948600,ORCL
2015-09-14,31.854116439819336,32.17638684223191,31.69297800342118,32.066137973865864,15021500,ORCL
2015-09-15,32.21879577636719,32.37993098777195,31.718424794940532,32.03221577933594,14877900,ORCL
2015-09-16,32.456268310546875,32.66828991965534,32.16791879275164,32.44778563447445,19574000,ORCL
2015-09-17,31.158681869506836,32.45625244781157,30.955139800757355,32.45625244781157,37299000,ORCL
2015-09-18,30.85336685180664,31.362217112638735,30.751594211487376,30.777038989162723,34919800,ORCL
2015-09-21,31.23502540588379,31.430084900532954,30.887306856717345,31.039962676041572,14964400,ORCL
2015-09-22,30.692228317260742,30.946656681721365,30.50565161456494,30.819442499491053,19979700,ORCL
2015-09-23,30.52262306213379,30.717682495441426,30.38692940265056,30.6922377100938,16991600,ORCL
2015-09-24,30.58199119567871,30.726164304607593,30.01377172855409,30.403890625271124,18059500,ORCL
2015-09-25,30.57350730895996,30.80249097452337,30.454775756858673,30.700721534892573,19387000,ORCL
2015-09-28,30.056163787841797,30.6498245778472,30.022242809846002,30.29363004495858,21742700,ORCL
2015-09-29,30.115535736083984,30.242749944098577,29.88655533796444,29.945921105653465,19785900,ORCL
2015-09-30,30.632869720458984,30.69223548998921,30.3445203105157,30.437810301260853,16215000,ORCL
2015-10-01,30.73464012145996,30.887292635305457,30.40388384175196,30.726157449184814,18331300,ORCL
2015-10-02,31.285888671875,31.302850778281442,30.225781285404903,30.285147040231948,18772800,ORCL
2015-10-05,31.87957000732422,31.998301593521695,31.39616098626703,31.59969992397896,12741700,ORCL
2015-10-06,31.998292922973633,32.100062364253226,31.811712917967537,31.82019559193629,12427300,ORCL
2015-10-07,31.93892478942871,32.21031210294547,31.67601691406286,32.0152526735548,16335700,ORCL
2015-10-08,32.13398361206055,32.21879416792811,31.66753687796063,31.709940538298454,13247600,ORCL
2015-10-09,32.44050598144531,32.52565361867616,32.06586612178034,32.338332064818545,14656400,ORCL
2015-10-12,32.389427185058594,32.45754206054222,32.091415266671426,32.28724999975682,11022500,ORCL
2015-10-13,32.20209884643555,32.52565336933186,32.13398398522329,32.27873009533072,11575600,ORCL
2015-10-14,31.72528648376465,31.997755712769205,31.62311255291963,31.64865522361821,14069700,ORCL
2015-10-15,31.972192764282227,32.074366640705136,31.725269585548645,31.972192764282227,12205500,ORCL
2015-10-16,31.818950653076172,32.185077462877125,31.62311591147002,32.185077462877125,19694700,ORCL
2015-10-19,31.393224716186523,31.589059474071504,31.13778821668661,31.384711573692098,18100500,ORCL
2015-10-20,31.38469696044922,31.50390038817597,31.180345907167787,31.180345907167787,13678100,ORCL
2015-10-21,31.180341720581055,31.60607004704248,31.137769537544784,31.48686663532118,11062600,ORCL
2015-10-22,32.176551818847656,32.23615353234985,31.376180383732823,31.376180383732823,14701400,ORCL
2015-10-23,32.41496276855469,32.49159401674714,32.17655588442269,32.45753496242823,16469100,ORCL
2015-10-26,32.67040252685547,32.88326676608084,32.30427577554379,32.30427577554379,12330600,ORCL
2015-10-27,32.64486312866211,32.73852392299452,32.38942666560608,32.636349987382275,14110500,ORCL
2015-10-28,33.10464096069336,33.113154099465824,32.670396178150334,32.891776762833025,14020000,ORCL
2015-10-29,33.08760070800781,33.130172884167884,32.80661849886342,32.80661849886342,11432900,ORCL
2015-10-30,33.070579528808594,33.240871524447805,32.781084110636826,33.13869437823448,16471500,ORCL
2015-11-02,33.84540939331055,33.87095205913702,33.121672378459785,33.24938895564223,19789700,ORCL
2015-11-03,34.22856903076172,34.288170755660985,33.70066664677518,33.794324180152316,17153100,ORCL
2015-11-04,34.46696853637695,34.543599773101135,34.10935826369724,34.356278250430975,16863300,ORCL
2015-11-05,34.35628890991211,34.56915316151764,34.18600010706826,34.194513247990166,16358800,ORCL
2015-11-06,34.5861701965332,34.603199720275505,34.16895823302013,34.330733836497714,16481800,ORCL
2015-11-09,34.1434211730957,34.48400524011951,33.870955218696814,34.40737398744167,14604900,ORCL
2015-11-10,33.99016571044922,34.203029984431645,33.879478626575114,33.91353768994456,11294000,ORCL
2015-11-11,33.240882873535156,33.71769672645893,33.18979428298585,33.41117492731541,18861500,ORCL
2015-11-12,32.89178466796875,33.29196724745121,32.78960748984284,32.908814197656405,14591600,ORCL
2015-11-13,31.759342193603516,32.86623553048614,31.691227329574765,32.76406161041784,23987600,ORCL
2015-11-16,32.45753860473633,32.687432375111825,31.980724782965424,32.09141184984764,16741000,ORCL
2015-11-17,32.466068267822266,32.79813610034386,32.32983522760695,32.55121269993739,14820000,ORCL
2015-11-18,32.95137405395508,32.976916714892695,32.483073531151796,32.517129329718806,11958900,ORCL
2015-11-19,33.223854064941406,33.479290527134225,32.883269949983756,32.92584215234075,12306100,ORCL
2015-11-20,33.496307373046875,33.700658414246405,33.37710395236782,33.41967613860325,12023200,ORCL
2015-11-23,33.326019287109375,33.65808692594592,33.249388043681705,33.58145568251826,9111900,ORCL
2015-11-24,33.5984992980957,33.73473231597954,33.019508160076555,33.019508160076555,13766300,ORCL
2015-11-25,33.42819595336914,33.71769142486155,33.41116967391393,33.60700436815141,8014700,ORCL
2015-11-27,33.360076904296875,33.49630985919143,33.27493252550647,33.32601785356077,6869900,ORCL
2015-11-30,33.181270599365234,33.453736499623815,33.181270599365234,33.30047402472215,18969800,ORCL
2015-12-01,33.402645111083984,33.44521729540329,33.130179233781064,33.28344169577014,12718200,ORCL
2015-12-02,32.95137405395508,33.53887799186653,32.90880186970923,33.334530208266656,13694200,ORCL
2015-12-03,32.19358444213867,33.17275786394513,32.14249586219873,33.17275786394513,20322500,ORCL
2015-12-04,33.34306335449219,33.411181488601635,32.25319919315234,32.37240267979246,18206600,ORCL
2015-12-07,33.053558349609375,33.41117195554489,32.781092387015875,33.34305384087127,13798500,ORCL
2015-12-08,32.9769172668457,33.096120683949046,32.576731582527756,32.60227749194241,15219700,ORCL
2015-12-09,32.84920120239258,33.50482000624902,32.636337026373084,32.89177338798657,17516100,ORCL
2015-12-10,32.51713943481445,33.05355821754931,32.449024568463464,32.874753039321185,18358300,ORCL
2015-12-11,31.682720184326172,32.2276522477304,31.52945763548732,32.03181749044771,20346800,ORCL
2015-12-14,32.05735397338867,32.082896641322655,31.37618584667921,31.63162551822043,20142700,ORCL
2015-12-15,32.53416442871094,32.80663035223877,32.312787083863334,32.44050365848887,19262900,ORCL
2015-12-16,33.130184173583984,33.32601884909186,32.6533671931844,32.925833111112745,23478000,ORCL
2015-12-17,31.444313049316406,32.52566402783506,31.11224527797038,32.432003220932074,42879900,ORCL
2015-12-18,30.950454711914062,31.572021060930663,30.916398906967316,31.410242183220834,28726800,ORCL
2015-12-21,31.010061264038086,31.36767488014418,30.73759529369562,31.265500953278398,15042300,ORCL
2015-12-22,31.154815673828125,31.2569896172098,30.86532012753745,30.984523602824595,13924800,ORCL
2015-12-23,31.444313049316406,31.691236404233145,31.20590608487337,31.214419227295785,12832300,ORCL
2015-12-24,31.512414932250977,31.699736468776553,31.27400806616384,31.27400806616384,4953900,ORCL
2015-12-28,31.325090408325195,31.384692112982897,31.052624544733046,31.359149453286538,10921900,ORCL
2015-12-29,31.537967681884766,31.682713811087194,31.486879093198272,31.520938152322604,10708600,ORCL
2015-12-30,31.435789108276367,31.640140205895346,31.359161100726073,31.57202533872269,9585600,ORCL
2015-12-31,31.103729248046875,31.461342946908125,31.0185848306306,31.367682138919434,10332400,ORCL
2016-01-04,30.565092086791992,30.78738223057028,30.23165524040326,30.78738223057028,18784400,ORCL
2016-01-05,30.471046447753906,30.881430527351615,30.34280325744117,30.659140373943885,25340700,ORCL
2016-01-06,30.624940872192383,30.898530258473905,30.231656537093038,30.351351485910858,18165700,ORCL
2016-01-07,29.95806121826172,30.505239882467798,29.8212665522102,30.137603605933947,22591400,ORCL
2016-01-08,29.6246337890625,30.16326112235954,29.59043429637735,30.03501791695492,21962200,ORCL
2016-01-11,29.872562408447266,30.026456814893884,29.513477634366545,29.710119762283426,18726600,ORCL
2016-01-12,30.24020767211914,30.394102124308496,29.915322283224334,30.197459937942778,18457300,ORCL
2016-01-13,29.137298583984375,30.265855601954208,28.957752901828908,30.08630991979874,28322900,ORCL
2016-01-14,29.744321823120117,30.0008114356236,29.077444916880218,29.231339336670782,19523600,ORCL
2016-01-15,29.171497344970703,29.504934229959527,28.778212981211734,28.89790793875203,25425000,ORCL
2016-01-19,29.539134979248047,29.710129180778562,29.274097065246714,29.530586736820926,21423100,ORCL
2016-01-20,29.01758575439453,29.26552702651189,28.325064405886053,28.96628980943305,25278700,ORCL
2016-01-21,29.171497344970703,29.54768522460362,28.718365502441586,28.991954908660258,20380300,ORCL
2016-01-22,29.75287628173828,29.9153222373798,29.522034603808013,29.539134349740962,15892700,ORCL
2016-01-25,29.359601974487305,29.872581482560122,29.325402470897338,29.564795734582933,16793600,ORCL
2016-01-26,30.120500564575195,30.120500564575195,29.1714862459491,29.342480375137523,19728900,ORCL
2016-01-27,29.846920013427734,30.394098778107548,29.6930255781812,29.949515216444524,20567600,ORCL
2016-01-28,30.206008911132812,30.39409957804011,29.872568785027813,30.069210954919814,15472800,ORCL
2016-01-29,31.043869018554688,31.043869018554684,30.359892455241145,30.47959063683039,19059300,ORCL
2016-02-01,31.052425384521484,31.24051931480202,30.650589537628633,30.693340530105353,14144000,ORCL
2016-02-02,30.22310447692871,30.72753551010462,30.13760901833321,30.650588292791596,17404500,ORCL
2016-02-03,30.513797760009766,30.599296491698084,29.872571948841454,30.402654300979645,13855300,ORCL
2016-02-04,31.16356658935547,31.240513796200975,30.488141469427354,30.5223409527903,16925900,ORCL
2016-02-05,30.522340774536133,30.9840240129129,30.24019993060292,30.889977064935163,17312200,ORCL
2016-02-08,30.445402145385742,30.522349373459864,29.479287673220217,30.035018016138128,20118800,ORCL
2016-02-09,29.992263793945312,30.445395560462757,29.598976234716325,30.0350115199756,17819800,ORCL
2016-02-10,30.094865798950195,30.89853431908809,30.04356655923975,30.28295648833547,13368700,ORCL
2016-02-11,29.787071228027344,30.01791287073064,29.470734130149147,29.57332932864754,18889700,ORCL
2016-02-12,30.38555145263672,30.394099694211313,29.846920913039067,30.12906180664258,15837900,ORCL
2016-02-16,30.522340774536133,30.70188316897969,30.28294765383583,30.573636737838733,19676300,ORCL
2016-02-17,31.31746482849121,31.437159773440083,30.75318632984464,30.75318632984464,13186500,ORCL
2016-02-18,31.31746482849121,31.522655230848525,31.120822667297688,31.385860542129436,12866600,ORCL
2016-02-19,31.445701599121094,31.454253099982864,31.137912796936877,31.223411498344703,13203400,ORCL
2016-02-22,31.72784423828125,32.05273279934954,31.54830184720752,31.72784423828125,10109900,ORCL
2016-02-23,31.249052047729492,31.727834877443673,31.103709182058395,31.727834877443673,9417100,ORCL
2016-02-24,31.31746482849121,31.402960285899653,30.582192153585122,30.855781531023297,10978200,ORCL
2016-02-25,31.881746292114258,31.89029453407302,31.2063210268686,31.454262442431123,11566000,ORCL
2016-02-26,31.599597930908203,32.189527591619225,31.497002744392358,32.00143369847169,16551100,ORCL
2016-02-29,31.445701599121094,31.91593630325919,31.317458439172324,31.63379548077633,22300200,ORCL
2016-03-01,32.48021697998047,32.48021697998047,31.66799719719193,31.762044144659537,13030800,ORCL
2016-03-02,32.2835807800293,32.39472750064753,32.00144311869765,32.2835807800293,12791200,ORCL
2016-03-03,32.39472198486328,32.41182172831171,31.97578968542578,32.15533209947042,8832200,ORCL
2016-03-04,32.39472198486328,32.625563629253215,32.29212678561528,32.488768943108354,10638400,ORCL
2016-03-07,32.796546936035156,32.8734941253374,32.078374256361336,32.09547399414423,13011000,ORCL
2016-03-08,32.617027282714844,32.87351700509034,32.437481541752604,32.58282778334644,12384400,ORCL
2016-03-09,32.899147033691406,33.010293715223085,32.591358230337214,32.856399313545985,16786500,ORCL
2016-03-10,32.53152084350586,33.147098640833114,32.06983749551042,33.147098640833114,17620600,ORCL
2016-03-11,33.30098342895508,33.318083169635784,32.72815353119862,32.87349969626359,13143300,ORCL
2016-03-14,33.087249755859375,33.29244017195414,32.959003299718,33.266792185303004,14704500,ORCL
2016-03-15,33.12144470214844,33.23258813668545,32.59991396883238,32.78800461421016,17502900,ORCL
2016-03-16,34.38679885864258,35.010924832384724,33.79686911114183,33.81396885498386,49082300,ORCL
2016-03-17,34.720237731933594,35.01947511298896,34.25855440564002,34.32695338499144,22163500,ORCL
2016-03-18,35.46405792236328,35.47260942531746,34.75443646497695,34.942527131212785,34354000,ORCL
2016-03-21,35.5751953125,35.908632088635194,35.37000169410192,35.41274941334763,17275100,ORCL
2016-03-22,35.37855911254883,35.69489620161071,35.21611318622431,35.327259884008065,11970500,ORCL
2016-03-23,34.839935302734375,35.352914640651385,34.68604084907065,35.31016690606548,13666800,ORCL
2016-03-24,35.02802276611328,35.1135182194627,34.489392277972975,34.71168241354696,11956200,ORCL
2016-03-28,34.72877502441406,35.147710487253306,34.677479067515826,35.147710487253306,14647000,ORCL
2016-03-29,34.79718017578125,34.88267562679027,34.51503931685517,34.54923880183574,15159200,ORCL
2016-03-30,35.02802276611328,35.14771770537946,34.92542430836299,35.01947126391285,9803600,ORCL
2016-03-31,34.97671890258789,35.25885973185189,34.88267195949989,35.164812788763896,10196500,ORCL
2016-04-01,35.190467834472656,35.241767066849945,34.72878452740516,34.78008375978246,9574100,ORCL
2016-04-04,35.1135139465332,35.29305633358413,34.96817104123733,35.18191291004332,10243500,ORCL
2016-04-05,34.65183639526367,35.10497144903356,34.59198892312394,34.92542577117175,9111300,ORCL
2016-04-06,34.839935302734375,34.874134794980336,34.36115219562023,34.540697899189965,12516200,ORCL
2016-04-07,34.173065185546875,34.70314432658261,34.03627046329754,34.70314432658261,12838600,ORCL
2016-04-08,34.50649642944336,34.66039087428769,34.30985425246292,34.30985425246292,8011000,ORCL
2016-04-11,34.532135009765625,35.12206464145102,34.52358677024413,34.70312915317359,10399600,ORCL
2016-04-12,34.686607360839844,34.77242478500026,34.31760389455006,34.592213104663394,9245000,ORCL
2016-04-13,35.45036315917969,35.51901381610555,34.86681784411174,35.029866018710294,12752300,ORCL
2016-04-14,35.390296936035156,35.5790887208757,35.33880648184229,35.450367495793515,9150500,ORCL
2016-04-15,35.201507568359375,35.51044379626003,35.201507568359375,35.287321732287104,10340300,ORCL
2016-04-18,35.390296936035156,35.39887704160064,35.01270681915409,35.047033788616005,8849300,ORCL
2016-04-19,35.235836029052734,35.604842841981686,35.15860196882108,35.53618888906437,9884400,ORCL
2016-04-20,35.2701530456543,35.51901866740048,35.25299283427873,35.34738709124449,8481200,ORCL
2016-04-21,35.17576599121094,35.44179187880364,35.08136844131648,35.21008969459017,11954100,ORCL
2016-04-22,34.9268913269043,35.55334376431051,34.90114446399729,35.004125368425605,15003300,ORCL
2016-04-25,34.99553298950195,35.038443325444746,34.729507238811145,34.83248484315601,10876200,ORCL
2016-04-26,34.88398742675781,35.05561573588417,34.69519235839863,35.02987214423525,8365800,ORCL
2016-04-27,35.05561828613281,35.184342800942275,34.76384555635171,34.76384555635171,8742100,ORCL
2016-04-28,34.609375,35.15859339500285,34.47206712764943,34.6351185892658,9233800,ORCL
2016-04-29,34.2060432434082,34.472069077132225,33.785546044554046,34.472069077132225,12883300,ORCL
2016-05-02,34.58363342285156,34.695194449387316,34.180302943776766,34.240373510311315,10454200,ORCL
2016-05-03,34.05158233642578,34.42058915809336,33.92285780845775,34.35193520355021,11439600,ORCL
2016-05-04,33.71690368652344,33.957185988735496,33.57959904617357,33.80271785914179,9046200,ORCL
2016-05-05,33.6654052734375,33.86278044275797,33.5795911210721,33.84561695756488,8962700,ORCL
2016-05-06,33.81987380981445,33.828453915723415,33.44228695141799,33.44228695141799,7587400,ORCL
2016-05-09,33.77696990966797,34.094486235762595,33.656828774043,33.75980642263577,7949400,ORCL
2016-05-10,34.343345642089844,34.37767260991198,33.96575881684581,33.96575881684581,9290200,ORCL
2016-05-11,34.025840759277344,34.39484760284083,34.01725737764977,34.2060524902453,7180100,ORCL
2016-05-12,34.171714782714844,34.35192645710528,33.97433962405867,34.231785340844986,10006700,ORCL
2016-05-13,33.99150085449219,34.394834523994014,33.90568343885367,34.13738555067815,9392600,ORCL
2016-05-16,34.30044937133789,34.412007141492936,33.86278857777288,34.12881775177516,7797100,ORCL
2016-05-17,33.9829216003418,34.34334824256607,33.87136385687245,34.15455317884859,9483700,ORCL
2016-05-18,33.87135696411133,34.154546228458955,33.60532790788224,33.97433458081961,10379700,ORCL
2016-05-19,33.33072280883789,33.67398593782358,33.09044058270779,33.60533200258652,15124400,ORCL
2016-05-20,33.81987380981445,33.965761799067714,33.42512346599995,33.53668448441714,16153200,ORCL
2016-05-23,33.622501373291016,33.845620154677256,33.58817439966224,33.734062400784325,8904800,ORCL
2016-05-24,34.24037170410156,34.39483980235647,33.68256987444771,33.82845459302168,11329800,ORCL
2016-05-25,34.437747955322266,34.575052572103004,34.369094010131754,34.369094010131754,7972200,ORCL
2016-05-26,34.28328323364258,34.49782192312269,34.257536364856556,34.42058786396583,7574000,ORCL
2016-05-27,34.38624954223633,34.39483292019979,34.154547441215875,34.18029430150672,8240600,ORCL
2016-05-31,34.4978141784668,34.51497766260413,34.28327553714996,34.39483654724268,12567400,ORCL
2016-06-01,34.54929733276367,34.58362429703972,34.17171054652564,34.37766905858242,9268800,ORCL
2016-06-02,33.17626190185547,33.51094172450442,32.678533858162304,33.21058887689652,51063400,ORCL
2016-06-03,33.5538330078125,33.64823050792843,33.20198986330701,33.24490019870442,20740000,ORCL
2016-06-06,33.84560775756836,34.01723928924593,33.570998616323934,33.6310691613712,16116900,ORCL
2016-06-07,33.579593658447266,34.10306853879173,33.51093971248719,33.94001705393671,20009500,ORCL
2016-06-08,33.70830535888672,33.75979580378745,33.382209028646955,33.60532774268466,11671000,ORCL
2016-06-09,33.51092529296875,33.648229852207386,33.25347965359617,33.63106637310269,12316100,ORCL
2016-06-10,33.244911193847656,33.4594498473935,33.133350177395805,33.279234890478946,10441700,ORCL
2016-06-13,33.14194107055664,33.373643284635136,32.93598572933206,33.03896339994435,13036300,ORCL
2016-06-14,33.322139739990234,33.450860946711266,33.099017743914544,33.15050819076267,12092200,ORCL
2016-06-15,32.987457275390625,33.3993710359891,32.961713688353086,33.296393414239375,14476100,ORCL
2016-06-16,33.159114837646484,33.29641953221554,32.67855004345587,32.91883244055118,17916500,ORCL
2016-06-17,34.05158233642578,34.291864630125325,33.39938286266883,33.88853410478691,34512400,ORCL
2016-06-20,34.09446716308594,34.6265218690474,34.068723583738986,34.24035508444873,17149200,ORCL
2016-06-21,34.317604064941406,34.42916180650384,34.111645519533795,34.2661136101895,20111100,ORCL
2016-06-22,34.33475875854492,34.61795130377037,34.214617657030914,34.454903133658426,12643400,ORCL
2016-06-23,35.0384521484375,35.07277584279612,34.54930103902904,34.66944542688365,15430000,ORCL
2016-06-24,33.6654052734375,34.23178719040932,33.485193589310114,33.794129775585674,44204500,ORCL
2016-06-27,33.02177810668945,33.36504114689329,32.76433246333605,33.35645777040877,22506100,ORCL
2016-06-28,33.579593658447266,33.631080844317005,33.107609237572866,33.22775036940268,14750900,ORCL
2016-06-29,34.79816818237305,34.92689268109945,33.88852640651974,34.12022526646729,23009700,ORCL
2016-06-30,35.12427520751953,35.321650412964885,34.72952479662883,34.738104903995726,20100900,ORCL
2016-07-01,35.19317626953125,35.35682421522032,35.04675165653241,35.12426979620439,11381600,ORCL
2016-07-05,34.79697036743164,34.9520066310149,34.58164258863724,34.7366788522205,12501400,ORCL
2016-07-06,34.908935546875,34.943388777173965,34.46966836030624,34.62470461101071,12124300,ORCL
2016-07-07,34.908935546875,35.16733148847638,34.814190806373276,35.0122952377719,11676700,ORCL
2016-07-08,35.201786041259766,35.468793682568354,35.08981795659215,35.210400992782695,14235600,ORCL
2016-07-11,35.12427520751953,35.434347813977844,35.09843691886201,35.227634933433635,12912000,ORCL
2016-07-12,35.67550277709961,35.81331570187682,35.36543355327379,35.51185485738812,13321000,ORCL
2016-07-13,35.70995330810547,35.87360450108353,35.529078786473555,35.79608637957832,9612700,ORCL
2016-07-14,35.89082336425781,36.06308620013013,35.74440208943255,35.80469358914181,9259800,ORCL
2016-07-15,35.97697067260742,36.09755371977923,35.70996300698299,36.09755371977923,11666300,ORCL
2016-07-18,35.8650016784668,36.03726459402057,35.813325103749946,35.925293206064346,8738900,ORCL
2016-07-19,35.382659912109375,35.70134408424166,35.32236511513641,35.57214611102106,12723000,ORCL
2016-07-20,35.52908706665039,35.74441486705433,35.52908706665039,35.72718824874504,11409700,ORCL
2016-07-21,35.374053955078125,35.753029734893516,35.26208256886198,35.60660839461545,11424700,ORCL
2016-07-22,35.382659912109375,35.49462798421689,35.270688554360916,35.41710985741272,10426300,ORCL
2016-07-25,35.451560974121094,35.451560974121094,35.2190066075775,35.23623322202229,8974400,ORCL
2016-07-26,35.26207733154297,35.52047330530056,35.15010924759873,35.36543703530252,11031900,ORCL
2016-07-27,35.25347900390625,35.40851533256244,35.09844267525006,35.33960883731856,9566900,ORCL
2016-07-28,35.47740936279297,35.65828722318682,35.07259530772503,35.615219031981525,17048600,ORCL
2016-07-29,35.34821319580078,35.6410591415165,35.244853483918845,35.58937928557553,13230800,ORCL
2016-08-01,35.44296646118164,35.54632291222562,35.23625027345133,35.23625027345133,12435400,ORCL
2016-08-02,35.0639762878418,35.41711372952649,34.95200820349294,35.41711372952649,10268200,ORCL
2016-08-03,35.0639762878418,35.18455932368906,34.96923153520714,34.986458152562655,12350500,ORCL
2016-08-04,35.227622985839844,35.27068788087742,34.97784199472468,34.97784199472468,9142100,ORCL
2016-08-05,35.42573547363281,35.50325362377545,35.27931084085585,35.37405561165707,9615300,ORCL
2016-08-08,35.451560974121094,35.65827706181788,35.417107745231505,35.46878758856589,11427800,ORCL
2016-08-09,35.3998908996582,35.54631552002557,35.356825994482506,35.391279232879725,9533700,ORCL
2016-08-10,35.391273498535156,35.5290831441535,35.193172338311356,35.425726731350025,11077400,ORCL
2016-08-11,35.5549201965332,35.66689155648923,35.42572550640641,35.42572550640641,9473700,ORCL
2016-08-12,35.391273498535156,35.48601824595548,35.31375536752227,35.425726731350025,6301200,ORCL
2016-08-15,35.64966583251953,35.864993607092025,35.313755029889016,35.313755029889016,12774900,ORCL
2016-08-16,35.58937454223633,35.70134590569748,35.52047136247331,35.5721479258853,8109100,ORCL
2016-08-17,35.494632720947266,35.641057329180256,35.3740496821915,35.641057329180256,9876400,ORCL
2016-08-18,35.4343376159668,35.59798882541093,35.27068969216371,35.27068969216371,8544600,ORCL
2016-08-19,35.58937454223633,35.60660115858736,35.322366917257,35.34820848460411,9109900,ORCL
2016-08-22,35.50324630737305,35.64966762433401,35.40850155609654,35.40850155609654,9834700,ORCL
2016-08-23,35.74441909790039,35.86500215469663,35.62383604110415,35.63244770845736,10631800,ORCL
2016-08-24,35.374053955078125,35.71857978083159,35.29653580856568,35.615220061720485,9830300,ORCL
2016-08-25,35.3998908996582,35.486023995651266,35.3137610893068,35.41711751885681,7567200,ORCL
2016-08-26,35.537681579589844,35.813304053859085,35.37403371310364,35.408486933092284,9228200,ORCL
2016-08-29,35.58076477050781,35.770250989171494,35.53769658451757,35.727186088822535,9168500,ORCL
2016-08-30,35.58076477050781,35.658282905392454,35.44295511800637,35.64966795393789,6840300,ORCL
2016-08-31,35.50324630737305,35.58937610727464,35.39127493898797,35.546311207323846,9694700,ORCL
2016-09-01,35.451560974121094,35.537690760704315,35.12426187095151,35.2965247297587,10652500,ORCL
2016-09-02,35.52908706665039,35.675508393817154,35.33959755088964,35.537698732984296,9020200,ORCL
2016-09-06,35.52908706665039,35.63244349086467,35.37405078750823,35.63244349086467,8308300,ORCL
2016-09-07,35.52908706665039,35.580766921578274,35.270694363293956,35.43434230877002,10415300,ORCL
2016-09-08,35.072601318359375,35.31376745935924,34.969241584523225,35.253475924109274,16732100,ORCL
2016-09-09,34.47829055786133,35.0898240827428,34.47829055786133,34.73668657840032,14477500,ORCL
2016-09-12,35.03813552856445,35.09842704222742,34.17682443550366,34.41799049015554,14927200,ORCL
2016-09-13,34.60748291015625,34.90894050397728,34.426608353863635,34.77113084885319,13395200,ORCL
2016-09-14,34.66777420043945,34.934781842950734,34.46967302785676,34.46967302785676,11626900,ORCL
2016-09-15,35.19317626953125,35.3395975968886,34.52996624914688,34.60748438881886,18403700,ORCL
2016-09-16,33.522212982177734,34.40936529339283,33.341338512317876,34.11651950548839,50703500,ORCL
2016-09-19,33.789241790771484,34.06486114299063,33.63420549444298,33.70311197531869,19801900,ORCL
2016-09-20,33.65142822265625,34.10792210591489,33.642816556363705,34.064857203169225,12121300,ORCL
2016-09-21,34.0304069519043,34.09070176380712,33.75478760738465,33.75478760738465,10994000,ORCL
2016-09-22,34.0304069519043,34.28018800963828,34.00456866511863,34.17683157685385,9679300,ORCL
2016-09-23,33.789241790771484,33.95288975438852,33.61697887422405,33.92705146688105,14017300,ORCL
2016-09-26,33.61697006225586,33.67726157439706,33.384415678722256,33.59113178152134,9840900,ORCL
2016-09-27,33.849525451660156,34.01317666288444,33.470549751848026,33.50500298427851,10644600,ORCL
2016-09-28,33.97011184692383,34.021791700692496,33.7289457672862,33.789237287195604,8103500,ORCL
2016-09-29,33.694496154785156,34.125151792243805,33.6600462008762,33.8064675405041,8795200,ORCL
2016-09-30,33.832305908203125,33.97011558109358,33.668657948408764,33.80646762129922,12861900,ORCL
2016-10-03,33.582523345947266,33.81507446620312,33.470551975928345,33.76339789976462,10403500,ORCL
2016-10-04,33.47916030883789,33.76339453851849,33.38441556561102,33.625584898999676,9199300,ORCL
2016-10-05,33.72032928466797,33.88397720309849,33.4963865692989,33.68587605374335,8269200,ORCL
2016-10-06,33.47916030883789,33.797847769808435,33.27244749238016,33.685876410936594,9789100,ORCL
2016-10-07,33.47052001953125,33.72126870665105,33.384056547323745,33.58292517209703,11442000,ORCL
2016-10-10,33.392696380615234,33.72126346095778,33.36675800266198,33.600213299349875,9475400,ORCL
2016-10-11,32.86526107788086,33.4186384346377,32.69233415841201,33.34082000152889,14964000,ORCL
2016-10-12,32.89985656738281,32.986323348578686,32.54535101040585,32.79609972831821,8944900,ORCL
2016-10-13,32.88254928588867,33.02089277884528,32.52804387903931,32.73556076765874,14117600,ORCL
2016-10-14,33.21112060546875,33.3667574674308,33.0208970412108,33.081422121043886,11601200,ORCL
2016-10-17,33.10736083984375,33.32352276233157,33.03818744143044,33.32352276233157,9419000,ORCL
2016-10-18,33.21976852416992,33.45322383743902,33.167891764578854,33.37540539968265,7121900,ORCL
2016-10-19,33.15922164916992,33.40997015031843,33.124638264958215,33.30621340094813,8310900,ORCL
2016-10-20,32.9344367980957,33.15924378822024,32.86526338675289,32.960375178164355,11197000,ORCL
2016-10-21,32.79610061645508,32.96038255762042,32.657757061165704,32.84798068657754,13413400,ORCL
2016-10-24,33.09007263183594,33.2197678264594,32.96037413884279,32.96037413884279,13550500,ORCL
2016-10-25,33.16788864135742,33.22841372076089,32.94307837639929,33.09007021092875,11627100,ORCL
2016-10-26,33.12466812133789,33.41000026387758,32.986324564694584,32.986324564694584,9723100,ORCL
2016-10-27,33.046836853027344,33.340817209220795,32.98631177660833,33.2111187321119,7588900,ORCL
2016-10-28,33.003604888916016,33.2457085154122,32.882554724852724,33.116010026276044,7803300,ORCL
2016-10-31,33.21976852416992,33.297586961926285,33.02954824171974,33.12466003212971,10485300,ORCL
2016-11-01,33.254356384277344,33.35811650380221,33.0554877694095,33.35811650380221,12018200,ORCL
2016-11-02,32.88254928588867,33.280289714211825,32.83931756278393,33.25434804165374,9488400,ORCL
2016-11-03,33.12466812133789,33.18519322122117,32.847981008051285,32.847981008051285,12393100,ORCL
2016-11-04,33.09872055053711,33.35811755918619,33.00360875381511,33.12466223042401,14288900,ORCL
2016-11-07,33.79908752441406,33.850967587333784,33.479168715667655,33.487813743635904,9506900,ORCL
2016-11-08,33.833675384521484,34.02389569162759,33.70397687199307,33.85961376767909,7574700,ORCL
2016-11-09,34.19683074951172,34.3611159949252,33.19383911318724,33.34083100127453,19497300,ORCL
2016-11-10,34.22276306152344,34.63779362856866,33.98065942363641,34.283288146402754,26707200,ORCL
2016-11-11,34.110347747802734,34.42162140486306,33.87689250500748,34.188166162067816,12217700,ORCL
2016-11-14,33.980655670166016,34.300574411814466,33.81637378626424,34.05847409903935,15417100,ORCL
2016-11-15,33.86825180053711,33.91148682802995,33.44457623741112,33.626151478750835,13594300,ORCL
2016-11-16,34.32651138305664,34.41297482623648,33.65208399245195,33.807720828870806,12597000,ORCL
2016-11-17,34.80207443237305,34.83666113646114,34.30057711820465,34.412982257306126,13316600,ORCL
2016-11-18,34.46485900878906,35.00958800165163,34.30057382930787,34.828009471784554,12890600,ORCL
2016-11-21,34.490806579589844,34.6118567661907,34.300582973005525,34.55997999957331,8073100,ORCL
2016-11-22,34.66373062133789,34.68966899999985,34.42163029150729,34.66373062133789,10993100,ORCL
2016-11-23,34.67237854003906,34.67237854003906,34.447571543355714,34.629146805873404,11070100,ORCL
2016-11-25,34.81937026977539,34.888540384519196,34.62050165462836,34.62050165462836,4013100,ORCL
2016-11-28,34.845306396484375,35.044174998767275,34.62914444204171,34.6983178506808,12118300,ORCL
2016-11-29,35.06148147583008,35.22576673366158,34.698330839642146,34.87990615773611,10157400,ORCL
2016-11-30,34.75019454956055,35.191166782958994,34.75019454956055,35.1565800786984,14374600,ORCL
2016-12-01,33.46186828613281,34.741546548911415,33.254351376701706,34.68102147082096,22740200,ORCL
2016-12-02,33.2889518737793,33.57428733020108,32.5453539795088,33.25436515814561,19120300,ORCL
2016-12-05,33.695343017578125,33.81639324361583,33.32354400996445,33.37542079348273,13681500,ORCL
2016-12-06,34.12764358520508,34.13628861036805,33.61750134299571,33.72990316195934,13524700,ORCL
2016-12-07,34.86260223388672,34.90583396818317,34.1449462091299,34.153591236641226,15170600,ORCL
2016-12-08,34.8885383605957,35.009591826522204,34.655086350804524,34.86259998136772,10109700,ORCL
2016-12-09,35.03553009033203,35.25169204550557,34.828013162082776,34.94041830231652,11219100,ORCL
2016-12-12,35.02688217163086,35.19116737042637,34.888538650648684,34.888538650648684,10891400,ORCL
2016-12-13,35.2430419921875,35.45055891026186,34.9922966432416,34.9922966432416,12493100,ORCL
2016-12-14,35.3468132019043,35.5283885007664,35.12200286185266,35.33816487431817,25102400,ORCL
2016-12-15,35.329498291015625,35.57159854179608,35.225741511876656,35.40731669996199,17783500,ORCL
2016-12-16,33.807735443115234,34.77614357686667,33.51375499150683,34.77614357686667,46224200,ORCL
2016-12-19,33.634803771972656,33.885549149819795,33.36676174239205,33.74720562128107,15135100,ORCL
2016-12-20,33.72126388549805,33.81637567035012,33.548333667436964,33.686677182211916,14006400,ORCL
2016-12-21,33.57427978515625,33.77314840780269,33.384056190290096,33.77314840780269,11966400,ORCL
2016-12-22,33.68667221069336,33.92877579959677,33.375398523795454,33.66073383624156,11226300,ORCL
2016-12-23,33.531028747558594,33.7385455973123,33.4013336025349,33.53967706958123,8143600,ORCL
2016-12-27,33.565635681152344,33.7558592999463,33.513755612834785,33.52240394007292,5073700,ORCL
2016-12-28,33.44459533691406,33.65210907456059,33.40136358310198,33.60887732074851,8264100,ORCL
2016-12-29,33.453216552734375,33.582915020208695,33.38404645555204,33.38404645555204,5711800,ORCL
2016-12-30,33.2457275390625,33.600233207402,33.150615699054335,33.50512136739383,10820200,ORCL
2017-01-03,33.46271514892578,33.584239397681806,33.245706615779326,33.37591306018217,11051300,ORCL
2017-01-04,33.62765121459961,33.78389434674764,33.4627225735902,33.4627225735902,9545500,ORCL
2017-01-05,33.540828704833984,33.809920400591174,33.341181309125034,33.56686866170883,12064700,ORCL
2017-01-06,33.37593460083008,33.63634434641538,33.31517243723649,33.63634434641538,14829700,ORCL
2017-01-09,33.879371643066406,34.24394770608693,33.39327464075568,33.445354570267554,15587900,ORCL
2017-01-10,33.55820846557617,33.91410242327444,33.55820846557617,33.85334028254218,11316600,ORCL
2017-01-11,33.94881820678711,33.96617928820043,33.540841071793274,33.540841071793274,10403100,ORCL
2017-01-12,34.02693557739258,34.13109873670709,33.49743427467254,33.879368066350494,11526900,ORCL
2017-01-13,34.07902526855469,34.13979071613143,33.879377776279355,33.99222316279605,9455300,ORCL
2017-01-17,33.94014358520508,34.0963900415084,33.757857156614016,33.91410361291734,11081400,ORCL
2017-01-18,34.01826095581055,34.1484674174061,33.87937560870963,34.096384170510305,10394000,ORCL
2017-01-19,34.03562545776367,34.18319301648435,33.940141151171744,33.957502235214655,12232400,ORCL
2017-01-20,34.608524322509766,34.74740966886305,34.24395153006534,34.25263041552399,25439100,ORCL
2017-01-23,34.44359588623047,34.799489760954984,34.226587345269486,34.51303689746846,13251200,ORCL
2017-01-24,34.80817413330078,34.89497955014299,34.50436345257322,34.591165558127365,12216500,ORCL
2017-01-25,34.851585388183594,35.05123291946266,34.677977831461746,34.99914965905949,13164800,ORCL
2017-01-26,34.834205627441406,34.93836878111918,34.67795924128127,34.903646626130936,10556500,ORCL
2017-01-27,34.9210205078125,35.0599058674024,34.83421839980187,34.894980537666946,9232700,ORCL
2017-01-30,34.9210205078125,34.93838159167226,34.556447680622064,34.816857315942116,10589600,ORCL
2017-01-31,34.816856384277344,34.93838065675562,34.43491917215925,34.90365848996523,10766700,ORCL
2017-02-01,34.58247756958008,34.91233144418298,34.46963221303144,34.91233144418298,11837000,ORCL
2017-02-02,34.704002380371094,34.72136345945529,34.44359281668263,34.52171601691789,10120300,ORCL
2017-02-03,35.09462356567383,35.09462356567383,34.67796753996702,34.782130718571786,12941200,ORCL
2017-02-06,34.80817413330078,35.103305927988146,34.79081636122041,35.103305927988146,7871300,ORCL
2017-02-07,34.78213119506836,34.98177866983245,34.75609122788237,34.86025440791412,8848700,ORCL
2017-02-08,34.738731384277344,35.02518096739725,34.73004918738067,34.77345354928821,8883300,ORCL
2017-02-09,34.9210205078125,35.11198911898168,34.738734094217286,34.738734094217286,10977100,ORCL
2017-02-10,35.40711975097656,35.51996182540064,34.90365826955939,35.00782476927278,13168700,ORCL
2017-02-13,35.66753005981445,35.754332166614276,35.4157993142916,35.49392253492669,12779800,ORCL
2017-02-14,35.676212310791016,35.73697445353932,35.372401597049524,35.51996585478441,9623000,ORCL
2017-02-15,35.945281982421875,36.006044087672095,35.493903978215684,35.554666083465904,9243600,ORCL
2017-02-16,36.10154342651367,36.231749884332686,35.91057483805586,35.98869805048972,10132700,ORCL
2017-02-17,36.5095100402832,36.5095100402832,36.02340982408768,36.05813197766311,18545300,ORCL
2017-02-21,36.69180679321289,36.787291087001535,36.39667502663335,36.44875827177836,12394700,ORCL
2017-02-22,36.9001350402832,36.90881723722906,36.57028440467504,36.68312647466776,11602800,ORCL
2017-02-23,37.290748596191406,37.316791873978005,36.89145365719901,36.94353690148451,15484000,ORCL
2017-02-24,37.473026275634766,37.4903873530286,37.04769146899006,37.09977470117157,11426700,ORCL
2017-02-27,37.065059661865234,37.551156677062274,36.908813246612596,37.551156677062274,13876500,ORCL
2017-02-28,36.96957015991211,37.10845547485189,36.8220026501896,36.9956101216861,14450300,ORCL
2017-03-01,37.25603103637695,37.325475370670915,37.056383542213986,37.10846679293445,11402200,ORCL
2017-03-02,37.229984283447266,37.26470644426795,37.00429686068782,37.17790435350374,9431600,ORCL
2017-03-03,37.05637741088867,37.22998490661047,36.96957531867155,37.12582173369242,8917100,ORCL
2017-03-06,36.95221710205078,37.09978464380257,36.71784746135404,36.85673280643864,9196000,ORCL
2017-03-07,36.978271484375,37.10847799483744,36.908830440407044,36.960913706849844,9492900,ORCL
2017-03-08,36.98692321777344,37.14316957711038,36.90011784520492,37.0476853229282,9217100,ORCL
2017-03-09,36.83937454223633,37.00430317865007,36.67444921711066,37.00430317865007,10308400,ORCL
2017-03-10,37.047698974609375,37.05637785942111,36.76124610650803,36.99561573187615,12244500,ORCL
2017-03-13,36.96088790893555,37.13449205332798,36.91748356155063,37.10845209392648,12440800,ORCL
2017-03-14,37.1431770324707,37.186578071823206,36.813323173075005,36.96089068041797,10291000,ORCL
2017-03-15,37.36887741088867,37.4990838854846,37.01298346645309,37.238674247580946,18393200,ORCL
2017-03-16,39.69520950317383,40.78893461300944,39.625768478661826,40.26811202837261,67535400,ORCL
2017-03-17,39.63444519042969,39.91221589581403,39.157026997505845,39.27855126720049,31688700,ORCL
2017-03-20,39.26118850708008,39.886174223141296,39.20042637482833,39.64312238284646,21452600,ORCL
2017-03-21,38.92265701293945,39.408757398871835,38.80981163005929,39.330634181691416,21974500,ORCL
2017-03-22,38.879249572753906,39.452151967507355,38.74036424406481,39.174381310129164,14339700,ORCL
2017-03-23,39.01813888549805,39.11362317958788,38.77508705200907,38.783769248537844,16190500,ORCL
2017-03-24,38.75772476196289,39.13965858249691,38.6969626384981,38.99209106030572,13110200,ORCL
2017-03-27,38.92265701293945,39.00078023011987,38.50600095840654,38.63620411284859,8933100,ORCL
2017-03-28,38.792442321777344,39.08757404507032,38.76640235866797,38.91396987595809,14008800,ORCL
2017-03-29,38.644893646240234,38.827180083837035,38.60149258652032,38.644893646240234,10636200,ORCL
2017-03-30,38.783782958984375,38.84454511101469,38.51469106335802,38.58413541498634,7792500,ORCL
2017-03-31,38.722999572753906,38.93132589082288,38.59279314049545,38.62751529726932,10652800,ORCL
2017-04-03,38.722999572753906,39.10493336340511,38.54071321662177,38.78376169146462,16044300,ORCL
2017-04-04,38.705650329589844,38.83585680166219,38.52336391771907,38.72301141328536,9161300,ORCL
2017-04-05,38.61884307861328,39.03549909794544,38.54939875308074,38.83585162897093,9445100,ORCL
2017-04-06,38.34974670410156,38.65355731380392,38.31502454548207,38.65355731380392,11557800,ORCL
2017-04-07,38.44522476196289,38.53202683317466,38.18481523704083,38.2716173082526,13446600,ORCL
2017-04-10,38.358062744140625,38.75036177822569,38.323190979876514,38.5411345181955,11668600,ORCL
2017-04-11,38.506263732910156,38.75036276341041,38.148836454002016,38.26216802796447,15422400,ORCL
2017-04-12,38.51497268676758,38.71548029260757,38.38420526638975,38.64574010714541,8457000,ORCL
2017-04-13,38.358062744140625,38.75036177822569,38.34062686200857,38.52369863606344,11838300,ORCL
2017-04-17,38.610862731933594,38.67188663241375,38.35804752962829,38.46265945537239,10999300,ORCL
2017-04-18,38.8113899230957,38.863697575179586,38.48011477767415,38.541138708994595,10446700,ORCL
2017-04-19,38.5236930847168,38.8288159897272,38.4278007351405,38.74163659162966,10712000,ORCL
2017-04-20,38.82008743286133,38.90726681084999,38.50624832320861,38.58470810062179,10880900,ORCL
2017-04-21,38.7329216003418,39.0031727550842,38.70676944282141,38.87240531637404,11556000,ORCL
2017-04-24,39.09034729003906,39.2211147235959,38.89855594097009,39.20367884408473,10848900,ORCL
2017-04-25,38.98573684692383,39.21239663823087,38.881121565809096,39.21239663823087,12436800,ORCL
2017-04-26,38.95957946777344,39.26470236784379,38.91599143220737,39.011887105785085,10122400,ORCL
2017-04-27,39.02933120727539,39.177531224531506,38.924719234767856,39.125226901055065,8221000,ORCL
2017-04-28,39.19495391845703,39.19495391845703,38.81137459796726,39.003165920988906,12962700,ORCL
2017-05-01,39.27342224121094,39.38675380450424,39.11650263835998,39.23855047934311,9118300,ORCL
2017-05-02,39.34316635131836,39.5349543933413,39.20368262732245,39.229834786335964,11649600,ORCL
2017-05-03,39.13393020629883,39.36930956057498,39.02931826847172,39.273413898586156,10695900,ORCL
2017-05-04,39.639564514160156,39.90981232355573,39.186241638867806,39.19495791555153,15505200,ORCL
2017-05-05,39.735469818115234,39.90982199848698,39.5436784290407,39.848798070245934,8443400,ORCL
2017-05-08,39.71803283691406,39.84879696857774,39.595981658251546,39.648289306249765,7559600,ORCL
2017-05-09,39.648284912109375,39.82264039389206,39.56110883399514,39.66572079284307,6530600,ORCL
2017-05-10,39.69187545776367,39.718030943293066,39.482651526855044,39.68315917962349,6906100,ORCL
2017-05-11,39.369319915771484,39.58726345014257,39.20368402684905,39.58726345014257,8996400,ORCL
2017-05-12,39.29957580566406,39.3605997231747,39.160088765006506,39.238548562599334,7965100,ORCL
2017-05-15,39.50880813598633,39.54367990358288,39.30830046063836,39.439067926348024,9694000,ORCL
2017-05-16,39.4826545715332,39.552394778695906,39.36060671483246,39.543678499883576,7944500,ORCL
2017-05-17,38.55855941772461,39.48264095419131,38.53240726475266,39.48264095419131,18489200,ORCL
2017-05-18,38.506263732910156,38.71549099825972,38.00935271895383,38.41037136707761,12777600,ORCL
2017-05-19,38.62831497192383,38.811386750922125,38.506263793703724,38.54113555890947,11519200,ORCL
2017-05-22,38.90727996826172,38.924715849755806,38.602157030446755,38.64574839695915,9805800,ORCL
2017-05-23,38.84624481201172,39.09034043123112,38.81137305910798,38.950856745169546,6873700,ORCL
2017-05-24,39.081634521484375,39.125222561398296,38.79394747205477,38.92471491735082,7653600,ORCL
2017-05-25,39.40420150756836,39.49137761283842,39.08164592740283,39.22112969116808,7597600,ORCL
2017-05-26,39.45649719238281,39.62213641186827,39.28214502005742,39.41290914930146,6899700,ORCL
2017-05-30,39.595977783203125,39.63084954512256,39.325729942213165,39.325729942213165,10769800,ORCL
2017-05-31,39.56983184814453,39.709315592206224,39.45650026685854,39.59598401092023,14757600,ORCL
2017-06-01,39.91853332519531,39.927249602184595,39.543670229130534,39.68315393983692,8138900,ORCL
2017-06-02,39.805206298828125,40.16263355601748,39.64828669073969,39.99699766994829,11794600,ORCL
2017-06-05,40.031856536865234,40.101600046254866,39.81391305835298,39.83134893570038,8617300,ORCL
2017-06-06,39.76161193847656,39.96211955571068,39.752892336327264,39.866223885391356,7449500,ORCL
2017-06-07,39.578548431396484,39.79649197270251,39.35188528612768,39.77033648636871,7688700,ORCL
2017-06-08,39.595977783203125,39.97956051320836,39.50008542625607,39.57854522779766,12889500,ORCL
2017-06-09,39.25597381591797,39.8139085252965,38.95085431096196,39.5785325217894,12188400,ORCL
2017-06-12,39.09906005859375,39.09906005859375,38.13139377420856,38.924707930234845,16189900,ORCL
2017-06-13,39.21240234375,39.4390654935913,38.89856310584948,39.29086215322513,10705800,ORCL
2017-06-14,39.0641975402832,39.473929094600386,38.785230102025224,39.36931713664219,12024600,ORCL
2017-06-15,38.95088577270508,39.072933673269056,38.68063447463064,38.83755415408601,10394600,ORCL
2017-06-16,39.308292388916016,39.31700866624792,38.82009771947656,39.01188907631958,15930900,ORCL
2017-06-19,39.866241455078125,39.883677341507166,39.41291838458889,39.46522604387602,12787700,ORCL
2017-06-20,39.962120056152344,40.38057117460557,39.752892834148795,39.89237654029987,15299600,ORCL
2017-06-21,40.3892936706543,40.572365424552856,40.17135015633103,40.23237407429721,30757300,ORCL
2017-06-22,43.85022735595703,45.20147626207206,40.38928716716172,40.38928716716172,63193900,ORCL
2017-06-23,44.41688919067383,45.19276757492965,43.64972708380728,43.79793040385786,42812500,ORCL
2017-06-26,44.33842849731445,45.07071882873987,44.25996870017766,44.45176005441295,29453400,ORCL
2017-06-27,44.24253845214844,44.85278102694414,44.042030795175684,44.24253845214844,17876400,ORCL
2017-06-28,44.34714889526367,44.53894026732022,44.294844576015066,44.521504385719226,15981600,ORCL
2017-06-29,43.7630615234375,44.36458446950975,43.571270152709666,44.251252902665634,13929100,ORCL
2017-06-30,43.71074676513672,44.04202180823725,43.65844245476293,43.745618522421786,13146400,ORCL
2017-07-03,43.03076934814453,43.702035792356156,42.99589758662736,43.63229226932181,10883200,ORCL
2017-07-05,43.117919921875,43.61483059012933,43.07433190853821,43.414323068338305,15775300,ORCL
2017-07-06,42.58616256713867,43.08307352773702,42.516422369880516,42.93487353009206,14411900,ORCL
2017-07-07,43.02204132080078,43.10050110607403,42.568721812059316,42.568721812059316,10889400,ORCL
2017-07-10,43.257423400878906,43.440498461748525,42.908715808689735,42.95230384201916,10098500,ORCL
2017-07-11,43.484092712402344,43.49280899009297,43.074357824303846,43.178969784362565,9751100,ORCL
2017-07-12,43.98101043701172,44.00716259965594,43.553839602345796,43.60614725318899,14461400,ORCL
2017-07-13,43.893829345703125,44.181516426041945,43.80665325650904,44.068184849645924,11959900,ORCL
2017-07-14,44.07689666748047,44.15535646411666,43.824081397702294,43.824081397702294,9875900,ORCL
2017-07-17,44.13813400268555,44.260645508681975,43.96312424174222,44.02437832569183,8093600,ORCL
2017-07-18,44.14690017700195,44.36566578408512,43.8931312716419,44.05064277578964,14104800,ORCL
2017-07-19,44.62818145751953,44.7156863604323,44.06814206744243,44.1556469703552,13312800,ORCL
2017-07-20,44.7419319152832,44.85568759961914,44.48816307220009,44.750681068656185,8772500,ORCL
2017-07-21,44.45316696166992,44.75944078874625,44.32190961129261,44.51442105946559,8791900,ORCL
2017-07-24,44.41816329956055,44.54067483223826,44.286905950267055,44.453166594611325,7639100,ORCL
2017-07-25,44.776947021484375,44.8294519737847,44.44442567121135,44.54943223771343,10536200,ORCL
2017-07-26,44.776947021484375,44.79444867225115,44.64568964788141,44.759448708816166,5724500,ORCL
2017-07-27,44.14690017700195,44.94320685326073,43.91938207630044,44.890701905845404,16508800,ORCL
2017-07-28,44.01564407348633,44.18190808861318,43.7881292871267,43.919386662223125,8996400,ORCL
2017-07-31,43.69186019897461,44.19064543485486,43.66560939859072,44.17314378856636,10066600,ORCL
2017-08-01,43.89311599731445,43.94562092645864,43.595594741691585,43.88436684483897,6066200,ORCL
2017-08-02,43.5518684387207,44.02440307029648,43.38560773713623,43.9806472673698,8720700,ORCL
2017-08-03,43.95439147949219,44.11190300551702,43.51686020455625,43.68312088731637,9490100,ORCL
2017-08-04,43.71812057495117,43.93688619432715,43.63936481845189,43.91063538819353,7025300,ORCL
2017-08-07,43.4380989074707,43.83187767236483,43.341841505152324,43.753121919386004,8280300,ORCL
2017-08-08,42.9655647277832,43.60436325036077,42.85180901332819,43.350594340087305,14684300,ORCL
2017-08-09,42.930564880371094,43.21933375226393,42.75555172323387,42.86055828227688,15872400,ORCL
2017-08-10,42.09049987792969,42.84305407196978,42.04674742578511,42.84305407196978,13391100,ORCL
2017-08-11,42.213008880615234,42.388018678676914,41.985490802178376,42.160503938337975,11704600,ORCL
2017-08-14,42.746803283691406,42.84306069615121,42.414281925501264,42.423031082043686,9229100,ORCL
2017-08-15,42.729305267333984,42.930569250193656,42.676800313418944,42.78180688315037,10663500,ORCL
2017-08-16,43.09682083129883,43.15807492888431,42.6680388101025,42.851804440956904,9881200,ORCL
2017-08-17,42.484283447265625,43.14933281252896,42.484283447265625,43.02682125927629,9661600,ORCL
2017-08-18,42.54555130004883,42.77306949149538,42.27428397545432,42.39679223018727,10248400,ORCL
2017-08-21,42.79055404663086,42.84305565590613,42.47553103858625,42.57178843972191,7293400,ORCL
2017-08-22,43.1055793762207,43.18433513857227,42.86931542726469,42.98307115436242,9233000,ORCL
2017-08-23,42.939308166503906,43.25433113866924,42.82554912920023,42.930559011987256,6895400,ORCL
2017-08-24,43.04431915283203,43.10557325506285,42.773051939552154,42.939312597307506,7365500,ORCL
2017-08-25,43.08806228637695,43.263072048139676,43.00930655834483,43.263072048139676,7853300,ORCL
2017-08-28,43.08806228637695,43.21931960769899,42.91304918651699,43.21931960769899,6211300,ORCL
2017-08-29,43.2718391418457,43.37684570195889,42.65929475467177,42.773053808685106,7245900,ORCL
2017-08-30,43.578102111816406,43.709362792776716,43.193075899416115,43.31558408799358,6957400,ORCL
2017-08-31,44.04188537597656,44.208146004521716,43.61310339759493,43.64810668931948,12958100,ORCL
2017-09-01,44.295658111572266,44.52317620674727,44.05939086108968,44.05939086108968,8716800,ORCL
2017-09-05,44.566932678222656,44.69819338635968,44.16440473581356,44.216906348589596,15610700,ORCL
2017-09-06,44.63692855834961,44.82944334161573,44.45316626783082,44.698185993287126,15615600,ORCL
2017-09-07,45.2669792175293,45.31073167152003,44.6544348473643,44.794444702993594,11516800,ORCL
2017-09-08,45.135719299316406,45.398237346491456,44.96070615516702,45.328230753592464,10356500,ORCL
2017-09-11,45.932037353515625,46.037043930872514,45.336994518328424,45.39824863329485,16526300,ORCL
2017-09-12,46.17704391479492,46.282050469642435,45.91452585862705,46.06328486648617,13352400,ORCL
2017-09-13,46.20329284667969,46.36080434161719,45.897022349911246,45.95827644926493,14463000,ORCL
2017-09-14,46.194541931152344,46.50081241624852,45.78326156136782,46.16828779093129,21901600,ORCL
2017-09-15,42.65054702758789,44.365668698649756,42.42302891193977,44.32191624197849,66367900,ORCL
2017-09-18,42.291778564453125,42.930573884600896,42.08176206422008,42.77306234395087,29434700,ORCL
2017-09-19,42.038002014160156,42.44052995069321,41.89799215197046,42.43178079472442,23070700,ORCL
2017-09-20,41.976741790771484,42.16925323691591,41.73172206407267,42.00299259295073,21257300,ORCL
2017-09-21,41.976741790771484,42.16925323691591,41.84548110367933,41.84548110367933,15656300,ORCL
2017-09-22,42.14300537109375,42.379272621463016,41.9329889247328,41.9329889247328,15341900,ORCL
2017-09-25,41.976741790771484,42.47552706076494,41.68796961440793,42.45802541327946,15663600,ORCL
2017-09-26,41.9329948425293,42.186763777416644,41.90674403481634,42.090506365004295,18679900,ORCL
2017-09-27,42.14300537109375,42.31801852004485,41.95924306683927,42.046747972265734,14499200,ORCL
2017-09-28,42.07300567626953,42.22176469570809,42.011748231567154,42.17801223929077,12997700,ORCL
2017-09-29,42.30926513671875,42.65929142725857,41.96799133939638,42.169255288122436,44896600,ORCL
2017-10-02,42.70305252075195,42.87806570143881,42.50178853129665,42.63304925133648,26097300,ORCL
2017-10-03,42.60678482055664,42.84305205674173,42.4755274702969,42.83430290196361,12710800,ORCL
2017-10-04,42.79055404663086,43.044319613690575,42.66804250275931,42.869309798642014,15204500,ORCL
2017-10-05,42.79929733276367,42.90430387501215,42.44052192015841,42.84304978052572,13886100,ORCL
2017-10-06,42.35302734375,42.615545432381374,42.19551582295145,42.56304047941566,16340400,ORCL
2017-10-09,42.31801986694336,42.51053467072675,42.15175586800378,42.31801986694336,10173000,ORCL
2017-10-10,42.35315704345703,42.57278553260742,42.16866991687425,42.30923201587991,15630500,ORCL
2017-10-11,42.41465759277344,42.58157740838646,42.309236844304536,42.309236844304536,12588300,ORCL
2017-10-12,42.3707389831543,42.59036753066262,42.26531821870469,42.40588035505939,11715600,ORCL
2017-10-13,42.70456314086914,42.792413194324716,42.45858031018176,42.49371832080515,10142300,ORCL
2017-10-16,42.924190521240234,42.96811554683774,42.59914131030117,42.7045620419881,9378100,ORCL
2017-10-17,43.214107513427734,43.310744600945235,42.79242114620482,42.889058233722324,14191300,ORCL
2017-10-18,43.55671691894531,43.71484632379874,43.18773937091592,43.486434204553326,12064100,ORCL
2017-10-19,43.35466003417969,43.63578421673504,43.21409794290201,43.43372641997742,10048600,ORCL
2017-10-20,43.266822814941406,43.74122127041405,43.187756405695964,43.52159272820623,15501500,ORCL
2017-10-23,43.31953048706055,43.627009074524665,43.24046408581759,43.293172785802724,14633400,ORCL
2017-10-24,43.908119201660156,44.04868127522483,43.26680453156731,43.337087243981735,17562400,ORCL
2017-10-25,43.662139892578125,44.49672873710082,43.60942785406378,43.82905632097688,20635800,ORCL
2017-10-26,44.05748748779297,44.18926260409426,43.72365116088487,44.022346116273035,16952900,ORCL
2017-10-27,44.69879150390625,44.777857894853454,43.95205262245712,44.18046813020008,15099500,ORCL
2017-10-30,44.5230827331543,44.584578435308735,44.13653784086001,44.47915771036747,9049800,ORCL
2017-10-31,44.71636199951172,45.05019489211033,44.32103004641882,44.56701288333671,14453100,ORCL
2017-11-01,44.48796081542969,44.953572292715855,44.426465086401926,44.89207656368809,10128000,ORCL
2017-11-02,44.17168045043945,44.54065805307316,44.03111835211823,44.40009595475193,10389800,ORCL
2017-11-03,44.083824157714844,44.312236278441524,44.0662534790029,44.241956914858044,15814500,ORCL
2017-11-06,44.27711486816406,44.40888998099895,43.94327855003768,44.01355793996318,9678000,ORCL
2017-11-07,44.35617446899414,44.43524086506691,43.995983853832634,44.30346242119061,6796500,ORCL
2017-11-08,44.40010452270508,44.57580801732857,44.10140958722477,44.21561736141985,7977900,ORCL
2017-11-09,43.25801467895508,44.11895767526629,42.64305443837173,44.04867497290764,16195400,ORCL
2017-11-10,43.32830047607422,43.37222549595132,42.82754787669401,43.04717632734372,9944200,ORCL
2017-11-13,43.398590087890625,43.42494443375355,43.09989521347342,43.13503322420241,6566700,ORCL
2017-11-14,43.22288513183594,43.337092878726736,42.95933162854262,43.328305862900336,8498900,ORCL
2017-11-15,42.88905334472656,43.117468862142346,42.809986950431096,42.9417653913452,9425100,ORCL
2017-11-16,43.22288513183594,43.59185936619365,43.055965343780635,43.14381874572148,11738500,ORCL
2017-11-17,42.99448013305664,43.2492500339778,42.91541372764198,43.04719218708822,10035100,ORCL
2017-11-20,43.06475067138672,43.18774207801779,42.976897272889886,43.08232135108609,11525100,ORCL
2017-11-21,42.72214126586914,43.13504061057303,42.607933495465154,43.04719054181015,18313300,ORCL
2017-11-22,42.67821502685547,42.89784354382875,42.537649558777964,42.66064434334578,10618900,ORCL
2017-11-24,43.055973052978516,43.16139715418378,42.774848818961566,42.941768636903966,6008300,ORCL
2017-11-27,42.941768646240234,43.24046356385634,42.82756087887564,42.99447734558911,13395600,ORCL
2017-11-28,43.055973052978516,43.222892870920916,42.915410935970044,42.941768636903966,13930600,ORCL
2017-11-29,42.625484466552734,42.924179253981194,42.34436035500403,42.91539224040944,14377600,ORCL
2017-11-30,43.09989929199219,43.33709848099876,42.9505501650184,42.9505501650184,24701100,ORCL
2017-12-01,43.58307647705078,43.925696372554356,42.959332392864034,43.09110747122289,15899500,ORCL
2017-12-04,42.520076751708984,43.76756495888512,42.48493538921436,43.76756495888512,13473900,ORCL
2017-12-05,42.15987777709961,42.73969673785377,42.142307099347775,42.55520629709154,17858900,ORCL
2017-12-06,42.53763961791992,42.68698871721744,41.84361621343611,42.39707753395636,12974500,ORCL
2017-12-07,42.625484466552734,42.88025423991367,42.43221038313909,42.71333449468779,13482800,ORCL
2017-12-08,43.57428741455078,43.65335379835852,42.783626927737906,42.95933037522894,14732300,ORCL
2017-12-11,44.338600158691406,44.36495450480439,43.53915259770493,43.583077624981485,15852800,ORCL
2017-12-12,44.26831817626953,44.549442377070726,43.88177323798409,43.92569826599713,17464000,ORCL
2017-12-13,43.969627380371094,44.3737430376716,43.93448601418884,44.21561359238173,17196900,ORCL
2017-12-14,44.092613220214844,44.27710369364744,43.87298473632029,44.048688193688875,22259300,ORCL
2017-12-15,42.432220458984375,42.590353228188285,41.29015306571744,42.590353228188285,75176000,ORCL
2017-12-18,41.913909912109375,42.91541552171931,41.88755555962456,42.546441181869575,25156800,ORCL
2017-12-19,42.010536193847656,42.4761475079932,41.94025682155432,42.133527608809516,28664300,ORCL
2017-12-20,42.08082580566406,42.21260090700874,41.98418872058547,42.063255121898386,11432200,ORCL
2017-12-21,41.53614807128906,42.26531642670841,41.492223033902896,42.26531642670841,18396800,ORCL
2017-12-22,41.60642623901367,41.64156760556631,41.378010707686705,41.43950642352124,11197300,ORCL
2017-12-26,41.66791915893555,41.79969759903303,41.509786371324545,41.61520711264356,7650200,ORCL
2017-12-27,41.62399673461914,41.7030631333735,41.421938904750256,41.509788969470584,8132200,ORCL
2017-12-28,41.74696731567383,41.773321651674514,41.5536932482995,41.5536932482995,7777600,ORCL
2017-12-29,41.53614807128906,42.06325857371963,41.53614807128906,41.755776609485416,9750000,ORCL
2018-01-02,40.96510696411133,41.99296669048462,40.56098799485009,41.7909088814864,25380000,ORCL
2018-01-03,41.913909912109375,42.23017554698948,41.676710685949296,41.75577709466933,24165000,ORCL
2018-01-04,42.326812744140625,42.33559641123509,41.92269703248384,42.159896259221235,19815100,ORCL
2018-01-05,42.58156967163086,42.722131761138684,42.41464988634593,42.537641295757204,14496400,ORCL
2018-01-08,43.02962875366211,43.10869517240085,42.115973104073525,42.4322387790285,15075000,ORCL
2018-01-09,43.26773452758789,43.532314368278264,43.144260795238196,43.435300975018244,14153700,ORCL
2018-01-10,43.03843688964844,43.45294750832745,42.844413434273484,43.0913542125593,13476600,ORCL
2018-01-11,43.17072677612305,43.2324619682082,42.720937960284786,43.100170348416796,11687800,ORCL
2018-01-12,43.664608001708984,43.946830346207626,43.26773987379361,43.37357115028333,15978200,ORCL
2018-01-16,43.73516845703125,44.14967909424061,43.60287682599799,43.96447013793085,17152600,ORCL
2018-01-17,44.33488082885742,44.35251993574822,43.96446631278193,44.01738363345432,23183100,ORCL
2018-01-18,44.299591064453125,44.69646245522723,44.1849385817151,44.264312859869925,17119200,ORCL
2018-01-19,44.608272552490234,44.62590829135439,44.33487149968676,44.537716139773885,14011500,ORCL
2018-01-22,44.72293472290039,44.749395067545294,44.3348844327063,44.475993934987414,16840000,ORCL
2018-01-23,45.08452606201172,45.216817686505685,44.59946237939343,44.75821098305989,14141400,ORCL
2018-01-24,45.37555694580078,45.86062052852797,45.16389106306279,45.29618266031342,17205600,ORCL
2018-01-25,45.50786209106445,45.90473366599275,45.45494812395156,45.45494812395156,13904300,ORCL
2018-01-26,46.52207946777344,46.52207946777344,45.64896218324526,45.73715771741335,14909200,ORCL
2018-01-29,45.807701110839844,46.557347853604654,45.75478716582427,46.451513234943675,12234900,ORCL
2018-01-30,44.94340515136719,45.85180045592956,44.75819961556594,45.631316713980965,16863500,ORCL
2018-01-31,45.49903106689453,45.728332708177554,44.855218860017395,44.855218860017395,16806800,ORCL
2018-02-01,45.5343132019043,45.84298916183297,45.207994770761836,45.29619030525263,11674100,ORCL
2018-02-02,44.21140670776367,45.34028253882622,44.132032415622376,45.199173059943405,17562200,ORCL
2018-02-05,42.41225814819336,44.71410924617502,42.385801172364026,44.13203222772227,19725800,ORCL
2018-02-06,43.56759262084961,43.664602649890895,41.28338071699421,41.7419873446607,25921200,ORCL
2018-02-07,43.10016632080078,43.96446229354198,43.056070239762875,43.39120651141855,15138000,ORCL
2018-02-08,41.309844970703125,43.32065615343841,41.283387991240545,43.29419917397583,21255400,ORCL
2018-02-09,42.094757080078125,42.46517152893938,40.49845352143528,41.9624688488752,23191000,ORCL
2018-02-12,42.46516799926758,42.765026008444615,42.0859357122403,42.5269031748939,16261600,ORCL
2018-02-13,42.76504135131836,42.93260783609148,42.13004690069861,42.341709474694554,12633100,ORCL
2018-02-14,43.611690521240234,43.67342570789655,42.45635435151494,42.50045043279583,14271400,ORCL
2018-02-15,44.66120529174805,44.70530138609453,43.59406433270792,43.83218727935856,14132500,ORCL
2018-02-16,44.72293472290039,45.10216714109013,44.528911259961305,44.58182522061927,11098800,ORCL
2018-02-20,43.999752044677734,44.37016662404493,43.796907327247496,44.27315320172694,14144900,ORCL
2018-02-21,43.59405517578125,44.39661603584829,43.59405517578125,43.98210543456328,13050800,ORCL
2018-02-22,43.73516845703125,44.14967909424061,43.576419845517705,43.73516845703125,9513200,ORCL
2018-02-23,44.53771209716797,44.59944727053372,43.761608449308234,43.91153913056409,8866800,ORCL
2018-02-26,45.12862777709961,45.20800208883226,44.53773273978023,44.61710705151289,12956000,ORCL
2018-02-27,44.74056625366211,45.331464507352976,44.57299979943219,45.04042431576299,14339600,ORCL
2018-02-28,44.68765640258789,45.41966425694031,44.68765640258789,45.031613967646386,14947900,ORCL
2018-03-01,43.84099197387695,44.943410822733135,43.585229993506644,44.943410822733135,16539800,ORCL
2018-03-02,44.37897872924805,44.44953515969735,43.35593403794356,43.50586477049045,17291000,ORCL
2018-03-05,45.234458923339844,45.41084664286282,43.96447003422714,44.00856948734482,18771500,ORCL
2018-03-06,45.41966247558594,45.675424489194924,45.17272169793079,45.47257979836166,13907100,ORCL
2018-03-07,45.61367416381836,45.69304843949403,45.00513692886668,45.031597263635014,11727300,ORCL
2018-03-08,45.97526550292969,46.00172247232694,45.393188625988586,45.80769572524173,15864400,ORCL
2018-03-09,46.71611022949219,46.74256720982232,46.037019698386295,46.169307964352846,16218600,ORCL
2018-03-12,46.65438461303711,47.13062717835588,46.45153650779802,46.72493769651091,14108400,ORCL
2018-03-13,46.37215042114258,47.16589001391965,46.16048451114605,46.954227468238635,12864400,ORCL
2018-03-14,46.14284133911133,46.874849042187,46.01937097095765,46.63672617604125,10885500,ORCL
2018-03-15,46.18694305419922,46.451522927428556,45.95764139455129,46.05465479974236,14155200,ORCL
2018-03-16,46.09873580932617,46.469146837852094,46.08109670830382,46.21338828381423,21011500,ORCL
2018-03-19,45.8165397644043,46.372159948523915,45.42848607706911,46.2398683070567,25777400,ORCL
2018-03-20,41.49504470825195,42.11239993513798,40.94824590241133,41.27456093895803,68601000,ORCL
2018-03-21,41.46859359741211,42.385807014831784,41.45977236137618,41.706716505645055,34597700,ORCL
2018-03-22,40.47200012207031,41.46858770051808,40.33089064440371,41.20400785043261,25610100,ORCL
2018-03-23,39.501853942871094,40.815934692742424,39.475393615529306,40.55135496952054,21398900,ORCL
2018-03-26,40.992347717285156,41.13345721479859,40.03103821412618,40.17214771163962,20754800,ORCL
2018-03-27,40.022216796875,41.292202161988676,39.68708050835169,41.12463569988477,18925300,ORCL
2018-03-28,39.669437408447266,40.00457366323058,39.25492686606567,39.934017245669814,22156900,ORCL
2018-03-29,40.348541259765625,40.824787144365985,39.695907636685554,39.960490926563274,14256400,ORCL
2018-04-02,39.69590377807617,40.43672951622657,39.17556185051439,40.26034515920844,15343300,ORCL
2018-04-03,39.59007263183594,39.97812629301455,39.060912830267256,39.97812629301455,15734600,ORCL
2018-04-04,40.13685989379883,40.23387328093895,38.84041774690496,38.86687472001045,18505900,ORCL
2018-04-05,40.53373718261719,40.727763984999086,40.17214391910622,40.33089250936133,12313000,ORCL
2018-04-06,39.53716278076172,40.34854167609775,39.33431469261139,40.13687571487478,13893600,ORCL
2018-04-09,39.59888458251953,40.26033586153056,39.58124547802808,39.78409013320697,15200000,ORCL
2018-04-10,40.41026306152344,40.63074682042058,40.09276591042112,40.1721401981967,14868900,ORCL
2018-04-11,40.225067138671875,40.560203474412965,40.004583327005676,40.0398615443081,14911400,ORCL
2018-04-12,40.46318054199219,40.71893914649005,40.26033588668655,40.29561073137631,13970300,ORCL
2018-04-13,40.63957214355469,41.036440258046454,40.225061558543146,40.842416818430515,12493600,ORCL
2018-04-16,40.78126525878906,41.08236486010147,40.38275058378073,40.7635531200948,11639000,ORCL
2018-04-17,41.32147216796875,41.56058096431049,41.08236337162701,41.100075509679534,10762700,ORCL
2018-04-18,41.69342041015625,41.879392792784564,41.339184404749545,41.339184404749545,11312900,ORCL
2018-04-19,41.463165283203125,41.71998621381325,41.356895834698705,41.61371676530883,8563200,ORCL
2018-04-20,40.94066619873047,41.286044416065685,40.719269559080246,41.15320845922232,15675600,ORCL
2018-04-23,40.55987548828125,41.15322041155921,40.48903029970446,41.07351746300682,14904400,ORCL
2018-04-24,40.320762634277344,41.06465562073299,40.09936595233513,40.67499867668299,13357000,ORCL
2018-04-25,40.51559829711914,40.59530124857117,39.89568682785287,40.223353015713116,12637500,ORCL
2018-04-26,40.701560974121094,40.922957633090306,40.64842793804523,40.81668818269366,12175800,ORCL
2018-04-27,40.320762634277344,40.843258938790775,40.26762959268818,40.843258938790775,14420800,ORCL
2018-04-30,40.44473648071289,40.75469380294748,40.3473247970622,40.43588210156087,13896600,ORCL
2018-05-01,40.69271469116211,40.69271469116211,40.19678486022357,40.19678486022357,8838000,ORCL
2018-05-02,40.303043365478516,40.807830819004955,40.26762247009946,40.63956720841458,10715200,ORCL
2018-05-03,39.904537200927734,40.196779049987526,39.39975306126029,40.17021253050348,15370200,ORCL
2018-05-04,40.48016357421875,40.66613595357014,39.6742798854512,39.78940709191652,10571800,ORCL
2018-05-07,40.798980712890625,40.949532214903456,40.54215974832157,40.68385349114496,9006000,ORCL
2018-05-08,40.68384552001953,40.72812755080004,40.33846730069729,40.630712488274355,9830600,ORCL
2018-05-09,41.2506217956543,41.33917909651214,40.719267855773765,40.940664486162866,11822400,ORCL
2018-05-10,41.560585021972656,41.71113314275015,41.277197541954244,41.44545780251354,10974200,ORCL
2018-05-11,41.463165283203125,41.75541048939634,41.303759421324074,41.71998621381325,9498100,ORCL
2018-05-14,41.463165283203125,41.85282217988255,41.3480380766805,41.45431090342978,9689500,ORCL
2018-05-15,41.45431137084961,41.46316575072279,40.95838164182903,41.18863267922561,11304900,ORCL
2018-05-16,41.38347244262695,41.56059048548352,41.13550920957517,41.56059048548352,9874200,ORCL
2018-05-17,41.21520233154297,41.67570778185709,41.10892950422402,41.34803829832433,10162300,ORCL
2018-05-18,41.02037811279297,41.436604967580074,40.94953292926803,41.3480442653672,13517300,ORCL
2018-05-21,41.808555603027344,41.879404174661694,41.17093534954736,41.2063562571187,13416300,ORCL
2018-05-22,41.06465148925781,42.100789613190045,41.01151845301432,41.83511429723778,18505100,ORCL
2018-05-23,41.534019470214844,41.596010271774496,40.754702192863796,40.80783861344863,9204400,ORCL
2018-05-24,41.14434814453125,41.569429260849816,40.860960733652206,41.321466120891756,12497700,ORCL
2018-05-25,41.62256622314453,41.77311430920282,41.162060829754445,41.1709185867252,11354300,ORCL
2018-05-29,40.96723175048828,41.44544929165899,40.772405009386716,41.22405265721824,12427800,ORCL
2018-05-30,41.66685104370117,41.8262569103366,41.11778826875966,41.294906273715135,11906500,ORCL
2018-05-31,41.374603271484375,41.773114502658075,41.3657455144726,41.56057562979803,13062400,ORCL
2018-06-01,41.93252944946289,41.94138720839758,41.53401813177727,41.693424010149606,10863200,ORCL
2018-06-04,41.905967712402344,42.12736441560745,41.82626476411868,42.04766146732379,12178400,ORCL
2018-06-05,41.737701416015625,41.99451898723662,41.45431394703411,41.91481942869035,13430900,ORCL
2018-06-06,42.28676223754883,42.33989865234011,41.71112956783396,41.994517023564214,13299100,ORCL
2018-06-07,42.22477340698242,42.53472739540445,41.994518977087395,42.44617007821105,13714100,ORCL
2018-06-08,42.667564392089844,42.84468239493613,41.98566227699084,41.98566227699084,14515400,ORCL
2018-06-11,42.67642593383789,42.853543966407535,42.481599138432216,42.64100502992035,12521100,ORCL
2018-06-12,42.906673431396484,43.030655020615264,42.6498524947319,42.69413115113219,14713600,ORCL
2018-06-13,42.74726867675781,43.10150131541153,42.58786280697788,42.60557494564733,18053300,ORCL
2018-06-14,40.6484260559082,41.64028209625595,40.4358837867113,41.63142433849017,37001300,ORCL
2018-06-15,40.98495101928711,41.170926792048746,40.0196613900053,40.62186061074506,28120400,ORCL
2018-06-18,41.19749450683594,41.26833968755417,40.2587713700414,40.57758312888653,21474100,ORCL
2018-06-19,40.97610092163086,41.1000825309338,40.53330752940867,40.59529833406014,22764900,ORCL
2018-06-20,37.92082214355469,39.665429019904074,37.69942546902285,38.531875749094326,59129000,ORCL
2018-06-21,38.16878890991211,38.82412461428201,38.06251944210054,38.23963747395014,32635100,ORCL
2018-06-22,39.05436706542969,39.2314850581613,38.22191689130926,38.257341165504535,29735100,ORCL
2018-06-25,39.213783264160156,39.38204692184683,38.51417224461898,38.58501743345104,24640500,ORCL
2018-06-26,39.32889175415039,39.71854855264779,39.29346748749317,39.37317039834991,20717500,ORCL
2018-06-27,38.47874069213867,39.62114828361417,38.469882933804456,39.47059679613729,26360100,ORCL
2018-06-28,38.82411193847656,38.98351777727175,38.39903082777085,38.53186677460393,20918400,ORCL
2018-06-29,39.01894760131836,39.43517101452994,38.74441453359786,39.00123546357076,22144900,ORCL
2018-07-02,39.80711364746094,39.82482578275986,38.762121312535356,38.93038153050852,20655500,ORCL
2018-07-03,39.60343933105469,39.84254815163876,39.426321310817016,39.84254815163876,16783300,ORCL
2018-07-05,40.2144889831543,40.26762539745277,39.84254421779974,39.98423794435075,21916200,ORCL
2018-07-06,40.73699188232422,40.90525215436545,40.09051393827679,40.25877421031802,20764300,ORCL
2018-07-09,41.38347244262695,41.43660886895763,40.79013088403999,40.85212169230293,25125700,ORCL
2018-07-10,41.613712310791016,41.941378379247624,41.33917927177659,41.472018601871035,27422000,ORCL
2018-07-11,42.18933868408203,42.29560811405424,41.365743000747784,41.463158052490755,22802600,ORCL
2018-07-12,42.6409912109375,42.68526986016883,42.286755260598085,42.3221795312809,24857900,ORCL
2018-07-13,43.06608963012695,43.22549553401111,42.35762082300056,42.48160244196696,25771400,ORCL
2018-07-16,43.083866119384766,43.22611564755766,42.63044680817624,43.22611564755766,22949600,ORCL
2018-07-17,43.475040435791016,43.555055980799025,42.808245357889284,42.932713229791716,18823100,ORCL
2018-07-18,43.24388122558594,43.56394339315443,43.03050870820361,43.377241592571146,19234700,ORCL
2018-07-19,43.066078186035156,43.3150173674371,42.86159473125569,43.03051835283126,16656500,ORCL
2018-07-20,43.13718795776367,43.30610812253566,42.99493850545714,43.11051724529822,17232900,ORCL
2018-07-23,43.27055740356445,43.27055740356445,42.71934104068022,43.22610507279072,17990200,ORCL
2018-07-24,43.27055740356445,43.65285355291034,43.17276363246042,43.34168384599878,19885500,ORCL
2018-07-25,43.51950454711914,43.53728616099093,43.11942671374395,43.137208327615745,16354900,ORCL
2018-07-26,43.44837188720703,43.71508927420457,43.35057472062563,43.43059027587445,15229900,ORCL
2018-07-27,43.235008239746094,43.67064593689235,43.01274313955009,43.55507052666775,14856100,ORCL
2018-07-30,42.4348258972168,43.190528798624214,42.19477933263991,43.190528798624214,20167300,ORCL
2018-07-31,42.3903923034668,42.74601775429448,42.132564021191506,42.58598664057158,18808100,ORCL
2018-08-01,42.09700393676758,42.87048884126825,41.91919458959105,42.594878926751186,22933600,ORCL
2018-08-02,42.58598709106445,42.73712570479285,41.45688017296238,41.8213947377437,14227400,ORCL
2018-08-03,43.09275436401367,43.1016434748664,42.585990258009666,42.60376847971512,14295800,ORCL
2018-08-06,43.27055740356445,43.35057295555535,42.87048303510544,42.93271697648775,13529300,ORCL
2018-08-07,43.101654052734375,43.519513586777066,43.0927649397001,43.51062108224603,11608000,ORCL
2018-08-08,43.02161407470703,43.226097473513754,42.90603532181807,43.048284790183395,10849400,ORCL
2018-08-09,43.15498352050781,43.30612212868622,42.91493685619896,42.91493685619896,14708000,ORCL
2018-08-10,42.95939254760742,43.31501801694522,42.87937698658121,43.00384488340069,10502200,ORCL
2018-08-13,42.683780670166016,43.19943723776746,42.64822083806938,42.97717217755905,12152100,ORCL
2018-08-14,42.87937545776367,42.986061738162896,42.621547171261156,42.78157828760784,11513700,ORCL
2018-08-15,42.53263854980469,42.906042192245195,42.25702867693523,42.763792701101856,14091000,ORCL
2018-08-16,42.763797760009766,43.07497089035033,42.710456314205395,42.799360984876536,11874300,ORCL
2018-08-17,42.994956970214844,43.11942487050065,42.666005606388644,42.861596567625234,11412000,ORCL
2018-08-20,43.048282623291016,43.20831369108348,42.90603316208601,43.03050440819823,11936700,ORCL
2018-08-21,43.039398193359375,43.243881604096856,43.00383497631937,43.19054017003189,10187600,ORCL
2018-08-22,43.38613510131836,43.48393226149364,42.88826358260109,42.97716824194479,11639400,ORCL
2018-08-23,43.52838134765625,43.866225132679574,43.27944560684702,43.38613186840882,11026700,ORCL
2018-08-24,43.79511260986328,43.910691408310385,43.537287678476,43.563958404465254,14011700,ORCL
2018-08-27,43.85735321044922,44.18630462421024,43.82178997882737,43.928476282196485,12253300,ORCL
2018-08-28,43.24388122558594,43.9462394942507,43.20831800885721,43.91067627752197,15475700,ORCL
2018-08-29,43.46615219116211,43.652854017295205,43.243887143433525,43.243887143433525,17307700,ORCL
2018-08-30,43.01274108886719,43.46616037939138,42.95050713509909,43.46616037939138,15154900,ORCL
2018-08-31,43.19054412841797,43.234996458044485,42.986057307444355,43.01273141841655,17844100,ORCL
2018-09-04,43.19054412841797,43.412809168045904,42.817137098265455,42.994949808266874,17289000,ORCL
2018-09-05,42.710453033447266,43.11053080372743,42.48818798234668,43.039404359457386,16437700,ORCL
2018-09-06,42.41705322265625,42.87047573725019,42.24813303787323,42.630429122140725,18456100,ORCL
2018-09-07,42.505977630615234,42.66600876898663,42.07922905879024,42.194804465339224,20513900,ORCL
2018-09-10,43.439483642578125,43.60840386635906,42.67489129752484,42.67489129752484,20390600,ORCL
2018-09-11,43.49283218383789,43.6084109829157,43.137210066554445,43.137210066554445,14877200,ORCL
2018-09-12,43.86623001098633,43.98180878557046,43.22610558743791,43.341684362022036,17058700,ORCL
2018-09-13,43.52838134765625,44.23073963521957,43.45725830378009,43.81288030615112,22124400,ORCL
2018-09-14,43.786216735839844,43.96402946179721,43.51060684103114,43.51060684103114,20066100,ORCL
2018-09-17,43.72397994995117,44.39966419489854,43.66174600863347,43.83955872303923,29225000,ORCL
2018-09-18,43.59061050415039,44.04403300119712,42.105881939240085,42.23923890369903,33451100,ORCL
2018-09-19,43.946250915527344,44.04404809120053,43.26167407731094,43.492828263132736,20904800,ORCL
2018-09-20,44.835304260253906,45.41319472240048,44.061822868600096,44.15072752824017,26973500,ORCL
2018-09-21,45.430973052978516,45.44875466324938,44.764177929550286,45.190929793060285,50751900,ORCL
2018-09-24,45.555442810058594,45.87550160980539,45.08423863228767,45.17314668068561,23906100,ORCL
2018-09-25,45.982181549072266,46.16888332400369,45.31538658875043,45.68879013861327,18665800,ORCL
2018-09-26,45.902183532714844,46.32893206317261,45.839949583991576,46.00886981745533,18131000,ORCL
2018-09-27,45.955509185791016,46.24890060736721,45.635450441564274,45.83993383016526,17993500,ORCL
2018-09-28,45.8399543762207,46.2400288336963,45.777720420991336,45.822172761655715,16234200,ORCL
2018-10-01,46.05331802368164,46.222241633493155,45.46653842298418,45.537664867430195,19217800,ORCL
2018-10-02,44.65748596191406,46.05330997088837,44.56858131339778,45.91995299811394,22406800,ORCL
2018-10-03,44.23073959350586,44.54190926922394,44.08849011439258,44.08849011439258,21207600,ORCL
2018-10-04,43.9818115234375,44.25741802956975,43.71509073602531,44.16851336142948,19034000,ORCL
2018-10-05,43.8751220703125,44.24852913965122,43.67063861937528,43.93735601661967,16900200,ORCL
2018-10-08,43.884010314941406,44.13294607602116,43.475043452740266,43.80399476438072,16295800,ORCL
2018-10-09,43.44837188720703,43.919576108781456,43.41281205603745,43.661747831702414,19009800,ORCL
2018-10-10,42.141448974609375,43.546162131632336,42.11477486610287,43.39502354657397,20885400,ORCL
2018-10-11,41.590240478515625,42.5770979714716,41.33241556452839,42.0792263652927,26387600,ORCL
2018-10-12,42.1236686706543,42.45261995946502,41.48354431059439,42.14145027971097,23152800,ORCL
2018-10-15,42.06119155883789,42.50751151334002,41.83803158158683,41.91836930960326,15693400,ORCL
2018-10-16,43.05201721191406,43.221617548321944,42.37361246113193,42.46287507920963,13600200,ORCL
2018-10-17,42.721736907958984,43.060940949950805,42.33790156166172,42.33790156166172,15071100,ORCL
2018-10-18,42.293270111083984,42.97167478757111,42.07011018517832,42.46287042891821,15084800,ORCL
2018-10-19,42.48072814941406,43.06094538053472,42.266493099494724,42.40039043133814,17768400,ORCL
2018-10-22,42.79315948486328,43.28411419878187,42.58785269774791,42.71282175032672,16480200,ORCL
2018-10-23,42.83778381347656,43.13235316519922,42.06118476634766,42.09689117417782,18921500,ORCL
2018-10-24,41.739837646484375,43.11450382477523,41.68628143509043,42.73959672441451,20028200,ORCL
2018-10-25,42.811012268066406,43.105585093492934,42.20401681429472,42.32898586563279,19349300,ORCL
2018-10-26,42.23971176147461,42.909191559137646,41.69520098121795,42.16830235373539,23088700,ORCL
2018-10-29,41.971923828125,42.927048142247884,41.36492849137299,42.67711008775609,19248700,ORCL
2018-10-30,43.35551452636719,43.40014583504139,41.8826575040643,42.02548314006269,24438200,ORCL
2018-10-31,43.59652328491211,44.14103404924292,43.373363358884745,43.78397680553904,21082900,ORCL
2018-11-01,43.37337875366211,43.95359612933344,43.15021874842721,43.703654607967366,17764900,ORCL
2018-11-02,43.58760070800781,43.75720103496897,43.06094311832266,43.6768633211136,17289300,ORCL
2018-11-05,43.75721740722656,43.855408361472435,43.29304415406988,43.739364196895345,13125800,ORCL
2018-11-06,43.96250915527344,44.158890996478156,43.587602082228635,43.82861182624285,12362700,ORCL
2018-11-07,44.864078521728516,45.0783135895293,44.1588956099258,44.25708654078654,14329800,ORCL
2018-11-08,45.015830993652344,45.07831551502346,44.69448008080029,44.82837742953899,11966600,ORCL
2018-11-09,45.176490783691406,45.36394428279929,44.90869958423016,45.006887080084404,15316100,ORCL
2018-11-12,43.93574142456055,44.97120367739346,43.83755048077574,44.783746691462774,14374400,ORCL
2018-11-13,44.194602966308594,44.63199804542025,43.95359317339639,44.158899955787184,13550600,ORCL
2018-11-14,43.59652328491211,44.60520710399786,43.50726067656126,44.60520710399786,16094000,ORCL
2018-11-15,45.19435501098633,45.24791122085546,43.78398246182074,44.667697381318895,24922800,ORCL
2018-11-16,45.6763801574707,45.926321634625495,45.00690026018797,45.105091189946904,20929600,ORCL
2018-11-19,44.23030471801758,45.613895830499494,44.096410781090796,45.569264518190565,19520500,ORCL
2018-11-20,43.14128875732422,43.80184038801278,42.81100953682889,43.444783059696604,19389600,ORCL
2018-11-21,43.40015411376953,43.900033719665906,43.31981638077103,43.52512316395582,13859500,ORCL
2018-11-23,43.47156524658203,43.846472382490035,42.88242302933296,42.88242302933296,7807300,ORCL
2018-11-26,43.07879638671875,43.88217358998264,42.93597415115524,43.88217358998264,21603800,ORCL
2018-11-27,42.34683609008789,42.82886245855957,41.7666221918766,42.77530283812349,28054600,ORCL
2018-11-28,43.01631164550781,43.069871260494274,42.28434726644618,42.60569814606362,29352900,ORCL
2018-11-29,42.7574577331543,43.185924528254816,42.3468407416755,43.185924528254816,17052100,ORCL
2018-11-30,43.525115966796875,43.59652878660974,42.587844840232336,42.92704892404212,22884500,ORCL
2018-12-03,44.48023986816406,44.73910280478862,43.92680077778654,44.132107509319994,21966600,ORCL
2018-12-04,43.51618957519531,44.828371150495535,43.48048316651287,44.203522619154924,24643500,ORCL
2018-12-06,41.66843032836914,42.64140794445935,40.74901233152139,42.6235547380452,39877000,ORCL
2018-12-07,41.061439514160156,41.98978592041227,40.89183914202136,41.739844407866656,23978000,ORCL
2018-12-10,41.659507751464844,42.02549342555771,40.472298305445555,41.07036547938466,26375500,ORCL
2018-12-11,41.472042083740234,42.07011248859095,41.11498822583198,41.93621516365634,22680200,ORCL
2018-12-12,42.23971176147461,42.94489796558242,41.962992219253096,42.05225823536504,21404000,ORCL
2018-12-13,42.15938186645508,42.44502636067487,41.730915125125385,42.38254184038623,23295400,ORCL
2018-12-14,41.59700393676758,41.9808392366151,41.427403638870935,41.757679336943276,21434300,ORCL
2018-12-17,40.82042694091797,42.15938694582294,40.64189825923369,41.43634731731976,30441100,ORCL
2018-12-18,40.92753219604492,43.15020672723767,40.561550025624484,42.93597168362914,42855600,ORCL
2018-12-19,41.4631233215332,42.34683490042044,40.838274721270466,41.114994311356355,34397300,ORCL
2018-12-20,41.27567672729492,41.90945033507175,40.597268393635396,41.10607294130429,35165200,ORCL
2018-12-21,39.27614974975586,41.24888281767794,39.15118072719435,41.132842099671095,58768400,ORCL
2018-12-24,38.10679626464844,39.115480309312744,38.097871363877516,39.070848995156126,17230400,ORCL
2018-12-26,39.80281448364258,39.820667690801834,37.847934269243865,38.38351686341716,21428900,ORCL
2018-12-27,40.14201354980469,40.24912937410808,38.794125522955085,39.231520530349165,19048700,ORCL
2018-12-28,40.00811767578125,40.856126211581234,39.93670825868957,40.29376215444955,39141200,ORCL
2018-12-31,40.30269241333008,40.615115012907445,40.02597282145373,40.3383954210311,14932600,ORCL
2019-01-02,40.365169525146484,40.4722853388928,39.677836527069495,39.7046146292185,14320400,ORCL
2019-01-03,39.972408294677734,40.615110026503544,39.64213252922304,39.94563019090184,19868700,ORCL
2019-01-04,41.69520568847656,41.90944074618135,40.39195235246203,40.49906817873906,20984000,ORCL
2019-01-07,42.35576629638672,42.94490852701176,41.48097955425567,41.891593113901656,17967900,ORCL
2019-01-08,42.739593505859375,43.16806019049863,42.132598184666136,42.784224813710246,16255700,ORCL
2019-01-09,42.650333404541016,43.05202204125111,41.60594635424577,41.63272446164278,19100200,ORCL
2019-01-10,42.68602752685547,42.82884973376705,41.846947486893676,42.29326730913612,16652700,ORCL
2019-01-11,43.10557556152344,43.400144916660345,42.28434519766347,42.552136449192616,16397400,ORCL
2019-01-14,43.00739288330078,43.150215138496606,42.50751328753981,42.71282006656186,14869400,ORCL
2019-01-15,43.35690689086914,43.49133096391514,42.487616860245886,42.541388540644164,12142100,ORCL
2019-01-16,43.070125579833984,43.724332218596444,43.06116192500246,43.536136490726285,14114000,ORCL
2019-01-17,43.536136627197266,43.83187228354417,42.84608220421093,43.0253142778114,12711200,ORCL
2019-01-18,44.154483795166016,44.42333525301626,43.79601290561118,43.85874479848851,15930600,ORCL
2019-01-22,43.85875701904297,44.06487664144788,43.60782937761659,43.769140981000035,13318700,ORCL
2019-01-23,44.12760925292969,44.34268909844056,43.76017804976882,44.082797818035125,15551200,ORCL
2019-01-24,44.091766357421875,44.297885989969465,43.796027263788666,44.145534615440354,11442200,ORCL
2019-01-25,44.62946319580078,44.71908264432867,44.31580367253417,44.4502277173774,16656600,ORCL
2019-01-28,44.37854766845703,44.56674343369235,44.100732430276324,44.31581574671193,11799100,ORCL
2019-01-29,44.459197998046875,44.737009783309276,44.08280309539409,44.262038600531945,10838600,ORCL
2019-01-30,45.131309509277344,45.25677328427251,44.45021556125863,44.683222645076626,13483800,ORCL
2019-01-31,45.01482009887695,45.256787491741974,44.871432394064264,45.02378375340855,20403600,ORCL
2019-02-01,45.53460693359375,45.794494822617125,45.06859599461345,45.27471562593751,14849600,ORCL
2019-02-04,45.731746673583984,45.92890599817241,45.14923577063981,45.14923577063981,12221200,ORCL
2019-02-05,45.91995620727539,46.036456363178544,45.60629326331535,45.85722088357744,13345500,ORCL
2019-02-06,45.9378776550293,46.14400068306348,45.677989793646965,45.8751457486302,9220900,ORCL
2019-02-07,45.005855560302734,45.69590989206552,44.96104412919391,45.516674423526894,14905000,ORCL
2019-02-08,45.731746673583984,45.731746673583984,44.647377225610924,44.889344555251725,11535600,ORCL
2019-02-11,45.91099166870117,46.13503515922887,45.6600640532725,45.66902428869537,9714500,ORCL
2019-02-12,45.90203094482422,46.19776657148497,45.875143401577,46.11711077900797,14188500,ORCL
2019-02-13,46.081260681152344,46.19776424634042,45.66006126931141,45.92891275782592,11342600,ORCL
2019-02-14,46.135032653808594,46.37700002067406,45.785525374546985,45.9199528290163,11155300,ORCL
2019-02-15,46.35011672973633,46.35011672973633,45.76760230808287,45.82137397456284,13822200,ORCL
2019-02-19,46.61897659301758,46.7623643107368,45.91996189646549,46.13504176372789,12357500,ORCL
2019-02-20,46.39493179321289,46.78924715142744,46.152964385229154,46.60105141809546,13440900,ORCL
2019-02-21,46.69963455200195,46.914714429185295,46.16192802177758,46.26947137900226,14759500,ORCL
2019-02-22,47.031211853027344,47.13875177750976,46.78028422302418,46.95055605500739,11689700,ORCL
2019-02-25,47.10289764404297,47.52409701865542,47.013278210037875,47.27316944070486,14722200,ORCL
2019-02-26,47.138755798339844,47.38968686837942,46.81613599737384,47.01329197263648,12041300,ORCL
2019-02-27,46.941593170166016,47.17459689650169,46.83404983311967,47.06705697808772,10674200,ORCL
2019-02-28,46.717552185058594,47.058095848074,46.645856623182155,46.78028409238419,31856900,ORCL
2019-03-01,47.058101654052734,47.25526105490569,46.93263782392193,47.04914141702895,15757700,ORCL
2019-03-04,46.63689422607422,47.36279295395536,46.215691366150416,47.201481365841246,14850100,ORCL
2019-03-05,46.92366027832031,47.1297798401664,46.6189610524105,46.63688493847952,16291900,ORCL
2019-03-06,46.91470718383789,47.273178148626435,46.717551229973424,46.87886282226502,12389300,ORCL
2019-03-07,47.120826721191406,47.61372169730019,46.771316018020805,46.780279671724585,16624100,ORCL
2019-03-08,47.29109573364258,47.30005596818305,46.71754500135555,46.9147009289342,15071100,ORCL
2019-03-11,47.1925163269043,47.6585271541758,46.52038591771825,46.547270040123436,20027700,ORCL
2019-03-12,47.3179931640625,47.75711998995452,47.120837181033814,47.201489570477605,18048500,ORCL
2019-03-13,47.550994873046875,47.918426085592166,47.26421945928629,47.550994873046875,19490800,ORCL
2019-03-14,47.542030334472656,47.85569328775151,47.362794849546525,47.47929842754339,24000300,ORCL
2019-03-15,47.443450927734375,47.84672991654776,45.704874576512026,46.06334554848671,43340200,ORCL
2019-03-18,47.90946578979492,48.35755283253965,47.300067138171464,47.380722942610824,21953600,ORCL
2019-03-19,48.42923355102539,48.733932783410715,48.169342325449016,48.21415033225796,19214000,ORCL
2019-03-20,47.17460632324219,48.56367556065627,47.058102727477646,48.29482400158146,24111600,ORCL
2019-03-21,48.42923355102539,48.43819378493447,46.91469762300786,47.165628614675164,16686300,ORCL
2019-03-22,47.29109573364258,48.2858492806044,47.26421161138913,48.05284215896778,16201500,ORCL
2019-03-25,47.26420593261719,47.44343795094822,46.807155397430854,47.102894381213964,11755900,ORCL
2019-03-26,47.748146057128906,47.98115319414712,47.550990116535324,47.757109710893126,11657600,ORCL
2019-03-27,47.32695007324219,48.079736368437196,46.87886307416498,47.74814952770466,12636000,ORCL
2019-03-28,47.66748809814453,47.76606777327332,47.309020592423224,47.497216289324314,9103100,ORCL
2019-03-29,48.13349914550781,48.16038668706425,47.72125997371829,47.91841932484898,11485700,ORCL
2019-04-01,48.91318130493164,48.975913214960244,48.2589712398344,48.285858786012874,15191700,ORCL
2019-04-02,48.52782440185547,48.841483940441975,48.28585700696049,48.760828142143644,10812100,ORCL
2019-04-03,48.44716262817383,48.74289823970383,48.26792716310272,48.536778651393305,12853400,ORCL
2019-04-04,48.232078552246094,48.52781757729379,47.864647393589074,48.2679263283668,9978800,ORCL
2019-04-05,48.33066177368164,48.56366549829946,48.16038995256217,48.16038995256217,10016300,ORCL
2019-04-08,48.14247131347656,48.33066704449573,47.79296397911732,48.15143154982536,10126700,ORCL
2019-04-09,48.24103546142578,48.48299936983342,47.918412358706775,47.94529647772282,9789000,ORCL
2019-04-10,48.5831184387207,48.75415282033669,48.25004660523423,48.26805076655317,8477300,ORCL
2019-04-11,48.421085357666016,48.78115828918378,48.1780343260716,48.65513259145543,8147600,ORCL
2019-04-12,49.06021499633789,49.06021499633789,48.49309595322494,48.70013865031069,9014000,ORCL
2019-04-15,49.1772346496582,49.28525616742548,48.889174979650726,49.06020933561075,7694900,ORCL
2019-04-16,49.1412239074707,49.429283563263425,48.907176724867355,49.2132371044479,7265200,ORCL
2019-04-17,49.04221725463867,49.357284957136415,48.96120023787559,49.22225545121696,7792200,ORCL
2019-04-18,49.078216552734375,49.21324259987262,48.81716138741448,49.006199913773436,8233000,ORCL
2019-04-22,49.1682243347168,49.222236803410595,48.79014735568525,48.97018548405623,6088100,ORCL
2019-04-23,49.456295013427734,49.63633318201327,49.258256118531854,49.28526064193983,10923400,ORCL
2019-04-24,49.67234420776367,49.98740844449048,49.4743018681396,49.510310190606276,8769800,ORCL
2019-04-25,49.51930618286133,49.70834814215209,49.13222876931365,49.64533530036928,8226100,ORCL
2019-04-26,49.87938690185547,49.951403546775566,49.519310545140264,49.708352521084194,7101600,ORCL
2019-04-29,49.58232498168945,49.951401688316736,49.58232498168945,49.771363516657516,6443000,ORCL
2019-04-30,49.807373046875,49.852381732396786,49.36627968729928,49.564322024326245,10562300,ORCL
2019-05-01,49.402286529541016,49.88838512613576,49.33026988770921,49.79836775778849,7792700,ORCL
2019-05-02,49.15021514892578,49.55530003782258,49.02418950214485,49.33925705303851,9652200,ORCL
2019-05-03,49.32126998901367,49.52831268531654,49.21324502524846,49.33027035235618,11066500,ORCL
2019-05-06,49.37527084350586,49.510300308834005,48.457082841465486,48.5200956762341,9305400,ORCL
2019-05-07,48.610130310058594,49.18624982356172,48.29506602421882,48.790168516514115,11712400,ORCL
2019-05-08,48.60112762451172,48.99720891264811,48.43909358983251,48.92519225992713,10729800,ORCL
2019-05-09,48.835166931152344,48.92518429846228,47.78194931106779,48.124018053999514,10711800,ORCL
2019-05-10,49.19524383544922,49.483303534893,48.16902729299545,48.40307794500758,11200300,ORCL
2019-05-13,48.097015380859375,48.565113263551886,48.0610070589732,48.35807056362026,10664700,ORCL
2019-05-14,48.72713851928711,49.16822836430684,48.033993900314144,48.28604524032542,11520800,ORCL
2019-05-15,49.114227294921875,49.33927415186241,48.46609124807153,48.52910409329947,8573000,ORCL
2019-05-16,49.186241149902344,49.645338667102344,49.105224142981314,49.42929217066542,10013800,ORCL
2019-05-17,49.06021499633789,49.43829206911817,48.781155656469686,48.781155656469686,9057100,ORCL
2019-05-20,48.304046630859375,48.93417837873144,48.187021329440135,48.56510175174008,9820200,ORCL
2019-05-21,48.76314163208008,48.85316241734895,48.637115966645496,48.799149946187626,8482000,ORCL
2019-05-22,48.790157318115234,49.10522153164094,48.646127472797424,48.81716184100533,8389700,ORCL
2019-05-23,47.781951904296875,48.35807132780959,47.26884189416682,48.35807132780959,11213900,ORCL
2019-05-24,47.50288391113281,48.13301570365064,47.3408499235156,48.05199870984204,9090700,ORCL
2019-05-28,46.58469009399414,47.96197548486823,46.58469009399414,47.781940782383074,28230400,ORCL
2019-05-29,46.53068923950195,46.63871420869222,45.95456980625796,46.296642007475086,12448700,ORCL
2019-05-30,46.55769729614258,46.836753215611,46.32364662968352,46.746735841706865,8569500,ORCL
2019-05-31,45.54948043823242,46.23362477580487,45.468463435992064,46.12560325079851,11847100,ORCL
2019-06-03,45.22541046142578,45.98156791403849,44.910342853037676,45.51347011633139,17434400,ORCL
2019-06-04,46.82775115966797,47.02579349583199,45.57649116432452,45.7205210177322,17073200,ORCL
2019-06-05,46.89975357055664,47.92596990298159,46.6747067618036,47.51188116508025,15855300,ORCL
2019-06-06,47.34085464477539,47.475884125903434,46.68371826676643,46.89076095293837,10266900,ORCL
2019-06-07,47.94397735595703,48.08800719641952,47.51188783456957,47.529891993870166,11591800,ORCL
2019-06-10,48.6191291809082,48.97920558275311,48.223047886033264,48.32206906823777,12984600,ORCL
2019-06-11,48.55611801147461,49.15924549041307,48.46610062485964,49.0602243047707,11288400,ORCL
2019-06-12,48.2680549621582,48.65513587930509,48.09702056567539,48.32206745080996,10235400,ORCL
2019-06-13,48.466094970703125,48.59212067083893,48.10601859836416,48.59212067083893,11289100,ORCL
2019-06-14,47.96198654174805,48.45709238954658,47.96198654174805,48.25905005042716,12973000,ORCL
2019-06-17,47.826961517333984,48.20503860861327,47.66492749708781,48.01600006297363,15207900,ORCL
2019-06-18,47.61991500854492,48.25004344370625,47.17882166998957,47.58390668826644,20999700,ORCL
2019-06-19,47.421871185302734,47.82695619080351,47.034790339373366,47.48488402683149,35449500,ORCL
2019-06-20,51.30167770385742,51.73376721234241,49.98740158569732,50.392486573008924,54173900,ORCL
2019-06-21,50.518516540527344,51.445711908877854,50.46450749359403,51.436708111760666,45169000,ORCL
2019-06-24,51.076629638671875,51.580732336111666,50.32047215857011,50.635536344469976,19544200,ORCL
2019-06-25,50.4735107421875,51.472719374884996,50.46451037849824,51.193660025320895,25462100,ORCL
2019-06-26,51.00461959838867,51.17565397370823,50.62654252643729,50.79757690175684,15045200,ORCL
2019-06-27,51.10364532470703,51.66176061907468,51.09464152660434,51.31068803981208,12605800,ORCL
2019-06-28,51.2836799621582,51.382701130773896,50.73456506997487,51.22066711557414,42570500,ORCL
2019-07-01,52.219871520996094,52.291888163988645,51.337688247992624,51.44571321248145,20413000,ORCL
2019-07-02,52.62495422363281,52.7149750233889,52.003826158056526,52.102847320817034,17569600,ORCL
2019-07-03,52.98503112792969,53.06604813161537,52.55294158625355,52.615954429793256,9989100,ORCL
2019-07-05,53.36310958862305,53.57915608209818,52.516934643225696,52.68796901818422,13838900,ORCL
2019-07-08,53.58815383911133,53.71417952336636,53.12005598763382,53.282089991373816,16105600,ORCL
2019-07-09,53.65117263793945,53.67818059752295,53.120061885367065,53.29109970493921,14348600,ORCL
2019-07-10,54.14628601074219,54.4613503000578,53.786209593858736,53.95724400320961,16059100,ORCL
2019-07-11,54.00225067138672,54.20028959010286,53.47113989884536,54.17328506344676,11150200,ORCL
2019-07-12,53.8402099609375,54.09226133562417,53.3811124611097,54.09226133562417,11234300,ORCL
2019-07-15,53.58815383911133,53.876213527106366,53.33610247060127,53.876213527106366,10721600,ORCL
2019-07-16,52.97355651855469,53.75988883572481,52.955479477628096,53.479699873127174,9698900,ORCL
2019-07-17,52.413185119628906,53.28086244800918,52.413185119628906,53.14528635701836,9090900,ORCL
2019-07-18,52.53068161010742,52.54875865240179,52.06068885398388,52.14203382038687,11882300,ORCL
2019-07-19,52.00646209716797,52.90125329562472,51.98838505455305,52.702412722547294,11663500,ORCL
2019-07-22,52.0606803894043,52.49452243824373,52.01548951493765,52.31375549253442,8761700,ORCL
2019-07-23,51.925113677978516,52.54875609144608,51.925113677978516,52.476451373635676,8141100,ORCL
2019-07-24,52.52163314819336,52.62105513480977,51.86183676628013,51.92510467633739,10778700,ORCL
2019-07-25,52.684329986572266,52.99163278213036,52.49452623139188,52.756634701374956,8175900,ORCL
2019-07-26,52.87413024902344,53.00970632110675,52.60298155269956,52.72951738112785,6057200,ORCL
2019-07-29,52.4764518737793,53.136248376362026,52.241453781008765,53.136248376362026,7439300,ORCL
2019-07-30,51.961273193359375,52.55780183099553,51.907042063449374,52.20530465834572,6367200,ORCL
2019-07-31,50.88570022583008,52.31375529902423,50.27109468139749,52.31375529902423,11966700,ORCL
2019-08-01,50.506099700927734,51.38281381619154,50.18071984460584,50.88570723474117,10215200,ORCL
2019-08-02,50.469947814941406,50.78628744022671,49.71072926641336,50.78628744022671,12644400,ORCL
2019-08-05,48.589969635009766,49.80110372649047,48.526701719232946,49.80110372649047,16204600,ORCL
2019-08-06,48.7707405090332,49.2136194029354,48.454400904705274,48.98766155760314,13149500,ORCL
2019-08-07,48.21035385131836,48.870150179436784,47.87593729001828,48.020550136621736,16344100,ORCL
2019-08-08,49.39438247680664,49.4847642286808,48.55381908257423,48.55381908257423,12460700,ORCL
2019-08-09,48.71650314331055,49.2316866523733,48.37304632132124,49.02380588975521,8471300,ORCL
2019-08-12,48.129024505615234,48.61709431399965,47.90306664408653,48.517672303272086,6580100,ORCL
2019-08-13,48.77977752685547,49.02381239741257,47.90306004165137,48.0295958750122,11014800,ORCL
2019-08-14,47.2884635925293,48.23748597371316,47.21615886573154,48.219408930052836,12489200,ORCL
2019-08-15,47.53248977661133,47.6499888148925,46.96307507338722,47.58672089762793,11257000,ORCL
2019-08-16,48.436317443847656,48.53573943427189,47.91209365718993,48.06574676452992,9913100,ORCL
2019-08-19,48.689395904541016,49.14131159852595,48.58997390020943,49.00573895903635,8273100,ORCL
2019-08-20,47.884979248046875,48.66227467529885,47.81267454086947,48.373048950904064,7577800,ORCL
2019-08-21,48.11997985839844,48.74362221325937,48.056708495475974,48.382088314653075,6113100,ORCL
2019-08-22,48.07478332519531,48.55381623600395,47.80363463762668,48.42728041166143,6744900,ORCL
2019-08-23,46.619625091552734,48.19228979084322,46.321359075710276,47.957295144778406,11374500,ORCL
2019-08-26,47.116729736328125,47.28845645341036,46.84558101804559,47.125766532872234,8582300,ORCL
2019-08-27,47.35172653198242,47.55960734040647,47.19807684882502,47.39691741244971,13853100,ORCL
2019-08-28,46.95402908325195,47.17998687147949,46.65576314782732,47.17998687147949,7499000,ORCL
2019-08-29,47.14384078979492,47.731332517916144,47.080572874193294,47.586719646849154,6858000,ORCL
2019-08-30,47.053462982177734,47.496338428509446,46.77327401256974,47.4511475489838,7920000,ORCL
2019-09-03,46.89979934692383,46.99922132831157,46.59249660801733,46.944990216324896,10128000,ORCL
2019-09-04,47.875946044921875,48.02055891797017,47.198072556037424,47.31556814499721,10558300,ORCL
2019-09-05,48.66228103637695,49.10515992416057,48.47247727640243,48.562859034149426,10414500,ORCL
2019-09-06,48.04766845703125,48.93342265621426,48.02959141853659,48.89726857922494,11636100,ORCL
2019-09-09,49.29497146606445,49.421507326023,48.309794980588286,48.46344468258264,17803800,ORCL
2019-09-10,50.13551712036133,50.13551712036133,48.933419984908824,49.294953839380554,19976400,ORCL
2019-09-11,50.87666702270508,50.87666702270508,49.85533664177163,49.95475864095669,16749400,ORCL
2019-09-12,48.70746994018555,49.602264476106754,47.81267885210725,49.114194729240644,28184400,ORCL
2019-09-13,48.58092498779297,49.457642318789176,48.201317554480546,48.80688277843387,14736700,ORCL
2019-09-16,48.02960205078125,48.41824984484446,47.71326242670343,48.26460015539047,15204200,ORCL
2019-09-17,47.785560607910156,48.08382659650799,47.3155679108681,48.06574955648604,11111400,ORCL
2019-09-18,47.505374908447266,47.758446572010136,46.872692301697256,47.740369532063816,8911800,ORCL
2019-09-19,48.237483978271484,48.50863272627261,47.351729562618004,47.351729562618004,14855000,ORCL
2019-09-20,48.32785415649414,49.032841371521684,48.282659839352526,48.544771708267696,59517000,ORCL
2019-09-23,48.82496643066406,48.960539054711816,47.95728922452459,48.05670776968918,13863100,ORCL
2019-09-24,48.21940612792969,49.24977686962992,48.01152530968166,48.93343379572292,15354800,ORCL
2019-09-25,48.66228103637695,48.76170303860448,47.80364054640827,48.18325151420037,11607200,ORCL
2019-09-26,48.7707405090332,49.105160602571985,48.327865062974105,48.9063165953698,13324300,ORCL
2019-09-27,48.88823318481445,49.34918561218815,48.46343138762344,48.97861493203513,12391100,ORCL
2019-09-30,49.737831115722656,49.96378892155144,48.85207693061492,49.03284386484645,17445100,ORCL
2019-10-01,48.626121520996094,50.289171191761824,48.58093064717191,49.74687381018627,16443200,ORCL
2019-10-02,48.038639068603516,48.40920979527457,47.61383721808678,48.3549786714289,15923700,ORCL
2019-10-03,48.68035125732422,48.698428295909615,47.84882472160881,47.957286953121184,11268500,ORCL
2019-10-04,49.837257385253906,49.87341146477601,48.66227738352792,48.80689025377354,13659500,ORCL
2019-10-07,49.52995681762695,50.036103610018834,49.484765940126934,49.7739916935386,12352100,ORCL
2019-10-08,48.852081298828125,49.44860982164229,48.59900963698054,49.069002328870916,14771500,ORCL
2019-10-09,49.5057487487793,49.923368196052465,49.079055662126635,49.160763438416915,12803100,ORCL
2019-10-10,50.37729263305664,50.47715460090238,49.34232645373083,49.43311478343695,13789000,ORCL
2019-10-11,51.64828872680664,52.047750378732495,50.57701087282009,50.7676611358465,18675200,ORCL
2019-10-14,51.25791549682617,51.93881236622042,51.212523064844,51.593827112579476,11079600,ORCL
2019-10-15,51.158058166503906,51.5847547137647,51.158058166503906,51.41226205963982,9150100,ORCL
2019-10-16,50.73135757446289,50.84937720618777,50.43176128649833,50.64964981076534,8912300,ORCL
2019-10-17,49.986907958984375,51.05818593165453,49.92335786426838,50.84937451962151,9917700,ORCL
2019-10-18,49.523895263671875,50.16847676300283,49.18798713156172,49.887041623891754,12562900,ORCL
2019-10-21,50.05045700073242,50.20479195230422,49.76901839918225,49.98690690735341,8256600,ORCL
2019-10-22,49.12443542480469,50.32281352566816,49.042727669599444,50.13216325126266,7777100,ORCL
2019-10-23,49.1425895690918,49.59652074034055,48.906543420639245,49.02456649486552,10491000,ORCL
2019-10-24,49.2606086730957,49.61467789213036,48.97009300354416,49.451262395105125,6449200,ORCL
2019-10-25,49.17890548706055,49.40587109140523,49.03364763880876,49.060885866319914,6307000,ORCL
2019-10-28,49.60560607910156,49.64192141000599,49.26969792628703,49.342325124875316,7280200,ORCL
2019-10-29,49.75086212158203,50.213873915643426,49.53297707055822,49.67823492564757,8333900,ORCL
2019-10-30,49.7962532043457,50.095849470421264,49.43311030805998,50.095849470421264,6284900,ORCL
2019-10-31,49.46943283081055,49.796260446030914,49.242467188917566,49.67824080576558,8260600,ORCL
2019-11-01,49.932437896728516,50.06861865809875,49.52389907583843,49.75994526711742,7313600,ORCL
2019-11-04,50.340972900390625,50.613330939258255,50.168476820638844,50.168476820638844,8757000,ORCL
2019-11-05,50.54069519042969,50.6950335902797,50.39543735345204,50.62240294018087,10759300,ORCL
2019-11-06,50.56793975830078,50.74043237909034,50.477151434290136,50.57701685909162,10572100,ORCL
2019-11-07,50.822139739990234,51.412251720153805,50.713197215253416,50.803982075330694,9677700,ORCL
2019-11-08,51.28514862060547,51.28514862060547,50.63148658283547,50.82213685611165,5869600,ORCL
2019-11-11,51.23068618774414,51.39410173086461,51.0037205404347,51.02187820780597,5018000,ORCL
2019-11-12,51.375938415527344,51.61198113896281,51.22159999144909,51.32146541940198,6184900,ORCL
2019-11-13,51.03095245361328,51.34870641999396,50.99463712090336,51.03095245361328,6802300,ORCL
2019-11-14,50.9220085144043,51.13989704143425,50.51346969073603,50.66780811888655,9056100,ORCL
2019-11-15,51.22160339355469,51.34870705962268,51.08542608902731,51.203449190194334,7216900,ORCL
2019-11-18,51.012779235839844,51.348690766171714,50.803971331244725,51.348690766171714,6923300,ORCL
2019-11-19,51.08542251586914,51.70276928356464,51.07634195160332,51.266995705759676,7199500,ORCL
2019-11-20,51.05818176269531,51.40316697349356,50.66780066233191,51.04002409951328,9117000,ORCL
2019-11-21,51.049110412597656,51.375941482418945,50.94924497868329,51.040033310978515,8067100,ORCL
2019-11-22,51.19437026977539,51.802639998509925,51.06727006284543,51.221605038911555,6346900,ORCL
2019-11-25,51.34871292114258,51.45765546984457,51.09450902320968,51.25792457787327,7977700,ORCL
2019-11-26,51.30331039428711,51.62106435987371,51.22160262750435,51.521198926781366,12076900,ORCL
2019-11-27,51.394100189208984,51.66645826516627,51.185292215534375,51.65738116336338,5790000,ORCL
2019-11-29,50.96739959716797,51.28515354636765,50.92200716534531,51.13989568660283,6479400,ORCL
2019-12-02,50.322818756103516,51.2579160248063,50.27742632365378,51.04910806496105,14314000,ORCL
2019-12-03,49.56021499633789,49.92336138882754,49.44219189929565,49.58744976364738,11963700,ORCL
2019-12-04,49.39680099487305,49.84165516628009,49.18799302485611,49.84165516628009,11436800,ORCL
2019-12-05,49.64192199707031,49.7781027579621,49.29693327583956,49.47850646928841,10557400,ORCL
2019-12-06,49.778106689453125,50.050464769527025,49.57837581456252,49.9596764340218,9088600,ORCL
2019-12-09,50.213871002197266,50.36820594911614,49.71454390752975,49.78717456247057,11996700,ORCL
2019-12-10,50.676876068115234,50.758583818092724,50.14123714342284,50.29557554370032,10719700,ORCL
2019-12-11,51.121742248535156,51.29423488901304,50.522553094555164,50.658730401283755,12159600,ORCL
2019-12-12,51.26699447631836,51.439487097806506,50.62240949450381,51.11265605648543,15413200,ORCL
2019-12-13,49.48758316040039,50.295583691390725,49.40587539718656,49.93243730750247,21427700,ORCL
2019-12-16,49.015506744384766,49.91428884217965,48.7522257406989,49.5693000602196,19951000,ORCL
2019-12-17,47.971466064453125,49.07905968649222,47.96238896110819,48.92472122385692,19778400,ORCL
2019-12-18,48.47077941894531,48.67051028170062,48.07132115665537,48.171186588033024,14123100,ORCL
2019-12-19,48.3345947265625,48.66142227487659,48.15302155757457,48.389064253004776,11910100,ORCL
2019-12-20,48.661434173583984,48.979188162815184,48.43446852265641,48.94287282749374,27423700,ORCL
2019-12-23,48.76130676269531,49.088137902061035,48.67052187430328,48.70683721494869,10591500,ORCL
2019-12-24,48.51616287231445,48.9882517112152,48.443535684986664,48.82483621070263,3331700,ORCL
2019-12-26,48.63420104980469,48.71590882543298,48.3709200546445,48.525258503374,6702000,ORCL
2019-12-27,48.534332275390625,48.8430056884468,48.42538973643576,48.71590548246265,7262000,ORCL
2019-12-30,47.84436798095703,48.56158039007645,47.77173729805916,48.47987260342713,5936100,ORCL
2019-12-31,48.09855651855469,48.11671418477694,47.708175352828086,47.72633301905034,7094500,ORCL
2020-01-02,48.97917938232422,48.98825648291683,48.32551731660399,48.3618326454152,13899600,ORCL
2020-01-03,48.80669021606445,49.06997119241167,48.07132375117714,48.107639085132796,11026700,ORCL
2020-01-06,49.060890197753906,49.20614805883006,48.434462857996266,48.44354342237511,10982400,ORCL
2020-01-07,49.16984176635742,49.32418022018354,48.67051799357169,48.924718431377975,12015400,ORCL
2020-01-08,49.36133575439453,49.789928019381854,48.969216984406614,49.18807186894575,11856700,ORCL
2020-01-09,49.58930587768555,49.97230362058387,49.27013761330167,49.47075746642095,10671000,ORCL
2020-01-10,49.65315246582031,49.83553388430272,49.44341505208823,49.74434143574341,9734800,ORCL
2020-01-13,49.77168655395508,49.963185422741184,49.571066703625704,49.66225564724712,10858900,ORCL
2020-01-14,50.04526138305664,50.31883171726232,49.69873710445715,49.716975590555606,12627200,ORCL
2020-01-15,49.93584060668945,50.31884193526002,49.86289012611749,50.04527154550175,9090800,ORCL
2020-01-16,50.546810150146484,50.56504863717391,50.09085841036788,50.1364528886186,9866000,ORCL
2020-01-17,50.27323532104492,50.783898997753546,50.01790000405521,50.729187020183566,11166600,ORCL
2020-01-21,50.35531234741211,50.482978280739744,50.08173851469771,50.13645397696774,8773000,ORCL
2020-01-22,49.89936447143555,50.74743506996022,49.78993353840033,50.52857668252583,6380500,ORCL
2020-01-23,50.13645553588867,50.15469402387912,49.49812237076667,49.61667080338662,6583200,ORCL
2020-01-24,49.30661392211914,50.337065683014444,49.133353537696216,50.20939977042542,6426000,ORCL
2020-01-27,48.048194885253906,48.80507647138129,47.99348290075804,48.495029137573276,8259100,ORCL
2020-01-28,48.75035095214844,48.95097079694551,48.02082898738881,48.2032103482375,8620300,ORCL
2020-01-29,48.51325607299805,49.18806256442072,48.495017589630535,49.04215817611568,6332500,ORCL
2020-01-30,48.61356735229492,48.631805836172695,47.67430456508255,48.16673319387718,7176200,ORCL
2020-01-31,47.82933044433594,48.77771074419509,47.68342605040646,48.64092385298333,8884700,ORCL
2020-02-03,48.41294860839844,48.704757399803626,48.04818587982435,48.0846628484088,8892500,ORCL
2020-02-04,49.279266357421875,49.75345659853926,49.01481350549637,49.01481350549637,9769800,ORCL
2020-02-05,49.917579650878906,50.182028918970616,49.77167528693249,49.85374323043257,9612900,ORCL
2020-02-06,49.89022445678711,50.47384196247319,49.89022445678711,50.15467722612446,8832000,ORCL
2020-02-07,49.89936447143555,50.12734036397151,49.41605321378678,49.4890071691436,7864800,ORCL
2020-02-10,50.14557647705078,50.21852695031535,49.65314773763037,49.89936210734057,7198200,ORCL
2020-02-11,50.29147720336914,50.64711899613734,50.25500023010173,50.30971221136721,8466600,ORCL
2020-02-12,50.82038116455078,50.96628558404734,50.382667906061116,50.656238257787685,7541100,ORCL
2020-02-13,50.437381744384766,50.73830807800707,50.16380792282822,50.437381744384766,8480100,ORCL
2020-02-14,50.58328628540039,50.92068959322354,50.3735489060165,50.501214834455766,7496800,ORCL
2020-02-18,50.56503677368164,50.84772455969374,50.245868543537966,50.53767731024168,7185700,ORCL
2020-02-19,50.555931091308594,50.85686092976586,50.51033660995821,50.6927180139957,6819200,ORCL
2020-02-20,50.61975860595703,50.94804440212007,50.045261941307295,50.51945214924995,6114600,ORCL
2020-02-21,49.86287307739258,50.464729120533335,49.64401475323455,50.227635791444264,9078600,ORCL
2020-02-24,48.011714935302734,48.814187414893944,47.88404553848855,48.42206867841024,10992500,ORCL
2020-02-25,46.47058868408203,48.53149197263632,46.32468430354468,48.39470509397981,12202600,ORCL
2020-02-26,47.464569091796875,48.45854389123817,46.725929598087035,46.78976255486109,16413100,ORCL
2020-02-27,46.30644989013672,48.75035108786124,46.28821140613756,46.39764231013249,16161100,ORCL
2020-02-28,45.10273361206055,45.49485228525997,43.68016677778805,44.90211726385803,24426000,ORCL
2020-03-02,46.41588592529297,46.41588592529297,44.38233821752278,45.34895710452447,17328500,ORCL
2020-03-03,44.546485900878906,47.27307897710974,43.99934517615312,46.160555561046635,21830500,ORCL
2020-03-04,46.08760070800781,46.13319518429607,44.52824665995472,45.458385107868956,14813700,ORCL
2020-03-05,43.77136993408203,45.30336816006577,43.54339404900868,44.89301087120657,15843000,ORCL
2020-03-06,43.19684982299805,44.044920002940145,42.36701812289317,42.46732802268074,24581400,ORCL
2020-03-09,41.956668853759766,43.37923923885689,40.72560080337753,40.99005359242216,25949300,ORCL
2020-03-10,44.30026626586914,44.60119256148112,42.09345835729541,43.269814509767706,27067700,ORCL
2020-03-11,40.78032302856445,43.297174997215855,40.36996578404641,42.68620136098332,24139200,ORCL
2020-03-12,36.29375457763672,39.57660890059961,36.21168313259676,37.497466785799155,24123800,ORCL
2020-03-13,43.707523345947266,43.7622387936253,39.59483771263883,40.53410043195335,28339400,ORCL
2020-03-16,38.956512451171875,43.37924233287653,37.62513090868502,38.7650101027981,27493700,ORCL
2020-03-17,42.73179244995117,43.50690892254665,37.98989423297952,39.777224002268476,25588900,ORCL
2020-03-18,43.105674743652344,43.58898243930843,38.810610503921986,39.8228203701504,29557000,ORCL
2020-03-19,41.0994987487793,43.74402082313834,40.917117316299965,42.37616529749811,20159100,ORCL
2020-03-20,41.628387451171875,42.58588522998383,40.588814756761835,41.05388739243068,26340800,ORCL
2020-03-23,40.29701232910156,42.39439305356343,40.02344198897389,41.03565537821831,23063700,ORCL
2020-03-24,43.62546920776367,43.78049115301964,41.309233184047116,41.33659265804941,19323700,ORCL
2020-03-25,41.89284133911133,44.44617366612017,41.47336660602447,42.950649153950394,25625800,ORCL
2020-03-26,46.032894134521484,46.26999102280161,42.12082678562543,42.29409069905388,22417900,ORCL
2020-03-27,45.440147399902344,47.05421333212845,44.28202968209886,44.76533736357699,20025300,ORCL
2020-03-30,45.92345428466797,47.04509501269532,45.22128827210412,45.95993125435226,20611900,ORCL
2020-03-31,44.07229995727539,46.67122366657542,43.7713701179691,46.61650820161902,15802000,ORCL
2020-04-01,44.41881561279297,44.67415094080561,41.98403510402711,42.449104326626184,17918200,ORCL
2020-04-02,45.41279220581055,45.49486365742863,43.86255560782208,43.935509555320685,16434400,ORCL
2020-04-03,45.04803466796875,45.64076986074139,44.6376773938118,44.95684223002508,13362500,ORCL
2020-04-06,46.95390701293945,47.30954877793698,45.91433422780811,45.95993218014963,13845800,ORCL
2020-04-07,46.28822326660156,47.71991505897993,46.24262878423854,47.55577213956422,14063000,ORCL
2020-04-08,47.76335906982422,48.26728791136648,46.61806465942764,46.709686814194896,15710700,ORCL
2020-04-09,48.72540283203125,49.12854518270644,47.67173063789163,47.86414274393204,15521200,ORCL
2020-04-13,48.53300476074219,48.688763147614104,48.01075070627724,48.285620709391154,12694800,ORCL
2020-04-14,49.476715087890625,49.568337236285316,48.972786281398,49.21100596432074,11674600,ORCL
2020-04-15,48.70707321166992,48.97278231371254,48.38639222310859,48.75288428215574,10398100,ORCL
2020-04-16,49.201847076416016,49.3576054338254,48.62461773244966,48.69791825016776,14098300,ORCL
2020-04-17,50.04478073120117,50.13640637591739,49.4492297687701,49.953158581645916,13608800,ORCL
2020-04-20,49.39426040649414,50.00814006790352,49.29347393259399,49.5225328295811,10358900,ORCL
2020-04-21,47.01204299926758,48.871999876026564,46.837956023896616,48.771213415582515,14111700,ORCL
2020-04-22,47.89162826538086,48.175662518325005,47.43351053201601,47.671730215494925,9668300,ORCL
2020-04-23,47.616764068603516,48.55132477682709,47.14032114900946,47.85498378081987,10330200,ORCL
2020-04-24,48.569637298583984,48.60628755363569,47.60759082202138,48.019897453451264,9403500,ORCL
2020-04-27,48.89950180053711,49.146885876512286,48.615470950284255,48.89034098075821,9123200,ORCL
2020-04-28,48.74372100830078,49.6141452842841,48.67958481382247,49.3850864482443,8350500,ORCL
2020-04-29,49.366764068603516,49.73325612956175,49.19267710662475,49.43090026665022,9064100,ORCL
2020-04-30,48.53300476074219,49.110230718732886,48.37724287870855,48.99112259765261,11808800,ORCL
2020-05-01,47.45184326171875,48.04739431339328,47.01205058666077,47.99242241348696,8702400,ORCL
2020-05-04,47.415191650390625,47.45184191272725,46.81963712048541,47.378541388054,7567900,ORCL
2020-05-05,47.690059661865234,48.432211715364915,47.63508776578757,47.84582152279486,7271800,ORCL
2020-05-06,47.51597595214844,48.10236614208328,47.36937840466473,48.03822993350673,7050000,ORCL
2020-05-07,48.193992614746094,48.48718773597156,47.8916366751155,48.01074828535133,7154700,ORCL
2020-05-08,49.082733154296875,49.27514176143775,48.34974548769292,48.73456270197466,8130800,ORCL
2020-05-11,49.046077728271484,49.32095113254519,48.615449485553036,48.679585681174096,8138600,ORCL
2020-05-12,47.89162826538086,49.32095685173713,47.87330313662695,49.29346741102581,8598800,ORCL
2020-05-13,47.32356643676758,48.09320442037868,46.984556774766155,48.03822903042033,10274300,ORCL
2020-05-14,48.47801971435547,48.58796699468788,46.599737655855414,46.85628247501805,13794000,ORCL
2020-05-15,48.48719024658203,49.46756563444673,48.12069807365443,48.28562077477845,39055700,ORCL
2020-05-18,48.697914123535156,49.43090176279795,48.62461361202849,49.39425150704462,9901900,ORCL
2020-05-19,47.955772399902344,48.78954667271887,47.93744726811762,48.7254104590531,9805100,ORCL
2020-05-20,48.46885299682617,48.80785910875856,48.23979415184147,48.64293646075673,9115900,ORCL
2020-05-21,47.8458137512207,48.50550086312872,47.75418811403856,48.34057821136154,7464000,ORCL
2020-05-22,48.212318420410156,48.23064355263801,47.71755383090458,47.95577355954344,7211700,ORCL
2020-05-26,48.35891342163086,49.18352685239861,48.23980531120105,49.15604090309348,11200600,ORCL
2020-05-27,48.74372100830078,48.78953207647665,48.16649176283556,48.56047324043685,9228100,ORCL
2020-05-28,49.128543853759766,49.614151019002804,48.76205177083089,49.256816257542916,9465400,ORCL
2020-05-29,49.265987396240234,49.42174576665763,48.55132476460966,49.128550661621425,14734800,ORCL
2020-06-01,48.615447998046875,48.91780384027191,48.368064038866166,48.81701739447676,7363200,ORCL
2020-06-02,48.8170280456543,48.82619235826815,48.230637864170106,48.78038128068242,8756300,ORCL
2020-06-03,49.009437561035156,49.128545657400366,48.55131981918468,48.86284002344944,9188700,ORCL
2020-06-04,48.42304611206055,49.19268409308752,48.22147667321237,48.77121659030543,9696000,ORCL
2020-06-05,49.45840072631836,49.72410990773338,48.32227046017958,48.642951544534476,12210100,ORCL
2020-06-08,50.48457717895508,50.50290230929168,48.817028765098364,48.88116497369584,11519500,ORCL
2020-06-09,49.64164352416992,50.44793180542141,49.366773551859126,50.39295641289472,8852500,ORCL
2020-06-10,49.57750701904297,50.08143588114358,49.3850983890855,49.934838330438645,7436700,ORCL
2020-06-11,47.01204299926758,49.07357279691466,46.938742484340665,48.78953854431424,12805700,ORCL
2020-06-12,47.51597595214844,48.560483914865024,46.709687693407425,48.056555063837344,11537200,ORCL
2020-06-15,48.789546966552734,48.95446965844696,46.64555546708931,46.691366549246254,16038100,ORCL
2020-06-16,50.017295837402344,50.392952250737764,49.27514382781532,49.89818424434642,19380200,ORCL
2020-06-17,47.20444869995117,49.238492426764026,47.18612357234845,48.5879626299299,28692600,ORCL
2020-06-18,49.192684173583984,49.47671844513816,47.0212069538036,47.277751782845336,19259500,ORCL
2020-06-19,49.843223571777344,49.898195476977136,48.54216705784702,49.66913655154647,33051200,ORCL
2020-06-22,50.50290298461914,50.75028700472937,49.366772849847635,49.55918147821294,16705900,ORCL
2020-06-23,50.56703186035156,51.281697868742626,50.51205997174048,50.667818316352914,18695000,ORCL
2020-06-24,49.879852294921875,51.015985691828945,49.77906934013578,50.50289262626437,18287400,ORCL
2020-06-25,49.96232986450195,50.01730526284777,49.05525851034699,49.843221744161895,16008700,ORCL
2020-06-26,49.64164352416992,50.01729996853232,49.13771465907324,49.79740189358689,17969400,ORCL
2020-06-29,50.17306137084961,50.35630919518769,49.3392870905148,49.687457607241,14366900,ORCL
2020-06-30,50.64033889770508,50.79609726238898,49.93483710994341,50.20970707390168,18885900,ORCL
2020-07-01,50.841915130615234,51.19924645643482,50.09976303418586,50.108923852341626,17856800,ORCL
2020-07-02,51.254207611083984,51.703164500152006,50.98850199833017,51.1167743965894,15478900,ORCL
2020-07-06,51.858924865722656,52.06966209412624,51.45578252758364,51.4924327842765,15309700,ORCL
2020-07-07,51.59321975708008,52.179609889369985,51.51075842627925,51.62986651897753,13232100,ORCL
2020-07-08,51.91390609741211,51.932231227822356,51.30002995689437,51.88642014937736,12582200,ORCL
2020-07-09,52.71103286743164,52.95841689846562,52.06050643128382,52.21626830052511,15692600,ORCL
2020-07-10,52.58275604248047,52.70186763897228,51.941390478119885,52.65605656190962,12615800,ORCL
2020-07-13,52.23458480834961,52.99506195817854,52.19793804432739,52.59191959264532,15965600,ORCL
2020-07-14,52.63023376464844,52.71304371231235,51.96775418333715,52.14257362398889,15510300,ORCL
2020-07-15,52.09657287597656,53.219107028257326,51.87574867188236,52.83265940618631,10570800,ORCL
2020-07-16,51.36048126220703,51.976956083322214,51.139657079969574,51.91254522773777,8779300,ORCL
2020-07-17,50.51398849487305,51.63651915457995,50.385170278898485,51.59971745995328,14344800,ORCL
2020-07-20,50.97404861450195,51.08446073037031,50.32076844659765,50.49559143248858,11469300,ORCL
2020-07-21,51.44328689575195,51.83893399152712,51.13965279314357,51.34207435823689,11875100,ORCL
2020-07-22,51.535301208496094,51.6917215565698,51.25006967779124,51.25006967779124,13842400,ORCL
2020-07-23,51.305274963378906,51.85734245500569,51.1580576675992,51.52610266201706,12576000,ORCL
2020-07-24,51.204071044921875,51.56291301989915,50.84522556000705,51.038451131865045,8939700,ORCL
2020-07-27,50.9188232421875,51.48009019503309,50.90042064423262,51.21325778959229,10319600,ORCL
2020-07-28,50.928043365478516,51.286888905698,50.790029089952334,50.836033848461064,13030100,ORCL
2020-07-29,51.25007247924805,51.43409498294919,50.92803222028671,51.12125777963844,7242700,ORCL
2020-07-30,50.836021423339844,51.04764606870608,50.50478162713627,50.60599417708039,7633200,ORCL
2020-07-31,51.02003860473633,51.03844120371153,49.98951763168314,50.605988902636476,9355800,ORCL
2020-08-03,51.507694244384766,51.6089067819163,51.05684286257294,51.32367176795805,9164900,ORCL
2020-08-04,51.52610397338867,51.535303519011514,51.09365162043209,51.32367887031329,6364300,ORCL
2020-08-05,51.06604766845703,51.820536740601426,50.95563557519953,51.820536740601426,6629000,ORCL
2020-08-06,50.863624572753906,51.15805917297735,50.55078737127433,51.056850130974595,8169600,ORCL
2020-08-07,50.81761932373047,50.82682237923648,50.385166973316906,50.61519422184544,8772300,ORCL
2020-08-10,50.550785064697266,51.176459439107575,50.49558077338509,50.826820561006684,10046900,ORCL
2020-08-11,49.93431091308594,51.0292392512288,49.81469577213248,50.82681767800404,8075100,ORCL
2020-08-12,49.842308044433594,50.329968252060276,49.658289033187835,50.164348333988976,9068200,ORCL
2020-08-13,49.70429229736328,49.86991221047429,49.39145507370221,49.60307973824683,8260300,ORCL
2020-08-14,49.869903564453125,50.2011433332476,49.47425645283049,49.713483224772645,5454400,ORCL
2020-08-17,49.67668151855469,50.04472297602415,49.37304389395388,49.86990354697142,9523700,ORCL
2020-08-18,50.7716064453125,52.38179692715204,50.486371439238,51.176453074312086,21102600,ORCL
2020-08-19,51.71012496948242,52.262188949146285,51.02924278528895,51.13965838917147,16751500,ORCL
2020-08-20,50.845218658447266,51.35128138517272,50.68880182286817,51.148856294482535,10974800,ORCL
2020-08-21,50.78081130981445,51.02004160060265,50.357562038342486,50.95563425537593,9552000,ORCL
2020-08-24,51.535301208496094,51.62731421028567,51.01083938307548,51.30527396892785,7892100,ORCL
2020-08-25,51.608917236328125,52.216189074595526,51.5445098830223,51.66412504342062,7427000,ORCL
2020-08-26,52.89706802368164,52.89706802368164,51.58131187116266,51.8389412683203,11597600,ORCL
2020-08-27,52.61182403564453,53.78036268993695,52.05976013264282,52.860253844976306,15834700,ORCL
2020-08-28,53.25591278076172,53.51354219150422,52.63943789227968,52.74985350540145,8613800,ORCL
2020-08-31,52.64863967895508,53.145495886273665,52.48301977320309,52.56582972607909,18683500,ORCL
2020-09-01,53.053489685058594,53.37552646073859,52.519828241083516,52.78665720810225,10169500,ORCL
2020-09-02,54.31403350830078,54.58086596246161,53.10869295663864,53.10869295663864,14342800,ORCL
2020-09-03,52.53822326660156,54.27723225045487,52.12417701847859,54.02880239561868,15387400,ORCL
2020-09-04,51.27768325805664,52.69465221215973,50.75322131568333,52.33581020000303,14697200,ORCL
2020-09-08,50.90043640136719,51.332888812338595,50.48638659404751,50.928038551875915,16472800,ORCL
2020-09-09,52.40019989013672,52.814249576051495,51.397281099781694,51.67331305374597,13993200,ORCL
2020-09-10,52.749855041503906,53.53194635256854,52.21619009235386,52.851064091573235,20500900,ORCL
2020-09-11,52.44620895385742,56.91793891046045,52.3265938103031,55.859812238118344,40220600,ORCL
2020-09-14,54.709686279296875,56.58670968690612,54.60847371664084,55.997840424112084,50107400,ORCL
2020-09-15,56.07143783569336,56.75231999925603,54.645269673160435,55.21573623618619,30385600,ORCL
2020-09-16,55.60218811035156,56.48549192321026,54.884504201146044,56.2370620677305,21223300,ORCL
2020-09-17,55.372154235839844,55.767801346157384,54.28642544612244,54.67286950181664,22831200,ORCL
2020-09-18,54.97651672363281,55.47337646193016,54.682082103146435,55.1881413877363,49311700,ORCL
2020-09-21,55.96103286743164,57.598825874535144,55.234145866100576,57.47001116745117,32560400,ORCL
2020-09-22,55.77700424194336,55.89661938967485,54.70967798741043,55.5561800568329,13306000,ORCL
2020-09-23,54.249629974365234,55.65739923950859,54.19442567647485,55.307756809806726,15513500,ORCL
2020-09-24,54.56246566772461,55.11453320069935,53.633157076626446,54.04720684887313,9560500,ORCL
2020-09-25,55.02251434326172,55.197337289597996,54.24962268717846,54.53485772440175,9371900,ORCL
2020-09-28,54.820091247558594,55.703394970133054,54.71887870456708,55.23413745443369,9356300,ORCL
2020-09-29,54.71887969970703,55.353753603740316,54.654472354802365,54.82009224453923,6340600,ORCL
2020-09-30,54.930519104003906,55.56539317874099,54.626881387865744,54.76489916973545,11001500,ORCL
2020-10-01,54.912113189697266,55.45497771709633,54.70048851087225,55.36296469808254,7357700,ORCL
2020-10-02,54.13001251220703,54.7648864393645,53.83557441199938,54.01959690840272,7329800,ORCL
2020-10-05,54.80169677734375,54.902905825411864,54.369244396751554,54.691281163189885,6899200,ORCL
2020-10-06,54.75569152832031,55.694203240626045,54.66368202140195,54.75569152832031,9743600,ORCL
2020-10-07,55.97514724731445,56.261537286481555,55.0975035361958,55.217603039607795,8690900,ORCL
2020-10-08,56.252288818359375,56.63106086735417,56.01209337047338,56.15990676705307,7202800,ORCL
2020-10-09,56.49250030517578,56.70498188957079,56.22458736322767,56.49250030517578,7355700,ORCL
2020-10-12,56.77888107299805,57.12070245695201,56.41858609588691,56.575639830921126,8275000,ORCL
2020-10-13,56.32620620727539,57.074510104262174,56.2430609382602,56.88050565127671,8896300,ORCL
2020-10-14,56.31695556640625,56.84354099895848,56.21533319799279,56.67725049139996,6651100,ORCL
2020-10-15,55.910484313964844,56.113729104218265,55.503998257608195,55.67952560654966,6251600,ORCL
2020-10-16,55.697994232177734,56.45553839504313,55.67027679509265,56.08600310987235,6070800,ORCL
2020-10-19,55.07902908325195,56.122963380633145,54.86654750487349,55.79038229303205,8311000,ORCL
2020-10-20,55.19913101196289,55.734956904173195,55.08827181928669,55.35618124124165,9241200,ORCL
2020-10-21,55.125221252441406,55.54094762049944,54.70949840853349,54.82035759863226,10114900,ORCL
2020-10-22,55.1436882019043,55.30997871846027,54.219853565104195,54.91272954270427,11900600,ORCL
2020-10-23,55.337711334228516,55.577906855061215,55.1621804496292,55.337711334228516,9739300,ORCL
2020-10-26,53.11125946044922,54.02585385726323,52.224375453282896,53.67479567784635,18876900,ORCL
2020-10-27,52.732486724853516,53.563935845996745,52.67705537378408,53.24983190490271,10806500,ORCL
2020-10-28,51.35597229003906,52.28904380778092,51.30054093807577,51.984180182357264,13910600,ORCL
2020-10-29,51.753211975097656,52.436847569382564,50.940236583374535,50.995667925133766,13573700,ORCL
2020-10-30,51.83637237548828,52.326003702940426,51.22664153453178,51.50379127603016,12602300,ORCL
2020-11-02,52.15046310424805,53.09277480522225,51.84559599916113,52.141222784860965,11413200,ORCL
2020-11-03,52.47380828857422,53.120493259167915,52.2613267384355,52.6585759264795,8911200,ORCL
2020-11-04,52.18742752075195,53.66556173779053,52.05808769312986,53.58241646782274,12054900,ORCL
2020-11-05,52.3444709777832,53.259068829283706,52.12274911179385,53.083537990831864,9017100,ORCL
2020-11-06,52.47380828857422,52.64009881027402,51.87331787056902,52.446094376340774,7510400,ORCL
2020-11-09,52.51076126098633,54.58015241240108,52.44609311789363,53.757936619659176,11486600,ORCL
2020-11-10,52.35371017456055,52.880299189915824,51.91951026681624,52.575432050718014,9015900,ORCL
2020-11-11,52.843345642089844,53.24059484575297,52.473810351749826,52.71400934771575,7724400,ORCL
2020-11-12,52.15046310424805,53.11125191984715,51.82711888453623,52.89876686373545,7324000,ORCL
2020-11-13,52.575435638427734,52.741726175855966,52.24285456357127,52.547721723573,5870300,ORCL
2020-11-16,52.797157287597656,53.222120426121045,52.54772148259918,52.67705778352804,6309200,ORCL
2020-11-17,52.769447326660156,53.0188831670061,52.48306076949104,52.658588127889864,5569700,ORCL
2020-11-18,51.96570587158203,52.926494879270386,51.95646907449751,52.76944113563384,8998800,ORCL
2020-11-19,52.15046310424805,52.17817701411076,51.32825088626105,51.817882089298415,9643100,ORCL
2020-11-20,51.45759582519531,52.141231560631354,51.43911870746057,52.06732661384226,8395800,ORCL
2020-11-23,51.80864715576172,52.26132414581586,51.522257155008504,51.596162092014545,8235900,ORCL
2020-11-24,53.18516540527344,53.490032559376694,52.06732622186115,52.289044584709124,10427200,ORCL
2020-11-25,53.037357330322266,53.36069811043664,52.89878069647314,53.3237473956737,6848900,ORCL
2020-11-27,53.36069107055664,53.46231345208559,52.79715486015471,53.02811353666606,5627000,ORCL
2020-11-30,53.32373809814453,53.767178315333204,52.84334364848607,53.22211572092741,26676900,ORCL
2020-12-01,54.26605987548828,54.76492800910935,53.59165734323251,53.767188217716985,11855300,ORCL
2020-12-02,54.58015823364258,54.755685565879396,53.71175132095025,53.85032794187133,9330400,ORCL
2020-12-03,54.75568771362305,55.41160956019105,54.56168325604377,54.70949667955417,9783900,ORCL
2020-12-04,55.39312744140625,55.93819005217626,54.7556827708378,54.79263700441705,10872700,ORCL
2020-12-07,55.24531555175781,55.61485084942166,55.088265340948034,55.39312896599339,14922900,ORCL
2020-12-08,54.53396224975586,55.16217013962768,53.78565838398925,54.49701153940734,15237800,ORCL
2020-12-09,55.180641174316406,55.34693168707874,54.32147469976083,54.40461995614199,12204100,ORCL
2020-12-10,54.9496955871582,55.25456277443488,54.54320952827285,54.977409504492364,14219900,ORCL
2020-12-11,55.993621826171875,56.35391679592119,54.89425627584481,56.29848544513295,16209900,ORCL
2020-12-14,56.1321907043457,56.963643283022506,56.06752256202078,56.19686237082007,16193600,ORCL
2020-12-15,57.14841842651367,57.45328206267014,56.26153790877677,56.43706524328202,15506700,ORCL
2020-12-16,57.998348236083984,58.377120367165816,57.13918158097031,57.15765870006578,16119900,ORCL
2020-12-17,58.76513671875,59.17162631751938,57.95216104536159,58.19236008538902,15320500,ORCL
2020-12-18,60.10467529296875,60.35411457567643,58.59882747062777,58.64501849462395,33728700,ORCL
2020-12-21,59.56887435913086,60.2247962582649,59.014571333432144,59.023808131326156,18210200,ORCL
2020-12-22,60.18783950805664,60.97309768985686,59.52267731462106,59.64277330298572,17136000,ORCL
2020-12-23,60.32642364501953,61.157869441954865,60.187846996096596,60.289469402086674,13075200,ORCL
2020-12-24,60.012306213378906,60.59431958496998,59.846015671738606,60.095455008349056,3796500,ORCL
2020-12-28,59.92916488647461,60.68670912629767,59.81830217517122,60.4280365148898,6463500,ORCL
2020-12-29,59.55038070678711,60.298684518002105,59.32866236426027,60.28021092624947,7770200,ORCL
2020-12-30,59.49495315551758,59.9661108028051,59.448758603476016,59.8644884269529,6192000,ORCL
2020-12-31,59.76286315917969,59.83676457125142,59.134655342628285,59.43951540713364,6928600,ORCL
2021-01-04,58.894466400146484,59.77210660953458,58.35864054365906,59.76287333663991,11249900,ORCL
2021-01-05,58.16463851928711,58.931423099586574,57.72119823546276,58.829800707098684,11005700,ORCL
2021-01-06,58.025535583496094,58.74888298870502,57.41347157809574,57.74732531515693,8685400,ORCL
2021-01-07,58.48922348022461,59.110563197096056,58.28520095563463,58.28520095563463,7382800,ORCL
2021-01-08,58.776702880859375,58.92508191736677,58.340837913403476,58.59122820081632,7751700,ORCL
2021-01-11,58.45211410522461,58.95289461835541,58.27591512659036,58.37792636492829,6284700,ORCL
2021-01-12,57.88642120361328,58.44284520605664,57.66385443274397,58.424297385545024,7758200,ORCL
2021-01-13,57.55257034301758,58.04407519883804,57.4691069205542,57.79368493144789,8298000,ORCL
2021-01-14,57.125972747802734,57.654573199740476,57.04250933235811,57.561837643750756,10258600,ORCL
2021-01-15,57.292911529541016,57.49693404043752,56.76431096734138,57.125984663832135,7532600,ORCL
2021-01-19,56.83849334716797,57.765863105662596,56.66229082896767,57.58966058746229,8903400,ORCL
2021-01-20,57.088890075683594,57.524751505975345,56.70866857312021,56.91268753751635,7025000,ORCL
2021-01-21,56.76429748535156,57.35781351684687,56.49535942806944,57.172342410230534,6943600,ORCL
2021-01-22,55.976036071777344,56.708658989224965,55.40106784406508,56.51390866218309,9896700,ORCL
2021-01-25,56.47682571411133,56.523193499440644,55.42889678501952,55.99459296388886,8524700,ORCL
2021-01-26,57.31146240234375,57.534032747679625,56.421188096271514,56.62521061802643,8186500,ORCL
2021-01-27,58.006988525390625,58.591232572950766,56.912691722877895,56.9405152264235,14789000,ORCL
2021-01-28,56.77357864379883,58.64686601006194,56.72720732503378,58.00697860250757,11166400,ORCL
2021-01-29,56.040958404541016,57.03324382714062,55.836935912465734,56.71793794740387,11451800,ORCL
2021-02-01,57.04252243041992,57.50620739210891,56.32845070253813,56.4953740341215,10553500,ORCL
2021-02-02,57.840049743652344,58.350102393569735,57.31144927440261,57.38564055173195,10528000,ORCL
2021-02-03,57.65457534790039,58.19245149805872,57.47837636990103,57.66385102642579,9933500,ORCL
2021-02-04,58.748878479003906,58.785974121971044,57.728773060854145,57.94206770146236,9928700,ORCL
2021-02-05,58.980716705322266,59.41658163479591,58.68395865816765,58.88798114219956,9170200,ORCL
2021-02-08,58.52631378173828,59.2311133350495,58.27592348924163,59.15692558410717,7003400,ORCL
2021-02-09,59.04564666748047,59.21257355180747,58.340847018483224,58.49850175929687,5437400,ORCL
2021-02-10,58.6746940612793,59.25893808945212,58.359388153431226,59.2032946218429,9577500,ORCL
2021-02-11,58.14609909057617,59.32385940259601,57.75660185513826,58.94363784813573,7690800,ORCL
2021-02-12,58.49849319458008,58.5355853008387,57.784417968980826,57.79369011113665,6663400,ORCL
2021-02-16,57.62675094604492,58.665403989841245,57.58965531007213,58.526300661395105,7526000,ORCL
2021-02-17,57.58039474487305,57.63603821001785,56.90341517163669,57.33928013784945,6244500,ORCL
2021-02-18,57.56184387207031,57.691675079557825,57.18162239115613,57.320729277827084,6262400,ORCL
2021-02-19,56.690120697021484,57.83078520361885,56.64375291141384,57.738046094768286,10905100,ORCL
2021-02-22,59.768985748291016,60.25122204652898,57.756594813072404,58.285195360002426,20940300,ORCL
2021-02-23,59.81534957885742,60.483056938757606,59.398036016554705,59.741158299919675,18175400,ORCL
2021-02-24,60.00082778930664,60.418148476180555,59.42586299778838,59.806080965540396,10609300,ORCL
2021-02-25,60.5572624206543,61.54027233368809,59.88955490415155,59.94519483876964,15356100,ORCL
2021-02-26,59.824615478515625,61.46605657389952,59.81533980134718,60.77980504407556,20512600,ORCL
2021-03-01,61.36407470703125,61.883406747880024,60.06575521781733,60.23268211036301,11758900,ORCL
2021-03-02,61.8184814453125,62.52327748099111,61.20641391008165,61.3455208112951,13282000,ORCL
2021-03-03,62.05031204223633,62.63455242515046,61.39187330757384,61.43824462419048,15827600,ORCL
2021-03-04,60.84474563598633,62.42127178955307,60.56653180875853,61.83703124270054,19951100,ORCL
2021-03-05,64.88807678222656,66.51097420094631,62.42126930964235,62.42126930964235,34211500,ORCL
2021-03-08,66.91901397705078,67.64236135184115,65.00862721192135,65.35175661482452,23300500,ORCL
2021-03-09,67.36414337158203,67.90201956694604,66.77062725092873,67.1415765951546,17296400,ORCL
2021-03-10,66.8819351196289,68.27299028960667,66.30696310227334,68.16170332891036,21378600,ORCL
2021-03-11,62.513999938964844,63.15388027263455,60.67780467104986,62.73656670392518,38095400,ORCL
2021-03-12,62.28215789794922,62.94058959353106,61.62371912709744,62.09667969655789,11606300,ORCL
2021-03-15,62.810752868652344,62.85711710847196,62.04103431989979,62.0873985597194,8919600,ORCL
2021-03-16,61.99467849731445,63.12607094563441,61.83702730704589,63.06115533344906,14512500,ORCL
2021-03-17,61.41044616699219,61.99468675447623,61.354806227785716,61.94832249689484,11892400,ORCL
2021-03-18,61.89265060424805,62.143044380573755,61.28985889581003,61.64226390319152,13750300,ORCL
2021-03-19,61.44752502441406,61.976125528223406,61.169311253874376,61.939029887133444,30963600,ORCL
2021-03-22,61.503170013427734,61.6886411588817,61.07658071866706,61.41043444070075,10263700,ORCL
2021-03-23,62.38418960571289,63.00553301059424,61.5124664377741,61.5124664377741,12390100,ORCL
2021-03-24,61.97613525390625,62.51401152121252,61.89266827953814,62.235797707013774,11391100,ORCL
2021-03-25,63.64539337158203,63.73813602133485,61.91121619542881,62.09668734439284,14844700,ORCL
2021-03-26,65.14773559570312,65.25902253100682,63.32081575727495,63.58975387780573,12617000,ORCL
2021-03-29,65.96380615234375,67.07665407020797,65.07353206321409,65.11062770133653,15183700,ORCL
2021-03-30,65.42595672607422,65.88964172888049,64.86952906248936,65.68561919560227,12000200,ORCL
2021-03-31,65.07352447509766,65.93597850388353,64.83241346832173,65.56502924118458,9971700,ORCL
2021-04-01,66.59442901611328,66.61298037591986,65.22192555179647,65.34248108945638,13228700,ORCL
2021-04-05,68.77375030517578,69.46000200145572,66.82626799300432,66.94683059963171,25010200,ORCL
2021-04-06,68.8850326538086,69.22816205202024,67.84638292996031,68.27297222015095,14699800,ORCL
2021-04-07,68.98748779296875,69.08994041609705,68.41002819950768,68.54973696794474,12356800,ORCL
2021-04-08,70.11447143554688,70.34731705381364,69.06201179909947,69.17377314810153,13507700,ORCL
2021-04-09,70.39389038085938,70.49634302334839,69.76055000269301,70.17966928132296,13285700,ORCL
2021-04-12,70.8968276977539,70.96202417862332,70.03995052733416,70.08652248761952,10634900,ORCL
2021-04-13,71.40908813476562,71.72576185128946,70.69192680097973,70.93408821880574,13142400,ORCL
2021-04-14,71.54878997802734,72.05173728662531,71.26006373093495,71.75369522662835,12730700,ORCL
2021-04-15,72.91791534423828,73.16007671270512,71.55809814664865,71.71643141969592,13604200,ORCL
2021-04-16,73.5326156616211,73.89585412059262,72.51741255984984,72.936531672238,13334100,ORCL
2021-04-19,73.34635925292969,74.7061766162145,72.96448908282059,73.4022399194302,19967200,ORCL
2021-04-20,73.80274200439453,73.97039112657698,73.25322977972563,73.29979463784717,12562300,ORCL
2021-04-21,71.3997573852539,73.89585466811403,71.27867316077847,73.38359876094208,18672800,ORCL
2021-04-22,69.73258972167969,71.23211567192315,69.62082129659757,70.88750169066512,16769300,ORCL
2021-04-23,69.82572937011719,69.85366970105638,68.78257867779696,69.19238914725896,10664700,ORCL
2021-04-26,69.38797760009766,69.89092486762307,69.10856008284487,69.82572839438177,9402200,ORCL
2021-04-27,70.05857849121094,70.254167923594,69.12719618126319,69.28552946854236,9300200,ORCL
2021-04-28,69.63945007324219,70.10514121407294,69.53700455967167,70.00269570050243,6107800,ORCL
2021-04-29,70.66397094726562,70.6919112766705,69.51836770048953,70.20758854737826,7940400,ORCL
2021-04-30,70.58946990966797,70.71054705833716,70.03064191490355,70.37524884030181,7825300,ORCL
2021-05-03,72.0238037109375,72.16351249408025,70.85957569455438,71.04584933482212,15319600,ORCL
2021-05-04,73.14144897460938,73.2997822560683,71.65123875464904,71.7816317047779,15316500,ORCL
2021-05-05,73.75617218017578,74.35225632871517,73.03900377572825,73.5512669217622,12271900,ORCL
2021-05-06,74.2684326171875,74.47333788773194,73.16940107089965,73.74686073280817,14089700,ORCL
2021-05-07,74.88311767578125,75.01351059332625,73.18800264181523,74.33359857537214,14073400,ORCL
2021-05-10,74.65028381347656,75.18117137657266,73.20663857925763,73.36497184585701,17356700,ORCL
2021-05-11,72.35910034179688,74.4174545763619,71.94928981524473,74.27774579632062,12980400,ORCL
2021-05-12,71.48358154296875,72.82477414156598,71.27867632864061,72.24731463808506,12302600,ORCL
2021-05-13,72.77820587158203,73.05762337904909,71.60466228845574,72.21006215071277,11399300,ORCL
2021-05-14,73.47673034667969,73.62575488751185,72.75956928509825,72.75956928509825,9033400,ORCL
2021-05-17,73.65371704101562,74.07283625102725,73.43949597655153,73.46743630976786,6637900,ORCL
2021-05-18,73.29046630859375,74.01694327493225,73.01104881113334,73.56987670017202,6643100,ORCL
2021-05-19,73.33702850341797,73.36496883097766,72.22868857688644,72.4708428196583,8165000,ORCL
2021-05-20,73.31840515136719,73.87723302908122,73.28114901206865,73.53261906998128,8802700,ORCL
2021-05-21,73.6071548461914,74.370888180913,73.56058998661483,73.75617945095868,8629000,ORCL
2021-05-24,73.9331283569336,74.39881953175755,73.70959858266545,74.03558098386553,7044700,ORCL
2021-05-25,73.4208755493164,74.21254916007317,73.25322643478925,74.14735267697282,7160600,ORCL
2021-05-26,73.82135772705078,73.92381034108175,73.16007719477615,73.19732623089422,12851100,ORCL
2021-05-27,73.5605697631836,74.55714843945928,73.43016971691996,74.04488538375959,12867800,ORCL
2021-05-28,73.33702850341797,73.9144879945517,73.27183203715141,73.53261790221765,6929700,ORCL
2021-06-01,74.110107421875,74.35226886864965,73.09490387782147,74.11942323679685,10485300,ORCL
2021-06-02,74.76204681396484,75.37676248292671,74.05420145113172,74.23115923889884,12249300,ORCL
2021-06-03,75.52579498291016,75.87040902710157,74.18460916640971,74.32431794680537,12038700,ORCL
2021-06-04,77.20226287841797,78.19884145638768,75.78656519140628,75.83313003358782,14502900,ORCL
2021-06-07,78.18023681640625,78.46896307133203,77.16502635876229,77.24885446541121,10445600,ORCL
2021-06-08,78.80426788330078,79.19544679805442,78.23612403316068,78.26406436908823,10726800,ORCL
2021-06-09,78.72042083740234,79.00915415294273,78.26404554661451,78.79493311921162,9720300,ORCL
2021-06-10,76.65276336669922,78.66454536705436,76.10324413446686,78.38513495066539,16680800,ORCL
2021-06-11,77.21160888671875,77.5282755185756,76.22433862753432,76.3547387119344,11066500,ORCL
2021-06-14,76.95081329345703,77.39787284784616,76.4944308199186,77.30473603283872,10173200,ORCL
2021-06-15,76.03805541992188,76.84836063249733,75.76795368239672,76.37335363851285,17298000,ORCL
2021-06-16,71.79094696044922,73.16008003206748,70.69191559939834,72.63850112971404,36560600,ORCL
2021-06-17,72.23799896240234,72.40564803754185,71.30661679071224,71.70711140877427,14836100,ORCL
2021-06-18,70.99927520751953,71.63261544997384,70.75711382208269,71.62329963741162,22521200,ORCL
2021-06-21,72.63848876953125,72.74094137010216,71.2973033631256,71.3531840158437,8924300,ORCL
2021-06-22,73.28115844726562,73.75616540212822,72.33115164342337,72.70369887261144,9845800,ORCL
2021-06-23,72.740966796875,73.45813525155931,72.7037106467461,73.35568261517585,7295900,ORCL
2021-06-24,72.40565490722656,73.541942401438,72.28457777153686,73.25321617470264,9624000,ORCL
2021-06-25,73.07623291015625,73.21594163523798,72.23798766554677,72.67573835472511,12845000,ORCL
2021-06-28,73.11351013183594,73.55126094727356,72.95517684715344,73.10419431924197,5605400,ORCL
2021-06-29,72.740966796875,73.19734220065698,72.48018085185673,73.1507773424089,5392900,ORCL
2021-06-30,72.49878692626953,72.84340089785996,72.2566326708752,72.26594137662573,7899800,ORCL
2021-07-01,74.08214569091797,74.15665797700693,72.56399516773972,72.62919164159688,13108000,ORCL
2021-07-02,76.2057113647461,76.61552191442408,73.90519558868236,73.99833241200442,15258100,ORCL
2021-07-06,77.37922668457031,77.89148257677729,75.77724833332796,76.00077804800225,14200400,ORCL
2021-07-07,80.18270111083984,81.1885957292893,77.26747698580289,77.46306642174306,20976600,ORCL
2021-07-08,79.71701049804688,80.92781037371637,78.8508317497071,79.18612285228973,16383300,ORCL
2021-07-09,81.73812103271484,82.33420519746615,79.89398076272042,79.9871175811096,15685300,ORCL
2021-07-12,81.10476684570312,82.75331027743263,81.00231423123537,81.5238860097021,16076800,ORCL
2021-07-13,81.09546661376953,81.89645605937686,80.5925192568149,80.75085256199954,12789300,ORCL
2021-07-14,82.5257339477539,82.89031240623777,81.01133331469647,81.40395517274133,13330500,ORCL
2021-07-15,80.61871337890625,82.98380210211465,79.93630013929483,82.35747566792435,18306300,ORCL
2021-07-16,81.7872314453125,82.71270647535671,80.88045677075584,81.09546806628722,14617500,ORCL
2021-07-19,81.31048583984375,82.14247342292666,80.57197864535846,81.24504885461576,15619900,ORCL
2021-07-20,82.88096618652344,83.24554463104285,81.34785812565549,81.42264527635055,12813900,ORCL
2021-07-21,83.84382629394531,84.36732207663793,82.69399704885099,83.09596906258858,13108100,ORCL
2021-07-22,84.77864074707031,85.19930596468292,83.83447263640586,84.13361409010912,13638900,ORCL
2021-07-23,81.97418212890625,85.25538775057433,81.44133622291871,85.05907685174675,12680900,ORCL
2021-07-26,82.13309478759766,82.35744906891873,81.02065929205344,81.74047301226229,10454100,ORCL
2021-07-27,82.07701873779297,82.82486881739663,81.44134224747762,82.03962516399854,8465200,ORCL
2021-07-28,81.49742889404297,82.21723557501669,81.44134209950072,82.17049895692979,6396800,ORCL
2021-07-29,81.91809844970703,82.50703835192775,81.6376573300691,81.964842202361,6201400,ORCL
2021-07-30,81.46005249023438,82.4042208125761,81.20765472949961,81.71245738306558,7962800,ORCL
2021-08-02,81.89005279541016,82.1985444374007,81.41329363343343,82.01158369612497,5579100,ORCL
2021-08-03,83.89056396484375,84.29253598361973,82.08636496876952,82.15180194242629,9889800,ORCL
2021-08-04,84.18034362792969,84.21773006274786,83.46052994604142,83.93728900904982,7509900,ORCL
2021-08-05,83.60077667236328,84.61972490122082,82.97445030423458,84.30189019456287,8231300,ORCL
2021-08-06,83.68490600585938,84.0214410636012,83.03053624474776,83.42315810141473,6513900,ORCL
2021-08-09,84.0401382446289,84.57298421058402,83.29228100408706,83.62881604912137,5798700,ORCL
2021-08-10,83.79707336425781,84.24578908034358,83.13335353187033,83.2922708581967,5473300,ORCL
2021-08-11,83.78772735595703,84.52623436643937,83.67555377042711,84.04013218758875,8009800,ORCL
2021-08-12,83.95600128173828,84.11492576020751,82.89030934520235,83.30163154249526,5687200,ORCL
2021-08-13,84.48884582519531,85.38627022334964,84.08687381155477,84.71320727380524,6640400,ORCL
2021-08-16,84.9001693725586,84.91886259419397,83.70360348922743,84.00274496006023,7122800,ORCL
2021-08-17,85.02169799804688,85.79759868398001,84.47950895451969,85.059091575548,6738500,ORCL
2021-08-18,83.1427001953125,85.11516638985708,83.06791305710843,84.59166355452263,7666300,ORCL
2021-08-19,82.92768859863281,83.56336500643995,82.47898003553013,82.53506682289446,8099400,ORCL
2021-08-20,83.1427001953125,83.57271554184484,82.54441735386803,83.0118262695024,8716400,ORCL
2021-08-23,83.31098175048828,83.7316469927166,82.92770295157759,83.65685984189084,7147300,ORCL
2021-08-24,82.77811431884766,83.80641241374587,82.70332718741311,83.39509032294923,6320100,ORCL
2021-08-25,82.84357452392578,83.1053224253067,82.31072854408737,82.77813754858055,5748500,ORCL
2021-08-26,82.93705749511719,83.367072936863,82.69400280818411,83.02118769515423,9093200,ORCL
2021-08-27,83.5259780883789,83.68489541996122,82.83421483812477,83.00248234571032,5426800,ORCL
2021-08-30,83.61945343017578,84.11491287926788,83.47923645902101,83.62880360561749,5357000,ORCL
2021-08-31,83.32032012939453,83.66620533352302,82.72203722048218,83.61946158385071,8113300,ORCL
2021-09-01,84.08684539794922,84.29250642363294,83.07724774873603,83.44182606441437,8208000,ORCL
2021-09-02,83.9466552734375,84.60102498957967,83.58207684128757,84.29253335250051,7717400,ORCL
2021-09-03,84.13361358642578,84.58232933034176,83.47924388914706,83.51663033005316,8456900,ORCL
2021-09-07,82.93705749511719,84.75994981687614,82.76878996294747,84.17101702032994,11046000,ORCL
2021-09-08,83.63817596435547,83.75969974895266,82.23594882414277,82.3948661883305,8851200,ORCL
2021-09-09,83.70359802246094,84.90951400389783,83.5820742595297,83.75968481579925,11034700,ORCL
2021-09-10,83.83446502685547,84.64775912345897,83.67554770414608,83.80642163250607,10547400,ORCL
2021-09-13,83.09596252441406,84.61037008931167,82.47898641937067,84.24579167903727,18883400,ORCL
2021-09-14,80.75890350341797,81.28239915240673,79.20710977301844,80.57194280937722,22714200,ORCL
2021-09-15,82.0115737915039,82.60050647428203,80.55325308371474,80.90848843416963,14951100,ORCL
2021-09-16,81.56287384033203,82.23594396903225,80.57196900202095,81.95549570470862,12410500,ORCL
2021-09-17,80.75890350341797,81.86198871528235,80.34758141801633,80.59063602594397,58069000,ORCL
2021-09-20,80.55326843261719,81.71244793210988,79.3940960652201,79.48757644238032,13897700,ORCL
2021-09-21,81.25435638427734,81.94612664813543,80.50650647028918,81.08608890551368,11124400,ORCL
2021-09-22,82.67530822753906,83.19880403809246,81.55352232080186,81.90875773404495,9908000,ORCL
2021-09-23,83.5914306640625,84.18971366227686,82.8809740612429,83.14272198144968,9720200,ORCL
2021-09-24,84.07752990722656,84.1897034982894,83.14271194386258,83.45119645138045,7617800,ORCL
2021-09-27,85.10582733154297,85.35822504083372,83.33902197022286,83.92795471329791,11533000,ORCL
2021-09-28,84.5916748046875,86.25564962450909,84.18035975405087,84.73189892444556,15041800,ORCL
2021-09-29,85.3021240234375,86.07802450707922,85.06841957405821,85.20864367010454,12007300,ORCL
2021-09-30,81.45068359375,85.61062765744167,81.44134054956739,85.30213602914039,15649900,ORCL
2021-10-01,83.89056396484375,84.38601635568723,81.89005404779918,82.03962834878338,13320900,ORCL
2021-10-04,83.44184875488281,84.53558399933894,83.16140052867088,83.64750983649228,10853900,ORCL
2021-10-05,85.52648162841797,85.97519732682129,83.35770453900572,83.52597203439521,9788600,ORCL
2021-10-06,85.38627624511719,85.53585055473903,83.80643860928639,84.52624536107851,10268300,ORCL
2021-10-07,86.29304504394531,86.82589100474473,85.67606888874894,85.73215568501357,9124400,ORCL
2021-10-08,88.5444107055664,89.13539212214364,86.40561263768134,86.65888834281306,13202300,ORCL
2021-10-11,89.38866424560547,90.80515152306185,88.36616453186946,88.45059452804038,12959300,ORCL
2021-10-12,89.65133666992188,90.54250017849381,89.36053730211727,89.89523683864144,9964100,ORCL
2021-10-13,90.42993927001953,90.98339707251407,90.00780352331007,90.1485154388799,9453900,ORCL
2021-10-14,89.3792953491211,91.32109967811617,88.52565549588233,90.80516554791178,7911200,ORCL
2021-10-15,89.42619323730469,90.09222191774973,88.86335280451071,89.20105133866358,7422800,ORCL
2021-10-18,90.53312683105469,90.66445604272977,89.21044485459166,89.58567424090846,7344100,ORCL
2021-10-19,91.04906463623047,91.25544116484882,90.35489489561873,90.99278273093657,5616500,ORCL
2021-10-20,90.65505981445312,91.90269429612832,90.28921318552645,91.24604117881833,6574100,ORCL
2021-10-21,90.33613586425781,90.83331177513209,89.78267089167129,90.58941159279368,6224400,ORCL
2021-10-22,92.16536712646484,92.18412537531485,90.2610863859033,90.32675099223627,6819600,ORCL
2021-10-25,91.8276596069336,92.82201138547718,91.5087192843461,92.34360090159593,5083100,ORCL
2021-10-26,90.97401428222656,92.45615915840932,90.93649063060228,92.21226615820866,7089700,ORCL
2021-10-27,90.08284759521484,91.27420032639945,90.05470664449325,90.81454094159653,5941200,ORCL
2021-10-28,90.27047729492188,91.64943415326997,89.9890534382515,90.66446496873562,5177200,ORCL
2021-10-29,89.99842071533203,90.96463148369273,89.54814405322266,89.85770881111631,7578600,ORCL
2021-11-01,88.53504180908203,90.08285870174939,88.09415493191061,90.05471774755821,7327600,ORCL
2021-11-02,89.93275451660156,89.97965371257045,87.70952650882275,87.92528571237446,6229600,ORCL
2021-11-03,90.19541931152344,90.87083076212699,88.88212006389489,90.5237423342043,5746400,ORCL
2021-11-04,89.70760345458984,90.62691491598198,89.41680413578901,90.27045100400342,5857500,ORCL
2021-11-05,89.06974029541016,90.57065796462179,88.27238225670763,90.24232775141559,6160200,ORCL
2021-11-08,89.24794006347656,89.35112829074777,88.46934058748576,89.35112829074777,5056400,ORCL
2021-11-09,88.7320327758789,89.68886812887158,88.23485684949706,89.21983315577086,6102600,ORCL
2021-11-10,88.01908874511719,88.97591676700549,87.57819480556607,88.27236443544207,5828800,ORCL
2021-11-11,88.2160873413086,88.89149876148126,87.99095258688597,88.28175194288623,3620600,ORCL
2021-11-12,87.74706268310547,88.61946800996944,87.64387441758028,88.45061513519236,6435300,ORCL
2021-11-15,88.19732666015625,88.41308588084009,87.16545122714552,88.00971554757437,5700900,ORCL
2021-11-16,89.68885803222656,90.40179311501521,88.19732326408354,88.30989422144118,7392900,ORCL
2021-11-17,89.42619323730469,90.18602746373132,88.94777564882283,89.8295635262395,6257600,ORCL
2021-11-18,88.79769897460938,89.42620408149604,87.70953446993522,89.25735121549161,5725300,ORCL
2021-11-19,88.15042114257812,90.95524786901031,88.12228019339827,88.93839634723278,8936600,ORCL
2021-11-22,88.75077819824219,89.74512982710307,87.62509737903757,87.9252794079524,6488200,ORCL
2021-11-23,87.18421173095703,88.45060456194975,86.54632396437411,88.32865806131801,8905500,ORCL
2021-11-24,87.78458404541016,87.89714785438295,86.4431437855425,86.518191096128,10908500,ORCL
2021-11-26,86.61198425292969,88.25360636315092,86.36808410690644,87.13730103799107,4519300,ORCL
2021-11-29,87.18421173095703,88.30050995479857,87.11854712955459,87.39996378260587,9552500,ORCL
2021-11-30,85.1204605102539,87.72829368065975,84.99851400004329,87.25925873182689,23271200,ORCL
2021-12-01,84.19175720214844,86.66826068545876,84.10733436283066,86.0116147455295,12084900,ORCL
2021-12-02,84.41688537597656,85.40186136629549,83.48819843106953,83.86342772056739,7089800,ORCL
2021-12-03,82.7752685546875,85.16734915911361,82.28747545836615,84.75459619975442,10808600,ORCL
2021-12-06,83.43192291259766,83.64767493962181,82.40942319957064,82.8690753569257,8398500,ORCL
2021-12-07,84.47319793701172,85.11108575966206,83.68521549401757,84.40753332983766,6803700,ORCL
2021-12-08,83.43192291259766,84.58574465653645,82.46571224928022,84.47318087092523,7695800,ORCL
2021-12-09,83.27244567871094,84.41689187923805,82.77526987350909,83.60077580537991,8615800,ORCL
2021-12-10,96.27410888671875,99.75434727107914,93.90079324334158,97.83130831763803,45824600,ORCL
2021-12-13,94.64188385009766,97.89698796820888,94.29479536582687,96.09589524547101,16317600,ORCL
2021-12-14,93.70379638671875,95.17656575932789,93.23476146350687,93.80698464237777,9511600,ORCL
2021-12-15,97.23092651367188,97.33411475394297,94.03210537907569,94.3510528008874,14452200,ORCL
2021-12-16,96.82756042480469,97.5592536823174,95.94577257246671,97.51234733220845,9053200,ORCL
2021-12-17,90.63629913330078,93.76006586890568,89.87645779164207,91.64003344975482,28872300,ORCL
2021-12-20,85.96472930908203,90.44870250743207,85.85215833903644,90.44870250743207,17205400,ORCL
2021-12-21,85.84276580810547,86.15232338989827,84.15423737603427,86.12418244218114,15823000,ORCL
2021-12-22,84.29495239257812,86.1710919834979,83.96662939554807,85.6176270825862,10539000,ORCL
2021-12-23,84.16363525390625,84.76399943647677,83.544505664871,84.45443464195914,9655400,ORCL
2021-12-27,83.99475860595703,84.7358344996328,83.5069583726219,84.14484603066536,7666200,ORCL
2021-12-28,83.15989685058594,84.23867865119526,83.03794318494946,84.1448659370425,5610500,ORCL
2021-12-29,82.74713897705078,83.66645056095074,82.28748676355322,83.01918008701195,5628500,ORCL
2021-12-30,82.55953216552734,83.40379648914148,82.33439024129343,83.15989631634068,7382400,ORCL
2021-12-31,81.8090591430664,82.64394061846372,81.78091819666713,82.59704142676622,5908200,ORCL
2022-01-03,82.45635223388672,82.49387589171543,80.44888305993906,81.92165263441292,10644400,ORCL
2022-01-04,83.3381118774414,84.03228863477345,82.29686105525155,82.4563311926505,11959000,ORCL
2022-01-05,81.10552215576172,83.11299115585818,80.88038738519252,83.00980289499203,11236700,ORCL
2022-01-06,81.2938232421875,82.31070396582577,80.55000140654525,80.97369811631532,7918400,ORCL
2022-01-07,82.39546203613281,82.85682187382494,81.2373464787504,81.3974090696956,9836800,ORCL
2022-01-10,84.06199645996094,84.15615048653467,81.86817244168329,82.27304122109292,11025500,ORCL
2022-01-11,83.30876159667969,83.79836687159742,82.3012983721923,83.45940661069585,7249800,ORCL
2022-01-12,83.148681640625,84.28796180642401,82.54608729149976,83.69478501436078,5840300,ORCL
2022-01-13,82.65910339355469,83.7230578169586,82.43313223478177,83.54416727536461,6044300,ORCL
2022-01-14,82.56494140625,82.95097513273456,81.59514112693105,82.36721576339309,6054800,ORCL
2022-01-18,80.55001068115234,81.88701668460698,80.35227786476797,81.79286264753839,6824700,ORCL
2022-01-19,78.5068359375,81.62338718246922,78.36560846555447,80.75715131474311,10501800,ORCL
2022-01-20,77.88541412353516,80.03215791592098,77.69709885363716,79.01527700895095,10836900,ORCL
2022-01-21,77.41461944580078,78.51623659073435,77.23572177519927,78.48799110242703,11609000,ORCL
2022-01-24,77.60293579101562,77.60293579101562,74.93833429547055,76.4730730369184,16770400,ORCL
2022-01-25,76.33184814453125,77.30164844928395,75.51269287393286,76.57665440646177,13469900,ORCL
2022-01-26,74.93833923339844,77.2357351260701,74.64645955911374,77.12275315331094,13971300,ORCL
2022-01-27,75.11722564697266,76.40715804891047,74.5711222490581,75.4279403923542,10331900,ORCL
2022-01-28,75.77633666992188,75.79516460598131,73.97796347777768,75.314969626292,7854700,ORCL
2022-01-31,76.41658782958984,76.86853009198825,75.43737001640298,75.78574068044075,10594200,ORCL
2022-02-01,76.30359649658203,76.64255677546235,74.99483599115231,76.64255677546235,8016900,ORCL
2022-02-02,77.67826843261719,78.03605665873425,76.11528406819949,76.41658849039425,9287600,ORCL
2022-02-03,77.1510009765625,77.92307560886927,76.85911410996975,76.85911410996975,8207200,ORCL
2022-02-04,77.31106567382812,78.06431239181578,76.70847117283523,77.23573956533073,5570200,ORCL
2022-02-07,76.02113342285156,77.4428831987291,75.9458144974322,77.3393115948477,6292200,ORCL
2022-02-08,76.06819915771484,76.13410769424816,75.13606208860313,75.59742184433635,6585300,ORCL
2022-02-09,78.57273864746094,78.76105390188441,76.8779444586044,76.97209849406991,8755900,ORCL
2022-02-10,77.0662612915039,78.8834623982136,76.84970770366164,77.91366207402274,6336300,ORCL
2022-02-11,75.08899688720703,77.61236409188487,74.88185367746962,77.05684301272606,7670500,ORCL
2022-02-14,74.33574676513672,75.07016552527524,73.85555900101787,74.92893087203734,5389800,ORCL
2022-02-15,75.10784149169922,75.25849374439487,74.58057297425403,74.75005316678923,5712800,ORCL
2022-02-16,74.56171417236328,75.11722796138092,73.64840502303696,74.82534832196431,6227000,ORCL
2022-02-17,71.1156234741211,74.36399141391323,70.92731541246305,74.15684823599412,9247100,ORCL
2022-02-18,70.21173095703125,71.30393781456792,69.93867924264708,71.087377081266,7790100,ORCL
2022-02-22,69.78803253173828,70.53186155966513,69.31725521154345,69.50556326622466,8039000,ORCL
2022-02-23,68.2344741821289,70.03284002712655,68.12148502557433,69.74096035205976,6807100,ORCL
2022-02-24,70.43769836425781,70.56010506149444,66.12538369222601,66.79388660604864,11240500,ORCL
2022-02-25,71.8876953125,72.33964470034334,69.97634054305223,70.28705529822629,8291800,ORCL
2022-02-28,71.5299072265625,72.21723809174125,70.63542600751198,71.15328393346185,9234400,ORCL
2022-03-01,71.56757354736328,72.02893333117865,71.20036779525626,71.53932805619999,8752100,ORCL
2022-03-02,73.70489501953125,74.25099842698721,71.79354027692715,71.981848328847,8527200,ORCL
2022-03-03,73.67665100097656,74.4204800328457,72.90457647910473,74.34515393717726,8203000,ORCL
2022-03-04,72.01952362060547,73.35653687712399,71.35102058409268,73.13055855620954,8841300,ORCL
2022-03-07,69.97634887695312,71.92536692613234,69.14778328130195,71.83121288763672,11110100,ORCL
2022-03-08,69.04420471191406,70.83315999665506,68.83706153804515,69.52439241480077,9134100,ORCL
2022-03-09,71.65232849121094,72.45264874227459,70.32473977986892,70.54129339027152,8959500,ORCL
2022-03-10,72.170166015625,72.35847407394101,70.6448448826943,70.7107534214541,13812600,ORCL
2022-03-11,73.27178955078125,75.23022513325292,69.67505073272874,72.21724565633667,22795800,ORCL
2022-03-14,72.56561279296875,74.00619018276765,71.03088137979249,73.36593276691352,13306200,ORCL
2022-03-15,75.8893051147461,76.77436880500646,72.56561827245967,73.48834501161325,16847200,ORCL
2022-03-16,75.2867202758789,76.48249888399178,73.20588504841889,76.26593812118239,14071300,ORCL
2022-03-17,75.8893051147461,76.53898013704291,74.62762530253772,75.11723057116538,10462400,ORCL
2022-03-18,76.90618896484375,77.19806862609224,74.23216985425496,74.97599893683267,24176000,ORCL
2022-03-21,76.22826385498047,77.18865362392344,75.57858884560682,76.52956105664079,8131300,ORCL
2022-03-22,77.0191650390625,77.42403378277423,76.10585597649248,76.69903275674825,9292300,ORCL
2022-03-23,75.69159698486328,76.65198699481635,75.53153437770234,76.50133476443402,7451100,ORCL
2022-03-24,77.43346405029297,77.97956755346272,75.7857431649826,75.93639537971617,7025700,ORCL
2022-03-25,76.9532699584961,77.99838908252921,76.4824926013582,77.24514962120402,5682300,ORCL
2022-03-28,78.71397399902344,78.817545594013,76.96268162637223,76.96268162637223,6626700,ORCL
2022-03-29,79.3636474609375,79.57079064673907,78.25261261449562,79.55195552976127,5762000,ORCL
2022-03-30,78.48799133300781,79.42954592463843,78.26202024239407,79.0529226512879,5533100,ORCL
2022-03-31,77.89483642578125,79.0058714436027,77.7630121370796,78.25262468513297,9433300,ORCL
2022-04-01,77.21688842773438,78.48798559684136,76.7084481233934,78.18668843687902,6147500,ORCL
2022-04-04,79.15650177001953,79.37306250745635,77.2074838670567,77.44287253738308,7882400,ORCL
2022-04-05,78.09253692626953,79.58018766058925,77.83831317419884,78.5256511586402,5143400,ORCL
2022-04-06,77.32046508789062,77.65000775586407,76.61429914930837,77.13214986084051,5492400,ORCL
2022-04-07,77.07472229003906,77.51898538980528,76.35633925187251,76.80060235163873,7112200,ORCL
2022-04-08,76.507568359375,77.34882962808601,75.86480621132226,77.23539846845534,6182500,ORCL
2022-04-11,75.39218139648438,76.68715278089938,75.33546221523592,76.21453380285752,5738400,ORCL
2022-04-12,74.98573303222656,76.55482437813124,74.69270434536733,75.57177598275763,6174700,ORCL
2022-04-13,75.38272857666016,75.58122768620434,74.32405944749767,74.9195639877237,4728600,ORCL
2022-04-14,75.09915161132812,75.95932160015941,74.97627327503503,75.45834664472721,5590400,ORCL
2022-04-18,73.9365234375,75.60014447003218,73.64350194173367,74.8155951363932,4955900,ORCL
2022-04-19,75.20314025878906,75.41109379279284,73.95542626636069,73.96488066652296,5412400,ORCL
2022-04-20,75.89318084716797,77.37720462859316,75.42056171663006,75.42056171663006,9472600,ORCL
2022-04-21,75.12752532958984,77.13142543198228,74.98573817610502,77.02744866686635,5616100,ORCL
2022-04-22,72.0365982055664,75.3354773142249,71.98934062524667,74.92902462318256,9357100,ORCL
2022-04-25,72.7644271850586,72.84004074712793,70.60927840521965,72.02713545923285,7305900,ORCL
2022-04-26,70.42967224121094,72.45248060637194,70.40131626036353,72.16890637471329,7555200,ORCL
2022-04-27,70.66600799560547,71.85700290398225,70.34462326601533,70.49586483560951,7279200,ORCL
2022-04-28,71.97042846679688,72.43359311725658,70.51476092518627,71.38437824772942,6177900,ORCL
2022-04-29,69.38046264648438,71.7152013912696,69.14415317371814,71.21421925126724,7946900,ORCL
2022-05-02,69.94761657714844,70.51475797194163,68.55811547236894,69.88145020128246,7379900,ORCL
2022-05-03,69.27648162841797,70.14609870377559,68.82276429559224,69.80581250705437,5211500,ORCL
2022-05-04,71.09135437011719,71.22368712297255,68.80387997179554,69.36156697145823,6759900,ORCL
2022-05-05,68.81332397460938,70.62817906378234,68.04767634980743,69.94760660244421,7197200,ORCL
2022-05-06,68.52030181884766,68.94566325336554,67.70739654746905,68.18001555587085,6222500,ORCL
2022-05-09,67.62232971191406,68.61482531910436,67.27258904370765,67.71685207284735,7019700,ORCL
2022-05-10,68.55811309814453,69.58842629991302,67.36711116220835,68.52975711112597,8129000,ORCL
2022-05-11,67.1402587890625,69.43718758183839,66.98902444827254,68.35016236175868,6932100,ORCL
2022-05-12,66.85668182373047,67.04572652470226,65.19306105112504,66.99846174366277,11698900,ORCL
2022-05-13,67.27259826660156,68.03824608179535,66.6676464197786,67.0740991179498,6700100,ORCL
2022-05-16,65.89253234863281,67.02682214190362,65.59005651274582,66.81886865255767,6942100,ORCL
2022-05-17,67.9437026977539,67.96261149564909,66.82832160452062,67.15916066334565,5952500,ORCL
2022-05-18,64.55976867675781,67.05519682151686,64.09659678985409,66.92286405714287,7977300,ORCL
2022-05-19,63.368736267089844,64.18164126593632,63.06626049158358,63.78464316275772,9451600,ORCL
2022-05-20,64.87169647216797,64.92841566927879,63.18917359365182,64.16276780684295,7531100,ORCL
2022-05-23,66.2044906616211,66.61094341456777,64.90951160883844,65.51446353718758,7370200,ORCL
2022-05-24,65.2497787475586,66.66763576410386,64.56920622576186,65.85473049769041,6644100,ORCL
2022-05-25,66.00597381591797,66.37461607320502,65.00401659339967,65.10799335433641,7103300,ORCL
2022-05-26,67.73575592041016,68.17056451819323,66.08158948442104,66.28953577863555,6758900,ORCL
2022-05-27,68.79442596435547,68.86059234116065,67.63178717026511,68.39742770352433,6566700,ORCL
2022-05-31,67.98151397705078,68.98347114247917,67.6034173416963,68.27454265553709,16890300,ORCL
2022-06-01,67.67904663085938,69.25759252971649,67.25369236978582,69.02128300432132,5804700,ORCL
2022-06-02,69.13471221923828,69.18197700761958,67.12135771593402,67.56562076497912,6200400,ORCL
2022-06-03,67.85863494873047,68.96456164638525,67.32930399154735,68.58646501485727,8169500,ORCL
2022-06-06,68.9740219116211,70.74161245608884,68.65263722343074,68.65263722343074,5274700,ORCL
2022-06-07,68.70935821533203,69.12525806587571,67.66959055998726,67.66959055998726,5675700,ORCL
2022-06-08,67.47107696533203,68.19891416804863,67.0551772039438,68.06658144238973,5253500,ORCL
2022-06-09,65.42938995361328,67.26315438602082,65.41048115094782,66.89450484999658,6824900,ORCL
2022-06-10,63.46329116821289,64.48415013886391,63.29314800643772,64.25729499369537,10256100,ORCL
2022-06-13,60.54249954223633,62.48023320354034,60.268376038562465,62.17775731822687,16547200,ORCL
2022-06-14,66.84722900390625,68.46358503364497,65.24032016132406,68.05713242652284,29661300,ORCL
2022-06-15,65.88308715820312,67.50889770766338,64.90949315073638,66.59201567372867,11765500,ORCL
2022-06-16,64.9472885131836,65.18359796369506,63.879172393044875,64.748789440145,10686000,ORCL
2022-06-17,64.01152038574219,65.57116457366955,63.69959010583795,64.985114400358,16445600,ORCL
2022-06-21,63.97370910644531,65.7223979908592,63.69958921686354,64.85278074834764,10047700,ORCL
2022-06-22,62.88668441772461,63.86973282549439,62.744897272178186,63.26478106865049,8219900,ORCL
2022-06-23,63.92644500732422,64.15330732557506,62.678731103319876,62.81106384983596,8775800,ORCL
2022-06-24,66.82832336425781,66.90394413464298,64.24782767630774,64.58811393144742,20132600,ORCL
2022-06-27,66.55420684814453,66.97010663805601,65.16470592183866,65.5711585246928,8840600,ORCL
2022-06-28,64.82442474365234,67.17806537972902,64.77715995830555,66.70544637263606,7252100,ORCL
2022-06-29,65.41991424560547,66.25172100209316,65.0134616598187,65.24977113500653,8077900,ORCL
2022-06-30,66.04379272460938,66.40298062863282,64.47469392007545,64.47469392007545,9888600,ORCL
2022-07-01,66.98902130126953,67.09299806075046,65.98706409278012,66.02487447909988,7805600,ORCL
2022-07-05,68.04768371582031,68.05713811536039,66.33680519035254,66.525849911591,9040400,ORCL
2022-07-06,67.73575592041016,68.75660744009534,67.40491686393766,68.35960922624037,6043700,ORCL
2022-07-07,67.89646911621094,68.03825630414914,67.28206277620933,67.89646911621094,7814500,ORCL
2022-07-08,67.93425750732422,68.28399095113801,67.42382812305138,67.76411437923328,4927300,ORCL
2022-07-11,67.95325469970703,68.33304239964029,67.31711446753137,67.41205958155271,4543300,ORCL
2022-07-12,66.85186767578125,68.30454869577535,66.52904564697883,67.98172666697293,7140800,ORCL
2022-07-13,66.49105834960938,66.96579103209278,65.20928155567337,65.5605863484956,6454800,ORCL
2022-07-14,65.94037628173828,66.06381143318268,64.78203445298124,65.66503766047057,4915500,ORCL
2022-07-15,67.1651840209961,67.28861916577155,66.4625816150568,66.70944466076119,5134100,ORCL
2022-07-18,66.66197967529297,68.08617809171274,66.60501405666746,67.64942477993907,4642300,ORCL
2022-07-19,68.58939361572266,68.64636647812051,66.70945576509133,67.07025008898833,7160300,ORCL
2022-07-20,68.92170715332031,69.40593665675254,68.5134438832642,68.88373490240416,5655700,ORCL
2022-07-21,70.77315521240234,70.85860362549398,68.48494001055097,68.50393337602455,7005100,ORCL
2022-07-22,71.1149673461914,71.48525831140988,70.50731000614842,71.0390083677243,6659800,ORCL
2022-07-25,71.07697296142578,71.61816789285407,70.58324694870623,71.30484260522576,5721600,ORCL
2022-07-26,70.28892517089844,71.49475033293656,69.98509652068779,71.02001761424202,7284400,ORCL
2022-07-27,72.03593444824219,72.2733007716917,70.56426034531708,70.62122594491446,6677200,ORCL
2022-07-28,73.14679718017578,73.37466679149723,71.50421925744968,71.81754450041937,5688100,ORCL
2022-07-29,73.90638732910156,74.21022322792659,73.10883982622543,73.11833650902535,5926600,ORCL
2022-08-01,73.52659606933594,73.87789359866719,72.82398652298252,73.2797330599727,5227500,ORCL
2022-08-02,72.49168395996094,73.3557009762599,72.21633811665181,73.09934125421339,6403400,ORCL
2022-08-03,73.46015167236328,73.83044265463896,72.44422383107026,72.84299762062142,6127800,ORCL
2022-08-04,73.48861694335938,73.91587343823159,73.21327113232232,73.53608586287545,3656200,ORCL
2022-08-05,73.441162109375,73.48863828652499,72.15938500864878,72.41573753125499,4858100,ORCL
2022-08-08,72.6056137084961,73.51709954052274,72.41571629942045,73.0328702021867,4733500,ORCL
2022-08-09,72.89046478271484,73.02339661985341,72.00746155936572,72.35876640954876,4243700,ORCL
2022-08-10,73.62157440185547,74.03934164578777,73.29875228322176,73.66904334258041,5258500,ORCL
2022-08-11,73.26075744628906,74.05830494557976,73.18479847192428,74.01082877564015,5554600,ORCL
2022-08-12,75.15019226074219,75.40654474646591,73.73549076015202,74.05830553801496,6692300,ORCL
2022-08-15,75.11222076416016,75.40655276868296,74.53304619511074,74.85586100731673,3733500,ORCL
2022-08-16,75.50149536132812,75.63442719916853,74.8653551980962,74.91283137188542,6185100,ORCL
2022-08-17,75.24515533447266,75.73887430205544,74.96031273219717,75.00778891385917,5185100,ORCL
2022-08-18,75.31161499023438,75.84331343565223,75.01728295707063,75.27363549501194,4120500,ORCL
2022-08-19,74.6849594116211,75.13120211002455,74.47607584343186,75.03625700916949,4679000,ORCL
2022-08-22,72.59612274169922,73.99183802192975,72.32077690974899,73.99183802192975,5757700,ORCL
2022-08-23,72.54866027832031,73.11833811342434,72.39674232557434,72.39674232557434,4432300,ORCL
2022-08-24,72.32079315185547,72.69108415705618,72.20686191569997,72.60563572993955,3876400,ORCL
2022-08-25,73.00438690185547,73.0233802645557,72.1403772389758,72.48217808528037,3523400,ORCL
2022-08-26,70.87759399414062,73.35569928287028,70.80163502315096,73.08985012825266,4904100,ORCL
2022-08-29,70.44086456298828,71.07700486118279,70.32692606802937,70.36490556634901,4295500,ORCL
2022-08-30,70.39336395263672,70.89657945402108,69.74772719293604,70.65921310477592,5099100,ORCL
2022-08-31,70.40287017822266,71.35233570390645,70.29842839088967,70.69720217315357,8612900,ORCL
2022-09-01,71.49474334716797,71.5612056315373,69.814185630643,70.37437395076655,8139800,ORCL
2022-09-02,70.90608215332031,72.8904615243571,70.71619195534865,71.91251324149424,11027700,ORCL
2022-09-06,70.09904479980469,71.3903185550316,69.8331955991134,70.92507520997441,7090100,ORCL
2022-09-07,70.72570037841797,70.89660450000444,69.70977233450076,69.95663545320315,5792600,ORCL
2022-09-08,70.87759399414062,71.02001525378469,69.89014910281362,70.28892283474006,6897100,ORCL
2022-09-09,72.07393646240234,72.16888157269666,70.67822088514839,70.87760778992073,7762400,ORCL
2022-09-12,73.1847915649414,73.46962682615761,72.41571969881231,72.7575278073484,15628900,ORCL
2022-09-13,72.19735717773438,75.39705850671274,71.95049412052244,72.21634330035981,29476500,ORCL
2022-09-14,68.47544860839844,72.03594392872985,68.14312991675716,71.95998495670635,21601400,ORCL
2022-09-15,66.69044494628906,68.44695441584203,66.22520894755084,67.88677332974746,12478100,ORCL
2022-09-16,65.35171508789062,66.27269782396395,64.80102333421934,66.06381424540952,23412000,ORCL
2022-09-19,65.57958221435547,65.63654782668853,64.47820599411712,64.7535446162915,8364000,ORCL
2022-09-20,64.66808319091797,65.00039460243362,64.04143260590662,64.81999387453419,8624300,ORCL
2022-09-21,63.376834869384766,65.39919418327412,63.36733818419796,65.2377867543401,6768200,ORCL
2022-09-22,62.693214416503906,63.55723161721775,62.51281362869599,63.47177594368057,7190700,ORCL
2022-09-23,61.28799819946289,62.133021877410044,60.6423577764719,62.04756621940653,9282500,ORCL
2022-09-26,60.24358367919922,61.6392954313202,60.186614448162814,61.07911429145022,6897800,ORCL
2022-09-27,59.26563262939453,61.145577438738904,58.90483836021987,60.9177077552521,9284800,ORCL
2022-09-28,59.882789611816406,60.14863879642606,59.104228180953704,59.455529406605535,8549900,ORCL
2022-09-29,58.297183990478516,59.43653970939006,57.70851276419425,59.14220771817143,8882100,ORCL
2022-09-30,57.98385238647461,58.99978008695434,57.97435932600644,58.16424951075461,9794400,ORCL
2022-10-03,59.89228057861328,60.04419490130792,57.736993635310895,57.90789770108276,9661400,ORCL
2022-10-04,62.370384216308594,62.50330879231558,60.575891574445144,60.575891574445144,9892600,ORCL
2022-10-05,63.27239227294922,63.794601293970686,61.696283012513234,62.03808399263389,9201600,ORCL
2022-10-06,62.00009536743164,63.433782948639276,61.92413639464218,62.97804359959524,6992000,ORCL
2022-10-07,60.0916748046875,61.35446570949485,59.569469482864534,61.23103055341993,7137900,ORCL
2022-10-10,59.40805435180664,60.67084516933377,58.88584906607691,60.39549931292093,6407200,ORCL
2022-10-11,59.56074905395508,60.219246652953096,58.83544750899532,59.026313845719145,7376900,ORCL
2022-10-12,60.86819839477539,61.34537148633817,59.33170045745654,59.7611569679714,9008600,ORCL
2022-10-13,62.223365783691406,62.71008435667422,59.42713492624668,59.627546743102364,10147100,ORCL
2022-10-14,61.37400436401367,63.569003628431545,61.27857119623115,62.719636057324344,8044500,ORCL
2022-10-17,63.960269927978516,64.48516317497455,62.8627777805766,62.87231599882552,11368300,ORCL
2022-10-18,63.969818115234375,65.44905748722778,63.30177875560809,64.89553500006146,6688600,ORCL
2022-10-19,63.273162841796875,64.12253046952328,62.77689868651221,63.45448368834539,5506000,ORCL
2022-10-20,66.08849334716797,66.72790373750671,64.12254194000111,64.44701624635123,17600500,ORCL
2022-10-21,69.38096618652344,69.46686113113135,67.10007933920949,67.78720977173789,15652600,ORCL
2022-10-24,69.5909194946289,70.32577010736753,68.50296546636432,69.60046499483005,11489400,ORCL
2022-10-25,69.80086517333984,70.7265819492393,69.29506296327075,70.09671010049374,9137700,ORCL
2022-10-26,71.40418243408203,72.26309547079586,69.23781976250507,69.29507820459142,10693600,ORCL
2022-10-27,71.71912384033203,72.41579254190562,71.14651753300305,71.33738387508463,7053000,ORCL
2022-10-28,73.82820892333984,74.13359935946306,71.8622584458643,71.8622584458643,8758100,ORCL
2022-10-31,74.50579833984375,74.75393035989806,72.91204213016368,73.00747528215909,12349000,ORCL
2022-11-01,73.58964538574219,75.6128622072037,72.85479464125522,75.01161936515354,7753000,ORCL
2022-11-02,71.69049835205078,73.895036026607,71.58551967411147,73.15064706018981,7524300,ORCL
2022-11-03,71.6045913696289,72.23446333146666,70.66933620827896,71.30874638935666,6761200,ORCL
2022-11-04,72.53031921386719,73.16972949105548,70.85066767757924,72.47306076548749,7219000,ORCL
2022-11-07,73.23652648925781,73.57054620824026,72.04359372068926,72.63529099508942,5394300,ORCL
2022-11-08,72.1867446899414,73.61826396424921,71.59504743537077,73.43693585955681,9104200,ORCL
2022-11-09,72.20584869384766,73.04567086482015,71.57597660480465,71.93862559841178,6013700,ORCL
2022-11-10,73.64689636230469,74.8875493660003,73.20789797297279,74.15269869607657,10437300,ORCL
2022-11-11,74.19087219238281,74.3340255798404,73.07428887616436,73.60872042285003,7712900,ORCL
2022-11-14,74.94481658935547,75.90870842726805,73.79960389876892,73.94275730536341,7153000,ORCL
2022-11-15,75.56513977050781,76.9966592099988,74.4485563551651,75.32655319725932,7618500,ORCL
2022-11-16,76.24272155761719,76.56720306974955,75.2597460821562,75.50787814660048,6011900,ORCL
2022-11-17,75.58422088623047,75.9468771249563,74.62033640592607,75.55559166340142,5717300,ORCL
2022-11-18,76.09004211425781,76.78671091286567,75.25021261752254,76.34771244006552,6107000,ORCL
2022-11-21,76.17591857910156,76.44313436832124,75.2979217627843,75.93733201285768,5235400,ORCL
2022-11-22,78.37091827392578,78.45680594326188,76.18546444300176,76.24272288922583,8796200,ORCL
2022-11-23,78.79083251953125,79.13439778886169,78.0464435296769,78.37092507563781,6347900,ORCL
2022-11-25,78.94352722167969,79.67837067012613,78.77174459617365,79.06758961967898,2754900,ORCL
2022-11-28,77.67423248291016,78.38999209464437,77.36884200648022,78.36136287514833,5112200,ORCL
2022-11-29,77.15888977050781,77.77921626441623,76.84395377314272,77.61697915586467,4928200,ORCL
2022-11-30,79.23936462402344,79.38251801169086,76.34769677369322,76.79624065721205,9610300,ORCL
2022-12-01,80.27006530761719,80.67088899333442,78.59041383464623,79.25846059192583,6127200,ORCL
2022-12-02,79.54476165771484,79.80243923291167,78.8099182195476,79.40160825828154,4798900,ORCL
2022-12-05,75.8037338256836,78.65722748467554,75.78465010161726,78.64768926318493,9102900,ORCL
2022-12-06,75.3074722290039,76.17592360122305,74.49627202542663,75.72737966213953,7656100,ORCL
2022-12-07,75.18340301513672,75.8132750903934,74.9925366608021,75.07842433592727,5105500,ORCL
2022-12-08,76.41449737548828,76.54810525651281,74.94480340313498,75.51740964768061,5918700,ORCL
2022-12-09,76.2140884399414,76.69126154197906,75.90869794588066,76.01367661081564,6850800,ORCL
2022-12-12,77.56926727294922,77.69333695372092,76.29044670651625,76.64355018296602,15807600,ORCL
2022-12-13,76.88214111328125,81.67296396036369,76.06140265391788,81.06218286703538,22812200,ORCL
2022-12-14,78.0845947265625,79.10574472460118,76.8916621456256,77.12070316246235,11183100,ORCL
2022-12-15,76.41449737548828,77.33066882297798,75.83234563055991,77.10162778137641,8196800,ORCL
2022-12-16,75.9468765258789,76.78669860693806,75.85144335684011,76.30952548065997,19200700,ORCL
2022-12-19,76.82485961914062,77.39746581225927,76.04229612295914,76.27133714399005,7738800,ORCL
2022-12-20,77.24479675292969,77.76968288258169,76.68172861404057,76.82488202434016,6390200,ORCL
2022-12-21,77.77921295166016,78.38999391873253,77.24478142574269,77.63605956976556,5932400,ORCL
2022-12-22,76.81533813476562,77.46429396480836,75.80373330129034,77.24479837468093,8181400,ORCL
2022-12-23,77.15888977050781,77.206609993533,76.33815144584445,76.8344155534047,4129100,ORCL
2022-12-27,77.28295135498047,77.75057891116657,76.92984067234353,77.18751091891215,4290700,ORCL
2022-12-28,76.66264343261719,77.91283481121675,76.52903552716768,77.38794141046172,3794000,ORCL
2022-12-29,77.68378448486328,78.06552443262132,77.01573775601574,77.27341531521307,3867800,ORCL
2022-12-30,78.00824737548828,78.18957546257568,77.07299228448376,77.42609567797037,5375700,ORCL
2023-01-03,79.8978500366211,80.01236689923914,78.50450571980384,78.70491751046772,8997500,ORCL
2023-01-04,80.6231918334961,81.28168593721789,79.82153702402371,80.35596870961487,7836200,ORCL
2023-01-05,80.4609146118164,81.50115561143595,79.42068089327954,81.11941572826288,7643800,ORCL
2023-01-06,81.74931335449219,82.3982618947056,79.99331225170869,80.87130916255795,8641600,ORCL
2023-01-09,82.78385925292969,83.90462951208666,82.53480406759672,83.18618591390097,7519700,ORCL
2023-01-10,82.86048889160156,82.96586119625017,81.96961860309054,82.03667304165005,5703300,ORCL
2023-01-11,84.87212371826172,84.92960416776947,83.42565543013387,83.69388047493796,8359700,ORCL
2023-01-12,85.04454040527344,85.44686696238239,84.46020584492669,84.96790468723812,6071100,ORCL
2023-01-13,85.44688415527344,85.70552792858865,83.97168648238066,84.24947822648102,5090800,ORCL
2023-01-17,84.87212371826172,85.6767842359036,84.70927827949099,85.43730307004599,6550400,ORCL
2023-01-18,83.06165313720703,84.90086687976105,82.9562808313787,84.87213030696891,6397700,ORCL
2023-01-19,82.32404327392578,83.32985972880654,81.67265424717144,82.76468771726184,5597000,ORCL
2023-01-20,83.57894897460938,83.70347658274989,81.90258037053412,82.41027940699783,5567300,ORCL
2023-01-23,85.22657775878906,85.3798419392564,83.31072799843282,83.52147264141391,7390200,ORCL
2023-01-24,85.92584228515625,86.30901362513215,84.29737322574044,85.30319707962902,7004600,ORCL
2023-01-25,85.86837005615234,86.07911466080172,84.04831165318159,84.9679184938816,5896800,ORCL
2023-01-26,86.05038452148438,86.68261107430776,85.34151492405813,86.10785766945394,7302800,ORCL
2023-01-27,85.2457275390625,85.94501587215166,85.21699096385368,85.73427124277174,5676800,ORCL
2023-01-30,83.67473602294922,84.89130470185619,83.32988248470684,84.74761450952406,6255300,ORCL
2023-01-31,84.7380142211914,84.75717680701351,83.67471726800376,84.00041545151333,6200400,ORCL
2023-02-01,86.26113891601562,86.83589238599396,84.4985533252436,84.65182481504417,6141300,ORCL
2023-02-02,85.61931610107422,87.3819015356603,85.20740814421875,86.84546598566665,8269200,ORCL
2023-02-03,85.8492202758789,86.46229154227599,84.55601599332365,84.74760533181397,5671800,ORCL
2023-02-06,84.80508422851562,85.83964480134331,84.68055663134407,85.743853779797,4097200,ORCL
2023-02-07,84.04830932617188,84.31652706706849,82.66890275750565,84.17284421186338,9226000,ORCL
2023-02-08,83.04249572753906,84.2207390321011,82.87006898682442,83.27239561236338,7624400,ORCL
2023-02-09,83.00419616699219,84.20160232257953,82.69766048349732,83.47357733363401,4960300,ORCL
2023-02-10,83.47354125976562,83.70344109593663,82.70719872801692,82.88920672369365,5318400,ORCL
2023-02-13,85.65763854980469,85.68637512603557,83.53104420807998,83.60767995028674,5560900,ORCL
2023-02-14,85.34152221679688,85.64806518785925,84.0195885418305,85.25531248747559,7484800,ORCL
2023-02-15,84.62307739257812,85.45647463966618,84.32612302898441,85.11162111041503,4329900,ORCL
2023-02-16,84.02915954589844,84.5560137690191,83.34903385601741,83.78009706660576,5942500,ORCL
2023-02-17,83.607666015625,83.75135618121759,82.87006721788167,83.5310302861909,6398400,ORCL
2023-02-21,82.5731201171875,83.28198977655772,82.52522825915655,83.1095630091956,5260300,ORCL
2023-02-22,82.68807220458984,83.5118881547306,82.36238126580174,83.03292573294581,5840100,ORCL
2023-02-23,84.85298919677734,85.71512306643045,83.39693925949945,83.48315630065824,8637100,ORCL
2023-02-24,84.92961883544922,85.14993745339241,83.47356900287367,83.63641446976845,7659200,ORCL
2023-02-27,84.2590560913086,85.22656208874791,83.68430273055516,85.12118978663148,6748800,ORCL
2023-02-28,83.72261810302734,84.30695273977166,83.51187350506903,84.00999112065527,7468000,ORCL
2023-03-01,82.70722198486328,83.54061917435821,82.3719497735904,83.24366483128595,5119800,ORCL
2023-03-02,83.31072998046875,83.60768436170498,82.25701404888136,82.43901481074211,5293600,ORCL
2023-03-03,85.49479675292969,85.53311462567973,83.41610148785172,83.64600141596503,5498500,ORCL
2023-03-06,85.96417236328125,86.8550427492311,85.39900022051913,85.64806272314664,7424800,ORCL
2023-03-07,84.64224243164062,86.2898743838796,84.34528805945341,85.81091194699091,5382400,ORCL
2023-03-08,84.76677703857422,85.34153054865574,84.4410860626034,84.68056730083633,5159200,ORCL
2023-03-09,83.21492767333984,85.86837607923661,82.8892294501129,84.61349696511202,10572300,ORCL
2023-03-10,80.53273010253906,81.66308155302784,79.39279735859935,80.85842830440136,16029300,ORCL
2023-03-13,81.35655212402344,81.93130553222744,78.58815008543307,79.81429263850458,10299800,ORCL
2023-03-14,81.00211334228516,82.31447286170193,79.91966102155976,82.31447286170193,8732200,ORCL
2023-03-15,79.48858642578125,79.86217643465032,78.6647706861252,79.58437742398633,11463000,ORCL
2023-03-16,81.2511978149414,81.52899694060521,78.62648537397638,79.431138862061,10148100,ORCL
2023-03-17,81.67267608642578,82.36238315899139,81.05002346211589,81.42361357502448,13065800,ORCL
2023-03-20,83.30113220214844,83.82799371788462,81.66308181920353,81.69181839126449,9177300,ORCL
2023-03-21,83.89505767822266,84.1536941645141,83.0137685958541,83.80884064386791,6683700,ORCL
2023-03-22,84.20159149169922,85.40857878762448,83.7609469601298,83.85673797857771,7233700,ORCL
2023-03-23,84.08663177490234,85.86837236044235,83.95252289714219,84.92002892245677,10747100,ORCL
2023-03-24,84.30696105957031,84.75718687084156,83.82799867453893,84.27822448581018,5852100,ORCL
2023-03-27,86.34733581542969,86.69218930784446,84.82423898091926,84.89129342064514,8170100,ORCL
2023-03-28,86.06954956054688,87.05621102395835,85.7151220300322,86.42398439944844,6378900,ORCL
2023-03-29,86.8071517944336,86.84546966511176,86.03122770287723,86.337763359916,5233600,ORCL
2023-03-30,86.70177459716797,87.34358245103343,85.93543184351127,87.02746551702107,5640700,ORCL
2023-03-31,89.01036834716797,89.08700408318767,86.60598242373494,86.74966529328931,10476300,ORCL
2023-04-03,89.96829223632812,90.04492797159317,88.21528816116638,88.49308722021273,8410900,ORCL
2023-04-04,90.0449447631836,90.06410004637895,89.01996536512966,89.90125455986275,6651500,ORCL
2023-04-05,90.8974838256836,91.10822845134616,89.54681365598859,89.68092254352182,7478800,ORCL
2023-04-06,91.88414001464844,92.03741148225438,90.03534495987019,90.36104317433991,9146200,ORCL
2023-04-10,90.1911392211914,91.48975160977626,89.98913350198849,91.0761187545539,8681500,ORCL
2023-04-11,90.39313507080078,90.54704102810749,89.65244017560565,89.90254561259269,8196000,ORCL
2023-04-12,90.32581329345703,91.6917609761081,90.03722948940805,90.78753857314621,8040300,ORCL
2023-04-13,91.91300964355469,92.10539395381483,90.36429172729032,90.59515436740068,6240200,ORCL
2023-04-14,92.06690216064453,92.3362430912183,91.07610916360967,91.86489646271421,6485100,ORCL
2023-04-17,91.95146179199219,92.33623767265631,91.68212087722414,91.99956152919626,4772400,ORCL
2023-04-18,92.79798889160156,93.05770844345193,92.12462913004221,92.34587769116666,7219400,ORCL
2023-04-19,92.16310119628906,92.79798258498451,91.9514740667239,91.9514740667239,4766200,ORCL
2023-04-20,91.22040557861328,92.49016098513569,90.99915703807963,92.34586909687377,5815500,ORCL
2023-04-21,91.52822875976562,91.68213473189529,90.67210614888329,91.3935582820307,7335800,ORCL
2023-04-24,91.80717468261719,92.42281313881165,91.35506358594547,91.710975210908,4901700,ORCL
2023-04-25,90.47970581054688,92.05728040289608,90.44122748646642,91.5185985437495,5768800,ORCL
2023-04-26,90.14302825927734,91.20115646871716,89.78710927126103,90.18150658276477,6395500,ORCL
2023-04-27,91.42242431640625,91.47051672668765,89.73903583773914,90.72020760757749,5615700,ORCL
2023-04-28,91.11459350585938,91.7687103828808,90.65286092367172,90.68171783399775,8498500,ORCL
2023-05-01,91.25889587402344,92.08616164697081,91.09536113174966,91.19156062920173,5459800,ORCL
2023-05-02,91.1915512084961,91.6147981297977,90.27770745004636,91.31660026767763,5995100,ORCL
2023-05-03,91.17231750488281,91.78795612386858,90.94145485751096,91.45127990082811,6744800,ORCL
2023-05-04,91.35506439208984,91.4993562619376,90.81638257291353,91.36468580714352,5038200,ORCL
2023-05-05,93.27893829345703,93.60599302195929,91.22039576997365,91.38392313422479,8068600,ORCL
2023-05-08,93.10580444335938,93.57715112018818,92.76912824562453,93.38476681833703,5314800,ORCL
2023-05-09,92.48055267333984,93.20200487788888,92.4420743417516,92.53826650122654,6333500,ORCL
2023-05-10,93.80802917480469,93.9619425127857,92.5959946636677,93.105819752494,5935300,ORCL
2023-05-11,93.73106384277344,93.91382672668423,92.6729281722816,93.82725599309343,5144500,ORCL
2023-05-12,94.12544250488281,94.19277773588212,93.24046308632349,93.89457990416946,4994700,ORCL
2023-05-15,93.55791473388672,94.23126712293862,93.35590901717114,94.14469638962792,4443700,ORCL
2023-05-16,94.5102310180664,95.08739126640911,93.23085411926304,93.47133816765508,6896500,ORCL
2023-05-17,95.97236633300781,96.57839080368286,94.68337541637972,95.02005160064897,9436000,ORCL
2023-05-18,98.44454193115234,98.55997691102809,95.93389533502082,95.97236632265567,10005700,ORCL
2023-05-19,98.92549896240234,99.14674748105189,98.0405195657833,98.49263067942269,8560300,ORCL
2023-05-22,97.896240234375,99.17561709454864,97.85776924610572,98.57922136949816,5890500,ORCL
2023-05-23,94.78919982910156,97.56919503009817,94.72186458454075,97.22289738978796,10047300,ORCL
2023-05-24,94.57756805419922,95.11624998435055,93.58677493024622,94.22164901378302,6815900,ORCL
2023-05-25,100.3203353881836,100.67625445334616,95.01044301982482,95.42407591323324,16729600,ORCL
2023-05-26,100.1183090209961,102.18647306189384,100.07020928137457,100.37802853357867,13994100,ORCL
2023-05-30,101.1475830078125,101.94599173710365,100.22412522678505,100.9070989813265,10296700,ORCL
2023-05-31,101.90753173828125,102.43659228829772,100.18566491831827,100.4934842340161,13713500,ORCL
2023-06-01,101.95560455322266,102.55200757356877,100.79166276010346,100.88785490171027,7835900,ORCL
2023-06-02,101.85942077636719,102.70592196660812,101.72475029926046,102.46543792334745,8652400,ORCL
2023-06-05,102.85982513427734,103.5043205453062,101.51311315701518,101.85941073228231,7442000,ORCL
2023-06-06,103.02336883544922,103.39852337828573,102.10953235192251,102.74440644788008,7023000,ORCL
2023-06-07,101.24378204345703,104.24502554036856,100.84938469045352,103.06184082034856,9842500,ORCL
2023-06-08,103.388916015625,103.68711391802049,101.33998701428658,101.64780633453107,9526700,ORCL
2023-06-09,105.668701171875,105.95728499770287,103.32158158850848,103.60053665741945,12597100,ORCL
2023-06-12,111.99822998046875,113.03712281854094,109.98777954351475,109.98777954351475,39081500,ORCL
2023-06-13,112.23871612548828,119.27046740000917,111.6038347106826,118.62597190727548,39190900,ORCL
2023-06-14,117.61592864990234,117.84679860765637,111.33448682773735,112.06556034931108,26264200,ORCL
2023-06-15,121.73302459716797,122.68533934545059,117.02915733817827,117.30811236767266,27476700,ORCL
2023-06-16,120.68450927734375,122.55066776886679,120.3863114173958,122.30056231333504,19514700,ORCL
2023-06-20,117.39469146728516,120.48250570282234,117.31773481206534,119.71295382860528,16273000,ORCL
2023-06-21,117.45240020751953,118.66444178832461,115.77863339335366,117.30810831997293,17583000,ORCL
2023-06-22,115.99028015136719,117.92376681922495,115.49969058625794,116.9810733604567,12203400,ORCL
2023-06-23,114.12410736083984,115.33614899780736,113.64313927272471,115.03794379266236,19734300,ORCL
2023-06-26,112.33490753173828,114.88403991297056,112.2579508748806,113.49884944549537,8987000,ORCL
2023-06-27,113.35455322265625,113.95095628205644,111.83469967216877,112.13289753237363,6970400,ORCL
2023-06-28,112.09441375732422,114.10486404409565,111.95974328900347,112.33489778489557,9240500,ORCL
2023-06-29,113.29682159423828,113.3160644241892,110.26672170802726,111.24790054382363,9234300,ORCL
2023-06-30,114.55697631835938,117.09649458908572,114.49926249595332,115.27842845439771,13703100,ORCL
2023-07-03,112.69082641601562,113.74895475993783,112.38300712798387,113.5180921286617,4284700,ORCL
2023-07-05,111.5461196899414,112.55615562484047,111.01705918893913,112.0848016077592,8466500,ORCL
2023-07-06,111.05552673339844,111.4018243381083,110.27636079229647,110.30521770285722,7982800,ORCL
2023-07-07,110.24751281738281,111.56536810539693,110.13207782679326,110.46875404227393,7001600,ORCL
2023-07-10,110.0262451171875,110.65150503089816,109.33365731108178,109.93005297792197,6931000,ORCL
2023-07-11,110.8950424194336,111.01088251336489,109.49534293364184,110.2386299499821,6117100,ORCL
2023-07-12,111.99549102783203,113.99368650238047,111.62867513214896,111.65763331276264,11011600,ORCL
2023-07-13,113.37590026855469,114.46670762679743,112.70983994479892,113.02838733235748,9359600,ORCL
2023-07-14,115.13276672363281,115.80848958781391,113.59792407574015,114.08058010812098,7723800,ORCL
2023-07-17,114.76594543457031,115.8084841834001,114.1481463311333,114.72733207001222,6735900,ORCL
2023-07-18,116.58072662353516,117.08269298617411,113.72340399651964,114.65975781185925,8903600,ORCL
2023-07-19,114.57288360595703,117.15026487772597,114.3122452417692,116.6289955140964,7609000,ORCL
2023-07-20,111.8603515625,114.92039619023663,111.23290465623873,113.4145044668698,12913000,ORCL
2023-07-21,113.56893920898438,115.13273967304343,112.17888780560311,112.44917394187283,9159600,ORCL
2023-07-24,113.97438049316406,114.42807828345057,112.68086602827933,113.84889259223732,6200400,ORCL
2023-07-25,113.85855865478516,114.3991384359913,112.75810345570903,113.88752420402132,6266300,ORCL
2023-07-26,111.4935302734375,113.53999425963504,111.01087429822782,113.34692745070373,8160000,ORCL
2023-07-27,112.36231994628906,113.5206914176415,111.62868075323453,113.47243023577043,7843000,ORCL
2023-07-28,111.96654510498047,113.23110892660344,111.63834253576695,112.63261279099765,6910400,ORCL
2023-07-31,113.16351318359375,113.17316099962808,111.81207509953539,112.39126074563325,6703100,ORCL
2023-08-01,113.81995391845703,113.94544184088947,112.43955731271262,112.86428963119381,5246000,ORCL
2023-08-02,111.69625854492188,112.92220899598352,110.35447535909616,112.86428526385487,6387800,ORCL
2023-08-03,110.57649230957031,112.14029303279061,110.2965509463991,111.24255258011945,5193800,ORCL
2023-08-04,110.47030639648438,112.36231701147351,110.29654994384528,111.33908129493389,5579300,ORCL
2023-08-07,112.07270050048828,112.34298663093674,111.07843050716234,111.46455670697927,7347000,ORCL
2023-08-08,111.23291015625,111.59972608194371,110.25794292893035,111.04949851102992,4694800,ORCL
2023-08-09,109.1767807006836,111.69624549387015,108.4334937353919,111.33907741900515,6542400,ORCL
2023-08-10,109.07058715820312,111.09774063137938,108.57828340247492,109.8331844264673,6004100,ORCL
2023-08-11,109.1381607055664,109.54359729946627,107.27510844998056,108.49140350218956,5288900,ORCL
2023-08-14,111.56111145019531,111.79278427617525,109.22505809596944,109.25401627862364,6494200,ORCL
2023-08-15,113.22144317626953,113.96473016142055,110.85642440311533,111.4452653009183,10412200,ORCL
2023-08-16,111.3390884399414,113.72341038454239,111.27151689095358,113.09596344311812,5722000,ORCL
2023-08-17,110.8950424194336,112.72913673390799,110.39308340855716,111.72521134740889,6183900,ORCL
2023-08-18,112.42022705078125,112.93184119790119,109.99729203213761,110.5282165422124,9412800,ORCL
2023-08-21,112.54571533203125,113.2793544671423,111.19428451043936,112.84496704088,5811200,ORCL
2023-08-22,112.49745178222656,113.5979067793198,111.7155514855407,113.43380552083556,4960300,ORCL
2023-08-23,113.75236511230469,116.27183007834853,108.22113135172295,113.03803627831125,16517300,ORCL
2023-08-24,108.9933853149414,115.57681309349536,108.51072929784875,115.52854454588756,11995900,ORCL
2023-08-25,112.03411102294922,112.12099293467975,108.82927540145688,108.99338404255982,8758100,ORCL
2023-08-28,112.78704833984375,113.62687241473311,111.68659327053822,112.33335789510049,4514800,ORCL
2023-08-29,116.46488952636719,117.00546186761716,114.41842551846321,116.7544786957172,11920500,ORCL
2023-08-30,116.91859436035156,117.51708309852894,115.98224052382034,116.53246807990878,5601800,ORCL
2023-08-31,116.21390533447266,117.7487551681159,115.9532743478706,116.80274621448567,9109800,ORCL
2023-09-01,116.73517608642578,117.46881524110233,115.92431020709996,116.81240281107507,6189900,ORCL
2023-09-05,119.67939758300781,119.96898679460618,116.97652075294184,118.1928160629462,11089600,ORCL
2023-09-06,120.01724243164062,120.25857043104564,118.47274470839776,118.79129207040535,8728500,ORCL
2023-09-07,120.75086975097656,121.5906938089432,118.33758984678649,119.53458198188174,11864400,ORCL
2023-09-08,121.93821716308594,122.29538527084921,120.0365512571171,120.47094609597725,10595500,ORCL
2023-09-11,122.31468963623047,123.00006031168431,120.39372070842342,122.6139340166373,22155600,ORCL
2023-09-12,105.80784606933594,109.36984961045182,103.57797776590353,108.19216782370098,68605700,ORCL
2023-09-13,107.96049499511719,109.0223441306841,104.44675975945863,104.56259985554222,27171000,ORCL
2023-09-14,109.71736145019531,111.1460190337889,108.06667150947193,109.56290800075502,19849700,ORCL
2023-09-15,109.95869445800781,111.2039404683891,108.5976009905152,110.22898064211371,23215000,ORCL
2023-09-18,108.31765747070312,110.49926462935736,107.70951356855552,109.48568409436531,11744100,ORCL
2023-09-19,108.85823059082031,109.7945844056643,107.83500223138061,108.57829659284785,9536100,ORCL
2023-09-20,108.95476531982422,110.72128063768231,108.5589838748136,108.89684159327028,8777100,ORCL
2023-09-21,105.63408660888672,108.59759399029882,105.53755688717781,107.64193722531299,12645800,ORCL
2023-09-22,105.24795532226562,106.763494711304,104.74599637454551,106.1746538628803,11150000,ORCL
2023-09-25,104.54328155517578,104.88113924670729,103.77102909046489,104.68807244815692,8410000,ORCL
2023-09-26,101.24191284179688,103.67450303625488,100.69168533479373,103.42351987164511,13209000,ORCL
2023-09-27,100.99093627929688,101.62803832034677,99.76498600987073,101.35775215961375,8916400,ORCL
2023-09-28,102.46786499023438,102.90225242194116,99.68776186012465,100.4214010044309,7373600,ORCL
2023-09-29,102.245849609375,103.64555648759335,101.72458022349502,103.39457329481861,7299100,ORCL
2023-10-02,103.00843811035156,103.02774847376094,101.63769689811684,102.139655875574,5963500,ORCL
2023-10-03,100.89441680908203,102.80573799540062,99.94841508136379,102.7285112603531,8783300,ORCL
2023-10-04,103.3656005859375,103.57797038346044,100.87509410275172,101.31913669541545,8842700,ORCL
2023-10-05,104.59154510498047,104.67842700748628,102.5064751865325,103.25941730610386,7651500,ORCL
2023-10-06,106.14569854736328,106.69592605084317,103.84825881374901,104.18611651505324,8247000,ORCL
2023-10-09,106.49321746826172,107.12067172897245,105.67270375721505,106.90830191475536,6012400,ORCL
2023-10-10,105.90437316894531,107.2075428287203,105.81749862850832,106.38702914402833,6910400,ORCL
2023-10-11,106.22409057617188,106.63100341626885,105.43932904288548,106.09814347567392,5641700,ORCL
2023-10-12,105.71060180664062,107.46420761836438,105.48776436604867,106.52442746787307,6598500,ORCL
2023-10-13,104.87741088867188,106.09815695575777,104.43174333217625,105.78812702986096,5879400,ORCL
2023-10-16,105.32305908203125,106.17563937358058,104.93551989798334,105.55557963578195,5488000,ORCL
2023-10-17,105.64277648925781,106.36940966700625,103.56945041341783,104.22826479024422,5261800,ORCL
2023-10-18,104.87741088867188,106.3113039157549,104.49956214747566,105.02273903336962,5123900,ORCL
2023-10-19,104.96459197998047,106.78602406522201,104.81927124270753,105.24555772486764,7989200,ORCL
2023-10-20,98.67679595947266,103.70510052120456,97.52387620476547,103.65665534683461,21831400,ORCL
2023-10-23,100.43041229248047,101.4283208243258,98.8318175821485,98.86088173096792,10722600,ORCL
2023-10-24,99.98473358154297,101.20547952755652,99.30654549581085,100.71136684126841,6174000,ORCL
2023-10-25,98.26988983154297,100.44009926300534,97.86297694908683,99.50031899278784,7081700,ORCL
2023-10-26,97.27196502685547,99.19996303149905,96.75847875254746,98.52177500726114,7565600,ORCL
2023-10-27,97.84358978271484,98.90931709967846,97.45605056062921,97.85328029598335,5207900,ORCL
2023-10-30,98.48301696777344,99.21934064858395,97.6788744868682,97.98890434325766,5433700,ORCL
2023-10-31,100.17850494384766,100.29476153246479,97.95016003387472,98.8318119199313,6258400,ORCL
2023-11-01,102.45528411865234,102.891261094394,100.56604070151137,100.56604070151137,8602400,ORCL
2023-11-02,103.5404052734375,103.87949934028725,102.28090457748553,103.1334850015215,5918300,ORCL
2023-11-03,104.68363189697266,105.67184985257757,103.29818422153046,103.83104416334942,7280000,ORCL
2023-11-06,105.71060180664062,105.80748475797371,104.09263360512227,104.69331233840468,6062800,ORCL
2023-11-07,105.59434509277344,106.94103816650615,105.19712274747829,106.563189456132,7412600,ORCL
2023-11-08,108.83029174804688,109.0531218176709,105.7881209646965,105.82687562717373,10994900,ORCL
2023-11-09,108.6849594116211,109.77975086543525,108.1327184281296,108.89810635116093,6853900,ORCL
2023-11-10,109.54722595214844,109.65379941769704,107.67735613619863,108.59775527499602,5233900,ORCL
2023-11-13,110.59358978271484,110.92299333083285,109.26627029317163,109.54723605628791,5740500,ORCL
2023-11-14,112.48281860351562,112.83160313308954,110.88422407491767,111.28145377481388,6733700,ORCL
2023-11-15,110.50638580322266,112.68628562243423,110.38043869690095,112.53127436786104,7386200,ORCL
2023-11-16,111.09738159179688,112.25999926514149,109.93477131014818,110.21573706308072,7476100,ORCL
2023-11-17,111.76587677001953,112.03715198584024,110.60326659030356,111.03924355977324,4791300,ORCL
2023-11-20,113.27728271484375,113.50012017376231,111.91121598779971,112.04685360916022,5728300,ORCL
2023-11-21,112.46345520019531,114.00391418618922,112.07591597745163,113.55824666712753,5995300,ORCL
2023-11-22,112.61846923828125,113.63575879916952,111.91121697660894,113.06413676836013,4343700,ORCL
2023-11-24,112.62814331054688,112.95754680533403,111.74649150091955,112.86066385931987,2168200,ORCL
2023-11-27,112.84130096435547,113.13194983005504,111.8530756025682,112.39563345692626,5165300,ORCL
2023-11-28,112.61846923828125,113.16102712021315,112.26000154653086,112.38594865556531,4892600,ORCL
2023-11-29,112.58939361572266,113.91671294886733,112.34718254416529,113.68418499815165,6127200,ORCL
2023-11-30,112.58939361572266,113.57761892702608,111.59148518357756,113.21914388011088,11075600,ORCL
2023-12-01,113.50980377197266,113.69387916592143,111.66899809061613,112.4537596223494,5739800,ORCL
2023-12-04,112.17279815673828,113.04475955393622,110.98112374031427,112.64752982066433,5587500,ORCL
2023-12-05,110.96174621582031,111.67868899094489,110.26417707604675,111.0005008782184,5913600,ORCL
2023-12-06,108.53963470458984,111.40741318227697,108.44275174493274,111.35897539829642,7815700,ORCL
2023-12-07,109.35345458984375,109.50846582819129,108.32647464504893,108.90778711601378,6772800,ORCL
2023-12-08,110.0704116821289,110.09947583114246,108.11334187599446,108.52026213727238,7766000,ORCL
2023-12-11,111.54306030273438,111.75620726714843,110.07041997213211,110.22543124244447,19544200,ORCL
2023-12-12,97.669189453125,101.68020417900449,97.5529328702675,99.50030455008324,57666500,ORCL
2023-12-13,99.78128814697266,99.88786162814071,96.16750247655386,97.93079908538449,29392200,ORCL
2023-12-14,97.18476867675781,99.0643289707383,96.75848221414122,98.69617080036593,22865200,ORCL
2023-12-15,100.10099792480469,100.7501218651581,96.26437518663327,96.5840955960715,30212300,ORCL
2023-12-18,101.72866821289062,102.85253133354264,99.7037868412389,100.18820907082409,13473100,ORCL
2023-12-19,102.9397201538086,103.02691260404228,101.53489869427045,101.70929098643417,10108500,ORCL
2023-12-20,100.90514373779297,102.78469681017553,100.808260778053,102.64905918820038,9242000,ORCL
2023-12-21,102.5618667602539,102.62968557125359,101.26361144607934,101.43800373032082,8168000,ORCL
2023-12-22,102.8912582397461,103.17222396429153,102.17431555155488,102.40683610605295,5680000,ORCL
2023-12-26,102.88158416748047,103.32725168267099,102.05806055441748,103.20129718614824,5767400,ORCL
2023-12-27,102.6393814086914,103.01723014553113,102.27121579414245,103.00753963154395,5627400,ORCL
2023-12-28,102.9397201538086,103.28850473813603,102.29059616308112,102.70719956148909,5689100,ORCL
2023-12-29,102.14524841308594,103.58882425951639,101.51549817939912,103.27879439870524,6899700,ORCL
2024-01-02,100.81793975830078,101.41862591072638,99.24841665657875,101.26360726815368,9597500,ORCL
2024-01-03,99.2677993774414,100.15913447873477,98.57023020540437,100.08163254205007,9455600,ORCL
2024-01-04,99.39373016357422,100.13974439121597,99.2096547785301,99.56812242793377,6822300,ORCL
2024-01-05,99.5293960571289,100.4885500166248,99.10310212326551,99.33562272732885,6133800,ORCL
2024-01-08,101.39924621582031,101.50581228660015,98.94806397058808,99.73283286624073,7038700,ORCL
2024-01-09,100.40133666992188,101.22486027536853,100.0719331410998,100.61448360819297,6725200,ORCL
2024-01-10,101.07244110107422,101.21833236990219,99.90532579112686,100.2651825111859,7270500,ORCL
2024-01-11,101.89913177490234,101.96721336653775,100.70283989040352,101.49064222508991,6119000,ORCL
2024-01-12,103.67899322509766,103.77625158597313,102.0936604238493,102.22009555095369,9703800,ORCL
2024-01-16,103.64981842041016,103.73735614109081,102.5313286983319,103.49420652413195,7547200,ORCL
2024-01-17,103.51365661621094,104.55433669393238,102.78420775555558,103.54283338338314,7771500,ORCL
2024-01-18,105.72145080566406,105.89651882721797,103.69845162589787,104.05830831107055,10362300,ORCL
2024-01-19,106.66487121582031,107.19980333639609,106.03268073341367,106.32446323924361,11163800,ORCL
2024-01-22,107.08309173583984,107.6569287006801,106.27583321224745,107.04418690599157,7485300,ORCL
2024-01-23,108.76569366455078,109.59240091786245,106.5578908811018,107.267891061682,9185900,ORCL
2024-01-24,111.17772674560547,112.25731162165154,110.22458441741715,110.31211471639192,11702700,ORCL
2024-01-25,111.84882354736328,112.99649003361928,111.21663306063678,111.74183712251707,8877200,ORCL
2024-01-26,111.49869537353516,112.31568200088633,111.13883124453861,111.49869537353516,5541800,ORCL
2024-01-29,110.6330795288086,111.45005870818231,109.91335871550254,111.0610252439116,7014400,ORCL
2024-01-30,111.03184509277344,111.2652666482906,109.54376319796566,110.25376334726627,8231900,ORCL
2024-01-31,108.63925170898438,111.13882960841256,108.61007494064027,110.69143517968143,7386700,ORCL
2024-02-01,112.36431121826172,112.60746085992517,109.46597164502272,109.81610772264516,7882200,ORCL
2024-02-02,112.61717224121094,113.2979881688835,112.00443790630563,112.64634900663447,6499400,ORCL
2024-02-05,113.20072937011719,113.52168862920098,111.62511726034523,112.36429413632509,8084500,ORCL
2024-02-06,112.1406021118164,113.74538358740337,111.82937091057285,113.54113880724388,4637500,ORCL
2024-02-07,114.0566177368164,114.36784894610477,112.14060501046022,112.62690423874437,7672900,ORCL
2024-02-08,113.48279571533203,114.56238066715717,112.79225165593414,113.88155725032503,4472800,ORCL
2024-02-09,113.44388580322266,114.12470176922513,112.55882504741943,113.85237538282414,5787100,ORCL
2024-02-12,112.6657943725586,113.89127042640315,112.21840000186481,113.07429133739802,5439600,ORCL
2024-02-13,110.56499481201172,111.0804708159352,109.90362755293279,110.6719812377699,8171700,ORCL
2024-02-14,111.12910461425781,111.57649902546984,110.41910445755634,111.187458148661,5946100,ORCL
2024-02-15,109.68965911865234,111.1777336564208,109.48541432134469,111.11938012014369,8455600,ORCL
2024-02-16,108.25993347167969,110.01061368824821,108.20157993790656,109.92307596725107,8936000,ORCL
2024-02-20,105.47830200195312,107.73473017476253,104.72940443862161,107.51103668014582,10975600,ORCL
2024-02-21,105.1962661743164,105.41023162923854,103.59147703020146,103.83462667566317,7865300,ORCL
2024-02-22,107.96815490722656,108.82403886314584,106.6551484972316,108.4349980030599,8957800,ORCL
2024-02-23,108.88240814208984,110.26350376615186,108.64898656041473,108.93104103926055,7504500,ORCL
2024-02-26,107.92925262451172,109.45623191458202,107.8903477955519,108.93102785413055,6342900,ORCL
2024-02-27,108.32801055908203,108.45445310411102,106.78158261575909,107.58884109426288,6593100,ORCL
2024-02-28,108.61981201171875,108.95049197415999,108.05570304249007,108.21132238034836,5278300,ORCL
2024-02-29,108.61981201171875,109.35898902586882,107.60830857665509,108.61981201171875,12193900,ORCL
2024-03-01,110.66224670410156,110.8178660125905,108.46417220388598,108.61979151237492,7605100,ORCL
2024-03-04,110.93457794189453,111.45978200058732,110.28293875475876,110.46773483661475,6588100,ORCL
2024-03-05,107.90007781982422,110.09814504349104,107.34569698265692,109.72856029215869,8242000,ORCL
2024-03-06,109.1936264038086,109.9522594396143,107.63747034383037,108.44472885068505,6706400,ORCL
2024-03-07,111.40142059326172,111.65429825261077,109.21307421355726,110.81786304274124,7670100,ORCL
2024-03-08,109.33950805664062,111.19717452348736,108.48362415389124,110.94429686709039,8312900,ORCL
2024-03-11,111.00265502929688,111.60566872115956,108.13349265775919,108.55171027527071,20438300,ORCL
2024-03-12,124.04521179199219,125.82506138187419,121.18576986871075,122.8002869171952,48536100,ORCL
2024-03-13,122.08056640625,125.27069587484648,121.40947845436534,124.49261406878138,15870300,ORCL
2024-03-14,122.09027862548828,124.29808119699211,121.5164491187444,123.74370039372384,10965900,ORCL
2024-03-15,122.10002136230469,122.55714386246123,120.17427299193706,120.64112355516914,17844900,ORCL
2024-03-18,124.29808807373047,125.41657038371584,123.40329183726969,123.7145230524577,12231400,ORCL
2024-03-19,125.6500015258789,125.6694576511033,123.0239811459056,124.24945732322648,10221000,ORCL
2024-03-20,125.6986312866211,127.10889609640911,124.75520958585999,126.41834465456368,8373300,ORCL
2024-03-21,125.47492218017578,129.1319018935847,125.41656864699155,126.94355535512769,17842400,ORCL
2024-03-22,124.2883529663086,125.66944836198772,124.05493142323289,125.47491680547336,6660000,ORCL
2024-03-25,122.6252212524414,124.1716493131395,122.59604448455468,124.1716493131395,7446100,ORCL
2024-03-26,123.00453186035156,123.4616543365781,122.39179006441489,123.27685824950672,7063900,ORCL
2024-03-27,121.83740997314453,124.31753909883635,121.05933563081949,123.84096791488273,8115900,ORCL
2024-03-28,122.16809844970703,122.7127512364075,121.7693295020601,121.95412559197821,6587400,ORCL
2024-04-01,122.0416488647461,122.80999506057364,121.14685270925716,122.10000239345786,4133600,ORCL
2024-04-02,120.93289184570312,121.5067288093969,120.04783108451997,121.09823922731238,4862400,ORCL
2024-04-03,122.78083038330078,122.94617776482298,120.66056539411585,120.85508954286621,7430000,ORCL
2024-04-04,120.78700256347656,124.48287218099064,120.63138325141085,124.10355938325199,7588300,ORCL
2024-04-05,121.47754669189453,122.54740349228354,120.73836979948476,121.01069617554698,4899500,ORCL
2024-04-08,120.9426040649414,121.69150895432857,120.36877459675591,121.57479448030631,6119200,ORCL
2024-04-09,120.24009704589844,121.72321429732274,118.29837468038934,121.33291793296351,5564100,ORCL
2024-04-10,118.7959976196289,120.09372981146525,118.37643034874512,118.40570127206293,4509900,ORCL
2024-04-11,120.2498550415039,120.8157844257711,118.41547171530624,118.76673771628005,7315200,ORCL
2024-04-12,118.17152404785156,118.88380798177087,117.49826304804321,118.78623575792646,6196900,ORCL
2024-04-15,116.97137451171875,119.49853776651698,116.54205519975515,119.21557308119769,5101500,ORCL
2024-04-16,117.69342041015625,118.49352459372113,116.84452639025979,117.17627345560636,7000000,ORCL
2024-04-17,115.79071807861328,118.10321764977138,115.73217623568982,118.04467580684792,5366600,ORCL
2024-04-18,113.18550872802734,115.87854533043846,112.89278460705175,115.87854533043846,6662400,ORCL
2024-04-19,112.09268951416016,113.93683227034838,111.68288166707038,113.30260903073602,8251500,ORCL
2024-04-22,111.75117492675781,113.51725679127608,111.56578248554233,113.21478065605812,7125500,ORCL
2024-04-23,112.2975845336914,113.04890630473501,111.96583747738494,112.37564529198129,5494800,ORCL
2024-04-24,112.54151153564453,112.92205584660519,111.11693628833952,112.58054191226314,5791800,ORCL
2024-04-25,112.10244750976562,112.20001974195092,110.04364140023385,110.87301654023517,6796600,ORCL
2024-04-26,114.36615753173828,116.31763195243707,113.33187847093885,114.20028399260708,8355100,ORCL
2024-04-29,113.66361236572266,114.46371648763628,112.49273082682383,114.15148091431104,4994100,ORCL
2024-04-30,110.9901123046875,112.71716396352583,110.93157045179672,112.29759664781146,6234700,ORCL
2024-05-01,111.84874725341797,113.92707215522842,110.89252901155041,111.14622275592258,5583600,ORCL
2024-05-02,112.17073822021484,113.00011328186703,111.48772521515622,112.43419141093992,5001000,ORCL
2024-05-03,112.99036407470703,113.3904124320886,112.27807268522564,113.16599705812136,4485000,ORCL
2024-05-06,115.4687271118164,115.48824602299895,113.36113880539106,113.5075008621264,6052400,ORCL
2024-05-07,115.06867980957031,116.23956138552568,114.4442086431563,115.13698111076297,6437700,ORCL
2024-05-08,114.54177856445312,115.1174673294612,114.26857336517473,114.8540141413832,4636000,ORCL
2024-05-09,113.80998229980469,114.87353968039955,113.6733796922837,114.54178517336017,3236200,ORCL
2024-05-10,113.8392562866211,114.77596309666107,113.09770138135025,114.30761341378307,4122500,ORCL
2024-05-13,113.54653930664062,114.34664350344599,113.38065832693842,114.2880942100224,4140000,ORCL
2024-05-14,117.93734741210938,119.57658605810641,113.31234814115994,113.67337355255644,17811200,ORCL
2024-05-15,118.67890167236328,119.12773984837479,116.76645783550777,117.25432638912244,6604600,ORCL
2024-05-16,119.19606018066406,119.4790174183004,118.2691053721074,118.98139680511865,5159300,ORCL
2024-05-17,120.50354766845703,120.58160843333204,119.11800259120503,120.1913120532413,6179400,ORCL
2024-05-20,121.49879455566406,121.65491608308832,120.24985211340652,120.79627001510731,5989000,ORCL
2024-05-21,121.60612487792969,122.3184163113,120.91335235741012,121.44025134011882,5549500,ORCL
2024-05-22,121.57685089111328,122.12326877291159,120.30839702627141,121.60612181536814,5705000,ORCL
2024-05-23,121.0792236328125,123.62589827951034,120.171795197879,123.47954365728489,6108600,ORCL
2024-05-24,119.92786407470703,120.51330491194955,118.47401027167575,120.4254846920069,7173400,ORCL
2024-05-28,121.4695053100586,121.79150032859408,120.02541862060505,120.24983397707545,6911400,ORCL
2024-05-29,120.73771667480469,120.91334966513026,119.7912504182883,120.0059137891622,4735100,ORCL
2024-05-30,114.24905395507812,118.493516313684,114.19051211099804,117.25432602257783,10839600,ORCL
2024-05-31,114.34664154052734,114.57105692123281,111.77069600262811,113.76119328204528,12755600,ORCL
2024-06-03,116.38592529296875,116.4347151278603,114.49299285228805,114.67838529173557,7256300,ORCL
2024-06-04,117.15676879882812,117.44949294526823,115.83952502841613,116.13224173057198,7368000,ORCL
2024-06-05,119.65465545654297,119.81077698871522,117.58609726525137,118.6984371269833,5973700,ORCL
2024-06-06,120.50354766845703,121.25486205859715,119.2838761333512,119.8985879071022,7347200,ORCL
2024-06-07,122.86482238769531,123.15754651576061,120.27911740406442,121.19631272400417,11545000,ORCL
2024-06-10,121.47928619384766,123.86983945047068,121.04020741423423,122.67944627269367,10164700,ORCL
2024-06-11,120.87432861328125,121.80128347320489,119.32290994924183,121.04020960448483,18373900,ORCL
2024-06-12,136.97398376464844,137.53991308953107,130.70975314507922,131.42203708477328,40871300,ORCL
2024-06-13,136.4568328857422,138.94495046128424,135.4030350813471,137.02274727482734,13733200,ORCL
2024-06-14,134.778564453125,136.57391706482076,134.04676166034582,135.88113720335414,11330800,ORCL
2024-06-17,137.8813934326172,138.0082440072752,134.8956405873214,135.4322989163764,11232800,ORCL
2024-06-18,141.130615234375,141.5404230346425,137.79359609913965,137.79359609913965,11629400,ORCL
2024-06-20,139.44261169433594,141.7941420017034,138.50589739865762,141.7941420017034,8940000,ORCL
2024-06-21,138.0668182373047,140.23295608200726,137.03253915423508,140.23295608200726,14844100,ORCL
2024-06-24,136.495849609375,138.0960577087789,135.74452794355918,136.60318127592012,7793300,ORCL
2024-06-25,135.7933349609375,136.16411983567687,134.22239758186691,135.62746143501914,8205500,ORCL
2024-06-26,134.87612915039062,137.3349907015544,134.72977454734286,136.10556737025547,8036300,ORCL
2024-06-27,136.77882385253906,137.98874325464624,135.44206874765024,135.871395467384,7518200,ORCL
2024-06-28,137.7740936279297,139.35479806165446,135.89092792423799,136.05680146638426,25814800,ORCL
2024-07-01,139.6182098388672,140.56467596118284,137.64723173277324,138.25218393478565,6552400,ORCL
2024-07-02,139.80361938476562,140.7208146992459,139.09133542528164,139.16939618487226,5920500,ORCL
2024-07-03,140.87693786621094,141.1403761832721,140.0182843892384,140.26221868259944,3560800,ORCL
2024-07-05,141.31600952148438,142.25270882336395,140.52566483284633,141.43309321207758,5365500,ORCL
2024-07-08,141.51113891601562,141.70628334243563,139.94995372752487,141.24768575163768,8622600,ORCL
2024-07-09,137.26669311523438,142.1648977056565,134.65172473785208,141.60873528031593,14334200,ORCL
2024-07-10,138.62298583984375,138.92546197808494,136.34951646431256,137.69602362450132,6350300,ORCL
2024-07-11,139.68951416015625,140.39402960275052,138.63274099626486,139.29812332787196,5245100,ORCL
2024-07-12,141.6562957763672,142.00855350541758,138.2217791854749,139.64060457759126,7361800,ORCL
2024-07-15,139.9928741455078,143.43715564238252,138.86759925420554,142.59565182574278,8687800,ORCL
2024-07-16,139.54273986816406,140.41359712067796,138.99478675610172,139.99285274198814,7181500,ORCL
2024-07-17,136.2648162841797,138.740400317347,135.69728902530653,137.45857794411876,9157000,ORCL
2024-07-18,135.06126403808594,137.0476018164844,134.24911379938735,136.36266032920986,5998700,ORCL
2024-07-19,135.57986450195312,137.4194344483003,135.1101924692747,135.3743895197959,6111900,ORCL
2024-07-22,137.1552276611328,137.65425322726503,136.12780803146893,136.7344832499906,5387200,ORCL
2024-07-23,140.0320281982422,140.13966294427587,138.17289887286825,138.26095959309387,6697400,ORCL
2024-07-24,135.78533935546875,139.59167264763252,135.42328716176573,138.65231375585037,8018800,ORCL
2024-07-25,134.85577392578125,138.03587290972442,134.7383447335641,137.13564713533916,7654600,ORCL
2024-07-26,136.02017211914062,136.94975149488343,135.4037322912207,135.88318383175803,5139400,ORCL
2024-07-29,135.33522033691406,136.77360470977987,134.85576883302704,136.27457918616204,4054600,ORCL
2024-07-30,132.75201416015625,136.56814209995974,132.05729316826273,136.07889607669804,6505700,ORCL
2024-07-31,136.45071411132812,138.5055533994868,135.67771195718692,136.6855575795932,7188000,ORCL
2024-08-01,134.55245971679688,137.37052208650732,132.8498928106021,136.29417467290781,5906800,ORCL
2024-08-02,130.41343688964844,131.41150309637186,128.96527264011254,129.91441125158963,8251600,ORCL
2024-08-05,125.11000061035156,127.17461954034361,123.93581307546707,125.13935417892834,10355000,ORCL
2024-08-06,125.45249938964844,128.22161935016916,125.3252906178863,127.73237321952342,8373900,ORCL
2024-08-07,123.1921615600586,127.49752845657257,123.0453862464258,126.14720452951398,8617700,ORCL
2024-08-08,126.18634796142578,127.0278517658234,124.90451823223279,125.2469889746499,6243200,ORCL
2024-08-09,129.21966552734375,129.52299569224098,125.57967368736747,125.6383808250115,5597300,ORCL
2024-08-12,129.72845458984375,129.85566331139657,128.38792549877581,129.40555047939506,5600800,ORCL
2024-08-13,131.37232971191406,131.64630627572845,129.95351930703174,130.11008160938366,4324000,ORCL
2024-08-14,132.68353271484375,133.04557000854567,131.1277189522398,131.1570725203451,4044600,ORCL
2024-08-15,133.98489379882812,134.29801838543216,132.80092691591156,133.98489379882812,4698100,ORCL
2024-08-16,134.5133056640625,134.8557838598028,133.45653243987977,133.8479232944938,4893800,ORCL
2024-08-19,134.95361328125,134.9829668464609,133.52502333897644,134.57200200290538,3641600,ORCL
2024-08-20,136.17674255371094,136.7834028725198,134.85578718882672,134.85578718882672,3738300,ORCL
2024-08-21,137.18458557128906,137.28244075077566,135.57007962398916,135.8147026421015,3776800,ORCL
2024-08-22,135.1101837158203,138.0456598584365,134.68942437146472,137.6738281025786,5162200,ORCL
2024-08-23,136.19630432128906,136.78339056487732,134.3078069911026,135.74619143032862,4544600,ORCL
2024-08-26,135.91253662109375,136.40178263474866,135.21781564284169,136.3920030894928,2729600,ORCL
2024-08-27,135.5015869140625,136.49965307409846,134.7775122884682,134.8851470207329,3872200,ORCL
2024-08-28,134.91448974609375,135.9614684843271,133.96535125530622,135.84405421515055,3022600,ORCL
2024-08-29,136.42135620117188,138.12393769803353,135.863623511378,136.14737962888657,4588400,ORCL
2024-08-30,138.25112915039062,138.67188847746894,137.0867362033392,137.31178518446305,7980700,ORCL
2024-09-03,136.4996337890625,139.14155919885923,135.84404594174796,137.42919820150541,6831200,ORCL
2024-09-04,137.7227783203125,138.06525656546518,134.98299715090974,135.46246370800225,6243300,ORCL
2024-09-05,139.54273986816406,140.19832769371027,137.29220536024872,138.35875801984167,8733200,ORCL
2024-09-06,138.7599639892578,140.84415696524235,136.40179441641016,140.6973741901055,11154800,ORCL
2024-09-09,136.88124084472656,140.21790203988797,136.50940911898937,139.42532593448186,20233400,ORCL
2024-09-10,152.53713989257812,157.06756330189265,149.82671247025644,150.9128393484716,37374200,ORCL
2024-09-11,153.79937744140625,156.01077909022553,151.50970956538654,153.4079865829873,12630100,ORCL
2024-09-12,157.9090576171875,158.8484016586133,154.503894407857,155.61937478867785,16161300,ORCL
2024-09-13,158.54507446289062,170.19891900827304,157.5372287899252,169.9640755282269,25727800,ORCL
2024-09-16,166.66656494140625,170.24784969147498,160.9717336243522,161.4414205929744,27384400,ORCL
2024-09-17,163.86807250976562,166.96989066237896,163.18313102869405,166.61763291059864,12580100,ORCL
2024-09-18,160.9912872314453,164.0148239218258,160.20849064694926,164.0148239218258,12274400,ORCL
2024-09-19,163.9854736328125,164.54322124948843,160.97171642717885,163.65278993020053,10075900,ORCL
2024-09-20,164.3866424560547,165.19879254081337,163.01675974116162,163.53535926398555,12187700,ORCL
2024-09-23,162.38076782226562,163.73109175471774,160.7271137149827,163.63323656837,7916100,ORCL
2024-09-24,162.23397827148438,162.5275288606545,160.39440851458107,162.17527113977098,6155100,ORCL
2024-09-25,162.70367431640625,165.1205511333698,162.09701395818405,164.08335183811036,7142400,ORCL
2024-09-26,164.48452758789062,164.73893015826306,162.89936023687997,164.04419419946268,7096800,ORCL
2024-09-27,165.11074829101562,165.47278555944112,162.92870034350184,164.47471952172916,8974400,ORCL
2024-09-30,166.73504638671875,166.85247559048676,162.87000561217124,165.8544094767829,10210300,ORCL
2024-10-01,163.56471252441406,166.84265148991386,162.400304753609,166.55889540328323,7595100,ORCL
2024-10-02,164.10292053222656,165.54129021700655,163.67238160917194,163.9952858014629,7073000,ORCL
2024-10-03,163.27120971679688,164.24970192055795,162.66454932825897,163.3005632884612,4735700,ORCL
2024-10-04,167.18515014648438,167.22428325852394,164.55300417636627,165.08139823782386,6386900,ORCL
2024-10-07,166.3142852783203,168.62352697949183,165.90332043284948,166.75460368913883,6791000,ORCL
2024-10-08,170.6196746826172,170.88387174874225,166.7742076262224,166.9307699565636,7845400,ORCL
2024-10-09,174.45535278320312,174.76847742699732,170.0717122843179,170.80558137128014,8120900,ORCL
2024-10-10,172.0232391357422,174.85743927101666,170.81697683813516,174.21998030047004,7115900,ORCL
2024-10-11,172.3762969970703,173.58254438673723,171.0327383140294,172.11150587498523,5869400,ORCL
2024-10-14,172.7195281982422,173.79829574583374,172.11150374278733,173.14123368109247,4688700,ORCL
2024-10-15,170.72874450683594,174.77900910148347,170.39531266625892,173.52372396645774,5848600,ORCL
2024-10-16,171.3955841064453,171.5328804191806,168.3260126580786,170.15010079251934,6383000,ORCL
2024-10-17,172.28802490234375,174.31806525008676,171.75845761746774,174.07289216253392,5474000,ORCL
2024-10-18,171.31712341308594,173.55310043979358,171.2092466721406,173.38638456090996,5001300,ORCL
2024-10-21,170.40509033203125,171.7682520438325,169.816683924767,171.08177041993565,4198400,ORCL
2024-10-22,171.92515563964844,172.45473783362115,170.91504382112493,172.06245195583097,5510100,ORCL
2024-10-23,169.75782775878906,172.67048482343418,169.66955408700014,171.13079086891528,4830400,ORCL
2024-10-24,171.01312255859375,171.57210937023112,169.57150372685712,169.9735911483187,3488000,ORCL
2024-10-25,170.16973876953125,172.88624577301698,169.75784978305518,171.4054057289594,3674700,ORCL
2024-10-28,169.09095764160156,170.80716909627782,168.81636500598745,170.68949081363644,4330000,ORCL
2024-10-29,170.08145141601562,170.6600712220094,168.96346283853092,168.96346283853092,4122900,ORCL
2024-10-30,171.18963623046875,172.75874981123303,169.45380676342688,170.6208329315461,5822500,ORCL
2024-10-31,164.59938049316406,167.58069325594983,164.16787351716803,167.22764345415086,9477500,ORCL
2024-11-01,166.73731994628906,168.94387776567336,165.8350847669533,166.86479977799027,5680600,ORCL
2024-11-04,166.31558227539062,167.18839771209366,165.47218640678742,167.02168183813635,4804400,ORCL
2024-11-05,168.46331787109375,168.5711946199548,167.0315155289485,167.1786133845879,5456800,ORCL
2024-11-06,177.7406768798828,178.5840728518983,173.99442513129543,175.0731926411444,11085000,ORCL
2024-11-07,182.77162170410156,183.06583239102827,177.05418371989313,177.58376594919665,7759400,ORCL
2024-11-08,185.5960235595703,186.48845717178773,182.6637481040748,182.6637481040748,8520400,ORCL
2024-11-11,185.4783477783203,187.8025838446758,184.21324627483187,187.36127528278493,5973600,ORCL
2024-11-12,185.91966247558594,186.92977442593707,183.58560983169434,184.8997340243988,6629900,ORCL
2024-11-13,185.96868896484375,188.06736992582577,185.14489604533017,185.35084801625288,5695400,ORCL
2024-11-14,183.43850708007812,185.92945906510803,183.10507527244488,185.01742236231516,7804300,ORCL
2024-11-15,180.19239807128906,182.21262169710047,178.80961841759932,180.9573368235055,8986300,ORCL
2024-11-18,182.1439971923828,182.5853057842241,179.349032801269,180.74161422832609,6289400,ORCL
2024-11-19,185.25277709960938,185.66468105101742,180.76121934944834,181.32020620205486,8117000,ORCL
2024-11-20,187.06707763671875,187.28283116454807,184.1936560516315,187.2141755128848,4860200,ORCL
2024-11-21,188.71463012695312,192.25493026659095,187.93988972020938,188.23410043113958,11394300,ORCL
2024-11-22,188.57730102539062,190.4504267632091,187.37105378075668,189.27359908813872,6879400,ORCL
2024-11-25,184.3603515625,190.98982614851016,184.3603515625,190.7446530725814,15138500,ORCL
2024-11-26,186.6943817138672,188.68518581483613,184.68397454180374,184.68397454180374,6427200,ORCL
2024-11-27,179.17247009277344,185.31161312094582,178.70174200534214,185.31161312094582,8368800,ORCL
2024-11-29,181.2711639404297,182.34011497253775,180.44738598710845,180.45718752315614,4628000,ORCL
2024-12-02,177.9073944091797,181.71247037197148,177.50530697325217,181.71247037197148,8859700,ORCL
2024-12-03,179.35882568359375,179.50592355238334,175.65180974831742,177.68183515850308,8917100,ORCL
2024-12-04,184.5564727783203,186.12557136458705,182.3106791963016,184.3701388607355,8906300,ORCL
2024-12-05,182.64414978027344,185.3704733329943,182.261680359976,185.3704733329943,6398100,ORCL
2024-12-06,187.98892211914062,188.91077533787245,182.78144804755763,183.38947252621992,10503400,ORCL
2024-12-09,186.77284240722656,194.48108435441262,185.28218594627734,192.5098982516022,20158000,ORCL
2024-12-10,174.30824279785156,174.36708193753552,167.75721090314715,170.1108812397364,26502000,ORCL
2024-12-11,175.1320343017578,177.8779757592419,171.45443814374622,174.56323096695078,13188700,ORCL
2024-12-12,171.9349822998047,174.7299463938712,171.4348196465868,174.56323049752422,8154200,ORCL
2024-12-13,170.042236328125,172.73914013773572,168.32602481291818,171.62115152068236,8351100,ORCL
2024-12-16,167.92393493652344,170.9052478480546,167.6297242596494,170.48354238622724,9572000,ORCL
2024-12-17,166.4333038330078,169.649973515468,166.0017968085499,167.45321728376302,8940200,ORCL
2024-12-18,162.21632385253906,167.92394550058341,162.16728624261233,166.13909321983576,8817900,ORCL
2024-12-19,165.53106689453125,167.69840372575186,164.1679050300645,164.3150178714891,8386400,ORCL
2024-12-20,166.38424682617188,167.95334541088476,162.43205834844963,164.49150304666827,13810500,ORCL
2024-12-23,165.87429809570312,166.34502621845226,163.94233303178575,166.31560664604152,6518200,ORCL
2024-12-24,168.10047912597656,168.4535289701679,165.76642654692407,166.42348862502337,2451500,ORCL
2024-12-26,168.365234375,169.21844678826358,167.20802472976263,167.20802472976263,4100100,ORCL
2024-12-27,165.69778442382812,167.84548807946763,163.9717563275921,167.09036575154192,4344300,ORCL
2024-12-30,163.68736267089844,164.6680550145537,161.37292814130498,163.2950767549298,5254800,ORCL
2024-12-31,163.42257690429688,164.06983746372586,162.63802001082342,163.97176224047487,4307500,ORCL
2025-01-02,162.8243408203125,165.43298592087842,161.71615373652978,165.26627002614438,5360800,ORCL
2025-01-03,163.10874938964844,163.97174843203382,162.07901948894158,163.48140228542835,5876000,ORCL
2025-01-06,162.49090576171875,164.80534013388217,162.00055962324492,164.07962246183737,6845400,ORCL
2025-01-07,158.9015655517578,162.95182937055358,158.2052824277052,162.38302606454965,7712200,ORCL
2025-01-08,159.99012756347656,160.81390543373996,158.31313728942013,159.04865645162153,7596200,ORCL
2025-01-10,151.88938903808594,156.5099693937453,151.319187589802,156.5099693937453,13593900,ORCL
2025-01-13,151.3191680908203,151.54527751499958,149.8445140183385,151.14221680258183,8828500,ORCL
2025-01-14,153.66880798339844,154.59292708600566,151.74193474903223,153.7769498996814,7410200,ORCL
2025-01-15,155.63497924804688,156.46078187979572,154.60271845788276,155.98889680464725,10701200,ORCL
2025-01-16,156.84422302246094,158.771111220356,155.73332699599857,157.44391636457,9210600,ORCL
2025-01-17,158.3090362548828,160.4030499341501,157.82731050210106,159.03653769768346,11618300,ORCL
2025-01-21,169.654052734375,170.44052295199623,159.99997630320857,161.1010466086446,30232000,ORCL
2025-01-22,181.10720825195312,188.7459215977709,177.51888884934385,188.27402142901556,48028500,ORCL
2025-01-23,183.31918334960938,183.4174996316196,178.4331611526797,178.5707949469189,17314600,ORCL
2025-01-24,180.4976806640625,185.90474608154744,178.7969020138727,185.4525121916634,12147200,ORCL
2025-01-27,155.60549926757812,169.60488757580373,150.08046671238645,166.04604548424487,42201600,ORCL
2025-01-28,161.22885131835938,163.0279311545267,154.10135636678555,160.23592293924344,20319300,ORCL
2025-01-29,159.28231811523438,161.2583493212904,157.30627190822025,161.2583493212904,9866600,ORCL
2025-01-30,167.5010528564453,168.59229751882845,161.32716873082316,161.9956714063946,14981700,ORCL
2025-01-31,167.1864471435547,170.07677155745887,166.27216880905203,167.5305390979555,8704600,ORCL
2025-02-03,165.75112915039062,167.02915072076945,160.44236531583016,160.44236531583016,8250600,ORCL
2025-02-04,165.05311584472656,167.5206982833025,163.53914424915664,167.5206982833025,6777000,ORCL
2025-02-05,168.75941467285156,168.98552409571485,165.67247276579423,166.13453223922585,7866700,ORCL
2025-02-06,169.43775939941406,172.68198636712427,168.67094047966907,170.07677016554922,7036900,ORCL
2025-02-07,171.51210021972656,174.39258387278443,170.25371498795872,172.04296906671158,9991300,ORCL
2025-02-10,175.89674377441406,176.9486709266105,171.96433273988401,173.02608551932204,7625900,ORCL
2025-02-11,174.19598388671875,176.0933650505519,173.46848242959837,174.6187108814123,6528800,ORCL
2025-02-12,169.3099822998047,171.93486523744514,167.82550232411612,171.93486523744514,7454800,ORCL
2025-02-13,170.9222412109375,171.43345883072504,169.1919858067544,170.07677226323227,6421700,ORCL
2025-02-14,171.2171630859375,172.07245760093107,169.88996849284888,171.30563872522177,7260900,ORCL
2025-02-18,176.7618865966797,179.16065983095666,173.1145686050291,173.7634200538335,11430500,ORCL
2025-02-19,178.4528045654297,178.61008959517,172.7311397067222,175.56248025543985,8688500,ORCL
2025-02-20,173.0260772705078,177.22393005000907,171.48259881257863,176.77169620217649,8737000,ORCL
2025-02-21,164.9744873046875,173.89123737877222,164.71888596334122,173.144069610137,9713900,ORCL
2025-02-24,167.08815002441406,171.2270042022199,161.87770244816252,170.63715155267437,10639100,ORCL
2025-02-25,165.692138671875,167.71734303286104,161.6614262080117,166.42946576902833,8316100,ORCL
2025-02-26,169.5557403564453,170.93207826989584,166.27218061938606,168.09091179066294,6915100,ORCL
2025-02-27,161.97601318359375,171.90535754096777,161.79906187868167,170.07678571875095,7436800,ORCL
2025-02-28,163.25404357910156,163.34251922816793,158.09275403682113,160.3538934079165,12843300,ORCL
2025-03-03,159.28231811523438,164.29613333985597,158.40735723283646,164.12900766579773,8081800,ORCL
2025-03-04,154.8092041015625,157.06050298564185,150.92595091669762,156.52963405696732,13171900,ORCL
2025-03-05,158.830078125,159.74437148435152,154.3962901162803,155.3892184949057,7141000,ORCL
2025-03-06,148.38954162597656,154.50444234894061,147.19998061676162,154.50444234894061,12321200,ORCL
2025-03-07,152.53822326660156,153.83591107038075,145.99075548115633,148.07492846953724,12646500,ORCL
2025-03-10,146.27586364746094,149.94284800836766,144.31949861407165,147.98646797401963,21486100,ORCL
2025-03-11,141.74375915527344,143.31672968727833,135.3732570024752,140.9966064030984,27200200,ORCL
2025-03-12,148.34039306640625,149.65774732629285,142.5597433276759,143.75913004218742,15373900,ORCL
2025-03-13,145.16494750976562,147.6325298732905,143.02177583467255,147.2589460489723,14187700,ORCL
2025-03-14,146.7477569580078,148.33055304233608,145.3812446865163,146.40366498277896,9330000,ORCL
2025-03-17,151.40765380859375,153.11825804682934,147.85865217132235,147.85865217132235,9885000,ORCL
2025-03-18,146.9246826171875,149.84449857995122,146.11854627445078,149.79534044907516,9402500,ORCL
2025-03-19,149.8740234375,151.46666022279646,147.46542450412437,147.52440827377265,6909500,ORCL
2025-03-20,150.13946533203125,151.87956154063886,148.27157595623143,149.0187287063596,7051600,ORCL
2025-03-21,149.65773010253906,151.2405261583188,147.57355703565804,149.08752869725018,17620200,ORCL
2025-03-24,152.2530975341797,153.95387586272105,151.4272949359137,153.6982595816229,7848300,ORCL
2025-03-25,151.32901000976562,152.9708049213938,150.46388972808785,151.89921144596156,8521200,ORCL
2025-03-26,145.3026123046875,150.44423629564005,144.0835593025992,150.30660248903007,13210000,ORCL
2025-03-27,143.31671142578125,144.5554154362516,142.47124249772654,143.38553581573024,9148300,ORCL
2025-03-28,138.4896697998047,143.18889941245288,136.75941448249304,141.35050220024948,13144500,ORCL
2025-03-31,137.44760131835938,138.2144203092593,134.44913475088737,136.29737283200947,15509900,ORCL
2025-04-01,139.54159545898438,140.82945755726078,136.4153211661165,137.39842383667332,9518500,ORCL
2025-04-02,143.39537048339844,145.39106790435034,137.496753869521,137.496753869521,11594400,ORCL
2025-04-03,134.9112091064453,139.01074647042685,134.33118198561647,136.8970811991543,14433800,ORCL
2025-04-04,126.10259246826172,131.55881566715408,124.80488965297604,130.6641885748851,14986900,ORCL
2025-04-07,125.0113525390625,131.84391382893767,116.8515965018128,116.8515965018128,19482700,ORCL
2025-04-08,122.39629364013672,130.74284147425465,119.64360291149231,130.30043323141575,11950300,ORCL
2025-04-09,137.3296356201172,138.214422159629,121.31488974795565,121.31488974795565,17762000,ORCL
2025-04-10,131.56768798828125,134.82356908642996,127.53234231906033,134.82356908642996,12401600,ORCL
2025-04-11,130.5810546875,131.22236095594837,127.11795868431392,130.3442570374595,10190200,ORCL
2025-04-14,132.84042358398438,134.97155699692487,131.09407689381015,134.97155699692487,8217700,ORCL
2025-04-15,132.14981079101562,134.65585548307646,131.9327500238081,132.95884315118803,8630000,ORCL
2025-04-16,128.02566528320312,130.76850751711848,126.14119762654246,130.51198801097829,8295200,ORCL
2025-04-17,126.90091705322266,129.5451051850681,126.72333008007207,129.15044237554432,8925500,ORCL
2025-04-21,121.17842102050781,125.4998764232285,119.61953706372185,125.19402220759633,12201200,ORCL
2025-04-22,125.53934478759766,126.27932050412906,121.74080428155419,122.83596894421446,11233700,ORCL
2025-04-23,129.64373779296875,134.05399420932457,129.2392291816511,133.1068337354536,9528900,ORCL
2025-04-24,135.67208862304688,136.01741667912805,130.2357385910004,130.7389167067211,7305900,ORCL
2025-04-25,136.6389923095703,137.14217039270582,134.9321040975684,135.6523579901983,5476400,ORCL
2025-04-28,138.2669219970703,138.78983694066062,136.23445786842214,137.78346579900744,6985100,ORCL
2025-04-29,138.90823364257812,139.2732985634342,137.68481677060615,137.9413362636354,4851500,ORCL
2025-04-30,138.8391876220703,139.41143735447793,133.75802671641424,136.62912124741115,9443500,ORCL
2025-05-01,143.54544067382812,146.6533329339048,143.39743648463423,144.60113162681816,11525800,ORCL
2025-05-02,148.7153778076172,151.01423744020212,146.34746160534505,146.34746160534505,11346000,ORCL
2025-05-05,147.29461669921875,148.80418091262425,146.53491918611059,147.44262086574736,5187400,ORCL
2025-05-06,145.72589111328125,146.94932313230842,143.77235930720252,145.01551317382618,5108600,ORCL
2025-05-07,147.37355041503906,147.89646535360714,145.27202973819058,145.52854921876468,6049600,ORCL
2025-05-08,148.29115295410156,149.7809654745707,146.62373841356376,147.05785995723585,6113600,ORCL
2025-05-09,148.3306121826172,149.77110503171852,147.78796025128293,148.03461885144884,4707100,ORCL
2025-05-12,155.11865234375,155.32583712470986,152.3560731771378,154.2208114800031,7875500,ORCL
2025-05-13,160.10113525390625,161.0384347294516,155.4639575421215,156.1052637477991,11955200,ORCL
2025-05-14,160.7720489501953,161.22590733193414,158.9073108091758,160.18993835251354,7499400,ORCL
2025-05-15,157.26950073242188,159.57823642633215,156.78605956256862,159.20331057636872,10169200,ORCL
2025-05-16,158.34494018554688,158.69025314882717,156.40126945976465,157.8614839711413,8515500,ORCL
2025-05-19,157.5063018798828,159.80516164677013,155.72049617357055,156.18421550729025,10268900,ORCL
2025-05-20,158.16734313964844,158.2166778659029,155.4245009741613,156.50980473238056,7576400,ORCL
2025-05-21,155.0791778564453,158.7494587943099,154.3688149842945,156.23355327894782,6011000,ORCL
2025-05-22,155.20745849609375,157.0623360267662,154.72401726447765,154.881867330294,7603300,ORCL
2025-05-23,153.88536071777344,155.27651876392906,152.19820935575666,152.91846327048273,6527500,ORCL
2025-05-27,159.74595642089844,160.22939757250563,156.79591456798101,157.19057730432203,6976800,ORCL
2025-05-28,161.66004943847656,162.1237688021915,159.12439185157376,159.7065025235237,8090700,ORCL
2025-05-29,160.72271728515625,163.11038547757616,159.33157439987042,162.7946552834285,6994700,ORCL
2025-05-30,163.31756591796875,163.53462665698393,159.3907658250608,161.24562797458526,17547900,ORCL
2025-06-02,164.3436737060547,164.7679192058285,160.42673454210347,161.97574248096882,7166000,ORCL
2025-06-03,166.8793182373047,167.06678115559555,164.36339786178155,164.57059768064093,7155300,ORCL
2025-06-04,165.8532257080078,168.2014050177266,165.33031075276645,167.44170747435726,6375800,ORCL
2025-06-05,168.85260009765625,169.9576257392844,166.50440555435117,166.741203215348,7707800,ORCL
2025-06-06,171.69410705566406,172.45380463582316,170.35228379019696,171.6743701540829,6833700,ORCL
2025-06-09,174.78225708007812,176.3312801295486,171.46716528949727,172.5228711978387,9668900,ORCL
2025-06-10,175.10784912109375,175.47291404474413,171.9506224122258,175.33478584669504,11056700,ORCL
2025-06-11,174.02256774902344,177.15019676505665,173.84496574130188,175.17692810725563,18002900,ORCL
2025-06-12,197.188720703125,199.78357358364636,186.3554809141371,187.42104770475223,54610000,ORCL
2025-06-13,212.34344482421875,213.70500503715706,198.51082709919737,198.88575296765177,53707400,ORCL
2025-06-16,208.2785186767578,212.2941126791482,207.1734779601952,210.3504417924773,22665300,ORCL
2025-06-17,205.39752197265625,212.99461814964835,204.7068809715237,207.8443858835897,17819200,ORCL
2025-06-18,208.0515899658203,211.85013840686045,206.76897729675375,208.26865073701381,15055400,ORCL
2025-06-20,202.42774963378906,210.94240812843816,201.90483467955985,210.49842572171352,20879100,ORCL
2025-06-23,204.2727508544922,204.4996875741001,199.83289667822766,202.76320163894977,13418400,ORCL
2025-06-24,212.39276123046875,213.47804988287206,205.7625778030982,207.1833335453696,19030600,ORCL
2025-06-25,207.90357971191406,214.03057024917635,207.42012348793367,212.0671776385006,11804600,ORCL
2025-06-26,209.9755096435547,211.55411542066412,207.548382749024,209.16646232709647,10531100,ORCL
2025-06-27,207.42999267578125,211.78103832979573,207.15373628679126,210.83387786892834,14127500,ORCL
2025-06-30,215.70787048339844,225.16969018696008,215.46121189849947,223.47267791846755,31844200,ORCL
2025-07-01,216.03346252441406,220.1871846807494,213.41887248065672,216.368914588115,16962200,ORCL
2025-07-02,226.90614318847656,228.8004791635083,213.82337830395562,214.77053876404943,22326900,ORCL
2025-07-03,234.1480712890625,234.8091144973219,228.10985882665406,230.10286443003844,18441400,ORCL
2025-07-07,229.15570068359375,232.10574296396433,226.4325951550683,231.9676147499416,16584300,ORCL
2025-07-08,231.36573791503906,238.21298220496712,230.07324942117577,233.96059088063424,20401800,ORCL
2025-07-09,232.65823364257812,233.34887464685852,228.89915933978187,232.36224033935946,10871600,ORCL
2025-07-10,232.3517303466797,237.35470561599556,230.86863419553066,237.2360627516906,11486300,ORCL
2025-07-11,227.96176147460938,231.3629977008573,227.2795348367262,228.76263097583427,10208200,ORCL
2025-07-14,226.69618225097656,228.0408566572359,222.583058762791,226.86426466590476,11337000,ORCL
2025-07-15,232.31219482421875,232.9449819311601,226.6170957749119,229.79092827316808,10728800,ORCL
2025-07-16,238.58074951171875,238.61041022932577,230.56214197053632,232.84610774728486,12597500,ORCL
2025-07-17,245.94679260253906,248.76468148719164,239.28274141392723,240.59775522097607,17631300,ORCL
2025-07-18,242.6839599609375,246.86628681585898,242.23903414008782,245.6995917706605,9678100,ORCL
2025-07-21,240.79550170898438,244.01877389725112,240.49889452697786,242.54555951699922,7348400,ORCL
2025-07-22,235.4266815185547,239.5595688475561,232.75711148787346,239.2530647263033,11380900,ORCL
2025-07-23,239.17396545410156,240.676840437667,235.97048743863851,237.24594348427027,7255800,ORCL
2025-07-24,240.093505859375,241.32941937937335,237.84908268274427,239.67824072707577,8237900,ORCL
2025-07-25,242.35769653320312,242.70375835888183,238.70927735192188,239.60902602921834,7149600,ORCL
2025-07-28,244.9185028076172,244.9877061155532,240.67683940534766,243.22776657250375,6756800,ORCL
2025-07-29,247.1629180908203,250.21810769088034,243.81112132391084,245.89734388948094,8415300,ORCL
2025-07-30,247.77593994140625,248.22086577582706,242.8322860326538,245.83802097096813,8441400,ORCL
2025-07-31,250.9102020263672,257.9301811698558,250.46527621443605,252.88766348991334,15548700,ORCL
2025-08-01,241.6655731201172,245.61061432575295,239.2728464658785,245.03714866843114,12718200,ORCL
2025-08-04,249.68417358398438,250.05989609450415,243.12888392325146,243.12888392325146,8614800,ORCL
2025-08-05,252.78878784179688,255.5770006984043,248.5372426196171,252.53172327927768,11197300,ORCL
2025-08-06,253.54022216796875,253.9456054014048,248.88330872555565,253.9456054014048,9930200,ORCL
2025-08-07,246.57957458496094,254.8552616727796,243.74192200551119,254.80580702838208,11954200,ORCL
2025-08-08,247.23214721679688,248.06267749368698,245.06682428382007,247.2123683758704,8313300,ORCL
2025-08-11,249.8324737548828,251.8198321788713,242.79271578112008,245.60070743505537,9012100,ORCL
2025-08-12,250.9991912841797,254.96399619968392,248.25052097890566,249.73361711859312,9998400,ORCL
2025-08-13,241.42828369140625,254.76628293293265,239.9056448711938,254.2719175243548,14182100,ORCL
2025-08-14,242.19949340820312,246.11485876594926,239.83642749722398,242.18959644503747,10285600,ORCL
2025-08-15,245.48207092285156,247.80559423447028,240.19235534286895,244.13739649105324,11554000,ORCL
2025-08-18,246.26319885253906,246.35218100776544,240.8746036767987,243.42553106780278,6759900,ORCL
2025-08-19,231.97601318359375,246.44114947292076,229.61294719833984,246.44114947292076,16819300,ORCL
2025-08-20,232.4110565185547,233.22182300606445,225.67780226891563,229.56350702248955,11256400,ORCL
2025-08-21,230.53248596191406,233.2613776453444,229.81070158717364,230.42372496618847,7403100,ORCL
2025-08-22,233.70628356933594,235.81228490381096,228.85162703164966,231.4223179407648,9343600,ORCL
2025-08-25,232.75711059570312,236.3363111000984,232.618688893512,234.6752506738047,6308600,ORCL
2025-08-26,231.57064819335938,234.24021834621962,230.0875519876776,232.35173889014447,11805200,ORCL
2025-08-27,233.15260314941406,233.864490518973,230.05787097582683,232.35173363036887,5637600,ORCL
2025-08-28,237.61180114746094,239.2234221470116,232.4703887438131,232.88565388346123,8691500,ORCL
2025-08-29,223.58168029785156,235.53543096186135,220.59570932910097,234.9323046252401,16618600,ORCL
2025-09-02,222.7610321044922,222.9093356763415,216.32438552323228,219.49821774230745,10461900,ORCL
2025-09-03,220.931884765625,223.35427210434827,219.25104549509257,223.35427210434827,8900800,ORCL
2025-09-04,220.48695373535156,221.0505374955481,217.08571759567516,219.4982230011123,10303100,ORCL
2025-09-05,230.176513671875,231.9759957296048,223.34438080437408,229.92933099290752,15386100,ORCL
2025-09-08,235.79251098632812,239.68811265353398,232.65823624014922,237.1866249998512,18803000,ORCL
2025-09-09,238.78836059570312,240.7460583644942,231.91668482590836,237.23606114649087,41178700,ORCL
2025-09-10,324.62994384765625,341.8239855426254,308.5729666190129,315.5929607619938,131618100,ORCL
2025-09-11,304.3906555175781,327.26990115738016,301.16741356506026,326.6173351958634,69986000,ORCL
2025-09-12,288.8873596191406,304.49942749254865,288.4622126142947,302.3440015774199,51781900,ORCL
2025-09-15,298.7351379394531,303.5700158537664,293.9397875320376,302.9965652670561,40004000,ORCL
2025-09-16,303.1943054199219,316.36420742297906,298.86365952195234,310.52080454990636,51923300,ORCL
2025-09-17,298.01336669921875,305.18166530350607,291.7052590996586,304.2225951798477,27707900,ORCL
2025-09-18,293.2773132324219,300.3961867745933,288.70938194855694,299.6249779886638,24673100,ORCL
2025-09-19,305.181640625,307.6040128877406,293.96943740456766,295.63049784307583,40776200,ORCL
2025-09-22,324.4520263671875,325.7868190657724,303.4612894757079,306.1407416634023,44437500,ORCL
2025-09-23,310.2933654785156,321.33750149874834,306.55596436033846,320.34877072490605,35280200,ORCL
2025-09-24,304.98388671875,308.9487067861154,296.6488935186844,308.3455653224429,33765300,ORCL
2025-09-25,288.0469055175781,295.3833006889265,285.2982353407082,291.9425069430677,39274900,ORCL
2025-09-26,280.265625,290.6868561133722,279.8108172791984,289.6981253102654,25990700,ORCL
2025-09-29,279.5735168457031,282.7572310712954,276.4589908407025,281.3927778069461,25778500,ORCL
2025-09-30,278.07061767578125,280.79952411500756,272.79079925868416,280.4930200060993,23880800,ORCL
2025-10-01,285.7530822753906,286.72201909436825,274.7485042554701,275.65811964363957,23378300,ORCL
2025-10-02,285.52569580078125,291.6459422221472,282.8264496974843,288.51165212768876,16215500,ORCL
2025-10-03,282.91546630859375,291.31967872389555,280.79956775832005,286.3364666784297,13688400,ORCL
2025-10-06,288.30401611328125,293.3366523650246,287.52291031704243,289.08512190952007,14076800,ORCL
2025-10-07,281.0368347167969,289.91564821956524,267.9460484974408,289.91564821956524,31723400,ORCL
2025-10-08,285.37738037109375,288.2446937039778,280.4040655714479,282.2035628990131,18982100,ORCL
2025-10-09,294.1230163574219,298.0947169293043,284.5157023918795,288.76469657903175,26479800,ORCL
2025-10-10,290.1612548828125,304.7802577521276,289.2203486595486,297.41133193393904,28895300,ORCL
2025-10-13,305.06744384765625,307.73174741807657,294.89553869091156,295.846389117684,21703700,ORCL
2025-10-14,296.1435241699219,301.51175787406083,289.19060013599903,300.6698722450941,17346200,ORCL
2025-10-15,300.7193908691406,308.03880572761994,296.0643100000334,301.9871613039397,13698900,ORCL
2025-10-16,310.009765625,319.45863403736973,300.1746387813038,302.68046730718675,32500900,ORCL
2025-10-17,288.5269775390625,301.37307030021026,284.75337866080514,300.8481348459811,37653000,ORCL
2025-10-20,274.5319519042969,286.47673420174976,272.6798217970078,286.1895264812807,32810700,ORCL
2025-10-21,272.5213623046875,277.6221559941788,269.65898749149005,275.453075630662,18370800,ORCL
2025-10-22,270.05517578125,274.5518118451394,266.6777492206355,272.1945440817873,16474000,ORCL
2025-10-23,277.3943786621094,280.3954305660964,269.78775624373066,270.3522878179626,16872200,ORCL
2025-10-24,280.62322998046875,284.4463696843837,279.55356092104,283.1885133474392,13194900,ORCL
2025-10-27,278.7116394042969,284.2581458564578,277.1368330944455,283.83226111517064,13855800,ORCL
2025-10-28,278.1470947265625,282.73286714510976,277.85988698630416,280.29637706570696,12448500,ORCL
2025-10-29,272.6699523925781,278.9295825147248,268.7577062357614,278.7711074225907,18007100,ORCL
2025-10-30,254.4358367919922,267.1828794578266,253.83164865983144,266.1726046001878,27954200,ORCL
2025-10-31,260.10113525390625,263.27057607604763,254.25750707498418,257.0307753508648,16898700,ORCL
2025-11-03,255.3866424560547,263.08240107211407,252.79166228431848,262.7060265565384,15709200,ORCL
2025-11-04,245.7991180419922,252.84119360389275,242.84759156013533,247.5918238760698,19772600,ORCL
2025-11-05,247.91868591308594,249.98871567900335,244.67002227563194,245.54162011939326,11991500,ORCL
2025-11-06,241.47088623046875,246.6905440901093,237.0039623527757,245.5713345860817,18678300,ORCL
2025-11-07,236.9742431640625,238.1033516601413,230.1302687857947,236.71673249408505,20969300,ORCL
2025-11-10,238.5292510986328,244.87801728821677,234.8051774075164,243.60033273981523,16698700,ORCL
2025-11-11,233.8939666748047,235.18155032216345,226.70332954954822,233.97320421912082,20686600,ORCL
2025-11-12,224.82147216796875,234.5476496180775,224.00929872703313,234.47832621700618,24195000,ORCL
2025-11-13,215.49148559570312,223.0089720665322,213.1639299154254,222.8405979490465,30009000,ORCL
2025-11-14,220.7210235595703,224.88089611946816,208.75642721348203,208.8158515894353,36053800,ORCL
2025-11-17,217.75958251953125,220.67149784050704,213.50065926480528,216.12535173148086,16143800,ORCL
2025-11-18,218.38357543945312,221.56290055000463,212.45079488745804,214.14446521670735,21098300,ORCL
2025-11-19,223.3754119873047,225.97037714437542,215.23394003612734,216.96722152015874,21679500,ORCL
2025-11-20,208.67718505859375,231.76449161269952,208.29091151042653,228.9516270510194,27459600,ORCL
2025-11-21,196.8611602783203,206.31992830704394,191.70094196863658,205.10168322376393,44834100,ORCL
2025-11-24,198.3666229248047,201.87281198242962,192.44375711290763,194.97929772349843,31144700,ORCL
2025-11-25,195.14768981933594,197.50495753246148,183.8566047732185,192.2258754104123,29595000,ORCL
2025-11-26,203.00193786621094,207.99378198410258,200.30792195718513,207.49855869366425,26544100,ORCL
2025-11-28,200.0206756591797,200.40694920512158,195.72214130423376,197.6039836843578,13848500,ORCL
2025-12-01,199.0203399658203,201.55588081499275,194.8208409887437,198.58454104867837,13461200,ORCL
2025-12-02,199.17881774902344,207.69664946019373,198.0893204413895,203.1802153722126,19664500,ORCL
2025-12-03,205.74546813964844,205.93365541187117,197.4950461419395,198.41616933939397,19060500,ORCL
2025-12-04,212.2824249267578,213.35210908512565,204.3489529767997,205.87423411503664,23316900,ORCL
2025-12-05,215.50135803222656,217.4030135582173,211.57918311967302,216.90779029270885,24208700,ORCL
2025-12-08,218.43307495117188,222.60286156616453,214.83776426034606,219.23534934963544,24711200,ORCL
2025-12-09,219.4136199951172,220.49320309264735,216.1946687518837,217.9279501905479,17643600,ORCL
2025-12-10,220.87948608398438,223.1674303758053,215.50136841567692,219.68105418699835,47928000,ORCL
2025-12-11,196.9503173828125,200.06031918010268,184.4508707012314,188.79893077949723,100612700,ORCL
2025-12-12,188.15513610839844,195.95985991601637,184.20324885348734,194.49398811107298,55201600,ORCL
2025-12-15,183.15338134765625,187.16469305403038,179.66700512419118,186.49118151502418,43897500,ORCL
2025-12-16,186.84774780273438,187.9867704773562,182.72750137181,182.93548669759113,32433500,ORCL
2025-12-17,176.75509643554688,184.71827997901767,175.37837634746248,181.55875309373388,50222000,ORCL
2025-12-18,178.31008911132812,182.994897006637,176.8739446531527,180.97439271788906,36297300,ORCL
2025-12-19,190.1360321044922,193.25593280159296,186.32280670757746,186.59023151713384,77008600,ORCL
2025-12-22,196.48480224609375,196.90078800644136,190.98782056825766,194.93970796108377,27148000,ORCL
2025-12-23,193.4738311767578,195.316062418809,190.35393049711385,194.5534143210902,18301600,ORCL
2025-12-24,195.60330200195312,196.38574815633484,192.5626237241445,193.13708455844431,9282700,ORCL
2025-12-26,196.09852600097656,198.45577861080451,194.2364815736537,196.16784940358133,11262000,ORCL
2025-12-29,193.51345825195312,196.61354578036116,190.79962917343738,192.30511221146926,14748100,ORCL
2025-12-30,195.3259735107422,196.48479417690953,193.8403036649356,194.18695089448133,14197400,ORCL
2025-12-31,193.04794311523438,195.31605909352973,192.86965487522457,194.543511983856,10341500,ORCL
2026-01-02,193.84030151367188,196.69277730911313,192.3546316843534,195.58348200605346,14540700,ORCL
2026-01-05,190.75009155273438,199.7631609248871,190.492580898364,196.4451590395415,22635500,ORCL
2026-01-06,191.89903259277344,193.0182421093506,188.87816737967754,190.7203986970888,16474500,ORCL
2026-01-07,190.99771118164062,193.80067676262001,190.16573969758733,193.43421637124263,11171200,ORCL
2026-01-08,187.8381805419922,189.12576406848842,184.37161764689495,189.0564406693542,19468500,ORCL
2026-01-09,197.14321899414062,198.79169496774762,187.47076284555214,190.33079418293443,26152700,ORCL
2026-01-12,203.26048278808594,205.1671804148495,195.6436780851804,196.22959779537723,25428500,ORCL
2026-01-13,200.88705444335938,206.35885071854582,199.26836926262408,203.5782664871527,15857400,ORCL
2026-01-14,192.26727294921875,200.2812978562516,189.4866885304706,200.2812978562516,22473200,ORCL
2026-01-15,188.53334045410156,193.6575428196889,188.07652402213682,193.6575428196889,16418600,ORCL
2026-01-16,189.76473999023438,190.5393292852399,185.23636714159738,188.59293085526497,19224700,ORCL
2026-01-20,178.6721954345703,185.89177990210453,178.11608163815959,185.89177990210453,29129500,ORCL
2026-01-21,172.67410278320312,179.34749908468692,169.416851630451,178.43386618428758,38190000,ORCL
2026-01-22,176.9442596435547,178.91053864492068,175.27591823350863,178.12600905215297,21141900,ORCL
2026-01-23,175.9313507080078,178.40407218084573,170.8071330789283,171.42282836084536,23011300,ORCL
2026-01-26,181.17474365234375,184.0248347654861,177.2918566665803,177.85791087324176,21100400,ORCL
2026-01-27,173.68701171875,178.47359089439897,172.47547156030626,177.94726781033333,27093700,ORCL
2026-01-28,171.60157775878906,180.41998171163897,170.66809454586277,173.7068700072003,35882700,ORCL
2026-01-29,167.83786010742188,169.04940025810197,160.3998151750428,168.96995326345484,37254500,ORCL
2026-01-30,163.43858337402344,167.7286148207701,162.10788036785846,167.0036818626301,27362400,ORCL
2026-02-02,158.94993591308594,170.01267623587165,158.89035445463986,169.73461932781322,47421000,ORCL
2026-02-03,153.59732055664062,158.27466212008704,150.84652700121748,157.16241931422803,43260100,ORCL
2026-02-04,145.65280151367188,152.87238631301568,143.42833107282857,152.822730046133,42323400,ORCL
2026-02-05,135.53347778320312,145.53364745406353,134.31201233895845,144.59023893772877,42789000,ORCL
2026-02-06,141.8295135498047,142.20686784727977,137.94662677669297,138.78079752222578,29962400,ORCL
2026-02-09,155.50399780273438,158.6420858927868,145.9805109623766,147.4601828210762,49936500,ORCL
2026-02-10,158.78111267089844,164.2429684656548,155.87144040275126,158.89035039291215,40092200,ORCL
2026-02-11,156.07005310058594,162.52497370070802,152.93196498750734,162.52497370070802,24538900,ORCL
2026-02-12,155.39476013183594,157.93700334130293,151.44236686564787,156.8347009173426,23285400,ORCL
2026-02-13,159.02938842773438,161.17441192402597,154.21301832999148,158.1455614065261,18597000,ORCL
2026-02-17,152.9021759033203,158.17534713351662,151.81973899698275,156.88435996901177,19610800,ORCL
2026-02-18,155.08692932128906,156.20909740381583,150.32021521001258,153.3391407134398,14801100,ORCL
2026-02-19,155.454345703125,158.9698033224978,154.68969677344117,156.0998468674784,14976300,ORCL
2026-02-20,147.0530242919922,152.9220403734579,146.36780721660742,152.23682329807312,29621900,ORCL
2026-02-23,140.32997131347656,144.78883730271278,137.62883409835757,144.67959957883056,31749800,ORCL
2026-02-24,145.12648010253906,145.7421753907146,137.76786676245285,139.8632339642692,21336600,ORCL
2026-02-25,146.8643341064453,152.2169520959094,146.31814550487462,148.12553048589686,27303900,ORCL
2026-02-26,149.26754760742188,151.44236165168095,144.1433302912175,147.7580850714079,20652200,ORCL
2026-02-27,144.3916015625,145.06689343918134,141.11450016934114,142.8821541260872,36425200,ORCL
2026-03-02,148.21490478515625,149.12852248038405,140.2008654741037,140.63781636159624,22418800,ORCL
2026-03-03,147.97657775878906,149.8832603224921,142.0579201418087,143.74612724116352,20120800,ORCL
2026-03-04,151.31326293945312,152.5446686180396,148.06595229240406,148.96962964986253,17585400,ORCL
2026-03-05,153.7164764404297,156.84463930047102,149.07886616425014,151.5317371566805,24094800,ORCL
2026-03-06,151.89918518066406,158.08597410034844,150.56846694887784,151.85945410648029,38000600,ORCL
2026-03-09,150.50888061523438,150.94583149931196,145.41445395318397,149.65484438352757,31173500,ORCL
2026-03-10,148.36386108398438,153.0709932476736,147.42045264344006,152.55459535748406,51544600,ORCL
2026-03-11,161.98870849609375,170.56878687048746,159.4663308334791,165.22610910561966,83247500,ORCL
2026-03-12,158.0561981201172,166.66606816762652,157.51000944636058,163.5180545517503,37133700,ORCL
2026-03-13,154.03427124023438,159.65502126202176,153.08092242987794,157.94694871015022,26350400,ORCL
2026-03-16,154.8883056640625,157.63909918259674,153.43842450487054,154.97767785219324,21607700,ORCL
2026-03-17,153.6171875,157.81784711953617,152.4354380315028,154.3619860571572,23929500,ORCL
2026-03-18,151.83958435058594,153.89523552297797,150.98554811494398,152.3361166933321,18051100,ORCL
2026-03-19,154.44143676757812,155.83172137983988,147.8574125150856,149.41653147230454,22046100,ORCL
2026-03-20,148.6419219970703,152.1871703681397,146.92392425140545,151.98856045208595,37551400,ORCL
2026-03-23,153.2696075439453,154.69962318664022,149.66479286036432,150.36986033646522,19927900,ORCL
2026-03-24,146.06988525390625,152.83265353678863,145.83155942026704,151.93890135471162,26122100,ORCL
2026-03-25,145.00732421875,148.80082381974464,143.59717404172306,148.19505369448265,20683800,ORCL
2026-03-26,141.81956481933594,145.45418519235682,141.5514331123519,142.89207649430756,16961900,ORCL
2026-03-27,138.69142150878906,140.707341664734,137.34085289245976,139.95260278465986,17929600,ORCL
2026-03-30,137.83738708496094,140.2207363676544,136.00021127953437,139.06877764806765,20125700,ORCL
2026-03-31,146.08975219726562,146.37773430000672,138.88010775394596,139.32698384928602,24492000,ORCL
2026-04-01,144.22279357910156,148.6121380829445,143.66667972746043,148.05602423130335,20495900,ORCL
2026-04-02,145.3648223876953,145.42440384798874,139.3269869128592,141.7897832404353,14381900,ORCL
2026-04-06,144.53062438964844,147.51975872325687,142.85235783762272,146.4174563411783,12556700,ORCL
2026-04-07,142.1770782470703,143.56737798697142,138.96948335173397,142.78284834987056,17250400,ORCL
2026-04-08,142.66368103027344,150.40958886157495,141.90894214666574,149.25763015193746,23527000,ORCL
2026-04-09,137.38204956054688,142.30492535649793,135.52849744316222,141.70699943248175,30407800,ORCL
2026-04-10,137.6112518310547,139.6840424992646,134.10346627490406,136.84393229395891,26171800,ORCL
2026-04-13,155.08047485351562,155.3694779653856,139.23560477896012,139.28543447471924,49997700,ORCL
2026-04-14,162.4348907470703,168.81269632594982,160.99988069035047,167.34779149353895,59779800,ORCL
2026-04-15,169.22128295898438,171.9617489788171,165.63377292928178,166.31140813717766,43010800,ORCL
2026-04-16,177.72171020507812,179.64502700380305,173.19745660129092,175.80836846916668,46997300,ORCL
2026-04-17,174.4530792236328,183.86035396799997,172.75897602228687,182.29578972754894,45282600,ORCL
2026-04-20,176.96435546875,177.1437241337477,172.90845832122835,176.19702069918586,22330900,ORCL
2026-04-21,180.54190063476562,184.69744185391838,175.39978616849046,177.73168518842633,39638000,ORCL
2026-04-22,186.84996032714844,188.52412867285312,182.16625769612565,185.53452930761875,32448800,ORCL
2026-04-23,175.66885375976562,181.25940506244572,173.47648397959247,179.77456526841104,37084200,ORCL
2026-04-24,172.67926025390625,180.08350934705402,168.21479607095443,179.88419055553038,33215000,ORCL
2026-04-27,172.36036682128906,172.9483176843477,167.31789670409404,171.98167938805025,21616600,ORCL
2026-04-28,165.3846435546875,168.1151345761582,161.48819539973903,161.59781465135282,33716500,ORCL
2026-04-29,163.26202392578125,164.18879243452346,160.0930406767096,163.47128736703132,20587500,ORCL
2026-04-30,160.83047485351562,164.60732857559,159.77415221061997,161.45829556636002,21016400,ORCL
2026-05-01,171.23428344726562,173.69572140707442,165.5739675636214,165.8430357567767,26318000,ORCL
2026-05-04,179.66494750976562,182.86382547986815,173.65585407967757,175.40976208307873,33504500,ORCL
2026-05-05,184.70741271972656,185.87335460025724,178.3794215704854,181.49857498114957,23497200,ORCL
2026-05-06,193.35731506347656,193.61640819386528,182.0366985044076,185.55445911068674,27685500,ORCL
2026-05-07,193.91537475585938,199.4560964296715,190.13852094922035,197.92144212666506,31803200,ORCL
2026-05-08,195.27066040039062,197.31355632268708,189.55057006502687,191.91234867633833,21158300,ORCL
2026-05-11,193.16796875,195.00158596942157,189.93921129968984,191.48382541035645,16890600,ORCL
2026-05-12,186.18228149414062,192.25116444316905,180.24293750852308,192.25116444316905,22123400,ORCL
2026-05-13,189.10211181640625,190.90584946443576,184.4184093808476,188.37464692554053,15789300,ORCL
2026-05-14,194.9318389892578,200.014163847459,184.807059111885,187.5275901989538,22545000,ORCL
2026-05-15,192.2810516357422,195.74898244041898,188.2450896858239,189.82958881387833,15747100,ORCL
2026-05-18,185.96304321289062,190.09864951363005,182.6346262937408,189.34128982843612,19114300,ORCL
2026-05-19,180.83090209960938,188.06572689480225,180.30272556987043,185.3551556600763,16717700,ORCL
2026-05-20,187.50767517089844,187.56746472504855,178.18012457626247,179.31617172278084,16517200,ORCL
2026-05-21,189.11209106445312,192.15152006737793,186.5509936929414,188.3547161750033,12119700,ORCL
2026-05-22,191.41407775878906,196.3170187370588,190.43747958820265,191.0054955424612,10875800,ORCL
2026-05-26,192.3906707763672,194.52325092368912,189.89933811800566,192.6298441856895,12856100,ORCL
2026-05-27,190.2979736328125,191.4738754300888,187.2685043953512,190.81615991336366,12126000,ORCL
2026-05-28,202.99378967285156,204.28928574558662,192.70957597555034,193.36727626586583,25339900,ORCL
2026-05-29,224.9972381591797,225.50546455715485,207.28884102481334,208.27541425064666,41082200,ORCL
2026-06-01,247.28968811035156,249.3824137486397,223.82134525496076,229.70088459165413,48390000,ORCL
2026-06-02,243.73207092285156,248.13674546339882,238.01196537258744,241.95824319584935,30294800,ORCL
2026-06-03,229.53146362304688,239.67616296732885,226.82089245871197,239.64626819172787,23644700,ORCL
2026-06-04,235.5206298828125,238.12158188953796,223.22341504281357,226.2130143514227,19993800,ORCL
2026-06-05,212.93917846679688,230.63761546923837,208.72384785085606,228.69437902968323,29019900,ORCL
2026-06-08,211.0856475830078,218.3005374625011,208.60427470114743,216.99508154036687,17227200,ORCL
2026-06-09,205.0964813232422,219.73555545521918,197.1042813524375,213.16840576925884,26040700,ORCL
2026-06-10,200.56224060058594,211.74334288511918,197.49291691405838,197.81181479593093,46108300,ORCL
2026-06-11,183.4617462158203,184.12942155509757,174.67231714634136,179.0470967618207,63678500,ORCL
2026-06-12,183.49163818359375,184.93660808713287,178.37941869260862,184.36857694107326,29562300,ORCL
2026-06-15,191.97213745117188,194.6428540895421,185.56443686107608,186.74033863051216,20279900,ORCL
2026-06-16,187.6770782470703,194.64285000480032,187.0094029029616,189.35124653572112,16985500,ORCL
2026-06-17,182.8937225341797,189.53063677139517,181.94701911013038,185.51460950906105,16616600,ORCL
2026-06-18,183.6510772705078,187.33826188438044,177.08392782803517,182.3755161261877,31386100,ORCL
2026-06-22,174.4630584716797,183.9400828522113,173.79536790830892,181.6779484399822,22935400,ORCL
2026-06-23,164.58740234375,173.72560859622362,164.03930612455187,169.6398170049876,33327900,ORCL
2026-06-24,156.98385620117188,165.1753594043948,154.81142136725865,161.9166919476368,38305000,ORCL
2026-06-25,151.9314422607422,157.07354147130096,149.83871668017542,156.80448848405618,36844400,ORCL
2026-06-26,148.0150604248047,153.00768579174587,147.48689909721142,149.73905843363008,36532100,ORCL
2026-06-29,147.2477264404297,153.96436505683477,144.69660411903206,153.40630894976508,34310300,ORCL
2026-06-30,146.04193115234375,149.41020274352846,143.97910030394291,146.73950129218147,35926900,ORCL
2026-07-01,142.00596618652344,147.03846136273228,142.00596618652344,143.98907252177435,45964000,ORCL
2026-07-02,139.78370666503906,146.55015993984455,138.3486965222042,142.80320083813373,44166700,ORCL
2026-07-06,143.2615966796875,145.11514890176613,140.6706196763433,143.79973308287512,36683000,ORCL
2026-07-07,141.1090850830078,145.05534742111888,137.07312321448111,143.22173026995844,47200000,ORCL
2026-07-08,140.00294494628906,141.34825554862542,137.0731351103418,138.5778946629353,34607300,ORCL
2026-07-09,143.72000122070312,148.553192714378,140.45137395281776,140.9297055709286,35221900,ORCL
2026-07-10,140.63999938964844,145.67999267578125,139.25999450683594,145.64999389648438,29843300,ORCL
2026-07-13,131.5399932861328,139.64999389648438,131.35000610351562,139.02999877929688,56690300,ORCL
2026-07-14,127.94000244140625,132.75999450683594,127.5999984741211,132.0,52670400,ORCL
2026-07-15,132.49000549316406,133.89999389648438,128.83999633789062,130.55999755859375,48520400,ORCL
2026-07-16,124.20999908447266,131.77999877929688,123.66000366210938,131.47999572753906,54780900,ORCL
2026-07-17,126.41000366210938,128.44000244140625,121.5,121.69999694824219,39917100,ORCL
2026-07-20,121.37999725341797,125.48999786376953,120.02999877929688,124.2699966430664,36793200,ORCL
2026-07-21,127.05000305175781,127.41999816894531,122.20999908447266,122.80999755859375,27748100,ORCL
2026-07-22,125.83999633789062,128.83999633789062,124.69999694824219,126.18000030517578,21096700,ORCL
2026-07-23,120.04000091552734,124.69999694824219,119.44000244140625,123.95999908447266,30900600,ORCL
2026-07-24,114.98999786376953,123.08000183105469,114.75,122.47000122070312,46405700,ORCL
2026-07-27,119.9000015258789,121.98999786376953,116.80000305175781,118.0,36916600,ORCL
2026-07-28,119.95999908447266,122.33000183105469,114.5,118.18000030517578,32665400,ORCL
2026-07-29,117.73999786376953,121.91999816894531,116.19999694824219,119.41999816894531,28081800,ORCL
2026-07-30,127.55999755859375,128.33999633789062,121.58000183105469,122.87000274658203,41338400,ORCL
2026-07-31,129.8699951171875,132.39999389648438,125.69999694824219,130.07000732421875,34438700,ORCL
2026-08-03,141.85000610351562,143.07000732421875,130.2100067138672,131.9199981689453,49696900,ORCL
2026-08-04,145.74000549316406,148.6999969482422,141.00999450683594,141.00999450683594,43723500,ORCL
2026-08-05,144.38999938964844,146.38999938964844,142.5,145.0,23524100,ORCL
2026-08-06,143.47000122070312,146.5800018310547,138.72000122070312,139.25,23073300,ORCL
2026-08-07,147.02000427246094,147.16000366210938,142.33999633789062,145.32000732421875,22874000,ORCL
2026-08-10,151.0500030517578,151.99000549316406,146.6199951171875,148.25999450683594,24265000,ORCL
2026-08-11,145.47999572753906,151.99000549316406,144.24000549316406,151.1999969482422,28761800,ORCL
2026-08-12,153.27999877929688,154.88999938964844,147.88999938964844,152.80999755859375,43559400,ORCL
2026-08-13,156.22000122070312,159.25999450683594,151.91000366210938,151.97999572753906,25740000,ORCL
2026-08-14,150.52000427246094,156.38999938964844,148.8000030517578,155.83999633789062,21905500,ORCL
2026-08-17,146.64999389648438,150.39999389648438,145.5,148.4499969482422,20668000,ORCL
2026-08-18,142.7899932861328,146.0,142.35000610351562,143.25,19152300,ORCL
2026-08-19,143.80999755859375,146.0800018310547,137.42999267578125,142.6999969482422,26552900,ORCL
2026-08-20,142.07000732421875,145.9199981689453,141.02000427246094,144.3000030517578,15184400,ORCL
2026-08-21,146.47000122070312,148.35000610351562,142.60000610351562,143.72000122070312,19635000,ORCL
2026-08-24,142.4499969482422,145.1199951171875,141.25,145.1199951171875,14158600,ORCL
2026-08-25,144.75999450683594,146.33999633789062,142.50999450683594,143.3000030517578,13329400,ORCL
2026-08-26,148.8699951171875,151.6300048828125,146.8300018310547,147.0,18426100,ORCL
2026-08-27,151.94000244140625,153.8300018310547,147.52000427246094,152.11000061035156,30251400,ORCL
2026-08-28,150.85000610351562,153.99000549316406,149.7100067138672,153.60000610351562,17800000,ORCL
2026-08-31,149.1199951171875,151.25999450683594,147.75,149.30999755859375,16118900,ORCL
2026-09-01,141.32000732421875,146.7899932861328,139.9499969482422,146.75,25443300,ORCL
2026-09-02,145.75,146.69000244140625,139.72000122070312,140.25999450683594,21906700,ORCL
2026-09-03,154.0399932861328,156.77000427246094,146.9199981689453,147.27000427246094,25101700,ORCL
2026-09-04,158.77999877929688,159.6999969482422,156.7100067138672,159.4600067138672,26511300,ORCL
2026-09-08,162.52000427246094,170.6999969482422,161.16000366210938,167.60000610351562,37662800,ORCL
2026-09-09,161.6300048828125,165.14999389648438,160.36000061035156,163.5399932861328,27464600,ORCL
2026-09-10,152.94000244140625,159.24000549316406,152.52000427246094,158.3800048828125,56824700,ORCL
2026-09-11,150.27999877929688,166.0,149.83999633789062,164.42999267578125,80438600,ORCL
2026-09-14,144.7899932861328,145.3300018310547,141.00999450683594,141.4199981689453,42159700,ORCL
2026-09-15,140.35000610351562,144.8800048828125,140.02000427246094,143.4600067138672,31552700,ORCL
2026-09-16,143.16000366210938,146.52000427246094,139.0,140.02999877929688,34366400,ORCL
2026-09-17,150.58999633789062,152.0,146.14999389648438,146.75,27742400,ORCL
2026-09-18,147.61000061035156,150.89999389648438,144.39999389648438,150.47000122070312,39324900,ORCL
2026-09-21,148.55999755859375,149.97999572753906,146.16000366210938,148.92999267578125,22418300,ORCL
2026-09-22,149.1999969482422,153.60000610351562,148.60000610351562,151.25,31260000,ORCL
2026-09-23,144.55999755859375,148.66000366210938,144.22999572753906,148.3000030517578,22682300,ORCL
2026-09-24,139.5399932861328,140.33999633789062,133.47999572753906,137.32000732421875,56629400,ORCL
2026-09-25,137.10000610351562,140.8800048828125,136.9199981689453,138.57000732421875,23671000,ORCL
2026-09-28,132.60000610351562,135.69000244140625,131.5800018310547,132.72999572753906,36060100,ORCL
2026-09-29,137.7899932861328,143.6699981689453,132.52999877929688,132.7899932861328,45709700,ORCL
2026-09-30,137.3000030517578,138.5,134.75,136.5399932861328,22321600,ORCL
2026-10-01,138.07000732421875,140.25,135.3300018310547,139.60000610351562,25459100,ORCL
2026-10-02,142.3000030517578,144.86000061035156,140.25999450683594,142.08999633789062,35409300,ORCL
2026-10-05,142.47999572753906,146.66000366210938,142.3699951171875,142.52999877929688,18069600,ORCL
2026-10-06,144.77000427246094,146.94000244140625,143.86000061035156,143.92999267578125,19996700,ORCL
